ISO-10303-21;
HEADER;
FILE_DESCRIPTION (( 'STEP AP214' ),
    '1' );
FILE_NAME ('009_001_Underside_front.STEP',
    '2024-07-21T08:23:52',
    ( '' ),
    ( '' ),
    'SwSTEP 2.0',
    'SolidWorks 2019',
    '' );
FILE_SCHEMA (( 'AUTOMOTIVE_DESIGN' ));
ENDSEC;

DATA;
#1 = ORIENTED_EDGE ( 'NONE', *, *, #3641, .T. ) ;
#2 = FACE_OUTER_BOUND ( 'NONE', #2350, .T. ) ;
#3 = AXIS2_PLACEMENT_3D ( 'NONE', #712, #3716, #3788 ) ;
#4 = ADVANCED_FACE ( 'NONE', ( #1980 ), #1303, .T. ) ;
#5 = DIRECTION ( 'NONE',  ( 1.000000000000000000, 0.000000000000000000, -0.000000000000000000 ) ) ;
#6 = ORIENTED_EDGE ( 'NONE', *, *, #46, .F. ) ;
#7 = CARTESIAN_POINT ( 'NONE',  ( -97.49999999999998579, 14.99999999999998934, -22.29999999999996874 ) ) ;
#8 = ORIENTED_EDGE ( 'NONE', *, *, #1797, .F. ) ;
#9 = VECTOR ( 'NONE', #205, 1000.000000000000000 ) ;
#10 = CARTESIAN_POINT ( 'NONE',  ( 0.000000000000000000, 0.000000000000000000, 0.000000000000000000 ) ) ;
#11 = VERTEX_POINT ( 'NONE', #3708 ) ;
#12 = DIRECTION ( 'NONE',  ( 0.000000000000000000, 0.000000000000000000, 1.000000000000000000 ) ) ;
#13 = EDGE_CURVE ( 'NONE', #84, #2916, #2004, .T. ) ;
#14 = VERTEX_POINT ( 'NONE', #2741 ) ;
#15 = LINE ( 'NONE', #2007, #4250 ) ;
#16 = EDGE_LOOP ( 'NONE', ( #289, #4096 ) ) ;
#17 = DIRECTION ( 'NONE',  ( -0.000000000000000000, -0.000000000000000000, 1.000000000000000000 ) ) ;
#18 = CARTESIAN_POINT ( 'NONE',  ( -39.00000000000000000, 24.49999999999999289, 9.500000000000000000 ) ) ;
#19 = CARTESIAN_POINT ( 'NONE',  ( -37.50000000000000000, -24.50000000000001066, 9.500000000000000000 ) ) ;
#20 = DIRECTION ( 'NONE',  ( 0.000000000000000000, -0.000000000000000000, -1.000000000000000000 ) ) ;
#21 = VERTEX_POINT ( 'NONE', #3098 ) ;
#22 = AXIS2_PLACEMENT_3D ( 'NONE', #1643, #709, #2764 ) ;
#23 = CARTESIAN_POINT ( 'NONE',  ( 42.50000000000000000, -28.00000000000001066, 5.000000000000000000 ) ) ;
#24 = VECTOR ( 'NONE', #4088, 1000.000000000000000 ) ;
#25 = VECTOR ( 'NONE', #2212, 1000.000000000000000 ) ;
#26 = CYLINDRICAL_SURFACE ( 'NONE', #36, 3.550000000000000711 ) ;
#27 = EDGE_LOOP ( 'NONE', ( #4205, #1936, #1420, #1950 ) ) ;
#28 = DIRECTION ( 'NONE',  ( 1.000000000000000000, -2.312964634635742957E-16, -0.000000000000000000 ) ) ;
#29 = ORIENTED_EDGE ( 'NONE', *, *, #3996, .T. ) ;
#30 = PRESENTATION_STYLE_ASSIGNMENT (( #3097 ) ) ;
#31 = DIRECTION ( 'NONE',  ( -0.000000000000000000, 0.000000000000000000, -1.000000000000000000 ) ) ;
#32 = CARTESIAN_POINT ( 'NONE',  ( -35.50000000000001421, -14.72499999999999787, 5.000000000000000000 ) ) ;
#33 = EDGE_LOOP ( 'NONE', ( #3114, #1703 ) ) ;
#34 = CARTESIAN_POINT ( 'NONE',  ( -35.50000000000000711, 24.49999999999999289, 10.00000000000000000 ) ) ;
#35 = VERTEX_POINT ( 'NONE', #3480 ) ;
#36 = AXIS2_PLACEMENT_3D ( 'NONE', #1786, #719, #2079 ) ;
#37 = AXIS2_PLACEMENT_3D ( 'NONE', #1079, #28, #1748 ) ;
#38 = CARTESIAN_POINT ( 'NONE',  ( -52.00000000000000711, 7.000000000000012434, -6.149999999999993250 ) ) ;
#39 = AXIS2_PLACEMENT_3D ( 'NONE', #608, #2961, #4023 ) ;
#40 = DIRECTION ( 'NONE',  ( -0.000000000000000000, -0.000000000000000000, 1.000000000000000000 ) ) ;
#41 = CIRCLE ( 'NONE', #1965, 3.550000000000001155 ) ;
#42 = CIRCLE ( 'NONE', #2901, 2.750000000000002665 ) ;
#43 = DIRECTION ( 'NONE',  ( 0.000000000000000000, -0.000000000000000000, -1.000000000000000000 ) ) ;
#44 = ORIENTED_EDGE ( 'NONE', *, *, #4196, .F. ) ;
#45 = PLANE ( 'NONE',  #695 ) ;
#46 = EDGE_CURVE ( 'NONE', #3362, #2752, #2416, .T. ) ;
#47 = FACE_OUTER_BOUND ( 'NONE', #2227, .T. ) ;
#48 = ORIENTED_EDGE ( 'NONE', *, *, #3501, .T. ) ;
#49 = CARTESIAN_POINT ( 'NONE',  ( -45.55000000000000426, 10.07499999999999751, 11.77500000000002345 ) ) ;
#50 = VERTEX_POINT ( 'NONE', #1121 ) ;
#51 = LINE ( 'NONE', #4157, #4435 ) ;
#52 = LINE ( 'NONE', #1061, #2747 ) ;
#53 = VERTEX_POINT ( 'NONE', #2761 ) ;
#54 = EDGE_CURVE ( 'NONE', #2533, #3303, #2846, .T. ) ;
#55 = FACE_OUTER_BOUND ( 'NONE', #2284, .T. ) ;
#56 = EDGE_CURVE ( 'NONE', #14, #600, #1752, .T. ) ;
#57 = EDGE_LOOP ( 'NONE', ( #728, #2123, #1352, #1083 ) ) ;
#58 = EDGE_CURVE ( 'NONE', #3983, #1975, #3861, .T. ) ;
#59 = CARTESIAN_POINT ( 'NONE',  ( -47.49999999999999289, -15.00000000000000178, -22.29999999999997584 ) ) ;
#60 = DIRECTION ( 'NONE',  ( 0.000000000000000000, 0.000000000000000000, -1.000000000000000000 ) ) ;
#61 = ORIENTED_EDGE ( 'NONE', *, *, #2755, .T. ) ;
#62 = CARTESIAN_POINT ( 'NONE',  ( -42.50000000000000000, -28.00000000000001066, -26.00000000000008527 ) ) ;
#63 = EDGE_CURVE ( 'NONE', #4353, #1615, #2273, .T. ) ;
#64 = AXIS2_PLACEMENT_3D ( 'NONE', #1547, #1217, #575 ) ;
#65 = EDGE_CURVE ( 'NONE', #4027, #3995, #3440, .T. ) ;
#66 = FACE_OUTER_BOUND ( 'NONE', #1192, .T. ) ;
#67 = AXIS2_PLACEMENT_3D ( 'NONE', #1073, #699, #3069 ) ;
#68 = EDGE_LOOP ( 'NONE', ( #1713, #4400, #2828, #3369 ) ) ;
#69 = ADVANCED_FACE ( 'NONE', ( #368 ), #1790, .F. ) ;
#70 = CARTESIAN_POINT ( 'NONE',  ( -97.50000000000000000, -10.05000000000000071, 0.000000000000000000 ) ) ;
#71 = VECTOR ( 'NONE', #2637, 1000.000000000000000 ) ;
#72 = LINE ( 'NONE', #3432, #2962 ) ;
#73 = ORIENTED_EDGE ( 'NONE', *, *, #2351, .F. ) ;
#74 = VECTOR ( 'NONE', #1933, 1000.000000000000000 ) ;
#75 = DIRECTION ( 'NONE',  ( 0.000000000000000000, 0.000000000000000000, -1.000000000000000000 ) ) ;
#76 = ORIENTED_EDGE ( 'NONE', *, *, #1470, .F. ) ;
#77 = AXIS2_PLACEMENT_3D ( 'NONE', #1569, #4316, #1196 ) ;
#78 = CARTESIAN_POINT ( 'NONE',  ( 33.57000000000000028, -19.96000000000001151, -4.949747468305842446 ) ) ;
#79 = DIRECTION ( 'NONE',  ( 0.000000000000000000, 0.000000000000000000, -1.000000000000000000 ) ) ;
#80 = ORIENTED_EDGE ( 'NONE', *, *, #2113, .F. ) ;
#81 = VERTEX_POINT ( 'NONE', #2483 ) ;
#82 = EDGE_CURVE ( 'NONE', #218, #3418, #3151, .T. ) ;
#83 = CARTESIAN_POINT ( 'NONE',  ( -43.54999999999999716, -13.00000000000000000, 25.00000000000000000 ) ) ;
#84 = VERTEX_POINT ( 'NONE', #2467 ) ;
#85 = CARTESIAN_POINT ( 'NONE',  ( -45.55000000000000426, 0.000000000000000000, 0.000000000000000000 ) ) ;
#86 = ADVANCED_FACE ( 'NONE', ( #1099, #2107 ), #2143, .T. ) ;
#87 = DIRECTION ( 'NONE',  ( 0.000000000000000000, 0.000000000000000000, -1.000000000000000000 ) ) ;
#88 = DIRECTION ( 'NONE',  ( -0.000000000000000000, -0.000000000000000000, -1.000000000000000000 ) ) ;
#89 = PLANE ( 'NONE',  #253 ) ;
#90 = ORIENTED_EDGE ( 'NONE', *, *, #383, .F. ) ;
#91 = VECTOR ( 'NONE', #2410, 1000.000000000000000 ) ;
#92 = DIRECTION ( 'NONE',  ( -1.000000000000000000, 0.000000000000000000, 0.000000000000000000 ) ) ;
#93 = ORIENTED_EDGE ( 'NONE', *, *, #392, .T. ) ;
#94 = CIRCLE ( 'NONE', #3312, 1.750000000000001554 ) ;
#95 = VECTOR ( 'NONE', #2762, 1000.000000000000000 ) ;
#96 = CARTESIAN_POINT ( 'NONE',  ( -65.01666049839521122, -13.00000000000000000, 46.55962692055163643 ) ) ;
#97 = CARTESIAN_POINT ( 'NONE',  ( -48.25000000000000711, -6.999999999999988454, -6.149999999999995026 ) ) ;
#98 = ORIENTED_EDGE ( 'NONE', *, *, #2232, .F. ) ;
#99 = EDGE_CURVE ( 'NONE', #50, #705, #1402, .T. ) ;
#100 = VERTEX_POINT ( 'NONE', #3178 ) ;
#101 = CARTESIAN_POINT ( 'NONE',  ( -47.50000000000000711, -6.999999999999988454, -16.14999999999999858 ) ) ;
#102 = CARTESIAN_POINT ( 'NONE',  ( 1.820000000000003171, 20.03999999999998494, 0.000000000000000000 ) ) ;
#103 = DIRECTION ( 'NONE',  ( -0.000000000000000000, 1.000000000000000000, -0.000000000000000000 ) ) ;
#104 = AXIS2_PLACEMENT_3D ( 'NONE', #840, #513, #175 ) ;
#105 = AXIS2_PLACEMENT_3D ( 'NONE', #659, #948, #4114 ) ;
#106 = CIRCLE ( 'NONE', #3411, 1.500000000000001332 ) ;
#107 = DIRECTION ( 'NONE',  ( 0.000000000000000000, 0.000000000000000000, 1.000000000000000000 ) ) ;
#108 = AXIS2_PLACEMENT_3D ( 'NONE', #599, #1284, #3569 ) ;
#109 = DIRECTION ( 'NONE',  ( 1.000000000000000000, 0.000000000000000000, 0.000000000000000000 ) ) ;
#110 = AXIS2_PLACEMENT_3D ( 'NONE', #225, #173, #3214 ) ;
#111 = ADVANCED_FACE ( 'NONE', ( #116 ), #4119, .T. ) ;
#112 = DIRECTION ( 'NONE',  ( 0.000000000000000000, 1.000000000000000000, 0.000000000000000000 ) ) ;
#113 = ORIENTED_EDGE ( 'NONE', *, *, #1780, .T. ) ;
#114 = DIRECTION ( 'NONE',  ( -0.000000000000000000, -0.000000000000000000, 1.000000000000000000 ) ) ;
#115 = VERTEX_POINT ( 'NONE', #2823 ) ;
#116 = FACE_OUTER_BOUND ( 'NONE', #3967, .T. ) ;
#117 = EDGE_CURVE ( 'NONE', #3153, #4176, #724, .T. ) ;
#118 = CARTESIAN_POINT ( 'NONE',  ( -84.01999999999999602, -10.05000000000000071, -17.30000000000005755 ) ) ;
#119 = ORIENTED_EDGE ( 'NONE', *, *, #1939, .T. ) ;
#120 = CYLINDRICAL_SURFACE ( 'NONE', #1953, 1.899999999999998135 ) ;
#121 = ORIENTED_EDGE ( 'NONE', *, *, #3636, .T. ) ;
#122 = EDGE_CURVE ( 'NONE', #2305, #1608, #3496, .T. ) ;
#123 = CYLINDRICAL_SURFACE ( 'NONE', #2464, 1.750000000000000666 ) ;
#124 = DIRECTION ( 'NONE',  ( -0.000000000000000000, -0.000000000000000000, 1.000000000000000000 ) ) ;
#125 = CARTESIAN_POINT ( 'NONE',  ( -74.51833024919777415, 14.24999999999999822, -12.30000000000005755 ) ) ;
#126 = FACE_OUTER_BOUND ( 'NONE', #555, .T. ) ;
#127 = LINE ( 'NONE', #2878, #4437 ) ;
#128 = CARTESIAN_POINT ( 'NONE',  ( -48.25000000000000711, 10.55000000000001315, -16.14999999999999858 ) ) ;
#129 = EDGE_CURVE ( 'NONE', #3134, #1427, #51, .T. ) ;
#130 = ADVANCED_FACE ( 'NONE', ( #3136 ), #765, .F. ) ;
#131 = EDGE_CURVE ( 'NONE', #391, #3334, #2490, .T. ) ;
#132 = CARTESIAN_POINT ( 'NONE',  ( -74.51833024919777415, -10.49999999999999822, 9.700000000000025935 ) ) ;
#133 = ORIENTED_EDGE ( 'NONE', *, *, #2908, .F. ) ;
#134 = DIRECTION ( 'NONE',  ( 0.000000000000000000, 0.000000000000000000, -1.000000000000000000 ) ) ;
#135 = ORIENTED_EDGE ( 'NONE', *, *, #3733, .F. ) ;
#136 = EDGE_CURVE ( 'NONE', #340, #206, #571, .T. ) ;
#137 = AXIS2_PLACEMENT_3D ( 'NONE', #3991, #915, #3264 ) ;
#138 = VECTOR ( 'NONE', #4327, 1000.000000000000000 ) ;
#139 = DIRECTION ( 'NONE',  ( 0.000000000000000000, 1.000000000000000000, 0.000000000000000000 ) ) ;
#140 = ORIENTED_EDGE ( 'NONE', *, *, #685, .F. ) ;
#141 = CARTESIAN_POINT ( 'NONE',  ( 0.000000000000000000, 0.000000000000000000, 25.00000000000000000 ) ) ;
#142 = ORIENTED_EDGE ( 'NONE', *, *, #511, .F. ) ;
#143 = CIRCLE ( 'NONE', #3211, 1.500000000000001332 ) ;
#144 = PRODUCT_DEFINITION_CONTEXT ( 'detailed design', #2770, 'design' ) ;
#145 = FACE_OUTER_BOUND ( 'NONE', #3804, .T. ) ;
#146 = EDGE_CURVE ( 'NONE', #3325, #4270, #2642, .T. ) ;
#147 = PLANE ( 'NONE',  #4267 ) ;
#148 = CARTESIAN_POINT ( 'NONE',  ( -48.55000000000000426, -5.000000000000010658, 5.700000000000024158 ) ) ;
#149 = DIRECTION ( 'NONE',  ( -0.5000000000000035527, -0.8660254037844367092, 0.000000000000000000 ) ) ;
#150 = ORIENTED_EDGE ( 'NONE', *, *, #388, .F. ) ;
#151 = PLANE ( 'NONE',  #3475 ) ;
#152 = VECTOR ( 'NONE', #2859, 1000.000000000000000 ) ;
#153 = DIRECTION ( 'NONE',  ( 0.000000000000000000, 1.000000000000000000, -3.652049423109253209E-16 ) ) ;
#154 = CARTESIAN_POINT ( 'NONE',  ( -39.00000000000000000, -24.50000000000001066, 10.00000000000000000 ) ) ;
#155 = FACE_OUTER_BOUND ( 'NONE', #2579, .T. ) ;
#156 = ORIENTED_EDGE ( 'NONE', *, *, #274, .F. ) ;
#157 = CARTESIAN_POINT ( 'NONE',  ( 16.60000000000000497, -24.50000000000001066, 9.500000000000000000 ) ) ;
#158 = ORIENTED_EDGE ( 'NONE', *, *, #866, .F. ) ;
#159 = DIRECTION ( 'NONE',  ( -0.000000000000000000, -0.000000000000000000, -1.000000000000000000 ) ) ;
#160 = EDGE_LOOP ( 'NONE', ( #2693, #3662, #150, #929, #1144, #2575, #324, #2711 ) ) ;
#161 = DIRECTION ( 'NONE',  ( -0.000000000000000000, -0.000000000000000000, -1.000000000000000000 ) ) ;
#162 = ORIENTED_EDGE ( 'NONE', *, *, #1181, .F. ) ;
#163 = AXIS2_PLACEMENT_3D ( 'NONE', #2196, #3127, #3206 ) ;
#164 = AXIS2_PLACEMENT_3D ( 'NONE', #2577, #1564, #3544 ) ;
#165 = DIRECTION ( 'NONE',  ( 0.000000000000000000, 1.000000000000000000, 0.000000000000000000 ) ) ;
#166 = CIRCLE ( 'NONE', #3748, 1.900000000000002354 ) ;
#167 = FACE_OUTER_BOUND ( 'NONE', #3081, .T. ) ;
#168 = CARTESIAN_POINT ( 'NONE',  ( -35.50000000000000711, 24.49999999999999289, 5.000000000000000000 ) ) ;
#169 = ORIENTED_EDGE ( 'NONE', *, *, #3407, .F. ) ;
#170 = CARTESIAN_POINT ( 'NONE',  ( -74.51833024919777415, -10.49999999999999822, 9.700000000000025935 ) ) ;
#171 = ORIENTED_EDGE ( 'NONE', *, *, #3742, .F. ) ;
#172 = DIRECTION ( 'NONE',  ( -0.000000000000000000, -0.000000000000000000, 1.000000000000000000 ) ) ;
#173 = DIRECTION ( 'NONE',  ( 1.000000000000000000, -2.312964634635742957E-16, 0.000000000000000000 ) ) ;
#174 = AXIS2_PLACEMENT_3D ( 'NONE', #2054, #4432, #3018 ) ;
#175 = DIRECTION ( 'NONE',  ( 1.000000000000000000, 0.000000000000000000, 0.000000000000000000 ) ) ;
#176 = VECTOR ( 'NONE', #134, 1000.000000000000000 ) ;
#177 = AXIS2_PLACEMENT_3D ( 'NONE', #3328, #3225, #165 ) ;
#178 = CARTESIAN_POINT ( 'NONE',  ( -53.00000000000000711, -10.05000000000000249, 14.69999999999997620 ) ) ;
#179 = ORIENTED_EDGE ( 'NONE', *, *, #3311, .T. ) ;
#180 = AXIS2_PLACEMENT_3D ( 'NONE', #3473, #1055, #406 ) ;
#181 = CARTESIAN_POINT ( 'NONE',  ( -43.55000000000000426, 13.00000000000000000, 25.00000000000000000 ) ) ;
#182 = ORIENTED_EDGE ( 'NONE', *, *, #1649, .F. ) ;
#183 = AXIS2_PLACEMENT_3D ( 'NONE', #1625, #4033, #2272 ) ;
#184 = DIRECTION ( 'NONE',  ( -0.000000000000000000, -0.000000000000000000, 1.000000000000000000 ) ) ;
#185 = ORIENTED_EDGE ( 'NONE', *, *, #554, .T. ) ;
#186 = CARTESIAN_POINT ( 'NONE',  ( -74.51833024919777415, 14.24999999999999822, 9.700000000000025935 ) ) ;
#187 = ORIENTED_EDGE ( 'NONE', *, *, #1205, .T. ) ;
#188 = FACE_OUTER_BOUND ( 'NONE', #3219, .T. ) ;
#189 = DIRECTION ( 'NONE',  ( 0.000000000000000000, -0.000000000000000000, 1.000000000000000000 ) ) ;
#190 = EDGE_CURVE ( 'NONE', #703, #370, #1605, .T. ) ;
#191 = EDGE_CURVE ( 'NONE', #3755, #3619, #1133, .T. ) ;
#192 = DIRECTION ( 'NONE',  ( 0.000000000000000000, 1.000000000000000000, 0.000000000000000000 ) ) ;
#193 = EDGE_LOOP ( 'NONE', ( #3952, #1057, #1416, #2676 ) ) ;
#194 = CARTESIAN_POINT ( 'NONE',  ( -45.55000000000000426, -9.925000000000002487, 11.77500000000002345 ) ) ;
#195 = VERTEX_POINT ( 'NONE', #4326 ) ;
#196 = EDGE_CURVE ( 'NONE', #2516, #2644, #587, .T. ) ;
#197 = DIRECTION ( 'NONE',  ( 1.000000000000000000, -2.312964634635742957E-16, 0.000000000000000000 ) ) ;
#198 = CARTESIAN_POINT ( 'NONE',  ( -65.01666049839522543, -14.99999999999999112, -26.00000000000008527 ) ) ;
#199 = EDGE_CURVE ( 'NONE', #3134, #943, #3340, .T. ) ;
#200 = DIRECTION ( 'NONE',  ( 0.000000000000000000, 0.000000000000000000, 1.000000000000000000 ) ) ;
#201 = DIRECTION ( 'NONE',  ( 0.000000000000000000, -0.000000000000000000, -1.000000000000000000 ) ) ;
#202 = EDGE_CURVE ( 'NONE', #658, #1618, #922, .T. ) ;
#203 = EDGE_CURVE ( 'NONE', #3736, #3353, #614, .T. ) ;
#204 = LINE ( 'NONE', #2933, #2415 ) ;
#205 = DIRECTION ( 'NONE',  ( 1.000000000000000000, 0.000000000000000000, 0.000000000000000000 ) ) ;
#206 = VERTEX_POINT ( 'NONE', #2621 ) ;
#207 = CARTESIAN_POINT ( 'NONE',  ( -48.55000000000000426, 4.999999999999989342, 14.70000000000002416 ) ) ;
#208 = ORIENTED_EDGE ( 'NONE', *, *, #136, .F. ) ;
#209 = PLANE ( 'NONE',  #164 ) ;
#210 = ORIENTED_EDGE ( 'NONE', *, *, #3972, .F. ) ;
#211 = CLOSED_SHELL ( 'NONE', ( #786, #1094, #3118, #2510, #853, #3549, #3191, #1852, #308, #663, #2097, #536, #412, #1325, #1302, #4022, #1141, #1522, #673, #2476, #1968, #4062, #1318, #3846, #1664, #521, #2034, #2708, #1724, #3314, #2907, #2431, #1231, #2582, #255, #2484, #3910, #3728, #1454, #872, #4131, #2460, #613, #3240, #3761, #3722, #3834, #3697, #2690, #3773, #1175, #1674, #736, #609, #1554, #4166, #3689, #2895, #1389, #1378, #3398, #3175, #3382, #2769, #2926, #2179, #2261, #1218, #3571, #2511, #519, #4177, #2152, #4387, #3562, #3706, #1960, #3309, #661, #3649, #2369, #864, #1908, #4110, #3054, #2096, #4160, #1651, #931, #912, #2980, #2836, #2733, #3072, #980, #1315, #1721, #3557, #2835, #3986, #1014, #279, #3844, #1051, #4388, #1120, #226, #1708, #2709, #4361, #1996, #2496, #4233, #1914, #3259, #69, #3696, #338, #223, #407, #397, #1524, #1851, #111, #785, #2450, #1343, #2246, #2630, #2124, #781, #529, #3160, #3399, #4, #2231, #4234, #4439, #86, #925, #3895, #714, #1782, #2160, #130, #1380, #4300, #3213, #1341, #2159, #1578, #3556, #2110 ) ) ;
#212 = DIRECTION ( 'NONE',  ( -0.000000000000000000, -1.156482317317871725E-16, 1.000000000000000000 ) ) ;
#213 = EDGE_LOOP ( 'NONE', ( #3013, #4409 ) ) ;
#214 = VECTOR ( 'NONE', #337, 1000.000000000000000 ) ;
#215 = PLANE ( 'NONE',  #2248 ) ;
#216 = CARTESIAN_POINT ( 'NONE',  ( -53.00000000000000711, 9.549999999999998934, 14.69999999999997264 ) ) ;
#217 = CARTESIAN_POINT ( 'NONE',  ( -48.55000000000000426, 4.999999999999989342, 5.700000000000024158 ) ) ;
#218 = VERTEX_POINT ( 'NONE', #2296 ) ;
#219 = FACE_OUTER_BOUND ( 'NONE', #2076, .T. ) ;
#220 = ORIENTED_EDGE ( 'NONE', *, *, #3165, .T. ) ;
#221 = EDGE_CURVE ( 'NONE', #206, #340, #2066, .T. ) ;
#222 = CIRCLE ( 'NONE', #2720, 3.550000000000001155 ) ;
#223 = ADVANCED_FACE ( 'NONE', ( #2274 ), #1967, .F. ) ;
#224 = CARTESIAN_POINT ( 'NONE',  ( -74.51833024919777415, 10.49999999999999822, 7.800000000000023803 ) ) ;
#225 = CARTESIAN_POINT ( 'NONE',  ( -48.25000000000000711, 7.000000000000011546, -6.149999999999993250 ) ) ;
#226 = ADVANCED_FACE ( 'NONE', ( #1988 ), #1557, .F. ) ;
#227 = DIRECTION ( 'NONE',  ( 0.000000000000000000, 0.000000000000000000, 1.000000000000000000 ) ) ;
#228 = CARTESIAN_POINT ( 'NONE',  ( -43.55000000000000426, 10.07499999999999751, 11.77500000000002345 ) ) ;
#229 = ORIENTED_EDGE ( 'NONE', *, *, #2051, .F. ) ;
#230 = DIRECTION ( 'NONE',  ( -0.000000000000000000, 1.000000000000000000, -0.000000000000000000 ) ) ;
#231 = VERTEX_POINT ( 'NONE', #1626 ) ;
#232 = DIRECTION ( 'NONE',  ( 0.000000000000000000, 0.000000000000000000, -1.000000000000000000 ) ) ;
#233 = ORIENTED_EDGE ( 'NONE', *, *, #4064, .F. ) ;
#234 = LINE ( 'NONE', #2888, #4037 ) ;
#235 = VERTEX_POINT ( 'NONE', #4350 ) ;
#236 = DIRECTION ( 'NONE',  ( 0.000000000000000000, 0.000000000000000000, 1.000000000000000000 ) ) ;
#237 = CARTESIAN_POINT ( 'NONE',  ( 20.50000000000000355, -24.50000000000001066, 0.7573593128807065700 ) ) ;
#238 = DIRECTION ( 'NONE',  ( 0.000000000000000000, 1.000000000000000000, 0.000000000000000000 ) ) ;
#239 = AXIS2_PLACEMENT_3D ( 'NONE', #1983, #1307, #371 ) ;
#240 = ORIENTED_EDGE ( 'NONE', *, *, #2594, .F. ) ;
#241 = CARTESIAN_POINT ( 'NONE',  ( -48.25000000000000711, -10.54999999999998828, -6.149999999999994138 ) ) ;
#242 = ORIENTED_EDGE ( 'NONE', *, *, #4324, .T. ) ;
#243 = CIRCLE ( 'NONE', #606, 3.550000000000001155 ) ;
#244 = VECTOR ( 'NONE', #212, 1000.000000000000000 ) ;
#245 = AXIS2_PLACEMENT_3D ( 'NONE', #645, #3372, #1335 ) ;
#246 = DIRECTION ( 'NONE',  ( -0.000000000000000000, -0.000000000000000000, 1.000000000000000000 ) ) ;
#247 = DIRECTION ( 'NONE',  ( 1.000000000000000000, 0.000000000000000000, 0.000000000000000000 ) ) ;
#248 = DIRECTION ( 'NONE',  ( 0.000000000000000000, 0.000000000000000000, -1.000000000000000000 ) ) ;
#249 = CARTESIAN_POINT ( 'NONE',  ( -52.00000000000000711, -6.999999999999987566, -6.149999999999995026 ) ) ;
#250 = EDGE_LOOP ( 'NONE', ( #98, #2941, #1644, #778 ) ) ;
#251 = CARTESIAN_POINT ( 'NONE',  ( -39.00000000000000000, 24.49999999999999289, 9.500000000000000000 ) ) ;
#252 = VERTEX_POINT ( 'NONE', #2507 ) ;
#253 = AXIS2_PLACEMENT_3D ( 'NONE', #2432, #4151, #3453 ) ;
#254 = CARTESIAN_POINT ( 'NONE',  ( -74.51833024919777415, -10.49999999999999822, -12.30000000000005755 ) ) ;
#255 = ADVANCED_FACE ( 'NONE', ( #1274 ), #3002, .F. ) ;
#256 = VECTOR ( 'NONE', #3103, 1000.000000000000000 ) ;
#257 = AXIS2_PLACEMENT_3D ( 'NONE', #1266, #2215, #3592 ) ;
#258 = PLANE ( 'NONE',  #312 ) ;
#259 = EDGE_LOOP ( 'NONE', ( #2094, #3035, #1834, #1377 ) ) ;
#260 = CARTESIAN_POINT ( 'NONE',  ( -84.01999999999999602, 14.99999999999998934, 14.69999999999997620 ) ) ;
#261 = VERTEX_POINT ( 'NONE', #3943 ) ;
#262 = VECTOR ( 'NONE', #1182, 1000.000000000000000 ) ;
#263 = EDGE_CURVE ( 'NONE', #4390, #1074, #204, .T. ) ;
#264 = CARTESIAN_POINT ( 'NONE',  ( -41.39999999999999858, 24.49999999999999289, 9.500000000000000000 ) ) ;
#265 = ORIENTED_EDGE ( 'NONE', *, *, #3164, .F. ) ;
#266 = LINE ( 'NONE', #3982, #1781 ) ;
#267 = PRODUCT_RELATED_PRODUCT_CATEGORY ( 'part', '', ( #4105 ) ) ;
#268 = ORIENTED_EDGE ( 'NONE', *, *, #334, .F. ) ;
#269 = CARTESIAN_POINT ( 'NONE',  ( -52.00000000000000711, 5.100000000000011191, -6.149999999999993250 ) ) ;
#270 = ORIENTED_EDGE ( 'NONE', *, *, #914, .T. ) ;
#271 = CYLINDRICAL_SURFACE ( 'NONE', #2779, 3.499999999999996003 ) ;
#272 = CARTESIAN_POINT ( 'NONE',  ( -47.50000000000000711, 3.450000000000013500, -6.149999999999992362 ) ) ;
#273 = CARTESIAN_POINT ( 'NONE',  ( -52.00000000000000711, -6.999999999999987566, -6.149999999999995026 ) ) ;
#274 = EDGE_CURVE ( 'NONE', #3998, #115, #2414, .T. ) ;
#275 = PLANE ( 'NONE',  #2385 ) ;
#276 = ORIENTED_EDGE ( 'NONE', *, *, #82, .T. ) ;
#277 = DIRECTION ( 'NONE',  ( 0.000000000000000000, 0.000000000000000000, -1.000000000000000000 ) ) ;
#278 = CYLINDRICAL_SURFACE ( 'NONE', #3169, 2.399999999999999467 ) ;
#279 = ADVANCED_FACE ( 'NONE', ( #892 ), #2253, .T. ) ;
#280 = EDGE_CURVE ( 'NONE', #206, #4344, #3288, .T. ) ;
#281 = CARTESIAN_POINT ( 'NONE',  ( -74.51833024919777415, -14.24999999999999822, 11.60000000000002807 ) ) ;
#282 = EDGE_LOOP ( 'NONE', ( #1459, #3488 ) ) ;
#283 = DIRECTION ( 'NONE',  ( 0.000000000000000000, -1.000000000000000000, 0.000000000000000000 ) ) ;
#284 = ORIENTED_EDGE ( 'NONE', *, *, #1468, .F. ) ;
#285 = CARTESIAN_POINT ( 'NONE',  ( 19.00000000000000355, -24.50000000000001066, 5.000000000000000000 ) ) ;
#286 = ORIENTED_EDGE ( 'NONE', *, *, #263, .F. ) ;
#287 = PLANE ( 'NONE',  #675 ) ;
#288 = ORIENTED_EDGE ( 'NONE', *, *, #1169, .F. ) ;
#289 = ORIENTED_EDGE ( 'NONE', *, *, #1201, .T. ) ;
#290 = AXIS2_PLACEMENT_3D ( 'NONE', #1783, #3145, #1112 ) ;
#291 = DIRECTION ( 'NONE',  ( -0.000000000000000000, -1.000000000000000000, -0.000000000000000000 ) ) ;
#292 = AXIS2_PLACEMENT_3D ( 'NONE', #1220, #3302, #238 ) ;
#293 = CARTESIAN_POINT ( 'NONE',  ( 19.00000000000000355, -24.50000000000001066, 0.7573593128807065700 ) ) ;
#294 = AXIS2_PLACEMENT_3D ( 'NONE', #4293, #1304, #4365 ) ;
#295 = CARTESIAN_POINT ( 'NONE',  ( 3.570000000000003837, 20.03999999999998494, 0.000000000000000000 ) ) ;
#296 = CARTESIAN_POINT ( 'NONE',  ( 31.82000000000000028, -19.96000000000001151, 0.000000000000000000 ) ) ;
#297 = EDGE_LOOP ( 'NONE', ( #1369, #4296 ) ) ;
#298 = DIRECTION ( 'NONE',  ( 0.000000000000000000, 1.000000000000000000, 0.000000000000000000 ) ) ;
#299 = CYLINDRICAL_SURFACE ( 'NONE', #672, 3.499999999999999556 ) ;
#300 = EDGE_LOOP ( 'NONE', ( #1436, #2900, #1423, #2217 ) ) ;
#301 = DIRECTION ( 'NONE',  ( -1.000000000000000000, 0.000000000000000000, 0.000000000000000000 ) ) ;
#302 = EDGE_LOOP ( 'NONE', ( #749, #2502, #919, #3015 ) ) ;
#303 = EDGE_LOOP ( 'NONE', ( #2150, #534, #3537, #2230 ) ) ;
#304 = DIRECTION ( 'NONE',  ( -0.000000000000000000, -0.000000000000000000, 1.000000000000000000 ) ) ;
#305 = ORIENTED_EDGE ( 'NONE', *, *, #1698, .T. ) ;
#306 = CARTESIAN_POINT ( 'NONE',  ( -74.51833024919777415, 10.49999999999999822, -10.40000000000005542 ) ) ;
#307 = VERTEX_POINT ( 'NONE', #716 ) ;
#308 = ADVANCED_FACE ( 'NONE', ( #2075 ), #4066, .F. ) ;
#309 = FACE_OUTER_BOUND ( 'NONE', #3116, .T. ) ;
#310 = CARTESIAN_POINT ( 'NONE',  ( -48.55000000000000426, 20.19689110867544102, 21.89999999999999858 ) ) ;
#311 = FILL_AREA_STYLE ('',( #671 ) ) ;
#312 = AXIS2_PLACEMENT_3D ( 'NONE', #1368, #2650, #3055 ) ;
#313 = CARTESIAN_POINT ( 'NONE',  ( -39.00000000000000000, -24.50000000000001066, 5.000000000000000000 ) ) ;
#314 = AXIS2_PLACEMENT_3D ( 'NONE', #1357, #4413, #4391 ) ;
#315 = VECTOR ( 'NONE', #1735, 1000.000000000000000 ) ;
#316 = DIRECTION ( 'NONE',  ( 0.000000000000000000, 0.000000000000000000, -1.000000000000000000 ) ) ;
#317 = LINE ( 'NONE', #1742, #3568 ) ;
#318 = DIRECTION ( 'NONE',  ( 1.000000000000000000, 0.000000000000000000, 0.000000000000000000 ) ) ;
#319 = ORIENTED_EDGE ( 'NONE', *, *, #2824, .F. ) ;
#320 = CARTESIAN_POINT ( 'NONE',  ( -47.50000000000001421, 15.00000000000000000, 0.000000000000000000 ) ) ;
#321 = CARTESIAN_POINT ( 'NONE',  ( -39.00000000000000000, 24.49999999999999289, 10.00000000000000000 ) ) ;
#322 = EDGE_LOOP ( 'NONE', ( #1065, #3757, #1301, #2162 ) ) ;
#323 = DIRECTION ( 'NONE',  ( 1.000000000000000000, 0.000000000000000000, 0.000000000000000000 ) ) ;
#324 = ORIENTED_EDGE ( 'NONE', *, *, #3448, .F. ) ;
#325 = AXIS2_PLACEMENT_3D ( 'NONE', #1695, #2010, #1717 ) ;
#326 = VECTOR ( 'NONE', #3704, 1000.000000000000000 ) ;
#327 =( NAMED_UNIT ( * ) SI_UNIT ( $, .STERADIAN. ) SOLID_ANGLE_UNIT ( ) );
#328 = EDGE_LOOP ( 'NONE', ( #3477, #3517, #1552, #3631 ) ) ;
#329 = CARTESIAN_POINT ( 'NONE',  ( -65.01666049839552386, 13.00000000000000000, 14.70000000000002416 ) ) ;
#330 = ORIENTED_EDGE ( 'NONE', *, *, #2963, .F. ) ;
#331 = CARTESIAN_POINT ( 'NONE',  ( -52.00000000000000711, -5.099999999999988987, -6.149999999999995026 ) ) ;
#332 = ORIENTED_EDGE ( 'NONE', *, *, #1637, .T. ) ;
#333 = CIRCLE ( 'NONE', #3831, 1.750000000000001554 ) ;
#334 = EDGE_CURVE ( 'NONE', #3418, #515, #2386, .T. ) ;
#335 = EDGE_CURVE ( 'NONE', #858, #3629, #2345, .T. ) ;
#336 = LINE ( 'NONE', #352, #2242 ) ;
#337 = DIRECTION ( 'NONE',  ( -0.000000000000000000, -0.000000000000000000, -1.000000000000000000 ) ) ;
#338 = ADVANCED_FACE ( 'NONE', ( #2015, #653 ), #1410, .T. ) ;
#339 = DIRECTION ( 'NONE',  ( 0.000000000000000000, 0.000000000000000000, -1.000000000000000000 ) ) ;
#340 = VERTEX_POINT ( 'NONE', #3384 ) ;
#341 = FACE_OUTER_BOUND ( 'NONE', #935, .T. ) ;
#342 = EDGE_CURVE ( 'NONE', #1550, #2935, #3135, .T. ) ;
#343 = CARTESIAN_POINT ( 'NONE',  ( -84.01999999999999602, -14.99999999999999645, -17.30000000000005755 ) ) ;
#344 = ORIENTED_EDGE ( 'NONE', *, *, #3524, .F. ) ;
#345 = FACE_OUTER_BOUND ( 'NONE', #3638, .T. ) ;
#346 = EDGE_LOOP ( 'NONE', ( #1952, #2784, #2699, #2335, #4308, #1832, #2656, #4286, #1867, #4357 ) ) ;
#347 = ORIENTED_EDGE ( 'NONE', *, *, #58, .F. ) ;
#348 = CARTESIAN_POINT ( 'NONE',  ( -45.79999999999999716, 4.999999999999989342, 5.700000000000024158 ) ) ;
#349 = ORIENTED_EDGE ( 'NONE', *, *, #3727, .F. ) ;
#350 = DIRECTION ( 'NONE',  ( 0.000000000000000000, 0.000000000000000000, 1.000000000000000000 ) ) ;
#351 = VERTEX_POINT ( 'NONE', #2058 ) ;
#352 = CARTESIAN_POINT ( 'NONE',  ( 21.40000000000000213, -24.50000000000001066, 9.500000000000000000 ) ) ;
#353 = FACE_OUTER_BOUND ( 'NONE', #475, .T. ) ;
#354 = EDGE_CURVE ( 'NONE', #2433, #4403, #2925, .T. ) ;
#355 = VECTOR ( 'NONE', #1943, 1000.000000000000000 ) ;
#356 = EDGE_CURVE ( 'NONE', #658, #4256, #317, .T. ) ;
#357 = AXIS2_PLACEMENT_3D ( 'NONE', #2035, #3412, #339 ) ;
#358 = CARTESIAN_POINT ( 'NONE',  ( -43.54999999999999716, -15.00000000000000000, 25.00000000000000000 ) ) ;
#359 = ORIENTED_EDGE ( 'NONE', *, *, #129, .F. ) ;
#360 = CARTESIAN_POINT ( 'NONE',  ( -52.00000000000000711, -8.899999999999987921, -6.149999999999995026 ) ) ;
#361 = MECHANICAL_DESIGN_GEOMETRIC_PRESENTATION_REPRESENTATION (  '', ( #1290 ), #1138 ) ;
#362 = CARTESIAN_POINT ( 'NONE',  ( -36.60000000000000142, 24.49999999999999289, 9.500000000000000000 ) ) ;
#363 = EDGE_LOOP ( 'NONE', ( #2269, #2103, #3985, #3907 ) ) ;
#364 = DIRECTION ( 'NONE',  ( -0.000000000000000000, -0.000000000000000000, -1.000000000000000000 ) ) ;
#365 = ORIENTED_EDGE ( 'NONE', *, *, #3582, .T. ) ;
#366 = VECTOR ( 'NONE', #3216, 1000.000000000000000 ) ;
#367 = APPLICATION_PROTOCOL_DEFINITION ( 'draft international standard', 'automotive_design', 1998, #2770 ) ;
#368 = FACE_OUTER_BOUND ( 'NONE', #1450, .T. ) ;
#369 = CARTESIAN_POINT ( 'NONE',  ( -52.00000000000000711, -5.099999999999989875, -16.14999999999999858 ) ) ;
#370 = VERTEX_POINT ( 'NONE', #3806 ) ;
#371 = DIRECTION ( 'NONE',  ( 0.000000000000000000, 1.000000000000000000, 0.000000000000000000 ) ) ;
#372 = ORIENTED_EDGE ( 'NONE', *, *, #221, .T. ) ;
#373 = CARTESIAN_POINT ( 'NONE',  ( 0.000000000000000000, 4.834096086388696651E-15, -22.29999999999997229 ) ) ;
#374 = FACE_OUTER_BOUND ( 'NONE', #1480, .T. ) ;
#375 = EDGE_CURVE ( 'NONE', #3629, #858, #2495, .T. ) ;
#376 = DIRECTION ( 'NONE',  ( 0.000000000000000000, 0.000000000000000000, -1.000000000000000000 ) ) ;
#377 = PRODUCT_DEFINITION_SHAPE ( 'NONE', 'NONE',  #2848 ) ;
#378 = VERTEX_POINT ( 'NONE', #2428 ) ;
#379 = VECTOR ( 'NONE', #559, 1000.000000000000000 ) ;
#380 = LINE ( 'NONE', #2430, #1467 ) ;
#381 = AXIS2_PLACEMENT_3D ( 'NONE', #2842, #1791, #79 ) ;
#382 = VECTOR ( 'NONE', #1523, 1000.000000000000000 ) ;
#383 = EDGE_CURVE ( 'NONE', #3813, #3660, #2853, .T. ) ;
#384 = CARTESIAN_POINT ( 'NONE',  ( -82.40999999999998238, 12.54999999999998295, -27.29999999999997229 ) ) ;
#385 = ORIENTED_EDGE ( 'NONE', *, *, #3785, .T. ) ;
#386 = CYLINDRICAL_SURFACE ( 'NONE', #37, 3.549999999999999822 ) ;
#387 = ORIENTED_EDGE ( 'NONE', *, *, #1162, .T. ) ;
#388 = EDGE_CURVE ( 'NONE', #2516, #4289, #4147, .T. ) ;
#389 = DIRECTION ( 'NONE',  ( 0.000000000000000000, 0.000000000000000000, -1.000000000000000000 ) ) ;
#390 = DIRECTION ( 'NONE',  ( 1.000000000000000000, 0.000000000000000000, 0.000000000000000000 ) ) ;
#391 = VERTEX_POINT ( 'NONE', #734 ) ;
#392 = EDGE_CURVE ( 'NONE', #1984, #3418, #2093, .T. ) ;
#393 = EDGE_LOOP ( 'NONE', ( #2889, #4159 ) ) ;
#394 = CIRCLE ( 'NONE', #2458, 1.750000000000001554 ) ;
#395 = VECTOR ( 'NONE', #3092, 1000.000000000000000 ) ;
#396 = CARTESIAN_POINT ( 'NONE',  ( 5.320000000000004725, 20.03999999999998494, 5.000000000000000000 ) ) ;
#397 = ADVANCED_FACE ( 'NONE', ( #1676 ), #2360, .F. ) ;
#398 = VECTOR ( 'NONE', #598, 1000.000000000000114 ) ;
#399 = DIRECTION ( 'NONE',  ( 1.000000000000000000, -2.312964634635742957E-16, 0.000000000000000000 ) ) ;
#400 = AXIS2_PLACEMENT_3D ( 'NONE', #1277, #2645, #277 ) ;
#401 = CARTESIAN_POINT ( 'NONE',  ( 19.00000000000000355, -24.50000000000001066, 5.000000000000000000 ) ) ;
#402 = VECTOR ( 'NONE', #2894, 1000.000000000000000 ) ;
#403 = AXIS2_PLACEMENT_3D ( 'NONE', #1488, #4238, #1153 ) ;
#404 = DIRECTION ( 'NONE',  ( -0.000000000000000000, -0.000000000000000000, 1.000000000000000000 ) ) ;
#405 = ORIENTED_EDGE ( 'NONE', *, *, #3068, .F. ) ;
#406 = DIRECTION ( 'NONE',  ( 0.000000000000000000, -0.000000000000000000, -1.000000000000000000 ) ) ;
#407 = ADVANCED_FACE ( 'NONE', ( #4083, #4438 ), #1008, .T. ) ;
#408 = CARTESIAN_POINT ( 'NONE',  ( -37.50000000000000000, 24.49999999999999289, 9.500000000000000000 ) ) ;
#409 = ORIENTED_EDGE ( 'NONE', *, *, #2896, .T. ) ;
#410 = CARTESIAN_POINT ( 'NONE',  ( -43.55000000000000426, 10.07499999999999751, 11.77500000000002345 ) ) ;
#411 = ORIENTED_EDGE ( 'NONE', *, *, #3859, .T. ) ;
#412 = ADVANCED_FACE ( 'NONE', ( #3790 ), #676, .F. ) ;
#413 = EDGE_CURVE ( 'NONE', #640, #823, #2565, .T. ) ;
#414 = DIRECTION ( 'NONE',  ( -0.000000000000000000, -0.000000000000000000, -1.000000000000000000 ) ) ;
#415 = FACE_OUTER_BOUND ( 'NONE', #780, .T. ) ;
#416 = EDGE_LOOP ( 'NONE', ( #1261, #4121, #2731, #182 ) ) ;
#417 = ORIENTED_EDGE ( 'NONE', *, *, #4436, .T. ) ;
#418 = EDGE_CURVE ( 'NONE', #1984, #568, #127, .T. ) ;
#419 = DIRECTION ( 'NONE',  ( 1.000000000000000000, -2.312964634635742957E-16, 0.000000000000000000 ) ) ;
#420 = CARTESIAN_POINT ( 'NONE',  ( -52.00000000000000711, -6.999999999999987566, -16.14999999999999858 ) ) ;
#421 = DIRECTION ( 'NONE',  ( 1.000000000000000000, 0.000000000000000000, 0.000000000000000000 ) ) ;
#422 = AXIS2_PLACEMENT_3D ( 'NONE', #2583, #879, #2238 ) ;
#423 = DIRECTION ( 'NONE',  ( 0.000000000000000000, 1.000000000000000000, 0.000000000000000000 ) ) ;
#424 = VECTOR ( 'NONE', #1142, 1000.000000000000000 ) ;
#425 = DIRECTION ( 'NONE',  ( 0.000000000000000000, -0.000000000000000000, -1.000000000000000000 ) ) ;
#426 = AXIS2_PLACEMENT_3D ( 'NONE', #1509, #4168, #87 ) ;
#427 = EDGE_CURVE ( 'NONE', #605, #53, #1489, .T. ) ;
#428 = CARTESIAN_POINT ( 'NONE',  ( 15.50000000000000355, -24.50000000000001066, 10.00000000000000000 ) ) ;
#429 = ORIENTED_EDGE ( 'NONE', *, *, #3770, .F. ) ;
#430 = AXIS2_PLACEMENT_3D ( 'NONE', #932, #3911, #1910 ) ;
#431 = DIRECTION ( 'NONE',  ( -0.000000000000000000, -0.000000000000000000, -1.000000000000000000 ) ) ;
#432 = ORIENTED_EDGE ( 'NONE', *, *, #2436, .T. ) ;
#433 = DIRECTION ( 'NONE',  ( 0.000000000000000000, 1.000000000000000000, 0.000000000000000000 ) ) ;
#434 = DIRECTION ( 'NONE',  ( 1.000000000000000000, 0.000000000000000000, 0.000000000000000000 ) ) ;
#435 = EDGE_LOOP ( 'NONE', ( #2939, #843, #4106, #979 ) ) ;
#436 = ORIENTED_EDGE ( 'NONE', *, *, #221, .F. ) ;
#437 = DIRECTION ( 'NONE',  ( 9.123502176980158065E-16, -3.652049423109253209E-16, -1.000000000000000000 ) ) ;
#438 = EDGE_LOOP ( 'NONE', ( #1945, #3140 ) ) ;
#439 = DIRECTION ( 'NONE',  ( 1.000000000000000000, -0.000000000000000000, -0.000000000000000000 ) ) ;
#440 = EDGE_CURVE ( 'NONE', #4068, #3841, #3001, .T. ) ;
#441 = CARTESIAN_POINT ( 'NONE',  ( 42.50000000000000000, 27.99999999999999289, 5.000000000000000000 ) ) ;
#442 = LINE ( 'NONE', #1428, #2688 ) ;
#443 = EDGE_CURVE ( 'NONE', #14, #3224, #3860, .T. ) ;
#444 = AXIS2_PLACEMENT_3D ( 'NONE', #1003, #350, #3062 ) ;
#445 = CARTESIAN_POINT ( 'NONE',  ( -48.55000000000000426, 4.999999999999989342, 5.700000000000024158 ) ) ;
#446 = ORIENTED_EDGE ( 'NONE', *, *, #3969, .F. ) ;
#447 = VECTOR ( 'NONE', #3009, 1000.000000000000000 ) ;
#448 = DIRECTION ( 'NONE',  ( -0.000000000000000000, -0.000000000000000000, 1.000000000000000000 ) ) ;
#449 = EDGE_LOOP ( 'NONE', ( #829, #3108, #2636, #1746 ) ) ;
#450 = AXIS2_PLACEMENT_3D ( 'NONE', #3199, #2827, #2129 ) ;
#451 = AXIS2_PLACEMENT_3D ( 'NONE', #2144, #767, #3099 ) ;
#452 = DIRECTION ( 'NONE',  ( -0.8660254037844367092, 0.5000000000000035527, -0.000000000000000000 ) ) ;
#453 = DIRECTION ( 'NONE',  ( 1.000000000000000000, -2.312964634635742957E-16, 0.000000000000000000 ) ) ;
#454 = EDGE_LOOP ( 'NONE', ( #2168, #597, #121, #2257, #1354, #4282, #3540, #1414, #268, #2867, #2696, #2555, #286, #1233 ) ) ;
#455 = DIRECTION ( 'NONE',  ( 1.000000000000000000, 0.000000000000000000, 0.000000000000000000 ) ) ;
#456 = EDGE_LOOP ( 'NONE', ( #2826, #501, #220, #4089 ) ) ;
#457 = FACE_BOUND ( 'NONE', #1002, .T. ) ;
#458 = EDGE_CURVE ( 'NONE', #53, #605, #1005, .T. ) ;
#459 = FACE_OUTER_BOUND ( 'NONE', #416, .T. ) ;
#460 = CARTESIAN_POINT ( 'NONE',  ( -74.51833024919777415, -10.49999999999999822, 9.700000000000025935 ) ) ;
#461 = VECTOR ( 'NONE', #4239, 1000.000000000000000 ) ;
#462 = CIRCLE ( 'NONE', #1028, 1.900000000000000577 ) ;
#463 = EDGE_CURVE ( 'NONE', #850, #2353, #2348, .T. ) ;
#464 = EDGE_CURVE ( 'NONE', #570, #1622, #1283, .T. ) ;
#465 = AXIS2_PLACEMENT_3D ( 'NONE', #3786, #1647, #2358 ) ;
#466 = CARTESIAN_POINT ( 'NONE',  ( -39.00000000000000000, 24.49999999999999289, 10.00000000000000000 ) ) ;
#467 = VECTOR ( 'NONE', #3626, 1000.000000000000000 ) ;
#468 = EDGE_CURVE ( 'NONE', #2644, #2140, #3554, .T. ) ;
#469 = AXIS2_PLACEMENT_3D ( 'NONE', #1932, #483, #2239 ) ;
#470 = DIRECTION ( 'NONE',  ( -0.000000000000000000, -1.000000000000000000, -0.000000000000000000 ) ) ;
#471 = VECTOR ( 'NONE', #2993, 1000.000000000000000 ) ;
#472 = CARTESIAN_POINT ( 'NONE',  ( 1.820000000000003171, -19.96000000000001506, 0.000000000000000000 ) ) ;
#473 = AXIS2_PLACEMENT_3D ( 'NONE', #1555, #200, #2906 ) ;
#474 = LINE ( 'NONE', #4281, #9 ) ;
#475 = EDGE_LOOP ( 'NONE', ( #677, #417 ) ) ;
#476 = DIRECTION ( 'NONE',  ( 1.000000000000000000, 0.000000000000000000, -0.000000000000000000 ) ) ;
#477 = ORIENTED_EDGE ( 'NONE', *, *, #2640, .F. ) ;
#478 = CARTESIAN_POINT ( 'NONE',  ( -82.40999999999998238, -1.747598298468641664E-14, -22.29999999999997229 ) ) ;
#479 = ORIENTED_EDGE ( 'NONE', *, *, #1921, .F. ) ;
#480 = LINE ( 'NONE', #1793, #3159 ) ;
#481 = ORIENTED_EDGE ( 'NONE', *, *, #3038, .F. ) ;
#482 = CARTESIAN_POINT ( 'NONE',  ( 17.50000000000000000, 24.49999999999999289, 5.000000000000000000 ) ) ;
#483 = DIRECTION ( 'NONE',  ( 0.000000000000000000, -0.000000000000000000, -1.000000000000000000 ) ) ;
#484 = DIRECTION ( 'NONE',  ( 0.000000000000000000, 1.000000000000000000, 3.632928745501164297E-16 ) ) ;
#485 = EDGE_LOOP ( 'NONE', ( #3413, #2525, #1839, #90 ) ) ;
#486 = DIRECTION ( 'NONE',  ( 0.000000000000000000, 0.000000000000000000, 1.000000000000000000 ) ) ;
#487 = VERTEX_POINT ( 'NONE', #2182 ) ;
#488 = CARTESIAN_POINT ( 'NONE',  ( 19.00000000000000355, 24.49999999999999289, 5.000000000000000000 ) ) ;
#489 = DIRECTION ( 'NONE',  ( 1.000000000000000000, -0.000000000000000000, -0.000000000000000000 ) ) ;
#490 = CARTESIAN_POINT ( 'NONE',  ( -74.51833024919777415, -10.49999999999999822, -14.20000000000005969 ) ) ;
#491 = AXIS2_PLACEMENT_3D ( 'NONE', #3623, #564, #1920 ) ;
#492 = LINE ( 'NONE', #1853, #366 ) ;
#493 = VERTEX_POINT ( 'NONE', #1180 ) ;
#494 = LINE ( 'NONE', #3924, #2685 ) ;
#495 = VERTEX_POINT ( 'NONE', #3873 ) ;
#496 = VECTOR ( 'NONE', #2619, 1000.000000000000000 ) ;
#497 = VECTOR ( 'NONE', #246, 1000.000000000000000 ) ;
#498 = DIRECTION ( 'NONE',  ( -0.000000000000000000, -2.312964634635743450E-16, 1.000000000000000000 ) ) ;
#499 = ORIENTED_EDGE ( 'NONE', *, *, #2905, .T. ) ;
#500 = DIRECTION ( 'NONE',  ( 1.000000000000000000, 0.000000000000000000, 0.000000000000000000 ) ) ;
#501 = ORIENTED_EDGE ( 'NONE', *, *, #1637, .F. ) ;
#502 = AXIS2_PLACEMENT_3D ( 'NONE', #3887, #3184, #4229 ) ;
#503 = UNCERTAINTY_MEASURE_WITH_UNIT (LENGTH_MEASURE( 1.000000000000000082E-05 ), #1906, 'distance_accuracy_value', 'NONE');
#504 = CARTESIAN_POINT ( 'NONE',  ( -40.50000000000000000, 24.49999999999999289, 5.000000000000000000 ) ) ;
#505 = FACE_BOUND ( 'NONE', #4144, .T. ) ;
#506 = CARTESIAN_POINT ( 'NONE',  ( 17.50000000000000000, 24.49999999999999289, 0.7573593128807065700 ) ) ;
#507 = EDGE_LOOP ( 'NONE', ( #952, #3923, #133, #2080 ) ) ;
#508 = PLANE ( 'NONE',  #4034 ) ;
#509 = ORIENTED_EDGE ( 'NONE', *, *, #3067, .F. ) ;
#510 = PLANE ( 'NONE',  #3931 ) ;
#511 = EDGE_CURVE ( 'NONE', #1613, #2308, #846, .T. ) ;
#512 = CYLINDRICAL_SURFACE ( 'NONE', #2976, 1.900000000000002354 ) ;
#513 = DIRECTION ( 'NONE',  ( 0.000000000000000000, -0.000000000000000000, -1.000000000000000000 ) ) ;
#514 = DIRECTION ( 'NONE',  ( -0.000000000000000000, 1.000000000000000000, -0.000000000000000000 ) ) ;
#515 = VERTEX_POINT ( 'NONE', #3919 ) ;
#516 = PLANE ( 'NONE',  #3251 ) ;
#517 = ORIENTED_EDGE ( 'NONE', *, *, #4030, .F. ) ;
#518 = EDGE_CURVE ( 'NONE', #3353, #703, #759, .T. ) ;
#519 = ADVANCED_FACE ( 'NONE', ( #2155 ), #837, .F. ) ;
#520 = AXIS2_PLACEMENT_3D ( 'NONE', #1056, #2479, #112 ) ;
#521 = ADVANCED_FACE ( 'NONE', ( #66 ), #3490, .F. ) ;
#522 = DIRECTION ( 'NONE',  ( -0.000000000000000000, -0.000000000000000000, -1.000000000000000000 ) ) ;
#523 = VERTEX_POINT ( 'NONE', #3892 ) ;
#524 = FACE_BOUND ( 'NONE', #3280, .T. ) ;
#525 = ORIENTED_EDGE ( 'NONE', *, *, #998, .F. ) ;
#526 = VECTOR ( 'NONE', #439, 1000.000000000000000 ) ;
#527 = CIRCLE ( 'NONE', #3390, 3.549999999999999822 ) ;
#528 = FACE_OUTER_BOUND ( 'NONE', #648, .T. ) ;
#529 = ADVANCED_FACE ( 'NONE', ( #1426 ), #4237, .F. ) ;
#530 = DIRECTION ( 'NONE',  ( 1.000000000000000000, 0.000000000000000000, 0.000000000000000000 ) ) ;
#531 = DIRECTION ( 'NONE',  ( 1.000000000000000000, 0.000000000000000000, 0.000000000000000000 ) ) ;
#532 = ORIENTED_EDGE ( 'NONE', *, *, #1047, .F. ) ;
#533 = LINE ( 'NONE', #3957, #379 ) ;
#534 = ORIENTED_EDGE ( 'NONE', *, *, #1012, .T. ) ;
#535 = EDGE_CURVE ( 'NONE', #2489, #1608, #3167, .T. ) ;
#536 = ADVANCED_FACE ( 'NONE', ( #1848 ), #2451, .F. ) ;
#537 = PLANE ( 'NONE',  #1999 ) ;
#538 = LINE ( 'NONE', #4280, #2326 ) ;
#539 = CIRCLE ( 'NONE', #4407, 1.899999999999999023 ) ;
#540 = AXIS2_PLACEMENT_3D ( 'NONE', #3539, #721, #3115 ) ;
#541 = DIRECTION ( 'NONE',  ( -0.000000000000000000, -0.000000000000000000, -1.000000000000000000 ) ) ;
#542 = CIRCLE ( 'NONE', #177, 1.900000000000001465 ) ;
#543 = CARTESIAN_POINT ( 'NONE',  ( -42.50000000000000000, 27.99999999999998934, 0.000000000000000000 ) ) ;
#544 = ORIENTED_EDGE ( 'NONE', *, *, #2031, .F. ) ;
#545 = CIRCLE ( 'NONE', #2249, 2.750000000000002665 ) ;
#546 = LINE ( 'NONE', #918, #1324 ) ;
#547 = ORIENTED_EDGE ( 'NONE', *, *, #2016, .F. ) ;
#548 = VECTOR ( 'NONE', #1942, 1000.000000000000000 ) ;
#549 = EDGE_CURVE ( 'NONE', #664, #3334, #2477, .T. ) ;
#550 = DIRECTION ( 'NONE',  ( 0.000000000000000000, 1.000000000000000000, 3.632928745501164297E-16 ) ) ;
#551 = ORIENTED_EDGE ( 'NONE', *, *, #3044, .F. ) ;
#552 = EDGE_CURVE ( 'NONE', #1270, #2738, #2202, .T. ) ;
#553 = CARTESIAN_POINT ( 'NONE',  ( -52.00000000000000711, -5.099999999999988987, -6.149999999999995026 ) ) ;
#554 = EDGE_CURVE ( 'NONE', #570, #742, #3308, .T. ) ;
#555 = EDGE_LOOP ( 'NONE', ( #3590, #2667, #517, #3231 ) ) ;
#556 = FACE_OUTER_BOUND ( 'NONE', #1686, .T. ) ;
#557 = DIRECTION ( 'NONE',  ( -0.000000000000000000, -0.000000000000000000, 1.000000000000000000 ) ) ;
#558 = ORIENTED_EDGE ( 'NONE', *, *, #2057, .F. ) ;
#559 = DIRECTION ( 'NONE',  ( -1.000000000000000000, -4.081702296416016366E-17, -0.000000000000000000 ) ) ;
#560 = EDGE_LOOP ( 'NONE', ( #349, #1596 ) ) ;
#561 = EDGE_CURVE ( 'NONE', #252, #3813, #1574, .T. ) ;
#562 = LINE ( 'NONE', #1915, #3606 ) ;
#563 = LINE ( 'NONE', #2879, #2177 ) ;
#564 = DIRECTION ( 'NONE',  ( 1.000000000000000000, -2.312964634635742957E-16, 0.000000000000000000 ) ) ;
#565 = CARTESIAN_POINT ( 'NONE',  ( -37.25000000000001421, 14.72499999999999787, 5.000000000000000000 ) ) ;
#566 = ORIENTED_EDGE ( 'NONE', *, *, #3044, .T. ) ;
#567 = CARTESIAN_POINT ( 'NONE',  ( -43.55000000000000426, -9.925000000000002487, 11.77500000000002345 ) ) ;
#568 = VERTEX_POINT ( 'NONE', #1246 ) ;
#569 = FACE_OUTER_BOUND ( 'NONE', #2176, .T. ) ;
#570 = VERTEX_POINT ( 'NONE', #1537 ) ;
#571 = CIRCLE ( 'NONE', #3565, 3.550000000000004707 ) ;
#572 = CARTESIAN_POINT ( 'NONE',  ( -74.51833024919777415, 14.24999999999999822, -15.85000000000006182 ) ) ;
#573 = ORIENTED_EDGE ( 'NONE', *, *, #3891, .F. ) ;
#574 = VECTOR ( 'NONE', #2691, 1000.000000000000000 ) ;
#575 = DIRECTION ( 'NONE',  ( 0.000000000000000000, 0.000000000000000000, -1.000000000000000000 ) ) ;
#576 = DIRECTION ( 'NONE',  ( 0.000000000000000000, 1.000000000000000000, 2.312964634635743450E-16 ) ) ;
#577 = LINE ( 'NONE', #2585, #74 ) ;
#578 = ORIENTED_EDGE ( 'NONE', *, *, #865, .T. ) ;
#579 = PLANE ( 'NONE',  #4397 ) ;
#580 = ORIENTED_EDGE ( 'NONE', *, *, #3733, .T. ) ;
#581 = CIRCLE ( 'NONE', #3799, 1.750000000000001554 ) ;
#582 = CARTESIAN_POINT ( 'NONE',  ( -95.00000000000000000, -10.05000000000000071, -17.30000000000005755 ) ) ;
#583 = CARTESIAN_POINT ( 'NONE',  ( 0.000000000000000000, 4.001428817919829246E-15, -17.29999999999997229 ) ) ;
#584 = EDGE_CURVE ( 'NONE', #4276, #943, #610, .T. ) ;
#585 = DIRECTION ( 'NONE',  ( 0.000000000000000000, -0.000000000000000000, -1.000000000000000000 ) ) ;
#586 = AXIS2_PLACEMENT_3D ( 'NONE', #2548, #3922, #842 ) ;
#587 = LINE ( 'NONE', #4223, #355 ) ;
#588 = DIRECTION ( 'NONE',  ( 0.000000000000000000, 1.000000000000000000, 0.000000000000000000 ) ) ;
#589 = VERTEX_POINT ( 'NONE', #3666 ) ;
#590 = PLANE ( 'NONE',  #2465 ) ;
#591 = ORIENTED_EDGE ( 'NONE', *, *, #3450, .T. ) ;
#592 = EDGE_CURVE ( 'NONE', #1268, #4208, #3620, .T. ) ;
#593 = EDGE_CURVE ( 'NONE', #4310, #2435, #2251, .T. ) ;
#594 = DIRECTION ( 'NONE',  ( -0.000000000000000000, 1.000000000000000000, -0.000000000000000000 ) ) ;
#595 = ORIENTED_EDGE ( 'NONE', *, *, #3448, .T. ) ;
#596 = LINE ( 'NONE', #3609, #2156 ) ;
#597 = ORIENTED_EDGE ( 'NONE', *, *, #1840, .T. ) ;
#598 = DIRECTION ( 'NONE',  ( -0.8660254037844398178, -0.4999999999999977796, 0.000000000000000000 ) ) ;
#599 = CARTESIAN_POINT ( 'NONE',  ( -47.50000000000000711, 7.000000000000011546, -16.14999999999999858 ) ) ;
#600 = VERTEX_POINT ( 'NONE', #2999 ) ;
#601 = PLANE ( 'NONE',  #1425 ) ;
#602 = CIRCLE ( 'NONE', #3095, 2.399999999999999467 ) ;
#603 = ORIENTED_EDGE ( 'NONE', *, *, #413, .T. ) ;
#604 = CARTESIAN_POINT ( 'NONE',  ( -52.50000000000000711, 9.549999999999998934, -17.30000000000001847 ) ) ;
#605 = VERTEX_POINT ( 'NONE', #1868 ) ;
#606 = AXIS2_PLACEMENT_3D ( 'NONE', #4356, #1298, #4402 ) ;
#607 = AXIS2_PLACEMENT_3D ( 'NONE', #2086, #4185, #3463 ) ;
#608 = CARTESIAN_POINT ( 'NONE',  ( -52.00000000000000711, 7.000000000000012434, -6.149999999999993250 ) ) ;
#609 = ADVANCED_FACE ( 'NONE', ( #3989 ), #271, .T. ) ;
#610 = LINE ( 'NONE', #3261, #3359 ) ;
#611 = EDGE_CURVE ( 'NONE', #705, #515, #911, .T. ) ;
#612 = CARTESIAN_POINT ( 'NONE',  ( 35.32000000000000739, -19.96000000000001151, 5.000000000000000000 ) ) ;
#613 = ADVANCED_FACE ( 'NONE', ( #2977, #1624, #4371 ), #510, .T. ) ;
#614 = LINE ( 'NONE', #1252, #1487 ) ;
#615 = DIRECTION ( 'NONE',  ( 0.000000000000000000, 0.000000000000000000, 1.000000000000000000 ) ) ;
#616 = ORIENTED_EDGE ( 'NONE', *, *, #788, .T. ) ;
#617 = CARTESIAN_POINT ( 'NONE',  ( 3.570000000000003837, -19.96000000000001506, -4.949747468305842446 ) ) ;
#618 = CIRCLE ( 'NONE', #3105, 3.499999999999999556 ) ;
#619 = CIRCLE ( 'NONE', #3335, 1.899999999999999023 ) ;
#620 = AXIS2_PLACEMENT_3D ( 'NONE', #373, #3805, #981 ) ;
#621 = VECTOR ( 'NONE', #4107, 1000.000000000000000 ) ;
#622 = CARTESIAN_POINT ( 'NONE',  ( -36.60000000000000142, 24.49999999999999289, 10.00000000000000000 ) ) ;
#623 = ORIENTED_EDGE ( 'NONE', *, *, #592, .F. ) ;
#624 = DIRECTION ( 'NONE',  ( 1.000000000000000000, -2.312964634635742957E-16, -0.000000000000000000 ) ) ;
#625 = VERTEX_POINT ( 'NONE', #2220 ) ;
#626 = VECTOR ( 'NONE', #2183, 1000.000000000000000 ) ;
#627 = ORIENTED_EDGE ( 'NONE', *, *, #1195, .T. ) ;
#628 = CARTESIAN_POINT ( 'NONE',  ( -37.25000000000001421, 14.72499999999999787, 9.949747468305840670 ) ) ;
#629 = ORIENTED_EDGE ( 'NONE', *, *, #1919, .F. ) ;
#630 = FACE_OUTER_BOUND ( 'NONE', #2413, .T. ) ;
#631 = ORIENTED_EDGE ( 'NONE', *, *, #280, .F. ) ;
#632 = DIRECTION ( 'NONE',  ( 1.000000000000000000, -2.312964634635742957E-16, -0.000000000000000000 ) ) ;
#633 = LINE ( 'NONE', #3446, #651 ) ;
#634 = DIRECTION ( 'NONE',  ( 1.000000000000000000, 0.000000000000000000, 0.000000000000000000 ) ) ;
#635 = DIRECTION ( 'NONE',  ( 1.000000000000000000, -0.000000000000000000, -0.000000000000000000 ) ) ;
#636 = DIRECTION ( 'NONE',  ( 1.000000000000000000, -2.312964634635742957E-16, 0.000000000000000000 ) ) ;
#637 = ORIENTED_EDGE ( 'NONE', *, *, #1802, .F. ) ;
#638 = DIRECTION ( 'NONE',  ( -0.000000000000000000, -0.000000000000000000, -1.000000000000000000 ) ) ;
#639 = LINE ( 'NONE', #1279, #24 ) ;
#640 = VERTEX_POINT ( 'NONE', #224 ) ;
#641 = FACE_OUTER_BOUND ( 'NONE', #1844, .T. ) ;
#642 = EDGE_LOOP ( 'NONE', ( #29, #3683, #3403, #595 ) ) ;
#643 = AXIS2_PLACEMENT_3D ( 'NONE', #985, #2707, #376 ) ;
#644 = EDGE_LOOP ( 'NONE', ( #1629, #1792, #80, #1255 ) ) ;
#645 = CARTESIAN_POINT ( 'NONE',  ( -47.50000000000000711, 7.000000000000011546, -6.149999999999993250 ) ) ;
#646 = ORIENTED_EDGE ( 'NONE', *, *, #2383, .F. ) ;
#647 = DIRECTION ( 'NONE',  ( -0.000000000000000000, 1.000000000000000000, -0.000000000000000000 ) ) ;
#648 = EDGE_LOOP ( 'NONE', ( #2290, #3677 ) ) ;
#649 = CYLINDRICAL_SURFACE ( 'NONE', #325, 3.499999999999996003 ) ;
#650 = CARTESIAN_POINT ( 'NONE',  ( -84.01999999999999602, -10.05000000000000071, 14.69999999999997620 ) ) ;
#651 = VECTOR ( 'NONE', #1986, 1000.000000000000000 ) ;
#652 = DIRECTION ( 'NONE',  ( -1.000000000000000000, -0.000000000000000000, -0.000000000000000000 ) ) ;
#653 = FACE_BOUND ( 'NONE', #3323, .T. ) ;
#654 = DIRECTION ( 'NONE',  ( 0.000000000000000000, -1.000000000000000000, 0.000000000000000000 ) ) ;
#655 = ORIENTED_EDGE ( 'NONE', *, *, #3294, .T. ) ;
#656 = CARTESIAN_POINT ( 'NONE',  ( -36.60000000000000142, 24.49999999999999289, 9.500000000000000000 ) ) ;
#657 = CARTESIAN_POINT ( 'NONE',  ( -41.39999999999999858, -24.50000000000001066, 10.00000000000000000 ) ) ;
#658 = VERTEX_POINT ( 'NONE', #3599 ) ;
#659 = CARTESIAN_POINT ( 'NONE',  ( 19.00000000000000355, 24.49999999999999289, 5.000000000000000000 ) ) ;
#660 = ORIENTED_EDGE ( 'NONE', *, *, #3522, .T. ) ;
#661 = ADVANCED_FACE ( 'NONE', ( #3643 ), #537, .F. ) ;
#662 = EDGE_CURVE ( 'NONE', #4276, #4366, #1272, .T. ) ;
#663 = ADVANCED_FACE ( 'NONE', ( #4009 ), #938, .F. ) ;
#664 = VERTEX_POINT ( 'NONE', #2294 ) ;
#665 = DIRECTION ( 'NONE',  ( 1.000000000000000000, 0.000000000000000000, 0.000000000000000000 ) ) ;
#666 = ORIENTED_EDGE ( 'NONE', *, *, #99, .F. ) ;
#667 = LINE ( 'NONE', #331, #1805 ) ;
#668 = ORIENTED_EDGE ( 'NONE', *, *, #1830, .T. ) ;
#669 = DIRECTION ( 'NONE',  ( -1.000000000000000000, 0.000000000000000000, 0.000000000000000000 ) ) ;
#670 = AXIS2_PLACEMENT_3D ( 'NONE', #3552, #2475, #486 ) ;
#671 = FILL_AREA_STYLE_COLOUR ( '', #2498 ) ;
#672 = AXIS2_PLACEMENT_3D ( 'NONE', #2042, #1330, #2364 ) ;
#673 = ADVANCED_FACE ( 'NONE', ( #3578 ), #1553, .F. ) ;
#674 = AXIS2_PLACEMENT_3D ( 'NONE', #3230, #3333, #4319 ) ;
#675 = AXIS2_PLACEMENT_3D ( 'NONE', #1641, #1712, #3014 ) ;
#676 = CYLINDRICAL_SURFACE ( 'NONE', #357, 1.899999999999999023 ) ;
#677 = ORIENTED_EDGE ( 'NONE', *, *, #3854, .T. ) ;
#678 = PLANE ( 'NONE',  #4057 ) ;
#679 = PLANE ( 'NONE',  #2520 ) ;
#680 = EDGE_LOOP ( 'NONE', ( #2549, #3394 ) ) ;
#681 = CIRCLE ( 'NONE', #1247, 1.900000000000002354 ) ;
#682 = CARTESIAN_POINT ( 'NONE',  ( -47.49999999999999289, -15.00000000000000178, -22.29999999999997584 ) ) ;
#683 = ORIENTED_EDGE ( 'NONE', *, *, #4248, .T. ) ;
#684 = AXIS2_PLACEMENT_3D ( 'NONE', #3525, #3821, #4187 ) ;
#685 = EDGE_CURVE ( 'NONE', #1270, #2727, #3961, .T. ) ;
#686 = CIRCLE ( 'NONE', #540, 1.500000000000001332 ) ;
#687 = AXIS2_PLACEMENT_3D ( 'NONE', #18, #3787, #1361 ) ;
#688 = ORIENTED_EDGE ( 'NONE', *, *, #2104, .T. ) ;
#689 = EDGE_CURVE ( 'NONE', #1570, #1743, #1340, .T. ) ;
#690 = CARTESIAN_POINT ( 'NONE',  ( 19.00000000000000355, -24.50000000000001066, 5.000000000000000000 ) ) ;
#691 = ORIENTED_EDGE ( 'NONE', *, *, #841, .T. ) ;
#692 = AXIS2_PLACEMENT_3D ( 'NONE', #1193, #1882, #3253 ) ;
#693 = DIRECTION ( 'NONE',  ( 0.000000000000000000, 1.000000000000000000, 0.000000000000000000 ) ) ;
#694 = ORIENTED_EDGE ( 'NONE', *, *, #335, .F. ) ;
#695 = AXIS2_PLACEMENT_3D ( 'NONE', #775, #3109, #3491 ) ;
#696 = PLANE ( 'NONE',  #620 ) ;
#697 = LINE ( 'NONE', #4433, #3336 ) ;
#698 = DIRECTION ( 'NONE',  ( 0.000000000000000000, 0.000000000000000000, 1.000000000000000000 ) ) ;
#699 = DIRECTION ( 'NONE',  ( -0.000000000000000000, 1.000000000000000000, -0.000000000000000000 ) ) ;
#700 = EDGE_LOOP ( 'NONE', ( #2675, #142, #1080, #3037 ) ) ;
#701 = FACE_BOUND ( 'NONE', #1542, .T. ) ;
#702 = DIRECTION ( 'NONE',  ( 1.000000000000000000, 0.000000000000000000, 0.000000000000000000 ) ) ;
#703 = VERTEX_POINT ( 'NONE', #3692 ) ;
#704 = FACE_OUTER_BOUND ( 'NONE', #1589, .T. ) ;
#705 = VERTEX_POINT ( 'NONE', #960 ) ;
#706 = DIRECTION ( 'NONE',  ( 0.000000000000000000, 0.000000000000000000, 1.000000000000000000 ) ) ;
#707 = DIRECTION ( 'NONE',  ( -1.000000000000000000, 0.000000000000000000, 0.000000000000000000 ) ) ;
#708 = VERTEX_POINT ( 'NONE', #1314 ) ;
#709 = DIRECTION ( 'NONE',  ( 0.000000000000000000, -1.000000000000000000, 0.000000000000000000 ) ) ;
#710 = EDGE_LOOP ( 'NONE', ( #1817, #3132 ) ) ;
#711 = DIRECTION ( 'NONE',  ( -0.000000000000000000, -0.000000000000000000, 1.000000000000000000 ) ) ;
#712 = CARTESIAN_POINT ( 'NONE',  ( -48.55000000000000426, 20.19689110867544102, 20.00000000000000000 ) ) ;
#713 = VECTOR ( 'NONE', #3695, 1000.000000000000000 ) ;
#714 = ADVANCED_FACE ( 'NONE', ( #3066 ), #2056, .F. ) ;
#715 = VECTOR ( 'NONE', #3428, 1000.000000000000000 ) ;
#716 = CARTESIAN_POINT ( 'NONE',  ( -74.51833024919777415, -14.24999999999999822, 7.800000000000023803 ) ) ;
#717 = VERTEX_POINT ( 'NONE', #3765 ) ;
#718 = FACE_BOUND ( 'NONE', #1210, .T. ) ;
#719 = DIRECTION ( 'NONE',  ( 1.000000000000000000, -2.312964634635742957E-16, -0.000000000000000000 ) ) ;
#720 = VERTEX_POINT ( 'NONE', #2684 ) ;
#721 = DIRECTION ( 'NONE',  ( -0.000000000000000000, -0.000000000000000000, -1.000000000000000000 ) ) ;
#722 = VERTEX_POINT ( 'NONE', #650 ) ;
#723 = VECTOR ( 'NONE', #2501, 1000.000000000000000 ) ;
#724 = LINE ( 'NONE', #3839, #1918 ) ;
#725 = FACE_OUTER_BOUND ( 'NONE', #2588, .T. ) ;
#726 = ORIENTED_EDGE ( 'NONE', *, *, #1590, .T. ) ;
#727 = DIRECTION ( 'NONE',  ( 1.000000000000000000, 0.000000000000000000, 0.000000000000000000 ) ) ;
#728 = ORIENTED_EDGE ( 'NONE', *, *, #2638, .F. ) ;
#729 = EDGE_CURVE ( 'NONE', #3063, #568, #4434, .T. ) ;
#730 = CARTESIAN_POINT ( 'NONE',  ( -48.55000000000000426, -5.000000000000010658, 14.70000000000002416 ) ) ;
#731 =( NAMED_UNIT ( * ) PLANE_ANGLE_UNIT ( ) SI_UNIT ( $, .RADIAN. ) );
#732 = DIRECTION ( 'NONE',  ( 0.000000000000000000, 0.000000000000000000, -1.000000000000000000 ) ) ;
#733 = EDGE_CURVE ( 'NONE', #1613, #806, #3020, .T. ) ;
#734 = CARTESIAN_POINT ( 'NONE',  ( 16.60000000000000497, 24.49999999999999289, 10.00000000000000000 ) ) ;
#735 = EDGE_CURVE ( 'NONE', #708, #768, #4394, .T. ) ;
#736 = ADVANCED_FACE ( 'NONE', ( #4128 ), #2359, .F. ) ;
#737 = ORIENTED_EDGE ( 'NONE', *, *, #986, .T. ) ;
#738 = AXIS2_PLACEMENT_3D ( 'NONE', #3530, #1778, #4214 ) ;
#739 = DIRECTION ( 'NONE',  ( 0.000000000000000000, 0.000000000000000000, 1.000000000000000000 ) ) ;
#740 = CIRCLE ( 'NONE', #1948, 0.5000000000000004441 ) ;
#741 = DIRECTION ( 'NONE',  ( -0.000000000000000000, -0.000000000000000000, 1.000000000000000000 ) ) ;
#742 = VERTEX_POINT ( 'NONE', #1007 ) ;
#743 = DIRECTION ( 'NONE',  ( -1.000000000000000000, 2.312964634635742957E-16, -0.000000000000000000 ) ) ;
#744 = ORIENTED_EDGE ( 'NONE', *, *, #2131, .T. ) ;
#745 = DIRECTION ( 'NONE',  ( 0.000000000000000000, 1.000000000000000000, 0.000000000000000000 ) ) ;
#746 = CARTESIAN_POINT ( 'NONE',  ( -48.25000000000000711, 7.000000000000011546, -16.14999999999999858 ) ) ;
#747 = ORIENTED_EDGE ( 'NONE', *, *, #427, .F. ) ;
#748 = DIRECTION ( 'NONE',  ( -0.000000000000000000, -0.000000000000000000, 1.000000000000000000 ) ) ;
#749 = ORIENTED_EDGE ( 'NONE', *, *, #3246, .T. ) ;
#750 = AXIS2_PLACEMENT_3D ( 'NONE', #1202, #197, #2589 ) ;
#751 = AXIS2_PLACEMENT_3D ( 'NONE', #186, #1215, #1545 ) ;
#752 = CARTESIAN_POINT ( 'NONE',  ( 0.000000000000000000, 0.000000000000000000, 25.00000000000000000 ) ) ;
#753 = AXIS2_PLACEMENT_3D ( 'NONE', #3885, #2514, #2148 ) ;
#754 = DIRECTION ( 'NONE',  ( -0.000000000000000000, -0.000000000000000000, 1.000000000000000000 ) ) ;
#755 = ORIENTED_EDGE ( 'NONE', *, *, #1573, .T. ) ;
#756 = AXIS2_PLACEMENT_3D ( 'NONE', #1159, #2208, #2600 ) ;
#757 = CARTESIAN_POINT ( 'NONE',  ( 33.57000000000000028, 20.03999999999998849, 0.000000000000000000 ) ) ;
#758 = AXIS2_PLACEMENT_3D ( 'NONE', #906, #3981, #1548 ) ;
#759 = LINE ( 'NONE', #441, #1926 ) ;
#760 = CARTESIAN_POINT ( 'NONE',  ( -39.00000000000000000, 24.49999999999999289, 5.000000000000000000 ) ) ;
#761 = CARTESIAN_POINT ( 'NONE',  ( 19.00000000000000355, -24.50000000000001066, 5.000000000000000000 ) ) ;
#762 = ORIENTED_EDGE ( 'NONE', *, *, #2657, .F. ) ;
#763 = CARTESIAN_POINT ( 'NONE',  ( -84.01999999999999602, 10.05000000000000071, 14.69999999999997620 ) ) ;
#764 = ORIENTED_EDGE ( 'NONE', *, *, #1995, .F. ) ;
#765 = CYLINDRICAL_SURFACE ( 'NONE', #1710, 1.750000000000001554 ) ;
#766 = EDGE_CURVE ( 'NONE', #977, #1270, #2136, .T. ) ;
#767 = DIRECTION ( 'NONE',  ( 1.000000000000000000, -2.312964634635742957E-16, 0.000000000000000000 ) ) ;
#768 = VERTEX_POINT ( 'NONE', #19 ) ;
#769 = LINE ( 'NONE', #3881, #3886 ) ;
#770 = ORIENTED_EDGE ( 'NONE', *, *, #4092, .F. ) ;
#771 = DIRECTION ( 'NONE',  ( -0.000000000000000000, -0.000000000000000000, -1.000000000000000000 ) ) ;
#772 = CARTESIAN_POINT ( 'NONE',  ( -48.25000000000000711, -10.54999999999999005, -16.14999999999999858 ) ) ;
#773 = DIRECTION ( 'NONE',  ( -0.000000000000000000, -0.000000000000000000, 1.000000000000000000 ) ) ;
#774 = AXIS2_PLACEMENT_3D ( 'NONE', #782, #706, #1041 ) ;
#775 = CARTESIAN_POINT ( 'NONE',  ( -47.50000000000000711, 14.99999999999999112, -75.60951894845304366 ) ) ;
#776 = AXIS2_PLACEMENT_3D ( 'NONE', #2771, #3721, #1052 ) ;
#777 = CARTESIAN_POINT ( 'NONE',  ( 33.57000000000000028, -19.96000000000001151, 0.000000000000000000 ) ) ;
#778 = ORIENTED_EDGE ( 'NONE', *, *, #3727, .T. ) ;
#779 = CARTESIAN_POINT ( 'NONE',  ( -74.51833024919777415, -15.00000000000000000, -12.30000000000005755 ) ) ;
#780 = EDGE_LOOP ( 'NONE', ( #3504, #1561 ) ) ;
#781 = ADVANCED_FACE ( 'NONE', ( #353, #1719 ), #2338, .T. ) ;
#782 = CARTESIAN_POINT ( 'NONE',  ( -39.00000000000000000, 24.49999999999999289, 9.500000000000000000 ) ) ;
#783 = CARTESIAN_POINT ( 'NONE',  ( 19.00000000000000355, 24.49999999999999289, 9.500000000000000000 ) ) ;
#784 = EDGE_LOOP ( 'NONE', ( #2396, #4328 ) ) ;
#785 = ADVANCED_FACE ( 'NONE', ( #2749 ), #3740, .F. ) ;
#786 = ADVANCED_FACE ( 'NONE', ( #374 ), #1050, .F. ) ;
#787 = EDGE_LOOP ( 'NONE', ( #3305, #1018, #1546, #3456 ) ) ;
#788 = EDGE_CURVE ( 'NONE', #231, #3995, #633, .T. ) ;
#789 = DIRECTION ( 'NONE',  ( 1.000000000000000000, 0.000000000000000000, 0.000000000000000000 ) ) ;
#790 = DIRECTION ( 'NONE',  ( -0.000000000000000000, -0.000000000000000000, -1.000000000000000000 ) ) ;
#791 = ORIENTED_EDGE ( 'NONE', *, *, #841, .F. ) ;
#792 = FACE_OUTER_BOUND ( 'NONE', #3495, .T. ) ;
#793 = DIRECTION ( 'NONE',  ( 0.000000000000000000, -1.000000000000000000, 0.000000000000000000 ) ) ;
#794 = DIRECTION ( 'NONE',  ( 1.000000000000000000, 0.000000000000000000, 0.000000000000000000 ) ) ;
#795 = EDGE_CURVE ( 'NONE', #2542, #1336, #581, .T. ) ;
#796 = CARTESIAN_POINT ( 'NONE',  ( -39.00000000000000000, 24.49999999999999289, 9.500000000000000000 ) ) ;
#797 = AXIS2_PLACEMENT_3D ( 'NONE', #2376, #2679, #1064 ) ;
#798 = CARTESIAN_POINT ( 'NONE',  ( -65.01666049839521122, -13.00000000000000000, 25.00000000000000000 ) ) ;
#799 = ORIENTED_EDGE ( 'NONE', *, *, #4376, .T. ) ;
#800 = AXIS2_PLACEMENT_3D ( 'NONE', #746, #453, #2108 ) ;
#801 = LINE ( 'NONE', #410, #2315 ) ;
#802 = ORIENTED_EDGE ( 'NONE', *, *, #2453, .T. ) ;
#803 = AXIS2_PLACEMENT_3D ( 'NONE', #1951, #902, #3976 ) ;
#804 = CIRCLE ( 'NONE', #3960, 1.750000000000001554 ) ;
#805 = CARTESIAN_POINT ( 'NONE',  ( -82.40999999999998238, -9.550000000000023803, -27.29999999999997229 ) ) ;
#806 = VERTEX_POINT ( 'NONE', #2314 ) ;
#807 = PLANE ( 'NONE',  #2522 ) ;
#808 = EDGE_LOOP ( 'NONE', ( #4202, #4053, #2330, #156 ) ) ;
#809 = MANIFOLD_SOLID_BREP ( 'Wytnij-wyci¹gniêcie21', #211 ) ;
#810 = CARTESIAN_POINT ( 'NONE',  ( -35.50000000000000711, -24.50000000000001066, 10.00000000000000000 ) ) ;
#811 = FACE_OUTER_BOUND ( 'NONE', #193, .T. ) ;
#812 = DIRECTION ( 'NONE',  ( 0.000000000000000000, 1.000000000000000000, 0.000000000000000000 ) ) ;
#813 = CARTESIAN_POINT ( 'NONE',  ( -45.55000000000000426, 10.07499999999999751, 11.77500000000002345 ) ) ;
#814 = VERTEX_POINT ( 'NONE', #1440 ) ;
#815 = AXIS2_PLACEMENT_3D ( 'NONE', #3193, #868, #894 ) ;
#816 = CARTESIAN_POINT ( 'NONE',  ( 33.57000000000000028, 20.03999999999998849, 0.000000000000000000 ) ) ;
#817 = AXIS2_PLACEMENT_3D ( 'NONE', #3263, #201, #3942 ) ;
#818 = AXIS2_PLACEMENT_3D ( 'NONE', #3777, #364, #301 ) ;
#819 = DIRECTION ( 'NONE',  ( 0.000000000000000000, 0.000000000000000000, -1.000000000000000000 ) ) ;
#820 = CARTESIAN_POINT ( 'NONE',  ( -44.30000000000000426, -20.19689110867545168, 16.44999999999999929 ) ) ;
#821 = CIRCLE ( 'NONE', #3337, 1.899999999999999023 ) ;
#822 = LINE ( 'NONE', #2184, #1727 ) ;
#823 = VERTEX_POINT ( 'NONE', #2492 ) ;
#824 = CYLINDRICAL_SURFACE ( 'NONE', #1250, 2.399999999999999467 ) ;
#825 = ORIENTED_EDGE ( 'NONE', *, *, #2316, .F. ) ;
#826 = DIRECTION ( 'NONE',  ( 0.000000000000000000, 0.000000000000000000, -1.000000000000000000 ) ) ;
#827 = ORIENTED_EDGE ( 'NONE', *, *, #3580, .T. ) ;
#828 = CARTESIAN_POINT ( 'NONE',  ( 31.82000000000000028, 20.03999999999998849, 5.000000000000000000 ) ) ;
#829 = ORIENTED_EDGE ( 'NONE', *, *, #354, .F. ) ;
#830 = CARTESIAN_POINT ( 'NONE',  ( 3.570000000000003837, 20.03999999999998494, -4.949747468305842446 ) ) ;
#831 = EDGE_CURVE ( 'NONE', #3977, #2653, #3646, .T. ) ;
#832 = DIRECTION ( 'NONE',  ( 1.000000000000000000, -2.312964634635742957E-16, 0.000000000000000000 ) ) ;
#833 = DIRECTION ( 'NONE',  ( 1.000000000000000000, -2.312964634635742957E-16, 0.000000000000000000 ) ) ;
#834 = ORIENTED_EDGE ( 'NONE', *, *, #4116, .F. ) ;
#835 = DIRECTION ( 'NONE',  ( 0.000000000000000000, 0.000000000000000000, -1.000000000000000000 ) ) ;
#836 = ORIENTED_EDGE ( 'NONE', *, *, #1575, .F. ) ;
#837 = CYLINDRICAL_SURFACE ( 'NONE', #2072, 1.500000000000001332 ) ;
#838 = DIRECTION ( 'NONE',  ( 1.000000000000000000, 0.000000000000000000, 0.000000000000000000 ) ) ;
#839 = EDGE_CURVE ( 'NONE', #1199, #3627, #2856, .T. ) ;
#840 = CARTESIAN_POINT ( 'NONE',  ( -39.00000000000000000, -24.50000000000001066, 5.000000000000000000 ) ) ;
#841 = EDGE_CURVE ( 'NONE', #3325, #2030, #1759, .T. ) ;
#842 = DIRECTION ( 'NONE',  ( 0.000000000000000000, 0.000000000000000000, -1.000000000000000000 ) ) ;
#843 = ORIENTED_EDGE ( 'NONE', *, *, #4192, .F. ) ;
#844 = FACE_BOUND ( 'NONE', #2887, .T. ) ;
#845 = VERTEX_POINT ( 'NONE', #3508 ) ;
#846 = CIRCLE ( 'NONE', #1359, 3.499999999999999556 ) ;
#847 = EDGE_CURVE ( 'NONE', #1223, #1046, #2786, .T. ) ;
#848 = PLANE ( 'NONE',  #3811 ) ;
#849 = EDGE_CURVE ( 'NONE', #3401, #3651, #1492, .T. ) ;
#850 = VERTEX_POINT ( 'NONE', #2808 ) ;
#851 = CARTESIAN_POINT ( 'NONE',  ( -43.55000000000000426, 27.39378221735088559, 25.00000000000000000 ) ) ;
#852 = ORIENTED_EDGE ( 'NONE', *, *, #122, .T. ) ;
#853 = ADVANCED_FACE ( 'NONE', ( #1843 ), #3847, .F. ) ;
#854 = VECTOR ( 'NONE', #4076, 1000.000000000000000 ) ;
#855 = DIRECTION ( 'NONE',  ( 1.000000000000000000, -2.312964634635742957E-16, -0.000000000000000000 ) ) ;
#856 = DIRECTION ( 'NONE',  ( 0.000000000000000000, 1.000000000000000000, -0.000000000000000000 ) ) ;
#857 = CARTESIAN_POINT ( 'NONE',  ( -39.00000000000000000, -28.00000000000001066, 5.000000000000000000 ) ) ;
#858 = VERTEX_POINT ( 'NONE', #102 ) ;
#859 = DIRECTION ( 'NONE',  ( -0.000000000000000000, 1.000000000000000000, -0.000000000000000000 ) ) ;
#860 = ORIENTED_EDGE ( 'NONE', *, *, #4360, .T. ) ;
#861 = DIRECTION ( 'NONE',  ( -0.000000000000000000, 1.000000000000000000, -0.000000000000000000 ) ) ;
#862 = CARTESIAN_POINT ( 'NONE',  ( -100.0499999999999972, 9.499999999999968026, 14.69999999999992824 ) ) ;
#863 = DIRECTION ( 'NONE',  ( 1.000000000000000000, 0.000000000000000000, 0.000000000000000000 ) ) ;
#864 = ADVANCED_FACE ( 'NONE', ( #4188 ), #1465, .T. ) ;
#865 = EDGE_CURVE ( 'NONE', #3914, #4139, #2649, .T. ) ;
#866 = EDGE_CURVE ( 'NONE', #3660, #3813, #143, .T. ) ;
#867 = DIRECTION ( 'NONE',  ( 0.000000000000000000, 0.000000000000000000, -1.000000000000000000 ) ) ;
#868 = DIRECTION ( 'NONE',  ( -0.000000000000000000, -1.156482317317871725E-16, 1.000000000000000000 ) ) ;
#869 = ORIENTED_EDGE ( 'NONE', *, *, #3614, .F. ) ;
#870 = DIRECTION ( 'NONE',  ( 0.000000000000000000, 0.000000000000000000, 1.000000000000000000 ) ) ;
#871 = ORIENTED_EDGE ( 'NONE', *, *, #3117, .T. ) ;
#872 = ADVANCED_FACE ( 'NONE', ( #459 ), #1822, .T. ) ;
#873 = LINE ( 'NONE', #900, #2154 ) ;
#874 = EDGE_LOOP ( 'NONE', ( #2063, #3878, #2463, #305 ) ) ;
#875 = CARTESIAN_POINT ( 'NONE',  ( -43.54999999999999005, -27.39378221735090690, 25.00000000000000000 ) ) ;
#876 = ORIENTED_EDGE ( 'NONE', *, *, #904, .F. ) ;
#877 = AXIS2_PLACEMENT_3D ( 'NONE', #3186, #103, #3489 ) ;
#878 = AXIS2_PLACEMENT_3D ( 'NONE', #4389, #2400, #1374 ) ;
#879 = DIRECTION ( 'NONE',  ( 1.000000000000000000, -2.312964634635742957E-16, 0.000000000000000000 ) ) ;
#880 = DIRECTION ( 'NONE',  ( 0.000000000000000000, 0.000000000000000000, 1.000000000000000000 ) ) ;
#881 = DIRECTION ( 'NONE',  ( 1.000000000000000000, 0.000000000000000000, -0.000000000000000000 ) ) ;
#882 = ORIENTED_EDGE ( 'NONE', *, *, #56, .T. ) ;
#883 = DIRECTION ( 'NONE',  ( 0.000000000000000000, 0.000000000000000000, -1.000000000000000000 ) ) ;
#884 = ORIENTED_EDGE ( 'NONE', *, *, #1830, .F. ) ;
#885 = DIRECTION ( 'NONE',  ( 1.000000000000000000, 0.000000000000000000, 0.000000000000000000 ) ) ;
#886 = CARTESIAN_POINT ( 'NONE',  ( -42.50000000000000000, 27.99999999999998934, 5.000000000000000000 ) ) ;
#887 = EDGE_CURVE ( 'NONE', #4091, #2333, #2424, .T. ) ;
#888 = DIRECTION ( 'NONE',  ( -0.000000000000000000, -0.000000000000000000, 1.000000000000000000 ) ) ;
#889 = VECTOR ( 'NONE', #1502, 1000.000000000000000 ) ;
#890 = CIRCLE ( 'NONE', #3408, 12.55000000000000071 ) ;
#891 = AXIS2_PLACEMENT_3D ( 'NONE', #4253, #2869, #189 ) ;
#892 = FACE_OUTER_BOUND ( 'NONE', #1096, .T. ) ;
#893 = AXIS2_PLACEMENT_3D ( 'NONE', #2192, #3142, #1085 ) ;
#894 = DIRECTION ( 'NONE',  ( 0.000000000000000000, -1.000000000000000000, 0.000000000000000000 ) ) ;
#895 = ORIENTED_EDGE ( 'NONE', *, *, #2061, .T. ) ;
#896 = VECTOR ( 'NONE', #1134, 1000.000000000000000 ) ;
#897 = DIRECTION ( 'NONE',  ( -1.000000000000000000, 0.000000000000000000, 0.000000000000000000 ) ) ;
#898 = ORIENTED_EDGE ( 'NONE', *, *, #203, .T. ) ;
#899 = CIRCLE ( 'NONE', #2170, 3.550000000000000711 ) ;
#900 = CARTESIAN_POINT ( 'NONE',  ( -42.50000000000000000, -28.00000000000001066, 5.000000000000000000 ) ) ;
#901 = ORIENTED_EDGE ( 'NONE', *, *, #1453, .F. ) ;
#902 = DIRECTION ( 'NONE',  ( 0.000000000000000000, -0.000000000000000000, -1.000000000000000000 ) ) ;
#903 = ORIENTED_EDGE ( 'NONE', *, *, #2368, .F. ) ;
#904 = EDGE_CURVE ( 'NONE', #814, #1406, #1070, .T. ) ;
#905 = CARTESIAN_POINT ( 'NONE',  ( 19.00000000000000355, 24.49999999999999289, 5.000000000000000000 ) ) ;
#906 = CARTESIAN_POINT ( 'NONE',  ( -48.25000000000000711, -6.999999999999988454, -16.14999999999999858 ) ) ;
#907 = LINE ( 'NONE', #506, #4087 ) ;
#908 = ORIENTED_EDGE ( 'NONE', *, *, #2576, .F. ) ;
#909 = LINE ( 'NONE', #269, #954 ) ;
#910 = ORIENTED_EDGE ( 'NONE', *, *, #63, .T. ) ;
#911 = LINE ( 'NONE', #198, #4150 ) ;
#912 = ADVANCED_FACE ( 'NONE', ( #1482 ), #2515, .F. ) ;
#913 = FACE_OUTER_BOUND ( 'NONE', #4278, .T. ) ;
#914 = EDGE_CURVE ( 'NONE', #1885, #1700, #1072, .T. ) ;
#915 = DIRECTION ( 'NONE',  ( 0.000000000000000000, -1.000000000000000000, 0.000000000000000000 ) ) ;
#916 = CYLINDRICAL_SURFACE ( 'NONE', #1323, 1.500000000000001332 ) ;
#917 = ORIENTED_EDGE ( 'NONE', *, *, #1577, .T. ) ;
#918 = CARTESIAN_POINT ( 'NONE',  ( -82.40999999999998238, 9.549999999999988276, -27.29999999999997229 ) ) ;
#919 = ORIENTED_EDGE ( 'NONE', *, *, #1850, .T. ) ;
#920 = FACE_OUTER_BOUND ( 'NONE', #3588, .T. ) ;
#921 = ORIENTED_EDGE ( 'NONE', *, *, #1184, .T. ) ;
#922 = CIRCLE ( 'NONE', #3431, 1.750000000000001554 ) ;
#923 = CARTESIAN_POINT ( 'NONE',  ( -44.30000000000000426, -20.19689110867545168, 20.00000000000000000 ) ) ;
#924 = ORIENTED_EDGE ( 'NONE', *, *, #3501, .F. ) ;
#925 = ADVANCED_FACE ( 'NONE', ( #2944 ), #2870, .F. ) ;
#926 = AXIS2_PLACEMENT_3D ( 'NONE', #3828, #2521, #4258 ) ;
#927 = AXIS2_PLACEMENT_3D ( 'NONE', #4040, #2342, #1944 ) ;
#928 = LINE ( 'NONE', #4002, #471 ) ;
#929 = ORIENTED_EDGE ( 'NONE', *, *, #196, .T. ) ;
#930 = EDGE_CURVE ( 'NONE', #2050, #4431, #4153, .T. ) ;
#931 = ADVANCED_FACE ( 'NONE', ( #4343 ), #601, .T. ) ;
#932 = CARTESIAN_POINT ( 'NONE',  ( -74.51833024919777415, -10.49999999999999822, -12.30000000000005755 ) ) ;
#933 = ORIENTED_EDGE ( 'NONE', *, *, #3503, .T. ) ;
#934 = PLANE ( 'NONE',  #3027 ) ;
#935 = EDGE_LOOP ( 'NONE', ( #3444, #187 ) ) ;
#936 = VECTOR ( 'NONE', #60, 1000.000000000000000 ) ;
#937 = EDGE_CURVE ( 'NONE', #1333, #3331, #577, .T. ) ;
#938 = CYLINDRICAL_SURFACE ( 'NONE', #3720, 1.900000000000002354 ) ;
#939 = CARTESIAN_POINT ( 'NONE',  ( -39.00000000000000000, -24.50000000000001066, 10.00000000000000000 ) ) ;
#940 = AXIS2_PLACEMENT_3D ( 'NONE', #249, #636, #588 ) ;
#941 = DIRECTION ( 'NONE',  ( 1.000000000000000000, 0.000000000000000000, 0.000000000000000000 ) ) ;
#942 = CARTESIAN_POINT ( 'NONE',  ( -74.51833024919777415, 14.24999999999999822, 9.700000000000025935 ) ) ;
#943 = VERTEX_POINT ( 'NONE', #1595 ) ;
#944 = FACE_OUTER_BOUND ( 'NONE', #27, .T. ) ;
#945 = CARTESIAN_POINT ( 'NONE',  ( -43.55000000000000426, -20.19689110867545168, 16.44999999999999929 ) ) ;
#946 = LINE ( 'NONE', #2735, #3815 ) ;
#947 = ORIENTED_EDGE ( 'NONE', *, *, #1162, .F. ) ;
#948 = DIRECTION ( 'NONE',  ( 0.000000000000000000, 0.000000000000000000, 1.000000000000000000 ) ) ;
#949 = ORIENTED_EDGE ( 'NONE', *, *, #2452, .F. ) ;
#950 = CARTESIAN_POINT ( 'NONE',  ( -43.55000000000000426, 10.07499999999999751, 7.775000000000025224 ) ) ;
#951 = DIRECTION ( 'NONE',  ( -0.000000000000000000, 1.000000000000000000, -0.000000000000000000 ) ) ;
#952 = ORIENTED_EDGE ( 'NONE', *, *, #1881, .F. ) ;
#953 = LINE ( 'NONE', #3780, #3162 ) ;
#954 = VECTOR ( 'NONE', #2243, 1000.000000000000000 ) ;
#955 = ORIENTED_EDGE ( 'NONE', *, *, #4178, .T. ) ;
#956 = DIRECTION ( 'NONE',  ( -0.000000000000000000, -0.000000000000000000, 1.000000000000000000 ) ) ;
#957 = ORIENTED_EDGE ( 'NONE', *, *, #1067, .F. ) ;
#958 = AXIS2_PLACEMENT_3D ( 'NONE', #1418, #4207, #1435 ) ;
#959 = AXIS2_PLACEMENT_3D ( 'NONE', #3324, #2940, #2990 ) ;
#960 = CARTESIAN_POINT ( 'NONE',  ( -65.01666049839522543, -15.00000000000000000, 0.000000000000000000 ) ) ;
#961 = FACE_OUTER_BOUND ( 'NONE', #1905, .T. ) ;
#962 = CARTESIAN_POINT ( 'NONE',  ( 42.50000000000000000, 27.99999999999999289, 5.000000000000000000 ) ) ;
#963 = DIRECTION ( 'NONE',  ( -1.000000000000000000, 2.312964634635742957E-16, -0.000000000000000000 ) ) ;
#964 = VERTEX_POINT ( 'NONE', #2216 ) ;
#965 = LINE ( 'NONE', #2325, #1750 ) ;
#966 = CIRCLE ( 'NONE', #3469, 3.549999999999997602 ) ;
#967 = CIRCLE ( 'NONE', #2169, 1.900000000000002354 ) ;
#968 = VECTOR ( 'NONE', #2423, 1000.000000000000000 ) ;
#969 = CIRCLE ( 'NONE', #1535, 3.499999999999999556 ) ;
#970 = CIRCLE ( 'NONE', #1111, 3.499999999999999556 ) ;
#971 = FACE_OUTER_BOUND ( 'NONE', #974, .T. ) ;
#972 = VERTEX_POINT ( 'NONE', #3955 ) ;
#973 = LINE ( 'NONE', #1332, #326 ) ;
#974 = EDGE_LOOP ( 'NONE', ( #3865, #1287 ) ) ;
#975 = DIRECTION ( 'NONE',  ( 0.000000000000000000, 1.000000000000000000, 0.000000000000000000 ) ) ;
#976 = PLANE ( 'NONE',  #1030 ) ;
#977 = VERTEX_POINT ( 'NONE', #168 ) ;
#978 = PLANE ( 'NONE',  #1740 ) ;
#979 = ORIENTED_EDGE ( 'NONE', *, *, #4117, .T. ) ;
#980 = ADVANCED_FACE ( 'NONE', ( #1170 ), #3934, .F. ) ;
#981 = DIRECTION ( 'NONE',  ( 0.000000000000000000, 1.000000000000000000, 2.312964634635743450E-16 ) ) ;
#982 = FACE_BOUND ( 'NONE', #2922, .T. ) ;
#983 = DIRECTION ( 'NONE',  ( 0.000000000000000000, 1.000000000000000000, 0.000000000000000000 ) ) ;
#984 = CARTESIAN_POINT ( 'NONE',  ( 19.00000000000000355, 24.49999999999999289, 9.500000000000000000 ) ) ;
#985 = CARTESIAN_POINT ( 'NONE',  ( -44.30000000000000426, -20.19689110867545168, 20.00000000000000000 ) ) ;
#986 = EDGE_CURVE ( 'NONE', #2401, #261, #2539, .T. ) ;
#987 = EDGE_CURVE ( 'NONE', #2947, #1074, #3330, .T. ) ;
#988 = FACE_OUTER_BOUND ( 'NONE', #808, .T. ) ;
#989 = ORIENTED_EDGE ( 'NONE', *, *, #2557, .T. ) ;
#990 = DIRECTION ( 'NONE',  ( -1.000000000000000000, 0.000000000000000000, 0.000000000000000000 ) ) ;
#991 = DIRECTION ( 'NONE',  ( -0.000000000000000000, -0.000000000000000000, -1.000000000000000000 ) ) ;
#992 = EDGE_LOOP ( 'NONE', ( #1331, #4284, #3100, #265 ) ) ;
#993 = DIRECTION ( 'NONE',  ( -0.000000000000000000, -1.000000000000000000, -2.312964634635743450E-16 ) ) ;
#994 = ORIENTED_EDGE ( 'NONE', *, *, #3285, .F. ) ;
#995 = EDGE_CURVE ( 'NONE', #2140, #1016, #266, .T. ) ;
#996 = MECHANICAL_DESIGN_GEOMETRIC_PRESENTATION_REPRESENTATION (  '', ( #3276 ), #3714 ) ;
#997 = FILL_AREA_STYLE ('',( #1979 ) ) ;
#998 = EDGE_CURVE ( 'NONE', #495, #2091, #2352, .T. ) ;
#999 = ORIENTED_EDGE ( 'NONE', *, *, #3524, .T. ) ;
#1000 = CARTESIAN_POINT ( 'NONE',  ( 3.570000000000003837, 20.03999999999998494, -4.949747468305842446 ) ) ;
#1001 = EDGE_CURVE ( 'NONE', #2910, #2947, #2287, .T. ) ;
#1002 = EDGE_LOOP ( 'NONE', ( #802, #2804 ) ) ;
#1003 = CARTESIAN_POINT ( 'NONE',  ( 33.57000000000000028, -19.96000000000001151, 5.000000000000000000 ) ) ;
#1004 = EDGE_LOOP ( 'NONE', ( #2069, #4424 ) ) ;
#1005 = CIRCLE ( 'NONE', #1716, 1.899999999999999023 ) ;
#1006 = DIRECTION ( 'NONE',  ( -0.000000000000000000, -2.312964634635743450E-16, 1.000000000000000000 ) ) ;
#1007 = CARTESIAN_POINT ( 'NONE',  ( -43.55000000000000426, -20.19689110867545168, 23.55000000000000071 ) ) ;
#1008 = PLANE ( 'NONE',  #4222 ) ;
#1009 = DIRECTION ( 'NONE',  ( 1.000000000000000000, -2.312964634635742957E-16, 0.000000000000000000 ) ) ;
#1010 = ORIENTED_EDGE ( 'NONE', *, *, #2723, .T. ) ;
#1011 = DIRECTION ( 'NONE',  ( -0.000000000000000000, -0.000000000000000000, 1.000000000000000000 ) ) ;
#1012 = EDGE_CURVE ( 'NONE', #4186, #3998, #907, .T. ) ;
#1013 = EDGE_CURVE ( 'NONE', #814, #3479, #222, .T. ) ;
#1014 = ADVANCED_FACE ( 'NONE', ( #3277 ), #3228, .F. ) ;
#1015 = DIRECTION ( 'NONE',  ( 1.000000000000000000, 0.000000000000000000, 0.000000000000000000 ) ) ;
#1016 = VERTEX_POINT ( 'NONE', #857 ) ;
#1017 = LINE ( 'NONE', #682, #2039 ) ;
#1018 = ORIENTED_EDGE ( 'NONE', *, *, #839, .F. ) ;
#1019 = EDGE_CURVE ( 'NONE', #1125, #4184, #2573, .T. ) ;
#1020 = ORIENTED_EDGE ( 'NONE', *, *, #46, .T. ) ;
#1021 = CARTESIAN_POINT ( 'NONE',  ( 5.320000000000004725, 20.03999999999998494, -4.949747468305842446 ) ) ;
#1022 = ORIENTED_EDGE ( 'NONE', *, *, #1348, .F. ) ;
#1023 = CARTESIAN_POINT ( 'NONE',  ( -43.55000000000000426, 20.19689110867544102, 16.44999999999999929 ) ) ;
#1024 = ORIENTED_EDGE ( 'NONE', *, *, #4032, .T. ) ;
#1025 = FACE_OUTER_BOUND ( 'NONE', #4386, .T. ) ;
#1026 = CIRCLE ( 'NONE', #239, 1.899999999999998135 ) ;
#1027 = CARTESIAN_POINT ( 'NONE',  ( -37.50000000000000000, -24.50000000000001066, 0.7573593128807065700 ) ) ;
#1028 = AXIS2_PLACEMENT_3D ( 'NONE', #2135, #1087, #2541 ) ;
#1029 = AXIS2_PLACEMENT_3D ( 'NONE', #1165, #1879, #1262 ) ;
#1030 = AXIS2_PLACEMENT_3D ( 'NONE', #4026, #1665, #2332 ) ;
#1031 = DIRECTION ( 'NONE',  ( -0.000000000000000000, -1.000000000000000000, -0.000000000000000000 ) ) ;
#1032 = ORIENTED_EDGE ( 'NONE', *, *, #464, .T. ) ;
#1033 = CARTESIAN_POINT ( 'NONE',  ( -82.40999999999998238, -12.55000000000001847, -27.29999999999997229 ) ) ;
#1034 = FACE_OUTER_BOUND ( 'NONE', #4003, .T. ) ;
#1035 = ORIENTED_EDGE ( 'NONE', *, *, #263, .T. ) ;
#1036 = DIRECTION ( 'NONE',  ( -0.000000000000000000, 0.000000000000000000, 1.000000000000000000 ) ) ;
#1037 = ORIENTED_EDGE ( 'NONE', *, *, #3094, .T. ) ;
#1038 = AXIS2_PLACEMENT_3D ( 'NONE', #38, #2767, #2073 ) ;
#1039 = VECTOR ( 'NONE', #4020, 1000.000000000000000 ) ;
#1040 = AXIS2_PLACEMENT_3D ( 'NONE', #3203, #3570, #3301 ) ;
#1041 = DIRECTION ( 'NONE',  ( 1.000000000000000000, 0.000000000000000000, 0.000000000000000000 ) ) ;
#1042 = DIRECTION ( 'NONE',  ( 1.000000000000000000, 0.000000000000000000, 0.000000000000000000 ) ) ;
#1043 = EDGE_LOOP ( 'NONE', ( #3155, #1263, #2109, #1667 ) ) ;
#1044 = CIRCLE ( 'NONE', #893, 3.550000000000000711 ) ;
#1045 = CYLINDRICAL_SURFACE ( 'NONE', #1236, 1.500000000000001332 ) ;
#1046 = VERTEX_POINT ( 'NONE', #1884 ) ;
#1047 = EDGE_CURVE ( 'NONE', #2644, #2312, #2266, .T. ) ;
#1048 = CARTESIAN_POINT ( 'NONE',  ( -48.55000000000000426, 20.19689110867544102, 18.10000000000000142 ) ) ;
#1049 = FACE_BOUND ( 'NONE', #4249, .T. ) ;
#1050 = CYLINDRICAL_SURFACE ( 'NONE', #1563, 1.750000000000000666 ) ;
#1051 = ADVANCED_FACE ( 'NONE', ( #3637 ), #2921, .T. ) ;
#1052 = DIRECTION ( 'NONE',  ( 1.000000000000000000, 0.000000000000000000, 0.000000000000000000 ) ) ;
#1053 = VERTEX_POINT ( 'NONE', #4428 ) ;
#1054 = EDGE_CURVE ( 'NONE', #3224, #14, #4156, .T. ) ;
#1055 = DIRECTION ( 'NONE',  ( 0.000000000000000000, -1.000000000000000000, 0.000000000000000000 ) ) ;
#1056 = CARTESIAN_POINT ( 'NONE',  ( -48.25000000000000711, -6.999999999999988454, -6.149999999999995026 ) ) ;
#1057 = ORIENTED_EDGE ( 'NONE', *, *, #2725, .T. ) ;
#1058 = DIRECTION ( 'NONE',  ( 0.000000000000000000, 1.156482317317871725E-16, -1.000000000000000000 ) ) ;
#1059 = ORIENTED_EDGE ( 'NONE', *, *, #1127, .T. ) ;
#1060 = DIRECTION ( 'NONE',  ( 0.000000000000000000, 0.000000000000000000, -1.000000000000000000 ) ) ;
#1061 = CARTESIAN_POINT ( 'NONE',  ( -52.00000000000000711, 5.100000000000013856, -16.14999999999999858 ) ) ;
#1062 = ORIENTED_EDGE ( 'NONE', *, *, #146, .F. ) ;
#1063 = COLOUR_RGB ( '',0.000000000000000000, 0.000000000000000000, 1.000000000000000000 ) ;
#1064 = DIRECTION ( 'NONE',  ( 1.000000000000000000, 0.000000000000000000, 0.000000000000000000 ) ) ;
#1065 = ORIENTED_EDGE ( 'NONE', *, *, #413, .F. ) ;
#1066 = EDGE_CURVE ( 'NONE', #100, #4075, #2791, .T. ) ;
#1067 = EDGE_CURVE ( 'NONE', #589, #3121, #4410, .T. ) ;
#1068 = EDGE_CURVE ( 'NONE', #3479, #1754, #2309, .T. ) ;
#1069 = CARTESIAN_POINT ( 'NONE',  ( -84.01999999999999602, 10.05000000000000071, -17.30000000000005755 ) ) ;
#1070 = LINE ( 'NONE', #3125, #4297 ) ;
#1071 = VECTOR ( 'NONE', #2904, 1000.000000000000000 ) ;
#1072 = CIRCLE ( 'NONE', #3576, 1.750000000000001554 ) ;
#1073 = CARTESIAN_POINT ( 'NONE',  ( -74.51833024919777415, 10.49999999999999822, -12.30000000000005755 ) ) ;
#1074 = VERTEX_POINT ( 'NONE', #329 ) ;
#1075 = CARTESIAN_POINT ( 'NONE',  ( -84.01999999999999602, -14.99999999999999645, 14.69999999999997620 ) ) ;
#1076 = AXIS2_PLACEMENT_3D ( 'NONE', #148, #754, #2116 ) ;
#1077 = DIRECTION ( 'NONE',  ( 1.000000000000000000, -2.312964634635742957E-16, -0.000000000000000000 ) ) ;
#1078 = EDGE_LOOP ( 'NONE', ( #898, #3751, #1888, #3268, #429, #3889, #744, #4047, #4359, #1692, #2362, #2629, #532, #2286, #3855, #755, #1774, #827, #4169, #2001, #288, #3759 ) ) ;
#1079 = CARTESIAN_POINT ( 'NONE',  ( -48.25000000000000711, -6.999999999999988454, -6.149999999999995026 ) ) ;
#1080 = ORIENTED_EDGE ( 'NONE', *, *, #733, .T. ) ;
#1081 = CARTESIAN_POINT ( 'NONE',  ( -84.01999999999999602, 14.99999999999998934, 14.69999999999997620 ) ) ;
#1082 = CARTESIAN_POINT ( 'NONE',  ( -65.01666049839552386, 15.00000000000000000, 25.00000000000000000 ) ) ;
#1083 = ORIENTED_EDGE ( 'NONE', *, *, #4196, .T. ) ;
#1084 = EDGE_LOOP ( 'NONE', ( #3810, #210 ) ) ;
#1085 = DIRECTION ( 'NONE',  ( 0.000000000000000000, 1.000000000000000000, 0.000000000000000000 ) ) ;
#1086 = CARTESIAN_POINT ( 'NONE',  ( 19.00000000000000355, -24.50000000000001066, 9.500000000000000000 ) ) ;
#1087 = DIRECTION ( 'NONE',  ( -1.000000000000000000, 2.312964634635742957E-16, -0.000000000000000000 ) ) ;
#1088 = VECTOR ( 'NONE', #2781, 1000.000000000000000 ) ;
#1089 = CARTESIAN_POINT ( 'NONE',  ( -74.51833024919777415, 14.24999999999999822, -12.30000000000005755 ) ) ;
#1090 = EDGE_LOOP ( 'NONE', ( #3965, #2482 ) ) ;
#1091 = AXIS2_PLACEMENT_3D ( 'NONE', #2832, #2587, #2946 ) ;
#1092 = CARTESIAN_POINT ( 'NONE',  ( -48.55000000000000426, 20.19689110867544102, 20.00000000000000000 ) ) ;
#1093 = CIRCLE ( 'NONE', #245, 3.549999999999997602 ) ;
#1094 = ADVANCED_FACE ( 'NONE', ( #2742 ), #3350, .F. ) ;
#1095 = DIRECTION ( 'NONE',  ( 0.000000000000000000, 1.000000000000000000, 0.000000000000000000 ) ) ;
#1096 = EDGE_LOOP ( 'NONE', ( #1642, #3586 ) ) ;
#1097 = DIRECTION ( 'NONE',  ( -0.000000000000000000, -0.000000000000000000, 1.000000000000000000 ) ) ;
#1098 = VERTEX_POINT ( 'NONE', #1619 ) ;
#1099 = FACE_OUTER_BOUND ( 'NONE', #1749, .T. ) ;
#1100 = DIRECTION ( 'NONE',  ( 0.000000000000000000, 0.000000000000000000, 1.000000000000000000 ) ) ;
#1101 = ORIENTED_EDGE ( 'NONE', *, *, #1001, .F. ) ;
#1102 = DIRECTION ( 'NONE',  ( 1.000000000000000000, 0.000000000000000000, 0.000000000000000000 ) ) ;
#1103 = ORIENTED_EDGE ( 'NONE', *, *, #4303, .F. ) ;
#1104 = AXIS2_PLACEMENT_3D ( 'NONE', #1556, #2930, #2569 ) ;
#1105 = CIRCLE ( 'NONE', #3766, 9.550000000000006040 ) ;
#1106 = LINE ( 'NONE', #2171, #2388 ) ;
#1107 = AXIS2_PLACEMENT_3D ( 'NONE', #752, #1439, #2444 ) ;
#1108 = ORIENTED_EDGE ( 'NONE', *, *, #196, .F. ) ;
#1109 = CIRCLE ( 'NONE', #4415, 1.750000000000000666 ) ;
#1110 = DIRECTION ( 'NONE',  ( 0.000000000000000000, 0.000000000000000000, 1.000000000000000000 ) ) ;
#1111 = AXIS2_PLACEMENT_3D ( 'NONE', #488, #2854, #1847 ) ;
#1112 = DIRECTION ( 'NONE',  ( 0.000000000000000000, 0.000000000000000000, 1.000000000000000000 ) ) ;
#1113 = DIRECTION ( 'NONE',  ( 0.000000000000000000, -1.000000000000000000, 0.000000000000000000 ) ) ;
#1114 = EDGE_CURVE ( 'NONE', #705, #943, #953, .T. ) ;
#1115 = EDGE_CURVE ( 'NONE', #1769, #1700, #1981, .T. ) ;
#1116 = CARTESIAN_POINT ( 'NONE',  ( -42.50000000000000000, 27.99999999999998934, 5.000000000000000000 ) ) ;
#1117 = ORIENTED_EDGE ( 'NONE', *, *, #2232, .T. ) ;
#1118 = DIRECTION ( 'NONE',  ( 0.000000000000000000, 1.000000000000000000, 0.000000000000000000 ) ) ;
#1119 = ORIENTED_EDGE ( 'NONE', *, *, #2896, .F. ) ;
#1120 = ADVANCED_FACE ( 'NONE', ( #2722 ), #287, .T. ) ;
#1121 = CARTESIAN_POINT ( 'NONE',  ( -42.50000000000000000, -28.00000000000001066, 0.000000000000000000 ) ) ;
#1122 = LINE ( 'NONE', #3482, #1088 ) ;
#1123 = ORIENTED_EDGE ( 'NONE', *, *, #3854, .F. ) ;
#1124 = CARTESIAN_POINT ( 'NONE',  ( -44.30000000000000426, 20.19689110867544102, 20.00000000000000000 ) ) ;
#1125 = VERTEX_POINT ( 'NONE', #4095 ) ;
#1126 = PLANE ( 'NONE',  #3405 ) ;
#1127 = EDGE_CURVE ( 'NONE', #2403, #768, #2228, .T. ) ;
#1128 = EDGE_CURVE ( 'NONE', #625, #4330, #1237, .T. ) ;
#1129 = DIRECTION ( 'NONE',  ( 0.000000000000000000, -1.000000000000000000, 0.000000000000000000 ) ) ;
#1130 = ORIENTED_EDGE ( 'NONE', *, *, #1258, .F. ) ;
#1131 = DIRECTION ( 'NONE',  ( 0.8660254037844367092, -0.5000000000000035527, 0.000000000000000000 ) ) ;
#1132 = DIRECTION ( 'NONE',  ( 0.8660254037844365982, -0.5000000000000035527, -0.000000000000000000 ) ) ;
#1133 = CIRCLE ( 'NONE', #4221, 1.750000000000001554 ) ;
#1134 = DIRECTION ( 'NONE',  ( 1.000000000000000000, -2.312964634635742957E-16, -0.000000000000000000 ) ) ;
#1135 = PLANE ( 'NONE',  #3447 ) ;
#1136 = EDGE_CURVE ( 'NONE', #3629, #4184, #3080, .T. ) ;
#1137 = ORIENTED_EDGE ( 'NONE', *, *, #383, .T. ) ;
#1138 =( GEOMETRIC_REPRESENTATION_CONTEXT ( 3 ) GLOBAL_UNCERTAINTY_ASSIGNED_CONTEXT ( ( #2917 ) ) GLOBAL_UNIT_ASSIGNED_CONTEXT ( ( #4146, #731, #2134 ) ) REPRESENTATION_CONTEXT ( 'NONE', 'WORKASPACE' ) );
#1139 = DIRECTION ( 'NONE',  ( 0.000000000000000000, 0.000000000000000000, 1.000000000000000000 ) ) ;
#1140 = VERTEX_POINT ( 'NONE', #1286 ) ;
#1141 = ADVANCED_FACE ( 'NONE', ( #2677 ), #3735, .F. ) ;
#1142 = DIRECTION ( 'NONE',  ( -2.312964634635742957E-16, -1.000000000000000000, 0.000000000000000000 ) ) ;
#1143 = CARTESIAN_POINT ( 'NONE',  ( 3.570000000000003837, -19.96000000000001506, 0.000000000000000000 ) ) ;
#1144 = ORIENTED_EDGE ( 'NONE', *, *, #1047, .T. ) ;
#1145 = DIRECTION ( 'NONE',  ( 0.000000000000000000, 1.000000000000000000, 0.000000000000000000 ) ) ;
#1146 = ORIENTED_EDGE ( 'NONE', *, *, #1310, .T. ) ;
#1147 = DIRECTION ( 'NONE',  ( 1.000000000000000000, 0.000000000000000000, 0.000000000000000000 ) ) ;
#1148 = DIRECTION ( 'NONE',  ( 0.000000000000000000, 0.000000000000000000, -1.000000000000000000 ) ) ;
#1149 = EDGE_LOOP ( 'NONE', ( #1517, #629, #48, #1190 ) ) ;
#1150 = CARTESIAN_POINT ( 'NONE',  ( -48.25000000000000711, 7.000000000000011546, -16.14999999999999858 ) ) ;
#1151 = FACE_BOUND ( 'NONE', #2298, .T. ) ;
#1152 = DIRECTION ( 'NONE',  ( 0.000000000000000000, 0.000000000000000000, 1.000000000000000000 ) ) ;
#1153 = DIRECTION ( 'NONE',  ( 1.000000000000000000, 0.000000000000000000, 0.000000000000000000 ) ) ;
#1154 = VECTOR ( 'NONE', #647, 1000.000000000000000 ) ;
#1155 = CARTESIAN_POINT ( 'NONE',  ( -40.50000000000000000, -24.50000000000001066, 0.7573593128807065700 ) ) ;
#1156 = LINE ( 'NONE', #2598, #152 ) ;
#1157 = ORIENTED_EDGE ( 'NONE', *, *, #2602, .T. ) ;
#1158 = CIRCLE ( 'NONE', #3313, 3.499999999999996003 ) ;
#1159 = CARTESIAN_POINT ( 'NONE',  ( 19.00000000000000355, 24.49999999999999289, 5.000000000000000000 ) ) ;
#1160 = ORIENTED_EDGE ( 'NONE', *, *, #342, .F. ) ;
#1161 = AXIS2_PLACEMENT_3D ( 'NONE', #141, #3484, #3139 ) ;
#1162 = EDGE_CURVE ( 'NONE', #2401, #3838, #4180, .T. ) ;
#1163 = CARTESIAN_POINT ( 'NONE',  ( 16.60000000000000497, -24.50000000000001066, 9.500000000000000000 ) ) ;
#1164 = ORIENTED_EDGE ( 'NONE', *, *, #2031, .T. ) ;
#1165 = CARTESIAN_POINT ( 'NONE',  ( 33.57000000000000028, -19.96000000000001151, -4.949747468305842446 ) ) ;
#1166 = ORIENTED_EDGE ( 'NONE', *, *, #1200, .F. ) ;
#1167 = DIRECTION ( 'NONE',  ( -1.000000000000000000, 4.325993705677822754E-17, -9.123502176980158065E-16 ) ) ;
#1168 = DIRECTION ( 'NONE',  ( 0.000000000000000000, 1.000000000000000000, 0.000000000000000000 ) ) ;
#1169 = EDGE_CURVE ( 'NONE', #1975, #1171, #3028, .T. ) ;
#1170 = FACE_OUTER_BOUND ( 'NONE', #57, .T. ) ;
#1171 = VERTEX_POINT ( 'NONE', #2068 ) ;
#1172 = DIRECTION ( 'NONE',  ( -0.000000000000000000, -0.000000000000000000, 1.000000000000000000 ) ) ;
#1173 = ORIENTED_EDGE ( 'NONE', *, *, #3614, .T. ) ;
#1174 = VECTOR ( 'NONE', #4046, 1000.000000000000000 ) ;
#1175 = ADVANCED_FACE ( 'NONE', ( #3441 ), #976, .F. ) ;
#1176 = AXIS2_PLACEMENT_3D ( 'NONE', #3921, #2222, #1896 ) ;
#1177 = CARTESIAN_POINT ( 'NONE',  ( -84.01999999999999602, 14.99999999999998934, -17.30000000000005755 ) ) ;
#1178 = VECTOR ( 'NONE', #4086, 1000.000000000000000 ) ;
#1179 = AXIS2_PLACEMENT_3D ( 'NONE', #3339, #3381, #3021 ) ;
#1180 = CARTESIAN_POINT ( 'NONE',  ( -33.75000000000000711, 14.72499999999999787, 5.000000000000000000 ) ) ;
#1181 = EDGE_CURVE ( 'NONE', #2551, #3561, #1093, .T. ) ;
#1182 = DIRECTION ( 'NONE',  ( 0.000000000000000000, 1.000000000000000000, 0.000000000000000000 ) ) ;
#1183 = CIRCLE ( 'NONE', #3973, 3.499999999999996003 ) ;
#1184 = EDGE_CURVE ( 'NONE', #1333, #3462, #1670, .T. ) ;
#1185 = DIRECTION ( 'NONE',  ( 0.000000000000000000, 0.000000000000000000, 1.000000000000000000 ) ) ;
#1186 = EDGE_LOOP ( 'NONE', ( #1188, #3603 ) ) ;
#1187 = DIRECTION ( 'NONE',  ( 0.000000000000000000, 0.000000000000000000, -1.000000000000000000 ) ) ;
#1188 = ORIENTED_EDGE ( 'NONE', *, *, #122, .F. ) ;
#1189 = CARTESIAN_POINT ( 'NONE',  ( -48.55000000000000426, 20.19689110867544102, 18.10000000000000142 ) ) ;
#1190 = ORIENTED_EDGE ( 'NONE', *, *, #2640, .T. ) ;
#1191 = CARTESIAN_POINT ( 'NONE',  ( -74.51833024919777415, 10.49999999999999822, 11.60000000000002807 ) ) ;
#1192 = EDGE_LOOP ( 'NONE', ( #3442, #2267, #2795, #2469 ) ) ;
#1193 = CARTESIAN_POINT ( 'NONE',  ( -74.51833024919777415, 14.24999999999999822, -12.30000000000005755 ) ) ;
#1194 = CARTESIAN_POINT ( 'NONE',  ( -48.25000000000000711, -6.999999999999988454, -16.14999999999999858 ) ) ;
#1195 = EDGE_CURVE ( 'NONE', #2910, #4390, #2802, .T. ) ;
#1196 = DIRECTION ( 'NONE',  ( 0.000000000000000000, 1.000000000000000000, 0.000000000000000000 ) ) ;
#1197 = ORIENTED_EDGE ( 'NONE', *, *, #2258, .F. ) ;
#1198 = FACE_OUTER_BOUND ( 'NONE', #1923, .T. ) ;
#1199 = VERTEX_POINT ( 'NONE', #369 ) ;
#1200 = EDGE_CURVE ( 'NONE', #2727, #2145, #2084, .T. ) ;
#1201 = EDGE_CURVE ( 'NONE', #3876, #717, #4111, .T. ) ;
#1202 = CARTESIAN_POINT ( 'NONE',  ( -52.00000000000000711, 7.000000000000012434, -16.14999999999999858 ) ) ;
#1203 = DIRECTION ( 'NONE',  ( -0.000000000000000000, -0.000000000000000000, -1.000000000000000000 ) ) ;
#1204 = DIRECTION ( 'NONE',  ( 1.000000000000000000, 0.000000000000000000, 0.000000000000000000 ) ) ;
#1205 = EDGE_CURVE ( 'NONE', #2121, #3012, #2809, .T. ) ;
#1206 = AXIS2_PLACEMENT_3D ( 'NONE', #1386, #2751, #2407 ) ;
#1207 = LINE ( 'NONE', #543, #1938 ) ;
#1208 = ORIENTED_EDGE ( 'NONE', *, *, #1115, .T. ) ;
#1209 = FACE_BOUND ( 'NONE', #259, .T. ) ;
#1210 = EDGE_LOOP ( 'NONE', ( #44, #3594 ) ) ;
#1211 = VECTOR ( 'NONE', #1697, 1000.000000000000000 ) ;
#1212 = AXIS2_PLACEMENT_3D ( 'NONE', #1267, #4275, #3616 ) ;
#1213 = FACE_BOUND ( 'NONE', #1334, .T. ) ;
#1214 = ORIENTED_EDGE ( 'NONE', *, *, #2053, .F. ) ;
#1215 = DIRECTION ( 'NONE',  ( 0.000000000000000000, 1.000000000000000000, 0.000000000000000000 ) ) ;
#1216 = ORIENTED_EDGE ( 'NONE', *, *, #1603, .F. ) ;
#1217 = DIRECTION ( 'NONE',  ( -0.000000000000000000, -1.000000000000000000, -0.000000000000000000 ) ) ;
#1218 = ADVANCED_FACE ( 'NONE', ( #3460, #3137 ), #3152, .T. ) ;
#1219 = PLANE ( 'NONE',  #2466 ) ;
#1220 = CARTESIAN_POINT ( 'NONE',  ( -48.25000000000000711, -6.999999999999988454, -16.14999999999999858 ) ) ;
#1221 = ORIENTED_EDGE ( 'NONE', *, *, #1627, .F. ) ;
#1222 = CARTESIAN_POINT ( 'NONE',  ( -47.49999999999999289, 14.99999999999998934, -22.29999999999996874 ) ) ;
#1223 = VERTEX_POINT ( 'NONE', #4224 ) ;
#1224 = DIRECTION ( 'NONE',  ( 0.000000000000000000, 1.000000000000000000, 0.000000000000000000 ) ) ;
#1225 = DIRECTION ( 'NONE',  ( -1.000000000000000000, 2.312964634635742957E-16, -0.000000000000000000 ) ) ;
#1226 = CARTESIAN_POINT ( 'NONE',  ( 19.00000000000000355, 24.49999999999999289, 9.500000000000000000 ) ) ;
#1227 = DIRECTION ( 'NONE',  ( 0.000000000000000000, 1.000000000000000000, 0.000000000000000000 ) ) ;
#1228 = EDGE_LOOP ( 'NONE', ( #1654, #372 ) ) ;
#1229 = DIRECTION ( 'NONE',  ( 0.000000000000000000, 0.000000000000000000, -1.000000000000000000 ) ) ;
#1230 = VERTEX_POINT ( 'NONE', #805 ) ;
#1231 = ADVANCED_FACE ( 'NONE', ( #725 ), #4183, .F. ) ;
#1232 = CARTESIAN_POINT ( 'NONE',  ( -65.01666049839550965, 14.99999999999999645, 0.000000000000000000 ) ) ;
#1233 = ORIENTED_EDGE ( 'NONE', *, *, #3166, .T. ) ;
#1234 = CARTESIAN_POINT ( 'NONE',  ( -42.50000000000000000, 27.99999999999998934, 5.000000000000000000 ) ) ;
#1235 = EDGE_LOOP ( 'NONE', ( #2760, #3030, #860, #2800 ) ) ;
#1236 = AXIS2_PLACEMENT_3D ( 'NONE', #2402, #1458, #455 ) ;
#1237 = CIRCLE ( 'NONE', #878, 1.500000000000001332 ) ;
#1238 = EDGE_CURVE ( 'NONE', #1306, #3608, #527, .T. ) ;
#1239 = CARTESIAN_POINT ( 'NONE',  ( -74.51833024919777415, -14.24999999999999822, 6.150000000000021672 ) ) ;
#1240 = FACE_OUTER_BOUND ( 'NONE', #363, .T. ) ;
#1241 = DIRECTION ( 'NONE',  ( 1.000000000000000000, 0.000000000000000000, 0.000000000000000000 ) ) ;
#1242 = ORIENTED_EDGE ( 'NONE', *, *, #2986, .F. ) ;
#1243 = FACE_OUTER_BOUND ( 'NONE', #1837, .T. ) ;
#1244 = EDGE_LOOP ( 'NONE', ( #1811, #4072, #61, #4306 ) ) ;
#1245 = AXIS2_PLACEMENT_3D ( 'NONE', #1745, #3113, #2797 ) ;
#1246 = CARTESIAN_POINT ( 'NONE',  ( -43.55000000000000426, 13.00000000000000000, 14.70000000000002416 ) ) ;
#1247 = AXIS2_PLACEMENT_3D ( 'NONE', #942, #2297, #615 ) ;
#1248 = DIRECTION ( 'NONE',  ( -0.000000000000000000, -0.000000000000000000, 1.000000000000000000 ) ) ;
#1249 = AXIS2_PLACEMENT_3D ( 'NONE', #2903, #3282, #2270 ) ;
#1250 = AXIS2_PLACEMENT_3D ( 'NONE', #4307, #2954, #2574 ) ;
#1251 = AXIS2_PLACEMENT_3D ( 'NONE', #2198, #3531, #3209 ) ;
#1252 = CARTESIAN_POINT ( 'NONE',  ( -42.50000000000000000, -28.00000000000001066, 5.000000000000000000 ) ) ;
#1253 = EDGE_CURVE ( 'NONE', #717, #3229, #52, .T. ) ;
#1254 = CARTESIAN_POINT ( 'NONE',  ( 19.00000000000000355, 24.49999999999999289, 0.7573593128807065700 ) ) ;
#1255 = ORIENTED_EDGE ( 'NONE', *, *, #986, .F. ) ;
#1256 = LINE ( 'NONE', #3291, #467 ) ;
#1257 = ORIENTED_EDGE ( 'NONE', *, *, #2765, .F. ) ;
#1258 = EDGE_CURVE ( 'NONE', #1618, #658, #804, .T. ) ;
#1259 = EDGE_CURVE ( 'NONE', #2308, #100, #4141, .T. ) ;
#1260 = DIRECTION ( 'NONE',  ( -1.000000000000000000, 0.000000000000000000, 0.000000000000000000 ) ) ;
#1261 = ORIENTED_EDGE ( 'NONE', *, *, #3248, .F. ) ;
#1262 = DIRECTION ( 'NONE',  ( 1.000000000000000000, 0.000000000000000000, 0.000000000000000000 ) ) ;
#1263 = ORIENTED_EDGE ( 'NONE', *, *, #2173, .T. ) ;
#1264 = CARTESIAN_POINT ( 'NONE',  ( -43.55000000000000426, 27.39378221735088559, 25.00000000000000000 ) ) ;
#1265 = DIRECTION ( 'NONE',  ( 1.000000000000000000, 0.000000000000000000, 0.000000000000000000 ) ) ;
#1266 = CARTESIAN_POINT ( 'NONE',  ( -47.50000000000000711, -6.999999999999988454, -6.149999999999995026 ) ) ;
#1267 = CARTESIAN_POINT ( 'NONE',  ( -48.25000000000000711, -6.999999999999988454, -16.14999999999999858 ) ) ;
#1268 = VERTEX_POINT ( 'NONE', #118 ) ;
#1269 = DIRECTION ( 'NONE',  ( 0.000000000000000000, 0.000000000000000000, 1.000000000000000000 ) ) ;
#1270 = VERTEX_POINT ( 'NONE', #2468 ) ;
#1271 = CARTESIAN_POINT ( 'NONE',  ( -82.40999999999998238, -9.550000000000023803, -22.29999999999997584 ) ) ;
#1272 = LINE ( 'NONE', #4031, #71 ) ;
#1273 = DIRECTION ( 'NONE',  ( 0.000000000000000000, 1.000000000000000000, 0.000000000000000000 ) ) ;
#1274 = FACE_OUTER_BOUND ( 'NONE', #4421, .T. ) ;
#1275 = CARTESIAN_POINT ( 'NONE',  ( -74.51833024919777415, 14.24999999999999822, -8.750000000000053291 ) ) ;
#1276 = ORIENTED_EDGE ( 'NONE', *, *, #2427, .T. ) ;
#1277 = CARTESIAN_POINT ( 'NONE',  ( -74.51833024919777415, -14.24999999999999822, 9.700000000000025935 ) ) ;
#1278 = DIRECTION ( 'NONE',  ( 0.000000000000000000, -1.000000000000000000, 0.000000000000000000 ) ) ;
#1279 = CARTESIAN_POINT ( 'NONE',  ( 1.820000000000003171, 20.03999999999998494, -4.949747468305842446 ) ) ;
#1280 = ORIENTED_EDGE ( 'NONE', *, *, #375, .F. ) ;
#1281 = DIRECTION ( 'NONE',  ( -0.000000000000000000, -1.000000000000000000, -0.000000000000000000 ) ) ;
#1282 = ORIENTED_EDGE ( 'NONE', *, *, #3742, .T. ) ;
#1283 = CIRCLE ( 'NONE', #426, 3.550000000000001155 ) ;
#1284 = DIRECTION ( 'NONE',  ( 1.000000000000000000, -2.312964634635742957E-16, 0.000000000000000000 ) ) ;
#1285 = EDGE_LOOP ( 'NONE', ( #3843, #1062, #1119, #2810 ) ) ;
#1286 = CARTESIAN_POINT ( 'NONE',  ( -52.50000000000000711, 9.549999999999998934, -17.30000000000001847 ) ) ;
#1287 = ORIENTED_EDGE ( 'NONE', *, *, #1468, .T. ) ;
#1288 = CARTESIAN_POINT ( 'NONE',  ( -42.50000000000000000, -28.00000000000001066, 5.000000000000000000 ) ) ;
#1289 = ORIENTED_EDGE ( 'NONE', *, *, #4313, .F. ) ;
#1290 = STYLED_ITEM ( 'NONE', ( #2033 ), #809 ) ;
#1291 = FACE_OUTER_BOUND ( 'NONE', #787, .T. ) ;
#1292 = DIRECTION ( 'NONE',  ( 0.000000000000000000, 2.312964634635743450E-16, -1.000000000000000000 ) ) ;
#1293 = CYLINDRICAL_SURFACE ( 'NONE', #1400, 1.500000000000001332 ) ;
#1294 = DIRECTION ( 'NONE',  ( 0.000000000000000000, 0.000000000000000000, 1.000000000000000000 ) ) ;
#1295 = DIRECTION ( 'NONE',  ( -0.000000000000000000, -0.000000000000000000, 1.000000000000000000 ) ) ;
#1296 = ORIENTED_EDGE ( 'NONE', *, *, #2956, .F. ) ;
#1297 = CARTESIAN_POINT ( 'NONE',  ( 42.50000000000000000, -28.00000000000001066, 0.000000000000000000 ) ) ;
#1298 = DIRECTION ( 'NONE',  ( 1.000000000000000000, 0.000000000000000000, 0.000000000000000000 ) ) ;
#1299 = VERTEX_POINT ( 'NONE', #2166 ) ;
#1300 = CARTESIAN_POINT ( 'NONE',  ( -84.01999999999999602, 14.99999999999998934, -17.30000000000005755 ) ) ;
#1301 = ORIENTED_EDGE ( 'NONE', *, *, #463, .F. ) ;
#1302 = ADVANCED_FACE ( 'NONE', ( #2417 ), #3801, .F. ) ;
#1303 = PLANE ( 'NONE',  #3073 ) ;
#1304 = DIRECTION ( 'NONE',  ( 1.000000000000000000, -2.312964634635742957E-16, 0.000000000000000000 ) ) ;
#1305 = CIRCLE ( 'NONE', #4317, 2.399999999999999467 ) ;
#1306 = VERTEX_POINT ( 'NONE', #2825 ) ;
#1307 = DIRECTION ( 'NONE',  ( 1.000000000000000000, -2.312964634635742957E-16, 0.000000000000000000 ) ) ;
#1308 = ORIENTED_EDGE ( 'NONE', *, *, #3189, .T. ) ;
#1309 = AXIS2_PLACEMENT_3D ( 'NONE', #1949, #991, #3415 ) ;
#1310 = EDGE_CURVE ( 'NONE', #2736, #261, #3319, .T. ) ;
#1311 = EDGE_CURVE ( 'NONE', #4403, #1046, #1122, .T. ) ;
#1312 = CARTESIAN_POINT ( 'NONE',  ( -53.00000000000000711, 9.549999999999998934, -17.29999999999996874 ) ) ;
#1313 = CARTESIAN_POINT ( 'NONE',  ( 0.000000000000000000, 0.000000000000000000, 5.000000000000000000 ) ) ;
#1314 = CARTESIAN_POINT ( 'NONE',  ( -37.50000000000000000, -24.50000000000001066, 5.000000000000000000 ) ) ;
#1315 = ADVANCED_FACE ( 'NONE', ( #415, #3862 ), #3817, .T. ) ;
#1316 = CARTESIAN_POINT ( 'NONE',  ( -48.25000000000000711, -10.54999999999999005, -6.149999999999994138 ) ) ;
#1317 = CARTESIAN_POINT ( 'NONE',  ( -74.51833024919777415, -14.24999999999999822, -8.750000000000053291 ) ) ;
#1318 = ADVANCED_FACE ( 'NONE', ( #1814 ), #1771, .F. ) ;
#1319 = DIRECTION ( 'NONE',  ( -0.000000000000000000, -0.000000000000000000, -1.000000000000000000 ) ) ;
#1320 = ORIENTED_EDGE ( 'NONE', *, *, #4118, .F. ) ;
#1321 = VECTOR ( 'NONE', #3215, 1000.000000000000000 ) ;
#1322 = FACE_BOUND ( 'NONE', #1659, .T. ) ;
#1323 = AXIS2_PLACEMENT_3D ( 'NONE', #1254, #1295, #318 ) ;
#1324 = VECTOR ( 'NONE', #2526, 1000.000000000000000 ) ;
#1325 = ADVANCED_FACE ( 'NONE', ( #569 ), #4244, .F. ) ;
#1326 = EDGE_CURVE ( 'NONE', #1230, #2493, #4035, .T. ) ;
#1327 = CIRCLE ( 'NONE', #3768, 3.550000000000004707 ) ;
#1328 = VECTOR ( 'NONE', #230, 1000.000000000000000 ) ;
#1329 = AXIS2_PLACEMENT_3D ( 'NONE', #3933, #856, #880 ) ;
#1330 = DIRECTION ( 'NONE',  ( -0.000000000000000000, -0.000000000000000000, -1.000000000000000000 ) ) ;
#1331 = ORIENTED_EDGE ( 'NONE', *, *, #63, .F. ) ;
#1332 = CARTESIAN_POINT ( 'NONE',  ( -74.51833024919777415, -14.24999999999999822, 13.25000000000003020 ) ) ;
#1333 = VERTEX_POINT ( 'NONE', #1543 ) ;
#1334 = EDGE_LOOP ( 'NONE', ( #1559, #1913 ) ) ;
#1335 = DIRECTION ( 'NONE',  ( 0.000000000000000000, 1.000000000000000000, 0.000000000000000000 ) ) ;
#1336 = VERTEX_POINT ( 'NONE', #4334 ) ;
#1337 = DIRECTION ( 'NONE',  ( 1.000000000000000000, -2.312964634635742957E-16, 0.000000000000000000 ) ) ;
#1338 = EDGE_LOOP ( 'NONE', ( #3802, #276, #1715, #2744 ) ) ;
#1339 = CYLINDRICAL_SURFACE ( 'NONE', #4331, 3.499999999999996003 ) ;
#1340 = LINE ( 'NONE', #1648, #4290 ) ;
#1341 = ADVANCED_FACE ( 'NONE', ( #3270 ), #3607, .F. ) ;
#1342 = FACE_BOUND ( 'NONE', #3781, .T. ) ;
#1343 = ADVANCED_FACE ( 'NONE', ( #3296 ), #848, .T. ) ;
#1344 = DIRECTION ( 'NONE',  ( -0.000000000000000000, -1.000000000000000000, -0.000000000000000000 ) ) ;
#1345 = CARTESIAN_POINT ( 'NONE',  ( -84.01999999999999602, 10.05000000000000071, 14.69999999999997620 ) ) ;
#1346 = ORIENTED_EDGE ( 'NONE', *, *, #2986, .T. ) ;
#1347 = PLANE ( 'NONE',  #1892 ) ;
#1348 = EDGE_CURVE ( 'NONE', #3004, #2960, #2913, .T. ) ;
#1349 = DIRECTION ( 'NONE',  ( 0.000000000000000000, -0.000000000000000000, -1.000000000000000000 ) ) ;
#1350 = EDGE_LOOP ( 'NONE', ( #284, #3102, #2036, #3278, #2863 ) ) ;
#1351 = LINE ( 'NONE', #2652, #3899 ) ;
#1352 = ORIENTED_EDGE ( 'NONE', *, *, #3621, .T. ) ;
#1353 = AXIS2_PLACEMENT_3D ( 'NONE', #4182, #1455, #3518 ) ;
#1354 = ORIENTED_EDGE ( 'NONE', *, *, #4303, .T. ) ;
#1355 = DIRECTION ( 'NONE',  ( 1.000000000000000000, 0.000000000000000000, 0.000000000000000000 ) ) ;
#1356 = ORIENTED_EDGE ( 'NONE', *, *, #887, .T. ) ;
#1357 = CARTESIAN_POINT ( 'NONE',  ( 19.00000000000000355, -24.50000000000001066, 9.500000000000000000 ) ) ;
#1358 = ORIENTED_EDGE ( 'NONE', *, *, #611, .F. ) ;
#1359 = AXIS2_PLACEMENT_3D ( 'NONE', #1486, #2545, #794 ) ;
#1360 = DIRECTION ( 'NONE',  ( 0.000000000000000000, 0.000000000000000000, 1.000000000000000000 ) ) ;
#1361 = DIRECTION ( 'NONE',  ( 1.000000000000000000, 0.000000000000000000, 0.000000000000000000 ) ) ;
#1362 = CARTESIAN_POINT ( 'NONE',  ( -43.55000000000000426, 13.00000000000000000, 46.55962692055163643 ) ) ;
#1363 = VECTOR ( 'NONE', #4061, 1000.000000000000000 ) ;
#1364 = CARTESIAN_POINT ( 'NONE',  ( -44.30000000000000426, 20.19689110867544102, 20.00000000000000000 ) ) ;
#1365 = ORIENTED_EDGE ( 'NONE', *, *, #4064, .T. ) ;
#1366 = DIRECTION ( 'NONE',  ( 1.000000000000000000, 0.000000000000000000, -0.000000000000000000 ) ) ;
#1367 = AXIS2_PLACEMENT_3D ( 'NONE', #1872, #3624, #1539 ) ;
#1368 = CARTESIAN_POINT ( 'NONE',  ( -48.55000000000000426, -20.19689110867545168, 20.00000000000000000 ) ) ;
#1369 = ORIENTED_EDGE ( 'NONE', *, *, #4117, .F. ) ;
#1370 = CARTESIAN_POINT ( 'NONE',  ( -48.55000000000000426, 20.19689110867544102, 21.89999999999999858 ) ) ;
#1371 = ORIENTED_EDGE ( 'NONE', *, *, #689, .T. ) ;
#1372 = EDGE_CURVE ( 'NONE', #2140, #50, #873, .T. ) ;
#1373 = ORIENTED_EDGE ( 'NONE', *, *, #3506, .T. ) ;
#1374 = DIRECTION ( 'NONE',  ( 1.000000000000000000, 0.000000000000000000, 0.000000000000000000 ) ) ;
#1375 = VERTEX_POINT ( 'NONE', #2603 ) ;
#1376 = DIRECTION ( 'NONE',  ( 0.000000000000000000, 0.000000000000000000, 1.000000000000000000 ) ) ;
#1377 = ORIENTED_EDGE ( 'NONE', *, *, #3784, .F. ) ;
#1378 = ADVANCED_FACE ( 'NONE', ( #3587 ), #4285, .T. ) ;
#1379 = CARTESIAN_POINT ( 'NONE',  ( -53.00000000000000711, 9.549999999999998934, 6.062001655779397525E-16 ) ) ;
#1380 = ADVANCED_FACE ( 'NONE', ( #920 ), #4269, .F. ) ;
#1381 = VECTOR ( 'NONE', #3824, 1000.000000000000000 ) ;
#1382 = DIRECTION ( 'NONE',  ( 0.000000000000000000, -0.000000000000000000, 1.000000000000000000 ) ) ;
#1383 = VECTOR ( 'NONE', #702, 1000.000000000000000 ) ;
#1384 = CIRCLE ( 'NONE', #2374, 3.550000000000001155 ) ;
#1385 = AXIS2_PLACEMENT_3D ( 'NONE', #1000, #304, #1042 ) ;
#1386 = CARTESIAN_POINT ( 'NONE',  ( -39.00000000000000000, 24.49999999999999289, 10.00000000000000000 ) ) ;
#1387 = ORIENTED_EDGE ( 'NONE', *, *, #1115, .F. ) ;
#1388 = CARTESIAN_POINT ( 'NONE',  ( -84.01999999999999602, 14.99999999999998934, 14.69999999999997620 ) ) ;
#1389 = ADVANCED_FACE ( 'NONE', ( #1213, #3997 ), #209, .T. ) ;
#1390 = CIRCLE ( 'NONE', #1367, 1.900000000000002354 ) ;
#1391 = LINE ( 'NONE', #428, #91 ) ;
#1392 = EDGE_LOOP ( 'NONE', ( #347, #3171, #4220, #2347, #4123 ) ) ;
#1393 = VECTOR ( 'NONE', #1097, 1000.000000000000000 ) ;
#1394 = PLANE ( 'NONE',  #2390 ) ;
#1395 = ORIENTED_EDGE ( 'NONE', *, *, #4118, .T. ) ;
#1396 = EDGE_CURVE ( 'NONE', #2653, #3977, #3597, .T. ) ;
#1397 = EDGE_CURVE ( 'NONE', #4208, #4310, #740, .T. ) ;
#1398 = AXIS2_PLACEMENT_3D ( 'NONE', #285, #4339, #3348 ) ;
#1399 = AXIS2_PLACEMENT_3D ( 'NONE', #2044, #3752, #4073 ) ;
#1400 = AXIS2_PLACEMENT_3D ( 'NONE', #293, #1248, #634 ) ;
#1401 =( LENGTH_UNIT ( ) NAMED_UNIT ( * ) SI_UNIT ( .MILLI., .METRE. ) );
#1402 = LINE ( 'NONE', #1770, #2199 ) ;
#1403 = DIRECTION ( 'NONE',  ( 1.000000000000000000, 0.000000000000000000, -0.000000000000000000 ) ) ;
#1404 = ORIENTED_EDGE ( 'NONE', *, *, #1184, .F. ) ;
#1405 = CYLINDRICAL_SURFACE ( 'NONE', #314, 2.399999999999999467 ) ;
#1406 = VERTEX_POINT ( 'NONE', #2259 ) ;
#1407 = AXIS2_PLACEMENT_3D ( 'NONE', #4170, #3792, #2119 ) ;
#1408 = FACE_OUTER_BOUND ( 'NONE', #1043, .T. ) ;
#1409 = DIRECTION ( 'NONE',  ( 0.000000000000000000, 0.000000000000000000, 1.000000000000000000 ) ) ;
#1410 = PLANE ( 'NONE',  #643 ) ;
#1411 = EDGE_LOOP ( 'NONE', ( #1404, #3738 ) ) ;
#1412 = CARTESIAN_POINT ( 'NONE',  ( -45.55000000000000426, -9.925000000000002487, 11.77500000000002345 ) ) ;
#1413 = CARTESIAN_POINT ( 'NONE',  ( -37.25000000000001421, 14.72499999999999787, 0.000000000000000000 ) ) ;
#1414 = ORIENTED_EDGE ( 'NONE', *, *, #3427, .T. ) ;
#1415 = FACE_OUTER_BOUND ( 'NONE', #303, .T. ) ;
#1416 = ORIENTED_EDGE ( 'NONE', *, *, #2657, .T. ) ;
#1417 = CARTESIAN_POINT ( 'NONE',  ( -48.55000000000000426, 20.19689110867544102, 20.00000000000000000 ) ) ;
#1418 = CARTESIAN_POINT ( 'NONE',  ( -74.51833024919777415, 14.24999999999999822, -12.30000000000005755 ) ) ;
#1419 = ORIENTED_EDGE ( 'NONE', *, *, #831, .T. ) ;
#1420 = ORIENTED_EDGE ( 'NONE', *, *, #795, .T. ) ;
#1421 = AXIS2_PLACEMENT_3D ( 'NONE', #2780, #3459, #3119 ) ;
#1422 = DIRECTION ( 'NONE',  ( 0.000000000000000000, 1.000000000000000000, 0.000000000000000000 ) ) ;
#1423 = ORIENTED_EDGE ( 'NONE', *, *, #1067, .T. ) ;
#1424 = DIRECTION ( 'NONE',  ( 1.000000000000000000, -2.312964634635742957E-16, 0.000000000000000000 ) ) ;
#1425 = AXIS2_PLACEMENT_3D ( 'NONE', #217, #2897, #881 ) ;
#1426 = FACE_OUTER_BOUND ( 'NONE', #4025, .T. ) ;
#1427 = VERTEX_POINT ( 'NONE', #1232 ) ;
#1428 = CARTESIAN_POINT ( 'NONE',  ( -74.51833024919777415, -14.24999999999999822, -15.85000000000006182 ) ) ;
#1429 = VECTOR ( 'NONE', #2700, 1000.000000000000000 ) ;
#1430 = FACE_OUTER_BOUND ( 'NONE', #4335, .T. ) ;
#1431 = EDGE_LOOP ( 'NONE', ( #1441, #3928, #2698, #1738 ) ) ;
#1432 = FACE_BOUND ( 'NONE', #2023, .T. ) ;
#1433 = ORIENTED_EDGE ( 'NONE', *, *, #3220, .T. ) ;
#1434 = DIRECTION ( 'NONE',  ( -0.000000000000000000, -0.000000000000000000, 1.000000000000000000 ) ) ;
#1435 = DIRECTION ( 'NONE',  ( 0.000000000000000000, 0.000000000000000000, 1.000000000000000000 ) ) ;
#1436 = ORIENTED_EDGE ( 'NONE', *, *, #887, .F. ) ;
#1437 = DIRECTION ( 'NONE',  ( 0.000000000000000000, 0.000000000000000000, -1.000000000000000000 ) ) ;
#1438 = ORIENTED_EDGE ( 'NONE', *, *, #1937, .T. ) ;
#1439 = DIRECTION ( 'NONE',  ( 0.000000000000000000, 0.000000000000000000, -1.000000000000000000 ) ) ;
#1440 = CARTESIAN_POINT ( 'NONE',  ( -48.25000000000000711, 3.450000000000010836, -16.14999999999999858 ) ) ;
#1441 = ORIENTED_EDGE ( 'NONE', *, *, #2566, .F. ) ;
#1442 = DIRECTION ( 'NONE',  ( -1.000000000000000000, 0.000000000000000000, 0.000000000000000000 ) ) ;
#1443 = EDGE_CURVE ( 'NONE', #2255, #3004, #2671, .T. ) ;
#1444 = AXIS2_PLACEMENT_3D ( 'NONE', #3775, #1729, #2139 ) ;
#1445 = EDGE_CURVE ( 'NONE', #493, #1885, #3628, .T. ) ;
#1446 = CARTESIAN_POINT ( 'NONE',  ( -74.51833024919777415, 14.24999999999999822, 9.700000000000025935 ) ) ;
#1447 = CARTESIAN_POINT ( 'NONE',  ( -48.25000000000000711, 3.450000000000013500, -6.149999999999992362 ) ) ;
#1448 = AXIS2_PLACEMENT_3D ( 'NONE', #3120, #3519, #2439 ) ;
#1449 = LINE ( 'NONE', #2099, #1812 ) ;
#1450 = EDGE_LOOP ( 'NONE', ( #1101, #627, #1035, #2512 ) ) ;
#1451 = LINE ( 'NONE', #2819, #395 ) ;
#1452 = ORIENTED_EDGE ( 'NONE', *, *, #1470, .T. ) ;
#1453 = EDGE_CURVE ( 'NONE', #4068, #53, #1520, .T. ) ;
#1454 = ADVANCED_FACE ( 'NONE', ( #2552 ), #299, .T. ) ;
#1455 = DIRECTION ( 'NONE',  ( 0.000000000000000000, -1.000000000000000000, 0.000000000000000000 ) ) ;
#1456 = DIRECTION ( 'NONE',  ( 1.000000000000000000, -2.312964634635742957E-16, 0.000000000000000000 ) ) ;
#1457 = ORIENTED_EDGE ( 'NONE', *, *, #1205, .F. ) ;
#1458 = DIRECTION ( 'NONE',  ( -0.000000000000000000, -0.000000000000000000, 1.000000000000000000 ) ) ;
#1459 = ORIENTED_EDGE ( 'NONE', *, *, #2382, .F. ) ;
#1460 = AXIS2_PLACEMENT_3D ( 'NONE', #2114, #1463, #1481 ) ;
#1461 = AXIS2_PLACEMENT_3D ( 'NONE', #2434, #743, #2102 ) ;
#1462 = CIRCLE ( 'NONE', #257, 3.549999999999999822 ) ;
#1463 = DIRECTION ( 'NONE',  ( 0.000000000000000000, 1.156482317317871725E-16, -1.000000000000000000 ) ) ;
#1464 = AXIS2_PLACEMENT_3D ( 'NONE', #3659, #1954, #2631 ) ;
#1465 = CYLINDRICAL_SURFACE ( 'NONE', #1855, 12.55000000000000071 ) ;
#1466 = CYLINDRICAL_SURFACE ( 'NONE', #1091, 3.550000000000002931 ) ;
#1467 = VECTOR ( 'NONE', #3808, 1000.000000000000000 ) ;
#1468 = EDGE_CURVE ( 'NONE', #2288, #1098, #4108, .T. ) ;
#1469 = DIRECTION ( 'NONE',  ( 0.000000000000000000, 0.000000000000000000, 1.000000000000000000 ) ) ;
#1470 = EDGE_CURVE ( 'NONE', #845, #378, #3458, .T. ) ;
#1471 = FACE_OUTER_BOUND ( 'NONE', #3596, .T. ) ;
#1472 = DIRECTION ( 'NONE',  ( -0.000000000000000000, -0.000000000000000000, -1.000000000000000000 ) ) ;
#1473 = ORIENTED_EDGE ( 'NONE', *, *, #2178, .T. ) ;
#1474 = DIRECTION ( 'NONE',  ( 1.000000000000000000, -2.312964634635742957E-16, -0.000000000000000000 ) ) ;
#1475 = ORIENTED_EDGE ( 'NONE', *, *, #1114, .T. ) ;
#1476 = CARTESIAN_POINT ( 'NONE',  ( 19.00000000000000355, 24.49999999999999289, 9.500000000000000000 ) ) ;
#1477 = DIRECTION ( 'NONE',  ( 0.000000000000000000, 1.000000000000000000, 0.000000000000000000 ) ) ;
#1478 = ORIENTED_EDGE ( 'NONE', *, *, #1795, .T. ) ;
#1479 = FACE_OUTER_BOUND ( 'NONE', #3575, .T. ) ;
#1480 = EDGE_LOOP ( 'NONE', ( #921, #1164, #3545, #1506 ) ) ;
#1481 = DIRECTION ( 'NONE',  ( 0.000000000000000000, 1.000000000000000000, 0.000000000000000000 ) ) ;
#1482 = FACE_OUTER_BOUND ( 'NONE', #435, .T. ) ;
#1483 = ORIENTED_EDGE ( 'NONE', *, *, #2595, .F. ) ;
#1484 = DIRECTION ( 'NONE',  ( -0.000000000000000000, -1.000000000000000000, -0.000000000000000000 ) ) ;
#1485 = DIRECTION ( 'NONE',  ( 0.000000000000000000, 0.000000000000000000, 1.000000000000000000 ) ) ;
#1486 = CARTESIAN_POINT ( 'NONE',  ( 19.00000000000000355, 24.49999999999999289, 10.00000000000000000 ) ) ;
#1487 = VECTOR ( 'NONE', #941, 1000.000000000000000 ) ;
#1488 = CARTESIAN_POINT ( 'NONE',  ( 3.570000000000003837, -19.96000000000001506, 5.000000000000000000 ) ) ;
#1489 = CIRCLE ( 'NONE', #2279, 1.899999999999999023 ) ;
#1490 = CARTESIAN_POINT ( 'NONE',  ( -84.01999999999999602, -14.99999999999999645, 14.69999999999997620 ) ) ;
#1491 = ORIENTED_EDGE ( 'NONE', *, *, #3269, .F. ) ;
#1492 = CIRCLE ( 'NONE', #3938, 1.900000000000002354 ) ;
#1493 = FACE_OUTER_BOUND ( 'NONE', #438, .T. ) ;
#1494 = EDGE_LOOP ( 'NONE', ( #481, #319, #1157, #764 ) ) ;
#1495 = EDGE_CURVE ( 'NONE', #3870, #2960, #1803, .T. ) ;
#1496 = EDGE_CURVE ( 'NONE', #1608, #2305, #243, .T. ) ;
#1497 = CARTESIAN_POINT ( 'NONE',  ( 19.00000000000000355, -24.50000000000001066, 9.500000000000000000 ) ) ;
#1498 = VERTEX_POINT ( 'NONE', #2695 ) ;
#1499 = CARTESIAN_POINT ( 'NONE',  ( -95.00000000000000000, 0.000000000000000000, 0.000000000000000000 ) ) ;
#1500 = EDGE_LOOP ( 'NONE', ( #1911, #2087 ) ) ;
#1501 = CIRCLE ( 'NONE', #4236, 2.399999999999999467 ) ;
#1502 = DIRECTION ( 'NONE',  ( -0.000000000000000000, -0.000000000000000000, -1.000000000000000000 ) ) ;
#1503 = FACE_BOUND ( 'NONE', #1688, .T. ) ;
#1504 = CARTESIAN_POINT ( 'NONE',  ( -74.51833024919777415, -15.00000000000000000, 9.700000000000025935 ) ) ;
#1505 = CYLINDRICAL_SURFACE ( 'NONE', #877, 3.550000000000004707 ) ;
#1506 = ORIENTED_EDGE ( 'NONE', *, *, #937, .F. ) ;
#1507 = CARTESIAN_POINT ( 'NONE',  ( -36.60000000000000142, -24.50000000000001066, 10.00000000000000000 ) ) ;
#1508 = EDGE_CURVE ( 'NONE', #858, #1125, #639, .T. ) ;
#1509 = CARTESIAN_POINT ( 'NONE',  ( -44.30000000000000426, -20.19689110867545168, 20.00000000000000000 ) ) ;
#1510 = DIRECTION ( 'NONE',  ( 0.000000000000000000, 0.000000000000000000, 1.000000000000000000 ) ) ;
#1511 = CIRCLE ( 'NONE', #22, 3.550000000000004707 ) ;
#1512 = LINE ( 'NONE', #1155, #4054 ) ;
#1513 = CYLINDRICAL_SURFACE ( 'NONE', #586, 1.899999999999999023 ) ;
#1514 = ORIENTED_EDGE ( 'NONE', *, *, #1723, .T. ) ;
#1515 = VECTOR ( 'NONE', #2281, 1000.000000000000000 ) ;
#1516 = CARTESIAN_POINT ( 'NONE',  ( -74.51833024919777415, 10.49999999999999822, 7.800000000000023803 ) ) ;
#1517 = ORIENTED_EDGE ( 'NONE', *, *, #554, .F. ) ;
#1518 = CIRCLE ( 'NONE', #607, 1.900000000000002354 ) ;
#1519 = EDGE_CURVE ( 'NONE', #218, #2606, #4071, .T. ) ;
#1520 = LINE ( 'NONE', #1189, #3026 ) ;
#1521 = ORIENTED_EDGE ( 'NONE', *, *, #3053, .F. ) ;
#1522 = ADVANCED_FACE ( 'NONE', ( #3654 ), #1997, .F. ) ;
#1523 = DIRECTION ( 'NONE',  ( 1.000000000000000000, -0.000000000000000000, -0.000000000000000000 ) ) ;
#1524 = ADVANCED_FACE ( 'NONE', ( #3750 ), #258, .T. ) ;
#1525 = ORIENTED_EDGE ( 'NONE', *, *, #2595, .T. ) ;
#1526 = DIRECTION ( 'NONE',  ( -0.000000000000000000, 0.000000000000000000, 1.000000000000000000 ) ) ;
#1527 = LINE ( 'NONE', #237, #402 ) ;
#1528 = DIRECTION ( 'NONE',  ( 0.000000000000000000, 1.000000000000000000, 0.000000000000000000 ) ) ;
#1529 = VERTEX_POINT ( 'NONE', #3729 ) ;
#1530 = DIRECTION ( 'NONE',  ( -0.000000000000000000, -1.000000000000000000, -0.000000000000000000 ) ) ;
#1531 = ORIENTED_EDGE ( 'NONE', *, *, #1453, .T. ) ;
#1532 = AXIS2_PLACEMENT_3D ( 'NONE', #2951, #1319, #1653 ) ;
#1533 = CIRCLE ( 'NONE', #2101, 3.499999999999996003 ) ;
#1534 = VECTOR ( 'NONE', #172, 1000.000000000000000 ) ;
#1535 = AXIS2_PLACEMENT_3D ( 'NONE', #4135, #2138, #109 ) ;
#1536 = VECTOR ( 'NONE', #838, 1000.000000000000000 ) ;
#1537 = CARTESIAN_POINT ( 'NONE',  ( -44.30000000000000426, -20.19689110867545168, 23.55000000000000071 ) ) ;
#1538 = FACE_OUTER_BOUND ( 'NONE', #3318, .T. ) ;
#1539 = DIRECTION ( 'NONE',  ( 0.000000000000000000, 0.000000000000000000, 1.000000000000000000 ) ) ;
#1540 = ORIENTED_EDGE ( 'NONE', *, *, #1495, .T. ) ;
#1541 = LINE ( 'NONE', #2911, #3047 ) ;
#1542 = EDGE_LOOP ( 'NONE', ( #162, #3421 ) ) ;
#1543 = CARTESIAN_POINT ( 'NONE',  ( 5.320000000000004725, -19.96000000000001506, 0.000000000000000000 ) ) ;
#1544 = ORIENTED_EDGE ( 'NONE', *, *, #3294, .F. ) ;
#1545 = DIRECTION ( 'NONE',  ( 0.000000000000000000, -0.000000000000000000, 1.000000000000000000 ) ) ;
#1546 = ORIENTED_EDGE ( 'NONE', *, *, #2785, .T. ) ;
#1547 = CARTESIAN_POINT ( 'NONE',  ( -74.51833024919777415, -14.24999999999999822, -12.30000000000005755 ) ) ;
#1548 = DIRECTION ( 'NONE',  ( 0.000000000000000000, 1.000000000000000000, 0.000000000000000000 ) ) ;
#1549 = CARTESIAN_POINT ( 'NONE',  ( -74.51833024919777415, 10.49999999999999822, -10.40000000000005542 ) ) ;
#1550 = VERTEX_POINT ( 'NONE', #622 ) ;
#1551 = DIRECTION ( 'NONE',  ( 1.000000000000000000, 0.000000000000000000, 0.000000000000000000 ) ) ;
#1552 = ORIENTED_EDGE ( 'NONE', *, *, #1396, .T. ) ;
#1553 = CYLINDRICAL_SURFACE ( 'NONE', #1779, 1.899999999999999023 ) ;
#1554 = ADVANCED_FACE ( 'NONE', ( #2672, #971 ), #679, .T. ) ;
#1555 = CARTESIAN_POINT ( 'NONE',  ( 19.00000000000000355, 24.49999999999999289, 10.00000000000000000 ) ) ;
#1556 = CARTESIAN_POINT ( 'NONE',  ( -48.25000000000000711, 7.000000000000011546, -16.14999999999999858 ) ) ;
#1557 = CYLINDRICAL_SURFACE ( 'NONE', #1776, 1.899999999999999023 ) ;
#1558 = DIRECTION ( 'NONE',  ( 0.8660254037844397068, 0.4999999999999981681, 0.000000000000000000 ) ) ;
#1559 = ORIENTED_EDGE ( 'NONE', *, *, #1495, .F. ) ;
#1560 = DIRECTION ( 'NONE',  ( 1.000000000000000000, 0.000000000000000000, 0.000000000000000000 ) ) ;
#1561 = ORIENTED_EDGE ( 'NONE', *, *, #1013, .T. ) ;
#1562 = AXIS2_PLACEMENT_3D ( 'NONE', #3771, #4133, #3107 ) ;
#1563 = AXIS2_PLACEMENT_3D ( 'NONE', #2406, #40, #2074 ) ;
#1564 = DIRECTION ( 'NONE',  ( 0.000000000000000000, 0.000000000000000000, 1.000000000000000000 ) ) ;
#1565 = VERTEX_POINT ( 'NONE', #2715 ) ;
#1566 = LINE ( 'NONE', #851, #1591 ) ;
#1567 = VERTEX_POINT ( 'NONE', #657 ) ;
#1568 = DIRECTION ( 'NONE',  ( 1.000000000000000000, 0.000000000000000000, 0.000000000000000000 ) ) ;
#1569 = CARTESIAN_POINT ( 'NONE',  ( -52.00000000000000711, 7.000000000000012434, -6.149999999999993250 ) ) ;
#1570 = VERTEX_POINT ( 'NONE', #343 ) ;
#1571 = CARTESIAN_POINT ( 'NONE',  ( -84.01999999999999602, 0.000000000000000000, 0.000000000000000000 ) ) ;
#1572 = ORIENTED_EDGE ( 'NONE', *, *, #1973, .T. ) ;
#1573 = EDGE_CURVE ( 'NONE', #1016, #1299, #4395, .T. ) ;
#1574 = LINE ( 'NONE', #2564, #497 ) ;
#1575 = EDGE_CURVE ( 'NONE', #1299, #3367, #1158, .T. ) ;
#1576 = DIRECTION ( 'NONE',  ( 1.000000000000000000, -2.312964634635742957E-16, 0.000000000000000000 ) ) ;
#1577 = EDGE_CURVE ( 'NONE', #3914, #845, #946, .T. ) ;
#1578 = ADVANCED_FACE ( 'NONE', ( #1612 ), #2302, .F. ) ;
#1579 = CARTESIAN_POINT ( 'NONE',  ( 19.00000000000000355, 24.49999999999999289, 10.00000000000000000 ) ) ;
#1580 = LINE ( 'NONE', #798, #2291 ) ;
#1581 = VERTEX_POINT ( 'NONE', #3344 ) ;
#1582 = CARTESIAN_POINT ( 'NONE',  ( -45.79999999999999716, -5.000000000000010658, 14.70000000000002416 ) ) ;
#1583 = ORIENTED_EDGE ( 'NONE', *, *, #1127, .F. ) ;
#1584 = CIRCLE ( 'NONE', #3668, 1.900000000000002354 ) ;
#1585 = AXIS2_PLACEMENT_3D ( 'NONE', #1497, #2530, #1858 ) ;
#1586 = DIRECTION ( 'NONE',  ( -1.000000000000000000, 0.000000000000000000, -0.000000000000000000 ) ) ;
#1587 = VERTEX_POINT ( 'NONE', #281 ) ;
#1588 = DIRECTION ( 'NONE',  ( -0.000000000000000000, -0.000000000000000000, 1.000000000000000000 ) ) ;
#1589 = EDGE_LOOP ( 'NONE', ( #2662, #2130, #2167, #871 ) ) ;
#1590 = EDGE_CURVE ( 'NONE', #3627, #4431, #1633, .T. ) ;
#1591 = VECTOR ( 'NONE', #2532, 1000.000000000000000 ) ;
#1592 = VECTOR ( 'NONE', #3840, 1000.000000000000000 ) ;
#1593 = DIRECTION ( 'NONE',  ( -0.000000000000000000, -1.000000000000000000, -0.000000000000000000 ) ) ;
#1594 = FACE_BOUND ( 'NONE', #3386, .T. ) ;
#1595 = CARTESIAN_POINT ( 'NONE',  ( -47.50000000000001421, -15.00000000000000888, 0.000000000000000000 ) ) ;
#1596 = ORIENTED_EDGE ( 'NONE', *, *, #3395, .F. ) ;
#1597 = CARTESIAN_POINT ( 'NONE',  ( -42.50000000000000000, 27.99999999999998934, 0.000000000000000000 ) ) ;
#1598 = ORIENTED_EDGE ( 'NONE', *, *, #3427, .F. ) ;
#1599 = AXIS2_PLACEMENT_3D ( 'NONE', #445, #741, #3794 ) ;
#1600 = CARTESIAN_POINT ( 'NONE',  ( -39.00000000000000000, 24.49999999999999289, 10.00000000000000000 ) ) ;
#1601 = FACE_OUTER_BOUND ( 'NONE', #3222, .T. ) ;
#1602 = CIRCLE ( 'NONE', #3250, 2.750000000000002665 ) ;
#1603 = EDGE_CURVE ( 'NONE', #1016, #3736, #2327, .T. ) ;
#1604 = AXIS2_PLACEMENT_3D ( 'NONE', #466, #2855, #1827 ) ;
#1605 = LINE ( 'NONE', #962, #2778 ) ;
#1606 = VECTOR ( 'NONE', #2655, 1000.000000000000000 ) ;
#1607 = DIRECTION ( 'NONE',  ( 0.000000000000000000, 1.000000000000000000, 0.000000000000000000 ) ) ;
#1608 = VERTEX_POINT ( 'NONE', #3170 ) ;
#1609 = CYLINDRICAL_SURFACE ( 'NONE', #400, 3.550000000000004707 ) ;
#1610 = ORIENTED_EDGE ( 'NONE', *, *, #280, .T. ) ;
#1611 = CIRCLE ( 'NONE', #3769, 1.500000000000001332 ) ;
#1612 = FACE_OUTER_BOUND ( 'NONE', #1285, .T. ) ;
#1613 = VERTEX_POINT ( 'NONE', #2120 ) ;
#1614 = LINE ( 'NONE', #260, #25 ) ;
#1615 = VERTEX_POINT ( 'NONE', #362 ) ;
#1616 = UNCERTAINTY_MEASURE_WITH_UNIT (LENGTH_MEASURE( 1.000000000000000082E-05 ), #1401, 'distance_accuracy_value', 'NONE');
#1617 = CARTESIAN_POINT ( 'NONE',  ( -74.51833024919777415, -14.24999999999999822, 9.700000000000025935 ) ) ;
#1618 = VERTEX_POINT ( 'NONE', #2816 ) ;
#1619 = CARTESIAN_POINT ( 'NONE',  ( -42.49999999999999289, 24.49999999999999289, 10.00000000000000000 ) ) ;
#1620 = ORIENTED_EDGE ( 'NONE', *, *, #199, .F. ) ;
#1621 = CARTESIAN_POINT ( 'NONE',  ( 19.00000000000000355, -24.50000000000001066, 10.00000000000000000 ) ) ;
#1622 = VERTEX_POINT ( 'NONE', #4201 ) ;
#1623 = DIRECTION ( 'NONE',  ( 1.000000000000000000, 0.000000000000000000, 0.000000000000000000 ) ) ;
#1624 = FACE_BOUND ( 'NONE', #297, .T. ) ;
#1625 = CARTESIAN_POINT ( 'NONE',  ( -74.51833024919777415, -15.00000000000000000, -12.30000000000005755 ) ) ;
#1626 = CARTESIAN_POINT ( 'NONE',  ( -45.55000000000000426, 10.07499999999999751, 7.775000000000023448 ) ) ;
#1627 = EDGE_CURVE ( 'NONE', #1959, #1498, #3096, .T. ) ;
#1628 = DIRECTION ( 'NONE',  ( 0.000000000000000000, 0.000000000000000000, -1.000000000000000000 ) ) ;
#1629 = ORIENTED_EDGE ( 'NONE', *, *, #1775, .F. ) ;
#1630 = DIRECTION ( 'NONE',  ( -0.000000000000000000, -0.000000000000000000, 1.000000000000000000 ) ) ;
#1631 = PLANE ( 'NONE',  #3332 ) ;
#1632 = VECTOR ( 'NONE', #1031, 1000.000000000000000 ) ;
#1633 = LINE ( 'NONE', #3702, #447 ) ;
#1634 = ORIENTED_EDGE ( 'NONE', *, *, #4351, .F. ) ;
#1635 = DIRECTION ( 'NONE',  ( 0.000000000000000000, 0.000000000000000000, -1.000000000000000000 ) ) ;
#1636 = VERTEX_POINT ( 'NONE', #408 ) ;
#1637 = EDGE_CURVE ( 'NONE', #3782, #1678, #2805, .T. ) ;
#1638 = EDGE_CURVE ( 'NONE', #2727, #2312, #2062, .T. ) ;
#1639 = APPLICATION_PROTOCOL_DEFINITION ( 'draft international standard', 'automotive_design', 1998, #4181 ) ;
#1640 = ORIENTED_EDGE ( 'NONE', *, *, #662, .F. ) ;
#1641 = CARTESIAN_POINT ( 'NONE',  ( -52.00000000000000711, -6.999999999999987566, -6.149999999999995026 ) ) ;
#1642 = ORIENTED_EDGE ( 'NONE', *, *, #839, .T. ) ;
#1643 = CARTESIAN_POINT ( 'NONE',  ( -74.51833024919777415, -14.24999999999999822, 9.700000000000025935 ) ) ;
#1644 = ORIENTED_EDGE ( 'NONE', *, *, #3710, .T. ) ;
#1645 = AXIS2_PLACEMENT_3D ( 'NONE', #2610, #3593, #531 ) ;
#1646 = EDGE_CURVE ( 'NONE', #3608, #1306, #3157, .T. ) ;
#1647 = DIRECTION ( 'NONE',  ( 0.000000000000000000, 0.000000000000000000, 1.000000000000000000 ) ) ;
#1648 = CARTESIAN_POINT ( 'NONE',  ( -84.01999999999999602, -14.99999999999999645, -17.30000000000005755 ) ) ;
#1649 = EDGE_CURVE ( 'NONE', #3123, #1171, #1391, .T. ) ;
#1650 = CYLINDRICAL_SURFACE ( 'NONE', #2106, 2.399999999999999467 ) ;
#1651 = ADVANCED_FACE ( 'NONE', ( #3853 ), #3090, .F. ) ;
#1652 = DIRECTION ( 'NONE',  ( -0.000000000000000000, -0.000000000000000000, -1.000000000000000000 ) ) ;
#1653 = DIRECTION ( 'NONE',  ( 1.000000000000000000, 0.000000000000000000, 0.000000000000000000 ) ) ;
#1654 = ORIENTED_EDGE ( 'NONE', *, *, #136, .T. ) ;
#1655 = FACE_OUTER_BOUND ( 'NONE', #449, .T. ) ;
#1656 = DIRECTION ( 'NONE',  ( 0.000000000000000000, 1.000000000000000000, 0.000000000000000000 ) ) ;
#1657 = ORIENTED_EDGE ( 'NONE', *, *, #561, .T. ) ;
#1658 = CARTESIAN_POINT ( 'NONE',  ( 31.82000000000000028, 20.03999999999998849, 0.000000000000000000 ) ) ;
#1659 = EDGE_LOOP ( 'NONE', ( #119, #1 ) ) ;
#1660 = EDGE_CURVE ( 'NONE', #2030, #4027, #72, .T. ) ;
#1661 = AXIS2_PLACEMENT_3D ( 'NONE', #3366, #1685, #3322 ) ;
#1662 = ORIENTED_EDGE ( 'NONE', *, *, #1054, .F. ) ;
#1663 = EDGE_CURVE ( 'NONE', #1171, #3736, #618, .T. ) ;
#1664 = ADVANCED_FACE ( 'NONE', ( #3492 ), #26, .F. ) ;
#1665 = DIRECTION ( 'NONE',  ( -1.000000000000000000, 0.000000000000000000, 0.000000000000000000 ) ) ;
#1666 = VECTOR ( 'NONE', #4097, 1000.000000000000000 ) ;
#1667 = ORIENTED_EDGE ( 'NONE', *, *, #117, .F. ) ;
#1668 = CARTESIAN_POINT ( 'NONE',  ( -40.50000000000000000, -24.50000000000001066, 9.500000000000000000 ) ) ;
#1669 = ORIENTED_EDGE ( 'NONE', *, *, #356, .F. ) ;
#1670 = CIRCLE ( 'NONE', #1807, 1.750000000000000666 ) ;
#1671 = DIRECTION ( 'NONE',  ( 0.000000000000000000, -0.000000000000000000, -1.000000000000000000 ) ) ;
#1672 = CYLINDRICAL_SURFACE ( 'NONE', #4126, 1.899999999999998135 ) ;
#1673 = SURFACE_STYLE_FILL_AREA ( #311 ) ;
#1674 = ADVANCED_FACE ( 'NONE', ( #1034 ), #89, .F. ) ;
#1675 = CARTESIAN_POINT ( 'NONE',  ( -45.55000000000000426, -9.925000000000002487, 7.775000000000023448 ) ) ;
#1676 = FACE_OUTER_BOUND ( 'NONE', #2623, .T. ) ;
#1677 = DIRECTION ( 'NONE',  ( 1.000000000000000000, 0.000000000000000000, 0.000000000000000000 ) ) ;
#1678 = VERTEX_POINT ( 'NONE', #384 ) ;
#1679 = CARTESIAN_POINT ( 'NONE',  ( -43.55000000000000426, 27.39378221735088559, 25.00000000000000000 ) ) ;
#1680 = CIRCLE ( 'NONE', #2245, 3.550000000000001155 ) ;
#1681 = VECTOR ( 'NONE', #1768, 1000.000000000000000 ) ;
#1682 = AXIS2_PLACEMENT_3D ( 'NONE', #4024, #236, #2942 ) ;
#1683 = CIRCLE ( 'NONE', #3612, 1.900000000000000577 ) ;
#1684 = AXIS2_PLACEMENT_3D ( 'NONE', #3990, #652, #2664 ) ;
#1685 = DIRECTION ( 'NONE',  ( 0.000000000000000000, 0.000000000000000000, 1.000000000000000000 ) ) ;
#1686 = EDGE_LOOP ( 'NONE', ( #1373, #2059 ) ) ;
#1687 = LINE ( 'NONE', #7, #1039 ) ;
#1688 = EDGE_LOOP ( 'NONE', ( #4164, #573 ) ) ;
#1689 = DIRECTION ( 'NONE',  ( 1.000000000000000000, 0.000000000000000000, 0.000000000000000000 ) ) ;
#1690 = ORIENTED_EDGE ( 'NONE', *, *, #1068, .F. ) ;
#1691 = DIRECTION ( 'NONE',  ( 1.000000000000000000, -3.852088714710695497E-16, 0.000000000000000000 ) ) ;
#1692 = ORIENTED_EDGE ( 'NONE', *, *, #552, .F. ) ;
#1693 = DIRECTION ( 'NONE',  ( 1.000000000000000000, 0.000000000000000000, 0.000000000000000000 ) ) ;
#1694 = ORIENTED_EDGE ( 'NONE', *, *, #202, .T. ) ;
#1695 = CARTESIAN_POINT ( 'NONE',  ( -39.00000000000000000, -24.50000000000001066, 10.00000000000000000 ) ) ;
#1696 = CYLINDRICAL_SURFACE ( 'NONE', #1819, 2.399999999999999467 ) ;
#1697 = DIRECTION ( 'NONE',  ( -1.000000000000000000, -4.081702296416016366E-17, -0.000000000000000000 ) ) ;
#1698 = EDGE_CURVE ( 'NONE', #3353, #3217, #1449, .T. ) ;
#1699 = CARTESIAN_POINT ( 'NONE',  ( -74.51833024919777415, 10.49999999999999822, 9.700000000000025935 ) ) ;
#1700 = VERTEX_POINT ( 'NONE', #1413 ) ;
#1701 = FACE_OUTER_BOUND ( 'NONE', #4173, .T. ) ;
#1702 = CARTESIAN_POINT ( 'NONE',  ( -39.00000000000000000, -24.50000000000001066, 5.000000000000000000 ) ) ;
#1703 = ORIENTED_EDGE ( 'NONE', *, *, #1921, .T. ) ;
#1704 = EDGE_CURVE ( 'NONE', #964, #1931, #2528, .T. ) ;
#1705 = CARTESIAN_POINT ( 'NONE',  ( 3.570000000000003837, 20.03999999999998494, 5.000000000000000000 ) ) ;
#1706 = ORIENTED_EDGE ( 'NONE', *, *, #54, .T. ) ;
#1707 = PRESENTATION_LAYER_ASSIGNMENT (  '', '', ( #3276 ) ) ;
#1708 = ADVANCED_FACE ( 'NONE', ( #1430 ), #2393, .F. ) ;
#1709 = SHAPE_DEFINITION_REPRESENTATION ( #377, #3918 ) ;
#1710 = AXIS2_PLACEMENT_3D ( 'NONE', #78, #1434, #4206 ) ;
#1711 = ORIENTED_EDGE ( 'NONE', *, *, #3395, .T. ) ;
#1712 = DIRECTION ( 'NONE',  ( 1.000000000000000000, -2.312964634635742957E-16, 0.000000000000000000 ) ) ;
#1713 = ORIENTED_EDGE ( 'NONE', *, *, #1128, .T. ) ;
#1714 = CARTESIAN_POINT ( 'NONE',  ( -74.51833024919777415, 14.24999999999999822, 7.800000000000023803 ) ) ;
#1715 = ORIENTED_EDGE ( 'NONE', *, *, #334, .T. ) ;
#1716 = AXIS2_PLACEMENT_3D ( 'NONE', #2794, #3212, #3533 ) ;
#1717 = DIRECTION ( 'NONE',  ( -1.000000000000000000, 0.000000000000000000, 0.000000000000000000 ) ) ;
#1718 = FACE_OUTER_BOUND ( 'NONE', #2278, .T. ) ;
#1719 = FACE_BOUND ( 'NONE', #2100, .T. ) ;
#1720 = AXIS2_PLACEMENT_3D ( 'NONE', #3355, #3466, #484 ) ;
#1721 = ADVANCED_FACE ( 'NONE', ( #47 ), #2774, .F. ) ;
#1722 = DIRECTION ( 'NONE',  ( 0.000000000000000000, 0.000000000000000000, -1.000000000000000000 ) ) ;
#1723 = EDGE_CURVE ( 'NONE', #1725, #4208, #3809, .T. ) ;
#1724 = ADVANCED_FACE ( 'NONE', ( #3236 ), #3583, .F. ) ;
#1725 = VERTEX_POINT ( 'NONE', #178 ) ;
#1726 = CARTESIAN_POINT ( 'NONE',  ( -82.40999999999998238, -1.689774182602747989E-14, -27.29999999999997229 ) ) ;
#1727 = VECTOR ( 'NONE', #3558, 1000.000000000000000 ) ;
#1728 = EDGE_CURVE ( 'NONE', #1098, #2738, #2226, .T. ) ;
#1729 = DIRECTION ( 'NONE',  ( 0.000000000000000000, 0.000000000000000000, 1.000000000000000000 ) ) ;
#1730 = ORIENTED_EDGE ( 'NONE', *, *, #3370, .F. ) ;
#1731 = DIRECTION ( 'NONE',  ( 1.000000000000000000, 0.000000000000000000, 0.000000000000000000 ) ) ;
#1732 = EDGE_LOOP ( 'NONE', ( #3848, #4094 ) ) ;
#1733 = SURFACE_SIDE_STYLE ('',( #4093 ) ) ;
#1734 = CARTESIAN_POINT ( 'NONE',  ( -65.01666049839552386, 15.00000000000000000, 46.55962692055163643 ) ) ;
#1735 = DIRECTION ( 'NONE',  ( -0.000000000000000000, -0.000000000000000000, -1.000000000000000000 ) ) ;
#1736 = EDGE_LOOP ( 'NONE', ( #4225, #3150 ) ) ;
#1737 = DIRECTION ( 'NONE',  ( 0.000000000000000000, 1.000000000000000000, 1.156482317317871725E-16 ) ) ;
#1738 = ORIENTED_EDGE ( 'NONE', *, *, #2258, .T. ) ;
#1739 = LINE ( 'NONE', #3762, #3241 ) ;
#1740 = AXIS2_PLACEMENT_3D ( 'NONE', #2726, #3082, #1737 ) ;
#1741 = DIRECTION ( 'NONE',  ( 0.000000000000000000, 0.000000000000000000, -1.000000000000000000 ) ) ;
#1742 = CARTESIAN_POINT ( 'NONE',  ( -37.25000000000002132, -14.72499999999999787, 9.949747468305840670 ) ) ;
#1743 = VERTEX_POINT ( 'NONE', #4305 ) ;
#1744 = DIRECTION ( 'NONE',  ( 1.000000000000000000, 0.000000000000000000, 0.000000000000000000 ) ) ;
#1745 = CARTESIAN_POINT ( 'NONE',  ( -35.50000000000001421, 14.72499999999999787, 9.949747468305840670 ) ) ;
#1746 = ORIENTED_EDGE ( 'NONE', *, *, #1311, .F. ) ;
#1747 = CIRCLE ( 'NONE', #2972, 1.900000000000002354 ) ;
#1748 = DIRECTION ( 'NONE',  ( 0.000000000000000000, 1.000000000000000000, 0.000000000000000000 ) ) ;
#1749 = EDGE_LOOP ( 'NONE', ( #1977, #1903 ) ) ;
#1750 = VECTOR ( 'NONE', #638, 1000.000000000000000 ) ;
#1751 = AXIS2_PLACEMENT_3D ( 'NONE', #2013, #2686, #4063 ) ;
#1752 = LINE ( 'NONE', #2126, #3201 ) ;
#1753 = DIRECTION ( 'NONE',  ( 1.000000000000000000, -2.312964634635742957E-16, -0.000000000000000000 ) ) ;
#1754 = VERTEX_POINT ( 'NONE', #2880 ) ;
#1755 = CYLINDRICAL_SURFACE ( 'NONE', #450, 3.499999999999996003 ) ;
#1756 = VERTEX_POINT ( 'NONE', #2934 ) ;
#1757 = AXIS2_PLACEMENT_3D ( 'NONE', #2203, #2858, #3941 ) ;
#1758 = CARTESIAN_POINT ( 'NONE',  ( -48.55000000000000426, -5.000000000000010658, 5.700000000000024158 ) ) ;
#1759 = LINE ( 'NONE', #4212, #936 ) ;
#1760 = ORIENTED_EDGE ( 'NONE', *, *, #3581, .T. ) ;
#1761 = CARTESIAN_POINT ( 'NONE',  ( -37.50000000000000000, 24.49999999999999289, 0.7573593128807065700 ) ) ;
#1762 = DIRECTION ( 'NONE',  ( 1.000000000000000000, 0.000000000000000000, 0.000000000000000000 ) ) ;
#1763 = ORIENTED_EDGE ( 'NONE', *, *, #56, .F. ) ;
#1764 = CARTESIAN_POINT ( 'NONE',  ( -48.55000000000000426, 4.999999999999989342, 5.700000000000024158 ) ) ;
#1765 = EDGE_CURVE ( 'NONE', #1336, #2542, #4124, .T. ) ;
#1766 = DIRECTION ( 'NONE',  ( 0.000000000000000000, 1.000000000000000000, 0.000000000000000000 ) ) ;
#1767 = ORIENTED_EDGE ( 'NONE', *, *, #2371, .F. ) ;
#1768 = DIRECTION ( 'NONE',  ( 0.000000000000000000, -1.000000000000000000, 3.652049423109253209E-16 ) ) ;
#1769 = VERTEX_POINT ( 'NONE', #565 ) ;
#1770 = CARTESIAN_POINT ( 'NONE',  ( -42.50000000000000000, -28.00000000000001066, 0.000000000000000000 ) ) ;
#1771 = CYLINDRICAL_SURFACE ( 'NONE', #2301, 3.549999999999999822 ) ;
#1772 = ORIENTED_EDGE ( 'NONE', *, *, #2318, .F. ) ;
#1773 = EDGE_CURVE ( 'NONE', #4392, #21, #2750, .T. ) ;
#1774 = ORIENTED_EDGE ( 'NONE', *, *, #1575, .T. ) ;
#1775 = EDGE_CURVE ( 'NONE', #3838, #2401, #1390, .T. ) ;
#1776 = AXIS2_PLACEMENT_3D ( 'NONE', #273, #3360, #2979 ) ;
#1777 = DIRECTION ( 'NONE',  ( 1.000000000000000000, 0.000000000000000000, 0.000000000000000000 ) ) ;
#1778 = DIRECTION ( 'NONE',  ( -0.000000000000000000, -0.000000000000000000, 1.000000000000000000 ) ) ;
#1779 = AXIS2_PLACEMENT_3D ( 'NONE', #2928, #4299, #1224 ) ;
#1780 = EDGE_CURVE ( 'NONE', #81, #2328, #2862, .T. ) ;
#1781 = VECTOR ( 'NONE', #1241, 1000.000000000000000 ) ;
#1782 = ADVANCED_FACE ( 'NONE', ( #2909 ), #1135, .T. ) ;
#1783 = CARTESIAN_POINT ( 'NONE',  ( -74.51833024919777415, 14.24999999999999822, 9.700000000000025935 ) ) ;
#1784 = EDGE_CURVE ( 'NONE', #50, #3217, #474, .T. ) ;
#1785 = DIRECTION ( 'NONE',  ( 0.000000000000000000, 1.000000000000000000, 0.000000000000000000 ) ) ;
#1786 = CARTESIAN_POINT ( 'NONE',  ( -48.25000000000000711, -6.999999999999988454, -16.14999999999999858 ) ) ;
#1787 = EDGE_LOOP ( 'NONE', ( #1214, #2883, #3823, #1730 ) ) ;
#1788 = CARTESIAN_POINT ( 'NONE',  ( -52.00000000000000711, -5.099999999999989875, -16.14999999999999858 ) ) ;
#1789 = EDGE_LOOP ( 'NONE', ( #411, #1657, #158, #3129 ) ) ;
#1790 = PLANE ( 'NONE',  #3281 ) ;
#1791 = DIRECTION ( 'NONE',  ( 1.000000000000000000, -0.000000000000000000, -0.000000000000000000 ) ) ;
#1792 = ORIENTED_EDGE ( 'NONE', *, *, #2383, .T. ) ;
#1793 = CARTESIAN_POINT ( 'NONE',  ( -65.01666049839550965, 14.99999999999999645, -26.00000000000008527 ) ) ;
#1794 = EDGE_LOOP ( 'NONE', ( #446, #3945, #1934, #3173 ) ) ;
#1795 = EDGE_CURVE ( 'NONE', #195, #487, #1501, .T. ) ;
#1796 = EDGE_CURVE ( 'NONE', #1427, #2145, #1207, .T. ) ;
#1797 = EDGE_CURVE ( 'NONE', #1570, #1375, #4217, .T. ) ;
#1798 = DIRECTION ( 'NONE',  ( 1.000000000000000000, 0.000000000000000000, 0.000000000000000000 ) ) ;
#1799 = DIRECTION ( 'NONE',  ( 0.000000000000000000, 0.000000000000000000, -1.000000000000000000 ) ) ;
#1800 = CYLINDRICAL_SURFACE ( 'NONE', #163, 0.5000000000000004441 ) ;
#1801 = AXIS2_PLACEMENT_3D ( 'NONE', #2923, #4295, #1693 ) ;
#1802 = EDGE_CURVE ( 'NONE', #3217, #370, #1156, .T. ) ;
#1803 = CIRCLE ( 'NONE', #4174, 2.399999999999999467 ) ;
#1804 = CARTESIAN_POINT ( 'NONE',  ( -44.30000000000000426, 20.19689110867544102, 20.00000000000000000 ) ) ;
#1805 = VECTOR ( 'NONE', #2745, 1000.000000000000000 ) ;
#1806 = DIRECTION ( 'NONE',  ( 0.000000000000000000, -1.000000000000000000, 0.000000000000000000 ) ) ;
#1807 = AXIS2_PLACEMENT_3D ( 'NONE', #1143, #2127, #390 ) ;
#1808 = DIRECTION ( 'NONE',  ( 1.000000000000000000, 0.000000000000000000, 0.000000000000000000 ) ) ;
#1809 = VERTEX_POINT ( 'NONE', #228 ) ;
#1810 = CARTESIAN_POINT ( 'NONE',  ( -74.51833024919777415, 10.49999999999999822, 9.700000000000025935 ) ) ;
#1811 = ORIENTED_EDGE ( 'NONE', *, *, #1253, .F. ) ;
#1812 = VECTOR ( 'NONE', #1472, 1000.000000000000000 ) ;
#1813 = DIRECTION ( 'NONE',  ( 1.000000000000000000, 0.000000000000000000, -0.000000000000000000 ) ) ;
#1814 = FACE_OUTER_BOUND ( 'NONE', #3950, .T. ) ;
#1815 = ORIENTED_EDGE ( 'NONE', *, *, #1919, .T. ) ;
#1816 = DIRECTION ( 'NONE',  ( 0.000000000000000000, 0.000000000000000000, -1.000000000000000000 ) ) ;
#1817 = ORIENTED_EDGE ( 'NONE', *, *, #4440, .F. ) ;
#1818 = CIRCLE ( 'NONE', #4406, 0.5000000000000004441 ) ;
#1819 = AXIS2_PLACEMENT_3D ( 'NONE', #3764, #2380, #3065 ) ;
#1820 = LINE ( 'NONE', #3124, #3410 ) ;
#1821 = VECTOR ( 'NONE', #1593, 1000.000000000000000 ) ;
#1822 = CYLINDRICAL_SURFACE ( 'NONE', #502, 3.499999999999999556 ) ;
#1823 = ORIENTED_EDGE ( 'NONE', *, *, #2578, .F. ) ;
#1824 = CARTESIAN_POINT ( 'NONE',  ( 1.820000000000003171, -19.96000000000001506, -4.949747468305842446 ) ) ;
#1825 = VECTOR ( 'NONE', #3262, 1000.000000000000000 ) ;
#1826 = DIRECTION ( 'NONE',  ( 0.000000000000000000, -0.000000000000000000, -1.000000000000000000 ) ) ;
#1827 = DIRECTION ( 'NONE',  ( 1.000000000000000000, 0.000000000000000000, 0.000000000000000000 ) ) ;
#1828 = CARTESIAN_POINT ( 'NONE',  ( -42.50000000000000000, -28.00000000000001066, 5.000000000000000000 ) ) ;
#1829 = DIRECTION ( 'NONE',  ( -0.000000000000000000, -0.000000000000000000, 1.000000000000000000 ) ) ;
#1830 = EDGE_CURVE ( 'NONE', #4289, #218, #1580, .T. ) ;
#1831 = DIRECTION ( 'NONE',  ( 0.000000000000000000, 0.000000000000000000, 1.000000000000000000 ) ) ;
#1832 = ORIENTED_EDGE ( 'NONE', *, *, #1850, .F. ) ;
#1833 = DIRECTION ( 'NONE',  ( 1.000000000000000000, 0.000000000000000000, 0.000000000000000000 ) ) ;
#1834 = ORIENTED_EDGE ( 'NONE', *, *, #2932, .F. ) ;
#1835 = EDGE_CURVE ( 'NONE', #1498, #1299, #2571, .T. ) ;
#1836 = DIRECTION ( 'NONE',  ( 1.000000000000000000, -2.312964634635742957E-16, -0.000000000000000000 ) ) ;
#1837 = EDGE_LOOP ( 'NONE', ( #1634, #3290, #4021, #2440 ) ) ;
#1838 = CARTESIAN_POINT ( 'NONE',  ( -82.40999999999998238, 9.549999999999988276, -27.29999999999997229 ) ) ;
#1839 = ORIENTED_EDGE ( 'NONE', *, *, #3707, .T. ) ;
#1840 = EDGE_CURVE ( 'NONE', #1876, #2881, #822, .T. ) ;
#1841 = DIRECTION ( 'NONE',  ( 0.000000000000000000, 0.000000000000000000, 1.000000000000000000 ) ) ;
#1842 = DIRECTION ( 'NONE',  ( 0.000000000000000000, 0.000000000000000000, 1.000000000000000000 ) ) ;
#1843 = FACE_OUTER_BOUND ( 'NONE', #1787, .T. ) ;
#1844 = EDGE_LOOP ( 'NONE', ( #1478, #3126 ) ) ;
#1845 = CARTESIAN_POINT ( 'NONE',  ( -48.55000000000000426, 4.999999999999989342, 14.70000000000002416 ) ) ;
#1846 = ORIENTED_EDGE ( 'NONE', *, *, #2905, .F. ) ;
#1847 = DIRECTION ( 'NONE',  ( 1.000000000000000000, 0.000000000000000000, 0.000000000000000000 ) ) ;
#1848 = FACE_OUTER_BOUND ( 'NONE', #4210, .T. ) ;
#1849 = DIRECTION ( 'NONE',  ( -0.000000000000000000, -1.000000000000000000, -0.000000000000000000 ) ) ;
#1850 = EDGE_CURVE ( 'NONE', #1268, #1570, #492, .T. ) ;
#1851 = ADVANCED_FACE ( 'NONE', ( #155 ), #1513, .F. ) ;
#1852 = ADVANCED_FACE ( 'NONE', ( #3317 ), #3385, .F. ) ;
#1853 = CARTESIAN_POINT ( 'NONE',  ( -84.01999999999999602, -14.99999999999999645, -17.30000000000005755 ) ) ;
#1854 = EDGE_LOOP ( 'NONE', ( #3239, #185, #566, #924 ) ) ;
#1855 = AXIS2_PLACEMENT_3D ( 'NONE', #2830, #3143, #1129 ) ;
#1856 = DIRECTION ( 'NONE',  ( 0.000000000000000000, 1.156482317317871725E-16, -1.000000000000000000 ) ) ;
#1857 = EDGE_LOOP ( 'NONE', ( #3078, #3730, #3901, #405 ) ) ;
#1858 = DIRECTION ( 'NONE',  ( 1.000000000000000000, 0.000000000000000000, 0.000000000000000000 ) ) ;
#1859 = EDGE_LOOP ( 'NONE', ( #344, #1846 ) ) ;
#1860 = CARTESIAN_POINT ( 'NONE',  ( -82.40999999999998238, -9.550000000000023803, -27.29999999999997229 ) ) ;
#1861 = ORIENTED_EDGE ( 'NONE', *, *, #866, .T. ) ;
#1862 = CARTESIAN_POINT ( 'NONE',  ( -74.51833024919777415, 14.24999999999999822, 13.25000000000002842 ) ) ;
#1863 = CARTESIAN_POINT ( 'NONE',  ( -52.50000000000000711, 0.000000000000000000, 0.000000000000000000 ) ) ;
#1864 = DIRECTION ( 'NONE',  ( 0.000000000000000000, 0.000000000000000000, -1.000000000000000000 ) ) ;
#1865 = VERTEX_POINT ( 'NONE', #3023 ) ;
#1866 = CARTESIAN_POINT ( 'NONE',  ( 21.40000000000000213, -24.50000000000001066, 9.500000000000000000 ) ) ;
#1867 = ORIENTED_EDGE ( 'NONE', *, *, #3438, .T. ) ;
#1868 = CARTESIAN_POINT ( 'NONE',  ( -44.30000000000000426, 20.19689110867544102, 21.89999999999999858 ) ) ;
#1869 = DIRECTION ( 'NONE',  ( 1.000000000000000000, 0.000000000000000000, 0.000000000000000000 ) ) ;
#1870 = AXIS2_PLACEMENT_3D ( 'NONE', #2626, #2938, #1928 ) ;
#1871 = CIRCLE ( 'NONE', #2027, 1.900000000000002354 ) ;
#1872 = CARTESIAN_POINT ( 'NONE',  ( -74.51833024919777415, 10.49999999999999822, -12.30000000000005755 ) ) ;
#1873 = ORIENTED_EDGE ( 'NONE', *, *, #468, .F. ) ;
#1874 = VECTOR ( 'NONE', #184, 1000.000000000000000 ) ;
#1875 = CARTESIAN_POINT ( 'NONE',  ( -43.55000000000000426, 8.999999999999982236, 38.45084209033436906 ) ) ;
#1876 = VERTEX_POINT ( 'NONE', #1345 ) ;
#1877 = CARTESIAN_POINT ( 'NONE',  ( -48.25000000000000711, -6.999999999999988454, -6.149999999999995026 ) ) ;
#1878 = ORIENTED_EDGE ( 'NONE', *, *, #4032, .F. ) ;
#1879 = DIRECTION ( 'NONE',  ( -0.000000000000000000, -0.000000000000000000, 1.000000000000000000 ) ) ;
#1880 = ORIENTED_EDGE ( 'NONE', *, *, #3307, .F. ) ;
#1881 = EDGE_CURVE ( 'NONE', #3303, #2533, #2663, .T. ) ;
#1882 = DIRECTION ( 'NONE',  ( 0.000000000000000000, 1.000000000000000000, 0.000000000000000000 ) ) ;
#1883 = PLANE ( 'NONE',  #3902 ) ;
#1884 = CARTESIAN_POINT ( 'NONE',  ( -74.51833024919777415, -15.00000000000000000, 6.150000000000021672 ) ) ;
#1885 = VERTEX_POINT ( 'NONE', #4399 ) ;
#1886 = CIRCLE ( 'NONE', #465, 2.399999999999999467 ) ;
#1887 = LINE ( 'NONE', #4345, #3457 ) ;
#1888 = ORIENTED_EDGE ( 'NONE', *, *, #2578, .T. ) ;
#1889 = AXIS2_PLACEMENT_3D ( 'NONE', #4420, #2017, #654 ) ;
#1890 = CIRCLE ( 'NONE', #1461, 1.899999999999999023 ) ;
#1891 = CIRCLE ( 'NONE', #3542, 0.5000000000000004441 ) ;
#1892 = AXIS2_PLACEMENT_3D ( 'NONE', #2038, #298, #3071 ) ;
#1893 = CIRCLE ( 'NONE', #3832, 3.499999999999996003 ) ;
#1894 = CARTESIAN_POINT ( 'NONE',  ( -74.51833024919777415, 10.49999999999999822, 9.700000000000025935 ) ) ;
#1895 = DIRECTION ( 'NONE',  ( -0.000000000000000000, 1.000000000000000000, -0.000000000000000000 ) ) ;
#1896 = DIRECTION ( 'NONE',  ( 0.000000000000000000, 0.000000000000000000, 1.000000000000000000 ) ) ;
#1897 = DIRECTION ( 'NONE',  ( 1.000000000000000000, 0.000000000000000000, 0.000000000000000000 ) ) ;
#1898 = DIRECTION ( 'NONE',  ( -1.000000000000000000, 0.000000000000000000, 0.000000000000000000 ) ) ;
#1899 = ORIENTED_EDGE ( 'NONE', *, *, #129, .T. ) ;
#1900 = CARTESIAN_POINT ( 'NONE',  ( 3.570000000000003837, -19.96000000000001506, 5.000000000000000000 ) ) ;
#1901 = EDGE_LOOP ( 'NONE', ( #3297, #3185 ) ) ;
#1902 = CARTESIAN_POINT ( 'NONE',  ( -53.00000000000000711, -9.549999999999998934, -17.29999999999997584 ) ) ;
#1903 = ORIENTED_EDGE ( 'NONE', *, *, #354, .T. ) ;
#1904 = LINE ( 'NONE', #1234, #3315 ) ;
#1905 = EDGE_LOOP ( 'NONE', ( #2303, #1010, #3256, #3664 ) ) ;
#1906 =( LENGTH_UNIT ( ) NAMED_UNIT ( * ) SI_UNIT ( .MILLI., .METRE. ) );
#1907 = DIRECTION ( 'NONE',  ( 1.000000000000000000, -2.312964634635742957E-16, 0.000000000000000000 ) ) ;
#1908 = ADVANCED_FACE ( 'NONE', ( #2275 ), #3050, .F. ) ;
#1909 = EDGE_CURVE ( 'NONE', #1865, #3229, #539, .T. ) ;
#1910 = DIRECTION ( 'NONE',  ( 0.000000000000000000, 0.000000000000000000, -1.000000000000000000 ) ) ;
#1911 = ORIENTED_EDGE ( 'NONE', *, *, #3435, .T. ) ;
#1912 = DIRECTION ( 'NONE',  ( 0.000000000000000000, 0.000000000000000000, -1.000000000000000000 ) ) ;
#1913 = ORIENTED_EDGE ( 'NONE', *, *, #2178, .F. ) ;
#1914 = ADVANCED_FACE ( 'NONE', ( #2710 ), #4352, .F. ) ;
#1915 = CARTESIAN_POINT ( 'NONE',  ( -74.51833024919777415, 14.24999999999999822, -15.85000000000006182 ) ) ;
#1916 = DIRECTION ( 'NONE',  ( 1.000000000000000000, 0.000000000000000000, 0.000000000000000000 ) ) ;
#1917 = CYLINDRICAL_SURFACE ( 'NONE', #4340, 2.399999999999999467 ) ;
#1918 = VECTOR ( 'NONE', #2083, 1000.000000000000000 ) ;
#1919 = EDGE_CURVE ( 'NONE', #1622, #570, #1680, .T. ) ;
#1920 = DIRECTION ( 'NONE',  ( 2.312964634635742957E-16, 1.000000000000000000, 0.000000000000000000 ) ) ;
#1921 = EDGE_CURVE ( 'NONE', #493, #1769, #394, .T. ) ;
#1922 = CARTESIAN_POINT ( 'NONE',  ( -42.49999999999999289, 24.49999999999999289, 10.00000000000000000 ) ) ;
#1923 = EDGE_LOOP ( 'NONE', ( #2560, #3500 ) ) ;
#1924 = DIRECTION ( 'NONE',  ( 0.000000000000000000, -1.000000000000000000, 0.000000000000000000 ) ) ;
#1925 = ORIENTED_EDGE ( 'NONE', *, *, #735, .T. ) ;
#1926 = VECTOR ( 'NONE', #3190, 1000.000000000000000 ) ;
#1927 = AXIS2_PLACEMENT_3D ( 'NONE', #3104, #3086, #1382 ) ;
#1928 = DIRECTION ( 'NONE',  ( -1.000000000000000000, 0.000000000000000000, 0.000000000000000000 ) ) ;
#1929 = EDGE_LOOP ( 'NONE', ( #3083, #2991, #4041, #2611 ) ) ;
#1930 = DIRECTION ( 'NONE',  ( -1.000000000000000000, -4.081702296416016366E-17, -0.000000000000000000 ) ) ;
#1931 = VERTEX_POINT ( 'NONE', #296 ) ;
#1932 = CARTESIAN_POINT ( 'NONE',  ( 3.570000000000003837, -19.96000000000001506, 0.000000000000000000 ) ) ;
#1933 = DIRECTION ( 'NONE',  ( -0.000000000000000000, -0.000000000000000000, 1.000000000000000000 ) ) ;
#1934 = ORIENTED_EDGE ( 'NONE', *, *, #1909, .F. ) ;
#1935 = CYLINDRICAL_SURFACE ( 'NONE', #3389, 1.900000000000002354 ) ;
#1936 = ORIENTED_EDGE ( 'NONE', *, *, #3407, .T. ) ;
#1937 = EDGE_CURVE ( 'NONE', #2355, #2191, #966, .T. ) ;
#1938 = VECTOR ( 'NONE', #1558, 1000.000000000000000 ) ;
#1939 = EDGE_CURVE ( 'NONE', #1636, #720, #3242, .T. ) ;
#1940 = DIRECTION ( 'NONE',  ( -0.000000000000000000, -0.000000000000000000, 1.000000000000000000 ) ) ;
#1941 = DIRECTION ( 'NONE',  ( 1.000000000000000000, -0.000000000000000000, -0.000000000000000000 ) ) ;
#1942 = DIRECTION ( 'NONE',  ( 1.000000000000000000, -2.312964634635742957E-16, -0.000000000000000000 ) ) ;
#1943 = DIRECTION ( 'NONE',  ( -0.000000000000000000, -0.000000000000000000, -1.000000000000000000 ) ) ;
#1944 = DIRECTION ( 'NONE',  ( 1.000000000000000000, 0.000000000000000000, 0.000000000000000000 ) ) ;
#1945 = ORIENTED_EDGE ( 'NONE', *, *, #4192, .T. ) ;
#1946 = DIRECTION ( 'NONE',  ( 0.000000000000000000, 1.000000000000000000, 0.000000000000000000 ) ) ;
#1947 = EDGE_LOOP ( 'NONE', ( #3610, #2845, #4161, #2604, #3451 ) ) ;
#1948 = AXIS2_PLACEMENT_3D ( 'NONE', #1902, #498, #4309 ) ;
#1949 = CARTESIAN_POINT ( 'NONE',  ( -35.50000000000001421, 14.72499999999999787, 9.949747468305840670 ) ) ;
#1950 = ORIENTED_EDGE ( 'NONE', *, *, #3189, .F. ) ;
#1951 = CARTESIAN_POINT ( 'NONE',  ( 33.57000000000000028, -19.96000000000001151, 0.000000000000000000 ) ) ;
#1952 = ORIENTED_EDGE ( 'NONE', *, *, #4030, .T. ) ;
#1953 = AXIS2_PLACEMENT_3D ( 'NONE', #4209, #3181, #1145 ) ;
#1954 = DIRECTION ( 'NONE',  ( -0.4999999999999981681, 0.8660254037844397068, 0.000000000000000000 ) ) ;
#1955 = ORIENTED_EDGE ( 'NONE', *, *, #995, .F. ) ;
#1956 = DIRECTION ( 'NONE',  ( -0.000000000000000000, 1.000000000000000000, -0.000000000000000000 ) ) ;
#1957 = ORIENTED_EDGE ( 'NONE', *, *, #1723, .F. ) ;
#1958 = DIRECTION ( 'NONE',  ( 0.000000000000000000, -0.000000000000000000, -1.000000000000000000 ) ) ;
#1959 = VERTEX_POINT ( 'NONE', #2692 ) ;
#1960 = ADVANCED_FACE ( 'NONE', ( #988 ), #916, .F. ) ;
#1961 = DIRECTION ( 'NONE',  ( 0.000000000000000000, 0.000000000000000000, 1.000000000000000000 ) ) ;
#1962 = AXIS2_PLACEMENT_3D ( 'NONE', #3478, #2412, #3877 ) ;
#1963 = LINE ( 'NONE', #1987, #3688 ) ;
#1964 = VECTOR ( 'NONE', #3260, 1000.000000000000000 ) ;
#1965 = AXIS2_PLACEMENT_3D ( 'NONE', #3900, #4265, #1187 ) ;
#1966 = VECTOR ( 'NONE', #3954, 1000.000000000000000 ) ;
#1967 = CYLINDRICAL_SURFACE ( 'NONE', #4369, 3.550000000000001155 ) ;
#1968 = ADVANCED_FACE ( 'NONE', ( #2361 ), #3650, .F. ) ;
#1969 = FACE_OUTER_BOUND ( 'NONE', #3017, .T. ) ;
#1970 = EDGE_LOOP ( 'NONE', ( #2924, #4227, #1531, #747 ) ) ;
#1971 = DIRECTION ( 'NONE',  ( 0.8660254037844367092, -0.5000000000000035527, -0.000000000000000000 ) ) ;
#1972 = CIRCLE ( 'NONE', #3543, 1.899999999999999023 ) ;
#1973 = EDGE_CURVE ( 'NONE', #35, #2916, #3577, .T. ) ;
#1974 = CARTESIAN_POINT ( 'NONE',  ( -65.01666049839521122, -15.00000000000000000, 25.00000000000000000 ) ) ;
#1975 = VERTEX_POINT ( 'NONE', #3723 ) ;
#1976 = DIRECTION ( 'NONE',  ( 0.000000000000000000, 1.000000000000000000, 0.000000000000000000 ) ) ;
#1977 = ORIENTED_EDGE ( 'NONE', *, *, #2293, .T. ) ;
#1978 = EDGE_CURVE ( 'NONE', #3493, #2860, #3468, .T. ) ;
#1979 = FILL_AREA_STYLE_COLOUR ( '', #1063 ) ;
#1980 = FACE_OUTER_BOUND ( 'NONE', #2871, .T. ) ;
#1981 = LINE ( 'NONE', #628, #2378 ) ;
#1982 = EDGE_LOOP ( 'NONE', ( #8, #1371, #4346, #1640, #2147, #2471, #3237, #1598 ) ) ;
#1983 = CARTESIAN_POINT ( 'NONE',  ( -52.00000000000000711, -6.999999999999987566, -16.14999999999999858 ) ) ;
#1984 = VERTEX_POINT ( 'NONE', #2643 ) ;
#1985 = CYLINDRICAL_SURFACE ( 'NONE', #1104, 3.550000000000001155 ) ;
#1986 = DIRECTION ( 'NONE',  ( 1.000000000000000000, -0.000000000000000000, -0.000000000000000000 ) ) ;
#1987 = CARTESIAN_POINT ( 'NONE',  ( -48.25000000000000711, -3.449999999999988187, -16.14999999999999858 ) ) ;
#1988 = FACE_OUTER_BOUND ( 'NONE', #2065, .T. ) ;
#1989 = EDGE_CURVE ( 'NONE', #3736, #1975, #2648, .T. ) ;
#1990 = CARTESIAN_POINT ( 'NONE',  ( -65.01666049839521122, -15.00000000000000000, 46.55962692055163643 ) ) ;
#1991 = ORIENTED_EDGE ( 'NONE', *, *, #3226, .F. ) ;
#1992 = CARTESIAN_POINT ( 'NONE',  ( -35.50000000000001421, -14.72499999999999787, 0.000000000000000000 ) ) ;
#1993 = DIRECTION ( 'NONE',  ( 0.000000000000000000, 1.000000000000000000, 0.000000000000000000 ) ) ;
#1994 = VECTOR ( 'NONE', #1344, 1000.000000000000000 ) ;
#1995 = EDGE_CURVE ( 'NONE', #2353, #850, #681, .T. ) ;
#1996 = ADVANCED_FACE ( 'NONE', ( #1969 ), #275, .T. ) ;
#1997 = CYLINDRICAL_SURFACE ( 'NONE', #1309, 1.750000000000001554 ) ;
#1998 = ORIENTED_EDGE ( 'NONE', *, *, #1646, .F. ) ;
#1999 = AXIS2_PLACEMENT_3D ( 'NONE', #583, #1292, #4348 ) ;
#2000 = FACE_OUTER_BOUND ( 'NONE', #2912, .T. ) ;
#2001 = ORIENTED_EDGE ( 'NONE', *, *, #1663, .F. ) ;
#2002 = AXIS2_PLACEMENT_3D ( 'NONE', #2473, #3161, #4163 ) ;
#2003 = EDGE_CURVE ( 'NONE', #4176, #1529, #462, .T. ) ;
#2004 = LINE ( 'NONE', #3371, #2714 ) ;
#2005 = CARTESIAN_POINT ( 'NONE',  ( -74.51833024919777415, 10.49999999999999822, -12.30000000000005755 ) ) ;
#2006 = ORIENTED_EDGE ( 'NONE', *, *, #733, .F. ) ;
#2007 = CARTESIAN_POINT ( 'NONE',  ( -95.00000000000000000, -15.00000000000000178, -22.29999999999997584 ) ) ;
#2008 = ORIENTED_EDGE ( 'NONE', *, *, #3972, .T. ) ;
#2009 = AXIS2_PLACEMENT_3D ( 'NONE', #2026, #1355, #3034 ) ;
#2010 = DIRECTION ( 'NONE',  ( -0.000000000000000000, -0.000000000000000000, -1.000000000000000000 ) ) ;
#2011 = FACE_BOUND ( 'NONE', #33, .T. ) ;
#2012 = DIRECTION ( 'NONE',  ( 0.000000000000000000, -0.000000000000000000, 1.000000000000000000 ) ) ;
#2013 = CARTESIAN_POINT ( 'NONE',  ( -74.51833024919777415, -10.49999999999999822, -12.30000000000005755 ) ) ;
#2014 = CARTESIAN_POINT ( 'NONE',  ( -44.30000000000000426, -20.19689110867545168, 20.00000000000000000 ) ) ;
#2015 = FACE_OUTER_BOUND ( 'NONE', #2185, .T. ) ;
#2016 = EDGE_CURVE ( 'NONE', #3121, #2333, #3826, .T. ) ;
#2017 = DIRECTION ( 'NONE',  ( -0.000000000000000000, -1.156482317317871725E-16, 1.000000000000000000 ) ) ;
#2018 = ORIENTED_EDGE ( 'NONE', *, *, #440, .T. ) ;
#2019 = CARTESIAN_POINT ( 'NONE',  ( -48.55000000000000426, -20.19689110867545168, 18.10000000000000142 ) ) ;
#2020 = DIRECTION ( 'NONE',  ( 1.000000000000000000, 0.000000000000000000, 0.000000000000000000 ) ) ;
#2021 = ORIENTED_EDGE ( 'NONE', *, *, #3285, .T. ) ;
#2022 = DIRECTION ( 'NONE',  ( 1.000000000000000000, 0.000000000000000000, 0.000000000000000000 ) ) ;
#2023 = EDGE_LOOP ( 'NONE', ( #2937, #1059 ) ) ;
#2024 = VECTOR ( 'NONE', #2457, 1000.000000000000227 ) ;
#2025 = ORIENTED_EDGE ( 'NONE', *, *, #2932, .T. ) ;
#2026 = CARTESIAN_POINT ( 'NONE',  ( -48.55000000000000426, -20.19689110867545168, 20.00000000000000000 ) ) ;
#2027 = AXIS2_PLACEMENT_3D ( 'NONE', #460, #2449, #835 ) ;
#2028 = ORIENTED_EDGE ( 'NONE', *, *, #3915, .T. ) ;
#2029 = FACE_BOUND ( 'NONE', #3905, .T. ) ;
#2030 = VERTEX_POINT ( 'NONE', #4231 ) ;
#2031 = EDGE_CURVE ( 'NONE', #3462, #1581, #2175, .T. ) ;
#2032 = LINE ( 'NONE', #3404, #889 ) ;
#2033 = PRESENTATION_STYLE_ASSIGNMENT (( #2705 ) ) ;
#2034 = ADVANCED_FACE ( 'NONE', ( #4190 ), #3913, .F. ) ;
#2035 = CARTESIAN_POINT ( 'NONE',  ( -48.55000000000000426, 20.19689110867544102, 20.00000000000000000 ) ) ;
#2036 = ORIENTED_EDGE ( 'NONE', *, *, #766, .T. ) ;
#2037 = CIRCLE ( 'NONE', #4048, 3.550000000000002931 ) ;
#2038 = CARTESIAN_POINT ( 'NONE',  ( -74.51833024919777415, 10.49999999999999822, 9.700000000000025935 ) ) ;
#2039 = VECTOR ( 'NONE', #993, 1000.000000000000000 ) ;
#2040 = CIRCLE ( 'NONE', #4333, 1.750000000000001554 ) ;
#2041 = AXIS2_PLACEMENT_3D ( 'NONE', #2868, #3548, #3158 ) ;
#2042 = CARTESIAN_POINT ( 'NONE',  ( 19.00000000000000355, 24.49999999999999289, 10.00000000000000000 ) ) ;
#2043 = ORIENTED_EDGE ( 'NONE', *, *, #2824, .T. ) ;
#2044 = CARTESIAN_POINT ( 'NONE',  ( -43.55000000000000426, -20.19689110867545168, 20.00000000000000000 ) ) ;
#2045 = ORIENTED_EDGE ( 'NONE', *, *, #2593, .F. ) ;
#2046 = EDGE_LOOP ( 'NONE', ( #2025, #3625, #791, #3299 ) ) ;
#2047 = CARTESIAN_POINT ( 'NONE',  ( -39.00000000000000000, -24.50000000000001066, 9.500000000000000000 ) ) ;
#2048 = ORIENTED_EDGE ( 'NONE', *, *, #4325, .T. ) ;
#2049 = CARTESIAN_POINT ( 'NONE',  ( -43.55000000000000426, 27.39378221735088559, 5.000000000000000000 ) ) ;
#2050 = VERTEX_POINT ( 'NONE', #3871 ) ;
#2051 = EDGE_CURVE ( 'NONE', #3479, #814, #3883, .T. ) ;
#2052 = EDGE_CURVE ( 'NONE', #1769, #493, #94, .T. ) ;
#2053 = EDGE_CURVE ( 'NONE', #3651, #3401, #1871, .T. ) ;
#2054 = CARTESIAN_POINT ( 'NONE',  ( -39.00000000000000000, -24.50000000000001066, 5.000000000000000000 ) ) ;
#2055 = CARTESIAN_POINT ( 'NONE',  ( 31.82000000000000028, -19.96000000000001151, 5.000000000000000000 ) ) ;
#2056 = CYLINDRICAL_SURFACE ( 'NONE', #2717, 1.900000000000002354 ) ;
#2057 = EDGE_CURVE ( 'NONE', #2803, #1809, #4165, .T. ) ;
#2058 = CARTESIAN_POINT ( 'NONE',  ( 16.60000000000000497, 24.49999999999999289, 9.500000000000000000 ) ) ;
#2059 = ORIENTED_EDGE ( 'NONE', *, *, #1627, .T. ) ;
#2060 = LINE ( 'NONE', #2077, #2756 ) ;
#2061 = EDGE_CURVE ( 'NONE', #625, #1636, #3574, .T. ) ;
#2062 = LINE ( 'NONE', #1116, #2024 ) ;
#2063 = ORIENTED_EDGE ( 'NONE', *, *, #1802, .T. ) ;
#2064 = FACE_BOUND ( 'NONE', #2324, .T. ) ;
#2065 = EDGE_LOOP ( 'NONE', ( #2411, #4429, #1276, #4218 ) ) ;
#2066 = CIRCLE ( 'NONE', #137, 3.550000000000004707 ) ;
#2067 = CARTESIAN_POINT ( 'NONE',  ( -43.55000000000000426, -9.925000000000002487, 7.775000000000023448 ) ) ;
#2068 = CARTESIAN_POINT ( 'NONE',  ( 15.50000000000000355, -24.50000000000001066, 5.000000000000000000 ) ) ;
#2069 = ORIENTED_EDGE ( 'NONE', *, *, #1054, .T. ) ;
#2070 = LINE ( 'NONE', #3422, #2949 ) ;
#2071 = ORIENTED_EDGE ( 'NONE', *, *, #4374, .T. ) ;
#2072 = AXIS2_PLACEMENT_3D ( 'NONE', #2857, #404, #1762 ) ;
#2073 = DIRECTION ( 'NONE',  ( 0.000000000000000000, 1.000000000000000000, 0.000000000000000000 ) ) ;
#2074 = DIRECTION ( 'NONE',  ( 1.000000000000000000, 0.000000000000000000, 0.000000000000000000 ) ) ;
#2075 = FACE_OUTER_BOUND ( 'NONE', #644, .T. ) ;
#2076 = EDGE_LOOP ( 'NONE', ( #989, #1020, #385, #2945 ) ) ;
#2077 = CARTESIAN_POINT ( 'NONE',  ( -65.01666049839521122, -15.00000000000000000, 25.00000000000000000 ) ) ;
#2078 = AXIS2_PLACEMENT_3D ( 'NONE', #2981, #3698, #1628 ) ;
#2079 = DIRECTION ( 'NONE',  ( 0.000000000000000000, 1.000000000000000000, 0.000000000000000000 ) ) ;
#2080 = ORIENTED_EDGE ( 'NONE', *, *, #2427, .F. ) ;
#2081 = DIRECTION ( 'NONE',  ( 0.000000000000000000, 1.000000000000000000, 0.000000000000000000 ) ) ;
#2082 = EDGE_LOOP ( 'NONE', ( #3088, #3584, #3467, #2310 ) ) ;
#2083 = DIRECTION ( 'NONE',  ( 1.000000000000000000, -2.312964634635742957E-16, -0.000000000000000000 ) ) ;
#2084 = LINE ( 'NONE', #3879, #315 ) ;
#2085 = ORIENTED_EDGE ( 'NONE', *, *, #1496, .T. ) ;
#2086 = CARTESIAN_POINT ( 'NONE',  ( -74.51833024919777415, -14.24999999999999822, 9.700000000000025935 ) ) ;
#2087 = ORIENTED_EDGE ( 'NONE', *, *, #2814, .T. ) ;
#2088 = DIRECTION ( 'NONE',  ( 0.000000000000000000, 0.000000000000000000, 1.000000000000000000 ) ) ;
#2089 = DIRECTION ( 'NONE',  ( 0.000000000000000000, -1.000000000000000000, 0.000000000000000000 ) ) ;
#2091 = VERTEX_POINT ( 'NONE', #3509 ) ;
#2090 = AXIS2_PLACEMENT_3D ( 'NONE', #3904, #2234, #3563 ) ;
#2092 = DIRECTION ( 'NONE',  ( 0.000000000000000000, 1.000000000000000000, 0.000000000000000000 ) ) ;
#2093 = LINE ( 'NONE', #3022, #574 ) ;
#2094 = ORIENTED_EDGE ( 'NONE', *, *, #2849, .F. ) ;
#2095 = FACE_OUTER_BOUND ( 'NONE', #4115, .T. ) ;
#2096 = ADVANCED_FACE ( 'NONE', ( #792 ), #1800, .F. ) ;
#2097 = ADVANCED_FACE ( 'NONE', ( #2151 ), #1505, .F. ) ;
#2098 = CIRCLE ( 'NONE', #174, 1.500000000000001332 ) ;
#2099 = CARTESIAN_POINT ( 'NONE',  ( 42.50000000000000000, -28.00000000000001066, 5.000000000000000000 ) ) ;
#2100 = EDGE_LOOP ( 'NONE', ( #2958, #1146 ) ) ;
#2101 = AXIS2_PLACEMENT_3D ( 'NONE', #2186, #870, #1560 ) ;
#2102 = DIRECTION ( 'NONE',  ( 0.000000000000000000, 1.000000000000000000, 0.000000000000000000 ) ) ;
#2103 = ORIENTED_EDGE ( 'NONE', *, *, #593, .T. ) ;
#2104 = EDGE_CURVE ( 'NONE', #2719, #4134, #2596, .T. ) ;
#2105 = CIRCLE ( 'NONE', #1249, 2.399999999999999467 ) ;
#2106 = AXIS2_PLACEMENT_3D ( 'NONE', #984, #2620, #2978 ) ;
#2107 = FACE_BOUND ( 'NONE', #2782, .T. ) ;
#2108 = DIRECTION ( 'NONE',  ( 2.312964634635742957E-16, 1.000000000000000000, 0.000000000000000000 ) ) ;
#2109 = ORIENTED_EDGE ( 'NONE', *, *, #2003, .F. ) ;
#2110 = ADVANCED_FACE ( 'NONE', ( #3144 ), #4255, .F. ) ;
#2111 = CARTESIAN_POINT ( 'NONE',  ( -44.30000000000000426, 20.19689110867544102, 23.55000000000000071 ) ) ;
#2112 = VERTEX_POINT ( 'NONE', #3888 ) ;
#2113 = EDGE_CURVE ( 'NONE', #261, #2736, #1584, .T. ) ;
#2114 = CARTESIAN_POINT ( 'NONE',  ( -82.40999999999998238, -1.689774182602747989E-14, -27.29999999999997229 ) ) ;
#2115 = EDGE_CURVE ( 'NONE', #2112, #2860, #3232, .T. ) ;
#2116 = DIRECTION ( 'NONE',  ( 1.000000000000000000, 0.000000000000000000, 0.000000000000000000 ) ) ;
#2117 = CARTESIAN_POINT ( 'NONE',  ( -35.50000000000001421, 14.72499999999999787, 5.000000000000000000 ) ) ;
#2118 = DIRECTION ( 'NONE',  ( 1.000000000000000000, -2.312964634635742957E-16, -0.000000000000000000 ) ) ;
#2119 = DIRECTION ( 'NONE',  ( 1.000000000000000000, 0.000000000000000000, 0.000000000000000000 ) ) ;
#2120 = CARTESIAN_POINT ( 'NONE',  ( 15.50000000000000355, 24.49999999999999289, 10.00000000000000000 ) ) ;
#2121 = VERTEX_POINT ( 'NONE', #772 ) ;
#2122 = LINE ( 'NONE', #763, #1393 ) ;
#2123 = ORIENTED_EDGE ( 'NONE', *, *, #3635, .F. ) ;
#2124 = ADVANCED_FACE ( 'NONE', ( #3163 ), #1466, .F. ) ;
#2125 = EDGE_CURVE ( 'NONE', #2947, #3063, #3618, .T. ) ;
#2126 = CARTESIAN_POINT ( 'NONE',  ( -48.55000000000000426, -20.19689110867545168, 21.89999999999999858 ) ) ;
#2127 = DIRECTION ( 'NONE',  ( 0.000000000000000000, -0.000000000000000000, -1.000000000000000000 ) ) ;
#2128 = ORIENTED_EDGE ( 'NONE', *, *, #865, .F. ) ;
#2129 = DIRECTION ( 'NONE',  ( -1.000000000000000000, 0.000000000000000000, 0.000000000000000000 ) ) ;
#2130 = ORIENTED_EDGE ( 'NONE', *, *, #202, .F. ) ;
#2131 = EDGE_CURVE ( 'NONE', #4075, #1270, #533, .T. ) ;
#2132 = VECTOR ( 'NONE', #3800, 1000.000000000000000 ) ;
#2133 = DIRECTION ( 'NONE',  ( -0.000000000000000000, -0.000000000000000000, 1.000000000000000000 ) ) ;
#2134 =( NAMED_UNIT ( * ) SI_UNIT ( $, .STERADIAN. ) SOLID_ANGLE_UNIT ( ) );
#2135 = CARTESIAN_POINT ( 'NONE',  ( -48.25000000000000711, 7.000000000000011546, -6.149999999999993250 ) ) ;
#2136 = CIRCLE ( 'NONE', #2204, 3.499999999999996003 ) ;
#2137 = CARTESIAN_POINT ( 'NONE',  ( -39.00000000000000000, 24.49999999999999289, 5.000000000000000000 ) ) ;
#2138 = DIRECTION ( 'NONE',  ( 0.000000000000000000, 0.000000000000000000, 1.000000000000000000 ) ) ;
#2139 = DIRECTION ( 'NONE',  ( 1.000000000000000000, 0.000000000000000000, 0.000000000000000000 ) ) ;
#2140 = VERTEX_POINT ( 'NONE', #1288 ) ;
#2141 = DIRECTION ( 'NONE',  ( 0.000000000000000000, -1.000000000000000000, 0.000000000000000000 ) ) ;
#2142 = EDGE_LOOP ( 'NONE', ( #240, #2235, #3207, #2442 ) ) ;
#2143 = PLANE ( 'NONE',  #1353 ) ;
#2144 = CARTESIAN_POINT ( 'NONE',  ( -52.00000000000000711, 7.000000000000012434, -16.14999999999999858 ) ) ;
#2145 = VERTEX_POINT ( 'NONE', #1597 ) ;
#2146 = CARTESIAN_POINT ( 'NONE',  ( -52.50000000000000711, -9.549999999999998934, 14.69999999999997620 ) ) ;
#2147 = ORIENTED_EDGE ( 'NONE', *, *, #584, .T. ) ;
#2148 = DIRECTION ( 'NONE',  ( -1.000000000000000000, 0.000000000000000000, 0.000000000000000000 ) ) ;
#2149 = DIRECTION ( 'NONE',  ( 0.000000000000000000, 1.000000000000000000, 0.000000000000000000 ) ) ;
#2150 = ORIENTED_EDGE ( 'NONE', *, *, #3039, .T. ) ;
#2151 = FACE_OUTER_BOUND ( 'NONE', #3483, .T. ) ;
#2152 = ADVANCED_FACE ( 'NONE', ( #2613 ), #4367, .F. ) ;
#2153 = DIRECTION ( 'NONE',  ( 0.000000000000000000, 0.000000000000000000, 1.000000000000000000 ) ) ;
#2154 = VECTOR ( 'NONE', #522, 1000.000000000000000 ) ;
#2155 = FACE_OUTER_BOUND ( 'NONE', #2505, .T. ) ;
#2156 = VECTOR ( 'NONE', #161, 1000.000000000000000 ) ;
#2157 = FACE_OUTER_BOUND ( 'NONE', #1736, .T. ) ;
#2158 = AXIS2_PLACEMENT_3D ( 'NONE', #2005, #2659, #3756 ) ;
#2159 = ADVANCED_FACE ( 'NONE', ( #2970 ), #508, .F. ) ;
#2160 = ADVANCED_FACE ( 'NONE', ( #1243 ), #3984, .F. ) ;
#2161 = CARTESIAN_POINT ( 'NONE',  ( -42.49999999999999289, -24.50000000000001066, 10.00000000000000000 ) ) ;
#2162 = ORIENTED_EDGE ( 'NONE', *, *, #2602, .F. ) ;
#2163 = CARTESIAN_POINT ( 'NONE',  ( -53.00000000000000711, 10.05000000000000071, 14.69999999999997264 ) ) ;
#2164 = ORIENTED_EDGE ( 'NONE', *, *, #1835, .F. ) ;
#2165 = AXIS2_PLACEMENT_3D ( 'NONE', #3944, #1185, #2205 ) ;
#2166 = CARTESIAN_POINT ( 'NONE',  ( -42.49999999999999289, -24.50000000000001066, 5.000000000000000000 ) ) ;
#2167 = ORIENTED_EDGE ( 'NONE', *, *, #356, .T. ) ;
#2168 = ORIENTED_EDGE ( 'NONE', *, *, #2557, .F. ) ;
#2169 = AXIS2_PLACEMENT_3D ( 'NONE', #1810, #1118, #3172 ) ;
#2170 = AXIS2_PLACEMENT_3D ( 'NONE', #1194, #1907, #3254 ) ;
#2171 = CARTESIAN_POINT ( 'NONE',  ( -82.40999999999998238, 12.54999999999998295, -27.29999999999997229 ) ) ;
#2172 = CARTESIAN_POINT ( 'NONE',  ( 20.50000000000000355, -24.50000000000001066, 9.500000000000000000 ) ) ;
#2173 = EDGE_CURVE ( 'NONE', #523, #1529, #909, .T. ) ;
#2174 = ORIENTED_EDGE ( 'NONE', *, *, #2437, .T. ) ;
#2175 = LINE ( 'NONE', #1824, #3814 ) ;
#2176 = EDGE_LOOP ( 'NONE', ( #3551, #882, #1483, #825 ) ) ;
#2177 = VECTOR ( 'NONE', #1829, 1000.000000000000000 ) ;
#2178 = EDGE_CURVE ( 'NONE', #2960, #3870, #1305, .T. ) ;
#2179 = ADVANCED_FACE ( 'NONE', ( #1198, #2561 ), #579, .T. ) ;
#2180 = DIRECTION ( 'NONE',  ( -0.000000000000000000, -1.000000000000000000, -0.000000000000000000 ) ) ;
#2181 = EDGE_CURVE ( 'NONE', #195, #3778, #1887, .T. ) ;
#2182 = CARTESIAN_POINT ( 'NONE',  ( -41.39999999999999858, -24.50000000000001066, 9.500000000000000000 ) ) ;
#2183 = DIRECTION ( 'NONE',  ( 1.000000000000000000, -0.000000000000000000, -0.000000000000000000 ) ) ;
#2184 = CARTESIAN_POINT ( 'NONE',  ( -92.59999999999996589, 10.04999999999999893, 14.69999999999993534 ) ) ;
#2185 = EDGE_LOOP ( 'NONE', ( #1815, #1032 ) ) ;
#2186 = CARTESIAN_POINT ( 'NONE',  ( -39.00000000000000000, 24.49999999999999289, 5.000000000000000000 ) ) ;
#2187 = ORIENTED_EDGE ( 'NONE', *, *, #1128, .F. ) ;
#2188 = DIRECTION ( 'NONE',  ( -0.000000000000000000, -2.312964634635743450E-16, 1.000000000000000000 ) ) ;
#2189 = ORIENTED_EDGE ( 'NONE', *, *, #1311, .T. ) ;
#2190 = CARTESIAN_POINT ( 'NONE',  ( -47.50000000000000711, 10.55000000000000959, -6.149999999999993250 ) ) ;
#2191 = VERTEX_POINT ( 'NONE', #3936 ) ;
#2192 = CARTESIAN_POINT ( 'NONE',  ( -47.50000000000000711, -6.999999999999988454, -16.14999999999999858 ) ) ;
#2193 = DIRECTION ( 'NONE',  ( 0.000000000000000000, 0.000000000000000000, -1.000000000000000000 ) ) ;
#2194 = DIRECTION ( 'NONE',  ( 0.000000000000000000, -1.000000000000000000, 0.000000000000000000 ) ) ;
#2195 = EDGE_LOOP ( 'NONE', ( #1706, #3564 ) ) ;
#2196 = CARTESIAN_POINT ( 'NONE',  ( -53.00000000000000711, -9.549999999999998934, 0.000000000000000000 ) ) ;
#2197 = ORIENTED_EDGE ( 'NONE', *, *, #2233, .F. ) ;
#2198 = CARTESIAN_POINT ( 'NONE',  ( -52.50000000000000711, 15.00000000000000000, 0.000000000000000000 ) ) ;
#2199 = VECTOR ( 'NONE', #452, 1000.000000000000000 ) ;
#2200 = LINE ( 'NONE', #582, #1964 ) ;
#2201 = DIRECTION ( 'NONE',  ( 0.000000000000000000, 0.000000000000000000, 1.000000000000000000 ) ) ;
#2202 = CIRCLE ( 'NONE', #2422, 3.499999999999996003 ) ;
#2203 = CARTESIAN_POINT ( 'NONE',  ( 19.00000000000000355, 24.49999999999999289, 9.500000000000000000 ) ) ;
#2204 = AXIS2_PLACEMENT_3D ( 'NONE', #2381, #698, #3042 ) ;
#2205 = DIRECTION ( 'NONE',  ( 1.000000000000000000, 0.000000000000000000, 0.000000000000000000 ) ) ;
#2206 = VERTEX_POINT ( 'NONE', #1222 ) ;
#2207 = AXIS2_PLACEMENT_3D ( 'NONE', #3060, #12, #665 ) ;
#2208 = DIRECTION ( 'NONE',  ( 0.000000000000000000, -0.000000000000000000, -1.000000000000000000 ) ) ;
#2209 = ORIENTED_EDGE ( 'NONE', *, *, #1784, .F. ) ;
#2210 = DIRECTION ( 'NONE',  ( 0.000000000000000000, 1.000000000000000000, 0.000000000000000000 ) ) ;
#2211 = ORIENTED_EDGE ( 'NONE', *, *, #2908, .T. ) ;
#2212 = DIRECTION ( 'NONE',  ( -0.000000000000000000, 1.000000000000000000, -0.000000000000000000 ) ) ;
#2213 = EDGE_LOOP ( 'NONE', ( #2840, #3182, #2085, #2045 ) ) ;
#2214 = CARTESIAN_POINT ( 'NONE',  ( -47.50000000000000711, -10.54999999999999005, -16.14999999999999858 ) ) ;
#2215 = DIRECTION ( 'NONE',  ( 1.000000000000000000, -2.312964634635742957E-16, 0.000000000000000000 ) ) ;
#2216 = CARTESIAN_POINT ( 'NONE',  ( 35.32000000000000739, -19.96000000000001151, 0.000000000000000000 ) ) ;
#2217 = ORIENTED_EDGE ( 'NONE', *, *, #2016, .T. ) ;
#2218 = DIRECTION ( 'NONE',  ( 1.000000000000000000, -2.312964634635742957E-16, -0.000000000000000000 ) ) ;
#2219 = EDGE_LOOP ( 'NONE', ( #903, #726, #2968, #3423 ) ) ;
#2220 = CARTESIAN_POINT ( 'NONE',  ( -37.50000000000000000, 24.49999999999999289, 5.000000000000000000 ) ) ;
#2221 = FACE_BOUND ( 'NONE', #282, .T. ) ;
#2222 = DIRECTION ( 'NONE',  ( 0.000000000000000000, 1.000000000000000000, 0.000000000000000000 ) ) ;
#2223 = AXIS2_PLACEMENT_3D ( 'NONE', #2988, #3676, #4044 ) ;
#2224 = AXIS2_PLACEMENT_3D ( 'NONE', #170, #1530, #1912 ) ;
#2225 = DIRECTION ( 'NONE',  ( 1.000000000000000000, 0.000000000000000000, 0.000000000000000000 ) ) ;
#2226 = LINE ( 'NONE', #1922, #3535 ) ;
#2227 = EDGE_LOOP ( 'NONE', ( #876, #229, #3485, #3681 ) ) ;
#2228 = CIRCLE ( 'NONE', #3528, 1.500000000000001332 ) ;
#2229 = PLANE ( 'NONE',  #3243 ) ;
#2230 = ORIENTED_EDGE ( 'NONE', *, *, #4099, .F. ) ;
#2231 = ADVANCED_FACE ( 'NONE', ( #2311 ), #1935, .F. ) ;
#2232 = EDGE_CURVE ( 'NONE', #3608, #2263, #3279, .T. ) ;
#2233 = EDGE_CURVE ( 'NONE', #1053, #2489, #2670, .T. ) ;
#2234 = DIRECTION ( 'NONE',  ( -0.000000000000000000, -0.000000000000000000, 1.000000000000000000 ) ) ;
#2235 = ORIENTED_EDGE ( 'NONE', *, *, #2576, .T. ) ;
#2236 = DIRECTION ( 'NONE',  ( 0.000000000000000000, 0.000000000000000000, -1.000000000000000000 ) ) ;
#2237 = ORIENTED_EDGE ( 'NONE', *, *, #4101, .T. ) ;
#2238 = DIRECTION ( 'NONE',  ( 0.000000000000000000, 1.000000000000000000, 0.000000000000000000 ) ) ;
#2239 = DIRECTION ( 'NONE',  ( 1.000000000000000000, 0.000000000000000000, 0.000000000000000000 ) ) ;
#2240 = CARTESIAN_POINT ( 'NONE',  ( -65.01666049839552386, 15.00000000000000000, 25.00000000000000000 ) ) ;
#2241 = EDGE_LOOP ( 'NONE', ( #1280, #694 ) ) ;
#2242 = VECTOR ( 'NONE', #4060, 1000.000000000000000 ) ;
#2243 = DIRECTION ( 'NONE',  ( 1.000000000000000000, -2.312964634635742957E-16, -0.000000000000000000 ) ) ;
#2244 = ORIENTED_EDGE ( 'NONE', *, *, #3968, .F. ) ;
#2245 = AXIS2_PLACEMENT_3D ( 'NONE', #4067, #2323, #732 ) ;
#2246 = ADVANCED_FACE ( 'NONE', ( #219 ), #934, .F. ) ;
#2247 = EDGE_CURVE ( 'NONE', #1565, #1140, #2289, .T. ) ;
#2248 = AXIS2_PLACEMENT_3D ( 'NONE', #4341, #1526, #1265 ) ;
#2249 = AXIS2_PLACEMENT_3D ( 'NONE', #207, #3966, #2550 ) ;
#2250 = CIRCLE ( 'NONE', #183, 3.550000000000004707 ) ;
#2251 = LINE ( 'NONE', #3940, #1071 ) ;
#2252 = PLANE ( 'NONE',  #473 ) ;
#2253 = PLANE ( 'NONE',  #491 ) ;
#2254 = CARTESIAN_POINT ( 'NONE',  ( -39.00000000000000000, -24.50000000000001066, 9.500000000000000000 ) ) ;
#2255 = VERTEX_POINT ( 'NONE', #1866 ) ;
#2256 = FACE_OUTER_BOUND ( 'NONE', #1431, .T. ) ;
#2257 = ORIENTED_EDGE ( 'NONE', *, *, #2788, .T. ) ;
#2258 = EDGE_CURVE ( 'NONE', #3778, #1567, #3745, .T. ) ;
#2259 = CARTESIAN_POINT ( 'NONE',  ( -47.50000000000000711, 3.450000000000010836, -16.14999999999999858 ) ) ;
#2260 = ORIENTED_EDGE ( 'NONE', *, *, #3039, .F. ) ;
#2261 = ADVANCED_FACE ( 'NONE', ( #3685 ), #1405, .F. ) ;
#2262 = CYLINDRICAL_SURFACE ( 'NONE', #1029, 1.750000000000001554 ) ;
#2263 = VERTEX_POINT ( 'NONE', #3101 ) ;
#2264 = CARTESIAN_POINT ( 'NONE',  ( -52.00000000000000711, 7.000000000000012434, -16.14999999999999858 ) ) ;
#2265 = PLANE ( 'NONE',  #1040 ) ;
#2266 = LINE ( 'NONE', #3255, #3939 ) ;
#2267 = ORIENTED_EDGE ( 'NONE', *, *, #3226, .T. ) ;
#2268 = CARTESIAN_POINT ( 'NONE',  ( -65.01666049839552386, 13.00000000000000000, 25.00000000000000000 ) ) ;
#2269 = ORIENTED_EDGE ( 'NONE', *, *, #3438, .F. ) ;
#2270 = DIRECTION ( 'NONE',  ( 1.000000000000000000, 0.000000000000000000, 0.000000000000000000 ) ) ;
#2271 = DIRECTION ( 'NONE',  ( -1.000000000000000000, 0.000000000000000000, 0.000000000000000000 ) ) ;
#2272 = DIRECTION ( 'NONE',  ( 0.000000000000000000, 0.000000000000000000, -1.000000000000000000 ) ) ;
#2273 = CIRCLE ( 'NONE', #774, 2.399999999999999467 ) ;
#2274 = FACE_OUTER_BOUND ( 'NONE', #1149, .T. ) ;
#2275 = FACE_OUTER_BOUND ( 'NONE', #2843, .T. ) ;
#2276 = ORIENTED_EDGE ( 'NONE', *, *, #131, .T. ) ;
#2277 = CARTESIAN_POINT ( 'NONE',  ( -65.01666049839552386, 13.00000000000000000, 25.00000000000000000 ) ) ;
#2278 = EDGE_LOOP ( 'NONE', ( #949, #330, #6, #2701, #2763, #359, #4318, #3148 ) ) ;
#2279 = AXIS2_PLACEMENT_3D ( 'NONE', #1804, #3128, #2833 ) ;
#2280 = PRESENTATION_LAYER_ASSIGNMENT (  '', '', ( #1290 ) ) ;
#2281 = DIRECTION ( 'NONE',  ( 0.000000000000000000, -1.000000000000000000, 0.000000000000000000 ) ) ;
#2282 = ORIENTED_EDGE ( 'NONE', *, *, #2452, .T. ) ;
#2283 = DIRECTION ( 'NONE',  ( -1.000000000000000000, -0.000000000000000000, -0.000000000000000000 ) ) ;
#2284 = EDGE_LOOP ( 'NONE', ( #3818, #4337, #668, #3258 ) ) ;
#2285 = CARTESIAN_POINT ( 'NONE',  ( -48.25000000000000711, -8.899999999999987921, -16.14999999999999858 ) ) ;
#2286 = ORIENTED_EDGE ( 'NONE', *, *, #468, .T. ) ;
#2287 = LINE ( 'NONE', #2240, #2931 ) ;
#2288 = VERTEX_POINT ( 'NONE', #34 ) ;
#2289 = LINE ( 'NONE', #604, #3156 ) ;
#2290 = ORIENTED_EDGE ( 'NONE', *, *, #3859, .F. ) ;
#2291 = VECTOR ( 'NONE', #1898, 1000.000000000000000 ) ;
#2292 = FACE_OUTER_BOUND ( 'NONE', #2421, .T. ) ;
#2293 = EDGE_CURVE ( 'NONE', #4403, #2433, #1511, .T. ) ;
#2294 = CARTESIAN_POINT ( 'NONE',  ( 21.40000000000000213, 24.49999999999999289, 9.500000000000000000 ) ) ;
#2295 = DIRECTION ( 'NONE',  ( 0.000000000000000000, 0.000000000000000000, 1.000000000000000000 ) ) ;
#2296 = CARTESIAN_POINT ( 'NONE',  ( -65.01666049839521122, -13.00000000000000000, 25.00000000000000000 ) ) ;
#2297 = DIRECTION ( 'NONE',  ( -0.000000000000000000, -1.000000000000000000, -0.000000000000000000 ) ) ;
#2298 = EDGE_LOOP ( 'NONE', ( #3937, #3699 ) ) ;
#2299 = CARTESIAN_POINT ( 'NONE',  ( 15.50000000000000355, -24.50000000000001066, 10.00000000000000000 ) ) ;
#2300 = AXIS2_PLACEMENT_3D ( 'NONE', #3036, #1337, #693 ) ;
#2301 = AXIS2_PLACEMENT_3D ( 'NONE', #1877, #1836, #2210 ) ;
#2302 = PLANE ( 'NONE',  #2223 ) ;
#2303 = ORIENTED_EDGE ( 'NONE', *, *, #2734, .F. ) ;
#2304 = CARTESIAN_POINT ( 'NONE',  ( 0.000000000000000000, 0.000000000000000000, 0.000000000000000000 ) ) ;
#2305 = VERTEX_POINT ( 'NONE', #1023 ) ;
#2306 = CIRCLE ( 'NONE', #3670, 2.399999999999999467 ) ;
#2307 = LINE ( 'NONE', #1264, #398 ) ;
#2308 = VERTEX_POINT ( 'NONE', #2356 ) ;
#2309 = LINE ( 'NONE', #3400, #1429 ) ;
#2310 = ORIENTED_EDGE ( 'NONE', *, *, #1660, .T. ) ;
#2311 = FACE_OUTER_BOUND ( 'NONE', #3880, .T. ) ;
#2312 = VERTEX_POINT ( 'NONE', #2049 ) ;
#2313 = DIRECTION ( 'NONE',  ( 0.000000000000000000, 1.000000000000000000, 0.000000000000000000 ) ) ;
#2314 = CARTESIAN_POINT ( 'NONE',  ( 15.50000000000000355, 24.49999999999999289, 5.000000000000000000 ) ) ;
#2315 = VECTOR ( 'NONE', #114, 1000.000000000000000 ) ;
#2316 = EDGE_CURVE ( 'NONE', #3224, #3993, #3016, .T. ) ;
#2317 = PLANE ( 'NONE',  #1179 ) ;
#2318 = EDGE_CURVE ( 'NONE', #3619, #3755, #2370, .T. ) ;
#2319 = CIRCLE ( 'NONE', #1176, 3.550000000000004707 ) ;
#2320 = VECTOR ( 'NONE', #3320, 1000.000000000000000 ) ;
#2321 = VECTOR ( 'NONE', #1273, 1000.000000000000000 ) ;
#2322 = CARTESIAN_POINT ( 'NONE',  ( -47.50000000000000711, 14.99999999999999112, 0.000000000000000000 ) ) ;
#2323 = DIRECTION ( 'NONE',  ( 1.000000000000000000, 0.000000000000000000, 0.000000000000000000 ) ) ;
#2324 = EDGE_LOOP ( 'NONE', ( #2531, #2625 ) ) ;
#2325 = CARTESIAN_POINT ( 'NONE',  ( -43.54999999999999716, -13.00000000000000000, 46.55962692055163643 ) ) ;
#2326 = VECTOR ( 'NONE', #1204, 1000.000000000000000 ) ;
#2327 = LINE ( 'NONE', #2757, #1383 ) ;
#2328 = VERTEX_POINT ( 'NONE', #3443 ) ;
#2329 = CARTESIAN_POINT ( 'NONE',  ( -82.40999999999998238, 9.549999999999988276, -22.29999999999996874 ) ) ;
#2330 = ORIENTED_EDGE ( 'NONE', *, *, #4099, .T. ) ;
#2331 = DIRECTION ( 'NONE',  ( 0.000000000000000000, -0.000000000000000000, 1.000000000000000000 ) ) ;
#2332 = DIRECTION ( 'NONE',  ( 0.000000000000000000, 0.000000000000000000, 1.000000000000000000 ) ) ;
#2333 = VERTEX_POINT ( 'NONE', #4055 ) ;
#2334 = DIRECTION ( 'NONE',  ( 1.000000000000000000, 0.000000000000000000, 0.000000000000000000 ) ) ;
#2335 = ORIENTED_EDGE ( 'NONE', *, *, #3916, .F. ) ;
#2336 = DIRECTION ( 'NONE',  ( 1.000000000000000000, 0.000000000000000000, 0.000000000000000000 ) ) ;
#2337 = CARTESIAN_POINT ( 'NONE',  ( -52.00000000000000711, -6.999999999999987566, -16.14999999999999858 ) ) ;
#2338 = PLANE ( 'NONE',  #1927 ) ;
#2339 = CYLINDRICAL_SURFACE ( 'NONE', #1751, 1.900000000000002354 ) ;
#2340 = DIRECTION ( 'NONE',  ( -0.000000000000000000, 0.000000000000000000, 1.000000000000000000 ) ) ;
#2341 = CARTESIAN_POINT ( 'NONE',  ( 3.570000000000003837, 20.03999999999998494, 0.000000000000000000 ) ) ;
#2342 = DIRECTION ( 'NONE',  ( 0.000000000000000000, 0.000000000000000000, 1.000000000000000000 ) ) ;
#2343 = ORIENTED_EDGE ( 'NONE', *, *, #375, .T. ) ;
#2344 = DIRECTION ( 'NONE',  ( 0.000000000000000000, 0.000000000000000000, 1.000000000000000000 ) ) ;
#2345 = CIRCLE ( 'NONE', #2563, 1.750000000000000666 ) ;
#2346 = DIRECTION ( 'NONE',  ( 0.000000000000000000, 0.000000000000000000, 1.000000000000000000 ) ) ;
#2347 = ORIENTED_EDGE ( 'NONE', *, *, #1663, .T. ) ;
#2348 = CIRCLE ( 'NONE', #3284, 1.900000000000002354 ) ;
#2349 = DIRECTION ( 'NONE',  ( -0.000000000000000000, -0.000000000000000000, 1.000000000000000000 ) ) ;
#2350 = EDGE_LOOP ( 'NONE', ( #580, #910 ) ) ;
#2351 = EDGE_CURVE ( 'NONE', #722, #1268, #2070, .T. ) ;
#2352 = CIRCLE ( 'NONE', #430, 1.900000000000002354 ) ;
#2353 = VERTEX_POINT ( 'NONE', #1714 ) ;
#2354 = DIRECTION ( 'NONE',  ( 1.000000000000000000, 0.000000000000000000, 0.000000000000000000 ) ) ;
#2355 = VERTEX_POINT ( 'NONE', #3758 ) ;
#2356 = CARTESIAN_POINT ( 'NONE',  ( 22.50000000000000355, 24.49999999999999289, 10.00000000000000000 ) ) ;
#2357 = ORIENTED_EDGE ( 'NONE', *, *, #1259, .T. ) ;
#2358 = DIRECTION ( 'NONE',  ( 1.000000000000000000, 0.000000000000000000, 0.000000000000000000 ) ) ;
#2359 = PLANE ( 'NONE',  #3866 ) ;
#2360 = CYLINDRICAL_SURFACE ( 'NONE', #3644, 3.550000000000001155 ) ;
#2361 = FACE_OUTER_BOUND ( 'NONE', #2219, .T. ) ;
#2362 = ORIENTED_EDGE ( 'NONE', *, *, #685, .T. ) ;
#2363 = CARTESIAN_POINT ( 'NONE',  ( -95.00000000000000000, 14.99999999999998934, -22.29999999999996874 ) ) ;
#2364 = DIRECTION ( 'NONE',  ( -1.000000000000000000, 0.000000000000000000, 0.000000000000000000 ) ) ;
#2365 = ORIENTED_EDGE ( 'NONE', *, *, #1704, .F. ) ;
#2366 = CARTESIAN_POINT ( 'NONE',  ( -43.54999999999999005, -27.39378221735090690, 5.000000000000000000 ) ) ;
#2367 = ORIENTED_EDGE ( 'NONE', *, *, #1200, .T. ) ;
#2368 = EDGE_CURVE ( 'NONE', #3627, #1199, #1026, .T. ) ;
#2369 = ADVANCED_FACE ( 'NONE', ( #630, #2029 ), #978, .T. ) ;
#2370 = CIRCLE ( 'NONE', #444, 1.750000000000001554 ) ;
#2371 = EDGE_CURVE ( 'NONE', #4091, #589, #2739, .T. ) ;
#2372 = ORIENTED_EDGE ( 'NONE', *, *, #1796, .T. ) ;
#2373 = CARTESIAN_POINT ( 'NONE',  ( -35.50000000000001421, -14.72499999999999787, 9.949747468305840670 ) ) ;
#2374 = AXIS2_PLACEMENT_3D ( 'NONE', #1124, #727, #1437 ) ;
#2375 = ORIENTED_EDGE ( 'NONE', *, *, #3164, .T. ) ;
#2376 = CARTESIAN_POINT ( 'NONE',  ( -48.55000000000000426, 4.999999999999989342, 5.700000000000024158 ) ) ;
#2377 = ORIENTED_EDGE ( 'NONE', *, *, #2985, .F. ) ;
#2378 = VECTOR ( 'NONE', #3682, 1000.000000000000000 ) ;
#2379 = LINE ( 'NONE', #4080, #256 ) ;
#2380 = DIRECTION ( 'NONE',  ( -0.000000000000000000, -0.000000000000000000, 1.000000000000000000 ) ) ;
#2381 = CARTESIAN_POINT ( 'NONE',  ( -39.00000000000000000, 24.49999999999999289, 5.000000000000000000 ) ) ;
#2382 = EDGE_CURVE ( 'NONE', #3334, #391, #602, .T. ) ;
#2383 = EDGE_CURVE ( 'NONE', #3838, #2736, #3712, .T. ) ;
#2384 = AXIS2_PLACEMENT_3D ( 'NONE', #777, #3131, #1808 ) ;
#2385 = AXIS2_PLACEMENT_3D ( 'NONE', #62, #149, #1131 ) ;
#2386 = LINE ( 'NONE', #3087, #1994 ) ;
#2387 = ORIENTED_EDGE ( 'NONE', *, *, #3512, .T. ) ;
#2388 = VECTOR ( 'NONE', #2806, 1000.000000000000000 ) ;
#2389 = LINE ( 'NONE', #3005, #1178 ) ;
#2390 = AXIS2_PLACEMENT_3D ( 'NONE', #4219, #2462, #2799 ) ;
#2391 = AXIS2_PLACEMENT_3D ( 'NONE', #3917, #3872, #2153 ) ;
#2392 = CIRCLE ( 'NONE', #3691, 3.549999999999999822 ) ;
#2393 = CYLINDRICAL_SURFACE ( 'NONE', #1245, 1.750000000000001554 ) ;
#2394 = ORIENTED_EDGE ( 'NONE', *, *, #3512, .F. ) ;
#2395 = FACE_BOUND ( 'NONE', #1084, .T. ) ;
#2396 = ORIENTED_EDGE ( 'NONE', *, *, #3380, .T. ) ;
#2397 = EDGE_CURVE ( 'NONE', #4366, #1743, #15, .T. ) ;
#2398 = PRODUCT_CONTEXT ( 'NONE', #4181, 'mechanical' ) ;
#2399 = DIRECTION ( 'NONE',  ( 1.000000000000000000, -2.312964634635742957E-16, 0.000000000000000000 ) ) ;
#2400 = DIRECTION ( 'NONE',  ( 0.000000000000000000, -0.000000000000000000, -1.000000000000000000 ) ) ;
#2401 = VERTEX_POINT ( 'NONE', #306 ) ;
#2402 = CARTESIAN_POINT ( 'NONE',  ( 19.00000000000000355, -24.50000000000001066, 0.7573593128807065700 ) ) ;
#2403 = VERTEX_POINT ( 'NONE', #1668 ) ;
#2404 = CARTESIAN_POINT ( 'NONE',  ( -74.51833024919777415, 14.24999999999999822, 9.700000000000025935 ) ) ;
#2405 = PLANE ( 'NONE',  #1251 ) ;
#2406 = CARTESIAN_POINT ( 'NONE',  ( 3.570000000000003837, -19.96000000000001506, -4.949747468305842446 ) ) ;
#2407 = DIRECTION ( 'NONE',  ( 1.000000000000000000, 0.000000000000000000, 0.000000000000000000 ) ) ;
#2408 = ORIENTED_EDGE ( 'NONE', *, *, #2654, .T. ) ;
#2409 = CARTESIAN_POINT ( 'NONE',  ( -33.75000000000001421, -14.72499999999999787, 0.000000000000000000 ) ) ;
#2410 = DIRECTION ( 'NONE',  ( -0.000000000000000000, -0.000000000000000000, -1.000000000000000000 ) ) ;
#2411 = ORIENTED_EDGE ( 'NONE', *, *, #4059, .F. ) ;
#2412 = DIRECTION ( 'NONE',  ( 0.000000000000000000, 0.000000000000000000, 1.000000000000000000 ) ) ;
#2413 = EDGE_LOOP ( 'NONE', ( #332, #955 ) ) ;
#2414 = CIRCLE ( 'NONE', #4287, 1.500000000000001332 ) ;
#2415 = VECTOR ( 'NONE', #4304, 1000.000000000000000 ) ;
#2416 = LINE ( 'NONE', #1081, #4363 ) ;
#2417 = FACE_OUTER_BOUND ( 'NONE', #2213, .T. ) ;
#2418 = ORIENTED_EDGE ( 'NONE', *, *, #1136, .T. ) ;
#2419 = EDGE_CURVE ( 'NONE', #3561, #2551, #2875, .T. ) ;
#2420 = CARTESIAN_POINT ( 'NONE',  ( 19.00000000000000355, -24.50000000000001066, 9.500000000000000000 ) ) ;
#2421 = EDGE_LOOP ( 'NONE', ( #2721, #799 ) ) ;
#2422 = AXIS2_PLACEMENT_3D ( 'NONE', #2137, #107, #1916 ) ;
#2423 = DIRECTION ( 'NONE',  ( -0.000000000000000000, -0.000000000000000000, 1.000000000000000000 ) ) ;
#2424 = LINE ( 'NONE', #2446, #2425 ) ;
#2425 = VECTOR ( 'NONE', #124, 1000.000000000000000 ) ;
#2426 = EDGE_CURVE ( 'NONE', #2935, #1550, #2306, .T. ) ;
#2427 = EDGE_CURVE ( 'NONE', #2533, #2328, #667, .T. ) ;
#2428 = CARTESIAN_POINT ( 'NONE',  ( -74.51833024919777415, 15.00000000000000000, 13.25000000000002842 ) ) ;
#2429 = EDGE_LOOP ( 'NONE', ( #3010, #3559 ) ) ;
#2430 = CARTESIAN_POINT ( 'NONE',  ( -74.51833024919777415, -10.49999999999999822, 7.800000000000023803 ) ) ;
#2431 = ADVANCED_FACE ( 'NONE', ( #4122 ), #1045, .F. ) ;
#2432 = CARTESIAN_POINT ( 'NONE',  ( -42.50000000000000000, 27.99999999999998934, 5.000000000000000000 ) ) ;
#2433 = VERTEX_POINT ( 'NONE', #3803 ) ;
#2434 = CARTESIAN_POINT ( 'NONE',  ( -48.25000000000000711, -6.999999999999988454, -6.149999999999995026 ) ) ;
#2435 = VERTEX_POINT ( 'NONE', #2146 ) ;
#2436 = EDGE_CURVE ( 'NONE', #1427, #4390, #480, .T. ) ;
#2437 = EDGE_CURVE ( 'NONE', #307, #1587, #1518, .T. ) ;
#2438 = CARTESIAN_POINT ( 'NONE',  ( -52.00000000000000711, -6.999999999999987566, -6.149999999999995026 ) ) ;
#2439 = DIRECTION ( 'NONE',  ( 1.000000000000000000, 0.000000000000000000, 0.000000000000000000 ) ) ;
#2440 = ORIENTED_EDGE ( 'NONE', *, *, #4374, .F. ) ;
#2441 = CARTESIAN_POINT ( 'NONE',  ( -47.50000000000000711, -3.449999999999988187, -16.14999999999999858 ) ) ;
#2442 = ORIENTED_EDGE ( 'NONE', *, *, #2318, .T. ) ;
#2443 = AXIS2_PLACEMENT_3D ( 'NONE', #2837, #4136, #1766 ) ;
#2444 = DIRECTION ( 'NONE',  ( -1.000000000000000000, 0.000000000000000000, 0.000000000000000000 ) ) ;
#2445 = VECTOR ( 'NONE', #2218, 1000.000000000000000 ) ;
#2446 = CARTESIAN_POINT ( 'NONE',  ( -51.30000000000000426, 4.999999999999989342, 5.700000000000024158 ) ) ;
#2448 = EDGE_LOOP ( 'NONE', ( #1257, #3521, #2189, #1346 ) ) ;
#2447 = VECTOR ( 'NONE', #2995, 1000.000000000000000 ) ;
#2449 = DIRECTION ( 'NONE',  ( 0.000000000000000000, -1.000000000000000000, 0.000000000000000000 ) ) ;
#2450 = ADVANCED_FACE ( 'NONE', ( #4247 ), #807, .F. ) ;
#2451 = CYLINDRICAL_SURFACE ( 'NONE', #290, 3.550000000000002931 ) ;
#2452 = EDGE_CURVE ( 'NONE', #2553, #3433, #769, .T. ) ;
#2453 = EDGE_CURVE ( 'NONE', #21, #4392, #166, .T. ) ;
#2454 = ORIENTED_EDGE ( 'NONE', *, *, #13, .F. ) ;
#2455 = FACE_BOUND ( 'NONE', #560, .T. ) ;
#2456 = AXIS2_PLACEMENT_3D ( 'NONE', #4043, #4355, #1993 ) ;
#2457 = DIRECTION ( 'NONE',  ( -0.8660254037844395958, -0.4999999999999981126, 0.000000000000000000 ) ) ;
#2458 = AXIS2_PLACEMENT_3D ( 'NONE', #2622, #3341, #3992 ) ;
#2459 = VERTEX_POINT ( 'NONE', #2441 ) ;
#2460 = ADVANCED_FACE ( 'NONE', ( #3154 ), #1755, .T. ) ;
#2461 = AXIS2_PLACEMENT_3D ( 'NONE', #2304, #1036, #323 ) ;
#2462 = DIRECTION ( 'NONE',  ( 1.000000000000000000, -2.312964634635742957E-16, 0.000000000000000000 ) ) ;
#2463 = ORIENTED_EDGE ( 'NONE', *, *, #518, .F. ) ;
#2464 = AXIS2_PLACEMENT_3D ( 'NONE', #830, #2133, #1147 ) ;
#2465 = AXIS2_PLACEMENT_3D ( 'NONE', #251, #2344, #1366 ) ;
#2466 = AXIS2_PLACEMENT_3D ( 'NONE', #2919, #1842, #3550 ) ;
#2467 = CARTESIAN_POINT ( 'NONE',  ( -45.79999999999999716, -5.000000000000010658, 5.700000000000024158 ) ) ;
#2468 = CARTESIAN_POINT ( 'NONE',  ( -39.00000000000000000, 27.99999999999999289, 5.000000000000000000 ) ) ;
#2469 = ORIENTED_EDGE ( 'NONE', *, *, #3581, .F. ) ;
#2470 = DIRECTION ( 'NONE',  ( 0.000000000000000000, 0.000000000000000000, -1.000000000000000000 ) ) ;
#2471 = ORIENTED_EDGE ( 'NONE', *, *, #1114, .F. ) ;
#2472 = DIRECTION ( 'NONE',  ( 0.000000000000000000, 0.000000000000000000, 1.000000000000000000 ) ) ;
#2473 = CARTESIAN_POINT ( 'NONE',  ( -74.51833024919777415, -10.49999999999999822, 9.700000000000025935 ) ) ;
#2474 = ORIENTED_EDGE ( 'NONE', *, *, #3891, .T. ) ;
#2475 = DIRECTION ( 'NONE',  ( 0.000000000000000000, 1.000000000000000000, 0.000000000000000000 ) ) ;
#2476 = ADVANCED_FACE ( 'NONE', ( #3819 ), #120, .F. ) ;
#2477 = LINE ( 'NONE', #3850, #4372 ) ;
#2478 = FACE_OUTER_BOUND ( 'NONE', #3605, .T. ) ;
#2479 = DIRECTION ( 'NONE',  ( 1.000000000000000000, -2.312964634635742957E-16, 0.000000000000000000 ) ) ;
#2480 = EDGE_LOOP ( 'NONE', ( #4001, #365, #1572, #2454 ) ) ;
#2481 = CARTESIAN_POINT ( 'NONE',  ( 19.00000000000000355, -24.50000000000001066, 10.00000000000000000 ) ) ;
#2482 = ORIENTED_EDGE ( 'NONE', *, *, #2053, .T. ) ;
#2483 = CARTESIAN_POINT ( 'NONE',  ( -48.25000000000000711, -8.899999999999987921, -6.149999999999995026 ) ) ;
#2484 = ADVANCED_FACE ( 'NONE', ( #1479 ), #3122, .F. ) ;
#2485 = DIRECTION ( 'NONE',  ( 0.000000000000000000, 1.000000000000000000, 0.000000000000000000 ) ) ;
#2486 = EDGE_LOOP ( 'NONE', ( #2952, #2527 ) ) ;
#2487 = CIRCLE ( 'NONE', #422, 3.550000000000001155 ) ;
#2488 = CARTESIAN_POINT ( 'NONE',  ( 35.32000000000000739, -19.96000000000001151, -4.949747468305842446 ) ) ;
#2489 = VERTEX_POINT ( 'NONE', #2111 ) ;
#2490 = CIRCLE ( 'NONE', #3793, 2.399999999999999467 ) ;
#2491 = FACE_OUTER_BOUND ( 'NONE', #642, .T. ) ;
#2492 = CARTESIAN_POINT ( 'NONE',  ( -74.51833024919777415, 10.49999999999999822, 11.60000000000002807 ) ) ;
#2493 = VERTEX_POINT ( 'NONE', #1838 ) ;
#2494 = DIRECTION ( 'NONE',  ( 1.000000000000000000, 0.000000000000000000, 0.000000000000000000 ) ) ;
#2495 = CIRCLE ( 'NONE', #3076, 1.750000000000000666 ) ;
#2496 = ADVANCED_FACE ( 'NONE', ( #55 ), #4226, .T. ) ;
#2497 = EDGE_CURVE ( 'NONE', #2489, #1053, #1384, .T. ) ;
#2498 = COLOUR_RGB ( '',0.000000000000000000, 0.000000000000000000, 1.000000000000000000 ) ;
#2499 = CARTESIAN_POINT ( 'NONE',  ( -48.55000000000000426, -20.19689110867545168, 20.00000000000000000 ) ) ;
#2500 = CARTESIAN_POINT ( 'NONE',  ( 19.00000000000000355, 24.49999999999999289, 9.500000000000000000 ) ) ;
#2501 = DIRECTION ( 'NONE',  ( -0.000000000000000000, -0.000000000000000000, 1.000000000000000000 ) ) ;
#2502 = ORIENTED_EDGE ( 'NONE', *, *, #2351, .T. ) ;
#2503 = FACE_OUTER_BOUND ( 'NONE', #3266, .T. ) ;
#2504 = VECTOR ( 'NONE', #3897, 1000.000000000000000 ) ;
#2505 = EDGE_LOOP ( 'NONE', ( #3180, #655, #895, #4294 ) ) ;
#2506 = EDGE_CURVE ( 'NONE', #964, #3619, #3842, .T. ) ;
#2507 = CARTESIAN_POINT ( 'NONE',  ( 17.50000000000000000, -24.50000000000001066, 5.000000000000000000 ) ) ;
#2508 = DIRECTION ( 'NONE',  ( 1.000000000000000000, -2.312964634635742957E-16, 0.000000000000000000 ) ) ;
#2509 = ORIENTED_EDGE ( 'NONE', *, *, #3996, .F. ) ;
#2510 = ADVANCED_FACE ( 'NONE', ( #2628 ), #2262, .F. ) ;
#2511 = ADVANCED_FACE ( 'NONE', ( #4288 ), #3656, .T. ) ;
#2512 = ORIENTED_EDGE ( 'NONE', *, *, #987, .F. ) ;
#2513 = EDGE_CURVE ( 'NONE', #3200, #2312, #1566, .T. ) ;
#2514 = DIRECTION ( 'NONE',  ( 0.000000000000000000, 0.000000000000000000, -1.000000000000000000 ) ) ;
#2515 = CYLINDRICAL_SURFACE ( 'NONE', #1076, 2.750000000000002665 ) ;
#2516 = VERTEX_POINT ( 'NONE', #875 ) ;
#2517 = DIRECTION ( 'NONE',  ( 0.000000000000000000, -0.000000000000000000, -1.000000000000000000 ) ) ;
#2518 = AXIS2_PLACEMENT_3D ( 'NONE', #757, #2872, #421 ) ;
#2519 = FACE_BOUND ( 'NONE', #3791, .T. ) ;
#2520 = AXIS2_PLACEMENT_3D ( 'NONE', #321, #2346, #5 ) ;
#2521 = DIRECTION ( 'NONE',  ( 1.000000000000000000, 0.000000000000000000, 0.000000000000000000 ) ) ;
#2522 = AXIS2_PLACEMENT_3D ( 'NONE', #1499, #1102, #1816 ) ;
#2523 = CARTESIAN_POINT ( 'NONE',  ( -74.51833024919777415, 14.24999999999999822, -8.750000000000053291 ) ) ;
#2524 = DIRECTION ( 'NONE',  ( 0.000000000000000000, 0.000000000000000000, -1.000000000000000000 ) ) ;
#2525 = ORIENTED_EDGE ( 'NONE', *, *, #3987, .T. ) ;
#2526 = DIRECTION ( 'NONE',  ( -0.000000000000000000, -1.156482317317871725E-16, 1.000000000000000000 ) ) ;
#2527 = ORIENTED_EDGE ( 'NONE', *, *, #3701, .T. ) ;
#2528 = CIRCLE ( 'NONE', #2384, 1.750000000000001554 ) ;
#2529 = AXIS2_PLACEMENT_3D ( 'NONE', #2481, #431, #92 ) ;
#2530 = DIRECTION ( 'NONE',  ( 0.000000000000000000, 0.000000000000000000, 1.000000000000000000 ) ) ;
#2531 = ORIENTED_EDGE ( 'NONE', *, *, #3783, .F. ) ;
#2532 = DIRECTION ( 'NONE',  ( -0.000000000000000000, -0.000000000000000000, -1.000000000000000000 ) ) ;
#2533 = VERTEX_POINT ( 'NONE', #553 ) ;
#2534 = CIRCLE ( 'NONE', #1398, 1.500000000000001332 ) ;
#2535 = VECTOR ( 'NONE', #4069, 1000.000000000000000 ) ;
#2536 = VECTOR ( 'NONE', #793, 1000.000000000000000 ) ;
#2537 = CARTESIAN_POINT ( 'NONE',  ( -53.00000000000000711, -10.05000000000000071, -17.30000000000002203 ) ) ;
#2538 = CARTESIAN_POINT ( 'NONE',  ( 0.000000000000000000, 4.834096086388696651E-15, -22.29999999999997229 ) ) ;
#2539 = LINE ( 'NONE', #1549, #3141 ) ;
#2540 = VERTEX_POINT ( 'NONE', #572 ) ;
#2541 = DIRECTION ( 'NONE',  ( 0.000000000000000000, 1.000000000000000000, 0.000000000000000000 ) ) ;
#2542 = VERTEX_POINT ( 'NONE', #828 ) ;
#2543 = CIRCLE ( 'NONE', #1757, 2.399999999999999467 ) ;
#2544 = CARTESIAN_POINT ( 'NONE',  ( -74.51833024919777415, 14.24999999999999822, 6.150000000000022560 ) ) ;
#2545 = DIRECTION ( 'NONE',  ( 0.000000000000000000, 0.000000000000000000, 1.000000000000000000 ) ) ;
#2546 = LINE ( 'NONE', #3920, #1536 ) ;
#2547 = CARTESIAN_POINT ( 'NONE',  ( -51.30000000000000426, -5.000000000000010658, 5.700000000000024158 ) ) ;
#2548 = CARTESIAN_POINT ( 'NONE',  ( -48.55000000000000426, -20.19689110867545168, 20.00000000000000000 ) ) ;
#2549 = ORIENTED_EDGE ( 'NONE', *, *, #2233, .T. ) ;
#2550 = DIRECTION ( 'NONE',  ( 1.000000000000000000, 0.000000000000000000, 0.000000000000000000 ) ) ;
#2551 = VERTEX_POINT ( 'NONE', #2190 ) ;
#2552 = FACE_OUTER_BOUND ( 'NONE', #4074, .T. ) ;
#2553 = VERTEX_POINT ( 'NONE', #4000 ) ;
#2554 = DIRECTION ( 'NONE',  ( -0.000000000000000000, 1.000000000000000000, -0.000000000000000000 ) ) ;
#2555 = ORIENTED_EDGE ( 'NONE', *, *, #3511, .F. ) ;
#2556 = DIRECTION ( 'NONE',  ( 0.000000000000000000, 0.000000000000000000, -1.000000000000000000 ) ) ;
#2557 = EDGE_CURVE ( 'NONE', #1876, #3362, #1614, .T. ) ;
#2558 = FACE_BOUND ( 'NONE', #1859, .T. ) ;
#2559 = DIRECTION ( 'NONE',  ( 0.000000000000000000, 0.000000000000000000, -1.000000000000000000 ) ) ;
#2560 = ORIENTED_EDGE ( 'NONE', *, *, #1443, .T. ) ;
#2561 = FACE_BOUND ( 'NONE', #3673, .T. ) ;
#2562 = ORIENTED_EDGE ( 'NONE', *, *, #1978, .F. ) ;
#2563 = AXIS2_PLACEMENT_3D ( 'NONE', #295, #20, #3449 ) ;
#2564 = CARTESIAN_POINT ( 'NONE',  ( 17.50000000000000000, -24.50000000000001066, 0.7573593128807065700 ) ) ;
#2565 = CIRCLE ( 'NONE', #3434, 1.900000000000002354 ) ;
#2566 = EDGE_CURVE ( 'NONE', #487, #1567, #3566, .T. ) ;
#2567 = DIRECTION ( 'NONE',  ( -0.000000000000000000, -0.000000000000000000, -1.000000000000000000 ) ) ;
#2568 = EDGE_CURVE ( 'NONE', #1618, #3271, #596, .T. ) ;
#2569 = DIRECTION ( 'NONE',  ( 0.000000000000000000, 1.000000000000000000, 0.000000000000000000 ) ) ;
#2570 = EDGE_CURVE ( 'NONE', #1230, #3977, #2605, .T. ) ;
#2571 = LINE ( 'NONE', #2161, #2504 ) ;
#2572 = ORIENTED_EDGE ( 'NONE', *, *, #2052, .F. ) ;
#2573 = CIRCLE ( 'NONE', #1645, 1.750000000000000666 ) ;
#2574 = DIRECTION ( 'NONE',  ( 1.000000000000000000, 0.000000000000000000, 0.000000000000000000 ) ) ;
#2575 = ORIENTED_EDGE ( 'NONE', *, *, #2513, .F. ) ;
#2576 = EDGE_CURVE ( 'NONE', #1931, #964, #2743, .T. ) ;
#2577 = CARTESIAN_POINT ( 'NONE',  ( 19.00000000000000355, -24.50000000000001066, 10.00000000000000000 ) ) ;
#2578 = EDGE_CURVE ( 'NONE', #703, #4075, #1904, .T. ) ;
#2579 = EDGE_LOOP ( 'NONE', ( #1763, #1662, #3956, #2394 ) ) ;
#2580 = CARTESIAN_POINT ( 'NONE',  ( -48.25000000000000711, -10.54999999999999005, -16.14999999999999858 ) ) ;
#2581 = ORIENTED_EDGE ( 'NONE', *, *, #1508, .F. ) ;
#2582 = ADVANCED_FACE ( 'NONE', ( #3223 ), #3272, .F. ) ;
#2583 = CARTESIAN_POINT ( 'NONE',  ( -47.50000000000000711, 7.000000000000011546, -16.14999999999999858 ) ) ;
#2584 = CARTESIAN_POINT ( 'NONE',  ( -52.00000000000000711, 7.000000000000012434, -6.149999999999993250 ) ) ;
#2585 = CARTESIAN_POINT ( 'NONE',  ( 5.320000000000004725, -19.96000000000001506, -4.949747468305842446 ) ) ;
#2586 = ORIENTED_EDGE ( 'NONE', *, *, #3376, .T. ) ;
#2587 = DIRECTION ( 'NONE',  ( -0.000000000000000000, 1.000000000000000000, -0.000000000000000000 ) ) ;
#2588 = EDGE_LOOP ( 'NONE', ( #2237, #1024, #4427, #3686 ) ) ;
#2589 = DIRECTION ( 'NONE',  ( 0.000000000000000000, 1.000000000000000000, 0.000000000000000000 ) ) ;
#2590 = DIRECTION ( 'NONE',  ( -0.000000000000000000, 1.000000000000000000, -0.000000000000000000 ) ) ;
#2591 = DIRECTION ( 'NONE',  ( 0.000000000000000000, 1.000000000000000000, 0.000000000000000000 ) ) ;
#2592 = AXIS2_PLACEMENT_3D ( 'NONE', #85, #1442, #2811 ) ;
#2593 = EDGE_CURVE ( 'NONE', #1053, #2305, #2959, .T. ) ;
#2594 = EDGE_CURVE ( 'NONE', #1931, #3755, #234, .T. ) ;
#2595 = EDGE_CURVE ( 'NONE', #3993, #600, #619, .T. ) ;
#2596 = CIRCLE ( 'NONE', #2518, 1.750000000000001554 ) ;
#2597 = DIRECTION ( 'NONE',  ( -0.000000000000000000, -0.000000000000000000, -1.000000000000000000 ) ) ;
#2598 = CARTESIAN_POINT ( 'NONE',  ( 42.50000000000000000, 27.99999999999999289, 0.000000000000000000 ) ) ;
#2599 = ORIENTED_EDGE ( 'NONE', *, *, #2570, .T. ) ;
#2600 = DIRECTION ( 'NONE',  ( 1.000000000000000000, 0.000000000000000000, 0.000000000000000000 ) ) ;
#2601 = ORIENTED_EDGE ( 'NONE', *, *, #1775, .T. ) ;
#2602 = EDGE_CURVE ( 'NONE', #823, #850, #4271, .T. ) ;
#2603 = CARTESIAN_POINT ( 'NONE',  ( -84.01999999999999602, -14.99999999999999645, 14.69999999999997620 ) ) ;
#2604 = ORIENTED_EDGE ( 'NONE', *, *, #1573, .F. ) ;
#2605 = LINE ( 'NONE', #1860, #244 ) ;
#2606 = VERTEX_POINT ( 'NONE', #3929 ) ;
#2607 = AXIS2_PLACEMENT_3D ( 'NONE', #401, #4013, #1677 ) ;
#2608 = CYLINDRICAL_SURFACE ( 'NONE', #64, 3.550000000000004707 ) ;
#2609 = DIRECTION ( 'NONE',  ( 1.000000000000000000, 0.000000000000000000, 0.000000000000000000 ) ) ;
#2610 = CARTESIAN_POINT ( 'NONE',  ( 3.570000000000003837, 20.03999999999998494, 5.000000000000000000 ) ) ;
#2611 = ORIENTED_EDGE ( 'NONE', *, *, #2927, .T. ) ;
#2612 = CIRCLE ( 'NONE', #2456, 12.55000000000000071 ) ;
#2613 = FACE_OUTER_BOUND ( 'NONE', #3292, .T. ) ;
#2614 = ORIENTED_EDGE ( 'NONE', *, *, #1995, .T. ) ;
#2615 = AXIS2_PLACEMENT_3D ( 'NONE', #779, #2141, #75 ) ;
#2616 = VECTOR ( 'NONE', #2180, 1000.000000000000000 ) ;
#2617 = CIRCLE ( 'NONE', #692, 3.550000000000004707 ) ;
#2618 = AXIS2_PLACEMENT_3D ( 'NONE', #760, #425, #3168 ) ;
#2619 = DIRECTION ( 'NONE',  ( 1.000000000000000000, 0.000000000000000000, 9.123502176980158065E-16 ) ) ;
#2620 = DIRECTION ( 'NONE',  ( -0.000000000000000000, -0.000000000000000000, 1.000000000000000000 ) ) ;
#2621 = CARTESIAN_POINT ( 'NONE',  ( -74.51833024919777415, -14.24999999999999822, -8.750000000000053291 ) ) ;
#2622 = CARTESIAN_POINT ( 'NONE',  ( -35.50000000000001421, 14.72499999999999787, 5.000000000000000000 ) ) ;
#2623 = EDGE_LOOP ( 'NONE', ( #2678, #2197, #3705, #852 ) ) ;
#2624 = CARTESIAN_POINT ( 'NONE',  ( -41.39999999999999858, 24.49999999999999289, 10.00000000000000000 ) ) ;
#2625 = ORIENTED_EDGE ( 'NONE', *, *, #2104, .F. ) ;
#2626 = CARTESIAN_POINT ( 'NONE',  ( 19.00000000000000355, 24.49999999999999289, 10.00000000000000000 ) ) ;
#2627 = ORIENTED_EDGE ( 'NONE', *, *, #3435, .F. ) ;
#2628 = FACE_OUTER_BOUND ( 'NONE', #2971, .T. ) ;
#2629 = ORIENTED_EDGE ( 'NONE', *, *, #1638, .T. ) ;
#2630 = ADVANCED_FACE ( 'NONE', ( #3589, #524 ), #3247, .T. ) ;
#2631 = DIRECTION ( 'NONE',  ( -0.8660254037844397068, -0.4999999999999981681, 0.000000000000000000 ) ) ;
#2632 = PLANE ( 'NONE',  #891 ) ;
#2633 = CARTESIAN_POINT ( 'NONE',  ( -65.01666049839552386, 13.00000000000000000, 46.55962692055163643 ) ) ;
#2634 = ORIENTED_EDGE ( 'NONE', *, *, #1258, .T. ) ;
#2635 = CARTESIAN_POINT ( 'NONE',  ( -44.30000000000000426, 20.19689110867544102, 20.00000000000000000 ) ) ;
#2636 = ORIENTED_EDGE ( 'NONE', *, *, #847, .T. ) ;
#2637 = DIRECTION ( 'NONE',  ( -1.000000000000000000, -0.000000000000000000, -0.000000000000000000 ) ) ;
#2638 = EDGE_CURVE ( 'NONE', #2121, #4426, #2915, .T. ) ;
#2639 = LINE ( 'NONE', #4011, #3252 ) ;
#2640 = EDGE_CURVE ( 'NONE', #3898, #742, #3106, .T. ) ;
#2641 = AXIS2_PLACEMENT_3D ( 'NONE', #1476, #2841, #4375 ) ;
#2642 = LINE ( 'NONE', #3671, #713 ) ;
#2643 = CARTESIAN_POINT ( 'NONE',  ( -43.54999999999999716, -13.00000000000000000, 14.70000000000002416 ) ) ;
#2644 = VERTEX_POINT ( 'NONE', #2366 ) ;
#2645 = DIRECTION ( 'NONE',  ( -0.000000000000000000, -1.000000000000000000, -0.000000000000000000 ) ) ;
#2646 = AXIS2_PLACEMENT_3D ( 'NONE', #2812, #2118, #423 ) ;
#2647 = FACE_OUTER_BOUND ( 'NONE', #3321, .T. ) ;
#2648 = CIRCLE ( 'NONE', #2607, 3.499999999999999556 ) ;
#2649 = CIRCLE ( 'NONE', #3505, 3.550000000000002931 ) ;
#2650 = DIRECTION ( 'NONE',  ( 1.000000000000000000, 0.000000000000000000, 0.000000000000000000 ) ) ;
#2651 = ORIENTED_EDGE ( 'NONE', *, *, #1372, .T. ) ;
#2652 = CARTESIAN_POINT ( 'NONE',  ( -74.51833024919777415, -10.49999999999999822, -10.40000000000005542 ) ) ;
#2653 = VERTEX_POINT ( 'NONE', #2329 ) ;
#2654 = EDGE_CURVE ( 'NONE', #4075, #806, #4332, .T. ) ;
#2655 = DIRECTION ( 'NONE',  ( -0.000000000000000000, 1.000000000000000000, -0.000000000000000000 ) ) ;
#2656 = ORIENTED_EDGE ( 'NONE', *, *, #592, .T. ) ;
#2657 = EDGE_CURVE ( 'NONE', #2206, #4276, #1017, .T. ) ;
#2658 = EDGE_CURVE ( 'NONE', #4184, #1125, #4193, .T. ) ;
#2659 = DIRECTION ( 'NONE',  ( 0.000000000000000000, 1.000000000000000000, 0.000000000000000000 ) ) ;
#2660 = ORIENTED_EDGE ( 'NONE', *, *, #3511, .T. ) ;
#2661 = DIRECTION ( 'NONE',  ( 1.000000000000000000, 0.000000000000000000, 0.000000000000000000 ) ) ;
#2662 = ORIENTED_EDGE ( 'NONE', *, *, #2568, .F. ) ;
#2663 = CIRCLE ( 'NONE', #940, 1.899999999999999023 ) ;
#2664 = DIRECTION ( 'NONE',  ( 0.000000000000000000, 0.000000000000000000, -1.000000000000000000 ) ) ;
#2665 = CARTESIAN_POINT ( 'NONE',  ( -74.51833024919777415, -14.24999999999999822, -12.30000000000005755 ) ) ;
#2666 = DIRECTION ( 'NONE',  ( 1.000000000000000000, -2.312964634635742957E-16, -0.000000000000000000 ) ) ;
#2667 = ORIENTED_EDGE ( 'NONE', *, *, #2787, .F. ) ;
#2668 = FACE_BOUND ( 'NONE', #2486, .T. ) ;
#2669 = CARTESIAN_POINT ( 'NONE',  ( -52.00000000000000711, 8.900000000000011013, -16.14999999999999858 ) ) ;
#2670 = CIRCLE ( 'NONE', #4179, 3.550000000000001155 ) ;
#2671 = CIRCLE ( 'NONE', #1585, 2.399999999999999467 ) ;
#2672 = FACE_BOUND ( 'NONE', #3930, .T. ) ;
#2673 = EDGE_LOOP ( 'NONE', ( #994, #4056, #3347, #901 ) ) ;
#2674 = CARTESIAN_POINT ( 'NONE',  ( -52.00000000000000711, 8.900000000000011013, -16.14999999999999858 ) ) ;
#2675 = ORIENTED_EDGE ( 'NONE', *, *, #1259, .F. ) ;
#2676 = ORIENTED_EDGE ( 'NONE', *, *, #662, .T. ) ;
#2677 = FACE_OUTER_BOUND ( 'NONE', #2996, .T. ) ;
#2678 = ORIENTED_EDGE ( 'NONE', *, *, #535, .F. ) ;
#2679 = DIRECTION ( 'NONE',  ( 0.000000000000000000, 0.000000000000000000, 1.000000000000000000 ) ) ;
#2680 = ORIENTED_EDGE ( 'NONE', *, *, #2658, .T. ) ;
#2681 = CARTESIAN_POINT ( 'NONE',  ( -45.55000000000000426, 10.07499999999999751, 11.77500000000002345 ) ) ;
#2682 = CIRCLE ( 'NONE', #104, 1.500000000000001332 ) ;
#2683 = AXIS2_PLACEMENT_3D ( 'NONE', #1990, #3003, #4084 ) ;
#2684 = CARTESIAN_POINT ( 'NONE',  ( -40.50000000000000000, 24.49999999999999289, 9.500000000000000000 ) ) ;
#2685 = VECTOR ( 'NONE', #3994, 1000.000000000000000 ) ;
#2686 = DIRECTION ( 'NONE',  ( -0.000000000000000000, -1.000000000000000000, -0.000000000000000000 ) ) ;
#2687 = CIRCLE ( 'NONE', #4197, 1.500000000000001332 ) ;
#2688 = VECTOR ( 'NONE', #4149, 1000.000000000000000 ) ;
#2689 = AXIS2_PLACEMENT_3D ( 'NONE', #2584, #832, #1168 ) ;
#2690 = ADVANCED_FACE ( 'NONE', ( #3417, #3031, #2064, #4425, #345, #2395, #2737 ), #3393, .F. ) ;
#2691 = DIRECTION ( 'NONE',  ( -1.000000000000000000, -0.000000000000000000, -0.000000000000000000 ) ) ;
#2692 = CARTESIAN_POINT ( 'NONE',  ( -35.50000000000000711, -24.50000000000001066, 10.00000000000000000 ) ) ;
#2693 = ORIENTED_EDGE ( 'NONE', *, *, #418, .F. ) ;
#2694 = LINE ( 'NONE', #3700, #2320 ) ;
#2695 = CARTESIAN_POINT ( 'NONE',  ( -42.49999999999999289, -24.50000000000001066, 10.00000000000000000 ) ) ;
#2696 = ORIENTED_EDGE ( 'NONE', *, *, #418, .T. ) ;
#2697 = LINE ( 'NONE', #1370, #3043 ) ;
#2698 = ORIENTED_EDGE ( 'NONE', *, *, #2181, .T. ) ;
#2699 = ORIENTED_EDGE ( 'NONE', *, *, #2963, .T. ) ;
#2700 = DIRECTION ( 'NONE',  ( 1.000000000000000000, -2.312964634635742957E-16, -0.000000000000000000 ) ) ;
#2701 = ORIENTED_EDGE ( 'NONE', *, *, #3166, .F. ) ;
#2702 = DIRECTION ( 'NONE',  ( 1.000000000000000000, 0.000000000000000000, 0.000000000000000000 ) ) ;
#2703 = ORIENTED_EDGE ( 'NONE', *, *, #1445, .F. ) ;
#2704 = CARTESIAN_POINT ( 'NONE',  ( -39.00000000000000000, -24.50000000000001066, 10.00000000000000000 ) ) ;
#2705 = SURFACE_STYLE_USAGE ( .BOTH. , #4417 ) ;
#2706 = FACE_OUTER_BOUND ( 'NONE', #485, .T. ) ;
#2707 = DIRECTION ( 'NONE',  ( 1.000000000000000000, 0.000000000000000000, 0.000000000000000000 ) ) ;
#2708 = ADVANCED_FACE ( 'NONE', ( #2000 ), #3077, .F. ) ;
#2709 = ADVANCED_FACE ( 'NONE', ( #704 ), #3436, .F. ) ;
#2710 = FACE_OUTER_BOUND ( 'NONE', #1338, .T. ) ;
#2711 = ORIENTED_EDGE ( 'NONE', *, *, #729, .T. ) ;
#2712 = DIRECTION ( 'NONE',  ( -0.000000000000000000, -1.156482317317871725E-16, 1.000000000000000000 ) ) ;
#2713 = EDGE_CURVE ( 'NONE', #3841, #605, #2697, .T. ) ;
#2714 = VECTOR ( 'NONE', #2801, 1000.000000000000000 ) ;
#2715 = CARTESIAN_POINT ( 'NONE',  ( -52.50000000000000711, 9.549999999999998934, 14.69999999999997087 ) ) ;
#2716 = ORIENTED_EDGE ( 'NONE', *, *, #2723, .F. ) ;
#2717 = AXIS2_PLACEMENT_3D ( 'NONE', #2729, #291, #1741 ) ;
#2718 = FACE_OUTER_BOUND ( 'NONE', #3617, .T. ) ;
#2719 = VERTEX_POINT ( 'NONE', #1658 ) ;
#2720 = AXIS2_PLACEMENT_3D ( 'NONE', #3572, #833, #1528 ) ;
#2721 = ORIENTED_EDGE ( 'NONE', *, *, #3632, .T. ) ;
#2722 = FACE_OUTER_BOUND ( 'NONE', #2195, .T. ) ;
#2723 = EDGE_CURVE ( 'NONE', #2091, #4392, #1351, .T. ) ;
#2724 = EDGE_LOOP ( 'NONE', ( #3245, #3093 ) ) ;
#2725 = EDGE_CURVE ( 'NONE', #3433, #2206, #1687, .T. ) ;
#2726 = CARTESIAN_POINT ( 'NONE',  ( -82.40999999999998238, -1.689774182602747989E-14, -27.29999999999997229 ) ) ;
#2727 = VERTEX_POINT ( 'NONE', #3057 ) ;
#2728 = LINE ( 'NONE', #3445, #968 ) ;
#2729 = CARTESIAN_POINT ( 'NONE',  ( -74.51833024919777415, -10.49999999999999822, -12.30000000000005755 ) ) ;
#2730 = DIRECTION ( 'NONE',  ( 0.000000000000000000, 0.000000000000000000, -1.000000000000000000 ) ) ;
#2731 = ORIENTED_EDGE ( 'NONE', *, *, #1169, .T. ) ;
#2732 = CARTESIAN_POINT ( 'NONE',  ( -48.25000000000000711, -6.999999999999988454, -16.14999999999999858 ) ) ;
#2733 = ADVANCED_FACE ( 'NONE', ( #2718 ), #4090, .F. ) ;
#2734 = EDGE_CURVE ( 'NONE', #2091, #495, #1747, .T. ) ;
#2735 = CARTESIAN_POINT ( 'NONE',  ( -74.51833024919777415, 14.24999999999999822, 6.150000000000022560 ) ) ;
#2736 = VERTEX_POINT ( 'NONE', #3011 ) ;
#2737 = FACE_BOUND ( 'NONE', #4007, .T. ) ;
#2738 = VERTEX_POINT ( 'NONE', #4382 ) ;
#2739 = CIRCLE ( 'NONE', #797, 2.750000000000002665 ) ;
#2740 = AXIS2_PLACEMENT_3D ( 'NONE', #3197, #3927, #139 ) ;
#2741 = CARTESIAN_POINT ( 'NONE',  ( -48.55000000000000426, -20.19689110867545168, 21.89999999999999858 ) ) ;
#2742 = FACE_OUTER_BOUND ( 'NONE', #3351, .T. ) ;
#2743 = CIRCLE ( 'NONE', #803, 1.750000000000001554 ) ;
#2744 = ORIENTED_EDGE ( 'NONE', *, *, #3311, .F. ) ;
#2745 = DIRECTION ( 'NONE',  ( 1.000000000000000000, -2.312964634635742957E-16, -0.000000000000000000 ) ) ;
#2746 = ORIENTED_EDGE ( 'NONE', *, *, #1397, .F. ) ;
#2747 = VECTOR ( 'NONE', #1753, 1000.000000000000000 ) ;
#2748 = LINE ( 'NONE', #2681, #2890 ) ;
#2749 = FACE_OUTER_BOUND ( 'NONE', #1970, .T. ) ;
#2750 = CIRCLE ( 'NONE', #3327, 1.900000000000002354 ) ;
#2751 = DIRECTION ( 'NONE',  ( 0.000000000000000000, 0.000000000000000000, 1.000000000000000000 ) ) ;
#2752 = VERTEX_POINT ( 'NONE', #1300 ) ;
#2753 = CARTESIAN_POINT ( 'NONE',  ( -35.50000000000000711, -24.50000000000001066, 5.000000000000000000 ) ) ;
#2754 = CIRCLE ( 'NONE', #2615, 3.550000000000004707 ) ;
#2755 = EDGE_CURVE ( 'NONE', #3876, #1865, #4404, .T. ) ;
#2756 = VECTOR ( 'NONE', #88, 1000.000000000000000 ) ;
#2757 = CARTESIAN_POINT ( 'NONE',  ( -42.50000000000000000, -28.00000000000001066, 5.000000000000000000 ) ) ;
#2758 = ORIENTED_EDGE ( 'NONE', *, *, #2426, .F. ) ;
#2759 = CARTESIAN_POINT ( 'NONE',  ( -74.51833024919777415, 15.00000000000000000, -8.750000000000053291 ) ) ;
#2760 = ORIENTED_EDGE ( 'NONE', *, *, #1577, .F. ) ;
#2761 = CARTESIAN_POINT ( 'NONE',  ( -44.30000000000000426, 20.19689110867544102, 18.10000000000000142 ) ) ;
#2762 = DIRECTION ( 'NONE',  ( -0.000000000000000000, -0.000000000000000000, -1.000000000000000000 ) ) ;
#2763 = ORIENTED_EDGE ( 'NONE', *, *, #2436, .F. ) ;
#2764 = DIRECTION ( 'NONE',  ( 0.000000000000000000, 0.000000000000000000, -1.000000000000000000 ) ) ;
#2765 = EDGE_CURVE ( 'NONE', #2433, #1223, #973, .T. ) ;
#2766 = ORIENTED_EDGE ( 'NONE', *, *, #2382, .T. ) ;
#2767 = DIRECTION ( 'NONE',  ( 1.000000000000000000, -2.312964634635742957E-16, -0.000000000000000000 ) ) ;
#2768 = DIRECTION ( 'NONE',  ( 1.000000000000000000, 0.000000000000000000, 0.000000000000000000 ) ) ;
#2769 = ADVANCED_FACE ( 'NONE', ( #641, #1432 ), #2839, .T. ) ;
#2770 = APPLICATION_CONTEXT ( 'automotive_design' ) ;
#2771 = CARTESIAN_POINT ( 'NONE',  ( 19.00000000000000355, -24.50000000000001066, 9.500000000000000000 ) ) ;
#2772 = ORIENTED_EDGE ( 'NONE', *, *, #2967, .F. ) ;
#2773 = CARTESIAN_POINT ( 'NONE',  ( 21.40000000000000213, 24.49999999999999289, 10.00000000000000000 ) ) ;
#2774 = CYLINDRICAL_SURFACE ( 'NONE', #3760, 3.550000000000001155 ) ;
#2775 = EDGE_LOOP ( 'NONE', ( #3703, #4148, #2048, #1690 ) ) ;
#2776 = CARTESIAN_POINT ( 'NONE',  ( 19.00000000000000355, 24.49999999999999289, 0.7573593128807065700 ) ) ;
#2777 = ORIENTED_EDGE ( 'NONE', *, *, #3636, .F. ) ;
#2778 = VECTOR ( 'NONE', #541, 1000.000000000000000 ) ;
#2779 = AXIS2_PLACEMENT_3D ( 'NONE', #1600, #1203, #2271 ) ;
#2780 = CARTESIAN_POINT ( 'NONE',  ( -43.55000000000000426, 20.19689110867544102, 20.00000000000000000 ) ) ;
#2781 = DIRECTION ( 'NONE',  ( -0.000000000000000000, -1.000000000000000000, -0.000000000000000000 ) ) ;
#2782 = EDGE_LOOP ( 'NONE', ( #2174, #2071 ) ) ;
#2783 = DIRECTION ( 'NONE',  ( 0.000000000000000000, 0.000000000000000000, 1.000000000000000000 ) ) ;
#2784 = ORIENTED_EDGE ( 'NONE', *, *, #3785, .F. ) ;
#2785 = EDGE_CURVE ( 'NONE', #1199, #2050, #3455, .T. ) ;
#2786 = CIRCLE ( 'NONE', #3439, 3.550000000000004707 ) ;
#2787 = EDGE_CURVE ( 'NONE', #4085, #1876, #2122, .T. ) ;
#2788 = EDGE_CURVE ( 'NONE', #1565, #2435, #3797, .T. ) ;
#2789 = CARTESIAN_POINT ( 'NONE',  ( -53.00000000000000711, -9.549999999999998934, 14.69999999999997797 ) ) ;
#2790 = DIRECTION ( 'NONE',  ( 0.000000000000000000, -1.000000000000000000, 0.000000000000000000 ) ) ;
#2791 = CIRCLE ( 'NONE', #2207, 3.499999999999999556 ) ;
#2792 = EDGE_LOOP ( 'NONE', ( #660, #1365, #409, #691 ) ) ;
#2793 = DIRECTION ( 'NONE',  ( 0.000000000000000000, 1.000000000000000000, 0.000000000000000000 ) ) ;
#2794 = CARTESIAN_POINT ( 'NONE',  ( -44.30000000000000426, 20.19689110867544102, 20.00000000000000000 ) ) ;
#2795 = ORIENTED_EDGE ( 'NONE', *, *, #2419, .T. ) ;
#2796 = DIRECTION ( 'NONE',  ( 1.000000000000000000, 0.000000000000000000, 0.000000000000000000 ) ) ;
#2797 = DIRECTION ( 'NONE',  ( -1.000000000000000000, 0.000000000000000000, 0.000000000000000000 ) ) ;
#2798 = ORIENTED_EDGE ( 'NONE', *, *, #3948, .F. ) ;
#2799 = DIRECTION ( 'NONE',  ( 2.312964634635742957E-16, 1.000000000000000000, 0.000000000000000000 ) ) ;
#2800 = ORIENTED_EDGE ( 'NONE', *, *, #3789, .T. ) ;
#2801 = DIRECTION ( 'NONE',  ( -0.000000000000000000, -0.000000000000000000, 1.000000000000000000 ) ) ;
#2802 = LINE ( 'NONE', #1082, #1592 ) ;
#2803 = VERTEX_POINT ( 'NONE', #49 ) ;
#2804 = ORIENTED_EDGE ( 'NONE', *, *, #1773, .T. ) ;
#2805 = CIRCLE ( 'NONE', #2443, 12.55000000000000071 ) ;
#2806 = DIRECTION ( 'NONE',  ( -0.000000000000000000, -1.156482317317871725E-16, 1.000000000000000000 ) ) ;
#2807 = AXIS2_PLACEMENT_3D ( 'NONE', #1150, #1424, #2793 ) ;
#2808 = CARTESIAN_POINT ( 'NONE',  ( -74.51833024919777415, 14.24999999999999822, 11.60000000000002807 ) ) ;
#2810 = ORIENTED_EDGE ( 'NONE', *, *, #2057, .T. ) ;
#2809 = CIRCLE ( 'NONE', #4321, 3.550000000000000711 ) ;
#2811 = DIRECTION ( 'NONE',  ( 0.000000000000000000, 0.000000000000000000, 1.000000000000000000 ) ) ;
#2812 = CARTESIAN_POINT ( 'NONE',  ( -48.25000000000000711, 7.000000000000011546, -6.149999999999993250 ) ) ;
#2813 = CYLINDRICAL_SURFACE ( 'NONE', #3177, 12.55000000000000071 ) ;
#2814 = EDGE_CURVE ( 'NONE', #351, #664, #3894, .T. ) ;
#2815 = AXIS2_PLACEMENT_3D ( 'NONE', #1379, #1671, #3040 ) ;
#2816 = CARTESIAN_POINT ( 'NONE',  ( -33.75000000000001421, -14.72499999999999787, 5.000000000000000000 ) ) ;
#2817 = ORIENTED_EDGE ( 'NONE', *, *, #458, .T. ) ;
#2818 = AXIS2_PLACEMENT_3D ( 'NONE', #3837, #1139, #476 ) ;
#2819 = CARTESIAN_POINT ( 'NONE',  ( -45.55000000000000426, -9.925000000000002487, 11.77500000000002345 ) ) ;
#2820 = ORIENTED_EDGE ( 'NONE', *, *, #1238, .T. ) ;
#2821 = AXIS2_PLACEMENT_3D ( 'NONE', #2264, #855, #2918 ) ;
#2822 = CIRCLE ( 'NONE', #3048, 2.399999999999999467 ) ;
#2823 = CARTESIAN_POINT ( 'NONE',  ( 20.50000000000000355, 24.49999999999999289, 9.500000000000000000 ) ) ;
#2824 = EDGE_CURVE ( 'NONE', #823, #640, #967, .T. ) ;
#2825 = CARTESIAN_POINT ( 'NONE',  ( -48.25000000000000711, -3.449999999999989075, -6.149999999999995026 ) ) ;
#2826 = ORIENTED_EDGE ( 'NONE', *, *, #4171, .F. ) ;
#2827 = DIRECTION ( 'NONE',  ( -0.000000000000000000, -0.000000000000000000, -1.000000000000000000 ) ) ;
#2828 = ORIENTED_EDGE ( 'NONE', *, *, #1939, .F. ) ;
#2829 = CARTESIAN_POINT ( 'NONE',  ( -52.50000000000000711, -9.549999999999998934, -17.30000000000001847 ) ) ;
#2830 = CARTESIAN_POINT ( 'NONE',  ( -82.40999999999998238, -1.689774182602747989E-14, -27.29999999999997229 ) ) ;
#2831 = ORIENTED_EDGE ( 'NONE', *, *, #1773, .F. ) ;
#2832 = CARTESIAN_POINT ( 'NONE',  ( -74.51833024919777415, 14.24999999999999822, 9.700000000000025935 ) ) ;
#2833 = DIRECTION ( 'NONE',  ( 0.000000000000000000, 0.000000000000000000, -1.000000000000000000 ) ) ;
#2834 = LINE ( 'NONE', #1447, #896 ) ;
#2835 = ADVANCED_FACE ( 'NONE', ( #4138 ), #386, .F. ) ;
#2836 = ADVANCED_FACE ( 'NONE', ( #2503, #3812 ), #1394, .T. ) ;
#2837 = CARTESIAN_POINT ( 'NONE',  ( -82.40999999999998238, -1.689774182602747989E-14, -27.29999999999997229 ) ) ;
#2838 = VERTEX_POINT ( 'NONE', #3149 ) ;
#2839 = PLANE ( 'NONE',  #2818 ) ;
#2840 = ORIENTED_EDGE ( 'NONE', *, *, #2497, .F. ) ;
#2841 = DIRECTION ( 'NONE',  ( -0.000000000000000000, -0.000000000000000000, 1.000000000000000000 ) ) ;
#2842 = CARTESIAN_POINT ( 'NONE',  ( -44.30000000000000426, 20.19689110867544102, 20.00000000000000000 ) ) ;
#2843 = EDGE_LOOP ( 'NONE', ( #2377, #3392, #2599, #1419 ) ) ;
#2844 = DIRECTION ( 'NONE',  ( 1.000000000000000000, 0.000000000000000000, 0.000000000000000000 ) ) ;
#2845 = ORIENTED_EDGE ( 'NONE', *, *, #3506, .F. ) ;
#2846 = CIRCLE ( 'NONE', #3642, 1.899999999999999023 ) ;
#2847 = FACE_OUTER_BOUND ( 'NONE', #1228, .T. ) ;
#2848 = PRODUCT_DEFINITION ( 'UNKNOWN', '', #3852, #144 ) ;
#2849 = EDGE_CURVE ( 'NONE', #3995, #1809, #801, .T. ) ;
#2850 = CARTESIAN_POINT ( 'NONE',  ( -74.51833024919777415, -10.49999999999999822, 9.700000000000025935 ) ) ;
#2851 = EDGE_LOOP ( 'NONE', ( #2820, #4189 ) ) ;
#2852 = DIRECTION ( 'NONE',  ( 0.000000000000000000, 0.000000000000000000, 1.000000000000000000 ) ) ;
#2853 = CIRCLE ( 'NONE', #776, 1.500000000000001332 ) ;
#2854 = DIRECTION ( 'NONE',  ( 0.000000000000000000, 0.000000000000000000, 1.000000000000000000 ) ) ;
#2855 = DIRECTION ( 'NONE',  ( 0.000000000000000000, 0.000000000000000000, 1.000000000000000000 ) ) ;
#2856 = CIRCLE ( 'NONE', #3008, 1.899999999999998135 ) ;
#2857 = CARTESIAN_POINT ( 'NONE',  ( -39.00000000000000000, 24.49999999999999289, 0.7573593128807065700 ) ) ;
#2858 = DIRECTION ( 'NONE',  ( 0.000000000000000000, 0.000000000000000000, 1.000000000000000000 ) ) ;
#2859 = DIRECTION ( 'NONE',  ( -0.000000000000000000, 1.000000000000000000, -0.000000000000000000 ) ) ;
#2860 = VERTEX_POINT ( 'NONE', #2759 ) ;
#2861 = DIRECTION ( 'NONE',  ( 0.000000000000000000, 0.000000000000000000, 1.000000000000000000 ) ) ;
#2862 = CIRCLE ( 'NONE', #4017, 1.899999999999999023 ) ;
#2863 = ORIENTED_EDGE ( 'NONE', *, *, #1728, .F. ) ;
#2864 = CARTESIAN_POINT ( 'NONE',  ( -84.01999999999999602, 0.000000000000000000, 0.000000000000000000 ) ) ;
#2865 = VERTEX_POINT ( 'NONE', #4175 ) ;
#2866 = DIRECTION ( 'NONE',  ( -0.000000000000000000, 1.000000000000000000, -0.000000000000000000 ) ) ;
#2867 = ORIENTED_EDGE ( 'NONE', *, *, #392, .F. ) ;
#2868 = CARTESIAN_POINT ( 'NONE',  ( -74.51833024919777415, -14.24999999999999822, -12.30000000000005755 ) ) ;
#2869 = DIRECTION ( 'NONE',  ( 0.000000000000000000, 1.000000000000000000, 0.000000000000000000 ) ) ;
#2870 = CYLINDRICAL_SURFACE ( 'NONE', #3364, 3.550000000000004707 ) ;
#2871 = EDGE_LOOP ( 'NONE', ( #387, #2601 ) ) ;
#2872 = DIRECTION ( 'NONE',  ( 0.000000000000000000, -0.000000000000000000, -1.000000000000000000 ) ) ;
#2873 = ORIENTED_EDGE ( 'NONE', *, *, #1638, .F. ) ;
#2874 = CARTESIAN_POINT ( 'NONE',  ( -97.50000000000000000, 10.05000000000000071, 6.062001655779397525E-16 ) ) ;
#2875 = CIRCLE ( 'NONE', #2300, 3.549999999999997602 ) ;
#2876 = LINE ( 'NONE', #1177, #2536 ) ;
#2877 = AXIS2_PLACEMENT_3D ( 'NONE', #3974, #232, #1586 ) ;
#2878 = CARTESIAN_POINT ( 'NONE',  ( -43.55000000000000426, 8.999999999999973355, 14.69999999999997975 ) ) ;
#2879 = CARTESIAN_POINT ( 'NONE',  ( 31.82000000000000028, 20.03999999999998849, -4.949747468305842446 ) ) ;
#2880 = CARTESIAN_POINT ( 'NONE',  ( -47.50000000000000711, 10.55000000000001315, -16.14999999999999858 ) ) ;
#2881 = VERTEX_POINT ( 'NONE', #2163 ) ;
#2882 = DIRECTION ( 'NONE',  ( 0.000000000000000000, 1.000000000000000000, 0.000000000000000000 ) ) ;
#2883 = ORIENTED_EDGE ( 'NONE', *, *, #4351, .T. ) ;
#2884 = EDGE_CURVE ( 'NONE', #768, #2403, #686, .T. ) ;
#2885 = AXIS2_PLACEMENT_3D ( 'NONE', #3368, #2349, #1731 ) ;
#2886 = DIRECTION ( 'NONE',  ( 1.000000000000000000, -0.000000000000000000, -0.000000000000000000 ) ) ;
#2887 = EDGE_LOOP ( 'NONE', ( #477, #551 ) ) ;
#2888 = CARTESIAN_POINT ( 'NONE',  ( 31.82000000000000028, -19.96000000000001151, -4.949747468305842446 ) ) ;
#2889 = ORIENTED_EDGE ( 'NONE', *, *, #4302, .F. ) ;
#2890 = VECTOR ( 'NONE', #17, 1000.000000000000000 ) ;
#2891 = VECTOR ( 'NONE', #1785, 1000.000000000000000 ) ;
#2892 = CIRCLE ( 'NONE', #687, 2.399999999999999467 ) ;
#2893 = CYLINDRICAL_SURFACE ( 'NONE', #2821, 1.899999999999998135 ) ;
#2894 = DIRECTION ( 'NONE',  ( -0.000000000000000000, -0.000000000000000000, 1.000000000000000000 ) ) ;
#2895 = ADVANCED_FACE ( 'NONE', ( #3494 ), #3133, .T. ) ;
#2896 = EDGE_CURVE ( 'NONE', #2803, #3325, #1451, .T. ) ;
#2897 = DIRECTION ( 'NONE',  ( 0.000000000000000000, 0.000000000000000000, 1.000000000000000000 ) ) ;
#2898 = ORIENTED_EDGE ( 'NONE', *, *, #3948, .T. ) ;
#2899 = DIRECTION ( 'NONE',  ( 1.000000000000000000, 0.000000000000000000, -0.000000000000000000 ) ) ;
#2900 = ORIENTED_EDGE ( 'NONE', *, *, #3293, .F. ) ;
#2901 = AXIS2_PLACEMENT_3D ( 'NONE', #1764, #739, #2796 ) ;
#2902 = EDGE_CURVE ( 'NONE', #3345, #2838, #890, .T. ) ;
#2903 = CARTESIAN_POINT ( 'NONE',  ( 19.00000000000000355, -24.50000000000001066, 9.500000000000000000 ) ) ;
#2904 = DIRECTION ( 'NONE',  ( -0.000000000000000000, 0.000000000000000000, 1.000000000000000000 ) ) ;
#2905 = EDGE_CURVE ( 'NONE', #4344, #235, #2754, .T. ) ;
#2906 = DIRECTION ( 'NONE',  ( 1.000000000000000000, 0.000000000000000000, -0.000000000000000000 ) ) ;
#2907 = ADVANCED_FACE ( 'NONE', ( #1415 ), #3516, .F. ) ;
#2908 = EDGE_CURVE ( 'NONE', #2328, #81, #1890, .T. ) ;
#2909 = FACE_OUTER_BOUND ( 'NONE', #1090, .T. ) ;
#2910 = VERTEX_POINT ( 'NONE', #2936 ) ;
#2911 = CARTESIAN_POINT ( 'NONE',  ( -43.54999999999999005, -27.39378221735090690, 25.00000000000000000 ) ) ;
#2912 = EDGE_LOOP ( 'NONE', ( #1767, #1356, #4113, #957 ) ) ;
#2913 = LINE ( 'NONE', #1163, #1874 ) ;
#2914 = ORIENTED_EDGE ( 'NONE', *, *, #190, .T. ) ;
#2915 = LINE ( 'NONE', #2580, #3680 ) ;
#2916 = VERTEX_POINT ( 'NONE', #1582 ) ;
#2917 = UNCERTAINTY_MEASURE_WITH_UNIT (LENGTH_MEASURE( 1.000000000000000082E-05 ), #4146, 'distance_accuracy_value', 'NONE');
#2918 = DIRECTION ( 'NONE',  ( 0.000000000000000000, 1.000000000000000000, 0.000000000000000000 ) ) ;
#2919 = CARTESIAN_POINT ( 'NONE',  ( -39.00000000000000000, -24.50000000000001066, 10.00000000000000000 ) ) ;
#2920 =( GEOMETRIC_REPRESENTATION_CONTEXT ( 3 ) GLOBAL_UNCERTAINTY_ASSIGNED_CONTEXT ( ( #503 ) ) GLOBAL_UNIT_ASSIGNED_CONTEXT ( ( #1906, #4050, #327 ) ) REPRESENTATION_CONTEXT ( 'NONE', 'WORKASPACE' ) );
#2921 = PLANE ( 'NONE',  #294 ) ;
#2922 = EDGE_LOOP ( 'NONE', ( #1694, #2634 ) ) ;
#2923 = CARTESIAN_POINT ( 'NONE',  ( -39.00000000000000000, -24.50000000000001066, 10.00000000000000000 ) ) ;
#2924 = ORIENTED_EDGE ( 'NONE', *, *, #2713, .F. ) ;
#2925 = CIRCLE ( 'NONE', #1562, 3.550000000000004707 ) ;
#2926 = ADVANCED_FACE ( 'NONE', ( #2256 ), #824, .F. ) ;
#2927 = EDGE_CURVE ( 'NONE', #2738, #977, #1533, .T. ) ;
#2928 = CARTESIAN_POINT ( 'NONE',  ( -52.00000000000000711, -6.999999999999987566, -6.149999999999995026 ) ) ;
#2929 = CARTESIAN_POINT ( 'NONE',  ( -43.55000000000000426, 15.00000000000000000, 25.00000000000000000 ) ) ;
#2930 = DIRECTION ( 'NONE',  ( 1.000000000000000000, -2.312964634635742957E-16, -0.000000000000000000 ) ) ;
#2931 = VECTOR ( 'NONE', #2194, 1000.000000000000000 ) ;
#2932 = EDGE_CURVE ( 'NONE', #4270, #4027, #4329, .T. ) ;
#2933 = CARTESIAN_POINT ( 'NONE',  ( -65.01666049839552386, 15.00000000000000000, 14.70000000000002416 ) ) ;
#2934 = CARTESIAN_POINT ( 'NONE',  ( -40.50000000000000000, -24.50000000000001066, 5.000000000000000000 ) ) ;
#2935 = VERTEX_POINT ( 'NONE', #2624 ) ;
#2936 = CARTESIAN_POINT ( 'NONE',  ( -65.01666049839552386, 15.00000000000000000, 25.00000000000000000 ) ) ;
#2937 = ORIENTED_EDGE ( 'NONE', *, *, #2884, .T. ) ;
#2938 = DIRECTION ( 'NONE',  ( -0.000000000000000000, -0.000000000000000000, -1.000000000000000000 ) ) ;
#2939 = ORIENTED_EDGE ( 'NONE', *, *, #3582, .F. ) ;
#2940 = DIRECTION ( 'NONE',  ( -0.000000000000000000, -0.000000000000000000, 1.000000000000000000 ) ) ;
#2941 = ORIENTED_EDGE ( 'NONE', *, *, #1238, .F. ) ;
#2942 = DIRECTION ( 'NONE',  ( 1.000000000000000000, 0.000000000000000000, 0.000000000000000000 ) ) ;
#2943 = CARTESIAN_POINT ( 'NONE',  ( -39.00000000000000000, 24.49999999999999289, 9.500000000000000000 ) ) ;
#2944 = FACE_OUTER_BOUND ( 'NONE', #2448, .T. ) ;
#2945 = ORIENTED_EDGE ( 'NONE', *, *, #2787, .T. ) ;
#2946 = DIRECTION ( 'NONE',  ( 0.000000000000000000, 0.000000000000000000, 1.000000000000000000 ) ) ;
#2947 = VERTEX_POINT ( 'NONE', #2277 ) ;
#2948 = CARTESIAN_POINT ( 'NONE',  ( -95.00000000000000000, 14.99999999999998934, -22.29999999999996874 ) ) ;
#2949 = VECTOR ( 'NONE', #4430, 1000.000000000000000 ) ;
#2950 = CARTESIAN_POINT ( 'NONE',  ( 33.57000000000000028, -19.96000000000001151, 5.000000000000000000 ) ) ;
#2951 = CARTESIAN_POINT ( 'NONE',  ( -39.00000000000000000, 24.49999999999999289, 9.500000000000000000 ) ) ;
#2952 = ORIENTED_EDGE ( 'NONE', *, *, #930, .T. ) ;
#2953 = AXIS2_PLACEMENT_3D ( 'NONE', #783, #1100, #1403 ) ;
#2954 = DIRECTION ( 'NONE',  ( -0.000000000000000000, -0.000000000000000000, 1.000000000000000000 ) ) ;
#2955 = ORIENTED_EDGE ( 'NONE', *, *, #191, .T. ) ;
#2956 = EDGE_CURVE ( 'NONE', #2493, #1230, #1105, .T. ) ;
#2957 = CARTESIAN_POINT ( 'NONE',  ( -48.55000000000000426, -20.19689110867545168, 20.00000000000000000 ) ) ;
#2958 = ORIENTED_EDGE ( 'NONE', *, *, #2113, .T. ) ;
#2959 = LINE ( 'NONE', #4336, #382 ) ;
#2960 = VERTEX_POINT ( 'NONE', #3560 ) ;
#2961 = DIRECTION ( 'NONE',  ( 1.000000000000000000, -2.312964634635742957E-16, 0.000000000000000000 ) ) ;
#2962 = VECTOR ( 'NONE', #3514, 1000.000000000000000 ) ;
#2963 = EDGE_CURVE ( 'NONE', #2752, #2553, #1256, .T. ) ;
#2964 = PLANE ( 'NONE',  #1464 ) ;
#2965 = FACE_OUTER_BOUND ( 'NONE', #1982, .T. ) ;
#2966 = CARTESIAN_POINT ( 'NONE',  ( -74.51833024919777415, -14.24999999999999822, 9.700000000000025935 ) ) ;
#2967 = EDGE_CURVE ( 'NONE', #4353, #2935, #494, .T. ) ;
#2968 = ORIENTED_EDGE ( 'NONE', *, *, #930, .F. ) ;
#2969 = CIRCLE ( 'NONE', #4191, 2.750000000000002665 ) ;
#2970 = FACE_OUTER_BOUND ( 'NONE', #2046, .T. ) ;
#2971 = EDGE_LOOP ( 'NONE', ( #4155, #4240, #2955, #3912 ) ) ;
#2972 = AXIS2_PLACEMENT_3D ( 'NONE', #3346, #283, #1635 ) ;
#2973 = CIRCLE ( 'NONE', #469, 1.750000000000000666 ) ;
#2974 = CIRCLE ( 'NONE', #3176, 3.550000000000000711 ) ;
#2975 = DIRECTION ( 'NONE',  ( 0.000000000000000000, 0.000000000000000000, -1.000000000000000000 ) ) ;
#2976 = AXIS2_PLACEMENT_3D ( 'NONE', #3579, #1895, #3534 ) ;
#2977 = FACE_OUTER_BOUND ( 'NONE', #454, .T. ) ;
#2978 = DIRECTION ( 'NONE',  ( 1.000000000000000000, 0.000000000000000000, 0.000000000000000000 ) ) ;
#2979 = DIRECTION ( 'NONE',  ( 0.000000000000000000, 1.000000000000000000, 0.000000000000000000 ) ) ;
#2980 = ADVANCED_FACE ( 'NONE', ( #1493 ), #2229, .T. ) ;
#2981 = CARTESIAN_POINT ( 'NONE',  ( -74.51833024919777415, -14.24999999999999822, -12.30000000000005755 ) ) ;
#2982 = ORIENTED_EDGE ( 'NONE', *, *, #1909, .T. ) ;
#2983 = LINE ( 'NONE', #656, #621 ) ;
#2984 = CARTESIAN_POINT ( 'NONE',  ( 21.40000000000000213, -24.50000000000001066, 10.00000000000000000 ) ) ;
#2985 = EDGE_CURVE ( 'NONE', #2493, #2653, #546, .T. ) ;
#2986 = EDGE_CURVE ( 'NONE', #1046, #1223, #3827, .T. ) ;
#2987 = EDGE_CURVE ( 'NONE', #1581, #3331, #1109, .T. ) ;
#2988 = CARTESIAN_POINT ( 'NONE',  ( -45.55000000000000426, -9.925000000000002487, 11.77500000000002345 ) ) ;
#2989 = ORIENTED_EDGE ( 'NONE', *, *, #3376, .F. ) ;
#2990 = DIRECTION ( 'NONE',  ( 1.000000000000000000, 0.000000000000000000, 0.000000000000000000 ) ) ;
#2991 = ORIENTED_EDGE ( 'NONE', *, *, #3833, .F. ) ;
#2992 = LINE ( 'NONE', #3694, #4261 ) ;
#2993 = DIRECTION ( 'NONE',  ( -0.000000000000000000, -0.000000000000000000, 1.000000000000000000 ) ) ;
#2994 = EDGE_LOOP ( 'NONE', ( #547, #1521 ) ) ;
#2995 = DIRECTION ( 'NONE',  ( -0.000000000000000000, -0.000000000000000000, 1.000000000000000000 ) ) ;
#2996 = EDGE_LOOP ( 'NONE', ( #1130, #3795, #2008, #1669 ) ) ;
#2997 = DIRECTION ( 'NONE',  ( 1.000000000000000000, 0.000000000000000000, 0.000000000000000000 ) ) ;
#2998 = EDGE_LOOP ( 'NONE', ( #2817, #3657 ) ) ;
#2999 = CARTESIAN_POINT ( 'NONE',  ( -44.30000000000000426, -20.19689110867545168, 21.89999999999999858 ) ) ;
#3000 = DIRECTION ( 'NONE',  ( 0.000000000000000000, -0.000000000000000000, 1.000000000000000000 ) ) ;
#3001 = CIRCLE ( 'NONE', #926, 1.899999999999999023 ) ;
#3002 = CYLINDRICAL_SURFACE ( 'NONE', #2641, 2.399999999999999467 ) ;
#3003 = DIRECTION ( 'NONE',  ( 1.000000000000000000, 0.000000000000000000, 0.000000000000000000 ) ) ;
#3004 = VERTEX_POINT ( 'NONE', #157 ) ;
#3005 = CARTESIAN_POINT ( 'NONE',  ( -43.55000000000000426, 15.00000000000000000, 14.69999999999980389 ) ) ;
#3006 = AXIS2_PLACEMENT_3D ( 'NONE', #1089, #4194, #1152 ) ;
#3007 = AXIS2_PLACEMENT_3D ( 'NONE', #3743, #2666, #1607 ) ;
#3008 = AXIS2_PLACEMENT_3D ( 'NONE', #420, #399, #812 ) ;
#3009 = DIRECTION ( 'NONE',  ( 1.000000000000000000, -2.312964634635742957E-16, -0.000000000000000000 ) ) ;
#3010 = ORIENTED_EDGE ( 'NONE', *, *, #3293, .T. ) ;
#3011 = CARTESIAN_POINT ( 'NONE',  ( -74.51833024919777415, 14.24999999999999822, -14.20000000000005969 ) ) ;
#3012 = VERTEX_POINT ( 'NONE', #4283 ) ;
#3013 = ORIENTED_EDGE ( 'NONE', *, *, #3481, .F. ) ;
#3014 = DIRECTION ( 'NONE',  ( 2.312964634635742957E-16, 1.000000000000000000, 0.000000000000000000 ) ) ;
#3015 = ORIENTED_EDGE ( 'NONE', *, *, #1797, .T. ) ;
#3016 = LINE ( 'NONE', #4143, #1666 ) ;
#3017 = EDGE_LOOP ( 'NONE', ( #666, #4029, #1873, #1108, #509, #179, #1358 ) ) ;
#3018 = DIRECTION ( 'NONE',  ( 1.000000000000000000, 0.000000000000000000, 0.000000000000000000 ) ) ;
#3019 = FACE_OUTER_BOUND ( 'NONE', #1078, .T. ) ;
#3020 = LINE ( 'NONE', #3426, #3287 ) ;
#3021 = DIRECTION ( 'NONE',  ( 2.312964634635742957E-16, 1.000000000000000000, 0.000000000000000000 ) ) ;
#3022 = CARTESIAN_POINT ( 'NONE',  ( -65.01666049839521122, -13.00000000000000000, 14.70000000000002416 ) ) ;
#3023 = CARTESIAN_POINT ( 'NONE',  ( -48.25000000000000711, 8.900000000000011013, -16.14999999999999858 ) ) ;
#3024 = ORIENTED_EDGE ( 'NONE', *, *, #3269, .T. ) ;
#3025 = DIRECTION ( 'NONE',  ( 0.000000000000000000, 0.000000000000000000, -1.000000000000000000 ) ) ;
#3026 = VECTOR ( 'NONE', #2886, 1000.000000000000000 ) ;
#3027 = AXIS2_PLACEMENT_3D ( 'NONE', #1571, #1551, #4006 ) ;
#3028 = CIRCLE ( 'NONE', #3598, 3.499999999999999556 ) ;
#3029 = DIRECTION ( 'NONE',  ( 0.000000000000000000, 0.000000000000000000, 1.000000000000000000 ) ) ;
#3030 = ORIENTED_EDGE ( 'NONE', *, *, #4070, .F. ) ;
#3031 = FACE_BOUND ( 'NONE', #2241, .T. ) ;
#3032 = ORIENTED_EDGE ( 'NONE', *, *, #4246, .F. ) ;
#3033 = ORIENTED_EDGE ( 'NONE', *, *, #1326, .F. ) ;
#3034 = DIRECTION ( 'NONE',  ( 0.000000000000000000, 0.000000000000000000, -1.000000000000000000 ) ) ;
#3035 = ORIENTED_EDGE ( 'NONE', *, *, #65, .F. ) ;
#3036 = CARTESIAN_POINT ( 'NONE',  ( -47.50000000000000711, 7.000000000000011546, -6.149999999999993250 ) ) ;
#3037 = ORIENTED_EDGE ( 'NONE', *, *, #3770, .T. ) ;
#3038 = EDGE_CURVE ( 'NONE', #640, #2353, #3195, .T. ) ;
#3039 = EDGE_CURVE ( 'NONE', #972, #4186, #4199, .T. ) ;
#3040 = DIRECTION ( 'NONE',  ( -1.000000000000000000, 0.000000000000000000, 0.000000000000000000 ) ) ;
#3041 = AXIS2_PLACEMENT_3D ( 'NONE', #3306, #2975, #4347 ) ;
#3042 = DIRECTION ( 'NONE',  ( 1.000000000000000000, 0.000000000000000000, 0.000000000000000000 ) ) ;
#3043 = VECTOR ( 'NONE', #3731, 1000.000000000000000 ) ;
#3044 = EDGE_CURVE ( 'NONE', #742, #3898, #41, .T. ) ;
#3045 = DIRECTION ( 'NONE',  ( 0.000000000000000000, 1.000000000000000000, 0.000000000000000000 ) ) ;
#3046 = CIRCLE ( 'NONE', #1682, 3.499999999999999556 ) ;
#3047 = VECTOR ( 'NONE', #1971, 1000.000000000000000 ) ;
#3048 = AXIS2_PLACEMENT_3D ( 'NONE', #939, #2295, #3667 ) ;
#3049 = CARTESIAN_POINT ( 'NONE',  ( -44.30000000000000426, 20.19689110867544102, 20.00000000000000000 ) ) ;
#3050 = CYLINDRICAL_SURFACE ( 'NONE', #1889, 9.550000000000006040 ) ;
#3051 = EDGE_LOOP ( 'NONE', ( #4213, #3820 ) ) ;
#3052 = DIRECTION ( 'NONE',  ( -1.000000000000000000, 2.312964634635742957E-16, -0.000000000000000000 ) ) ;
#3053 = EDGE_CURVE ( 'NONE', #2333, #3121, #545, .T. ) ;
#3054 = ADVANCED_FACE ( 'NONE', ( #1209, #844, #3267, #3585 ), #516, .F. ) ;
#3055 = DIRECTION ( 'NONE',  ( 0.000000000000000000, 0.000000000000000000, -1.000000000000000000 ) ) ;
#3056 = EDGE_LOOP ( 'NONE', ( #2365, #908 ) ) ;
#3057 = CARTESIAN_POINT ( 'NONE',  ( -42.50000000000000000, 27.99999999999998934, 5.000000000000000000 ) ) ;
#3058 = ORIENTED_EDGE ( 'NONE', *, *, #1136, .F. ) ;
#3059 = ORIENTED_EDGE ( 'NONE', *, *, #987, .T. ) ;
#3060 = CARTESIAN_POINT ( 'NONE',  ( 19.00000000000000355, 24.49999999999999289, 5.000000000000000000 ) ) ;
#3061 = EDGE_LOOP ( 'NONE', ( #3454, #578 ) ) ;
#3062 = DIRECTION ( 'NONE',  ( 1.000000000000000000, 0.000000000000000000, 0.000000000000000000 ) ) ;
#3063 = VERTEX_POINT ( 'NONE', #181 ) ;
#3064 = CYLINDRICAL_SURFACE ( 'NONE', #2815, 0.5000000000000004441 ) ;
#3065 = DIRECTION ( 'NONE',  ( 1.000000000000000000, 0.000000000000000000, 0.000000000000000000 ) ) ;
#3066 = FACE_OUTER_BOUND ( 'NONE', #3429, .T. ) ;
#3067 = EDGE_CURVE ( 'NONE', #2606, #2516, #1541, .T. ) ;
#3068 = EDGE_CURVE ( 'NONE', #1529, #4176, #1683, .T. ) ;
#3069 = DIRECTION ( 'NONE',  ( 0.000000000000000000, 0.000000000000000000, 1.000000000000000000 ) ) ;
#3070 = ORIENTED_EDGE ( 'NONE', *, *, #1445, .T. ) ;
#3071 = DIRECTION ( 'NONE',  ( 0.000000000000000000, -0.000000000000000000, 1.000000000000000000 ) ) ;
#3072 = ADVANCED_FACE ( 'NONE', ( #341, #2668 ), #678, .T. ) ;
#3073 = AXIS2_PLACEMENT_3D ( 'NONE', #3349, #975, #2331 ) ;
#3074 = DIRECTION ( 'NONE',  ( 1.000000000000000000, 0.000000000000000000, 0.000000000000000000 ) ) ;
#3075 = ORIENTED_EDGE ( 'NONE', *, *, #3710, .F. ) ;
#3076 = AXIS2_PLACEMENT_3D ( 'NONE', #2341, #43, #4398 ) ;
#3077 = CYLINDRICAL_SURFACE ( 'NONE', #2885, 2.750000000000002665 ) ;
#3078 = ORIENTED_EDGE ( 'NONE', *, *, #2173, .F. ) ;
#3079 = ORIENTED_EDGE ( 'NONE', *, *, #463, .T. ) ;
#3080 = LINE ( 'NONE', #1021, #2447 ) ;
#3081 = EDGE_LOOP ( 'NONE', ( #3342, #3059, #2660, #4320 ) ) ;
#3082 = DIRECTION ( 'NONE',  ( 0.000000000000000000, 1.156482317317871725E-16, -1.000000000000000000 ) ) ;
#3083 = ORIENTED_EDGE ( 'NONE', *, *, #4167, .F. ) ;
#3084 = CARTESIAN_POINT ( 'NONE',  ( -74.51833024919777415, 14.24999999999999822, 13.25000000000002842 ) ) ;
#3085 = FACE_OUTER_BOUND ( 'NONE', #992, .T. ) ;
#3086 = DIRECTION ( 'NONE',  ( 0.000000000000000000, 1.000000000000000000, 0.000000000000000000 ) ) ;
#3087 = CARTESIAN_POINT ( 'NONE',  ( -65.01666049839521122, -15.00000000000000000, 14.70000000000002416 ) ) ;
#3088 = ORIENTED_EDGE ( 'NONE', *, *, #65, .T. ) ;
#3089 = CARTESIAN_POINT ( 'NONE',  ( 5.320000000000004725, -19.96000000000001506, 5.000000000000000000 ) ) ;
#3090 = CYLINDRICAL_SURFACE ( 'NONE', #1599, 2.750000000000002665 ) ;
#3091 = ORIENTED_EDGE ( 'NONE', *, *, #2849, .T. ) ;
#3092 = DIRECTION ( 'NONE',  ( -0.000000000000000000, -1.000000000000000000, -0.000000000000000000 ) ) ;
#3093 = ORIENTED_EDGE ( 'NONE', *, *, #2734, .T. ) ;
#3094 = EDGE_CURVE ( 'NONE', #3433, #4366, #3414, .T. ) ;
#3095 = AXIS2_PLACEMENT_3D ( 'NONE', #3352, #4078, #2334 ) ;
#3096 = CIRCLE ( 'NONE', #1444, 3.499999999999996003 ) ;
#3097 = SURFACE_STYLE_USAGE ( .BOTH. , #1733 ) ;
#3098 = CARTESIAN_POINT ( 'NONE',  ( -74.51833024919777415, -14.24999999999999822, -14.20000000000005969 ) ) ;
#3099 = DIRECTION ( 'NONE',  ( 0.000000000000000000, 1.000000000000000000, 0.000000000000000000 ) ) ;
#3100 = ORIENTED_EDGE ( 'NONE', *, *, #2426, .T. ) ;
#3101 = CARTESIAN_POINT ( 'NONE',  ( -47.50000000000000711, -10.54999999999999005, -6.149999999999994138 ) ) ;
#3102 = ORIENTED_EDGE ( 'NONE', *, *, #4167, .T. ) ;
#3103 = DIRECTION ( 'NONE',  ( 1.000000000000000000, -2.312964634635742957E-16, -0.000000000000000000 ) ) ;
#3104 = CARTESIAN_POINT ( 'NONE',  ( -74.51833024919777415, 14.24999999999999822, -12.30000000000005755 ) ) ;
#3105 = AXIS2_PLACEMENT_3D ( 'NONE', #761, #3835, #3147 ) ;
#3106 = CIRCLE ( 'NONE', #1399, 3.550000000000001155 ) ;
#3107 = DIRECTION ( 'NONE',  ( 0.000000000000000000, 0.000000000000000000, -1.000000000000000000 ) ) ;
#3108 = ORIENTED_EDGE ( 'NONE', *, *, #2765, .T. ) ;
#3109 = DIRECTION ( 'NONE',  ( -1.000000000000000000, 2.312964634635742957E-16, 0.000000000000000000 ) ) ;
#3110 = VECTOR ( 'NONE', #2712, 1000.000000000000000 ) ;
#3111 = AXIS2_PLACEMENT_3D ( 'NONE', #3645, #3045, #3000 ) ;
#3112 = VECTOR ( 'NONE', #1849, 1000.000000000000000 ) ;
#3113 = DIRECTION ( 'NONE',  ( -0.000000000000000000, -0.000000000000000000, -1.000000000000000000 ) ) ;
#3114 = ORIENTED_EDGE ( 'NONE', *, *, #2052, .T. ) ;
#3115 = DIRECTION ( 'NONE',  ( 1.000000000000000000, 0.000000000000000000, 0.000000000000000000 ) ) ;
#3116 = EDGE_LOOP ( 'NONE', ( #834, #4405, #2777, #4019 ) ) ;
#3117 = EDGE_CURVE ( 'NONE', #4256, #3271, #333, .T. ) ;
#3118 = ADVANCED_FACE ( 'NONE', ( #944 ), #4401, .F. ) ;
#3119 = DIRECTION ( 'NONE',  ( 0.000000000000000000, 0.000000000000000000, -1.000000000000000000 ) ) ;
#3120 = CARTESIAN_POINT ( 'NONE',  ( -39.00000000000000000, -24.50000000000001066, 0.7573593128807065700 ) ) ;
#3121 = VERTEX_POINT ( 'NONE', #3746 ) ;
#3122 = CYLINDRICAL_SURFACE ( 'NONE', #4109, 2.399999999999999467 ) ;
#3123 = VERTEX_POINT ( 'NONE', #2299 ) ;
#3124 = CARTESIAN_POINT ( 'NONE',  ( -52.49999999999997158, -10.05000000000000249, 14.69999999999997620 ) ) ;
#3125 = CARTESIAN_POINT ( 'NONE',  ( -48.25000000000000711, 3.450000000000010836, -16.14999999999999858 ) ) ;
#3126 = ORIENTED_EDGE ( 'NONE', *, *, #4092, .T. ) ;
#3127 = DIRECTION ( 'NONE',  ( -0.000000000000000000, 0.000000000000000000, 1.000000000000000000 ) ) ;
#3128 = DIRECTION ( 'NONE',  ( -1.000000000000000000, -0.000000000000000000, -0.000000000000000000 ) ) ;
#3129 = ORIENTED_EDGE ( 'NONE', *, *, #3707, .F. ) ;
#3130 = PLANE ( 'NONE',  #180 ) ;
#3131 = DIRECTION ( 'NONE',  ( 0.000000000000000000, -0.000000000000000000, -1.000000000000000000 ) ) ;
#3132 = ORIENTED_EDGE ( 'NONE', *, *, #4325, .F. ) ;
#3133 = CYLINDRICAL_SURFACE ( 'NONE', #2529, 3.499999999999999556 ) ;
#3134 = VERTEX_POINT ( 'NONE', #320 ) ;
#3135 = CIRCLE ( 'NONE', #1206, 2.399999999999999467 ) ;
#3136 = FACE_OUTER_BOUND ( 'NONE', #2142, .T. ) ;
#3137 = FACE_BOUND ( 'NONE', #784, .T. ) ;
#3138 = ORIENTED_EDGE ( 'NONE', *, *, #1310, .F. ) ;
#3139 = DIRECTION ( 'NONE',  ( 1.000000000000000000, 0.000000000000000000, -0.000000000000000000 ) ) ;
#3140 = ORIENTED_EDGE ( 'NONE', *, *, #4195, .T. ) ;
#3141 = VECTOR ( 'NONE', #1956, 1000.000000000000000 ) ;
#3142 = DIRECTION ( 'NONE',  ( 1.000000000000000000, -2.312964634635742957E-16, 0.000000000000000000 ) ) ;
#3143 = DIRECTION ( 'NONE',  ( -0.000000000000000000, -1.156482317317871725E-16, 1.000000000000000000 ) ) ;
#3144 = FACE_OUTER_BOUND ( 'NONE', #2792, .T. ) ;
#3145 = DIRECTION ( 'NONE',  ( -0.000000000000000000, 1.000000000000000000, -0.000000000000000000 ) ) ;
#3146 = FACE_BOUND ( 'NONE', #710, .T. ) ;
#3147 = DIRECTION ( 'NONE',  ( 1.000000000000000000, 0.000000000000000000, 0.000000000000000000 ) ) ;
#3148 = ORIENTED_EDGE ( 'NONE', *, *, #2725, .F. ) ;
#3149 = CARTESIAN_POINT ( 'NONE',  ( -82.40999999999998238, 12.54999999999998295, -22.29999999999997229 ) ) ;
#3150 = ORIENTED_EDGE ( 'NONE', *, *, #3307, .T. ) ;
#3151 = LINE ( 'NONE', #96, #3717 ) ;
#3152 = PLANE ( 'NONE',  #2953 ) ;
#3153 = VERTEX_POINT ( 'NONE', #4015 ) ;
#3154 = FACE_OUTER_BOUND ( 'NONE', #1350, .T. ) ;
#3155 = ORIENTED_EDGE ( 'NONE', *, *, #4376, .F. ) ;
#3156 = VECTOR ( 'NONE', #1958, 1000.000000000000000 ) ;
#3157 = CIRCLE ( 'NONE', #520, 3.549999999999999822 ) ;
#3158 = DIRECTION ( 'NONE',  ( 0.000000000000000000, -0.000000000000000000, -1.000000000000000000 ) ) ;
#3159 = VECTOR ( 'NONE', #2783, 1000.000000000000000 ) ;
#3160 = ADVANCED_FACE ( 'NONE', ( #1701 ), #1347, .T. ) ;
#3161 = DIRECTION ( 'NONE',  ( -0.000000000000000000, -1.000000000000000000, -0.000000000000000000 ) ) ;
#3162 = VECTOR ( 'NONE', #1691, 1000.000000000000000 ) ;
#3163 = FACE_OUTER_BOUND ( 'NONE', #1235, .T. ) ;
#3164 = EDGE_CURVE ( 'NONE', #1615, #1550, #2983, .T. ) ;
#3165 = EDGE_CURVE ( 'NONE', #3782, #3345, #4354, .T. ) ;
#3166 = EDGE_CURVE ( 'NONE', #4390, #3362, #2389, .T. ) ;
#3167 = LINE ( 'NONE', #3510, #3796 ) ;
#3168 = DIRECTION ( 'NONE',  ( 1.000000000000000000, 0.000000000000000000, 0.000000000000000000 ) ) ;
#3169 = AXIS2_PLACEMENT_3D ( 'NONE', #4016, #1940, #885 ) ;
#3170 = CARTESIAN_POINT ( 'NONE',  ( -43.55000000000000426, 20.19689110867544102, 23.55000000000000071 ) ) ;
#3171 = ORIENTED_EDGE ( 'NONE', *, *, #4384, .F. ) ;
#3172 = DIRECTION ( 'NONE',  ( 0.000000000000000000, 0.000000000000000000, 1.000000000000000000 ) ) ;
#3173 = ORIENTED_EDGE ( 'NONE', *, *, #2755, .F. ) ;
#3174 = CIRCLE ( 'NONE', #2391, 3.550000000000002931 ) ;
#3175 = ADVANCED_FACE ( 'NONE', ( #2, #1322 ), #590, .T. ) ;
#3176 = AXIS2_PLACEMENT_3D ( 'NONE', #101, #419, #3845 ) ;
#3177 = AXIS2_PLACEMENT_3D ( 'NONE', #1726, #4198, #1113 ) ;
#3178 = CARTESIAN_POINT ( 'NONE',  ( 22.50000000000000355, 24.49999999999999289, 5.000000000000000000 ) ) ;
#3179 = CARTESIAN_POINT ( 'NONE',  ( 22.50000000000000355, 24.49999999999999289, 10.00000000000000000 ) ) ;
#3180 = ORIENTED_EDGE ( 'NONE', *, *, #4039, .F. ) ;
#3181 = DIRECTION ( 'NONE',  ( 1.000000000000000000, -2.312964634635742957E-16, -0.000000000000000000 ) ) ;
#3182 = ORIENTED_EDGE ( 'NONE', *, *, #535, .T. ) ;
#3183 = CARTESIAN_POINT ( 'NONE',  ( -43.55000000000000426, -9.925000000000002487, 11.77500000000002345 ) ) ;
#3184 = DIRECTION ( 'NONE',  ( -0.000000000000000000, -0.000000000000000000, -1.000000000000000000 ) ) ;
#3185 = ORIENTED_EDGE ( 'NONE', *, *, #3068, .T. ) ;
#3186 = CARTESIAN_POINT ( 'NONE',  ( -74.51833024919777415, 14.24999999999999822, -12.30000000000005755 ) ) ;
#3187 = DIRECTION ( 'NONE',  ( 1.000000000000000000, 0.000000000000000000, 0.000000000000000000 ) ) ;
#3188 = FACE_BOUND ( 'NONE', #213, .T. ) ;
#3189 = EDGE_CURVE ( 'NONE', #4134, #1336, #2694, .T. ) ;
#3190 = DIRECTION ( 'NONE',  ( -0.000000000000000000, 1.000000000000000000, -0.000000000000000000 ) ) ;
#3191 = ADVANCED_FACE ( 'NONE', ( #1655 ), #1609, .F. ) ;
#3192 = LINE ( 'NONE', #2929, #262 ) ;
#3193 = CARTESIAN_POINT ( 'NONE',  ( -82.40999999999998238, -1.689774182602747989E-14, -27.29999999999997229 ) ) ;
#3194 = EDGE_LOOP ( 'NONE', ( #436, #1610, #499, #1491 ) ) ;
#3195 = LINE ( 'NONE', #1516, #1328 ) ;
#3196 = ORIENTED_EDGE ( 'NONE', *, *, #4246, .T. ) ;
#3197 = CARTESIAN_POINT ( 'NONE',  ( -82.40999999999998238, -1.689774182602747989E-14, -27.29999999999997229 ) ) ;
#3198 = EDGE_LOOP ( 'NONE', ( #4312, #432, #4230, #2509, #3734, #2873, #2367 ) ) ;
#3199 = CARTESIAN_POINT ( 'NONE',  ( -39.00000000000000000, 24.49999999999999289, 10.00000000000000000 ) ) ;
#3200 = VERTEX_POINT ( 'NONE', #1679 ) ;
#3201 = VECTOR ( 'NONE', #3498, 1000.000000000000000 ) ;
#3202 = CARTESIAN_POINT ( 'NONE',  ( 0.000000000000000000, 0.000000000000000000, 5.000000000000000000 ) ) ;
#3203 = CARTESIAN_POINT ( 'NONE',  ( 0.000000000000000000, 0.000000000000000000, 5.000000000000000000 ) ) ;
#3204 = CARTESIAN_POINT ( 'NONE',  ( -74.51833024919777415, 14.24999999999999822, 9.700000000000025935 ) ) ;
#3205 = ORIENTED_EDGE ( 'NONE', *, *, #3867, .T. ) ;
#3206 = DIRECTION ( 'NONE',  ( 1.000000000000000000, 0.000000000000000000, 0.000000000000000000 ) ) ;
#3207 = ORIENTED_EDGE ( 'NONE', *, *, #2506, .T. ) ;
#3208 = AXIS2_PLACEMENT_3D ( 'NONE', #2499, #4215, #819 ) ;
#3209 = DIRECTION ( 'NONE',  ( 0.000000000000000000, -0.000000000000000000, -1.000000000000000000 ) ) ;
#3210 = CARTESIAN_POINT ( 'NONE',  ( -43.55000000000000426, -9.925000000000002487, 11.77500000000002345 ) ) ;
#3211 = AXIS2_PLACEMENT_3D ( 'NONE', #1086, #790, #3527 ) ;
#3212 = DIRECTION ( 'NONE',  ( -1.000000000000000000, -0.000000000000000000, -0.000000000000000000 ) ) ;
#3213 = ADVANCED_FACE ( 'NONE', ( #3674 ), #3725, .F. ) ;
#3214 = DIRECTION ( 'NONE',  ( 0.000000000000000000, 1.000000000000000000, 0.000000000000000000 ) ) ;
#3215 = DIRECTION ( 'NONE',  ( -1.000000000000000000, 0.000000000000000000, -9.123502176980158065E-16 ) ) ;
#3216 = DIRECTION ( 'NONE',  ( -0.000000000000000000, -1.000000000000000000, -0.000000000000000000 ) ) ;
#3217 = VERTEX_POINT ( 'NONE', #1297 ) ;
#3218 = CARTESIAN_POINT ( 'NONE',  ( -74.51833024919777415, -15.00000000000000000, 9.700000000000025935 ) ) ;
#3219 = EDGE_LOOP ( 'NONE', ( #631, #208, #3024, #999 ) ) ;
#3220 = EDGE_CURVE ( 'NONE', #4289, #1984, #965, .T. ) ;
#3221 = CARTESIAN_POINT ( 'NONE',  ( -33.75000000000000711, 14.72499999999999787, 9.949747468305840670 ) ) ;
#3222 = EDGE_LOOP ( 'NONE', ( #2798, #2627, #4364, #2766 ) ) ;
#3223 = FACE_OUTER_BOUND ( 'NONE', #68, .T. ) ;
#3224 = VERTEX_POINT ( 'NONE', #2019 ) ;
#3225 = DIRECTION ( 'NONE',  ( 1.000000000000000000, -2.312964634635742957E-16, 0.000000000000000000 ) ) ;
#3226 = EDGE_CURVE ( 'NONE', #2355, #3561, #2834, .T. ) ;
#3227 = CARTESIAN_POINT ( 'NONE',  ( -74.51833024919777415, -10.49999999999999822, 11.60000000000002807 ) ) ;
#3228 = CYLINDRICAL_SURFACE ( 'NONE', #77, 1.900000000000001465 ) ;
#3229 = VERTEX_POINT ( 'NONE', #3430 ) ;
#3230 = CARTESIAN_POINT ( 'NONE',  ( -39.00000000000000000, -24.50000000000001066, 0.7573593128807065700 ) ) ;
#3231 = ORIENTED_EDGE ( 'NONE', *, *, #3999, .T. ) ;
#3232 = CIRCLE ( 'NONE', #670, 3.550000000000004707 ) ;
#3233 = CARTESIAN_POINT ( 'NONE',  ( 16.60000000000000497, 24.49999999999999289, 9.500000000000000000 ) ) ;
#3234 = CARTESIAN_POINT ( 'NONE',  ( -92.60000000000005116, -10.05000000000000071, -17.30000000000005755 ) ) ;
#3235 = CARTESIAN_POINT ( 'NONE',  ( -65.01666049839521122, -13.00000000000000000, 14.70000000000002416 ) ) ;
#3236 = FACE_OUTER_BOUND ( 'NONE', #328, .T. ) ;
#3237 = ORIENTED_EDGE ( 'NONE', *, *, #611, .T. ) ;
#3238 = DIRECTION ( 'NONE',  ( 0.000000000000000000, 0.000000000000000000, 1.000000000000000000 ) ) ;
#3239 = ORIENTED_EDGE ( 'NONE', *, *, #464, .F. ) ;
#3240 = ADVANCED_FACE ( 'NONE', ( #2095 ), #3513, .F. ) ;
#3241 = VECTOR ( 'NONE', #711, 1000.000000000000000 ) ;
#3242 = CIRCLE ( 'NONE', #1532, 1.500000000000001332 ) ;
#3243 = AXIS2_PLACEMENT_3D ( 'NONE', #3652, #2861, #3604 ) ;
#3244 = DIRECTION ( 'NONE',  ( 1.000000000000000000, -0.000000000000000000, -0.000000000000000000 ) ) ;
#3245 = ORIENTED_EDGE ( 'NONE', *, *, #998, .T. ) ;
#3246 = EDGE_CURVE ( 'NONE', #1375, #722, #3851, .T. ) ;
#3247 = PLANE ( 'NONE',  #751 ) ;
#3248 = EDGE_CURVE ( 'NONE', #3983, #3123, #969, .T. ) ;
#3249 = ORIENTED_EDGE ( 'NONE', *, *, #1765, .F. ) ;
#3250 = AXIS2_PLACEMENT_3D ( 'NONE', #1758, #2472, #1777 ) ;
#3251 = AXIS2_PLACEMENT_3D ( 'NONE', #1875, #897, #3238 ) ;
#3252 = VECTOR ( 'NONE', #3310, 1000.000000000000000 ) ;
#3253 = DIRECTION ( 'NONE',  ( 0.000000000000000000, 0.000000000000000000, 1.000000000000000000 ) ) ;
#3254 = DIRECTION ( 'NONE',  ( 0.000000000000000000, 1.000000000000000000, 0.000000000000000000 ) ) ;
#3255 = CARTESIAN_POINT ( 'NONE',  ( -43.55000000000000426, 8.999999999999982236, 5.000000000000000000 ) ) ;
#3256 = ORIENTED_EDGE ( 'NONE', *, *, #2453, .F. ) ;
#3257 = DIRECTION ( 'NONE',  ( 0.000000000000000000, 0.000000000000000000, -1.000000000000000000 ) ) ;
#3258 = ORIENTED_EDGE ( 'NONE', *, *, #1519, .T. ) ;
#3259 = ADVANCED_FACE ( 'NONE', ( #1471 ), #3130, .F. ) ;
#3260 = DIRECTION ( 'NONE',  ( 0.000000000000000000, 1.000000000000000000, 0.000000000000000000 ) ) ;
#3261 = CARTESIAN_POINT ( 'NONE',  ( -47.50000000000001421, -15.00000000000000888, -75.60951894845304366 ) ) ;
#3262 = DIRECTION ( 'NONE',  ( 0.000000000000000000, 1.000000000000000000, -1.853823127269377743E-29 ) ) ;
#3263 = CARTESIAN_POINT ( 'NONE',  ( 19.00000000000000355, -24.50000000000001066, 5.000000000000000000 ) ) ;
#3264 = DIRECTION ( 'NONE',  ( 0.000000000000000000, 0.000000000000000000, -1.000000000000000000 ) ) ;
#3265 = DIRECTION ( 'NONE',  ( 0.000000000000000000, -1.000000000000000000, 0.000000000000000000 ) ) ;
#3266 = EDGE_LOOP ( 'NONE', ( #2586, #1438 ) ) ;
#3267 = FACE_BOUND ( 'NONE', #1186, .T. ) ;
#3268 = ORIENTED_EDGE ( 'NONE', *, *, #1066, .F. ) ;
#3269 = EDGE_CURVE ( 'NONE', #340, #235, #442, .T. ) ;
#3270 = FACE_OUTER_BOUND ( 'NONE', #2082, .T. ) ;
#3271 = VERTEX_POINT ( 'NONE', #2409 ) ;
#3272 = CYLINDRICAL_SURFACE ( 'NONE', #959, 1.500000000000001332 ) ;
#3273 = ORIENTED_EDGE ( 'NONE', *, *, #2397, .T. ) ;
#3274 = CARTESIAN_POINT ( 'NONE',  ( -74.51833024919777415, -15.00000000000000000, -8.750000000000053291 ) ) ;
#3275 = CARTESIAN_POINT ( 'NONE',  ( 5.320000000000004725, 20.03999999999998494, 0.000000000000000000 ) ) ;
#3276 = STYLED_ITEM ( 'NONE', ( #30 ), #3918 ) ;
#3277 = FACE_OUTER_BOUND ( 'NONE', #1857, .T. ) ;
#3278 = ORIENTED_EDGE ( 'NONE', *, *, #552, .T. ) ;
#3279 = LINE ( 'NONE', #241, #2445 ) ;
#3280 = EDGE_LOOP ( 'NONE', ( #3079, #2614 ) ) ;
#3281 = AXIS2_PLACEMENT_3D ( 'NONE', #1734, #1813, #31 ) ;
#3282 = DIRECTION ( 'NONE',  ( 0.000000000000000000, 0.000000000000000000, 1.000000000000000000 ) ) ;
#3283 = DIRECTION ( 'NONE',  ( -9.123502176980158065E-16, 3.652049423109062896E-16, 1.000000000000000000 ) ) ;
#3284 = AXIS2_PLACEMENT_3D ( 'NONE', #1446, #470, #3470 ) ;
#3285 = EDGE_CURVE ( 'NONE', #3841, #4068, #1972, .T. ) ;
#3286 = LINE ( 'NONE', #4301, #1825 ) ;
#3287 = VECTOR ( 'NONE', #4081, 1000.000000000000000 ) ;
#3288 = LINE ( 'NONE', #1317, #1632 ) ;
#3289 = DIRECTION ( 'NONE',  ( 0.000000000000000000, -0.000000000000000000, -1.000000000000000000 ) ) ;
#3290 = ORIENTED_EDGE ( 'NONE', *, *, #849, .F. ) ;
#3291 = CARTESIAN_POINT ( 'NONE',  ( -84.01999999999999602, 14.99999999999998934, -17.30000000000005755 ) ) ;
#3292 = EDGE_LOOP ( 'NONE', ( #1878, #3205, #1925, #1583 ) ) ;
#3293 = EDGE_CURVE ( 'NONE', #589, #4091, #42, .T. ) ;
#3294 = EDGE_CURVE ( 'NONE', #4330, #625, #3979, .T. ) ;
#3295 = AXIS2_PLACEMENT_3D ( 'NONE', #1845, #2852, #2494 ) ;
#3296 = FACE_OUTER_BOUND ( 'NONE', #302, .T. ) ;
#3297 = ORIENTED_EDGE ( 'NONE', *, *, #2003, .T. ) ;
#3298 = CARTESIAN_POINT ( 'NONE',  ( -41.39999999999999858, -24.50000000000001066, 9.500000000000000000 ) ) ;
#3299 = ORIENTED_EDGE ( 'NONE', *, *, #146, .T. ) ;
#3300 = DIRECTION ( 'NONE',  ( 1.000000000000000000, 0.000000000000000000, 0.000000000000000000 ) ) ;
#3301 = DIRECTION ( 'NONE',  ( 1.000000000000000000, 0.000000000000000000, 0.000000000000000000 ) ) ;
#3302 = DIRECTION ( 'NONE',  ( -1.000000000000000000, 2.312964634635742957E-16, -0.000000000000000000 ) ) ;
#3303 = VERTEX_POINT ( 'NONE', #360 ) ;
#3304 = CARTESIAN_POINT ( 'NONE',  ( -74.51833024919777415, 10.49999999999999822, -12.30000000000005755 ) ) ;
#3305 = ORIENTED_EDGE ( 'NONE', *, *, #1590, .F. ) ;
#3306 = CARTESIAN_POINT ( 'NONE',  ( -35.50000000000001421, -14.72499999999999787, 0.000000000000000000 ) ) ;
#3307 = EDGE_CURVE ( 'NONE', #2308, #1613, #4132, .T. ) ;
#3308 = LINE ( 'NONE', #3338, #3497 ) ;
#3309 = ADVANCED_FACE ( 'NONE', ( #701, #3146, #718, #2455, #4216 ), #45, .F. ) ;
#3310 = DIRECTION ( 'NONE',  ( -0.000000000000000000, -0.000000000000000000, 1.000000000000000000 ) ) ;
#3311 = EDGE_CURVE ( 'NONE', #2606, #515, #2060, .T. ) ;
#3312 = AXIS2_PLACEMENT_3D ( 'NONE', #2117, #2517, #3849 ) ;
#3313 = AXIS2_PLACEMENT_3D ( 'NONE', #1702, #4423, #1015 ) ;
#3314 = ADVANCED_FACE ( 'NONE', ( #2478 ), #2813, .T. ) ;
#3315 = VECTOR ( 'NONE', #1930, 1000.000000000000000 ) ;
#3316 = DIRECTION ( 'NONE',  ( 0.000000000000000000, -0.000000000000000000, -1.000000000000000000 ) ) ;
#3317 = FACE_OUTER_BOUND ( 'NONE', #3194, .T. ) ;
#3318 = EDGE_LOOP ( 'NONE', ( #2772, #135, #2375, #4414 ) ) ;
#3319 = CIRCLE ( 'NONE', #958, 1.900000000000002354 ) ;
#3320 = DIRECTION ( 'NONE',  ( -0.000000000000000000, -0.000000000000000000, 1.000000000000000000 ) ) ;
#3321 = EDGE_LOOP ( 'NONE', ( #770, #4152, #1173, #3553 ) ) ;
#3322 = DIRECTION ( 'NONE',  ( 1.000000000000000000, 0.000000000000000000, 0.000000000000000000 ) ) ;
#3323 = EDGE_LOOP ( 'NONE', ( #1525, #2387 ) ) ;
#3324 = CARTESIAN_POINT ( 'NONE',  ( -39.00000000000000000, 24.49999999999999289, 0.7573593128807065700 ) ) ;
#3325 = VERTEX_POINT ( 'NONE', #1412 ) ;
#3326 = CARTESIAN_POINT ( 'NONE',  ( 17.50000000000000000, 24.49999999999999289, 9.500000000000000000 ) ) ;
#3327 = AXIS2_PLACEMENT_3D ( 'NONE', #3875, #514, #2524 ) ;
#3328 = CARTESIAN_POINT ( 'NONE',  ( -52.00000000000000711, 7.000000000000012434, -6.149999999999993250 ) ) ;
#3329 = ORIENTED_EDGE ( 'NONE', *, *, #191, .F. ) ;
#3330 = LINE ( 'NONE', #2633, #3726 ) ;
#3331 = VERTEX_POINT ( 'NONE', #3089 ) ;
#3332 = AXIS2_PLACEMENT_3D ( 'NONE', #254, #1278, #3675 ) ;
#3333 = DIRECTION ( 'NONE',  ( -0.000000000000000000, -0.000000000000000000, 1.000000000000000000 ) ) ;
#3334 = VERTEX_POINT ( 'NONE', #2773 ) ;
#3335 = AXIS2_PLACEMENT_3D ( 'NONE', #923, #2283, #2236 ) ;
#3336 = VECTOR ( 'NONE', #4102, 1000.000000000000000 ) ;
#3337 = AXIS2_PLACEMENT_3D ( 'NONE', #4323, #1225, #2591 ) ;
#3338 = CARTESIAN_POINT ( 'NONE',  ( -44.30000000000000426, -20.19689110867545168, 23.55000000000000071 ) ) ;
#3339 = CARTESIAN_POINT ( 'NONE',  ( -48.25000000000000711, -6.999999999999988454, -6.149999999999995026 ) ) ;
#3340 = LINE ( 'NONE', #2322, #424 ) ;
#3341 = DIRECTION ( 'NONE',  ( 0.000000000000000000, -0.000000000000000000, -1.000000000000000000 ) ) ;
#3342 = ORIENTED_EDGE ( 'NONE', *, *, #2125, .F. ) ;
#3343 = CARTESIAN_POINT ( 'NONE',  ( 33.57000000000000028, 20.03999999999998849, -4.949747468305842446 ) ) ;
#3344 = CARTESIAN_POINT ( 'NONE',  ( 1.820000000000003171, -19.96000000000001506, 5.000000000000000000 ) ) ;
#3345 = VERTEX_POINT ( 'NONE', #3452 ) ;
#3346 = CARTESIAN_POINT ( 'NONE',  ( -74.51833024919777415, -10.49999999999999822, -12.30000000000005755 ) ) ;
#3347 = ORIENTED_EDGE ( 'NONE', *, *, #458, .F. ) ;
#3348 = DIRECTION ( 'NONE',  ( 1.000000000000000000, 0.000000000000000000, 0.000000000000000000 ) ) ;
#3349 = CARTESIAN_POINT ( 'NONE',  ( -74.51833024919777415, 10.49999999999999822, -12.30000000000005755 ) ) ;
#3350 = CYLINDRICAL_SURFACE ( 'NONE', #1385, 1.750000000000000666 ) ;
#3351 = EDGE_LOOP ( 'NONE', ( #2343, #3375, #3882, #3058 ) ) ;
#3352 = CARTESIAN_POINT ( 'NONE',  ( 19.00000000000000355, 24.49999999999999289, 10.00000000000000000 ) ) ;
#3353 = VERTEX_POINT ( 'NONE', #23 ) ;
#3354 = DIRECTION ( 'NONE',  ( -0.000000000000000000, 0.000000000000000000, 1.000000000000000000 ) ) ;
#3355 = CARTESIAN_POINT ( 'NONE',  ( -82.40999999999998238, -1.747598298468641664E-14, -22.29999999999997229 ) ) ;
#3356 = VECTOR ( 'NONE', #433, 1000.000000000000000 ) ;
#3357 = DIRECTION ( 'NONE',  ( 1.000000000000000000, -2.312964634635742957E-16, -0.000000000000000000 ) ) ;
#3358 = LINE ( 'NONE', #4036, #1321 ) ;
#3359 = VECTOR ( 'NONE', #4322, 1000.000000000000000 ) ;
#3360 = DIRECTION ( 'NONE',  ( 1.000000000000000000, -2.312964634635742957E-16, -0.000000000000000000 ) ) ;
#3361 = DIRECTION ( 'NONE',  ( 0.000000000000000000, 1.000000000000000000, 0.000000000000000000 ) ) ;
#3362 = VERTEX_POINT ( 'NONE', #1388 ) ;
#3363 = CARTESIAN_POINT ( 'NONE',  ( -48.25000000000000711, 7.000000000000011546, -6.149999999999993250 ) ) ;
#3364 = AXIS2_PLACEMENT_3D ( 'NONE', #2966, #4254, #2559 ) ;
#3365 = FACE_OUTER_BOUND ( 'NONE', #2724, .T. ) ;
#3366 = CARTESIAN_POINT ( 'NONE',  ( -39.00000000000000000, 24.49999999999999289, 10.00000000000000000 ) ) ;
#3367 = VERTEX_POINT ( 'NONE', #2753 ) ;
#3368 = CARTESIAN_POINT ( 'NONE',  ( -48.55000000000000426, 4.999999999999989342, 5.700000000000024158 ) ) ;
#3369 = ORIENTED_EDGE ( 'NONE', *, *, #2061, .F. ) ;
#3370 = EDGE_CURVE ( 'NONE', #3401, #307, #380, .T. ) ;
#3371 = CARTESIAN_POINT ( 'NONE',  ( -45.79999999999999716, -5.000000000000010658, 5.700000000000024158 ) ) ;
#3372 = DIRECTION ( 'NONE',  ( 1.000000000000000000, -2.312964634635742957E-16, 0.000000000000000000 ) ) ;
#3373 = ORIENTED_EDGE ( 'NONE', *, *, #593, .F. ) ;
#3374 = DIRECTION ( 'NONE',  ( 0.000000000000000000, 1.406532548089305015E-16, 1.000000000000000000 ) ) ;
#3375 = ORIENTED_EDGE ( 'NONE', *, *, #1508, .T. ) ;
#3376 = EDGE_CURVE ( 'NONE', #2191, #2355, #4268, .T. ) ;
#3377 = CARTESIAN_POINT ( 'NONE',  ( 35.32000000000000739, 20.03999999999998849, 0.000000000000000000 ) ) ;
#3378 = PLANE ( 'NONE',  #4130 ) ;
#3379 = CARTESIAN_POINT ( 'NONE',  ( 33.57000000000000028, 20.03999999999998849, 5.000000000000000000 ) ) ;
#3380 = EDGE_CURVE ( 'NONE', #115, #3998, #1611, .T. ) ;
#3381 = DIRECTION ( 'NONE',  ( 1.000000000000000000, -2.312964634635742957E-16, 0.000000000000000000 ) ) ;
#3382 = ADVANCED_FACE ( 'NONE', ( #1538 ), #1917, .F. ) ;
#3383 = DIRECTION ( 'NONE',  ( 1.000000000000000000, -0.000000000000000000, -0.000000000000000000 ) ) ;
#3384 = CARTESIAN_POINT ( 'NONE',  ( -74.51833024919777415, -14.24999999999999822, -15.85000000000006182 ) ) ;
#3385 = CYLINDRICAL_SURFACE ( 'NONE', #2078, 3.550000000000004707 ) ;
#3386 = EDGE_LOOP ( 'NONE', ( #1242, #4077 ) ) ;
#3387 = DIRECTION ( 'NONE',  ( 2.312964634635742957E-16, 1.000000000000000000, 0.000000000000000000 ) ) ;
#3388 = AXIS2_PLACEMENT_3D ( 'NONE', #4380, #1656, #4112 ) ;
#3389 = AXIS2_PLACEMENT_3D ( 'NONE', #3304, #859, #1269 ) ;
#3390 = AXIS2_PLACEMENT_3D ( 'NONE', #97, #1456, #2485 ) ;
#3391 = CARTESIAN_POINT ( 'NONE',  ( 19.00000000000000355, -24.50000000000001066, 10.00000000000000000 ) ) ;
#3392 = ORIENTED_EDGE ( 'NONE', *, *, #2956, .T. ) ;
#3393 = PLANE ( 'NONE',  #2461 ) ;
#3394 = ORIENTED_EDGE ( 'NONE', *, *, #2497, .T. ) ;
#3395 = EDGE_CURVE ( 'NONE', #2263, #11, #2392, .T. ) ;
#3396 =( NAMED_UNIT ( * ) SI_UNIT ( $, .STERADIAN. ) SOLID_ANGLE_UNIT ( ) );
#3397 = ORIENTED_EDGE ( 'NONE', *, *, #4171, .T. ) ;
#3398 = ADVANCED_FACE ( 'NONE', ( #2221, #2157 ), #2252, .T. ) ;
#3399 = ADVANCED_FACE ( 'NONE', ( #3622 ), #512, .F. ) ;
#3400 = CARTESIAN_POINT ( 'NONE',  ( -48.25000000000000711, 10.55000000000001315, -16.14999999999999858 ) ) ;
#3401 = VERTEX_POINT ( 'NONE', #3600 ) ;
#3402 = CARTESIAN_POINT ( 'NONE',  ( -39.00000000000000000, 24.49999999999999289, 10.00000000000000000 ) ) ;
#3403 = ORIENTED_EDGE ( 'NONE', *, *, #2125, .T. ) ;
#3404 = CARTESIAN_POINT ( 'NONE',  ( -35.50000000000000711, 24.49999999999999289, 10.00000000000000000 ) ) ;
#3405 = AXIS2_PLACEMENT_3D ( 'NONE', #3202, #3486, #789 ) ;
#3406 = DIRECTION ( 'NONE',  ( -1.000000000000000000, -0.000000000000000000, -0.000000000000000000 ) ) ;
#3407 = EDGE_CURVE ( 'NONE', #2719, #2542, #563, .T. ) ;
#3408 = AXIS2_PLACEMENT_3D ( 'NONE', #3856, #1058, #2081 ) ;
#3409 = CIRCLE ( 'NONE', #758, 1.899999999999998135 ) ;
#3410 = VECTOR ( 'NONE', #1167, 1000.000000000000000 ) ;
#3411 = AXIS2_PLACEMENT_3D ( 'NONE', #2943, #4315, #530 ) ;
#3412 = DIRECTION ( 'NONE',  ( 1.000000000000000000, -0.000000000000000000, -0.000000000000000000 ) ) ;
#3413 = ORIENTED_EDGE ( 'NONE', *, *, #561, .F. ) ;
#3414 = LINE ( 'NONE', #2363, #2535 ) ;
#3415 = DIRECTION ( 'NONE',  ( -1.000000000000000000, 0.000000000000000000, 0.000000000000000000 ) ) ;
#3416 = ORIENTED_EDGE ( 'NONE', *, *, #3481, .T. ) ;
#3417 = FACE_BOUND ( 'NONE', #1411, .T. ) ;
#3418 = VERTEX_POINT ( 'NONE', #3235 ) ;
#3419 = ORIENTED_EDGE ( 'NONE', *, *, #2814, .F. ) ;
#3420 = DIRECTION ( 'NONE',  ( 1.000000000000000000, 0.000000000000000000, 0.000000000000000000 ) ) ;
#3421 = ORIENTED_EDGE ( 'NONE', *, *, #2419, .F. ) ;
#3422 = CARTESIAN_POINT ( 'NONE',  ( -84.01999999999999602, -10.05000000000000071, 14.69999999999997620 ) ) ;
#3423 = ORIENTED_EDGE ( 'NONE', *, *, #2785, .F. ) ;
#3424 = DIRECTION ( 'NONE',  ( 0.000000000000000000, 1.000000000000000000, 0.000000000000000000 ) ) ;
#3425 = FACE_BOUND ( 'NONE', #393, .T. ) ;
#3426 = CARTESIAN_POINT ( 'NONE',  ( 15.50000000000000355, 24.49999999999999289, 10.00000000000000000 ) ) ;
#3427 = EDGE_CURVE ( 'NONE', #1375, #515, #538, .T. ) ;
#3428 = DIRECTION ( 'NONE',  ( -5.598689554342010278E-16, 1.000000000000000000, -0.000000000000000000 ) ) ;
#3429 = EDGE_LOOP ( 'NONE', ( #2716, #525, #933, #2831 ) ) ;
#3430 = CARTESIAN_POINT ( 'NONE',  ( -48.25000000000000711, 5.100000000000012079, -16.14999999999999858 ) ) ;
#3431 = AXIS2_PLACEMENT_3D ( 'NONE', #4012, #3316, #3601 ) ;
#3432 = CARTESIAN_POINT ( 'NONE',  ( -45.55000000000000426, -9.925000000000002487, 7.775000000000023448 ) ) ;
#3433 = VERTEX_POINT ( 'NONE', #2948 ) ;
#3434 = AXIS2_PLACEMENT_3D ( 'NONE', #1699, #4104, #1469 ) ;
#3435 = EDGE_CURVE ( 'NONE', #664, #351, #2543, .T. ) ;
#3436 = CYLINDRICAL_SURFACE ( 'NONE', #818, 1.750000000000001554 ) ;
#3437 = EDGE_LOOP ( 'NONE', ( #544, #3947, #4051, #3416 ) ) ;
#3438 = EDGE_CURVE ( 'NONE', #4310, #1140, #3286, .T. ) ;
#3439 = AXIS2_PLACEMENT_3D ( 'NONE', #1504, #2790, #1799 ) ;
#3440 = LINE ( 'NONE', #2067, #3356 ) ;
#3441 = FACE_OUTER_BOUND ( 'NONE', #874, .T. ) ;
#3442 = ORIENTED_EDGE ( 'NONE', *, *, #1937, .F. ) ;
#3443 = CARTESIAN_POINT ( 'NONE',  ( -48.25000000000000711, -5.099999999999989875, -6.149999999999995026 ) ) ;
#3444 = ORIENTED_EDGE ( 'NONE', *, *, #3635, .T. ) ;
#3445 = CARTESIAN_POINT ( 'NONE',  ( 20.50000000000000355, 24.49999999999999289, 0.7573593128807065700 ) ) ;
#3446 = CARTESIAN_POINT ( 'NONE',  ( -45.55000000000000426, 10.07499999999999751, 7.775000000000023448 ) ) ;
#3447 = AXIS2_PLACEMENT_3D ( 'NONE', #132, #3265, #3289 ) ;
#3448 = EDGE_CURVE ( 'NONE', #3063, #3200, #3192, .T. ) ;
#3449 = DIRECTION ( 'NONE',  ( 1.000000000000000000, 0.000000000000000000, 0.000000000000000000 ) ) ;
#3450 = EDGE_CURVE ( 'NONE', #3229, #1865, #821, .T. ) ;
#3451 = ORIENTED_EDGE ( 'NONE', *, *, #3580, .F. ) ;
#3452 = CARTESIAN_POINT ( 'NONE',  ( -82.40999999999998238, -12.55000000000001847, -22.29999999999997229 ) ) ;
#3453 = DIRECTION ( 'NONE',  ( 1.000000000000000000, 4.081702296416016366E-17, 0.000000000000000000 ) ) ;
#3454 = ORIENTED_EDGE ( 'NONE', *, *, #4070, .T. ) ;
#3455 = LINE ( 'NONE', #1788, #4260 ) ;
#3456 = ORIENTED_EDGE ( 'NONE', *, *, #3701, .F. ) ;
#3457 = VECTOR ( 'NONE', #956, 1000.000000000000000 ) ;
#3458 = CIRCLE ( 'NONE', #3388, 3.550000000000002931 ) ;
#3459 = DIRECTION ( 'NONE',  ( 1.000000000000000000, 0.000000000000000000, 0.000000000000000000 ) ) ;
#3460 = FACE_OUTER_BOUND ( 'NONE', #1500, .T. ) ;
#3461 = VECTOR ( 'NONE', #1588, 1000.000000000000000 ) ;
#3462 = VERTEX_POINT ( 'NONE', #472 ) ;
#3463 = DIRECTION ( 'NONE',  ( 0.000000000000000000, 0.000000000000000000, -1.000000000000000000 ) ) ;
#3464 = EDGE_LOOP ( 'NONE', ( #2260, #1289 ) ) ;
#3465 = CARTESIAN_POINT ( 'NONE',  ( -51.30000000000000426, 4.999999999999989342, 5.700000000000024158 ) ) ;
#3466 = DIRECTION ( 'NONE',  ( -0.000000000000000000, -2.312964634635743450E-16, 1.000000000000000000 ) ) ;
#3467 = ORIENTED_EDGE ( 'NONE', *, *, #3522, .F. ) ;
#3468 = LINE ( 'NONE', #1275, #138 ) ;
#3469 = AXIS2_PLACEMENT_3D ( 'NONE', #3672, #1009, #2092 ) ;
#3470 = DIRECTION ( 'NONE',  ( 0.000000000000000000, 0.000000000000000000, 1.000000000000000000 ) ) ;
#3471 = ORIENTED_EDGE ( 'NONE', *, *, #914, .F. ) ;
#3472 = CIRCLE ( 'NONE', #817, 1.500000000000001332 ) ;
#3473 = CARTESIAN_POINT ( 'NONE',  ( -65.01666049839521122, -13.00000000000000000, 46.55962692055163643 ) ) ;
#3474 = AXIS2_PLACEMENT_3D ( 'NONE', #3343, #1011, #4042 ) ;
#3475 = AXIS2_PLACEMENT_3D ( 'NONE', #2874, #3890, #1485 ) ;
#3476 = CARTESIAN_POINT ( 'NONE',  ( -53.00000000000000711, -10.05000000000000071, -17.30000000000001847 ) ) ;
#3477 = ORIENTED_EDGE ( 'NONE', *, *, #1326, .T. ) ;
#3478 = CARTESIAN_POINT ( 'NONE',  ( 19.00000000000000355, 24.49999999999999289, 9.500000000000000000 ) ) ;
#3479 = VERTEX_POINT ( 'NONE', #128 ) ;
#3480 = CARTESIAN_POINT ( 'NONE',  ( -51.30000000000000426, -5.000000000000010658, 14.70000000000002416 ) ) ;
#3481 = EDGE_CURVE ( 'NONE', #3331, #1581, #3903, .T. ) ;
#3482 = CARTESIAN_POINT ( 'NONE',  ( -74.51833024919777415, -14.24999999999999822, 6.150000000000021672 ) ) ;
#3483 = EDGE_LOOP ( 'NONE', ( #4098, #2028, #3857, #2562 ) ) ;
#3484 = DIRECTION ( 'NONE',  ( 0.000000000000000000, 0.000000000000000000, 1.000000000000000000 ) ) ;
#3485 = ORIENTED_EDGE ( 'NONE', *, *, #1068, .T. ) ;
#3486 = DIRECTION ( 'NONE',  ( -0.000000000000000000, 0.000000000000000000, 1.000000000000000000 ) ) ;
#3487 = CARTESIAN_POINT ( 'NONE',  ( -35.50000000000001421, 14.72499999999999787, 0.000000000000000000 ) ) ;
#3488 = ORIENTED_EDGE ( 'NONE', *, *, #131, .F. ) ;
#3489 = DIRECTION ( 'NONE',  ( 0.000000000000000000, 0.000000000000000000, 1.000000000000000000 ) ) ;
#3490 = CYLINDRICAL_SURFACE ( 'NONE', #2646, 3.549999999999997602 ) ;
#3491 = DIRECTION ( 'NONE',  ( -2.312964634635742957E-16, -1.000000000000000000, 0.000000000000000000 ) ) ;
#3492 = FACE_OUTER_BOUND ( 'NONE', #4272, .T. ) ;
#3493 = VERTEX_POINT ( 'NONE', #2523 ) ;
#3494 = FACE_OUTER_BOUND ( 'NONE', #1392, .T. ) ;
#3495 = EDGE_LOOP ( 'NONE', ( #1103, #3373, #2746, #1957 ) ) ;
#3496 = CIRCLE ( 'NONE', #1421, 3.550000000000001155 ) ;
#3497 = VECTOR ( 'NONE', #1941, 1000.000000000000000 ) ;
#3498 = DIRECTION ( 'NONE',  ( 1.000000000000000000, -0.000000000000000000, -0.000000000000000000 ) ) ;
#3499 = CARTESIAN_POINT ( 'NONE',  ( -48.25000000000000711, -6.999999999999988454, -16.14999999999999858 ) ) ;
#3500 = ORIENTED_EDGE ( 'NONE', *, *, #3968, .T. ) ;
#3501 = EDGE_CURVE ( 'NONE', #1622, #3898, #3893, .T. ) ;
#3502 = DIRECTION ( 'NONE',  ( 0.000000000000000000, 0.000000000000000000, -1.000000000000000000 ) ) ;
#3503 = EDGE_CURVE ( 'NONE', #495, #21, #3555, .T. ) ;
#3504 = ORIENTED_EDGE ( 'NONE', *, *, #2051, .T. ) ;
#3505 = AXIS2_PLACEMENT_3D ( 'NONE', #3204, #2149, #3869 ) ;
#3506 = EDGE_CURVE ( 'NONE', #1498, #1959, #1183, .T. ) ;
#3507 = CARTESIAN_POINT ( 'NONE',  ( -74.51833024919777415, 15.00000000000000000, -12.30000000000005755 ) ) ;
#3508 = CARTESIAN_POINT ( 'NONE',  ( -74.51833024919777415, 15.00000000000000000, 6.150000000000022560 ) ) ;
#3509 = CARTESIAN_POINT ( 'NONE',  ( -74.51833024919777415, -10.49999999999999822, -10.40000000000005542 ) ) ;
#3510 = CARTESIAN_POINT ( 'NONE',  ( -44.30000000000000426, 20.19689110867544102, 23.55000000000000071 ) ) ;
#3511 = EDGE_CURVE ( 'NONE', #1074, #568, #2546, .T. ) ;
#3512 = EDGE_CURVE ( 'NONE', #600, #3993, #4200, .T. ) ;
#3513 = PLANE ( 'NONE',  #4264 ) ;
#3514 = DIRECTION ( 'NONE',  ( 1.000000000000000000, -0.000000000000000000, -0.000000000000000000 ) ) ;
#3515 = EDGE_LOOP ( 'NONE', ( #3653, #2282, #1037, #3273 ) ) ;
#3516 = CYLINDRICAL_SURFACE ( 'NONE', #4049, 1.500000000000001332 ) ;
#3517 = ORIENTED_EDGE ( 'NONE', *, *, #2985, .T. ) ;
#3518 = DIRECTION ( 'NONE',  ( 0.000000000000000000, -0.000000000000000000, -1.000000000000000000 ) ) ;
#3519 = DIRECTION ( 'NONE',  ( -0.000000000000000000, -0.000000000000000000, 1.000000000000000000 ) ) ;
#3520 = ORIENTED_EDGE ( 'NONE', *, *, #4178, .F. ) ;
#3521 = ORIENTED_EDGE ( 'NONE', *, *, #2293, .F. ) ;
#3522 = EDGE_CURVE ( 'NONE', #2030, #231, #3718, .T. ) ;
#3523 = AXIS2_PLACEMENT_3D ( 'NONE', #2957, #3244, #826 ) ;
#3524 = EDGE_CURVE ( 'NONE', #235, #4344, #2250, .T. ) ;
#3525 = CARTESIAN_POINT ( 'NONE',  ( -48.55000000000000426, -5.000000000000010658, 5.700000000000024158 ) ) ;
#3526 = AXIS2_PLACEMENT_3D ( 'NONE', #3630, #3906, #500 ) ;
#3527 = DIRECTION ( 'NONE',  ( 1.000000000000000000, 0.000000000000000000, 0.000000000000000000 ) ) ;
#3529 = EDGE_LOOP ( 'NONE', ( #1022, #3836, #1395, #1540 ) ) ;
#3528 = AXIS2_PLACEMENT_3D ( 'NONE', #2047, #3709, #2354 ) ;
#3530 = CARTESIAN_POINT ( 'NONE',  ( -48.55000000000000426, -5.000000000000010658, 5.700000000000024158 ) ) ;
#3531 = DIRECTION ( 'NONE',  ( 0.000000000000000000, -1.000000000000000000, 0.000000000000000000 ) ) ;
#3532 = CARTESIAN_POINT ( 'NONE',  ( 17.50000000000000000, -24.50000000000001066, 9.500000000000000000 ) ) ;
#3533 = DIRECTION ( 'NONE',  ( 0.000000000000000000, 0.000000000000000000, -1.000000000000000000 ) ) ;
#3534 = DIRECTION ( 'NONE',  ( 0.000000000000000000, 0.000000000000000000, 1.000000000000000000 ) ) ;
#3535 = VECTOR ( 'NONE', #3536, 1000.000000000000000 ) ;
#3536 = DIRECTION ( 'NONE',  ( -0.000000000000000000, -0.000000000000000000, -1.000000000000000000 ) ) ;
#3537 = ORIENTED_EDGE ( 'NONE', *, *, #3380, .F. ) ;
#3538 = AXIS2_PLACEMENT_3D ( 'NONE', #1705, #4358, #2022 ) ;
#3539 = CARTESIAN_POINT ( 'NONE',  ( -39.00000000000000000, -24.50000000000001066, 9.500000000000000000 ) ) ;
#3540 = ORIENTED_EDGE ( 'NONE', *, *, #3246, .F. ) ;
#3541 = CIRCLE ( 'NONE', #1604, 3.499999999999996003 ) ;
#3542 = AXIS2_PLACEMENT_3D ( 'NONE', #2789, #437, #1798 ) ;
#3543 = AXIS2_PLACEMENT_3D ( 'NONE', #1092, #1744, #3830 ) ;
#3544 = DIRECTION ( 'NONE',  ( 1.000000000000000000, 0.000000000000000000, -0.000000000000000000 ) ) ;
#3545 = ORIENTED_EDGE ( 'NONE', *, *, #2987, .T. ) ;
#3546 = CARTESIAN_POINT ( 'NONE',  ( -74.51833024919777415, -14.24999999999999822, -12.30000000000005755 ) ) ;
#3547 = EDGE_LOOP ( 'NONE', ( #4014, #3732 ) ) ;
#3548 = DIRECTION ( 'NONE',  ( 0.000000000000000000, -1.000000000000000000, 0.000000000000000000 ) ) ;
#3549 = ADVANCED_FACE ( 'NONE', ( #961 ), #2339, .F. ) ;
#3550 = DIRECTION ( 'NONE',  ( 1.000000000000000000, 0.000000000000000000, -0.000000000000000000 ) ) ;
#3551 = ORIENTED_EDGE ( 'NONE', *, *, #443, .F. ) ;
#3552 = CARTESIAN_POINT ( 'NONE',  ( -74.51833024919777415, 15.00000000000000000, -12.30000000000005755 ) ) ;
#3553 = ORIENTED_EDGE ( 'NONE', *, *, #2181, .F. ) ;
#3554 = LINE ( 'NONE', #1828, #4010 ) ;
#3555 = LINE ( 'NONE', #490, #3112 ) ;
#3556 = ADVANCED_FACE ( 'NONE', ( #913 ), #3693, .F. ) ;
#3557 = ADVANCED_FACE ( 'NONE', ( #4418, #1342 ), #2317, .T. ) ;
#3558 = DIRECTION ( 'NONE',  ( 1.000000000000000000, 4.325993705677822754E-17, 9.123502176980158065E-16 ) ) ;
#3559 = ORIENTED_EDGE ( 'NONE', *, *, #2371, .T. ) ;
#3560 = CARTESIAN_POINT ( 'NONE',  ( 16.60000000000000497, -24.50000000000001066, 10.00000000000000000 ) ) ;
#3561 = VERTEX_POINT ( 'NONE', #272 ) ;
#3562 = ADVANCED_FACE ( 'NONE', ( #2706 ), #1293, .F. ) ;
#3563 = DIRECTION ( 'NONE',  ( 1.000000000000000000, 0.000000000000000000, 0.000000000000000000 ) ) ;
#3564 = ORIENTED_EDGE ( 'NONE', *, *, #1881, .T. ) ;
#3565 = AXIS2_PLACEMENT_3D ( 'NONE', #2665, #4038, #867 ) ;
#3566 = LINE ( 'NONE', #3298, #3461 ) ;
#3567 = ORIENTED_EDGE ( 'NONE', *, *, #4203, .T. ) ;
#3568 = VECTOR ( 'NONE', #1652, 1000.000000000000000 ) ;
#3569 = DIRECTION ( 'NONE',  ( 0.000000000000000000, 1.000000000000000000, 0.000000000000000000 ) ) ;
#3570 = DIRECTION ( 'NONE',  ( -0.000000000000000000, 0.000000000000000000, 1.000000000000000000 ) ) ;
#3571 = ADVANCED_FACE ( 'NONE', ( #1601 ), #1650, .F. ) ;
#3572 = CARTESIAN_POINT ( 'NONE',  ( -48.25000000000000711, 7.000000000000011546, -16.14999999999999858 ) ) ;
#3573 = EDGE_LOOP ( 'NONE', ( #3744, #3724, #4411, #1216, #1955, #2651 ) ) ;
#3574 = LINE ( 'NONE', #1761, #1381 ) ;
#3575 = EDGE_LOOP ( 'NONE', ( #2244, #3776, #1473, #1320 ) ) ;
#3576 = AXIS2_PLACEMENT_3D ( 'NONE', #3487, #1864, #3661 ) ;
#3577 = CIRCLE ( 'NONE', #927, 2.750000000000002665 ) ;
#3578 = FACE_OUTER_BOUND ( 'NONE', #507, .T. ) ;
#3579 = CARTESIAN_POINT ( 'NONE',  ( -74.51833024919777415, 10.49999999999999822, 9.700000000000025935 ) ) ;
#3580 = EDGE_CURVE ( 'NONE', #3367, #1016, #1893, .T. ) ;
#3581 = EDGE_CURVE ( 'NONE', #2191, #2551, #4373, .T. ) ;
#3582 = EDGE_CURVE ( 'NONE', #3863, #35, #2639, .T. ) ;
#3583 = CYLINDRICAL_SURFACE ( 'NONE', #815, 9.550000000000006040 ) ;
#3584 = ORIENTED_EDGE ( 'NONE', *, *, #788, .F. ) ;
#3585 = FACE_OUTER_BOUND ( 'NONE', #160, .T. ) ;
#3586 = ORIENTED_EDGE ( 'NONE', *, *, #2368, .T. ) ;
#3587 = FACE_OUTER_BOUND ( 'NONE', #700, .T. ) ;
#3588 = EDGE_LOOP ( 'NONE', ( #169, #688, #1308, #4242 ) ) ;
#3589 = FACE_OUTER_BOUND ( 'NONE', #3061, .T. ) ;
#3590 = ORIENTED_EDGE ( 'NONE', *, *, #1840, .F. ) ;
#3591 = CARTESIAN_POINT ( 'NONE',  ( -74.51833024919777415, -14.24999999999999822, -10.40000000000005542 ) ) ;
#3592 = DIRECTION ( 'NONE',  ( 0.000000000000000000, 1.000000000000000000, 0.000000000000000000 ) ) ;
#3593 = DIRECTION ( 'NONE',  ( 0.000000000000000000, 0.000000000000000000, 1.000000000000000000 ) ) ;
#3594 = ORIENTED_EDGE ( 'NONE', *, *, #4248, .F. ) ;
#3595 = DIRECTION ( 'NONE',  ( 1.000000000000000000, 0.000000000000000000, 0.000000000000000000 ) ) ;
#3596 = EDGE_LOOP ( 'NONE', ( #884, #1433, #93, #4005 ) ) ;
#3597 = CIRCLE ( 'NONE', #3884, 9.550000000000006040 ) ;
#3598 = AXIS2_PLACEMENT_3D ( 'NONE', #690, #4052, #3420 ) ;
#3599 = CARTESIAN_POINT ( 'NONE',  ( -37.25000000000002132, -14.72499999999999787, 5.000000000000000000 ) ) ;
#3600 = CARTESIAN_POINT ( 'NONE',  ( -74.51833024919777415, -10.49999999999999822, 7.800000000000023803 ) ) ;
#3601 = DIRECTION ( 'NONE',  ( 1.000000000000000000, 0.000000000000000000, 0.000000000000000000 ) ) ;
#3602 = DIRECTION ( 'NONE',  ( 1.000000000000000000, 0.000000000000000000, 0.000000000000000000 ) ) ;
#3603 = ORIENTED_EDGE ( 'NONE', *, *, #1496, .F. ) ;
#3604 = DIRECTION ( 'NONE',  ( 1.000000000000000000, 0.000000000000000000, -0.000000000000000000 ) ) ;
#3605 = EDGE_LOOP ( 'NONE', ( #3520, #3397, #2474, #4383 ) ) ;
#3606 = VECTOR ( 'NONE', #861, 1000.000000000000000 ) ;
#3607 = PLANE ( 'NONE',  #2877 ) ;
#3608 = VERTEX_POINT ( 'NONE', #1316 ) ;
#3609 = CARTESIAN_POINT ( 'NONE',  ( -33.75000000000001421, -14.72499999999999787, 9.949747468305840670 ) ) ;
#3610 = ORIENTED_EDGE ( 'NONE', *, *, #4203, .F. ) ;
#3611 = AXIS2_PLACEMENT_3D ( 'NONE', #1617, #951, #2556 ) ;
#3612 = AXIS2_PLACEMENT_3D ( 'NONE', #3363, #3052, #1946 ) ;
#3613 = CIRCLE ( 'NONE', #4058, 0.5000000000000004441 ) ;
#3614 = EDGE_CURVE ( 'NONE', #1567, #3778, #2822, .T. ) ;
#3615 = DIRECTION ( 'NONE',  ( 0.000000000000000000, 2.312964634635743450E-16, -1.000000000000000000 ) ) ;
#3616 = DIRECTION ( 'NONE',  ( 0.000000000000000000, 1.000000000000000000, 0.000000000000000000 ) ) ;
#3617 = EDGE_LOOP ( 'NONE', ( #1991, #2989, #1760, #3640 ) ) ;
#3618 = LINE ( 'NONE', #2268, #3959 ) ;
#3619 = VERTEX_POINT ( 'NONE', #612 ) ;
#3620 = LINE ( 'NONE', #3234, #496 ) ;
#3621 = EDGE_CURVE ( 'NONE', #3012, #2459, #1963, .T. ) ;
#3622 = FACE_OUTER_BOUND ( 'NONE', #1494, .T. ) ;
#3623 = CARTESIAN_POINT ( 'NONE',  ( -52.00000000000000711, -6.999999999999987566, -16.14999999999999858 ) ) ;
#3624 = DIRECTION ( 'NONE',  ( 0.000000000000000000, 1.000000000000000000, 0.000000000000000000 ) ) ;
#3625 = ORIENTED_EDGE ( 'NONE', *, *, #1660, .F. ) ;
#3626 = DIRECTION ( 'NONE',  ( -1.000000000000000000, -0.000000000000000000, -0.000000000000000000 ) ) ;
#3627 = VERTEX_POINT ( 'NONE', #4396 ) ;
#3628 = LINE ( 'NONE', #3221, #3747 ) ;
#3629 = VERTEX_POINT ( 'NONE', #3275 ) ;
#3630 = CARTESIAN_POINT ( 'NONE',  ( 0.000000000000000000, 0.000000000000000000, 5.000000000000000000 ) ) ;
#3631 = ORIENTED_EDGE ( 'NONE', *, *, #2570, .F. ) ;
#3632 = EDGE_CURVE ( 'NONE', #3153, #523, #3767, .T. ) ;
#3633 = CARTESIAN_POINT ( 'NONE',  ( -74.51833024919777415, -10.49999999999999822, 11.60000000000002807 ) ) ;
#3634 = DIRECTION ( 'NONE',  ( 9.123502176980158065E-16, -3.652049423109253209E-16, -1.000000000000000000 ) ) ;
#3635 = EDGE_CURVE ( 'NONE', #3012, #2121, #899, .T. ) ;
#3636 = EDGE_CURVE ( 'NONE', #2881, #1565, #3613, .T. ) ;
#3637 = FACE_OUTER_BOUND ( 'NONE', #16, .T. ) ;
#3638 = EDGE_LOOP ( 'NONE', ( #2372, #171, #637, #2209, #4266, #1475, #1620, #1899 ) ) ;
#3639 = DIRECTION ( 'NONE',  ( 0.000000000000000000, 0.000000000000000000, 1.000000000000000000 ) ) ;
#3640 = ORIENTED_EDGE ( 'NONE', *, *, #1181, .T. ) ;
#3641 = EDGE_CURVE ( 'NONE', #720, #1636, #106, .T. ) ;
#3642 = AXIS2_PLACEMENT_3D ( 'NONE', #2438, #2399, #745 ) ;
#3643 = FACE_OUTER_BOUND ( 'NONE', #346, .T. ) ;
#3644 = AXIS2_PLACEMENT_3D ( 'NONE', #3049, #4419, #1722 ) ;
#3645 = CARTESIAN_POINT ( 'NONE',  ( -45.55000000000000426, 10.07499999999999751, 11.77500000000002345 ) ) ;
#3646 = CIRCLE ( 'NONE', #1720, 9.550000000000006040 ) ;
#3647 = EDGE_CURVE ( 'NONE', #3462, #1333, #2973, .T. ) ;
#3648 = CARTESIAN_POINT ( 'NONE',  ( -44.30000000000000426, -20.19689110867545168, 20.00000000000000000 ) ) ;
#3649 = ADVANCED_FACE ( 'NONE', ( #811, #1503 ), #1883, .T. ) ;
#3650 = CYLINDRICAL_SURFACE ( 'NONE', #3007, 1.899999999999998135 ) ;
#3651 = VERTEX_POINT ( 'NONE', #3227 ) ;
#3652 = CARTESIAN_POINT ( 'NONE',  ( -48.55000000000000426, -5.000000000000010658, 5.700000000000024158 ) ) ;
#3653 = ORIENTED_EDGE ( 'NONE', *, *, #3916, .T. ) ;
#3654 = FACE_OUTER_BOUND ( 'NONE', #4378, .T. ) ;
#3655 = ORIENTED_EDGE ( 'NONE', *, *, #2131, .F. ) ;
#3656 = PLANE ( 'NONE',  #3526 ) ;
#3657 = ORIENTED_EDGE ( 'NONE', *, *, #427, .T. ) ;
#3658 = CARTESIAN_POINT ( 'NONE',  ( -44.30000000000000426, -20.19689110867545168, 18.10000000000000142 ) ) ;
#3659 = CARTESIAN_POINT ( 'NONE',  ( -42.50000000000000000, 27.99999999999998934, -26.00000000000008527 ) ) ;
#3660 = VERTEX_POINT ( 'NONE', #2172 ) ;
#3661 = DIRECTION ( 'NONE',  ( -1.000000000000000000, 0.000000000000000000, 0.000000000000000000 ) ) ;
#3662 = ORIENTED_EDGE ( 'NONE', *, *, #3220, .F. ) ;
#3663 = DIRECTION ( 'NONE',  ( 0.000000000000000000, -1.000000000000000000, -0.000000000000000000 ) ) ;
#3664 = ORIENTED_EDGE ( 'NONE', *, *, #3503, .F. ) ;
#3665 = PLANE ( 'NONE',  #39 ) ;
#3666 = CARTESIAN_POINT ( 'NONE',  ( -45.79999999999999716, 4.999999999999989342, 5.700000000000024158 ) ) ;
#3667 = DIRECTION ( 'NONE',  ( 1.000000000000000000, 0.000000000000000000, 0.000000000000000000 ) ) ;
#3668 = AXIS2_PLACEMENT_3D ( 'NONE', #125, #1484, #1110 ) ;
#3669 = AXIS2_PLACEMENT_3D ( 'NONE', #4018, #1349, #3074 ) ;
#3670 = AXIS2_PLACEMENT_3D ( 'NONE', #3402, #1376, #2702 ) ;
#3671 = CARTESIAN_POINT ( 'NONE',  ( -45.55000000000000426, -9.925000000000002487, 11.77500000000002345 ) ) ;
#3672 = CARTESIAN_POINT ( 'NONE',  ( -48.25000000000000711, 7.000000000000011546, -6.149999999999993250 ) ) ;
#3673 = EDGE_LOOP ( 'NONE', ( #1861, #1137 ) ) ;
#3674 = FACE_OUTER_BOUND ( 'NONE', #3437, .T. ) ;
#3675 = DIRECTION ( 'NONE',  ( 0.000000000000000000, -0.000000000000000000, -1.000000000000000000 ) ) ;
#3676 = DIRECTION ( 'NONE',  ( 0.000000000000000000, -0.000000000000000000, 1.000000000000000000 ) ) ;
#3677 = ORIENTED_EDGE ( 'NONE', *, *, #3987, .F. ) ;
#3678 = CARTESIAN_POINT ( 'NONE',  ( -48.25000000000000711, 7.000000000000011546, -6.149999999999993250 ) ) ;
#3679 = ORIENTED_EDGE ( 'NONE', *, *, #3789, .F. ) ;
#3680 = VECTOR ( 'NONE', #3951, 1000.000000000000000 ) ;
#3681 = ORIENTED_EDGE ( 'NONE', *, *, #4440, .T. ) ;
#3682 = DIRECTION ( 'NONE',  ( -0.000000000000000000, -0.000000000000000000, -1.000000000000000000 ) ) ;
#3683 = ORIENTED_EDGE ( 'NONE', *, *, #1001, .T. ) ;
#3684 = CIRCLE ( 'NONE', #750, 1.899999999999998135 ) ;
#3685 = FACE_OUTER_BOUND ( 'NONE', #3529, .T. ) ;
#3686 = ORIENTED_EDGE ( 'NONE', *, *, #735, .F. ) ;
#3687 = AXIS2_PLACEMENT_3D ( 'NONE', #617, #1630, #4379 ) ;
#3688 = VECTOR ( 'NONE', #3357, 1000.000000000000000 ) ;
#3689 = ADVANCED_FACE ( 'NONE', ( #505, #556 ), #1219, .T. ) ;
#3690 = FACE_OUTER_BOUND ( 'NONE', #2775, .T. ) ;
#3691 = AXIS2_PLACEMENT_3D ( 'NONE', #3962, #1576, #3874 ) ;
#3692 = CARTESIAN_POINT ( 'NONE',  ( 42.50000000000000000, 27.99999999999999289, 5.000000000000000000 ) ) ;
#3693 = PLANE ( 'NONE',  #3111 ) ;
#3694 = CARTESIAN_POINT ( 'NONE',  ( -53.00000000000000711, 10.05000000000000071, 14.69999999999997264 ) ) ;
#3695 = DIRECTION ( 'NONE',  ( 1.000000000000000000, -0.000000000000000000, -0.000000000000000000 ) ) ;
#3696 = ADVANCED_FACE ( 'NONE', ( #167 ), #2632, .F. ) ;
#3697 = ADVANCED_FACE ( 'NONE', ( #1240 ), #147, .F. ) ;
#3698 = DIRECTION ( 'NONE',  ( -0.000000000000000000, -1.000000000000000000, -0.000000000000000000 ) ) ;
#3699 = ORIENTED_EDGE ( 'NONE', *, *, #1019, .F. ) ;
#3700 = CARTESIAN_POINT ( 'NONE',  ( 35.32000000000000739, 20.03999999999998849, -4.949747468305842446 ) ) ;
#3701 = EDGE_CURVE ( 'NONE', #4431, #2050, #3409, .T. ) ;
#3702 = CARTESIAN_POINT ( 'NONE',  ( -52.00000000000000711, -8.899999999999986144, -16.14999999999999858 ) ) ;
#3703 = ORIENTED_EDGE ( 'NONE', *, *, #1013, .F. ) ;
#3704 = DIRECTION ( 'NONE',  ( -0.000000000000000000, -1.000000000000000000, -0.000000000000000000 ) ) ;
#3705 = ORIENTED_EDGE ( 'NONE', *, *, #2593, .T. ) ;
#3706 = ADVANCED_FACE ( 'NONE', ( #3909 ), #2265, .T. ) ;
#3707 = EDGE_CURVE ( 'NONE', #2865, #3660, #1527, .T. ) ;
#3708 = CARTESIAN_POINT ( 'NONE',  ( -47.50000000000000711, -3.449999999999989075, -6.149999999999995026 ) ) ;
#3709 = DIRECTION ( 'NONE',  ( -0.000000000000000000, -0.000000000000000000, -1.000000000000000000 ) ) ;
#3710 = EDGE_CURVE ( 'NONE', #1306, #11, #4274, .T. ) ;
#3711 = ORIENTED_EDGE ( 'NONE', *, *, #549, .F. ) ;
#3712 = LINE ( 'NONE', #3737, #1154 ) ;
#3713 = ORIENTED_EDGE ( 'NONE', *, *, #335, .T. ) ;
#3714 =( GEOMETRIC_REPRESENTATION_CONTEXT ( 3 ) GLOBAL_UNCERTAINTY_ASSIGNED_CONTEXT ( ( #1616 ) ) GLOBAL_UNIT_ASSIGNED_CONTEXT ( ( #1401, #4385, #3396 ) ) REPRESENTATION_CONTEXT ( 'NONE', 'WORKASPACE' ) );
#3715 = DIRECTION ( 'NONE',  ( -0.000000000000000000, -0.000000000000000000, 1.000000000000000000 ) ) ;
#3716 = DIRECTION ( 'NONE',  ( 1.000000000000000000, -0.000000000000000000, -0.000000000000000000 ) ) ;
#3717 = VECTOR ( 'NONE', #414, 1000.000000000000000 ) ;
#3718 = LINE ( 'NONE', #1675, #2321 ) ;
#3719 = CYLINDRICAL_SURFACE ( 'NONE', #3825, 3.550000000000001155 ) ;
#3720 = AXIS2_PLACEMENT_3D ( 'NONE', #1894, #2590, #2201 ) ;
#3721 = DIRECTION ( 'NONE',  ( -0.000000000000000000, -0.000000000000000000, -1.000000000000000000 ) ) ;
#3722 = ADVANCED_FACE ( 'NONE', ( #2558, #1594, #2965 ), #4342, .F. ) ;
#3723 = CARTESIAN_POINT ( 'NONE',  ( 22.50000000000000355, -24.50000000000001066, 5.000000000000000000 ) ) ;
#3724 = ORIENTED_EDGE ( 'NONE', *, *, #1698, .F. ) ;
#3725 = CYLINDRICAL_SURFACE ( 'NONE', #3687, 1.750000000000000666 ) ;
#3726 = VECTOR ( 'NONE', #4004, 1000.000000000000000 ) ;
#3727 = EDGE_CURVE ( 'NONE', #11, #2263, #1462, .T. ) ;
#3728 = ADVANCED_FACE ( 'NONE', ( #3085 ), #1696, .F. ) ;
#3729 = CARTESIAN_POINT ( 'NONE',  ( -48.25000000000000711, 5.100000000000011191, -6.149999999999993250 ) ) ;
#3730 = ORIENTED_EDGE ( 'NONE', *, *, #3632, .F. ) ;
#3731 = DIRECTION ( 'NONE',  ( 1.000000000000000000, -0.000000000000000000, -0.000000000000000000 ) ) ;
#3732 = ORIENTED_EDGE ( 'NONE', *, *, #3248, .T. ) ;
#3733 = EDGE_CURVE ( 'NONE', #1615, #4353, #2892, .T. ) ;
#3734 = ORIENTED_EDGE ( 'NONE', *, *, #2513, .T. ) ;
#3735 = CYLINDRICAL_SURFACE ( 'NONE', #3749, 1.750000000000001554 ) ;
#3736 = VERTEX_POINT ( 'NONE', #4127 ) ;
#3737 = CARTESIAN_POINT ( 'NONE',  ( -74.51833024919777415, 10.49999999999999822, -14.20000000000005969 ) ) ;
#3738 = ORIENTED_EDGE ( 'NONE', *, *, #3647, .F. ) ;
#3739 = DIRECTION ( 'NONE',  ( -0.000000000000000000, -0.000000000000000000, -1.000000000000000000 ) ) ;
#3740 = CYLINDRICAL_SURFACE ( 'NONE', #3, 1.899999999999999023 ) ;
#3741 = DIRECTION ( 'NONE',  ( 1.000000000000000000, 0.000000000000000000, 0.000000000000000000 ) ) ;
#3742 = EDGE_CURVE ( 'NONE', #370, #2145, #697, .T. ) ;
#3743 = CARTESIAN_POINT ( 'NONE',  ( -52.00000000000000711, -6.999999999999987566, -16.14999999999999858 ) ) ;
#3744 = ORIENTED_EDGE ( 'NONE', *, *, #1784, .T. ) ;
#3745 = CIRCLE ( 'NONE', #1801, 2.399999999999999467 ) ;
#3746 = CARTESIAN_POINT ( 'NONE',  ( -45.79999999999999716, 4.999999999999989342, 14.70000000000002416 ) ) ;
#3747 = VECTOR ( 'NONE', #159, 1000.000000000000000 ) ;
#3748 = AXIS2_PLACEMENT_3D ( 'NONE', #3546, #2866, #2470 ) ;
#3749 = AXIS2_PLACEMENT_3D ( 'NONE', #2373, #4120, #707 ) ;
#3750 = FACE_OUTER_BOUND ( 'NONE', #1004, .T. ) ;
#3751 = ORIENTED_EDGE ( 'NONE', *, *, #518, .T. ) ;
#3752 = DIRECTION ( 'NONE',  ( 1.000000000000000000, 0.000000000000000000, 0.000000000000000000 ) ) ;
#3753 = ORIENTED_EDGE ( 'NONE', *, *, #3621, .F. ) ;
#3754 = DIRECTION ( 'NONE',  ( 0.000000000000000000, 0.000000000000000000, 1.000000000000000000 ) ) ;
#3755 = VERTEX_POINT ( 'NONE', #2055 ) ;
#3756 = DIRECTION ( 'NONE',  ( 0.000000000000000000, 0.000000000000000000, 1.000000000000000000 ) ) ;
#3757 = ORIENTED_EDGE ( 'NONE', *, *, #3038, .T. ) ;
#3758 = CARTESIAN_POINT ( 'NONE',  ( -48.25000000000000711, 3.450000000000013500, -6.149999999999992362 ) ) ;
#3759 = ORIENTED_EDGE ( 'NONE', *, *, #1989, .F. ) ;
#3760 = AXIS2_PLACEMENT_3D ( 'NONE', #4172, #1077, #1095 ) ;
#3761 = ADVANCED_FACE ( 'NONE', ( #1049, #3425, #1718 ), #2405, .F. ) ;
#3762 = CARTESIAN_POINT ( 'NONE',  ( -40.50000000000000000, 24.49999999999999289, 0.7573593128807065700 ) ) ;
#3763 = CIRCLE ( 'NONE', #1460, 12.55000000000000071 ) ;
#3764 = CARTESIAN_POINT ( 'NONE',  ( -39.00000000000000000, 24.49999999999999289, 9.500000000000000000 ) ) ;
#3765 = CARTESIAN_POINT ( 'NONE',  ( -52.00000000000000711, 5.100000000000013856, -16.14999999999999858 ) ) ;
#3766 = AXIS2_PLACEMENT_3D ( 'NONE', #3946, #1856, #2882 ) ;
#3767 = CIRCLE ( 'NONE', #2689, 1.900000000000001465 ) ;
#3768 = AXIS2_PLACEMENT_3D ( 'NONE', #3507, #1422, #1841 ) ;
#3769 = AXIS2_PLACEMENT_3D ( 'NONE', #2500, #2567, #863 ) ;
#3770 = EDGE_CURVE ( 'NONE', #806, #100, #970, .T. ) ;
#3771 = CARTESIAN_POINT ( 'NONE',  ( -74.51833024919777415, -14.24999999999999822, 9.700000000000025935 ) ) ;
#3772 = ORIENTED_EDGE ( 'NONE', *, *, #1978, .T. ) ;
#3773 = ADVANCED_FACE ( 'NONE', ( #126 ), #151, .F. ) ;
#3774 = DIRECTION ( 'NONE',  ( 0.000000000000000000, -0.000000000000000000, -1.000000000000000000 ) ) ;
#3775 = CARTESIAN_POINT ( 'NONE',  ( -39.00000000000000000, -24.50000000000001066, 10.00000000000000000 ) ) ;
#3776 = ORIENTED_EDGE ( 'NONE', *, *, #1348, .T. ) ;
#3777 = CARTESIAN_POINT ( 'NONE',  ( -35.50000000000001421, -14.72499999999999787, 9.949747468305840670 ) ) ;
#3778 = VERTEX_POINT ( 'NONE', #1507 ) ;
#3779 = CARTESIAN_POINT ( 'NONE',  ( 22.50000000000000355, -24.50000000000001066, 10.00000000000000000 ) ) ;
#3780 = CARTESIAN_POINT ( 'NONE',  ( -42.50000000000000000, -15.00000000000000000, 0.000000000000000000 ) ) ;
#3781 = EDGE_LOOP ( 'NONE', ( #2211, #113 ) ) ;
#3782 = VERTEX_POINT ( 'NONE', #4257 ) ;
#3783 = EDGE_CURVE ( 'NONE', #4134, #2719, #2040, .T. ) ;
#3784 = EDGE_CURVE ( 'NONE', #1809, #4270, #4232, .T. ) ;
#3785 = EDGE_CURVE ( 'NONE', #2752, #4085, #2876, .T. ) ;
#3786 = CARTESIAN_POINT ( 'NONE',  ( -39.00000000000000000, -24.50000000000001066, 9.500000000000000000 ) ) ;
#3787 = DIRECTION ( 'NONE',  ( 0.000000000000000000, 0.000000000000000000, 1.000000000000000000 ) ) ;
#3788 = DIRECTION ( 'NONE',  ( 0.000000000000000000, 0.000000000000000000, -1.000000000000000000 ) ) ;
#3789 = EDGE_CURVE ( 'NONE', #378, #845, #3174, .T. ) ;
#3790 = FACE_OUTER_BOUND ( 'NONE', #2673, .T. ) ;
#3791 = EDGE_LOOP ( 'NONE', ( #1772, #3329 ) ) ;
#3792 = DIRECTION ( 'NONE',  ( 0.000000000000000000, 0.000000000000000000, 1.000000000000000000 ) ) ;
#3793 = AXIS2_PLACEMENT_3D ( 'NONE', #1579, #1294, #1897 ) ;
#3794 = DIRECTION ( 'NONE',  ( 1.000000000000000000, 0.000000000000000000, 0.000000000000000000 ) ) ;
#3795 = ORIENTED_EDGE ( 'NONE', *, *, #2568, .T. ) ;
#3796 = VECTOR ( 'NONE', #489, 1000.000000000000000 ) ;
#3797 = LINE ( 'NONE', #4204, #1681 ) ;
#3798 = ORIENTED_EDGE ( 'NONE', *, *, #584, .F. ) ;
#3799 = AXIS2_PLACEMENT_3D ( 'NONE', #3379, #1409, #2768 ) ;
#3800 = DIRECTION ( 'NONE',  ( -0.000000000000000000, -0.000000000000000000, -1.000000000000000000 ) ) ;
#3801 = CYLINDRICAL_SURFACE ( 'NONE', #381, 3.550000000000001155 ) ;
#3802 = ORIENTED_EDGE ( 'NONE', *, *, #1519, .F. ) ;
#3803 = CARTESIAN_POINT ( 'NONE',  ( -74.51833024919777415, -14.24999999999999822, 13.25000000000003020 ) ) ;
#3804 = EDGE_LOOP ( 'NONE', ( #2581, #3713, #2418, #2680 ) ) ;
#3805 = DIRECTION ( 'NONE',  ( 0.000000000000000000, 2.312964634635743450E-16, -1.000000000000000000 ) ) ;
#3806 = CARTESIAN_POINT ( 'NONE',  ( 42.50000000000000000, 27.99999999999999289, 0.000000000000000000 ) ) ;
#3807 = ORIENTED_EDGE ( 'NONE', *, *, #795, .F. ) ;
#3808 = DIRECTION ( 'NONE',  ( -0.000000000000000000, -1.000000000000000000, -0.000000000000000000 ) ) ;
#3809 = LINE ( 'NONE', #3476, #461 ) ;
#3810 = ORIENTED_EDGE ( 'NONE', *, *, #3117, .F. ) ;
#3811 = AXIS2_PLACEMENT_3D ( 'NONE', #2864, #1260, #3949 ) ;
#3812 = FACE_BOUND ( 'NONE', #1901, .T. ) ;
#3813 = VERTEX_POINT ( 'NONE', #3532 ) ;
#3814 = VECTOR ( 'NONE', #1172, 1000.000000000000000 ) ;
#3815 = VECTOR ( 'NONE', #594, 1000.000000000000000 ) ;
#3816 = DIRECTION ( 'NONE',  ( -1.000000000000000000, 0.000000000000000000, 0.000000000000000000 ) ) ;
#3817 = PLANE ( 'NONE',  #800 ) ;
#3818 = ORIENTED_EDGE ( 'NONE', *, *, #3067, .T. ) ;
#3819 = FACE_OUTER_BOUND ( 'NONE', #1794, .T. ) ;
#3820 = ORIENTED_EDGE ( 'NONE', *, *, #3867, .F. ) ;
#3821 = DIRECTION ( 'NONE',  ( 0.000000000000000000, 0.000000000000000000, 1.000000000000000000 ) ) ;
#3822 = DIRECTION ( 'NONE',  ( 1.000000000000000000, -2.312964634635742957E-16, -0.000000000000000000 ) ) ;
#3823 = ORIENTED_EDGE ( 'NONE', *, *, #2437, .F. ) ;
#3824 = DIRECTION ( 'NONE',  ( -0.000000000000000000, -0.000000000000000000, 1.000000000000000000 ) ) ;
#3825 = AXIS2_PLACEMENT_3D ( 'NONE', #2014, #3383, #316 ) ;
#3826 = CIRCLE ( 'NONE', #3295, 2.750000000000002665 ) ;
#3827 = CIRCLE ( 'NONE', #4408, 3.550000000000004707 ) ;
#3828 = CARTESIAN_POINT ( 'NONE',  ( -48.55000000000000426, 20.19689110867544102, 20.00000000000000000 ) ) ;
#3829 = CIRCLE ( 'NONE', #108, 3.550000000000001155 ) ;
#3830 = DIRECTION ( 'NONE',  ( 0.000000000000000000, 0.000000000000000000, -1.000000000000000000 ) ) ;
#3831 = AXIS2_PLACEMENT_3D ( 'NONE', #1992, #3025, #990 ) ;
#3832 = AXIS2_PLACEMENT_3D ( 'NONE', #313, #585, #247 ) ;
#3833 = EDGE_CURVE ( 'NONE', #1098, #2288, #3541, .T. ) ;
#3834 = ADVANCED_FACE ( 'NONE', ( #3188, #1151, #4235, #2519, #3019, #982, #2011 ), #3378, .T. ) ;
#3835 = DIRECTION ( 'NONE',  ( 0.000000000000000000, 0.000000000000000000, 1.000000000000000000 ) ) ;
#3836 = ORIENTED_EDGE ( 'NONE', *, *, #1443, .F. ) ;
#3837 = CARTESIAN_POINT ( 'NONE',  ( -39.00000000000000000, -24.50000000000001066, 9.500000000000000000 ) ) ;
#3838 = VERTEX_POINT ( 'NONE', #4370 ) ;
#3839 = CARTESIAN_POINT ( 'NONE',  ( -52.00000000000000711, 8.900000000000014566, -6.149999999999993250 ) ) ;
#3840 = DIRECTION ( 'NONE',  ( -0.000000000000000000, -0.000000000000000000, -1.000000000000000000 ) ) ;
#3841 = VERTEX_POINT ( 'NONE', #310 ) ;
#3842 = LINE ( 'NONE', #2488, #4252 ) ;
#3843 = ORIENTED_EDGE ( 'NONE', *, *, #3784, .T. ) ;
#3844 = ADVANCED_FACE ( 'NONE', ( #1291 ), #1672, .F. ) ;
#3845 = DIRECTION ( 'NONE',  ( 0.000000000000000000, 1.000000000000000000, 0.000000000000000000 ) ) ;
#3846 = ADVANCED_FACE ( 'NONE', ( #3690 ), #1985, .F. ) ;
#3847 = CYLINDRICAL_SURFACE ( 'NONE', #2002, 1.900000000000002354 ) ;
#3848 = ORIENTED_EDGE ( 'NONE', *, *, #831, .F. ) ;
#3849 = DIRECTION ( 'NONE',  ( 1.000000000000000000, 0.000000000000000000, 0.000000000000000000 ) ) ;
#3850 = CARTESIAN_POINT ( 'NONE',  ( 21.40000000000000213, 24.49999999999999289, 9.500000000000000000 ) ) ;
#3851 = LINE ( 'NONE', #1075, #2891 ) ;
#3852 = PRODUCT_DEFINITION_FORMATION_WITH_SPECIFIED_SOURCE ( 'ANY', '', #4105, .NOT_KNOWN. ) ;
#3853 = FACE_OUTER_BOUND ( 'NONE', #300, .T. ) ;
#3854 = EDGE_CURVE ( 'NONE', #3493, #2540, #2319, .T. ) ;
#3855 = ORIENTED_EDGE ( 'NONE', *, *, #995, .T. ) ;
#3856 = CARTESIAN_POINT ( 'NONE',  ( -82.40999999999998238, -1.747598298468641664E-14, -22.29999999999997229 ) ) ;
#3857 = ORIENTED_EDGE ( 'NONE', *, *, #2115, .T. ) ;
#3858 = AXIS2_PLACEMENT_3D ( 'NONE', #1417, #4140, #1060 ) ;
#3859 = EDGE_CURVE ( 'NONE', #2865, #252, #3472, .T. ) ;
#3860 = CIRCLE ( 'NONE', #3208, 1.899999999999999023 ) ;
#3861 = LINE ( 'NONE', #3779, #2132 ) ;
#3862 = FACE_BOUND ( 'NONE', #4263, .T. ) ;
#3863 = VERTEX_POINT ( 'NONE', #2547 ) ;
#3864 = DIRECTION ( 'NONE',  ( -0.000000000000000000, -0.000000000000000000, 1.000000000000000000 ) ) ;
#3865 = ORIENTED_EDGE ( 'NONE', *, *, #3833, .T. ) ;
#3866 = AXIS2_PLACEMENT_3D ( 'NONE', #4103, #983, #2012 ) ;
#3867 = EDGE_CURVE ( 'NONE', #1756, #708, #2682, .T. ) ;
#3868 = PLANE ( 'NONE',  #1107 ) ;
#3869 = DIRECTION ( 'NONE',  ( 0.000000000000000000, 0.000000000000000000, 1.000000000000000000 ) ) ;
#3870 = VERTEX_POINT ( 'NONE', #2984 ) ;
#3871 = CARTESIAN_POINT ( 'NONE',  ( -48.25000000000000711, -5.099999999999990763, -16.14999999999999858 ) ) ;
#3872 = DIRECTION ( 'NONE',  ( 0.000000000000000000, 1.000000000000000000, 0.000000000000000000 ) ) ;
#3873 = CARTESIAN_POINT ( 'NONE',  ( -74.51833024919777415, -10.49999999999999822, -14.20000000000005969 ) ) ;
#3874 = DIRECTION ( 'NONE',  ( 0.000000000000000000, 1.000000000000000000, 0.000000000000000000 ) ) ;
#3875 = CARTESIAN_POINT ( 'NONE',  ( -74.51833024919777415, -14.24999999999999822, -12.30000000000005755 ) ) ;
#3876 = VERTEX_POINT ( 'NONE', #2669 ) ;
#3877 = DIRECTION ( 'NONE',  ( 1.000000000000000000, 0.000000000000000000, 0.000000000000000000 ) ) ;
#3878 = ORIENTED_EDGE ( 'NONE', *, *, #190, .F. ) ;
#3879 = CARTESIAN_POINT ( 'NONE',  ( -42.50000000000000000, 27.99999999999998934, 5.000000000000000000 ) ) ;
#3880 = EDGE_LOOP ( 'NONE', ( #646, #947, #737, #3138 ) ) ;
#3881 = CARTESIAN_POINT ( 'NONE',  ( -95.00000000000000000, 14.99999999999998934, 14.69999999999997620 ) ) ;
#3882 = ORIENTED_EDGE ( 'NONE', *, *, #1019, .T. ) ;
#3883 = CIRCLE ( 'NONE', #2807, 3.550000000000001155 ) ;
#3884 = AXIS2_PLACEMENT_3D ( 'NONE', #478, #2188, #550 ) ;
#3885 = CARTESIAN_POINT ( 'NONE',  ( -35.50000000000001421, 14.72499999999999787, 0.000000000000000000 ) ) ;
#3886 = VECTOR ( 'NONE', #3502, 1000.000000000000000 ) ;
#3887 = CARTESIAN_POINT ( 'NONE',  ( 19.00000000000000355, -24.50000000000001066, 10.00000000000000000 ) ) ;
#3888 = CARTESIAN_POINT ( 'NONE',  ( -74.51833024919777415, 15.00000000000000000, -15.85000000000006182 ) ) ;
#3889 = ORIENTED_EDGE ( 'NONE', *, *, #2654, .F. ) ;
#3890 = DIRECTION ( 'NONE',  ( 0.000000000000000000, 1.000000000000000000, -0.000000000000000000 ) ) ;
#3891 = EDGE_CURVE ( 'NONE', #2838, #3345, #2612, .T. ) ;
#3892 = CARTESIAN_POINT ( 'NONE',  ( -52.00000000000000711, 5.100000000000011191, -6.149999999999993250 ) ) ;
#3893 = LINE ( 'NONE', #820, #626 ) ;
#3894 = CIRCLE ( 'NONE', #1962, 2.399999999999999467 ) ;
#3895 = ADVANCED_FACE ( 'NONE', ( #3365 ), #1631, .T. ) ;
#3896 = CIRCLE ( 'NONE', #3041, 1.750000000000001554 ) ;
#3897 = DIRECTION ( 'NONE',  ( -0.000000000000000000, -0.000000000000000000, -1.000000000000000000 ) ) ;
#3898 = VERTEX_POINT ( 'NONE', #945 ) ;
#3899 = VECTOR ( 'NONE', #1281, 1000.000000000000000 ) ;
#3900 = CARTESIAN_POINT ( 'NONE',  ( -43.55000000000000426, -20.19689110867545168, 20.00000000000000000 ) ) ;
#3901 = ORIENTED_EDGE ( 'NONE', *, *, #117, .T. ) ;
#3902 = AXIS2_PLACEMENT_3D ( 'NONE', #2538, #3615, #576 ) ;
#3903 = CIRCLE ( 'NONE', #403, 1.750000000000000666 ) ;
#3904 = CARTESIAN_POINT ( 'NONE',  ( 33.57000000000000028, 20.03999999999998849, -4.949747468305842446 ) ) ;
#3905 = EDGE_LOOP ( 'NONE', ( #3033, #1296 ) ) ;
#3906 = DIRECTION ( 'NONE',  ( -0.000000000000000000, 0.000000000000000000, 1.000000000000000000 ) ) ;
#3907 = ORIENTED_EDGE ( 'NONE', *, *, #2247, .T. ) ;
#3908 = LINE ( 'NONE', #810, #4412 ) ;
#3909 = FACE_OUTER_BOUND ( 'NONE', #3464, .T. ) ;
#3910 = ADVANCED_FACE ( 'NONE', ( #2647 ), #278, .F. ) ;
#3911 = DIRECTION ( 'NONE',  ( 0.000000000000000000, -1.000000000000000000, 0.000000000000000000 ) ) ;
#3912 = ORIENTED_EDGE ( 'NONE', *, *, #2506, .F. ) ;
#3913 = CYLINDRICAL_SURFACE ( 'NONE', #738, 2.750000000000002665 ) ;
#3914 = VERTEX_POINT ( 'NONE', #2544 ) ;
#3915 = EDGE_CURVE ( 'NONE', #2540, #2112, #562, .T. ) ;
#3916 = EDGE_CURVE ( 'NONE', #1743, #2553, #2200, .T. ) ;
#3917 = CARTESIAN_POINT ( 'NONE',  ( -74.51833024919777415, 15.00000000000000000, 9.700000000000025935 ) ) ;
#3918 = ADVANCED_BREP_SHAPE_REPRESENTATION ( '009_001_Underside_front', ( #809, #3926 ), #2920 ) ;
#3919 = CARTESIAN_POINT ( 'NONE',  ( -65.01666049839521122, -15.00000000000000000, 14.70000000000002416 ) ) ;
#3920 = CARTESIAN_POINT ( 'NONE',  ( -65.01666049839552386, 13.00000000000000000, 14.70000000000002416 ) ) ;
#3921 = CARTESIAN_POINT ( 'NONE',  ( -74.51833024919777415, 14.24999999999999822, -12.30000000000005755 ) ) ;
#3922 = DIRECTION ( 'NONE',  ( 1.000000000000000000, -0.000000000000000000, -0.000000000000000000 ) ) ;
#3923 = ORIENTED_EDGE ( 'NONE', *, *, #4059, .T. ) ;
#3924 = CARTESIAN_POINT ( 'NONE',  ( -41.39999999999999858, 24.49999999999999289, 9.500000000000000000 ) ) ;
#3925 = VERTEX_POINT ( 'NONE', #3988 ) ;
#3926 = AXIS2_PLACEMENT_3D ( 'NONE', #10, #3754, #1689 ) ;
#3927 = DIRECTION ( 'NONE',  ( 0.000000000000000000, 1.156482317317871725E-16, -1.000000000000000000 ) ) ;
#3928 = ORIENTED_EDGE ( 'NONE', *, *, #1795, .F. ) ;
#3929 = CARTESIAN_POINT ( 'NONE',  ( -65.01666049839521122, -15.00000000000000000, 25.00000000000000000 ) ) ;
#3930 = EDGE_LOOP ( 'NONE', ( #1160, #2758 ) ) ;
#3931 = AXIS2_PLACEMENT_3D ( 'NONE', #862, #3283, #4279 ) ;
#3932 = CARTESIAN_POINT ( 'NONE',  ( -95.00000000000000000, -15.00000000000000178, -22.29999999999997584 ) ) ;
#3933 = CARTESIAN_POINT ( 'NONE',  ( -52.50000000000000711, -15.00000000000000000, 0.000000000000000000 ) ) ;
#3934 = CYLINDRICAL_SURFACE ( 'NONE', #1212, 3.550000000000000711 ) ;
#3935 = ORIENTED_EDGE ( 'NONE', *, *, #4302, .T. ) ;
#3936 = CARTESIAN_POINT ( 'NONE',  ( -48.25000000000000711, 10.55000000000000959, -6.149999999999993250 ) ) ;
#3937 = ORIENTED_EDGE ( 'NONE', *, *, #2658, .F. ) ;
#3938 = AXIS2_PLACEMENT_3D ( 'NONE', #2850, #2089, #1148 ) ;
#3939 = VECTOR ( 'NONE', #192, 1000.000000000000000 ) ;
#3940 = CARTESIAN_POINT ( 'NONE',  ( -52.50000000000000711, -9.549999999999998934, 14.69999999999996376 ) ) ;
#3941 = DIRECTION ( 'NONE',  ( 1.000000000000000000, 0.000000000000000000, 0.000000000000000000 ) ) ;
#3942 = DIRECTION ( 'NONE',  ( 1.000000000000000000, 0.000000000000000000, 0.000000000000000000 ) ) ;
#3943 = CARTESIAN_POINT ( 'NONE',  ( -74.51833024919777415, 14.24999999999999822, -10.40000000000005542 ) ) ;
#3944 = CARTESIAN_POINT ( 'NONE',  ( 33.57000000000000028, 20.03999999999998849, 5.000000000000000000 ) ) ;
#3945 = ORIENTED_EDGE ( 'NONE', *, *, #1253, .T. ) ;
#3946 = CARTESIAN_POINT ( 'NONE',  ( -82.40999999999998238, -1.689774182602747989E-14, -27.29999999999997229 ) ) ;
#3947 = ORIENTED_EDGE ( 'NONE', *, *, #3647, .T. ) ;
#3948 = EDGE_CURVE ( 'NONE', #351, #391, #4298, .T. ) ;
#3949 = DIRECTION ( 'NONE',  ( 0.000000000000000000, 0.000000000000000000, 1.000000000000000000 ) ) ;
#3950 = EDGE_LOOP ( 'NONE', ( #1998, #1117, #1711, #3075 ) ) ;
#3951 = DIRECTION ( 'NONE',  ( 1.000000000000000000, -2.312964634635742957E-16, -0.000000000000000000 ) ) ;
#3952 = ORIENTED_EDGE ( 'NONE', *, *, #3094, .F. ) ;
#3953 = LINE ( 'NONE', #1862, #1606 ) ;
#3954 = DIRECTION ( 'NONE',  ( 1.000000000000000000, -2.312964634635742957E-16, -0.000000000000000000 ) ) ;
#3955 = CARTESIAN_POINT ( 'NONE',  ( 20.50000000000000355, 24.49999999999999289, 5.000000000000000000 ) ) ;
#3956 = ORIENTED_EDGE ( 'NONE', *, *, #2316, .T. ) ;
#3957 = CARTESIAN_POINT ( 'NONE',  ( -42.50000000000000000, 27.99999999999998934, 5.000000000000000000 ) ) ;
#3958 = EDGE_LOOP ( 'NONE', ( #3249, #3807 ) ) ;
#3959 = VECTOR ( 'NONE', #2661, 1000.000000000000000 ) ;
#3960 = AXIS2_PLACEMENT_3D ( 'NONE', #32, #4158, #434 ) ;
#3961 = LINE ( 'NONE', #886, #1211 ) ;
#3962 = CARTESIAN_POINT ( 'NONE',  ( -47.50000000000000711, -6.999999999999988454, -6.149999999999995026 ) ) ;
#3963 = DIRECTION ( 'NONE',  ( 1.000000000000000000, 0.000000000000000000, 0.000000000000000000 ) ) ;
#3964 = CARTESIAN_POINT ( 'NONE',  ( -48.25000000000000711, -6.999999999999988454, -6.149999999999995026 ) ) ;
#3965 = ORIENTED_EDGE ( 'NONE', *, *, #849, .T. ) ;
#3966 = DIRECTION ( 'NONE',  ( 0.000000000000000000, 0.000000000000000000, 1.000000000000000000 ) ) ;
#3967 = EDGE_LOOP ( 'NONE', ( #2018, #2021 ) ) ;
#3968 = EDGE_CURVE ( 'NONE', #3004, #2255, #2105, .T. ) ;
#3969 = EDGE_CURVE ( 'NONE', #717, #3876, #3684, .T. ) ;
#3970 = CIRCLE ( 'NONE', #684, 2.750000000000002665 ) ;
#3971 = VECTOR ( 'NONE', #2554, 1000.000000000000000 ) ;
#3972 = EDGE_CURVE ( 'NONE', #3271, #4256, #3896, .T. ) ;
#3973 = AXIS2_PLACEMENT_3D ( 'NONE', #154, #1510, #4259 ) ;
#3974 = CARTESIAN_POINT ( 'NONE',  ( -45.55000000000000426, -9.925000000000002487, 7.775000000000023448 ) ) ;
#3975 = EDGE_LOOP ( 'NONE', ( #2187, #1544 ) ) ;
#3976 = DIRECTION ( 'NONE',  ( 1.000000000000000000, 0.000000000000000000, 0.000000000000000000 ) ) ;
#3977 = VERTEX_POINT ( 'NONE', #1271 ) ;
#3978 = CIRCLE ( 'NONE', #3611, 1.900000000000002354 ) ;
#3979 = CIRCLE ( 'NONE', #2618, 1.500000000000001332 ) ;
#3980 = FACE_OUTER_BOUND ( 'NONE', #3198, .T. ) ;
#3981 = DIRECTION ( 'NONE',  ( -1.000000000000000000, 2.312964634635742957E-16, -0.000000000000000000 ) ) ;
#3982 = CARTESIAN_POINT ( 'NONE',  ( -42.50000000000000000, -28.00000000000001066, 5.000000000000000000 ) ) ;
#3983 = VERTEX_POINT ( 'NONE', #4008 ) ;
#3984 = CYLINDRICAL_SURFACE ( 'NONE', #2224, 1.900000000000002354 ) ;
#3985 = ORIENTED_EDGE ( 'NONE', *, *, #2788, .F. ) ;
#3986 = ADVANCED_FACE ( 'NONE', ( #2292 ), #3665, .T. ) ;
#3987 = EDGE_CURVE ( 'NONE', #252, #2865, #2534, .T. ) ;
#3988 = CARTESIAN_POINT ( 'NONE',  ( -53.00000000000000711, 10.05000000000000071, -17.30000000000002203 ) ) ;
#3989 = FACE_OUTER_BOUND ( 'NONE', #1929, .T. ) ;
#3990 = CARTESIAN_POINT ( 'NONE',  ( -44.30000000000000426, -20.19689110867545168, 20.00000000000000000 ) ) ;
#3991 = CARTESIAN_POINT ( 'NONE',  ( -74.51833024919777415, -14.24999999999999822, -12.30000000000005755 ) ) ;
#3992 = DIRECTION ( 'NONE',  ( 1.000000000000000000, 0.000000000000000000, 0.000000000000000000 ) ) ;
#3993 = VERTEX_POINT ( 'NONE', #3658 ) ;
#3994 = DIRECTION ( 'NONE',  ( -0.000000000000000000, -0.000000000000000000, 1.000000000000000000 ) ) ;
#3995 = VERTEX_POINT ( 'NONE', #950 ) ;
#3996 = EDGE_CURVE ( 'NONE', #3200, #2910, #2307, .T. ) ;
#3997 = FACE_OUTER_BOUND ( 'NONE', #3547, .T. ) ;
#3998 = VERTEX_POINT ( 'NONE', #3326 ) ;
#3999 = EDGE_CURVE ( 'NONE', #3925, #2881, #2992, .T. ) ;
#4000 = CARTESIAN_POINT ( 'NONE',  ( -95.00000000000000000, 14.99999999999998934, -17.30000000000005755 ) ) ;
#4001 = ORIENTED_EDGE ( 'NONE', *, *, #4195, .F. ) ;
#4002 = CARTESIAN_POINT ( 'NONE',  ( -47.50000000000000711, 14.99999999999999112, -75.60951894845304366 ) ) ;
#4003 = EDGE_LOOP ( 'NONE', ( #3655, #1823, #2914, #1282, #1166, #140 ) ) ;
#4004 = DIRECTION ( 'NONE',  ( -0.000000000000000000, -0.000000000000000000, -1.000000000000000000 ) ) ;
#4005 = ORIENTED_EDGE ( 'NONE', *, *, #82, .F. ) ;
#4006 = DIRECTION ( 'NONE',  ( 0.000000000000000000, 0.000000000000000000, -1.000000000000000000 ) ) ;
#4007 = EDGE_LOOP ( 'NONE', ( #3032, #3471 ) ) ;
#4008 = CARTESIAN_POINT ( 'NONE',  ( 22.50000000000000355, -24.50000000000001066, 10.00000000000000000 ) ) ;
#4009 = FACE_OUTER_BOUND ( 'NONE', #322, .T. ) ;
#4010 = VECTOR ( 'NONE', #1132, 999.9999999999998863 ) ;
#4011 = CARTESIAN_POINT ( 'NONE',  ( -51.30000000000000426, -5.000000000000010658, 5.700000000000024158 ) ) ;
#4012 = CARTESIAN_POINT ( 'NONE',  ( -35.50000000000001421, -14.72499999999999787, 5.000000000000000000 ) ) ;
#4013 = DIRECTION ( 'NONE',  ( 0.000000000000000000, 0.000000000000000000, 1.000000000000000000 ) ) ;
#4014 = ORIENTED_EDGE ( 'NONE', *, *, #4384, .T. ) ;
#4015 = CARTESIAN_POINT ( 'NONE',  ( -52.00000000000000711, 8.900000000000014566, -6.149999999999993250 ) ) ;
#4016 = CARTESIAN_POINT ( 'NONE',  ( -39.00000000000000000, -24.50000000000001066, 9.500000000000000000 ) ) ;
#4017 = AXIS2_PLACEMENT_3D ( 'NONE', #3964, #4262, #1227 ) ;
#4018 = CARTESIAN_POINT ( 'NONE',  ( -39.00000000000000000, -24.50000000000001066, 5.000000000000000000 ) ) ;
#4019 = ORIENTED_EDGE ( 'NONE', *, *, #3999, .F. ) ;
#4020 = DIRECTION ( 'NONE',  ( 1.000000000000000000, 0.000000000000000000, 0.000000000000000000 ) ) ;
#4021 = ORIENTED_EDGE ( 'NONE', *, *, #3370, .T. ) ;
#4022 = ADVANCED_FACE ( 'NONE', ( #4065 ), #3719, .F. ) ;
#4023 = DIRECTION ( 'NONE',  ( 2.312964634635742957E-16, 1.000000000000000000, 0.000000000000000000 ) ) ;
#4024 = CARTESIAN_POINT ( 'NONE',  ( 19.00000000000000355, -24.50000000000001066, 10.00000000000000000 ) ) ;
#4025 = EDGE_LOOP ( 'NONE', ( #4137, #1123, #3772, #3935 ) ) ;
#4026 = CARTESIAN_POINT ( 'NONE',  ( 42.50000000000000000, 27.99999999999999289, 5.000000000000000000 ) ) ;
#4027 = VERTEX_POINT ( 'NONE', #4082 ) ;
#4028 = DIRECTION ( 'NONE',  ( 0.000000000000000000, 0.000000000000000000, 1.000000000000000000 ) ) ;
#4029 = ORIENTED_EDGE ( 'NONE', *, *, #1372, .F. ) ;
#4030 = EDGE_CURVE ( 'NONE', #3925, #4085, #3358, .T. ) ;
#4031 = CARTESIAN_POINT ( 'NONE',  ( -97.49999999999998579, -15.00000000000000178, -22.29999999999997584 ) ) ;
#4032 = EDGE_CURVE ( 'NONE', #1756, #2403, #1512, .T. ) ;
#4033 = DIRECTION ( 'NONE',  ( 0.000000000000000000, -1.000000000000000000, 0.000000000000000000 ) ) ;
#4034 = AXIS2_PLACEMENT_3D ( 'NONE', #194, #3663, #883 ) ;
#4035 = CIRCLE ( 'NONE', #2740, 9.550000000000006040 ) ;
#4036 = CARTESIAN_POINT ( 'NONE',  ( -92.60000000000005116, 10.05000000000000071, -17.30000000000005755 ) ) ;
#4037 = VECTOR ( 'NONE', #4311, 1000.000000000000000 ) ;
#4038 = DIRECTION ( 'NONE',  ( 0.000000000000000000, -1.000000000000000000, 0.000000000000000000 ) ) ;
#4039 = EDGE_CURVE ( 'NONE', #4330, #720, #1739, .T. ) ;
#4040 = CARTESIAN_POINT ( 'NONE',  ( -48.55000000000000426, -5.000000000000010658, 14.70000000000002416 ) ) ;
#4041 = ORIENTED_EDGE ( 'NONE', *, *, #1728, .T. ) ;
#4042 = DIRECTION ( 'NONE',  ( 1.000000000000000000, 0.000000000000000000, 0.000000000000000000 ) ) ;
#4043 = CARTESIAN_POINT ( 'NONE',  ( -82.40999999999998238, -1.747598298468641664E-14, -22.29999999999997229 ) ) ;
#4044 = DIRECTION ( 'NONE',  ( 1.000000000000000000, 0.000000000000000000, -0.000000000000000000 ) ) ;
#4045 = EDGE_LOOP ( 'NONE', ( #3798, #762, #242, #4368 ) ) ;
#4046 = DIRECTION ( 'NONE',  ( 1.000000000000000000, -2.312964634635742957E-16, -0.000000000000000000 ) ) ;
#4047 = ORIENTED_EDGE ( 'NONE', *, *, #766, .F. ) ;
#4048 = AXIS2_PLACEMENT_3D ( 'NONE', #2404, #4100, #1360 ) ;
#4049 = AXIS2_PLACEMENT_3D ( 'NONE', #2776, #448, #4154 ) ;
#4050 =( NAMED_UNIT ( * ) PLANE_ANGLE_UNIT ( ) SI_UNIT ( $, .RADIAN. ) );
#4051 = ORIENTED_EDGE ( 'NONE', *, *, #937, .T. ) ;
#4052 = DIRECTION ( 'NONE',  ( 0.000000000000000000, 0.000000000000000000, 1.000000000000000000 ) ) ;
#4053 = ORIENTED_EDGE ( 'NONE', *, *, #4313, .T. ) ;
#4054 = VECTOR ( 'NONE', #3715, 1000.000000000000000 ) ;
#4055 = CARTESIAN_POINT ( 'NONE',  ( -51.30000000000000426, 4.999999999999989342, 14.70000000000002416 ) ) ;
#4056 = ORIENTED_EDGE ( 'NONE', *, *, #2713, .T. ) ;
#4057 = AXIS2_PLACEMENT_3D ( 'NONE', #2732, #4422, #3387 ) ;
#4058 = AXIS2_PLACEMENT_3D ( 'NONE', #216, #3634, #1568 ) ;
#4059 = EDGE_CURVE ( 'NONE', #3303, #81, #2379, .T. ) ;
#4060 = DIRECTION ( 'NONE',  ( -0.000000000000000000, -0.000000000000000000, 1.000000000000000000 ) ) ;
#4061 = DIRECTION ( 'NONE',  ( -0.000000000000000000, -0.000000000000000000, 1.000000000000000000 ) ) ;
#4062 = ADVANCED_FACE ( 'NONE', ( #1408 ), #4125, .F. ) ;
#4063 = DIRECTION ( 'NONE',  ( 0.000000000000000000, 0.000000000000000000, -1.000000000000000000 ) ) ;
#4064 = EDGE_CURVE ( 'NONE', #231, #2803, #2748, .T. ) ;
#4065 = FACE_OUTER_BOUND ( 'NONE', #1854, .T. ) ;
#4066 = CYLINDRICAL_SURFACE ( 'NONE', #67, 1.900000000000002354 ) ;
#4067 = CARTESIAN_POINT ( 'NONE',  ( -44.30000000000000426, -20.19689110867545168, 20.00000000000000000 ) ) ;
#4068 = VERTEX_POINT ( 'NONE', #1048 ) ;
#4069 = DIRECTION ( 'NONE',  ( 0.000000000000000000, -1.000000000000000000, -2.312964634635743450E-16 ) ) ;
#4070 = EDGE_CURVE ( 'NONE', #4139, #3914, #2037, .T. ) ;
#4071 = LINE ( 'NONE', #1974, #1515 ) ;
#4072 = ORIENTED_EDGE ( 'NONE', *, *, #1201, .F. ) ;
#4073 = DIRECTION ( 'NONE',  ( 0.000000000000000000, 0.000000000000000000, -1.000000000000000000 ) ) ;
#4074 = EDGE_LOOP ( 'NONE', ( #1880, #2357, #4245, #2408, #2006 ) ) ;
#4075 = VERTEX_POINT ( 'NONE', #4145 ) ;
#4076 = DIRECTION ( 'NONE',  ( -0.000000000000000000, -0.000000000000000000, 1.000000000000000000 ) ) ;
#4077 = ORIENTED_EDGE ( 'NONE', *, *, #847, .F. ) ;
#4078 = DIRECTION ( 'NONE',  ( 0.000000000000000000, 0.000000000000000000, 1.000000000000000000 ) ) ;
#4079 = ORIENTED_EDGE ( 'NONE', *, *, #2638, .T. ) ;
#4080 = CARTESIAN_POINT ( 'NONE',  ( -52.00000000000000711, -8.899999999999987921, -6.149999999999995026 ) ) ;
#4081 = DIRECTION ( 'NONE',  ( -0.000000000000000000, -0.000000000000000000, -1.000000000000000000 ) ) ;
#4082 = CARTESIAN_POINT ( 'NONE',  ( -43.55000000000000426, -9.925000000000002487, 7.775000000000023448 ) ) ;
#4083 = FACE_OUTER_BOUND ( 'NONE', #680, .T. ) ;
#4084 = DIRECTION ( 'NONE',  ( 0.000000000000000000, 0.000000000000000000, -1.000000000000000000 ) ) ;
#4085 = VERTEX_POINT ( 'NONE', #1069 ) ;
#4086 = DIRECTION ( 'NONE',  ( -1.000000000000000000, 0.000000000000000000, 0.000000000000000000 ) ) ;
#4087 = VECTOR ( 'NONE', #557, 1000.000000000000000 ) ;
#4088 = DIRECTION ( 'NONE',  ( -0.000000000000000000, -0.000000000000000000, 1.000000000000000000 ) ) ;
#4089 = ORIENTED_EDGE ( 'NONE', *, *, #2902, .T. ) ;
#4090 = CYLINDRICAL_SURFACE ( 'NONE', #4129, 3.549999999999997602 ) ;
#4091 = VERTEX_POINT ( 'NONE', #3465 ) ;
#4092 = EDGE_CURVE ( 'NONE', #487, #195, #1886, .T. ) ;
#4093 = SURFACE_STYLE_FILL_AREA ( #997 ) ;
#4094 = ORIENTED_EDGE ( 'NONE', *, *, #1396, .F. ) ;
#4095 = CARTESIAN_POINT ( 'NONE',  ( 1.820000000000003171, 20.03999999999998494, 5.000000000000000000 ) ) ;
#4096 = ORIENTED_EDGE ( 'NONE', *, *, #3969, .T. ) ;
#4097 = DIRECTION ( 'NONE',  ( 1.000000000000000000, -0.000000000000000000, -0.000000000000000000 ) ) ;
#4098 = ORIENTED_EDGE ( 'NONE', *, *, #4436, .F. ) ;
#4099 = EDGE_CURVE ( 'NONE', #972, #115, #2728, .T. ) ;
#4100 = DIRECTION ( 'NONE',  ( 0.000000000000000000, 1.000000000000000000, 0.000000000000000000 ) ) ;
#4101 = EDGE_CURVE ( 'NONE', #708, #1756, #2098, .T. ) ;
#4102 = DIRECTION ( 'NONE',  ( -1.000000000000000000, -4.081702296416016366E-17, -0.000000000000000000 ) ) ;
#4103 = CARTESIAN_POINT ( 'NONE',  ( -42.50000000000000000, -28.00000000000001066, 5.000000000000000000 ) ) ;
#4104 = DIRECTION ( 'NONE',  ( 0.000000000000000000, 1.000000000000000000, 0.000000000000000000 ) ) ;
#4105 = PRODUCT ( '009_001_Underside_front', '009_001_Underside_front', '', ( #2398 ) ) ;
#4106 = ORIENTED_EDGE ( 'NONE', *, *, #13, .T. ) ;
#4107 = DIRECTION ( 'NONE',  ( -0.000000000000000000, -0.000000000000000000, 1.000000000000000000 ) ) ;
#4108 = CIRCLE ( 'NONE', #1661, 3.499999999999996003 ) ;
#4109 = AXIS2_PLACEMENT_3D ( 'NONE', #2420, #748, #2844 ) ;
#4110 = ADVANCED_FACE ( 'NONE', ( #4393 ), #696, .T. ) ;
#4111 = CIRCLE ( 'NONE', #451, 1.899999999999998135 ) ;
#4112 = DIRECTION ( 'NONE',  ( 0.000000000000000000, 0.000000000000000000, 1.000000000000000000 ) ) ;
#4113 = ORIENTED_EDGE ( 'NONE', *, *, #3053, .T. ) ;
#4114 = DIRECTION ( 'NONE',  ( 1.000000000000000000, 0.000000000000000000, 0.000000000000000000 ) ) ;
#4115 = EDGE_LOOP ( 'NONE', ( #73, #4142, #1514, #623 ) ) ;
#4116 = EDGE_CURVE ( 'NONE', #1140, #3925, #1818, .T. ) ;
#4117 = EDGE_CURVE ( 'NONE', #2916, #35, #2969, .T. ) ;
#4118 = EDGE_CURVE ( 'NONE', #2255, #3870, #336, .T. ) ;
#4119 = PLANE ( 'NONE',  #3858 ) ;
#4120 = DIRECTION ( 'NONE',  ( -0.000000000000000000, -0.000000000000000000, -1.000000000000000000 ) ) ;
#4121 = ORIENTED_EDGE ( 'NONE', *, *, #58, .T. ) ;
#4122 = FACE_OUTER_BOUND ( 'NONE', #1789, .T. ) ;
#4123 = ORIENTED_EDGE ( 'NONE', *, *, #1989, .T. ) ;
#4124 = CIRCLE ( 'NONE', #2165, 1.750000000000001554 ) ;
#4125 = CYLINDRICAL_SURFACE ( 'NONE', #1038, 1.900000000000001465 ) ;
#4126 = AXIS2_PLACEMENT_3D ( 'NONE', #2337, #632, #2313 ) ;
#4127 = CARTESIAN_POINT ( 'NONE',  ( 19.00000000000000355, -28.00000000000001066, 5.000000000000000000 ) ) ;
#4128 = FACE_OUTER_BOUND ( 'NONE', #3573, .T. ) ;
#4129 = AXIS2_PLACEMENT_3D ( 'NONE', #3678, #624, #1976 ) ;
#4130 = AXIS2_PLACEMENT_3D ( 'NONE', #1313, #3354, #1623 ) ;
#4131 = ADVANCED_FACE ( 'NONE', ( #1025 ), #649, .T. ) ;
#4132 = CIRCLE ( 'NONE', #1407, 3.499999999999999556 ) ;
#4133 = DIRECTION ( 'NONE',  ( 0.000000000000000000, -1.000000000000000000, 0.000000000000000000 ) ) ;
#4134 = VERTEX_POINT ( 'NONE', #3377 ) ;
#4135 = CARTESIAN_POINT ( 'NONE',  ( 19.00000000000000355, -24.50000000000001066, 10.00000000000000000 ) ) ;
#4136 = DIRECTION ( 'NONE',  ( 0.000000000000000000, 1.156482317317871725E-16, -1.000000000000000000 ) ) ;
#4137 = ORIENTED_EDGE ( 'NONE', *, *, #3915, .F. ) ;
#4138 = FACE_OUTER_BOUND ( 'NONE', #250, .T. ) ;
#4139 = VERTEX_POINT ( 'NONE', #3084 ) ;
#4140 = DIRECTION ( 'NONE',  ( 1.000000000000000000, 0.000000000000000000, 0.000000000000000000 ) ) ;
#4141 = LINE ( 'NONE', #3179, #95 ) ;
#4142 = ORIENTED_EDGE ( 'NONE', *, *, #4243, .F. ) ;
#4143 = CARTESIAN_POINT ( 'NONE',  ( -48.55000000000000426, -20.19689110867545168, 18.10000000000000142 ) ) ;
#4144 = EDGE_LOOP ( 'NONE', ( #1197, #869 ) ) ;
#4145 = CARTESIAN_POINT ( 'NONE',  ( 19.00000000000000355, 27.99999999999999289, 5.000000000000000000 ) ) ;
#4146 =( LENGTH_UNIT ( ) NAMED_UNIT ( * ) SI_UNIT ( .MILLI., .METRE. ) );
#4147 = LINE ( 'NONE', #358, #715 ) ;
#4148 = ORIENTED_EDGE ( 'NONE', *, *, #904, .T. ) ;
#4149 = DIRECTION ( 'NONE',  ( -0.000000000000000000, -1.000000000000000000, -0.000000000000000000 ) ) ;
#4150 = VECTOR ( 'NONE', #1961, 1000.000000000000000 ) ;
#4151 = DIRECTION ( 'NONE',  ( 4.081702296416016366E-17, -1.000000000000000000, 0.000000000000000000 ) ) ;
#4152 = ORIENTED_EDGE ( 'NONE', *, *, #2566, .T. ) ;
#4153 = CIRCLE ( 'NONE', #292, 1.899999999999998135 ) ;
#4154 = DIRECTION ( 'NONE',  ( 1.000000000000000000, 0.000000000000000000, 0.000000000000000000 ) ) ;
#4155 = ORIENTED_EDGE ( 'NONE', *, *, #1704, .T. ) ;
#4156 = CIRCLE ( 'NONE', #2009, 1.899999999999999023 ) ;
#4157 = CARTESIAN_POINT ( 'NONE',  ( -52.50000000000000711, 15.00000000000000000, 0.000000000000000000 ) ) ;
#4158 = DIRECTION ( 'NONE',  ( 0.000000000000000000, -0.000000000000000000, -1.000000000000000000 ) ) ;
#4159 = ORIENTED_EDGE ( 'NONE', *, *, #2115, .F. ) ;
#4160 = ADVANCED_FACE ( 'NONE', ( #309 ), #3064, .F. ) ;
#4161 = ORIENTED_EDGE ( 'NONE', *, *, #1835, .T. ) ;
#4162 = PLANE ( 'NONE',  #2041 ) ;
#4163 = DIRECTION ( 'NONE',  ( 0.000000000000000000, 0.000000000000000000, -1.000000000000000000 ) ) ;
#4164 = ORIENTED_EDGE ( 'NONE', *, *, #2902, .F. ) ;
#4165 = LINE ( 'NONE', #813, #526 ) ;
#4166 = ADVANCED_FACE ( 'NONE', ( #4416 ), #1339, .T. ) ;
#4167 = EDGE_CURVE ( 'NONE', #2288, #977, #2032, .T. ) ;
#4168 = DIRECTION ( 'NONE',  ( 1.000000000000000000, 0.000000000000000000, 0.000000000000000000 ) ) ;
#4169 = ORIENTED_EDGE ( 'NONE', *, *, #1603, .T. ) ;
#4170 = CARTESIAN_POINT ( 'NONE',  ( 19.00000000000000355, 24.49999999999999289, 10.00000000000000000 ) ) ;
#4171 = EDGE_CURVE ( 'NONE', #1678, #2838, #1106, .T. ) ;
#4172 = CARTESIAN_POINT ( 'NONE',  ( -48.25000000000000711, 7.000000000000011546, -16.14999999999999858 ) ) ;
#4173 = EDGE_LOOP ( 'NONE', ( #2043, #603 ) ) ;
#4174 = AXIS2_PLACEMENT_3D ( 'NONE', #3391, #3029, #2020 ) ;
#4175 = CARTESIAN_POINT ( 'NONE',  ( 20.50000000000000355, -24.50000000000001066, 5.000000000000000000 ) ) ;
#4176 = VERTEX_POINT ( 'NONE', #4211 ) ;
#4177 = ADVANCED_FACE ( 'NONE', ( #4251 ), #1126, .T. ) ;
#4178 = EDGE_CURVE ( 'NONE', #1678, #3782, #3763, .T. ) ;
#4179 = AXIS2_PLACEMENT_3D ( 'NONE', #2635, #3595, #3257 ) ;
#4180 = CIRCLE ( 'NONE', #2158, 1.900000000000002354 ) ;
#4181 = APPLICATION_CONTEXT ( 'automotive_design' ) ;
#4182 = CARTESIAN_POINT ( 'NONE',  ( -74.51833024919777415, -14.24999999999999822, 9.700000000000025935 ) ) ;
#4183 = CYLINDRICAL_SURFACE ( 'NONE', #1448, 1.500000000000001332 ) ;
#4184 = VERTEX_POINT ( 'NONE', #396 ) ;
#4185 = DIRECTION ( 'NONE',  ( -0.000000000000000000, 1.000000000000000000, -0.000000000000000000 ) ) ;
#4186 = VERTEX_POINT ( 'NONE', #482 ) ;
#4187 = DIRECTION ( 'NONE',  ( 1.000000000000000000, 0.000000000000000000, 0.000000000000000000 ) ) ;
#4188 = FACE_OUTER_BOUND ( 'NONE', #456, .T. ) ;
#4189 = ORIENTED_EDGE ( 'NONE', *, *, #1646, .T. ) ;
#4190 = FACE_OUTER_BOUND ( 'NONE', #2480, .T. ) ;
#4191 = AXIS2_PLACEMENT_3D ( 'NONE', #730, #2088, #2336 ) ;
#4192 = EDGE_CURVE ( 'NONE', #84, #3863, #3970, .T. ) ;
#4193 = CIRCLE ( 'NONE', #3538, 1.750000000000000666 ) ;
#4194 = DIRECTION ( 'NONE',  ( -0.000000000000000000, 1.000000000000000000, -0.000000000000000000 ) ) ;
#4195 = EDGE_CURVE ( 'NONE', #3863, #84, #1602, .T. ) ;
#4196 = EDGE_CURVE ( 'NONE', #2459, #4426, #2974, .T. ) ;
#4197 = AXIS2_PLACEMENT_3D ( 'NONE', #905, #4362, #3300 ) ;
#4198 = DIRECTION ( 'NONE',  ( -0.000000000000000000, -1.156482317317871725E-16, 1.000000000000000000 ) ) ;
#4199 = CIRCLE ( 'NONE', #756, 1.500000000000001332 ) ;
#4200 = CIRCLE ( 'NONE', #1684, 1.899999999999999023 ) ;
#4201 = CARTESIAN_POINT ( 'NONE',  ( -44.30000000000000426, -20.19689110867545168, 16.44999999999999929 ) ) ;
#4202 = ORIENTED_EDGE ( 'NONE', *, *, #1012, .F. ) ;
#4203 = EDGE_CURVE ( 'NONE', #1959, #3367, #3908, .T. ) ;
#4204 = CARTESIAN_POINT ( 'NONE',  ( -52.50000000000000711, 10.99999999999996092, 14.69999999999997087 ) ) ;
#4205 = ORIENTED_EDGE ( 'NONE', *, *, #3783, .T. ) ;
#4206 = DIRECTION ( 'NONE',  ( 1.000000000000000000, 0.000000000000000000, 0.000000000000000000 ) ) ;
#4207 = DIRECTION ( 'NONE',  ( -0.000000000000000000, -1.000000000000000000, -0.000000000000000000 ) ) ;
#4208 = VERTEX_POINT ( 'NONE', #2537 ) ;
#4209 = CARTESIAN_POINT ( 'NONE',  ( -52.00000000000000711, 7.000000000000012434, -16.14999999999999858 ) ) ;
#4210 = EDGE_LOOP ( 'NONE', ( #2128, #917, #1452, #4381 ) ) ;
#4211 = CARTESIAN_POINT ( 'NONE',  ( -48.25000000000000711, 8.900000000000012790, -6.149999999999993250 ) ) ;
#4212 = CARTESIAN_POINT ( 'NONE',  ( -45.55000000000000426, -9.925000000000002487, 11.77500000000002345 ) ) ;
#4213 = ORIENTED_EDGE ( 'NONE', *, *, #4101, .F. ) ;
#4214 = DIRECTION ( 'NONE',  ( 1.000000000000000000, 0.000000000000000000, 0.000000000000000000 ) ) ;
#4215 = DIRECTION ( 'NONE',  ( 1.000000000000000000, 0.000000000000000000, 0.000000000000000000 ) ) ;
#4216 = FACE_OUTER_BOUND ( 'NONE', #4045, .T. ) ;
#4217 = LINE ( 'NONE', #1490, #723 ) ;
#4218 = ORIENTED_EDGE ( 'NONE', *, *, #1780, .F. ) ;
#4219 = CARTESIAN_POINT ( 'NONE',  ( -48.25000000000000711, 7.000000000000011546, -6.149999999999993250 ) ) ;
#4220 = ORIENTED_EDGE ( 'NONE', *, *, #1649, .T. ) ;
#4221 = AXIS2_PLACEMENT_3D ( 'NONE', #2950, #227, #2225 ) ;
#4222 = AXIS2_PLACEMENT_3D ( 'NONE', #1364, #3741, #2730 ) ;
#4223 = CARTESIAN_POINT ( 'NONE',  ( -43.54999999999999005, -27.39378221735090690, 25.00000000000000000 ) ) ;
#4224 = CARTESIAN_POINT ( 'NONE',  ( -74.51833024919777415, -15.00000000000000000, 13.25000000000003020 ) ) ;
#4225 = ORIENTED_EDGE ( 'NONE', *, *, #511, .T. ) ;
#4226 = PLANE ( 'NONE',  #1161 ) ;
#4227 = ORIENTED_EDGE ( 'NONE', *, *, #440, .F. ) ;
#4228 = CARTESIAN_POINT ( 'NONE',  ( -37.25000000000002132, -14.72499999999999787, 0.000000000000000000 ) ) ;
#4229 = DIRECTION ( 'NONE',  ( -1.000000000000000000, 0.000000000000000000, 0.000000000000000000 ) ) ;
#4230 = ORIENTED_EDGE ( 'NONE', *, *, #1195, .F. ) ;
#4231 = CARTESIAN_POINT ( 'NONE',  ( -45.55000000000000426, -9.925000000000002487, 7.775000000000023448 ) ) ;
#4232 = LINE ( 'NONE', #3210, #2616 ) ;
#4233 = ADVANCED_FACE ( 'NONE', ( #2491 ), #3868, .F. ) ;
#4234 = ADVANCED_FACE ( 'NONE', ( #2847, #457 ), #4162, .T. ) ;
#4235 = FACE_BOUND ( 'NONE', #3958, .T. ) ;
#4236 = AXIS2_PLACEMENT_3D ( 'NONE', #2254, #1831, #3602 ) ;
#4237 = CYLINDRICAL_SURFACE ( 'NONE', #3006, 3.550000000000004707 ) ;
#4238 = DIRECTION ( 'NONE',  ( 0.000000000000000000, 0.000000000000000000, 1.000000000000000000 ) ) ;
#4239 = DIRECTION ( 'NONE',  ( 0.000000000000000000, 0.000000000000000000, -1.000000000000000000 ) ) ;
#4240 = ORIENTED_EDGE ( 'NONE', *, *, #2594, .T. ) ;
#4241 = DIRECTION ( 'NONE',  ( 0.000000000000000000, 0.000000000000000000, 1.000000000000000000 ) ) ;
#4242 = ORIENTED_EDGE ( 'NONE', *, *, #1765, .T. ) ;
#4243 = EDGE_CURVE ( 'NONE', #1725, #722, #1820, .T. ) ;
#4244 = CYLINDRICAL_SURFACE ( 'NONE', #3523, 1.899999999999999023 ) ;
#4245 = ORIENTED_EDGE ( 'NONE', *, *, #1066, .T. ) ;
#4246 = EDGE_CURVE ( 'NONE', #1700, #1885, #4338, .T. ) ;
#4247 = FACE_OUTER_BOUND ( 'NONE', #3515, .T. ) ;
#4248 = EDGE_CURVE ( 'NONE', #4426, #2459, #1044, .T. ) ;
#4249 = EDGE_LOOP ( 'NONE', ( #3679, #76 ) ) ;
#4250 = VECTOR ( 'NONE', #3374, 1000.000000000000000 ) ;
#4251 = FACE_OUTER_BOUND ( 'NONE', #3051, .T. ) ;
#4252 = VECTOR ( 'NONE', #3864, 1000.000000000000000 ) ;
#4253 = CARTESIAN_POINT ( 'NONE',  ( -65.01666049839552386, 13.00000000000000000, 46.55962692055163643 ) ) ;
#4254 = DIRECTION ( 'NONE',  ( -0.000000000000000000, -1.000000000000000000, -0.000000000000000000 ) ) ;
#4255 = PLANE ( 'NONE',  #2592 ) ;
#4256 = VERTEX_POINT ( 'NONE', #4228 ) ;
#4257 = CARTESIAN_POINT ( 'NONE',  ( -82.40999999999998238, -12.55000000000001847, -27.29999999999997229 ) ) ;
#4258 = DIRECTION ( 'NONE',  ( 0.000000000000000000, 0.000000000000000000, -1.000000000000000000 ) ) ;
#4259 = DIRECTION ( 'NONE',  ( 1.000000000000000000, 0.000000000000000000, 0.000000000000000000 ) ) ;
#4260 = VECTOR ( 'NONE', #1474, 1000.000000000000000 ) ;
#4261 = VECTOR ( 'NONE', #2340, 1000.000000000000000 ) ;
#4262 = DIRECTION ( 'NONE',  ( -1.000000000000000000, 2.312964634635742957E-16, -0.000000000000000000 ) ) ;
#4263 = EDGE_LOOP ( 'NONE', ( #2982, #591 ) ) ;
#4264 = AXIS2_PLACEMENT_3D ( 'NONE', #70, #1806, #3774 ) ;
#4265 = DIRECTION ( 'NONE',  ( 1.000000000000000000, 0.000000000000000000, 0.000000000000000000 ) ) ;
#4266 = ORIENTED_EDGE ( 'NONE', *, *, #99, .T. ) ;
#4267 = AXIS2_PLACEMENT_3D ( 'NONE', #1863, #2609, #2193 ) ;
#4268 = CIRCLE ( 'NONE', #110, 3.549999999999997602 ) ;
#4269 = CYLINDRICAL_SURFACE ( 'NONE', #2090, 1.750000000000001554 ) ;
#4270 = VERTEX_POINT ( 'NONE', #3183 ) ;
#4271 = LINE ( 'NONE', #1191, #3971 ) ;
#4272 = EDGE_LOOP ( 'NONE', ( #1457, #4079, #683, #3753 ) ) ;
#4273 = CARTESIAN_POINT ( 'NONE',  ( -65.01666049839552386, 15.00000000000000000, 14.70000000000002416 ) ) ;
#4274 = LINE ( 'NONE', #4292, #1966 ) ;
#4275 = DIRECTION ( 'NONE',  ( 1.000000000000000000, -2.312964634635742957E-16, -0.000000000000000000 ) ) ;
#4276 = VERTEX_POINT ( 'NONE', #59 ) ;
#4277 = CARTESIAN_POINT ( 'NONE',  ( 19.00000000000000355, -24.50000000000001066, 9.500000000000000000 ) ) ;
#4278 = EDGE_LOOP ( 'NONE', ( #3091, #558, #233, #616 ) ) ;
#4279 = DIRECTION ( 'NONE',  ( -1.110223024625152719E-16, 1.000000000000000000, -3.652049423109063882E-16 ) ) ;
#4280 = CARTESIAN_POINT ( 'NONE',  ( -101.5499999999999403, -15.00000000000000000, 14.69999999999997620 ) ) ;
#4281 = CARTESIAN_POINT ( 'NONE',  ( -42.50000000000000000, -28.00000000000001066, 0.000000000000000000 ) ) ;
#4282 = ORIENTED_EDGE ( 'NONE', *, *, #4243, .T. ) ;
#4283 = CARTESIAN_POINT ( 'NONE',  ( -48.25000000000000711, -3.449999999999988187, -16.14999999999999858 ) ) ;
#4284 = ORIENTED_EDGE ( 'NONE', *, *, #2967, .T. ) ;
#4285 = CYLINDRICAL_SURFACE ( 'NONE', #1870, 3.499999999999999556 ) ;
#4286 = ORIENTED_EDGE ( 'NONE', *, *, #1397, .T. ) ;
#4287 = AXIS2_PLACEMENT_3D ( 'NONE', #1226, #2597, #3963 ) ;
#4288 = FACE_OUTER_BOUND ( 'NONE', #3975, .T. ) ;
#4289 = VERTEX_POINT ( 'NONE', #83 ) ;
#4290 = VECTOR ( 'NONE', #3406, 1000.000000000000000 ) ;
#4291 = FACE_OUTER_BOUND ( 'NONE', #1244, .T. ) ;
#4292 = CARTESIAN_POINT ( 'NONE',  ( -48.25000000000000711, -3.449999999999989075, -6.149999999999995026 ) ) ;
#4293 = CARTESIAN_POINT ( 'NONE',  ( -52.00000000000000711, 7.000000000000012434, -16.14999999999999858 ) ) ;
#4294 = ORIENTED_EDGE ( 'NONE', *, *, #3641, .F. ) ;
#4295 = DIRECTION ( 'NONE',  ( 0.000000000000000000, 0.000000000000000000, 1.000000000000000000 ) ) ;
#4296 = ORIENTED_EDGE ( 'NONE', *, *, #1973, .F. ) ;
#4297 = VECTOR ( 'NONE', #3822, 1000.000000000000000 ) ;
#4298 = LINE ( 'NONE', #3233, #1534 ) ;
#4299 = DIRECTION ( 'NONE',  ( 1.000000000000000000, -2.312964634635742957E-16, -0.000000000000000000 ) ) ;
#4300 = ADVANCED_FACE ( 'NONE', ( #145 ), #123, .F. ) ;
#4301 = CARTESIAN_POINT ( 'NONE',  ( -52.50000000000000711, 10.05000000000000071, -17.30000000000001847 ) ) ;
#4302 = EDGE_CURVE ( 'NONE', #2860, #2112, #1327, .T. ) ;
#4303 = EDGE_CURVE ( 'NONE', #2435, #1725, #1891, .T. ) ;
#4304 = DIRECTION ( 'NONE',  ( 0.000000000000000000, -1.000000000000000000, 0.000000000000000000 ) ) ;
#4305 = CARTESIAN_POINT ( 'NONE',  ( -95.00000000000000000, -14.99999999999999645, -17.30000000000005755 ) ) ;
#4306 = ORIENTED_EDGE ( 'NONE', *, *, #3450, .F. ) ;
#4307 = CARTESIAN_POINT ( 'NONE',  ( -39.00000000000000000, -24.50000000000001066, 9.500000000000000000 ) ) ;
#4308 = ORIENTED_EDGE ( 'NONE', *, *, #689, .F. ) ;
#4309 = DIRECTION ( 'NONE',  ( 0.000000000000000000, 1.000000000000000000, 0.000000000000000000 ) ) ;
#4310 = VERTEX_POINT ( 'NONE', #2829 ) ;
#4311 = DIRECTION ( 'NONE',  ( -0.000000000000000000, -0.000000000000000000, 1.000000000000000000 ) ) ;
#4312 = ORIENTED_EDGE ( 'NONE', *, *, #1796, .F. ) ;
#4313 = EDGE_CURVE ( 'NONE', #4186, #972, #2687, .T. ) ;
#4314 = LINE ( 'NONE', #3633, #1821 ) ;
#4315 = DIRECTION ( 'NONE',  ( -0.000000000000000000, -0.000000000000000000, -1.000000000000000000 ) ) ;
#4316 = DIRECTION ( 'NONE',  ( 1.000000000000000000, -2.312964634635742957E-16, -0.000000000000000000 ) ) ;
#4317 = AXIS2_PLACEMENT_3D ( 'NONE', #1621, #3639, #2997 ) ;
#4318 = ORIENTED_EDGE ( 'NONE', *, *, #4324, .F. ) ;
#4319 = DIRECTION ( 'NONE',  ( 1.000000000000000000, 0.000000000000000000, 0.000000000000000000 ) ) ;
#4320 = ORIENTED_EDGE ( 'NONE', *, *, #729, .F. ) ;
#4321 = AXIS2_PLACEMENT_3D ( 'NONE', #3499, #2508, #1477 ) ;
#4322 = DIRECTION ( 'NONE',  ( -0.000000000000000000, -0.000000000000000000, 1.000000000000000000 ) ) ;
#4323 = CARTESIAN_POINT ( 'NONE',  ( -48.25000000000000711, 7.000000000000011546, -16.14999999999999858 ) ) ;
#4324 = EDGE_CURVE ( 'NONE', #2206, #3134, #928, .T. ) ;
#4325 = EDGE_CURVE ( 'NONE', #1406, #1754, #3829, .T. ) ;
#4326 = CARTESIAN_POINT ( 'NONE',  ( -36.60000000000000142, -24.50000000000001066, 9.500000000000000000 ) ) ;
#4327 = DIRECTION ( 'NONE',  ( -0.000000000000000000, 1.000000000000000000, -0.000000000000000000 ) ) ;
#4328 = ORIENTED_EDGE ( 'NONE', *, *, #274, .T. ) ;
#4329 = LINE ( 'NONE', #567, #176 ) ;
#4330 = VERTEX_POINT ( 'NONE', #504 ) ;
#4331 = AXIS2_PLACEMENT_3D ( 'NONE', #2704, #3739, #669 ) ;
#4332 = CIRCLE ( 'NONE', #105, 3.499999999999999556 ) ;
#4333 = AXIS2_PLACEMENT_3D ( 'NONE', #816, #1826, #3187 ) ;
#4334 = CARTESIAN_POINT ( 'NONE',  ( 35.32000000000000739, 20.03999999999998849, 5.000000000000000000 ) ) ;
#4335 = EDGE_LOOP ( 'NONE', ( #2703, #2572, #1208, #3196 ) ) ;
#4336 = CARTESIAN_POINT ( 'NONE',  ( -44.30000000000000426, 20.19689110867544102, 16.44999999999999929 ) ) ;
#4337 = ORIENTED_EDGE ( 'NONE', *, *, #388, .T. ) ;
#4338 = CIRCLE ( 'NONE', #753, 1.750000000000001554 ) ;
#4339 = DIRECTION ( 'NONE',  ( 0.000000000000000000, -0.000000000000000000, -1.000000000000000000 ) ) ;
#4340 = AXIS2_PLACEMENT_3D ( 'NONE', #796, #888, #1869 ) ;
#4341 = CARTESIAN_POINT ( 'NONE',  ( 0.000000000000000000, 0.000000000000000000, 5.000000000000000000 ) ) ;
#4342 = PLANE ( 'NONE',  #1329 ) ;
#4343 = FACE_OUTER_BOUND ( 'NONE', #2429, .T. ) ;
#4344 = VERTEX_POINT ( 'NONE', #3274 ) ;
#4345 = CARTESIAN_POINT ( 'NONE',  ( -36.60000000000000142, -24.50000000000001066, 9.500000000000000000 ) ) ;
#4346 = ORIENTED_EDGE ( 'NONE', *, *, #2397, .F. ) ;
#4347 = DIRECTION ( 'NONE',  ( -1.000000000000000000, 0.000000000000000000, 0.000000000000000000 ) ) ;
#4348 = DIRECTION ( 'NONE',  ( 0.000000000000000000, 1.000000000000000000, 2.312964634635743450E-16 ) ) ;
#4349 = CARTESIAN_POINT ( 'NONE',  ( -48.25000000000000711, 10.55000000000000959, -6.149999999999993250 ) ) ;
#4350 = CARTESIAN_POINT ( 'NONE',  ( -74.51833024919777415, -15.00000000000000000, -15.85000000000006182 ) ) ;
#4351 = EDGE_CURVE ( 'NONE', #3651, #1587, #4314, .T. ) ;
#4352 = PLANE ( 'NONE',  #2683 ) ;
#4353 = VERTEX_POINT ( 'NONE', #264 ) ;
#4354 = LINE ( 'NONE', #1033, #3110 ) ;
#4355 = DIRECTION ( 'NONE',  ( 0.000000000000000000, 1.156482317317871725E-16, -1.000000000000000000 ) ) ;
#4356 = CARTESIAN_POINT ( 'NONE',  ( -43.55000000000000426, 20.19689110867544102, 20.00000000000000000 ) ) ;
#4357 = ORIENTED_EDGE ( 'NONE', *, *, #4116, .T. ) ;
#4358 = DIRECTION ( 'NONE',  ( 0.000000000000000000, 0.000000000000000000, 1.000000000000000000 ) ) ;
#4359 = ORIENTED_EDGE ( 'NONE', *, *, #2927, .F. ) ;
#4360 = EDGE_CURVE ( 'NONE', #4139, #378, #3953, .T. ) ;
#4361 = ADVANCED_FACE ( 'NONE', ( #3980 ), #2964, .T. ) ;
#4362 = DIRECTION ( 'NONE',  ( 0.000000000000000000, -0.000000000000000000, -1.000000000000000000 ) ) ;
#4363 = VECTOR ( 'NONE', #389, 1000.000000000000000 ) ;
#4364 = ORIENTED_EDGE ( 'NONE', *, *, #549, .T. ) ;
#4365 = DIRECTION ( 'NONE',  ( 2.312964634635742957E-16, 1.000000000000000000, 0.000000000000000000 ) ) ;
#4366 = VERTEX_POINT ( 'NONE', #3932 ) ;
#4367 = CYLINDRICAL_SURFACE ( 'NONE', #674, 1.500000000000001332 ) ;
#4368 = ORIENTED_EDGE ( 'NONE', *, *, #199, .T. ) ;
#4369 = AXIS2_PLACEMENT_3D ( 'NONE', #3648, #635, #248 ) ;
#4370 = CARTESIAN_POINT ( 'NONE',  ( -74.51833024919777415, 10.49999999999999822, -14.20000000000005969 ) ) ;
#4371 = FACE_BOUND ( 'NONE', #2994, .T. ) ;
#4372 = VECTOR ( 'NONE', #773, 1000.000000000000000 ) ;
#4373 = LINE ( 'NONE', #4349, #548 ) ;
#4374 = EDGE_CURVE ( 'NONE', #1587, #307, #3978, .T. ) ;
#4375 = DIRECTION ( 'NONE',  ( 1.000000000000000000, 0.000000000000000000, 0.000000000000000000 ) ) ;
#4376 = EDGE_CURVE ( 'NONE', #523, #3153, #542, .T. ) ;
#4377 = CARTESIAN_POINT ( 'NONE',  ( -48.25000000000000711, 7.000000000000011546, -16.14999999999999858 ) ) ;
#4378 = EDGE_LOOP ( 'NONE', ( #479, #3070, #270, #1387 ) ) ;
#4379 = DIRECTION ( 'NONE',  ( 1.000000000000000000, 0.000000000000000000, 0.000000000000000000 ) ) ;
#4380 = CARTESIAN_POINT ( 'NONE',  ( -74.51833024919777415, 15.00000000000000000, 9.700000000000025935 ) ) ;
#4381 = ORIENTED_EDGE ( 'NONE', *, *, #4360, .F. ) ;
#4382 = CARTESIAN_POINT ( 'NONE',  ( -42.49999999999999289, 24.49999999999999289, 5.000000000000000000 ) ) ;
#4383 = ORIENTED_EDGE ( 'NONE', *, *, #3165, .F. ) ;
#4384 = EDGE_CURVE ( 'NONE', #3123, #3983, #3046, .T. ) ;
#4385 =( NAMED_UNIT ( * ) PLANE_ANGLE_UNIT ( ) SI_UNIT ( $, .RADIAN. ) );
#4386 = EDGE_LOOP ( 'NONE', ( #1221, #3567, #836, #2164 ) ) ;
#4387 = ADVANCED_FACE ( 'NONE', ( #528 ), #215, .T. ) ;
#4388 = ADVANCED_FACE ( 'NONE', ( #4291 ), #2893, .F. ) ;
#4389 = CARTESIAN_POINT ( 'NONE',  ( -39.00000000000000000, 24.49999999999999289, 5.000000000000000000 ) ) ;
#4390 = VERTEX_POINT ( 'NONE', #4273 ) ;
#4391 = DIRECTION ( 'NONE',  ( 1.000000000000000000, 0.000000000000000000, 0.000000000000000000 ) ) ;
#4392 = VERTEX_POINT ( 'NONE', #3591 ) ;
#4393 = FACE_OUTER_BOUND ( 'NONE', #1732, .T. ) ;
#4394 = LINE ( 'NONE', #1027, #1363 ) ;
#4395 = CIRCLE ( 'NONE', #3669, 3.499999999999996003 ) ;
#4396 = CARTESIAN_POINT ( 'NONE',  ( -52.00000000000000711, -8.899999999999986144, -16.14999999999999858 ) ) ;
#4397 = AXIS2_PLACEMENT_3D ( 'NONE', #4277, #4028, #2899 ) ;
#4398 = DIRECTION ( 'NONE',  ( 1.000000000000000000, 0.000000000000000000, 0.000000000000000000 ) ) ;
#4399 = CARTESIAN_POINT ( 'NONE',  ( -33.75000000000000711, 14.72499999999999787, 0.000000000000000000 ) ) ;
#4400 = ORIENTED_EDGE ( 'NONE', *, *, #4039, .T. ) ;
#4401 = CYLINDRICAL_SURFACE ( 'NONE', #3474, 1.750000000000001554 ) ;
#4402 = DIRECTION ( 'NONE',  ( 0.000000000000000000, 0.000000000000000000, -1.000000000000000000 ) ) ;
#4403 = VERTEX_POINT ( 'NONE', #1239 ) ;
#4404 = LINE ( 'NONE', #2674, #1174 ) ;
#4405 = ORIENTED_EDGE ( 'NONE', *, *, #2247, .F. ) ;
#4406 = AXIS2_PLACEMENT_3D ( 'NONE', #1312, #1006, #3424 ) ;
#4407 = AXIS2_PLACEMENT_3D ( 'NONE', #4377, #963, #3361 ) ;
#4408 = AXIS2_PLACEMENT_3D ( 'NONE', #3218, #1924, #1229 ) ;
#4409 = ORIENTED_EDGE ( 'NONE', *, *, #2987, .F. ) ;
#4410 = LINE ( 'NONE', #348, #854 ) ;
#4411 = ORIENTED_EDGE ( 'NONE', *, *, #203, .F. ) ;
#4412 = VECTOR ( 'NONE', #771, 1000.000000000000000 ) ;
#4413 = DIRECTION ( 'NONE',  ( -0.000000000000000000, -0.000000000000000000, 1.000000000000000000 ) ) ;
#4414 = ORIENTED_EDGE ( 'NONE', *, *, #342, .T. ) ;
#4415 = AXIS2_PLACEMENT_3D ( 'NONE', #1900, #4241, #1833 ) ;
#4416 = FACE_OUTER_BOUND ( 'NONE', #1947, .T. ) ;
#4417 = SURFACE_SIDE_STYLE ('',( #1673 ) ) ;
#4418 = FACE_OUTER_BOUND ( 'NONE', #2851, .T. ) ;
#4419 = DIRECTION ( 'NONE',  ( 1.000000000000000000, -0.000000000000000000, -0.000000000000000000 ) ) ;
#4420 = CARTESIAN_POINT ( 'NONE',  ( -82.40999999999998238, -1.689774182602747989E-14, -27.29999999999997229 ) ) ;
#4421 = EDGE_LOOP ( 'NONE', ( #3419, #2898, #2276, #3711 ) ) ;
#4422 = DIRECTION ( 'NONE',  ( 1.000000000000000000, -2.312964634635742957E-16, 0.000000000000000000 ) ) ;
#4423 = DIRECTION ( 'NONE',  ( 0.000000000000000000, -0.000000000000000000, -1.000000000000000000 ) ) ;
#4424 = ORIENTED_EDGE ( 'NONE', *, *, #443, .T. ) ;
#4425 = FACE_BOUND ( 'NONE', #3056, .T. ) ;
#4426 = VERTEX_POINT ( 'NONE', #2214 ) ;
#4427 = ORIENTED_EDGE ( 'NONE', *, *, #2884, .F. ) ;
#4428 = CARTESIAN_POINT ( 'NONE',  ( -44.30000000000000426, 20.19689110867544102, 16.44999999999999929 ) ) ;
#4429 = ORIENTED_EDGE ( 'NONE', *, *, #54, .F. ) ;
#4430 = DIRECTION ( 'NONE',  ( 0.000000000000000000, 0.000000000000000000, -1.000000000000000000 ) ) ;
#4431 = VERTEX_POINT ( 'NONE', #2285 ) ;
#4432 = DIRECTION ( 'NONE',  ( 0.000000000000000000, -0.000000000000000000, -1.000000000000000000 ) ) ;
#4433 = CARTESIAN_POINT ( 'NONE',  ( -42.50000000000000000, 27.99999999999998934, 0.000000000000000000 ) ) ;
#4434 = LINE ( 'NONE', #1362, #214 ) ;
#4435 = VECTOR ( 'NONE', #3816, 1000.000000000000000 ) ;
#4436 = EDGE_CURVE ( 'NONE', #2540, #3493, #2617, .T. ) ;
#4437 = VECTOR ( 'NONE', #153, 1000.000000000000000 ) ;
#4438 = FACE_BOUND ( 'NONE', #2998, .T. ) ;
#4439 = ADVANCED_FACE ( 'NONE', ( #188 ), #2608, .F. ) ;
#4440 = EDGE_CURVE ( 'NONE', #1754, #1406, #2487, .T. ) ;
ENDSEC;
END-ISO-10303-21;
