ISO-10303-21;
HEADER;
FILE_DESCRIPTION (( 'STEP AP214' ),
    '1' );
FILE_NAME ('009_002_Left_right_connector.STEP',
    '2024-07-21T08:24:13',
    ( '' ),
    ( '' ),
    'SwSTEP 2.0',
    'SolidWorks 2019',
    '' );
FILE_SCHEMA (( 'AUTOMOTIVE_DESIGN' ));
ENDSEC;

DATA;
#1 = CARTESIAN_POINT ( 'NONE',  ( -3.864579600900125200, 6.693648218653342141, -42.93251095273883777 ) ) ;
#2 = DIRECTION ( 'NONE',  ( -2.515402503830336267E-16, 8.050361205584444418E-17, -1.000000000000000000 ) ) ;
#3 = AXIS2_PLACEMENT_3D ( 'NONE', #1530, #36, #936 ) ;
#4 = DIRECTION ( 'NONE',  ( 8.651987411355643043E-17, 2.768635971633805774E-15, 1.000000000000000000 ) ) ;
#5 = VERTEX_POINT ( 'NONE', #1231 ) ;
#6 = ORIENTED_EDGE ( 'NONE', *, *, #614, .F. ) ;
#7 = AXIS2_PLACEMENT_3D ( 'NONE', #2812, #3199, #1667 ) ;
#8 = AXIS2_PLACEMENT_3D ( 'NONE', #3537, #2646, #286 ) ;
#9 =( GEOMETRIC_REPRESENTATION_CONTEXT ( 3 ) GLOBAL_UNCERTAINTY_ASSIGNED_CONTEXT ( ( #288 ) ) GLOBAL_UNIT_ASSIGNED_CONTEXT ( ( #44, #374, #2578 ) ) REPRESENTATION_CONTEXT ( 'NONE', 'WORKASPACE' ) );
#10 = DIRECTION ( 'NONE',  ( -7.913772473204466353E-17, 0.7071067811865435759, 0.7071067811865515695 ) ) ;
#11 = VECTOR ( 'NONE', #1976, 1000.000000000000114 ) ;
#12 = AXIS2_PLACEMENT_3D ( 'NONE', #1910, #2471, #1043 ) ;
#13 = ORIENTED_EDGE ( 'NONE', *, *, #2831, .T. ) ;
#14 = VECTOR ( 'NONE', #3158, 999.9999999999998863 ) ;
#15 = VECTOR ( 'NONE', #720, 1000.000000000000000 ) ;
#16 = EDGE_CURVE ( 'NONE', #134, #22, #2040, .T. ) ;
#17 = CARTESIAN_POINT ( 'NONE',  ( 26.59999999999987708, -86.00000000000000000, -47.54999999999994031 ) ) ;
#18 = DIRECTION ( 'NONE',  ( -1.000000000000000000, 0.000000000000000000, 0.000000000000000000 ) ) ;
#19 = CARTESIAN_POINT ( 'NONE',  ( 13.30570456204474183, -4.667951537023347974, 0.000000000000000000 ) ) ;
#20 = VECTOR ( 'NONE', #2107, 1000.000000000000000 ) ;
#21 = VECTOR ( 'NONE', #1596, 1000.000000000000000 ) ;
#22 = VERTEX_POINT ( 'NONE', #3000 ) ;
#23 = EDGE_CURVE ( 'NONE', #378, #3506, #3585, .T. ) ;
#24 = CARTESIAN_POINT ( 'NONE',  ( 16.00000000000004263, -65.70000000000004547, -11.44999999999992824 ) ) ;
#25 = ORIENTED_EDGE ( 'NONE', *, *, #2408, .T. ) ;
#26 = CARTESIAN_POINT ( 'NONE',  ( -10.69541689571855159, -9.189102397468486672, -42.93251095273883777 ) ) ;
#27 = ORIENTED_EDGE ( 'NONE', *, *, #3851, .T. ) ;
#28 = CARTESIAN_POINT ( 'NONE',  ( -10.54999999999999361, -31.00000000000000355, -56.54999999999990479 ) ) ;
#29 = FACE_OUTER_BOUND ( 'NONE', #737, .T. ) ;
#30 = CARTESIAN_POINT ( 'NONE',  ( 7.729159201800657186, 1.055159106790048984E-12, 2.299999999999999822 ) ) ;
#31 = ORIENTED_EDGE ( 'NONE', *, *, #1241, .T. ) ;
#32 = ORIENTED_EDGE ( 'NONE', *, *, #2780, .F. ) ;
#33 = DIRECTION ( 'NONE',  ( 1.000000000000000000, 0.000000000000000000, 0.000000000000000000 ) ) ;
#34 = DIRECTION ( 'NONE',  ( 1.000000000000000000, 0.000000000000000000, 1.164243943608594702E-16 ) ) ;
#35 = CARTESIAN_POINT ( 'NONE',  ( 1.900000000000003908, -41.05000000000000426, -52.04999999999991189 ) ) ;
#36 = DIRECTION ( 'NONE',  ( -2.515402503830336267E-16, 8.050361205584444418E-17, -1.000000000000000000 ) ) ;
#37 = DIRECTION ( 'NONE',  ( -1.164243943608594702E-16, 0.000000000000000000, 1.000000000000000000 ) ) ;
#38 = CARTESIAN_POINT ( 'NONE',  ( 13.00000000000000178, -36.00000000000000000, -57.29999999999990479 ) ) ;
#39 = EDGE_LOOP ( 'NONE', ( #3516, #1510, #2220, #3050 ) ) ;
#40 = DIRECTION ( 'NONE',  ( -0.000000000000000000, -0.000000000000000000, -1.000000000000000000 ) ) ;
#41 = ORIENTED_EDGE ( 'NONE', *, *, #806, .F. ) ;
#42 = EDGE_CURVE ( 'NONE', #2303, #1237, #2122, .T. ) ;
#43 = EDGE_CURVE ( 'NONE', #2642, #152, #2665, .T. ) ;
#44 =( LENGTH_UNIT ( ) NAMED_UNIT ( * ) SI_UNIT ( .MILLI., .METRE. ) );
#45 = DIRECTION ( 'NONE',  ( 0.000000000000000000, 0.000000000000000000, -1.000000000000000000 ) ) ;
#46 = CARTESIAN_POINT ( 'NONE',  ( -4.099999999999989875, -65.70000000000004547, -38.54999999999994031 ) ) ;
#47 = ORIENTED_EDGE ( 'NONE', *, *, #1997, .F. ) ;
#48 = EDGE_CURVE ( 'NONE', #1361, #2264, #250, .T. ) ;
#49 = FACE_OUTER_BOUND ( 'NONE', #1227, .T. ) ;
#50 = CYLINDRICAL_SURFACE ( 'NONE', #3492, 9.550000000000391509 ) ;
#51 = PLANE ( 'NONE',  #199 ) ;
#52 = DIRECTION ( 'NONE',  ( 1.000000000000000000, -0.000000000000000000, -0.000000000000000000 ) ) ;
#53 = DIRECTION ( 'NONE',  ( 0.000000000000000000, 0.000000000000000000, 1.000000000000000000 ) ) ;
#54 = LINE ( 'NONE', #937, #625 ) ;
#55 = ORIENTED_EDGE ( 'NONE', *, *, #253, .T. ) ;
#56 = DIRECTION ( 'NONE',  ( 1.000000000000000000, 3.330669073875469621E-16, 1.174842931814247840E-16 ) ) ;
#57 = ORIENTED_EDGE ( 'NONE', *, *, #560, .F. ) ;
#58 = CARTESIAN_POINT ( 'NONE',  ( -10.99999999999999112, -55.70000000000005969, -43.54999999999993321 ) ) ;
#59 = ORIENTED_EDGE ( 'NONE', *, *, #1961, .F. ) ;
#60 = CARTESIAN_POINT ( 'NONE',  ( -3.550000000000004707, -41.05000000000000426, -56.54999999999990479 ) ) ;
#61 = CARTESIAN_POINT ( 'NONE',  ( -10.69541689571921417, 9.189102397468072780, 0.000000000000000000 ) ) ;
#62 = DIRECTION ( 'NONE',  ( 1.000000000000000000, 0.000000000000000000, 0.000000000000000000 ) ) ;
#63 = ADVANCED_FACE ( 'NONE', ( #1174 ), #1812, .T. ) ;
#64 = ORIENTED_EDGE ( 'NONE', *, *, #695, .F. ) ;
#65 = CARTESIAN_POINT ( 'NONE',  ( -3.314015728506105053E-15, -86.00000000000000000, -37.54999999999993321 ) ) ;
#66 = ADVANCED_FACE ( 'NONE', ( #1505 ), #268, .F. ) ;
#67 = DIRECTION ( 'NONE',  ( 0.000000000000000000, 1.000000000000000000, -0.000000000000000000 ) ) ;
#68 = AXIS2_PLACEMENT_3D ( 'NONE', #680, #111, #412 ) ;
#69 = DIRECTION ( 'NONE',  ( 0.000000000000000000, 0.000000000000000000, 1.000000000000000000 ) ) ;
#70 = AXIS2_PLACEMENT_3D ( 'NONE', #2269, #3458, #3418 ) ;
#71 = AXIS2_PLACEMENT_3D ( 'NONE', #3788, #2702, #3828 ) ;
#72 = AXIS2_PLACEMENT_3D ( 'NONE', #1860, #3295, #3047 ) ;
#73 = LINE ( 'NONE', #2161, #1887 ) ;
#74 = FACE_OUTER_BOUND ( 'NONE', #2855, .T. ) ;
#75 =( LENGTH_UNIT ( ) NAMED_UNIT ( * ) SI_UNIT ( .MILLI., .METRE. ) );
#76 = AXIS2_PLACEMENT_3D ( 'NONE', #752, #1684, #1706 ) ;
#77 = AXIS2_PLACEMENT_3D ( 'NONE', #2045, #1120, #562 ) ;
#78 = DIRECTION ( 'NONE',  ( 0.000000000000000000, 0.000000000000000000, -1.000000000000000000 ) ) ;
#79 = VERTEX_POINT ( 'NONE', #2103 ) ;
#80 = AXIS2_PLACEMENT_3D ( 'NONE', #455, #767, #2550 ) ;
#81 = DIRECTION ( 'NONE',  ( 1.000000000000000000, 0.000000000000000000, 0.000000000000000000 ) ) ;
#82 = ORIENTED_EDGE ( 'NONE', *, *, #3280, .F. ) ;
#83 = DIRECTION ( 'NONE',  ( 1.000000000000000000, 0.000000000000000000, 0.000000000000000000 ) ) ;
#84 = DIRECTION ( 'NONE',  ( -2.515402503830336267E-16, 8.050361205584444418E-17, -1.000000000000000000 ) ) ;
#85 = PLANE ( 'NONE',  #3811 ) ;
#86 = ORIENTED_EDGE ( 'NONE', *, *, #1483, .T. ) ;
#87 = EDGE_CURVE ( 'NONE', #1325, #3089, #2619, .T. ) ;
#88 = CARTESIAN_POINT ( 'NONE',  ( 3.864579600901408174, -6.693648218652620940, -42.93251095273883777 ) ) ;
#89 = CARTESIAN_POINT ( 'NONE',  ( 64.09676041556579662, -75.86000000000005627, -27.49999999999995737 ) ) ;
#90 = ORIENTED_EDGE ( 'NONE', *, *, #2545, .T. ) ;
#91 = EDGE_CURVE ( 'NONE', #1679, #2180, #287, .T. ) ;
#92 = EDGE_CURVE ( 'NONE', #1415, #3482, #1132, .T. ) ;
#93 = DIRECTION ( 'NONE',  ( -2.515402503830336267E-16, 8.050361205584444418E-17, -1.000000000000000000 ) ) ;
#94 = CYLINDRICAL_SURFACE ( 'NONE', #2562, 2.999999999999999112 ) ;
#95 = DIRECTION ( 'NONE',  ( 0.000000000000000000, 0.000000000000000000, -1.000000000000000000 ) ) ;
#96 = DIRECTION ( 'NONE',  ( 1.000000000000000000, 2.163843965683114248E-15, -1.033696669000698046E-19 ) ) ;
#97 = ORIENTED_EDGE ( 'NONE', *, *, #3539, .T. ) ;
#98 = ADVANCED_FACE ( 'NONE', ( #2350 ), #1468, .T. ) ;
#99 = CARTESIAN_POINT ( 'NONE',  ( 65.94552258011907497, -75.70000000000008811, -47.54999999999992610 ) ) ;
#100 = ORIENTED_EDGE ( 'NONE', *, *, #3642, .T. ) ;
#101 = FACE_OUTER_BOUND ( 'NONE', #3234, .T. ) ;
#102 = EDGE_LOOP ( 'NONE', ( #3171, #659, #2788, #1310 ) ) ;
#103 = DIRECTION ( 'NONE',  ( -8.232447874810093500E-17, 0.7071067811865444641, 0.7071067811865505703 ) ) ;
#104 = FACE_BOUND ( 'NONE', #2703, .T. ) ;
#105 = LINE ( 'NONE', #1302, #1393 ) ;
#106 = ORIENTED_EDGE ( 'NONE', *, *, #3045, .T. ) ;
#107 = LINE ( 'NONE', #3327, #1700 ) ;
#108 = ORIENTED_EDGE ( 'NONE', *, *, #3209, .T. ) ;
#109 = CARTESIAN_POINT ( 'NONE',  ( -5.999999999999988454, -65.70000000000004547, -12.19999999999993001 ) ) ;
#110 = CARTESIAN_POINT ( 'NONE',  ( 0.000000000000000000, -55.69999999999999574, -7.449999999999929123 ) ) ;
#111 = DIRECTION ( 'NONE',  ( 1.000000000000000000, 2.163843965683114248E-15, -1.033696669000698286E-19 ) ) ;
#112 = EDGE_CURVE ( 'NONE', #3139, #597, #2932, .T. ) ;
#113 = LINE ( 'NONE', #1309, #1991 ) ;
#114 = ADVANCED_FACE ( 'NONE', ( #1777 ), #2685, .T. ) ;
#115 = ORIENTED_EDGE ( 'NONE', *, *, #718, .F. ) ;
#116 = DIRECTION ( 'NONE',  ( -1.119176436114069085E-16, 1.000000000000000000, 0.000000000000000000 ) ) ;
#117 = ORIENTED_EDGE ( 'NONE', *, *, #2188, .T. ) ;
#118 = CARTESIAN_POINT ( 'NONE',  ( 19.00000000000000355, -26.00000000000000000, -15.00000000000009592 ) ) ;
#119 = EDGE_CURVE ( 'NONE', #597, #3139, #2434, .T. ) ;
#120 = ORIENTED_EDGE ( 'NONE', *, *, #738, .F. ) ;
#121 = SURFACE_STYLE_FILL_AREA ( #689 ) ;
#122 = LINE ( 'NONE', #1844, #820 ) ;
#123 = CARTESIAN_POINT ( 'NONE',  ( -2.449999999999991296, -65.70000000000004547, -12.19999999999993001 ) ) ;
#124 = ORIENTED_EDGE ( 'NONE', *, *, #3663, .F. ) ;
#125 = DIRECTION ( 'NONE',  ( 1.164243943608594702E-16, 0.000000000000000000, -1.000000000000000000 ) ) ;
#126 = ORIENTED_EDGE ( 'NONE', *, *, #3539, .F. ) ;
#127 = ORIENTED_EDGE ( 'NONE', *, *, #339, .F. ) ;
#128 = VECTOR ( 'NONE', #3679, 1000.000000000000000 ) ;
#129 = AXIS2_PLACEMENT_3D ( 'NONE', #3740, #499, #453 ) ;
#130 = CARTESIAN_POINT ( 'NONE',  ( 19.00000000000000000, 0.000000000000000000, 2.299999999999999822 ) ) ;
#131 = CARTESIAN_POINT ( 'NONE',  ( -6.437988490444115863E-15, -41.05000000000000426, -56.54999999999990479 ) ) ;
#132 = DIRECTION ( 'NONE',  ( -1.000000000000000000, 0.000000000000000000, 0.000000000000000000 ) ) ;
#133 = AXIS2_PLACEMENT_3D ( 'NONE', #601, #3538, #2062 ) ;
#134 = VERTEX_POINT ( 'NONE', #2940 ) ;
#135 = AXIS2_PLACEMENT_3D ( 'NONE', #2927, #2967, #342 ) ;
#136 = AXIS2_PLACEMENT_3D ( 'NONE', #2034, #3514, #834 ) ;
#137 = CIRCLE ( 'NONE', #3371, 1.900000000000007683 ) ;
#138 = ADVANCED_FACE ( 'NONE', ( #2647 ), #3271, .F. ) ;
#139 = CARTESIAN_POINT ( 'NONE',  ( 11.00000000000001066, -38.00000000000000711, -57.30000000000004690 ) ) ;
#140 = VERTEX_POINT ( 'NONE', #2959 ) ;
#141 = CYLINDRICAL_SURFACE ( 'NONE', #2511, 1.899999999999999023 ) ;
#142 = AXIS2_PLACEMENT_3D ( 'NONE', #1497, #631, #2361 ) ;
#143 = CIRCLE ( 'NONE', #2566, 2.999999999999999112 ) ;
#144 = ORIENTED_EDGE ( 'NONE', *, *, #2286, .T. ) ;
#145 = EDGE_CURVE ( 'NONE', #3526, #1556, #1794, .T. ) ;
#146 = VECTOR ( 'NONE', #1474, 1000.000000000000000 ) ;
#147 = CIRCLE ( 'NONE', #2315, 2.750000000000609734 ) ;
#148 = CARTESIAN_POINT ( 'NONE',  ( 26.59999999999987708, -96.00000000000000000, -17.44999999999992113 ) ) ;
#149 = DIRECTION ( 'NONE',  ( -0.3431409490534798601, 0.9392839235729936176, 0.000000000000000000 ) ) ;
#150 = EDGE_LOOP ( 'NONE', ( #897, #3159, #86, #3486 ) ) ;
#151 = CARTESIAN_POINT ( 'NONE',  ( -3.314015728506105053E-15, -86.00000000000000000, -17.44999999999993179 ) ) ;
#152 = VERTEX_POINT ( 'NONE', #1249 ) ;
#153 = LINE ( 'NONE', #1275, #1453 ) ;
#154 = LINE ( 'NONE', #110, #2504 ) ;
#155 = DIRECTION ( 'NONE',  ( 0.000000000000000000, 0.000000000000000000, 1.000000000000000000 ) ) ;
#156 = EDGE_LOOP ( 'NONE', ( #3026, #1305 ) ) ;
#157 = DIRECTION ( 'NONE',  ( -0.000000000000000000, -0.000000000000000000, 1.000000000000000000 ) ) ;
#158 = ORIENTED_EDGE ( 'NONE', *, *, #1756, .T. ) ;
#159 = CARTESIAN_POINT ( 'NONE',  ( 16.00000000000004263, -65.70000000000004547, -16.44999999999992824 ) ) ;
#160 = EDGE_LOOP ( 'NONE', ( #2047, #1466, #1430, #785 ) ) ;
#161 = FACE_OUTER_BOUND ( 'NONE', #3707, .T. ) ;
#162 = DIRECTION ( 'NONE',  ( 0.000000000000000000, 0.000000000000000000, 1.000000000000000000 ) ) ;
#163 = CARTESIAN_POINT ( 'NONE',  ( 16.00000000000000711, -55.69999999999996732, -11.44999999999992824 ) ) ;
#164 = ADVANCED_FACE ( 'NONE', ( #2767 ), #2490, .F. ) ;
#165 = ORIENTED_EDGE ( 'NONE', *, *, #2068, .F. ) ;
#166 = EDGE_CURVE ( 'NONE', #1099, #1884, #997, .T. ) ;
#167 = DIRECTION ( 'NONE',  ( -2.515402503830336267E-16, 8.050361205584444418E-17, -1.000000000000000000 ) ) ;
#168 = ORIENTED_EDGE ( 'NONE', *, *, #2425, .T. ) ;
#169 = EDGE_CURVE ( 'NONE', #1341, #730, #759, .T. ) ;
#170 = PLANE ( 'NONE',  #510 ) ;
#171 =( NAMED_UNIT ( * ) PLANE_ANGLE_UNIT ( ) SI_UNIT ( $, .RADIAN. ) );
#172 = EDGE_LOOP ( 'NONE', ( #2915, #186, #3766, #2712 ) ) ;
#173 = LINE ( 'NONE', #1662, #2123 ) ;
#174 = ORIENTED_EDGE ( 'NONE', *, *, #409, .T. ) ;
#175 = LINE ( 'NONE', #1371, #1702 ) ;
#176 = EDGE_LOOP ( 'NONE', ( #2604, #2627 ) ) ;
#177 = DIRECTION ( 'NONE',  ( -1.000000000000000000, 0.000000000000000000, 0.000000000000000000 ) ) ;
#178 = CARTESIAN_POINT ( 'NONE',  ( -10.99999999999999645, -38.00000000000000711, 2.299999999999999822 ) ) ;
#179 = CARTESIAN_POINT ( 'NONE',  ( -7.729159201799991052, -3.485303408726214691E-13, 2.299999999999999822 ) ) ;
#180 = EDGE_LOOP ( 'NONE', ( #3362, #607 ) ) ;
#181 = EDGE_CURVE ( 'NONE', #2857, #3665, #1334, .T. ) ;
#182 = DIRECTION ( 'NONE',  ( -0.000000000000000000, -0.000000000000000000, -1.000000000000000000 ) ) ;
#183 = EDGE_LOOP ( 'NONE', ( #2343, #2285, #2864, #653 ) ) ;
#184 = ADVANCED_FACE ( 'NONE', ( #742 ), #3100, .F. ) ;
#185 = FACE_OUTER_BOUND ( 'NONE', #470, .T. ) ;
#186 = ORIENTED_EDGE ( 'NONE', *, *, #3151, .T. ) ;
#187 = CIRCLE ( 'NONE', #446, 1.900000000000000577 ) ;
#188 = DIRECTION ( 'NONE',  ( 0.000000000000000000, 0.000000000000000000, 1.000000000000000000 ) ) ;
#189 = VERTEX_POINT ( 'NONE', #2207 ) ;
#190 = DIRECTION ( 'NONE',  ( -0.000000000000000000, -0.000000000000000000, 1.000000000000000000 ) ) ;
#191 = VERTEX_POINT ( 'NONE', #1022 ) ;
#192 = AXIS2_PLACEMENT_3D ( 'NONE', #2754, #84, #1284 ) ;
#193 = VECTOR ( 'NONE', #1434, 1000.000000000000000 ) ;
#194 = DIRECTION ( 'NONE',  ( -1.000000000000000000, 0.000000000000000000, 0.000000000000000000 ) ) ;
#195 = CYLINDRICAL_SURFACE ( 'NONE', #2873, 3.549999999999997602 ) ;
#196 = AXIS2_PLACEMENT_3D ( 'NONE', #1344, #1121, #2523 ) ;
#197 = ORIENTED_EDGE ( 'NONE', *, *, #3810, .T. ) ;
#198 = CIRCLE ( 'NONE', #2307, 12.55000000000045013 ) ;
#199 = AXIS2_PLACEMENT_3D ( 'NONE', #1247, #543, #3036 ) ;
#200 = CARTESIAN_POINT ( 'NONE',  ( -19.00000000000000000, 0.000000000000000000, -3.000000000000000000 ) ) ;
#201 = VERTEX_POINT ( 'NONE', #2430 ) ;
#202 = AXIS2_PLACEMENT_3D ( 'NONE', #3770, #1431, #474 ) ;
#203 = VECTOR ( 'NONE', #3137, 1000.000000000000000 ) ;
#204 = CIRCLE ( 'NONE', #1272, 3.549999999999998490 ) ;
#205 = ORIENTED_EDGE ( 'NONE', *, *, #2611, .T. ) ;
#206 = CARTESIAN_POINT ( 'NONE',  ( 12.45000000000004370, -65.70000000000004547, -12.19999999999993001 ) ) ;
#207 = SURFACE_SIDE_STYLE ('',( #1406 ) ) ;
#208 = EDGE_CURVE ( 'NONE', #1523, #1286, #1573, .T. ) ;
#209 = ADVANCED_FACE ( 'NONE', ( #3115 ), #1045, .F. ) ;
#210 = CARTESIAN_POINT ( 'NONE',  ( 14.25474041071149145, 6.700000000000736478, 2.299999999999999822 ) ) ;
#211 = ORIENTED_EDGE ( 'NONE', *, *, #1347, .F. ) ;
#212 = DIRECTION ( 'NONE',  ( -2.515402503830336267E-16, 8.050361205584444418E-17, -1.000000000000000000 ) ) ;
#213 = VERTEX_POINT ( 'NONE', #3059 ) ;
#214 = EDGE_CURVE ( 'NONE', #713, #2288, #3744, .T. ) ;
#215 = CARTESIAN_POINT ( 'NONE',  ( -5.999999999999988454, -65.70000000000004547, -42.79999999999993321 ) ) ;
#216 = LINE ( 'NONE', #1374, #1387 ) ;
#217 = EDGE_LOOP ( 'NONE', ( #2004, #1049 ) ) ;
#218 = CARTESIAN_POINT ( 'NONE',  ( -3.550000000000004707, -41.05000000000000426, -57.29999999999990479 ) ) ;
#219 = ORIENTED_EDGE ( 'NONE', *, *, #3457, .T. ) ;
#220 = CARTESIAN_POINT ( 'NONE',  ( -13.30570456204346286, 4.667951537024054076, -42.93251095273883777 ) ) ;
#221 = DIRECTION ( 'NONE',  ( 1.000000000000000000, 0.000000000000000000, 0.000000000000000000 ) ) ;
#222 = ORIENTED_EDGE ( 'NONE', *, *, #2078, .T. ) ;
#223 = CARTESIAN_POINT ( 'NONE',  ( 2.610287666325547207, -13.85705393449218903, 2.299999999999999822 ) ) ;
#224 = EDGE_CURVE ( 'NONE', #999, #1796, #3060, .T. ) ;
#225 = CARTESIAN_POINT ( 'NONE',  ( 11.00000000000000355, -38.00000000000000000, 2.299999999999999822 ) ) ;
#226 = ORIENTED_EDGE ( 'NONE', *, *, #16, .F. ) ;
#227 = DIRECTION ( 'NONE',  ( 1.000000000000000000, 0.000000000000000000, -0.000000000000000000 ) ) ;
#228 = ORIENTED_EDGE ( 'NONE', *, *, #2347, .T. ) ;
#229 = CARTESIAN_POINT ( 'NONE',  ( -8.524999999999911537, 11.47483660014377449, -3.000000000000000000 ) ) ;
#230 = ADVANCED_FACE ( 'NONE', ( #963 ), #663, .T. ) ;
#231 = DIRECTION ( 'NONE',  ( -1.000000000000000000, 0.000000000000000000, -0.000000000000000000 ) ) ;
#232 = ORIENTED_EDGE ( 'NONE', *, *, #3184, .T. ) ;
#233 = CARTESIAN_POINT ( 'NONE',  ( -9.549999999999986500, -65.70000000000004547, -42.79999999999993321 ) ) ;
#234 = ORIENTED_EDGE ( 'NONE', *, *, #2165, .F. ) ;
#235 = LINE ( 'NONE', #276, #256 ) ;
#236 = CARTESIAN_POINT ( 'NONE',  ( -7.729159201799991052, -3.485303408726214691E-13, -42.93251095273883777 ) ) ;
#237 = FACE_OUTER_BOUND ( 'NONE', #2283, .T. ) ;
#238 = EDGE_LOOP ( 'NONE', ( #2155, #1959, #3489, #2944, #90, #3373, #1153, #1162, #1707, #1314, #1790, #3608, #3384, #2634, #2337, #468 ) ) ;
#239 = PLANE ( 'NONE',  #711 ) ;
#240 = CARTESIAN_POINT ( 'NONE',  ( 14.10000000000004228, -65.70000000000004547, -16.44999999999992824 ) ) ;
#241 = EDGE_LOOP ( 'NONE', ( #2835, #3397 ) ) ;
#242 = CARTESIAN_POINT ( 'NONE',  ( -10.99999999999998934, -45.94999999999999574, -57.30000000000004690 ) ) ;
#243 = ORIENTED_EDGE ( 'NONE', *, *, #2119, .F. ) ;
#244 = AXIS2_PLACEMENT_3D ( 'NONE', #306, #1506, #3505 ) ;
#245 = EDGE_CURVE ( 'NONE', #3109, #650, #1928, .T. ) ;
#246 = CARTESIAN_POINT ( 'NONE',  ( -10.69541689571921417, 9.189102397468072780, 2.299999999999999822 ) ) ;
#247 = DIRECTION ( 'NONE',  ( -0.9850142137072687154, 0.1724731828275083145, 0.000000000000000000 ) ) ;
#248 = ORIENTED_EDGE ( 'NONE', *, *, #3832, .F. ) ;
#249 = DIRECTION ( 'NONE',  ( 0.000000000000000000, 0.000000000000000000, -1.000000000000000000 ) ) ;
#250 = CIRCLE ( 'NONE', #1323, 3.549999999999999378 ) ;
#251 = ORIENTED_EDGE ( 'NONE', *, *, #2455, .T. ) ;
#252 = EDGE_CURVE ( 'NONE', #1740, #2658, #1643, .T. ) ;
#253 = EDGE_CURVE ( 'NONE', #1723, #3526, #498, .T. ) ;
#254 = CIRCLE ( 'NONE', #2868, 2.649999999999997691 ) ;
#255 = LINE ( 'NONE', #849, #891 ) ;
#256 = VECTOR ( 'NONE', #3592, 1000.000000000000000 ) ;
#257 = LINE ( 'NONE', #2952, #3309 ) ;
#258 = CARTESIAN_POINT ( 'NONE',  ( 20.99999999999996803, -55.69999999999999574, -7.449999999999928235 ) ) ;
#259 = EDGE_LOOP ( 'NONE', ( #2058, #243, #1934, #1097 ) ) ;
#260 = AXIS2_PLACEMENT_3D ( 'NONE', #1574, #2446, #3654 ) ;
#261 = CIRCLE ( 'NONE', #1761, 3.549999999999998490 ) ;
#262 = ORIENTED_EDGE ( 'NONE', *, *, #3615, .F. ) ;
#263 = ADVANCED_FACE ( 'NONE', ( #2146 ), #1897, .F. ) ;
#264 = DIRECTION ( 'NONE',  ( 0.7668107407454950453, 0.6418732646538141129, 0.000000000000000000 ) ) ;
#265 = VECTOR ( 'NONE', #2748, 1000.000000000000000 ) ;
#266 = AXIS2_PLACEMENT_3D ( 'NONE', #283, #2409, #3016 ) ;
#267 = CARTESIAN_POINT ( 'NONE',  ( 20.99999999999997158, -5.234658497523929720E-15, -17.44999999999992824 ) ) ;
#268 = CYLINDRICAL_SURFACE ( 'NONE', #566, 2.650000000000000355 ) ;
#269 = CYLINDRICAL_SURFACE ( 'NONE', #3861, 1.900000000000000577 ) ;
#270 = VERTEX_POINT ( 'NONE', #3645 ) ;
#271 = DIRECTION ( 'NONE',  ( 0.000000000000000000, 0.000000000000000000, 1.000000000000000000 ) ) ;
#272 = DIRECTION ( 'NONE',  ( -2.515402503830336267E-16, 8.050361205584444418E-17, -1.000000000000000000 ) ) ;
#273 = ORIENTED_EDGE ( 'NONE', *, *, #3832, .T. ) ;
#274 = CARTESIAN_POINT ( 'NONE',  ( -10.99999999999999645, -55.69999999999996732, -11.44999999999992824 ) ) ;
#275 = ORIENTED_EDGE ( 'NONE', *, *, #350, .F. ) ;
#276 = CARTESIAN_POINT ( 'NONE',  ( 14.25474041071149145, 6.700000000000736478, -42.93251095273883777 ) ) ;
#277 = CARTESIAN_POINT ( 'NONE',  ( 16.00000000000004263, -65.70000000000004547, -11.44999999999992824 ) ) ;
#278 = ADVANCED_FACE ( 'NONE', ( #74 ), #1277, .F. ) ;
#279 = CYLINDRICAL_SURFACE ( 'NONE', #2879, 3.549999999999999378 ) ;
#280 = EDGE_CURVE ( 'NONE', #1721, #1415, #3349, .T. ) ;
#281 = EDGE_LOOP ( 'NONE', ( #3606, #3399 ) ) ;
#282 = ORIENTED_EDGE ( 'NONE', *, *, #112, .F. ) ;
#283 = CARTESIAN_POINT ( 'NONE',  ( -11.60474041071020679, -6.700000000000029488, 0.000000000000000000 ) ) ;
#284 = EDGE_CURVE ( 'NONE', #3789, #152, #1848, .T. ) ;
#285 = EDGE_LOOP ( 'NONE', ( #2097, #1846, #3569, #438 ) ) ;
#286 = DIRECTION ( 'NONE',  ( 0.000000000000000000, 0.000000000000000000, 1.000000000000000000 ) ) ;
#287 = LINE ( 'NONE', #2332, #3488 ) ;
#288 = UNCERTAINTY_MEASURE_WITH_UNIT (LENGTH_MEASURE( 1.000000000000000082E-05 ), #44, 'distance_accuracy_value', 'NONE');
#289 = CARTESIAN_POINT ( 'NONE',  ( -13.30537989737616122, -22.10368098241526269, -3.199999999999999734 ) ) ;
#290 = VERTEX_POINT ( 'NONE', #1288 ) ;
#291 = CARTESIAN_POINT ( 'NONE',  ( -10.99999999999999645, -45.94999999999999574, 2.299999999999999822 ) ) ;
#292 = ORIENTED_EDGE ( 'NONE', *, *, #3519, .T. ) ;
#293 = DIRECTION ( 'NONE',  ( -1.000000000000000000, 0.000000000000000000, 0.000000000000000000 ) ) ;
#294 = EDGE_LOOP ( 'NONE', ( #2596, #2965, #1592, #1744 ) ) ;
#295 = CARTESIAN_POINT ( 'NONE',  ( 3.864579600900049261, 6.693648218653777349, -42.93251095273883777 ) ) ;
#296 = FACE_OUTER_BOUND ( 'NONE', #1663, .T. ) ;
#297 = FACE_OUTER_BOUND ( 'NONE', #722, .T. ) ;
#298 = ORIENTED_EDGE ( 'NONE', *, *, #1718, .T. ) ;
#299 = VERTEX_POINT ( 'NONE', #1559 ) ;
#300 = EDGE_CURVE ( 'NONE', #3830, #1839, #3017, .T. ) ;
#301 = CARTESIAN_POINT ( 'NONE',  ( 11.00000000000000355, -38.00000000000000711, 2.299999999999999822 ) ) ;
#302 = ORIENTED_EDGE ( 'NONE', *, *, #2688, .F. ) ;
#303 = EDGE_CURVE ( 'NONE', #873, #2230, #187, .T. ) ;
#304 = DIRECTION ( 'NONE',  ( 0.000000000000000000, 0.000000000000000000, 1.000000000000000000 ) ) ;
#305 = DIRECTION ( 'NONE',  ( -0.000000000000000000, -0.000000000000000000, 1.000000000000000000 ) ) ;
#306 = CARTESIAN_POINT ( 'NONE',  ( 0.000000000000000000, 0.000000000000000000, 0.000000000000000000 ) ) ;
#307 = ORIENTED_EDGE ( 'NONE', *, *, #1477, .T. ) ;
#308 = DIRECTION ( 'NONE',  ( 0.000000000000000000, 0.000000000000000000, -1.000000000000000000 ) ) ;
#309 = ORIENTED_EDGE ( 'NONE', *, *, #224, .T. ) ;
#310 = LINE ( 'NONE', #1199, #3319 ) ;
#311 = VERTEX_POINT ( 'NONE', #3287 ) ;
#312 = AXIS2_PLACEMENT_3D ( 'NONE', #1838, #3317, #3086 ) ;
#313 = CARTESIAN_POINT ( 'NONE',  ( -13.30570456204282870, -4.667951537024482178, -42.93251095273883777 ) ) ;
#314 = CARTESIAN_POINT ( 'NONE',  ( 19.00000000000000355, -36.00000000000000000, 2.299999999999999822 ) ) ;
#315 = VECTOR ( 'NONE', #676, 1000.000000000000000 ) ;
#316 = PLANE ( 'NONE',  #142 ) ;
#317 = ORIENTED_EDGE ( 'NONE', *, *, #1036, .T. ) ;
#318 = ORIENTED_EDGE ( 'NONE', *, *, #476, .F. ) ;
#319 = AXIS2_PLACEMENT_3D ( 'NONE', #2638, #2388, #2110 ) ;
#320 = AXIS2_PLACEMENT_3D ( 'NONE', #978, #2411, #2766 ) ;
#321 = VECTOR ( 'NONE', #2359, 1000.000000000000000 ) ;
#322 = LINE ( 'NONE', #2679, #3380 ) ;
#323 = VECTOR ( 'NONE', #3800, 1000.000000000000227 ) ;
#324 = AXIS2_PLACEMENT_3D ( 'NONE', #2913, #3790, #1129 ) ;
#325 = FACE_OUTER_BOUND ( 'NONE', #1492, .T. ) ;
#326 = AXIS2_PLACEMENT_3D ( 'NONE', #2807, #1874, #3686 ) ;
#327 = VECTOR ( 'NONE', #3558, 1000.000000000000227 ) ;
#328 = DIRECTION ( 'NONE',  ( 0.000000000000000000, -0.000000000000000000, -1.000000000000000000 ) ) ;
#329 = CARTESIAN_POINT ( 'NONE',  ( 14.10000000000001030, -31.00000000000000355, -56.54999999999991189 ) ) ;
#330 = ADVANCED_FACE ( 'NONE', ( #3304 ), #1270, .F. ) ;
#331 = PLANE ( 'NONE',  #3674 ) ;
#332 = EDGE_CURVE ( 'NONE', #3700, #140, #1527, .T. ) ;
#333 = AXIS2_PLACEMENT_3D ( 'NONE', #1085, #1698, #1664 ) ;
#334 = VECTOR ( 'NONE', #2153, 1000.000000000000000 ) ;
#335 = ORIENTED_EDGE ( 'NONE', *, *, #1386, .T. ) ;
#336 = DIRECTION ( 'NONE',  ( -0.000000000000000000, -0.000000000000000000, 1.000000000000000000 ) ) ;
#337 = EDGE_LOOP ( 'NONE', ( #3763, #1186 ) ) ;
#338 = CYLINDRICAL_SURFACE ( 'NONE', #2757, 0.5000000000000004441 ) ;
#339 = EDGE_CURVE ( 'NONE', #3360, #2838, #2500, .T. ) ;
#340 = ORIENTED_EDGE ( 'NONE', *, *, #384, .T. ) ;
#341 = CARTESIAN_POINT ( 'NONE',  ( -5.999999999999988454, -65.70000000000004547, -38.54999999999994031 ) ) ;
#342 = DIRECTION ( 'NONE',  ( 1.000000000000000000, 0.000000000000000000, 0.000000000000000000 ) ) ;
#343 = LINE ( 'NONE', #258, #3751 ) ;
#344 = VERTEX_POINT ( 'NONE', #2721 ) ;
#345 = DIRECTION ( 'NONE',  ( -1.000000000000000000, 0.000000000000000000, -1.164243943608584841E-16 ) ) ;
#346 = FACE_OUTER_BOUND ( 'NONE', #400, .T. ) ;
#347 = FACE_OUTER_BOUND ( 'NONE', #3195, .T. ) ;
#348 = CARTESIAN_POINT ( 'NONE',  ( 11.00000000000000533, -55.69999999999990337, 6.969280949107739609E-13 ) ) ;
#349 = CARTESIAN_POINT ( 'NONE',  ( 3.864579600901408174, -6.693648218652620940, 2.299999999999999822 ) ) ;
#350 = EDGE_CURVE ( 'NONE', #1796, #999, #2994, .T. ) ;
#351 = CARTESIAN_POINT ( 'NONE',  ( 5.000000000000000000, 0.000000000000000000, 0.000000000000000000 ) ) ;
#352 = ORIENTED_EDGE ( 'NONE', *, *, #3351, .T. ) ;
#353 = PRODUCT ( '009_002_Left_right_connector', '009_002_Left_right_connector', '', ( #2881 ) ) ;
#354 = PLANE ( 'NONE',  #2262 ) ;
#355 = ORIENTED_EDGE ( 'NONE', *, *, #1483, .F. ) ;
#356 = EDGE_CURVE ( 'NONE', #1677, #3318, #764, .T. ) ;
#357 = DIRECTION ( 'NONE',  ( 1.164243943608594702E-16, 6.938893903907222461E-16, -1.000000000000000000 ) ) ;
#358 = LINE ( 'NONE', #1319, #2621 ) ;
#359 = LINE ( 'NONE', #437, #2565 ) ;
#360 = ORIENTED_EDGE ( 'NONE', *, *, #1360, .T. ) ;
#361 = DIRECTION ( 'NONE',  ( 0.7071067811865499042, 0.7071067811865451302, 8.232447874810084872E-17 ) ) ;
#362 = DIRECTION ( 'NONE',  ( 0.000000000000000000, 0.000000000000000000, -1.000000000000000000 ) ) ;
#363 = EDGE_LOOP ( 'NONE', ( #2588, #2745, #595, #1401 ) ) ;
#364 = DIRECTION ( 'NONE',  ( -0.000000000000000000, -0.000000000000000000, -1.000000000000000000 ) ) ;
#365 = DIRECTION ( 'NONE',  ( -0.7668107407455122537, 0.6418732646537933517, 0.000000000000000000 ) ) ;
#366 = DIRECTION ( 'NONE',  ( -1.000000000000000000, 0.000000000000000000, 0.000000000000000000 ) ) ;
#367 = LINE ( 'NONE', #2475, #128 ) ;
#368 = ORIENTED_EDGE ( 'NONE', *, *, #2525, .T. ) ;
#369 = CARTESIAN_POINT ( 'NONE',  ( 20.99999999999996447, -96.00000000000000000, -17.44999999999992468 ) ) ;
#370 = EDGE_LOOP ( 'NONE', ( #3299, #2298, #3718, #3627 ) ) ;
#371 = CARTESIAN_POINT ( 'NONE',  ( 11.60474041071213591, -6.699999999998910383, -42.93251095273883777 ) ) ;
#372 = ORIENTED_EDGE ( 'NONE', *, *, #16, .T. ) ;
#373 = ADVANCED_FACE ( 'NONE', ( #325 ), #2706, .T. ) ;
#374 =( NAMED_UNIT ( * ) PLANE_ANGLE_UNIT ( ) SI_UNIT ( $, .RADIAN. ) );
#375 = DIRECTION ( 'NONE',  ( 0.000000000000000000, -0.000000000000000000, 1.000000000000000000 ) ) ;
#376 = LINE ( 'NONE', #656, #1516 ) ;
#377 = EDGE_CURVE ( 'NONE', #1891, #3511, #1082, .T. ) ;
#378 = VERTEX_POINT ( 'NONE', #1541 ) ;
#379 = ADVANCED_FACE ( 'NONE', ( #2469 ), #50, .F. ) ;
#380 = AXIS2_PLACEMENT_3D ( 'NONE', #2167, #415, #1279 ) ;
#381 = CARTESIAN_POINT ( 'NONE',  ( 19.00000000000000355, -26.00000000000000000, -57.29999999999990479 ) ) ;
#382 = DIRECTION ( 'NONE',  ( 0.000000000000000000, 0.000000000000000000, -1.000000000000000000 ) ) ;
#383 = ORIENTED_EDGE ( 'NONE', *, *, #2279, .T. ) ;
#384 = EDGE_CURVE ( 'NONE', #2055, #1116, #2393, .T. ) ;
#385 = AXIS2_PLACEMENT_3D ( 'NONE', #1190, #53, #2086 ) ;
#386 = DIRECTION ( 'NONE',  ( -1.000000000000000000, 0.000000000000000000, 0.000000000000000000 ) ) ;
#387 = AXIS2_PLACEMENT_3D ( 'NONE', #3782, #2863, #2232 ) ;
#388 = AXIS2_PLACEMENT_3D ( 'NONE', #1061, #1307, #3425 ) ;
#389 = VECTOR ( 'NONE', #531, 1000.000000000000000 ) ;
#390 = DIRECTION ( 'NONE',  ( 8.232447874810017079E-17, 0.7071067811865511255, -0.7071067811865440200 ) ) ;
#391 = DIRECTION ( 'NONE',  ( -0.000000000000000000, 0.000000000000000000, -1.000000000000000000 ) ) ;
#392 = CARTESIAN_POINT ( 'NONE',  ( 26.59999999999987352, -88.41000000000047976, -27.49999999999995737 ) ) ;
#393 = AXIS2_PLACEMENT_3D ( 'NONE', #1597, #3092, #62 ) ;
#394 = VECTOR ( 'NONE', #2839, 1000.000000000000114 ) ;
#395 = FACE_OUTER_BOUND ( 'NONE', #930, .T. ) ;
#396 = ORIENTED_EDGE ( 'NONE', *, *, #3519, .F. ) ;
#397 = AXIS2_PLACEMENT_3D ( 'NONE', #3027, #3650, #986 ) ;
#398 = VECTOR ( 'NONE', #2818, 1000.000000000000000 ) ;
#399 = DIRECTION ( 'NONE',  ( -0.000000000000000000, -0.000000000000000000, 1.000000000000000000 ) ) ;
#400 = EDGE_LOOP ( 'NONE', ( #3600, #3087, #3545, #2692 ) ) ;
#401 = FACE_BOUND ( 'NONE', #2779, .T. ) ;
#402 = CARTESIAN_POINT ( 'NONE',  ( -14.09999999999999254, -31.00000000000000355, -57.29999999999990479 ) ) ;
#403 = DIRECTION ( 'NONE',  ( 1.119176436114069085E-16, -1.000000000000000000, 0.000000000000000000 ) ) ;
#404 = ORIENTED_EDGE ( 'NONE', *, *, #3102, .F. ) ;
#405 = EDGE_CURVE ( 'NONE', #290, #799, #1245, .T. ) ;
#406 = EDGE_CURVE ( 'NONE', #191, #2316, #235, .T. ) ;
#407 = DIRECTION ( 'NONE',  ( -1.110223024625156540E-16, 0.000000000000000000, -1.000000000000000000 ) ) ;
#408 = VERTEX_POINT ( 'NONE', #1741 ) ;
#409 = EDGE_CURVE ( 'NONE', #3581, #2485, #255, .T. ) ;
#410 = DIRECTION ( 'NONE',  ( 1.000000000000000000, 0.000000000000000000, 0.000000000000000000 ) ) ;
#411 = CARTESIAN_POINT ( 'NONE',  ( 20.99999999999989342, -55.70000000000005969, -43.54999999999993321 ) ) ;
#412 = DIRECTION ( 'NONE',  ( -2.211599650647652386E-15, 1.000000000000000000, 0.000000000000000000 ) ) ;
#413 = CARTESIAN_POINT ( 'NONE',  ( -13.30537989737616122, -22.10368098241526269, -3.199999999999999734 ) ) ;
#414 = ORIENTED_EDGE ( 'NONE', *, *, #2686, .T. ) ;
#415 = DIRECTION ( 'NONE',  ( 0.000000000000000000, 0.000000000000000000, 1.000000000000000000 ) ) ;
#416 = VERTEX_POINT ( 'NONE', #1515 ) ;
#417 = CARTESIAN_POINT ( 'NONE',  ( 20.99999999999989342, -55.70000000000005969, -43.54999999999993321 ) ) ;
#418 = EDGE_LOOP ( 'NONE', ( #938, #2031, #1432, #3329 ) ) ;
#419 = CARTESIAN_POINT ( 'NONE',  ( -7.899999999999987033, -65.70000000000004547, -42.79999999999993321 ) ) ;
#420 = DIRECTION ( 'NONE',  ( -1.000000000000000000, 0.000000000000000000, 0.000000000000000000 ) ) ;
#421 = CYLINDRICAL_SURFACE ( 'NONE', #2134, 2.649999999999999467 ) ;
#422 = EDGE_LOOP ( 'NONE', ( #282, #3850, #25, #3817 ) ) ;
#423 = DIRECTION ( 'NONE',  ( -1.000000000000000000, 0.000000000000000000, 0.000000000000000000 ) ) ;
#424 = EDGE_CURVE ( 'NONE', #2209, #657, #2966, .T. ) ;
#425 = CARTESIAN_POINT ( 'NONE',  ( 17.65000000000000924, -31.00000000000000355, -57.29999999999991189 ) ) ;
#426 = CARTESIAN_POINT ( 'NONE',  ( -5.999999999999988454, -65.70000000000004547, -38.54999999999994031 ) ) ;
#427 = CARTESIAN_POINT ( 'NONE',  ( 14.10000000000001208, -31.00000000000000355, -52.04999999999991900 ) ) ;
#428 = FILL_AREA_STYLE ('',( #2567 ) ) ;
#429 = ORIENTED_EDGE ( 'NONE', *, *, #2972, .F. ) ;
#430 = ADVANCED_FACE ( 'NONE', ( #1459 ), #2700, .F. ) ;
#431 = DIRECTION ( 'NONE',  ( -1.156482317317871232E-16, -1.739756716429803565E-31, -1.000000000000000000 ) ) ;
#432 = ORIENTED_EDGE ( 'NONE', *, *, #92, .F. ) ;
#433 = CARTESIAN_POINT ( 'NONE',  ( -1.999999999999993117, -42.00000000000010658, -22.50000000000004263 ) ) ;
#434 = ORIENTED_EDGE ( 'NONE', *, *, #303, .F. ) ;
#435 = CARTESIAN_POINT ( 'NONE',  ( 63.50105881034023980, -55.70000000000010942, -37.54999999999992610 ) ) ;
#436 = DIRECTION ( 'NONE',  ( -0.000000000000000000, -0.000000000000000000, 1.000000000000000000 ) ) ;
#437 = CARTESIAN_POINT ( 'NONE',  ( 0.000000000000000000, -45.94999999999999574, -37.04999999999993321 ) ) ;
#438 = ORIENTED_EDGE ( 'NONE', *, *, #1411, .F. ) ;
#439 = CARTESIAN_POINT ( 'NONE',  ( 3.549999999999991385, -41.05000000000000426, -56.54999999999990479 ) ) ;
#440 = VERTEX_POINT ( 'NONE', #3238 ) ;
#441 = EDGE_LOOP ( 'NONE', ( #2971, #3528, #3785, #2026 ) ) ;
#442 = AXIS2_PLACEMENT_3D ( 'NONE', #1714, #2899, #522 ) ;
#443 = LINE ( 'NONE', #1617, #3687 ) ;
#444 = DIRECTION ( 'NONE',  ( 1.000000000000000000, -0.000000000000000000, 0.000000000000000000 ) ) ;
#445 = DIRECTION ( 'NONE',  ( -1.000000000000000000, 0.000000000000000000, 0.000000000000000000 ) ) ;
#446 = AXIS2_PLACEMENT_3D ( 'NONE', #2117, #362, #2142 ) ;
#447 = EDGE_LOOP ( 'NONE', ( #1490, #3186, #1830, #682, #3340, #674, #2150, #2234, #1278, #2671, #2659, #3416 ) ) ;
#448 = CIRCLE ( 'NONE', #1526, 3.549999999999999378 ) ;
#449 = AXIS2_PLACEMENT_3D ( 'NONE', #3222, #1044, #741 ) ;
#450 = AXIS2_PLACEMENT_3D ( 'NONE', #341, #2171, #1007 ) ;
#451 = ADVANCED_FACE ( 'NONE', ( #3262 ), #3844, .F. ) ;
#452 = EDGE_CURVE ( 'NONE', #270, #3604, #3220, .T. ) ;
#453 = DIRECTION ( 'NONE',  ( -1.000000000000000000, 0.000000000000000000, 0.000000000000000000 ) ) ;
#454 = ORIENTED_EDGE ( 'NONE', *, *, #1773, .T. ) ;
#455 = CARTESIAN_POINT ( 'NONE',  ( -5.999999999999988454, -65.70000000000004547, -12.19999999999993001 ) ) ;
#456 = AXIS2_PLACEMENT_3D ( 'NONE', #2405, #2111, #1226 ) ;
#457 = AXIS2_PLACEMENT_3D ( 'NONE', #3702, #723, #2822 ) ;
#458 = ORIENTED_EDGE ( 'NONE', *, *, #224, .F. ) ;
#459 = CARTESIAN_POINT ( 'NONE',  ( -2.449999999999989964, -65.70000000000004547, -43.54999999999993321 ) ) ;
#460 = VECTOR ( 'NONE', #668, 1000.000000000000000 ) ;
#461 = DIRECTION ( 'NONE',  ( 0.6418732646538141129, -0.7668107407454950453, 0.000000000000000000 ) ) ;
#462 = FACE_BOUND ( 'NONE', #241, .T. ) ;
#463 = ORIENTED_EDGE ( 'NONE', *, *, #1503, .T. ) ;
#464 = VERTEX_POINT ( 'NONE', #2051 ) ;
#465 = CARTESIAN_POINT ( 'NONE',  ( 14.10000000000004228, -65.70000000000004547, -12.19999999999993001 ) ) ;
#466 = EDGE_LOOP ( 'NONE', ( #684, #2029, #1863, #2433 ) ) ;
#467 = DIRECTION ( 'NONE',  ( 0.000000000000000000, 0.000000000000000000, 1.000000000000000000 ) ) ;
#468 = ORIENTED_EDGE ( 'NONE', *, *, #2898, .T. ) ;
#469 = DIRECTION ( 'NONE',  ( -3.469446951953616161E-16, 1.000000000000000000, 0.000000000000000000 ) ) ;
#470 = EDGE_LOOP ( 'NONE', ( #1783, #3590, #564, #1294 ) ) ;
#471 = EDGE_CURVE ( 'NONE', #201, #1721, #1495, .T. ) ;
#472 = PLANE ( 'NONE',  #639 ) ;
#473 = DIRECTION ( 'NONE',  ( -0.000000000000000000, -0.000000000000000000, 1.000000000000000000 ) ) ;
#474 = DIRECTION ( 'NONE',  ( -1.000000000000000000, 0.000000000000000000, -0.000000000000000000 ) ) ;
#475 = ORIENTED_EDGE ( 'NONE', *, *, #3390, .F. ) ;
#476 = EDGE_CURVE ( 'NONE', #2083, #3701, #137, .T. ) ;
#477 = CARTESIAN_POINT ( 'NONE',  ( -10.99999999999999112, -45.94999999999999574, -37.04999999999991900 ) ) ;
#478 = EDGE_LOOP ( 'NONE', ( #1356, #3202, #943, #3243, #2168, #1181 ) ) ;
#479 = DIRECTION ( 'NONE',  ( -2.515402503830336267E-16, 8.050361205584444418E-17, -1.000000000000000000 ) ) ;
#480 = PRODUCT_DEFINITION_CONTEXT ( 'detailed design', #2969, 'design' ) ;
#481 = ORIENTED_EDGE ( 'NONE', *, *, #1764, .T. ) ;
#482 = CARTESIAN_POINT ( 'NONE',  ( -10.99999999999999645, -55.69999999999996732, -7.449999999999929123 ) ) ;
#483 = EDGE_LOOP ( 'NONE', ( #677, #1058, #528, #3737, #1701, #27, #3292, #108, #3118, #59, #1146, #3298, #1005, #1262 ) ) ;
#484 = PLANE ( 'NONE',  #3078 ) ;
#485 = EDGE_LOOP ( 'NONE', ( #1635, #2164, #3346, #603 ) ) ;
#486 = DIRECTION ( 'NONE',  ( 1.000000000000000000, 0.000000000000000000, -0.000000000000000000 ) ) ;
#487 = CYLINDRICAL_SURFACE ( 'NONE', #7, 3.549999999999997602 ) ;
#488 = DIRECTION ( 'NONE',  ( 0.000000000000000000, 0.000000000000000000, 1.000000000000000000 ) ) ;
#489 = ORIENTED_EDGE ( 'NONE', *, *, #2955, .F. ) ;
#490 = PLANE ( 'NONE',  #2694 ) ;
#491 = EDGE_CURVE ( 'NONE', #3761, #3700, #2308, .T. ) ;
#492 = EDGE_CURVE ( 'NONE', #299, #270, #1784, .T. ) ;
#493 = ORIENTED_EDGE ( 'NONE', *, *, #2688, .T. ) ;
#494 = CARTESIAN_POINT ( 'NONE',  ( 3.864579600901408174, -6.693648218652620940, 0.000000000000000000 ) ) ;
#495 = EDGE_CURVE ( 'NONE', #3254, #2113, #2672, .T. ) ;
#496 = AXIS2_PLACEMENT_3D ( 'NONE', #1590, #96, #1293 ) ;
#497 = AXIS2_PLACEMENT_3D ( 'NONE', #3396, #727, #2242 ) ;
#498 = CIRCLE ( 'NONE', #68, 12.55000000000039506 ) ;
#499 = DIRECTION ( 'NONE',  ( -2.515402503830336267E-16, 8.050361205584444418E-17, -1.000000000000000000 ) ) ;
#500 = ORIENTED_EDGE ( 'NONE', *, *, #3189, .F. ) ;
#501 = CARTESIAN_POINT ( 'NONE',  ( 19.00000000000000000, 0.000000000000000000, -3.000000000000002665 ) ) ;
#502 = ORIENTED_EDGE ( 'NONE', *, *, #1172, .T. ) ;
#503 = CIRCLE ( 'NONE', #2996, 3.549999999999997602 ) ;
#504 = AXIS2_PLACEMENT_3D ( 'NONE', #1467, #2023, #583 ) ;
#505 = VECTOR ( 'NONE', #3690, 1000.000000000000000 ) ;
#506 = CARTESIAN_POINT ( 'NONE',  ( 16.00000000000001776, -31.00000000000000355, -56.54999999999991189 ) ) ;
#507 = CARTESIAN_POINT ( 'NONE',  ( 16.00000000000000355, -32.99999999999999289, 2.299999999999999822 ) ) ;
#508 = VERTEX_POINT ( 'NONE', #2637 ) ;
#509 = VECTOR ( 'NONE', #717, 1000.000000000000000 ) ;
#510 = AXIS2_PLACEMENT_3D ( 'NONE', #2546, #3478, #1404 ) ;
#511 = CYLINDRICAL_SURFACE ( 'NONE', #1889, 5.000000000000000000 ) ;
#512 = ORIENTED_EDGE ( 'NONE', *, *, #2160, .T. ) ;
#513 = VECTOR ( 'NONE', #2486, 1000.000000000000000 ) ;
#514 = DIRECTION ( 'NONE',  ( -0.000000000000000000, -0.000000000000000000, -1.000000000000000000 ) ) ;
#515 = DIRECTION ( 'NONE',  ( -0.000000000000000000, -0.000000000000000000, -1.000000000000000000 ) ) ;
#516 = AXIS2_PLACEMENT_3D ( 'NONE', #1958, #3143, #469 ) ;
#517 = AXIS2_PLACEMENT_3D ( 'NONE', #1072, #2252, #778 ) ;
#518 = ORIENTED_EDGE ( 'NONE', *, *, #1100, .F. ) ;
#519 = ADVANCED_FACE ( 'NONE', ( #2094 ), #2340, .F. ) ;
#520 = CARTESIAN_POINT ( 'NONE',  ( -12.99999999999997691, -36.00000000000000000, -57.29999999999990479 ) ) ;
#521 = EDGE_CURVE ( 'NONE', #2276, #3789, #3512, .T. ) ;
#522 = DIRECTION ( 'NONE',  ( 1.000000000000000000, 0.000000000000000000, 0.000000000000000000 ) ) ;
#523 = EDGE_LOOP ( 'NONE', ( #2390, #3434, #3695, #3131 ) ) ;
#524 = FACE_OUTER_BOUND ( 'NONE', #1111, .T. ) ;
#525 = ORIENTED_EDGE ( 'NONE', *, *, #2459, .F. ) ;
#526 = CARTESIAN_POINT ( 'NONE',  ( 6.624999999999554134, 11.47483660014416174, -3.199999999999999734 ) ) ;
#527 = DIRECTION ( 'NONE',  ( 1.164243943608594702E-16, 0.000000000000000000, -1.000000000000000000 ) ) ;
#528 = ORIENTED_EDGE ( 'NONE', *, *, #2078, .F. ) ;
#529 = CARTESIAN_POINT ( 'NONE',  ( -2.449999999999989964, -65.70000000000004547, -42.79999999999993321 ) ) ;
#530 = VERTEX_POINT ( 'NONE', #2655 ) ;
#531 = DIRECTION ( 'NONE',  ( -0.000000000000000000, -0.000000000000000000, -1.000000000000000000 ) ) ;
#532 = CARTESIAN_POINT ( 'NONE',  ( 11.60474041071213591, -6.699999999998910383, 2.299999999999999822 ) ) ;
#533 = CARTESIAN_POINT ( 'NONE',  ( -10.99999999999999645, -38.00000000000000000, 2.299999999999999822 ) ) ;
#534 = ORIENTED_EDGE ( 'NONE', *, *, #1477, .F. ) ;
#535 = CARTESIAN_POINT ( 'NONE',  ( 20.99999999999996447, -86.00000000000000000, -47.54999999999993321 ) ) ;
#536 = ADVANCED_FACE ( 'NONE', ( #3577 ), #3203, .F. ) ;
#537 = LINE ( 'NONE', #857, #821 ) ;
#538 = ORIENTED_EDGE ( 'NONE', *, *, #1289, .T. ) ;
#539 = EDGE_CURVE ( 'NONE', #1970, #1523, #3529, .T. ) ;
#540 = DIRECTION ( 'NONE',  ( -1.000000000000000000, 0.000000000000000000, 0.000000000000000000 ) ) ;
#541 = EDGE_CURVE ( 'NONE', #2576, #2400, #2985, .T. ) ;
#542 = EDGE_LOOP ( 'NONE', ( #1157, #3688 ) ) ;
#543 = DIRECTION ( 'NONE',  ( -0.000000000000000000, 1.000000000000000000, 0.000000000000000000 ) ) ;
#544 = FACE_OUTER_BOUND ( 'NONE', #2019, .T. ) ;
#545 = ORIENTED_EDGE ( 'NONE', *, *, #495, .T. ) ;
#546 = CARTESIAN_POINT ( 'NONE',  ( -5.999999999999988454, -65.70000000000004547, -43.54999999999993321 ) ) ;
#547 = ADVANCED_FACE ( 'NONE', ( #2909, #2612, #401, #2752 ), #1283, .T. ) ;
#548 = VERTEX_POINT ( 'NONE', #2482 ) ;
#549 = CARTESIAN_POINT ( 'NONE',  ( 11.60474041071213591, -6.699999999998910383, 0.000000000000000000 ) ) ;
#550 = CARTESIAN_POINT ( 'NONE',  ( -19.00000000000000000, -14.00000000000003730, -3.000000000000002665 ) ) ;
#551 = CARTESIAN_POINT ( 'NONE',  ( -19.00000000000000000, -31.00000000000000000, -57.29999999999990479 ) ) ;
#552 = ORIENTED_EDGE ( 'NONE', *, *, #3076, .F. ) ;
#553 = ORIENTED_EDGE ( 'NONE', *, *, #718, .T. ) ;
#554 = CARTESIAN_POINT ( 'NONE',  ( 3.864579600900049261, 6.693648218653777349, 0.000000000000000000 ) ) ;
#555 = DIRECTION ( 'NONE',  ( -2.764499563309553649E-16, 1.000000000000000000, 0.000000000000000000 ) ) ;
#556 = DIRECTION ( 'NONE',  ( -1.000000000000000000, 0.000000000000000000, -1.164243943608584841E-16 ) ) ;
#557 = DIRECTION ( 'NONE',  ( -1.000000000000000000, -0.000000000000000000, -0.000000000000000000 ) ) ;
#558 = ORIENTED_EDGE ( 'NONE', *, *, #2353, .F. ) ;
#559 = AXIS2_PLACEMENT_3D ( 'NONE', #1161, #272, #1797 ) ;
#560 = EDGE_CURVE ( 'NONE', #3701, #1501, #3609, .T. ) ;
#561 = EDGE_CURVE ( 'NONE', #974, #2267, #3561, .T. ) ;
#562 = DIRECTION ( 'NONE',  ( -1.000000000000000000, 0.000000000000000000, -0.000000000000000000 ) ) ;
#563 = LINE ( 'NONE', #1197, #888 ) ;
#564 = ORIENTED_EDGE ( 'NONE', *, *, #3469, .F. ) ;
#565 = LINE ( 'NONE', #2713, #20 ) ;
#566 = AXIS2_PLACEMENT_3D ( 'NONE', #646, #2395, #2372 ) ;
#567 = EDGE_LOOP ( 'NONE', ( #3554, #728, #3224, #846 ) ) ;
#568 = ADVANCED_FACE ( 'NONE', ( #628 ), #670, .F. ) ;
#569 = AXIS2_PLACEMENT_3D ( 'NONE', #3746, #824, #1655 ) ;
#570 = DIRECTION ( 'NONE',  ( -0.9392839235730126024, 0.3431409490534277351, 0.000000000000000000 ) ) ;
#571 = VECTOR ( 'NONE', #600, 1000.000000000000114 ) ;
#572 = VECTOR ( 'NONE', #3551, 1000.000000000000000 ) ;
#573 = DIRECTION ( 'NONE',  ( 0.000000000000000000, -1.000000000000000000, -0.000000000000000000 ) ) ;
#574 = FACE_OUTER_BOUND ( 'NONE', #3277, .T. ) ;
#575 = ORIENTED_EDGE ( 'NONE', *, *, #883, .F. ) ;
#576 = VECTOR ( 'NONE', #3359, 1000.000000000000000 ) ;
#577 = CIRCLE ( 'NONE', #3752, 1.900000000000000577 ) ;
#578 = VERTEX_POINT ( 'NONE', #1821 ) ;
#579 = CARTESIAN_POINT ( 'NONE',  ( 16.00000000000004263, -65.70000000000004547, -12.19999999999993001 ) ) ;
#580 = CIRCLE ( 'NONE', #516, 9.999999999999994671 ) ;
#581 = AXIS2_PLACEMENT_3D ( 'NONE', #1113, #3735, #812 ) ;
#582 = VERTEX_POINT ( 'NONE', #945 ) ;
#583 = DIRECTION ( 'NONE',  ( -1.000000000000000000, 0.000000000000000000, 0.000000000000000000 ) ) ;
#584 = DIRECTION ( 'NONE',  ( -2.515402503830336267E-16, 8.050361205584444418E-17, -1.000000000000000000 ) ) ;
#585 = LINE ( 'NONE', #3566, #1810 ) ;
#586 = ORIENTED_EDGE ( 'NONE', *, *, #169, .F. ) ;
#587 = PLANE ( 'NONE',  #2254 ) ;
#588 = ORIENTED_EDGE ( 'NONE', *, *, #1170, .F. ) ;
#589 = FACE_OUTER_BOUND ( 'NONE', #2138, .T. ) ;
#590 = ORIENTED_EDGE ( 'NONE', *, *, #952, .T. ) ;
#591 = EDGE_CURVE ( 'NONE', #2228, #1099, #2464, .T. ) ;
#592 = DIRECTION ( 'NONE',  ( -1.000000000000000000, -1.636531581110195607E-15, 0.000000000000000000 ) ) ;
#593 = CARTESIAN_POINT ( 'NONE',  ( 13.30570456204474183, -4.667951537023347086, -42.93251095273883777 ) ) ;
#594 = DIRECTION ( 'NONE',  ( -1.000000000000000000, 0.000000000000000000, 0.000000000000000000 ) ) ;
#595 = ORIENTED_EDGE ( 'NONE', *, *, #2476, .F. ) ;
#596 = EDGE_CURVE ( 'NONE', #408, #1623, #1300, .T. ) ;
#597 = VERTEX_POINT ( 'NONE', #1878 ) ;
#598 = CARTESIAN_POINT ( 'NONE',  ( 26.59999999999987352, -86.00000000000000000, -7.449999999999928235 ) ) ;
#599 = ORIENTED_EDGE ( 'NONE', *, *, #2454, .F. ) ;
#600 = DIRECTION ( 'NONE',  ( -0.7071067811865451302, 0.7071067811865499042, 8.177564888977952262E-17 ) ) ;
#601 = CARTESIAN_POINT ( 'NONE',  ( 0.000000000000000000, -86.04999999999999716, -47.54999999999993321 ) ) ;
#602 = DIRECTION ( 'NONE',  ( 1.000000000000000000, 0.000000000000000000, 0.000000000000000000 ) ) ;
#603 = ORIENTED_EDGE ( 'NONE', *, *, #3765, .F. ) ;
#604 = DIRECTION ( 'NONE',  ( 0.000000000000000000, 0.000000000000000000, 1.000000000000000000 ) ) ;
#605 = VERTEX_POINT ( 'NONE', #2732 ) ;
#606 = DIRECTION ( 'NONE',  ( -8.651987411355643043E-17, 2.768635971633805774E-15, 1.000000000000000000 ) ) ;
#607 = ORIENTED_EDGE ( 'NONE', *, *, #1712, .F. ) ;
#608 = DIRECTION ( 'NONE',  ( -1.577021341796747750E-16, 0.000000000000000000, 1.000000000000000000 ) ) ;
#609 = CARTESIAN_POINT ( 'NONE',  ( 26.59999999999986642, -63.30999999999957595, -27.49999999999995737 ) ) ;
#610 = DIRECTION ( 'NONE',  ( -1.000000000000000000, -2.163843965683114248E-15, 1.033696669000698286E-19 ) ) ;
#611 = VERTEX_POINT ( 'NONE', #3668 ) ;
#612 = ORIENTED_EDGE ( 'NONE', *, *, #2527, .F. ) ;
#613 = EDGE_CURVE ( 'NONE', #1134, #2900, #1513, .T. ) ;
#614 = EDGE_CURVE ( 'NONE', #611, #3109, #1843, .T. ) ;
#615 = LINE ( 'NONE', #2933, #2007 ) ;
#616 = DIRECTION ( 'NONE',  ( -1.000000000000000000, 0.000000000000000000, 0.000000000000000000 ) ) ;
#617 = ORIENTED_EDGE ( 'NONE', *, *, #2280, .F. ) ;
#618 = ADVANCED_FACE ( 'NONE', ( #1553 ), #3357, .F. ) ;
#619 = CARTESIAN_POINT ( 'NONE',  ( 0.000000000000000000, -36.00000000000000000, 0.000000000000000000 ) ) ;
#620 = ORIENTED_EDGE ( 'NONE', *, *, #3117, .T. ) ;
#621 = LINE ( 'NONE', #2396, #1566 ) ;
#622 = DIRECTION ( 'NONE',  ( -0.000000000000000000, -1.000000000000000000, -0.000000000000000000 ) ) ;
#623 = VERTEX_POINT ( 'NONE', #419 ) ;
#624 = DIRECTION ( 'NONE',  ( 0.9392839235730119363, 0.3431409490534294005, 0.000000000000000000 ) ) ;
#625 = VECTOR ( 'NONE', #2124, 1000.000000000000000 ) ;
#626 = VERTEX_POINT ( 'NONE', #60 ) ;
#627 = CIRCLE ( 'NONE', #1940, 2.649999999999999467 ) ;
#628 = FACE_OUTER_BOUND ( 'NONE', #39, .T. ) ;
#629 = CARTESIAN_POINT ( 'NONE',  ( -5.999999999999988454, -65.70000000000004547, -16.44999999999992824 ) ) ;
#630 = AXIS2_PLACEMENT_3D ( 'NONE', #919, #556, #3021 ) ;
#631 = DIRECTION ( 'NONE',  ( -2.515402503830336267E-16, 8.050361205584444418E-17, -1.000000000000000000 ) ) ;
#632 = ORIENTED_EDGE ( 'NONE', *, *, #2501, .F. ) ;
#633 = VERTEX_POINT ( 'NONE', #3379 ) ;
#634 = VECTOR ( 'NONE', #1769, 1000.000000000000000 ) ;
#635 = VECTOR ( 'NONE', #3624, 1000.000000000000000 ) ;
#636 = VECTOR ( 'NONE', #3012, 1000.000000000000000 ) ;
#637 = DIRECTION ( 'NONE',  ( -0.000000000000000000, -0.000000000000000000, 1.000000000000000000 ) ) ;
#638 = VECTOR ( 'NONE', #488, 1000.000000000000000 ) ;
#639 = AXIS2_PLACEMENT_3D ( 'NONE', #3767, #2554, #750 ) ;
#640 = DIRECTION ( 'NONE',  ( 1.000000000000000000, 0.000000000000000000, 0.000000000000000000 ) ) ;
#641 = EDGE_CURVE ( 'NONE', #191, #134, #3311, .T. ) ;
#642 = CIRCLE ( 'NONE', #3134, 10.00000000000000178 ) ;
#643 = VECTOR ( 'NONE', #514, 1000.000000000000000 ) ;
#644 = DIRECTION ( 'NONE',  ( -1.000000000000000000, 0.000000000000000000, 0.000000000000000000 ) ) ;
#645 = DIRECTION ( 'NONE',  ( -2.515402503830336267E-16, 8.050361205584444418E-17, -1.000000000000000000 ) ) ;
#646 = CARTESIAN_POINT ( 'NONE',  ( 1.284469037195706312E-12, -13.39999999999929159, -42.93251095273883777 ) ) ;
#647 = PLANE ( 'NONE',  #496 ) ;
#648 = EDGE_CURVE ( 'NONE', #1185, #3389, #701, .T. ) ;
#649 = CARTESIAN_POINT ( 'NONE',  ( 64.09676041556579662, -75.86000000000005627, -27.49999999999995737 ) ) ;
#650 = VERTEX_POINT ( 'NONE', #715 ) ;
#651 = DIRECTION ( 'NONE',  ( -0.7071067811865503483, 0.7071067811865445751, -0.000000000000000000 ) ) ;
#652 = MANIFOLD_SOLID_BREP ( 'Wytnij-wyci¹gniêcie22', #1196 ) ;
#653 = ORIENTED_EDGE ( 'NONE', *, *, #208, .T. ) ;
#654 = DIRECTION ( 'NONE',  ( 0.000000000000000000, 0.000000000000000000, 1.000000000000000000 ) ) ;
#655 = CARTESIAN_POINT ( 'NONE',  ( 14.10000000000001030, -31.00000000000000355, -56.54999999999991189 ) ) ;
#656 = CARTESIAN_POINT ( 'NONE',  ( -13.30570456204346286, 4.667951537024054076, 2.299999999999999822 ) ) ;
#657 = VERTEX_POINT ( 'NONE', #3456 ) ;
#658 = FACE_OUTER_BOUND ( 'NONE', #2903, .T. ) ;
#659 = ORIENTED_EDGE ( 'NONE', *, *, #253, .F. ) ;
#660 = LINE ( 'NONE', #2317, #2817 ) ;
#661 = EDGE_CURVE ( 'NONE', #1012, #3275, #1903, .T. ) ;
#662 = DIRECTION ( 'NONE',  ( 0.000000000000000000, -1.000000000000000000, 0.000000000000000000 ) ) ;
#663 = PLANE ( 'NONE',  #1633 ) ;
#664 = EDGE_CURVE ( 'NONE', #3197, #3157, #1946, .T. ) ;
#665 = ADVANCED_FACE ( 'NONE', ( #1974, #3125 ), #3710, .T. ) ;
#666 = DIRECTION ( 'NONE',  ( -1.000000000000000000, 0.000000000000000000, 0.000000000000000000 ) ) ;
#667 = ORIENTED_EDGE ( 'NONE', *, *, #561, .F. ) ;
#668 = DIRECTION ( 'NONE',  ( -2.515402503830336267E-16, 8.050361205584444418E-17, -1.000000000000000000 ) ) ;
#669 = ORIENTED_EDGE ( 'NONE', *, *, #3450, .T. ) ;
#670 = CYLINDRICAL_SURFACE ( 'NONE', #2813, 2.750000000000609734 ) ;
#671 = EDGE_CURVE ( 'NONE', #1280, #1891, #3147, .T. ) ;
#672 = PLANE ( 'NONE',  #2934 ) ;
#673 = DIRECTION ( 'NONE',  ( -0.000000000000000000, -0.000000000000000000, 1.000000000000000000 ) ) ;
#674 = ORIENTED_EDGE ( 'NONE', *, *, #3779, .F. ) ;
#675 = DIRECTION ( 'NONE',  ( -0.000000000000000000, -0.000000000000000000, 1.000000000000000000 ) ) ;
#676 = DIRECTION ( 'NONE',  ( -0.7668107407455123647, 0.6418732646537933517, 0.000000000000000000 ) ) ;
#677 = ORIENTED_EDGE ( 'NONE', *, *, #405, .F. ) ;
#678 = CYLINDRICAL_SURFACE ( 'NONE', #2444, 2.649999999999999467 ) ;
#679 = FACE_OUTER_BOUND ( 'NONE', #1944, .T. ) ;
#680 = CARTESIAN_POINT ( 'NONE',  ( 28.60000000000000853, -75.86000000000002785, -27.49999999999995737 ) ) ;
#681 = DIRECTION ( 'NONE',  ( -1.577021341796747750E-16, 0.000000000000000000, 1.000000000000000000 ) ) ;
#682 = ORIENTED_EDGE ( 'NONE', *, *, #695, .T. ) ;
#683 = DIRECTION ( 'NONE',  ( -0.000000000000000000, -0.000000000000000000, 1.000000000000000000 ) ) ;
#684 = ORIENTED_EDGE ( 'NONE', *, *, #2760, .T. ) ;
#685 = CARTESIAN_POINT ( 'NONE',  ( 0.000000000000000000, -14.00000000000003730, -3.000000000000000000 ) ) ;
#686 = ORIENTED_EDGE ( 'NONE', *, *, #166, .F. ) ;
#687 = EDGE_CURVE ( 'NONE', #1723, #3856, #1682, .T. ) ;
#688 = ADVANCED_FACE ( 'NONE', ( #2862 ), #2214, .F. ) ;
#689 = FILL_AREA_STYLE ('',( #3090 ) ) ;
#690 = DIRECTION ( 'NONE',  ( -1.000000000000000000, 0.000000000000000000, 0.000000000000000000 ) ) ;
#691 = LINE ( 'NONE', #2505, #509 ) ;
#692 = COLOUR_RGB ( '',1.000000000000000000, 0.000000000000000000, 1.000000000000000000 ) ;
#693 = AXIS2_PLACEMENT_3D ( 'NONE', #1982, #1696, #3723 ) ;
#694 = ORIENTED_EDGE ( 'NONE', *, *, #966, .T. ) ;
#695 = EDGE_CURVE ( 'NONE', #2180, #2303, #731, .T. ) ;
#696 = VECTOR ( 'NONE', #305, 1000.000000000000000 ) ;
#697 = FACE_OUTER_BOUND ( 'NONE', #483, .T. ) ;
#698 = VERTEX_POINT ( 'NONE', #459 ) ;
#699 = CIRCLE ( 'NONE', #1512, 2.649999999999997691 ) ;
#700 = CIRCLE ( 'NONE', #8, 2.750000000000609734 ) ;
#701 = CIRCLE ( 'NONE', #1638, 2.649999999999999023 ) ;
#702 = DIRECTION ( 'NONE',  ( -1.119176436114069085E-16, 1.000000000000000000, -0.000000000000000000 ) ) ;
#703 = VECTOR ( 'NONE', #365, 1000.000000000000227 ) ;
#704 = VECTOR ( 'NONE', #3499, 1000.000000000000000 ) ;
#705 = DIRECTION ( 'NONE',  ( -0.000000000000000000, -0.000000000000000000, 1.000000000000000000 ) ) ;
#706 = CARTESIAN_POINT ( 'NONE',  ( -6.437988490444117441E-15, -41.05000000000000426, -56.54999999999990479 ) ) ;
#707 = DIRECTION ( 'NONE',  ( 0.000000000000000000, 0.000000000000000000, 1.000000000000000000 ) ) ;
#708 = AXIS2_PLACEMENT_3D ( 'NONE', #3579, #610, #3553 ) ;
#709 = DIRECTION ( 'NONE',  ( -1.000000000000000000, 6.661338147750937270E-16, -3.295264136390018418E-17 ) ) ;
#710 = VERTEX_POINT ( 'NONE', #1052 ) ;
#711 = AXIS2_PLACEMENT_3D ( 'NONE', #3813, #1675, #3774 ) ;
#712 = CARTESIAN_POINT ( 'NONE',  ( -2.449999999999991296, -65.70000000000004547, -12.19999999999993001 ) ) ;
#713 = VERTEX_POINT ( 'NONE', #3745 ) ;
#714 = APPLICATION_CONTEXT ( 'automotive_design' ) ;
#715 = CARTESIAN_POINT ( 'NONE',  ( 11.00000000000000533, -46.44999999999999574, -17.44999999999993179 ) ) ;
#716 = CARTESIAN_POINT ( 'NONE',  ( 0.000000000000000000, -46.44999999999999574, -37.04999999999993321 ) ) ;
#717 = DIRECTION ( 'NONE',  ( -8.232447874810017079E-17, -0.7071067811865511255, 0.7071067811865440200 ) ) ;
#718 = EDGE_CURVE ( 'NONE', #799, #1977, #1918, .T. ) ;
#719 = ORIENTED_EDGE ( 'NONE', *, *, #1730, .T. ) ;
#720 = DIRECTION ( 'NONE',  ( -1.000000000000000000, -0.000000000000000000, -1.164243943608598646E-16 ) ) ;
#721 = EDGE_CURVE ( 'NONE', #3219, #623, #2310, .T. ) ;
#722 = EDGE_LOOP ( 'NONE', ( #1734, #2649, #414, #719 ) ) ;
#723 = DIRECTION ( 'NONE',  ( 0.000000000000000000, 0.000000000000000000, -1.000000000000000000 ) ) ;
#724 = DIRECTION ( 'NONE',  ( -1.000000000000000000, -0.000000000000000000, 0.000000000000000000 ) ) ;
#725 = DIRECTION ( 'NONE',  ( 1.000000000000000000, 0.000000000000000000, 0.000000000000000000 ) ) ;
#726 = ORIENTED_EDGE ( 'NONE', *, *, #1756, .F. ) ;
#727 = DIRECTION ( 'NONE',  ( -0.000000000000000000, -0.000000000000000000, 1.000000000000000000 ) ) ;
#728 = ORIENTED_EDGE ( 'NONE', *, *, #1486, .T. ) ;
#729 = FACE_OUTER_BOUND ( 'NONE', #3042, .T. ) ;
#730 = VERTEX_POINT ( 'NONE', #1343 ) ;
#731 = LINE ( 'NONE', #1937, #3183 ) ;
#732 = DIRECTION ( 'NONE',  ( -2.211599650647652386E-15, 1.000000000000000000, 0.000000000000000000 ) ) ;
#733 = FACE_OUTER_BOUND ( 'NONE', #2064, .T. ) ;
#734 = ORIENTED_EDGE ( 'NONE', *, *, #3167, .F. ) ;
#735 = CARTESIAN_POINT ( 'NONE',  ( 3.549999999999991385, -41.05000000000000426, -57.29999999999990479 ) ) ;
#736 = VERTEX_POINT ( 'NONE', #506 ) ;
#737 = EDGE_LOOP ( 'NONE', ( #3588, #1015, #3773, #755 ) ) ;
#738 = EDGE_CURVE ( 'NONE', #3389, #508, #772, .T. ) ;
#739 = ADVANCED_FACE ( 'NONE', ( #3470, #2538 ), #472, .T. ) ;
#740 = DIRECTION ( 'NONE',  ( 0.000000000000000000, 0.000000000000000000, 1.000000000000000000 ) ) ;
#741 = DIRECTION ( 'NONE',  ( -1.000000000000000000, 0.000000000000000000, 0.000000000000000000 ) ) ;
#742 = FACE_OUTER_BOUND ( 'NONE', #422, .T. ) ;
#743 = APPLICATION_PROTOCOL_DEFINITION ( 'draft international standard', 'automotive_design', 1998, #714 ) ;
#744 = VERTEX_POINT ( 'NONE', #802 ) ;
#745 = ADVANCED_FACE ( 'NONE', ( #3175, #1666 ), #3417, .T. ) ;
#746 = CARTESIAN_POINT ( 'NONE',  ( -1.900000000000014344, -41.05000000000000426, -52.04999999999991189 ) ) ;
#747 = VERTEX_POINT ( 'NONE', #2832 ) ;
#748 = FACE_BOUND ( 'NONE', #337, .T. ) ;
#749 = EDGE_LOOP ( 'NONE', ( #1968, #309 ) ) ;
#750 = DIRECTION ( 'NONE',  ( 1.000000000000000000, 0.000000000000000000, -0.000000000000000000 ) ) ;
#751 = DIRECTION ( 'NONE',  ( -0.000000000000000000, -0.000000000000000000, 1.000000000000000000 ) ) ;
#752 = CARTESIAN_POINT ( 'NONE',  ( 28.60000000000000853, -75.86000000000002785, -27.49999999999995737 ) ) ;
#753 = ORIENTED_EDGE ( 'NONE', *, *, #3457, .F. ) ;
#754 = LINE ( 'NONE', #2894, #2306 ) ;
#755 = ORIENTED_EDGE ( 'NONE', *, *, #3145, .T. ) ;
#756 = VECTOR ( 'NONE', #1338, 1000.000000000000000 ) ;
#757 = CARTESIAN_POINT ( 'NONE',  ( 4.724999999999553779, 11.47483660014416174, -3.000000000000000000 ) ) ;
#758 = CARTESIAN_POINT ( 'NONE',  ( -14.09999999999999254, -31.00000000000000355, -56.54999999999990479 ) ) ;
#759 = CIRCLE ( 'NONE', #2187, 1.899999999999999023 ) ;
#760 = ADVANCED_FACE ( 'NONE', ( #161 ), #1067, .F. ) ;
#761 = VERTEX_POINT ( 'NONE', #3231 ) ;
#762 = AXIS2_PLACEMENT_3D ( 'NONE', #402, #3693, #690 ) ;
#763 = VECTOR ( 'NONE', #221, 1000.000000000000000 ) ;
#764 = CIRCLE ( 'NONE', #1578, 5.000000000000000000 ) ;
#765 = CARTESIAN_POINT ( 'NONE',  ( 11.00000000000001066, -45.94999999999999574, -57.30000000000004690 ) ) ;
#766 = ORIENTED_EDGE ( 'NONE', *, *, #3615, .T. ) ;
#767 = DIRECTION ( 'NONE',  ( -0.000000000000000000, -0.000000000000000000, -1.000000000000000000 ) ) ;
#768 = EDGE_CURVE ( 'NONE', #3474, #464, #1471, .T. ) ;
#769 = AXIS2_PLACEMENT_3D ( 'NONE', #2718, #2640, #2053 ) ;
#770 = VECTOR ( 'NONE', #2765, 1000.000000000000114 ) ;
#771 = VERTEX_POINT ( 'NONE', #2904 ) ;
#772 = LINE ( 'NONE', #1090, #1205 ) ;
#773 = AXIS2_PLACEMENT_3D ( 'NONE', #1680, #818, #2244 ) ;
#774 = CIRCLE ( 'NONE', #2943, 1.900000000000009015 ) ;
#775 = CARTESIAN_POINT ( 'NONE',  ( -10.99999999999999467, -45.94999999999999574, -17.94999999999992468 ) ) ;
#776 = DIRECTION ( 'NONE',  ( -1.000000000000000000, 0.000000000000000000, 0.000000000000000000 ) ) ;
#777 = ORIENTED_EDGE ( 'NONE', *, *, #1427, .T. ) ;
#778 = DIRECTION ( 'NONE',  ( 1.000000000000000000, 0.000000000000000000, 0.000000000000000000 ) ) ;
#779 = VERTEX_POINT ( 'NONE', #3797 ) ;
#780 = LINE ( 'NONE', #1711, #3815 ) ;
#781 = APPLICATION_PROTOCOL_DEFINITION ( 'draft international standard', 'automotive_design', 1998, #2969 ) ;
#782 = VERTEX_POINT ( 'NONE', #2650 ) ;
#783 = ADVANCED_FACE ( 'NONE', ( #2632 ), #2144, .T. ) ;
#784 = CARTESIAN_POINT ( 'NONE',  ( -12.19999999999998330, -31.00000000000000355, -52.04999999999991189 ) ) ;
#785 = ORIENTED_EDGE ( 'NONE', *, *, #1463, .T. ) ;
#786 = CYLINDRICAL_SURFACE ( 'NONE', #1525, 1.900000000000007683 ) ;
#787 = ORIENTED_EDGE ( 'NONE', *, *, #3146, .F. ) ;
#788 = ADVANCED_FACE ( 'NONE', ( #346 ), #3543, .F. ) ;
#789 = EDGE_CURVE ( 'NONE', #3838, #1800, #3072, .T. ) ;
#790 = CARTESIAN_POINT ( 'NONE',  ( 11.00000000000000888, 0.000000000000000000, -43.54999999999993321 ) ) ;
#791 = DIRECTION ( 'NONE',  ( -1.000000000000000000, 0.000000000000000000, 0.000000000000000000 ) ) ;
#792 = LINE ( 'NONE', #3459, #638 ) ;
#793 = ORIENTED_EDGE ( 'NONE', *, *, #2804, .F. ) ;
#794 = EDGE_CURVE ( 'NONE', #201, #3542, #660, .T. ) ;
#795 = CARTESIAN_POINT ( 'NONE',  ( -15.20537989737616158, -22.10368098241526269, 2.299999999999999822 ) ) ;
#796 = ORIENTED_EDGE ( 'NONE', *, *, #987, .F. ) ;
#797 = DIRECTION ( 'NONE',  ( -1.000000000000000000, 0.000000000000000000, 0.000000000000000000 ) ) ;
#798 = CARTESIAN_POINT ( 'NONE',  ( 1.900000000000002576, -41.05000000000000426, -56.54999999999990479 ) ) ;
#799 = VERTEX_POINT ( 'NONE', #1428 ) ;
#800 = CYLINDRICAL_SURFACE ( 'NONE', #3814, 2.649999999999997691 ) ;
#801 = VERTEX_POINT ( 'NONE', #1177 ) ;
#802 = CARTESIAN_POINT ( 'NONE',  ( 26.59999999999986287, -55.69999999999999574, -7.449999999999929123 ) ) ;
#803 = CARTESIAN_POINT ( 'NONE',  ( -11.60474041071085516, 6.699999999999613820, 0.000000000000000000 ) ) ;
#804 = ORIENTED_EDGE ( 'NONE', *, *, #3117, .F. ) ;
#805 = FACE_OUTER_BOUND ( 'NONE', #1481, .T. ) ;
#806 = EDGE_CURVE ( 'NONE', #1576, #79, #1020, .T. ) ;
#807 = EDGE_LOOP ( 'NONE', ( #458, #2418, #2608, #3412 ) ) ;
#808 = EDGE_CURVE ( 'NONE', #3506, #611, #3330, .T. ) ;
#809 = DIRECTION ( 'NONE',  ( -1.105799825323826193E-15, -1.000000000000000000, 0.000000000000000000 ) ) ;
#810 = EDGE_LOOP ( 'NONE', ( #127, #248 ) ) ;
#811 = ADVANCED_FACE ( 'NONE', ( #1850, #3839 ), #3524, .T. ) ;
#812 = DIRECTION ( 'NONE',  ( -1.000000000000000000, 0.000000000000000000, 0.000000000000000000 ) ) ;
#813 = VECTOR ( 'NONE', #3039, 1000.000000000000000 ) ;
#814 = VECTOR ( 'NONE', #78, 1000.000000000000000 ) ;
#815 = AXIS2_PLACEMENT_3D ( 'NONE', #976, #2993, #1583 ) ;
#816 = DIRECTION ( 'NONE',  ( -0.000000000000000000, -0.000000000000000000, 1.000000000000000000 ) ) ;
#817 = ORIENTED_EDGE ( 'NONE', *, *, #1961, .T. ) ;
#818 = DIRECTION ( 'NONE',  ( -2.515402503830336267E-16, 8.050361205584444418E-17, -1.000000000000000000 ) ) ;
#819 = ORIENTED_EDGE ( 'NONE', *, *, #2527, .T. ) ;
#820 = VECTOR ( 'NONE', #3669, 1000.000000000000000 ) ;
#821 = VECTOR ( 'NONE', #1851, 1000.000000000000000 ) ;
#822 = VECTOR ( 'NONE', #2926, 1000.000000000000000 ) ;
#823 = FACE_OUTER_BOUND ( 'NONE', #2008, .T. ) ;
#824 = DIRECTION ( 'NONE',  ( 0.000000000000000000, 0.000000000000000000, 1.000000000000000000 ) ) ;
#825 = ORIENTED_EDGE ( 'NONE', *, *, #3435, .F. ) ;
#826 = VECTOR ( 'NONE', #2556, 1000.000000000000000 ) ;
#827 = VECTOR ( 'NONE', #364, 1000.000000000000000 ) ;
#828 = DIRECTION ( 'NONE',  ( -2.515402503830336267E-16, 8.050361205584444418E-17, -1.000000000000000000 ) ) ;
#829 = ORIENTED_EDGE ( 'NONE', *, *, #2645, .T. ) ;
#830 = AXIS2_PLACEMENT_3D ( 'NONE', #2169, #1031, #81 ) ;
#831 = CIRCLE ( 'NONE', #1337, 2.649999999999999467 ) ;
#832 = EDGE_CURVE ( 'NONE', #1028, #3581, #3377, .T. ) ;
#833 = CARTESIAN_POINT ( 'NONE',  ( 10.55000000000001137, -31.00000000000000355, -56.54999999999991189 ) ) ;
#834 = DIRECTION ( 'NONE',  ( -1.000000000000000000, 0.000000000000000000, -0.000000000000000000 ) ) ;
#835 = VECTOR ( 'NONE', #1193, 999.9999999999998863 ) ;
#836 = VECTOR ( 'NONE', #1537, 1000.000000000000000 ) ;
#837 = ORIENTED_EDGE ( 'NONE', *, *, #2422, .T. ) ;
#838 = ADVANCED_FACE ( 'NONE', ( #3018 ), #2294, .F. ) ;
#839 = LINE ( 'NONE', #3190, #2690 ) ;
#840 = PLANE ( 'NONE',  #2615 ) ;
#841 = ORIENTED_EDGE ( 'NONE', *, *, #2323, .T. ) ;
#842 = DIRECTION ( 'NONE',  ( -1.000000000000000000, 0.000000000000000000, 0.000000000000000000 ) ) ;
#843 = ORIENTED_EDGE ( 'NONE', *, *, #1620, .T. ) ;
#844 = CARTESIAN_POINT ( 'NONE',  ( 16.00000000000004263, -65.70000000000004547, -12.19999999999993001 ) ) ;
#845 = LINE ( 'NONE', #1178, #3739 ) ;
#846 = ORIENTED_EDGE ( 'NONE', *, *, #409, .F. ) ;
#847 = LINE ( 'NONE', #3218, #2201 ) ;
#848 = VERTEX_POINT ( 'NONE', #1449 ) ;
#849 = CARTESIAN_POINT ( 'NONE',  ( 19.55000000000003979, -65.70000000000004547, -12.19999999999993001 ) ) ;
#850 = DIRECTION ( 'NONE',  ( 8.078565202966608788E-32, -1.000000000000000000, -6.938893903907222461E-16 ) ) ;
#851 = CARTESIAN_POINT ( 'NONE',  ( -7.729159201799991052, -3.485303408726214691E-13, 2.299999999999999822 ) ) ;
#852 = VERTEX_POINT ( 'NONE', #3215 ) ;
#853 = VERTEX_POINT ( 'NONE', #246 ) ;
#854 = LINE ( 'NONE', #2257, #1092 ) ;
#855 = ADVANCED_FACE ( 'NONE', ( #3484 ), #51, .F. ) ;
#856 = EDGE_CURVE ( 'NONE', #1789, #3838, #2428, .T. ) ;
#857 = CARTESIAN_POINT ( 'NONE',  ( 11.00000000000000888, -55.70000000000010232, -47.54999999999993321 ) ) ;
#858 = CARTESIAN_POINT ( 'NONE',  ( -15.99999999999999645, -32.99999999999999289, 0.000000000000000000 ) ) ;
#859 = DIRECTION ( 'NONE',  ( 0.000000000000000000, 0.000000000000000000, 1.000000000000000000 ) ) ;
#860 = ORIENTED_EDGE ( 'NONE', *, *, #280, .T. ) ;
#861 = ADVANCED_FACE ( 'NONE', ( #823 ), #2009, .F. ) ;
#862 = CARTESIAN_POINT ( 'NONE',  ( 11.00000000000000533, -45.94999999999999574, -11.44999999999992824 ) ) ;
#863 = CARTESIAN_POINT ( 'NONE',  ( 0.000000000000000000, -36.00000000000000000, 0.000000000000000000 ) ) ;
#864 = EDGE_LOOP ( 'NONE', ( #1906, #1417 ) ) ;
#865 = DIRECTION ( 'NONE',  ( -1.000000000000000000, -0.000000000000000000, -0.000000000000000000 ) ) ;
#866 = VERTEX_POINT ( 'NONE', #3198 ) ;
#867 = DIRECTION ( 'NONE',  ( -0.000000000000000000, -0.000000000000000000, 1.000000000000000000 ) ) ;
#868 = PLANE ( 'NONE',  #3804 ) ;
#869 = DIRECTION ( 'NONE',  ( -1.000000000000000000, 0.000000000000000000, 0.000000000000000000 ) ) ;
#870 = ORIENTED_EDGE ( 'NONE', *, *, #1107, .F. ) ;
#871 = ORIENTED_EDGE ( 'NONE', *, *, #2038, .T. ) ;
#872 = LINE ( 'NONE', #2057, #2449 ) ;
#873 = VERTEX_POINT ( 'NONE', #229 ) ;
#874 = AXIS2_PLACEMENT_3D ( 'NONE', #413, #707, #1898 ) ;
#875 = ADVANCED_FACE ( 'NONE', ( #1160 ), #678, .F. ) ;
#876 = DIRECTION ( 'NONE',  ( 1.000000000000000000, 0.000000000000000000, 0.000000000000000000 ) ) ;
#877 = DIRECTION ( 'NONE',  ( -1.000000000000000000, 0.000000000000000000, 0.000000000000000000 ) ) ;
#878 = VECTOR ( 'NONE', #1547, 1000.000000000000000 ) ;
#879 = CARTESIAN_POINT ( 'NONE',  ( -10.69541689571855159, -9.189102397468486672, 2.299999999999999822 ) ) ;
#880 = ORIENTED_EDGE ( 'NONE', *, *, #2570, .T. ) ;
#881 = AXIS2_PLACEMENT_3D ( 'NONE', #706, #1292, #445 ) ;
#882 = DIRECTION ( 'NONE',  ( -1.156482317317871232E-16, -1.739756716429803565E-31, -1.000000000000000000 ) ) ;
#883 = EDGE_CURVE ( 'NONE', #1462, #1623, #2377, .T. ) ;
#884 = CARTESIAN_POINT ( 'NONE',  ( -15.99999999999999645, -36.00000000000000000, 0.000000000000000000 ) ) ;
#885 = ORIENTED_EDGE ( 'NONE', *, *, #3163, .T. ) ;
#886 = CARTESIAN_POINT ( 'NONE',  ( 11.00000000000000355, -55.70000000000005969, -43.54999999999993321 ) ) ;
#887 = ORIENTED_EDGE ( 'NONE', *, *, #909, .F. ) ;
#888 = VECTOR ( 'NONE', #3544, 1000.000000000000000 ) ;
#889 = CARTESIAN_POINT ( 'NONE',  ( -5.999999999999988454, -65.70000000000004547, -42.79999999999993321 ) ) ;
#890 = AXIS2_PLACEMENT_3D ( 'NONE', #619, #662, #328 ) ;
#891 = VECTOR ( 'NONE', #1165, 1000.000000000000000 ) ;
#892 = DIRECTION ( 'NONE',  ( 0.000000000000000000, 0.000000000000000000, 1.000000000000000000 ) ) ;
#893 = CARTESIAN_POINT ( 'NONE',  ( 28.60000000000002984, -85.41000000000042292, -27.49999999999995737 ) ) ;
#894 = EDGE_LOOP ( 'NONE', ( #2211, #885, #3283, #355 ) ) ;
#895 = AXIS2_PLACEMENT_3D ( 'NONE', #1743, #2929, #1479 ) ;
#896 = AXIS2_PLACEMENT_3D ( 'NONE', #1140, #2335, #3308 ) ;
#897 = ORIENTED_EDGE ( 'NONE', *, *, #3163, .F. ) ;
#898 = DIRECTION ( 'NONE',  ( -0.000000000000000000, -0.000000000000000000, 1.000000000000000000 ) ) ;
#899 = VECTOR ( 'NONE', #675, 1000.000000000000000 ) ;
#900 = LINE ( 'NONE', #3564, #571 ) ;
#901 = DIRECTION ( 'NONE',  ( -1.000000000000000000, 0.000000000000000000, 0.000000000000000000 ) ) ;
#902 = LINE ( 'NONE', #3855, #2010 ) ;
#903 = EDGE_LOOP ( 'NONE', ( #3395, #575 ) ) ;
#904 = PLANE ( 'NONE',  #1202 ) ;
#905 = ORIENTED_EDGE ( 'NONE', *, *, #768, .T. ) ;
#906 = CARTESIAN_POINT ( 'NONE',  ( -5.000000000000000000, 6.123233995736766282E-16, -2.999999999999999112 ) ) ;
#907 = ORIENTED_EDGE ( 'NONE', *, *, #2022, .T. ) ;
#908 = EDGE_CURVE ( 'NONE', #848, #761, #143, .T. ) ;
#909 = EDGE_CURVE ( 'NONE', #134, #299, #1867, .T. ) ;
#910 = DIRECTION ( 'NONE',  ( -1.000000000000000000, 0.000000000000000000, 0.000000000000000000 ) ) ;
#911 = DIRECTION ( 'NONE',  ( 1.000000000000000000, 0.000000000000000000, 0.000000000000000000 ) ) ;
#912 = FACE_BOUND ( 'NONE', #3065, .T. ) ;
#913 = ORIENTED_EDGE ( 'NONE', *, *, #768, .F. ) ;
#914 = ORIENTED_EDGE ( 'NONE', *, *, #3831, .T. ) ;
#915 = EDGE_CURVE ( 'NONE', #3581, #1028, #1949, .T. ) ;
#916 = PLANE ( 'NONE',  #1586 ) ;
#917 = DIRECTION ( 'NONE',  ( 0.1724731828275600787, -0.9850142137072596116, 0.000000000000000000 ) ) ;
#918 = CARTESIAN_POINT ( 'NONE',  ( 16.00000000000004263, -65.70000000000004547, -38.54999999999994031 ) ) ;
#919 = CARTESIAN_POINT ( 'NONE',  ( -1.999999999999993117, -42.00000000000010658, -32.50000000000004263 ) ) ;
#920 = DIRECTION ( 'NONE',  ( -0.000000000000000000, -0.000000000000000000, 1.000000000000000000 ) ) ;
#921 = LINE ( 'NONE', #2981, #3613 ) ;
#922 = ORIENTED_EDGE ( 'NONE', *, *, #2260, .F. ) ;
#923 = LINE ( 'NONE', #3527, #2629 ) ;
#924 = VERTEX_POINT ( 'NONE', #757 ) ;
#925 = CARTESIAN_POINT ( 'NONE',  ( -5.999999999999988454, -65.70000000000004547, -16.44999999999992824 ) ) ;
#926 = LINE ( 'NONE', #593, #2681 ) ;
#927 = DIRECTION ( 'NONE',  ( -1.000000000000000000, 0.000000000000000000, 0.000000000000000000 ) ) ;
#928 = EDGE_CURVE ( 'NONE', #311, #3124, #1561, .T. ) ;
#929 = VERTEX_POINT ( 'NONE', #3659 ) ;
#930 = EDGE_LOOP ( 'NONE', ( #2726, #2582, #13, #3673 ) ) ;
#931 = CARTESIAN_POINT ( 'NONE',  ( -10.99999999999999289, -42.00000000000010658, -22.50000000000004263 ) ) ;
#932 = EDGE_CURVE ( 'NONE', #1606, #3294, #3057, .T. ) ;
#933 = CARTESIAN_POINT ( 'NONE',  ( 20.99999999999989342, -55.70000000000005969, -43.54999999999993321 ) ) ;
#934 = ORIENTED_EDGE ( 'NONE', *, *, #3621, .F. ) ;
#935 = CYLINDRICAL_SURFACE ( 'NONE', #3806, 1.900000000000005906 ) ;
#936 = DIRECTION ( 'NONE',  ( -1.000000000000000000, 0.000000000000000000, 2.515402503830336267E-16 ) ) ;
#937 = CARTESIAN_POINT ( 'NONE',  ( -4.099999999999990763, -65.70000000000004547, -16.44999999999992824 ) ) ;
#938 = ORIENTED_EDGE ( 'NONE', *, *, #2049, .F. ) ;
#939 = CARTESIAN_POINT ( 'NONE',  ( -15.20537989737616158, -22.10368098241526269, -3.199999999999999734 ) ) ;
#940 = ORIENTED_EDGE ( 'NONE', *, *, #2976, .T. ) ;
#941 = LINE ( 'NONE', #417, #2882 ) ;
#942 = AXIS2_PLACEMENT_3D ( 'NONE', #3464, #155, #2259 ) ;
#943 = ORIENTED_EDGE ( 'NONE', *, *, #3576, .T. ) ;
#944 = VECTOR ( 'NONE', #3227, 1000.000000000000000 ) ;
#945 = CARTESIAN_POINT ( 'NONE',  ( -19.00000000000000000, -32.99999999999999289, -57.29999999999990479 ) ) ;
#946 = DIRECTION ( 'NONE',  ( 0.000000000000000000, 0.000000000000000000, -1.000000000000000000 ) ) ;
#947 = CARTESIAN_POINT ( 'NONE',  ( -14.09999999999999254, -31.00000000000000355, -56.54999999999990479 ) ) ;
#948 = ORIENTED_EDGE ( 'NONE', *, *, #471, .T. ) ;
#949 = AXIS2_PLACEMENT_3D ( 'NONE', #1259, #3401, #732 ) ;
#950 = AXIS2_PLACEMENT_3D ( 'NONE', #2371, #3791, #876 ) ;
#951 = STYLED_ITEM ( 'NONE', ( #1317 ), #652 ) ;
#952 = EDGE_CURVE ( 'NONE', #605, #578, #1517, .T. ) ;
#953 = DIRECTION ( 'NONE',  ( -0.1724731828275082590, 0.9850142137072687154, 0.000000000000000000 ) ) ;
#954 = CIRCLE ( 'NONE', #1640, 3.549999999999997602 ) ;
#955 = CIRCLE ( 'NONE', #2875, 3.549999999999997602 ) ;
#956 = DIRECTION ( 'NONE',  ( -1.231653667943530572E-16, 1.000000000000000000, -1.433945323526571533E-32 ) ) ;
#957 = ORIENTED_EDGE ( 'NONE', *, *, #3517, .F. ) ;
#958 = EDGE_CURVE ( 'NONE', #578, #605, #3444, .T. ) ;
#959 = EDGE_CURVE ( 'NONE', #3453, #2963, #955, .T. ) ;
#960 = CIRCLE ( 'NONE', #80, 1.899999999999998135 ) ;
#961 = DIRECTION ( 'NONE',  ( 1.000000000000000000, 0.000000000000000000, 0.000000000000000000 ) ) ;
#962 = DIRECTION ( 'NONE',  ( -2.515402503830336267E-16, 8.050361205584444418E-17, -1.000000000000000000 ) ) ;
#963 = FACE_OUTER_BOUND ( 'NONE', #2541, .T. ) ;
#964 = CARTESIAN_POINT ( 'NONE',  ( 23.60000000000000497, -75.86000000000018417, -27.50000000000003908 ) ) ;
#965 = VERTEX_POINT ( 'NONE', #425 ) ;
#966 = EDGE_CURVE ( 'NONE', #3506, #2736, #443, .T. ) ;
#967 = DIRECTION ( 'NONE',  ( 0.000000000000000000, 1.000000000000000000, -0.000000000000000000 ) ) ;
#968 = ORIENTED_EDGE ( 'NONE', *, *, #3571, .F. ) ;
#969 = FACE_OUTER_BOUND ( 'NONE', #2127, .T. ) ;
#970 = ORIENTED_EDGE ( 'NONE', *, *, #2494, .T. ) ;
#971 = DIRECTION ( 'NONE',  ( -1.000000000000000000, 0.000000000000000000, 0.000000000000000000 ) ) ;
#972 = FACE_OUTER_BOUND ( 'NONE', #1105, .T. ) ;
#973 = CARTESIAN_POINT ( 'NONE',  ( 11.00000000000000355, -38.00000000000000000, 2.299999999999999822 ) ) ;
#974 = VERTEX_POINT ( 'NONE', #2205 ) ;
#975 = LINE ( 'NONE', #439, #398 ) ;
#976 = CARTESIAN_POINT ( 'NONE',  ( -6.624999999999910294, 11.47483660014377449, 2.299999999999999822 ) ) ;
#977 = PLANE ( 'NONE',  #2135 ) ;
#978 = CARTESIAN_POINT ( 'NONE',  ( 14.10000000000001030, -31.00000000000000355, -57.29999999999991189 ) ) ;
#979 = DIRECTION ( 'NONE',  ( 0.9850142137072688264, 0.1724731828275082868, 0.000000000000000000 ) ) ;
#980 = ADVANCED_FACE ( 'NONE', ( #2488, #1895, #1639, #2176, #2741, #3082 ), #977, .T. ) ;
#981 = DIRECTION ( 'NONE',  ( -1.000000000000000000, -0.000000000000000000, -1.164243943608584841E-16 ) ) ;
#982 = EDGE_CURVE ( 'NONE', #3157, #3197, #2199, .T. ) ;
#983 = ORIENTED_EDGE ( 'NONE', *, *, #3096, .F. ) ;
#984 = CARTESIAN_POINT ( 'NONE',  ( -12.99999999999998401, -36.00000000000000000, 2.299999999999999822 ) ) ;
#985 = ORIENTED_EDGE ( 'NONE', *, *, #1773, .F. ) ;
#986 = DIRECTION ( 'NONE',  ( 1.000000000000000000, 0.000000000000000000, 0.000000000000000000 ) ) ;
#987 = EDGE_CURVE ( 'NONE', #1677, #2170, #153, .T. ) ;
#988 = ORIENTED_EDGE ( 'NONE', *, *, #2197, .T. ) ;
#989 = CARTESIAN_POINT ( 'NONE',  ( -11.40537989737615909, -22.10368098241526269, -3.199999999999999734 ) ) ;
#990 = FACE_OUTER_BOUND ( 'NONE', #3651, .T. ) ;
#991 = DIRECTION ( 'NONE',  ( -1.164243943608594702E-16, 0.000000000000000000, 1.000000000000000000 ) ) ;
#992 = ORIENTED_EDGE ( 'NONE', *, *, #87, .F. ) ;
#993 = CARTESIAN_POINT ( 'NONE',  ( 14.10000000000004228, -65.70000000000004547, -38.54999999999994031 ) ) ;
#994 = VERTEX_POINT ( 'NONE', #1350 ) ;
#995 = DIRECTION ( 'NONE',  ( -1.000000000000000000, -0.000000000000000000, -0.000000000000000000 ) ) ;
#996 = CARTESIAN_POINT ( 'NONE',  ( 0.000000000000000000, -46.44999999999999574, -17.44999999999993179 ) ) ;
#997 = LINE ( 'NONE', #3660, #2367 ) ;
#998 = DIRECTION ( 'NONE',  ( 1.000000000000000000, 2.163843965683114248E-15, -1.033696669000698046E-19 ) ) ;
#999 = VERTEX_POINT ( 'NONE', #2531 ) ;
#1000 = EDGE_CURVE ( 'NONE', #508, #1781, #2159, .T. ) ;
#1001 = EDGE_CURVE ( 'NONE', #3257, #698, #261, .T. ) ;
#1002 = CARTESIAN_POINT ( 'NONE',  ( -4.724999999999909939, 11.47483660014377449, -3.199999999999999734 ) ) ;
#1003 = ORIENTED_EDGE ( 'NONE', *, *, #3165, .T. ) ;
#1004 = LINE ( 'NONE', #3321, #1521 ) ;
#1005 = ORIENTED_EDGE ( 'NONE', *, *, #2422, .F. ) ;
#1006 = EDGE_CURVE ( 'NONE', #3089, #1325, #2753, .T. ) ;
#1007 = DIRECTION ( 'NONE',  ( -1.000000000000000000, 0.000000000000000000, 0.000000000000000000 ) ) ;
#1008 = DIRECTION ( 'NONE',  ( 1.000000000000000000, 0.000000000000000000, 0.000000000000000000 ) ) ;
#1009 = CYLINDRICAL_SURFACE ( 'NONE', #260, 1.900000000000000577 ) ;
#1010 = AXIS2_PLACEMENT_3D ( 'NONE', #3626, #1853, #2147 ) ;
#1011 = AXIS2_PLACEMENT_3D ( 'NONE', #3431, #3141, #467 ) ;
#1012 = VERTEX_POINT ( 'NONE', #1692 ) ;
#1013 = VECTOR ( 'NONE', #3617, 1000.000000000000000 ) ;
#1014 = CARTESIAN_POINT ( 'NONE',  ( 11.40537989737616265, -22.10368098241526269, -3.199999999999999734 ) ) ;
#1015 = ORIENTED_EDGE ( 'NONE', *, *, #356, .F. ) ;
#1016 = AXIS2_PLACEMENT_3D ( 'NONE', #1919, #45, #3107 ) ;
#1017 = AXIS2_PLACEMENT_3D ( 'NONE', #3083, #962, #1248 ) ;
#1018 = DIRECTION ( 'NONE',  ( 1.000000000000000000, 0.000000000000000000, 0.000000000000000000 ) ) ;
#1019 = AXIS2_PLACEMENT_3D ( 'NONE', #2484, #2755, #1614 ) ;
#1020 = CIRCLE ( 'NONE', #3315, 2.999999999999999112 ) ;
#1021 = DIRECTION ( 'NONE',  ( 0.000000000000000000, 1.000000000000000000, -1.739756716429803565E-31 ) ) ;
#1022 = CARTESIAN_POINT ( 'NONE',  ( 14.25474041071149145, 6.700000000000736478, 0.000000000000000000 ) ) ;
#1023 = CARTESIAN_POINT ( 'NONE',  ( -10.99999999999999112, -46.44999999999999574, -37.04999999999993321 ) ) ;
#1024 = ORIENTED_EDGE ( 'NONE', *, *, #2972, .T. ) ;
#1025 = VECTOR ( 'NONE', #1916, 1000.000000000000000 ) ;
#1026 = AXIS2_PLACEMENT_3D ( 'NONE', #1725, #1979, #2272 ) ;
#1027 = DIRECTION ( 'NONE',  ( -1.000000000000000000, -0.000000000000000000, -0.000000000000000000 ) ) ;
#1028 = VERTEX_POINT ( 'NONE', #206 ) ;
#1029 = VECTOR ( 'NONE', #3742, 1000.000000000000000 ) ;
#1030 = AXIS2_PLACEMENT_3D ( 'NONE', #716, #1008, #3341 ) ;
#1031 = DIRECTION ( 'NONE',  ( -0.000000000000000000, -0.000000000000000000, 1.000000000000000000 ) ) ;
#1032 = ORIENTED_EDGE ( 'NONE', *, *, #3316, .F. ) ;
#1033 = CARTESIAN_POINT ( 'NONE',  ( 64.09676041556578241, -88.41000000000045134, -27.49999999999995737 ) ) ;
#1034 = DIRECTION ( 'NONE',  ( 0.7668107407454949342, 0.6418732646538141129, 0.000000000000000000 ) ) ;
#1035 = DIRECTION ( 'NONE',  ( 0.7071067811865503483, -0.7071067811865445751, -0.000000000000000000 ) ) ;
#1036 = EDGE_CURVE ( 'NONE', #1623, #1462, #577, .T. ) ;
#1037 = ORIENTED_EDGE ( 'NONE', *, *, #521, .T. ) ;
#1038 = EDGE_CURVE ( 'NONE', #2276, #2642, #2289, .T. ) ;
#1039 = DIRECTION ( 'NONE',  ( 1.000000000000000000, -0.000000000000000000, 0.000000000000000000 ) ) ;
#1040 = VERTEX_POINT ( 'NONE', #2600 ) ;
#1041 = EDGE_LOOP ( 'NONE', ( #590, #3460 ) ) ;
#1042 = EDGE_CURVE ( 'NONE', #3482, #3789, #2037, .T. ) ;
#1043 = DIRECTION ( 'NONE',  ( -1.000000000000000000, 0.000000000000000000, 0.000000000000000000 ) ) ;
#1044 = DIRECTION ( 'NONE',  ( -2.515402503830336267E-16, 8.050361205584444418E-17, -1.000000000000000000 ) ) ;
#1045 = CYLINDRICAL_SURFACE ( 'NONE', #2809, 1.900000000000007683 ) ;
#1046 = UNCERTAINTY_MEASURE_WITH_UNIT (LENGTH_MEASURE( 1.000000000000000082E-05 ), #1076, 'distance_accuracy_value', 'NONE');
#1047 = ORIENTED_EDGE ( 'NONE', *, *, #1580, .F. ) ;
#1048 = CYLINDRICAL_SURFACE ( 'NONE', #129, 3.549999999999998046 ) ;
#1049 = ORIENTED_EDGE ( 'NONE', *, *, #2299, .T. ) ;
#1050 = DIRECTION ( 'NONE',  ( -0.000000000000000000, -0.000000000000000000, 1.000000000000000000 ) ) ;
#1051 = ORIENTED_EDGE ( 'NONE', *, *, #3647, .F. ) ;
#1052 = CARTESIAN_POINT ( 'NONE',  ( -10.99999999999999645, -75.70000000000008811, -11.44999999999993179 ) ) ;
#1053 = PLANE ( 'NONE',  #3369 ) ;
#1054 = DIRECTION ( 'NONE',  ( -2.515402503830336267E-16, 8.050361205584444418E-17, -1.000000000000000000 ) ) ;
#1055 = ORIENTED_EDGE ( 'NONE', *, *, #2737, .T. ) ;
#1056 = ADVANCED_FACE ( 'NONE', ( #3518 ), #170, .T. ) ;
#1057 = LINE ( 'NONE', #833, #1894 ) ;
#1058 = ORIENTED_EDGE ( 'NONE', *, *, #2480, .T. ) ;
#1059 = ADVANCED_FACE ( 'NONE', ( #2585 ), #1075, .F. ) ;
#1060 = CARTESIAN_POINT ( 'NONE',  ( -3.864579600900125200, 6.693648218653342141, 0.000000000000000000 ) ) ;
#1061 = CARTESIAN_POINT ( 'NONE',  ( -5.999999999999988454, -65.70000000000004547, -38.54999999999994031 ) ) ;
#1062 = ORIENTED_EDGE ( 'NONE', *, *, #3423, .F. ) ;
#1063 = FACE_OUTER_BOUND ( 'NONE', #2492, .T. ) ;
#1064 = ORIENTED_EDGE ( 'NONE', *, *, #3496, .F. ) ;
#1065 = CARTESIAN_POINT ( 'NONE',  ( -11.60474041071085516, 6.699999999999613820, -42.93251095273883777 ) ) ;
#1066 = EDGE_LOOP ( 'NONE', ( #1915, #667, #2520, #2416 ) ) ;
#1067 = CYLINDRICAL_SURFACE ( 'NONE', #3188, 2.649999999999999023 ) ;
#1068 = DIRECTION ( 'NONE',  ( -4.163202090930917821E-17, -1.000000000000000000, -4.846982820384970421E-33 ) ) ;
#1069 = DIRECTION ( 'NONE',  ( 1.000000000000000000, 0.000000000000000000, 1.164243943608594702E-16 ) ) ;
#1070 = ORIENTED_EDGE ( 'NONE', *, *, #492, .F. ) ;
#1071 = PRESENTATION_LAYER_ASSIGNMENT (  '', '', ( #2056 ) ) ;
#1072 = CARTESIAN_POINT ( 'NONE',  ( 13.30537989737616122, -22.10368098241526269, -3.199999999999999734 ) ) ;
#1073 = VERTEX_POINT ( 'NONE', #465 ) ;
#1074 = EDGE_CURVE ( 'NONE', #79, #2893, #839, .T. ) ;
#1075 = CYLINDRICAL_SURFACE ( 'NONE', #324, 1.899999999999998135 ) ;
#1076 =( LENGTH_UNIT ( ) NAMED_UNIT ( * ) SI_UNIT ( .MILLI., .METRE. ) );
#1077 = EDGE_CURVE ( 'NONE', #2264, #965, #3463, .T. ) ;
#1078 = VERTEX_POINT ( 'NONE', #535 ) ;
#1079 = EDGE_CURVE ( 'NONE', #1837, #2667, #3757, .T. ) ;
#1080 = CIRCLE ( 'NONE', #3246, 3.549999999999997602 ) ;
#1081 = AXIS2_PLACEMENT_3D ( 'NONE', #918, #3331, #1896 ) ;
#1082 = CIRCLE ( 'NONE', #2256, 0.5000000000000004441 ) ;
#1083 = LINE ( 'NONE', #1678, #756 ) ;
#1084 = ORIENTED_EDGE ( 'NONE', *, *, #1238, .F. ) ;
#1085 = CARTESIAN_POINT ( 'NONE',  ( 11.60474041071149109, 6.700000000000736478, 0.000000000000000000 ) ) ;
#1086 = AXIS2_PLACEMENT_3D ( 'NONE', #973, #2524, #991 ) ;
#1087 = VECTOR ( 'NONE', #702, 1000.000000000000000 ) ;
#1088 = EDGE_LOOP ( 'NONE', ( #3722, #2024 ) ) ;
#1089 = ADVANCED_FACE ( 'NONE', ( #1098 ), #239, .T. ) ;
#1090 = CARTESIAN_POINT ( 'NONE',  ( -2.610287666324261124, 13.85705393449289780, 0.000000000000000000 ) ) ;
#1091 = VECTOR ( 'NONE', #3823, 999.9999999999998863 ) ;
#1092 = VECTOR ( 'NONE', #2274, 1000.000000000000000 ) ;
#1093 = FACE_OUTER_BOUND ( 'NONE', #1188, .T. ) ;
#1094 = DIRECTION ( 'NONE',  ( -1.000000000000000000, 0.000000000000000000, 0.000000000000000000 ) ) ;
#1095 = ORIENTED_EDGE ( 'NONE', *, *, #3267, .F. ) ;
#1096 = FACE_OUTER_BOUND ( 'NONE', #1771, .T. ) ;
#1097 = ORIENTED_EDGE ( 'NONE', *, *, #3080, .F. ) ;
#1098 = FACE_OUTER_BOUND ( 'NONE', #1352, .T. ) ;
#1099 = VERTEX_POINT ( 'NONE', #1366 ) ;
#1100 = EDGE_CURVE ( 'NONE', #3750, #626, #2140, .T. ) ;
#1101 = ADVANCED_FACE ( 'NONE', ( #1438 ), #1996, .F. ) ;
#1102 = DIRECTION ( 'NONE',  ( 1.000000000000000000, 0.000000000000000000, 0.000000000000000000 ) ) ;
#1103 = ORIENTED_EDGE ( 'NONE', *, *, #958, .F. ) ;
#1104 = DIRECTION ( 'NONE',  ( -1.000000000000000000, 0.000000000000000000, 0.000000000000000000 ) ) ;
#1105 = EDGE_LOOP ( 'NONE', ( #493, #2669, #2785, #2675 ) ) ;
#1106 = DIRECTION ( 'NONE',  ( 0.000000000000000000, -1.000000000000000000, 0.000000000000000000 ) ) ;
#1107 = EDGE_CURVE ( 'NONE', #1837, #344, #854, .T. ) ;
#1108 = CARTESIAN_POINT ( 'NONE',  ( -11.60474041071085516, 6.699999999999613820, 2.299999999999999822 ) ) ;
#1109 = ORIENTED_EDGE ( 'NONE', *, *, #1978, .T. ) ;
#1110 = LINE ( 'NONE', #1939, #3187 ) ;
#1111 = EDGE_LOOP ( 'NONE', ( #2326, #1738, #3730, #1902 ) ) ;
#1112 = ORIENTED_EDGE ( 'NONE', *, *, #2884, .T. ) ;
#1113 = CARTESIAN_POINT ( 'NONE',  ( -6.437988490444115863E-15, -41.05000000000000426, -56.54999999999990479 ) ) ;
#1114 = SHAPE_DEFINITION_REPRESENTATION ( #3620, #2203 ) ;
#1115 = CARTESIAN_POINT ( 'NONE',  ( -10.99999999999999467, -86.04999999999999716, -17.44999999999993179 ) ) ;
#1116 = VERTEX_POINT ( 'NONE', #520 ) ;
#1117 = DIRECTION ( 'NONE',  ( 1.000000000000000000, 0.000000000000000000, 0.000000000000000000 ) ) ;
#1118 = EDGE_LOOP ( 'NONE', ( #2806, #2797, #115, #1112, #502, #1475, #3641, #817, #3769, #82, #3173, #3355 ) ) ;
#1119 = EDGE_CURVE ( 'NONE', #650, #1280, #1273, .T. ) ;
#1120 = DIRECTION ( 'NONE',  ( 0.000000000000000000, 0.000000000000000000, -1.000000000000000000 ) ) ;
#1121 = DIRECTION ( 'NONE',  ( 0.000000000000000000, 0.000000000000000000, 1.000000000000000000 ) ) ;
#1122 = ORIENTED_EDGE ( 'NONE', *, *, #208, .F. ) ;
#1123 = CARTESIAN_POINT ( 'NONE',  ( 16.00000000000004263, -65.70000000000004547, -42.79999999999993321 ) ) ;
#1124 = ORIENTED_EDGE ( 'NONE', *, *, #2592, .T. ) ;
#1125 = EDGE_CURVE ( 'NONE', #530, #1286, #780, .T. ) ;
#1126 = CARTESIAN_POINT ( 'NONE',  ( 14.10000000000001030, -31.00000000000000355, -56.54999999999991189 ) ) ;
#1127 = LINE ( 'NONE', #2239, #2066 ) ;
#1128 = VERTEX_POINT ( 'NONE', #2878 ) ;
#1129 = DIRECTION ( 'NONE',  ( 1.000000000000000000, 0.000000000000000000, 0.000000000000000000 ) ) ;
#1130 = CIRCLE ( 'NONE', #1936, 0.5000000000000004441 ) ;
#1131 = VECTOR ( 'NONE', #2126, 1000.000000000000000 ) ;
#1132 = CIRCLE ( 'NONE', #385, 2.650000000000000355 ) ;
#1133 = CARTESIAN_POINT ( 'NONE',  ( 20.99999999999996447, -75.70000000000008811, -47.54999999999991900 ) ) ;
#1134 = VERTEX_POINT ( 'NONE', #3154 ) ;
#1135 = FACE_OUTER_BOUND ( 'NONE', #3776, .T. ) ;
#1136 = ORIENTED_EDGE ( 'NONE', *, *, #908, .T. ) ;
#1137 = CIRCLE ( 'NONE', #3387, 1.899999999999998135 ) ;
#1138 = CIRCLE ( 'NONE', #1081, 1.899999999999999023 ) ;
#1139 = VECTOR ( 'NONE', #357, 1000.000000000000000 ) ;
#1140 = CARTESIAN_POINT ( 'NONE',  ( -1.999999999999993117, -42.00000000000010658, -32.50000000000004263 ) ) ;
#1141 = PLANE ( 'NONE',  #1378 ) ;
#1142 = ORIENTED_EDGE ( 'NONE', *, *, #1601, .T. ) ;
#1143 = AXIS2_PLACEMENT_3D ( 'NONE', #3487, #828, #2014 ) ;
#1144 = VECTOR ( 'NONE', #2591, 1000.000000000000000 ) ;
#1145 = DIRECTION ( 'NONE',  ( 1.000000000000000000, 0.000000000000000000, 0.000000000000000000 ) ) ;
#1146 = ORIENTED_EDGE ( 'NONE', *, *, #2401, .F. ) ;
#1147 = AXIS2_PLACEMENT_3D ( 'NONE', #1981, #3448, #3168 ) ;
#1148 = CARTESIAN_POINT ( 'NONE',  ( 20.99999999999989342, -55.70000000000005969, -43.54999999999993321 ) ) ;
#1149 = FACE_BOUND ( 'NONE', #1710, .T. ) ;
#1150 = EDGE_CURVE ( 'NONE', #3480, #2152, #2202, .T. ) ;
#1151 = DIRECTION ( 'NONE',  ( 0.7071067811865451302, -0.7071067811865499042, 0.000000000000000000 ) ) ;
#1152 = ADVANCED_FACE ( 'NONE', ( #185 ), #3582, .F. ) ;
#1153 = ORIENTED_EDGE ( 'NONE', *, *, #42, .T. ) ;
#1154 = DIRECTION ( 'NONE',  ( -1.577021341796747750E-16, 0.000000000000000000, 1.000000000000000000 ) ) ;
#1155 = EDGE_CURVE ( 'NONE', #3856, #1556, #2382, .T. ) ;
#1156 = DIRECTION ( 'NONE',  ( 1.231653667943530572E-16, -1.000000000000000000, 1.433945323526571533E-32 ) ) ;
#1157 = ORIENTED_EDGE ( 'NONE', *, *, #2568, .T. ) ;
#1158 = CARTESIAN_POINT ( 'NONE',  ( 26.59999999999986287, -55.69999999999999574, -7.449999999999929123 ) ) ;
#1159 = EDGE_LOOP ( 'NONE', ( #3535, #988 ) ) ;
#1160 = FACE_OUTER_BOUND ( 'NONE', #2226, .T. ) ;
#1161 = CARTESIAN_POINT ( 'NONE',  ( -5.306057363720466589E-15, -41.05000000000000426, -52.04999999999991189 ) ) ;
#1162 = ORIENTED_EDGE ( 'NONE', *, *, #1978, .F. ) ;
#1163 = CARTESIAN_POINT ( 'NONE',  ( -9.549999999999986500, -65.70000000000004547, -43.54999999999993321 ) ) ;
#1164 = ORIENTED_EDGE ( 'NONE', *, *, #3307, .T. ) ;
#1165 = DIRECTION ( 'NONE',  ( -0.000000000000000000, -0.000000000000000000, 1.000000000000000000 ) ) ;
#1166 = DIRECTION ( 'NONE',  ( 0.000000000000000000, 6.938893903907222461E-16, -1.000000000000000000 ) ) ;
#1167 = DIRECTION ( 'NONE',  ( -1.164243943608594702E-16, 0.000000000000000000, 1.000000000000000000 ) ) ;
#1168 = ORIENTED_EDGE ( 'NONE', *, *, #1318, .T. ) ;
#1169 = ORIENTED_EDGE ( 'NONE', *, *, #1885, .F. ) ;
#1170 = EDGE_CURVE ( 'NONE', #299, #1185, #2100, .T. ) ;
#1171 = DIRECTION ( 'NONE',  ( 1.000000000000000000, 3.330669073875469621E-16, 1.174842931814247840E-16 ) ) ;
#1172 = EDGE_CURVE ( 'NONE', #747, #311, #615, .T. ) ;
#1173 = FACE_OUTER_BOUND ( 'NONE', #894, .T. ) ;
#1174 = FACE_OUTER_BOUND ( 'NONE', #1985, .T. ) ;
#1175 = LINE ( 'NONE', #2351, #1686 ) ;
#1176 = ORIENTED_EDGE ( 'NONE', *, *, #3307, .F. ) ;
#1177 = CARTESIAN_POINT ( 'NONE',  ( 20.99999999999989342, -55.69999999999996732, -7.449999999999929123 ) ) ;
#1178 = CARTESIAN_POINT ( 'NONE',  ( -9.549999999999984723, -65.70000000000004547, -12.19999999999993001 ) ) ;
#1179 = ORIENTED_EDGE ( 'NONE', *, *, #2811, .T. ) ;
#1180 = LINE ( 'NONE', #274, #3252 ) ;
#1181 = ORIENTED_EDGE ( 'NONE', *, *, #3647, .T. ) ;
#1182 = DIRECTION ( 'NONE',  ( -0.1724731828275082313, 0.9850142137072687154, 0.000000000000000000 ) ) ;
#1183 = FACE_OUTER_BOUND ( 'NONE', #1118, .T. ) ;
#1184 = DIRECTION ( 'NONE',  ( 1.000000000000000000, 0.000000000000000000, 0.000000000000000000 ) ) ;
#1185 = VERTEX_POINT ( 'NONE', #2644 ) ;
#1186 = ORIENTED_EDGE ( 'NONE', *, *, #3450, .F. ) ;
#1187 = DIRECTION ( 'NONE',  ( -2.764499563309553649E-16, 1.000000000000000000, 0.000000000000000000 ) ) ;
#1188 = EDGE_LOOP ( 'NONE', ( #2617, #545, #2261, #2099 ) ) ;
#1189 = DIRECTION ( 'NONE',  ( 0.1724731828275075929, 0.9850142137072688264, 0.000000000000000000 ) ) ;
#1190 = CARTESIAN_POINT ( 'NONE',  ( 1.284469037195706312E-12, -13.39999999999929159, 2.299999999999999822 ) ) ;
#1191 = VECTOR ( 'NONE', #116, 1000.000000000000000 ) ;
#1192 = EDGE_CURVE ( 'NONE', #1073, #929, #2880, .T. ) ;
#1193 = DIRECTION ( 'NONE',  ( 0.7071067811865424657, -0.7071067811865526798, -0.000000000000000000 ) ) ;
#1194 = EDGE_CURVE ( 'NONE', #924, #866, #2365, .T. ) ;
#1195 = ORIENTED_EDGE ( 'NONE', *, *, #1859, .F. ) ;
#1196 = CLOSED_SHELL ( 'NONE', ( #3385, #2973, #3097, #1059, #1152, #1930, #2098, #688, #2710, #263, #2402, #1426, #2069, #1532, #2542, #1671, #3662, #2735, #2641, #3614, #838, #1907, #3734, #536, #184, #2114, #3834, #1935, #1652, #980, #3123, #1736, #3024, #3738, #1552, #547, #3356, #2586, #3140, #855, #1101, #783, #568, #3427, #2378, #230, #138, #1089, #788, #1674, #3208, #1266, #2618, #2995, #1405, #2530, #114, #1312, #1295, #1669, #1363, #2237, #1557, #2918, #745, #1528, #2852, #209, #63, #3019, #2803, #2020, #1056, #2925, #861, #430, #3786, #2329, #3716, #1575, #3857, #3780, #379, #3760, #98, #330, #2919, #1788, #3502, #1993, #1218, #2041, #451, #811, #1854, #2876, #2731, #2715, #1433, #739, #1246, #665, #3339, #1243, #3494, #373, #618, #1607, #3333, #1925, #1456, #1507, #3536, #519, #2043, #760, #278, #3002, #875, #1876, #1836, #164, #1364, #2474, #66, #1994 ) ) ;
#1197 = CARTESIAN_POINT ( 'NONE',  ( 20.99999999999989342, -55.69999999999996732, -11.44999999999992824 ) ) ;
#1198 = EDGE_LOOP ( 'NONE', ( #1064, #1983 ) ) ;
#1199 = CARTESIAN_POINT ( 'NONE',  ( 26.59999999999986642, -55.70000000000010232, -47.54999999999994742 ) ) ;
#1200 = CIRCLE ( 'NONE', #949, 12.55000000000039506 ) ;
#1201 = ORIENTED_EDGE ( 'NONE', *, *, #1311, .T. ) ;
#1202 = AXIS2_PLACEMENT_3D ( 'NONE', #2089, #2962, #2607 ) ;
#1203 = DIRECTION ( 'NONE',  ( 0.3431409490534277351, 0.9392839235730126024, 0.000000000000000000 ) ) ;
#1204 = CIRCLE ( 'NONE', #3376, 5.000000000000000000 ) ;
#1205 = VECTOR ( 'NONE', #1960, 1000.000000000000000 ) ;
#1206 = DIRECTION ( 'NONE',  ( -0.000000000000000000, -0.000000000000000000, -1.000000000000000000 ) ) ;
#1207 = CARTESIAN_POINT ( 'NONE',  ( -7.899999999999987033, -65.70000000000004547, -12.19999999999993001 ) ) ;
#1208 = ORIENTED_EDGE ( 'NONE', *, *, #1119, .F. ) ;
#1209 = AXIS2_PLACEMENT_3D ( 'NONE', #2609, #1069, #2865 ) ;
#1210 = VECTOR ( 'NONE', #3110, 1000.000000000000000 ) ;
#1211 = ORIENTED_EDGE ( 'NONE', *, *, #1223, .F. ) ;
#1212 = FACE_OUTER_BOUND ( 'NONE', #2240, .T. ) ;
#1213 = CIRCLE ( 'NONE', #397, 3.549999999999997602 ) ;
#1214 = VECTOR ( 'NONE', #1301, 1000.000000000000000 ) ;
#1215 = DIRECTION ( 'NONE',  ( 1.000000000000000000, 0.000000000000000000, 0.000000000000000000 ) ) ;
#1216 = DIRECTION ( 'NONE',  ( -1.000000000000000000, 6.661338147750937270E-16, -3.295264136390018418E-17 ) ) ;
#1217 = DIRECTION ( 'NONE',  ( 1.000000000000000000, 0.000000000000000000, 0.000000000000000000 ) ) ;
#1218 = ADVANCED_FACE ( 'NONE', ( #3225 ), #3833, .T. ) ;
#1219 = FACE_BOUND ( 'NONE', #2790, .T. ) ;
#1220 = ORIENTED_EDGE ( 'NONE', *, *, #2093, .F. ) ;
#1221 = DIRECTION ( 'NONE',  ( 1.000000000000000000, 0.000000000000000000, 0.000000000000000000 ) ) ;
#1222 = ORIENTED_EDGE ( 'NONE', *, *, #3335, .T. ) ;
#1223 = EDGE_CURVE ( 'NONE', #22, #270, #1747, .T. ) ;
#1224 = DIRECTION ( 'NONE',  ( 1.000000000000000000, 0.000000000000000000, 0.000000000000000000 ) ) ;
#1225 = PLANE ( 'NONE',  #3193 ) ;
#1226 = DIRECTION ( 'NONE',  ( -1.000000000000000000, 0.000000000000000000, 0.000000000000000000 ) ) ;
#1227 = EDGE_LOOP ( 'NONE', ( #2075, #2844, #2362, #3266 ) ) ;
#1228 = ORIENTED_EDGE ( 'NONE', *, *, #3576, .F. ) ;
#1229 = DIRECTION ( 'NONE',  ( -1.164243943608594702E-16, -6.938893903907222461E-16, 1.000000000000000000 ) ) ;
#1230 = DIRECTION ( 'NONE',  ( -1.000000000000000000, 6.661338147750937270E-16, -3.295264136390018418E-17 ) ) ;
#1231 = CARTESIAN_POINT ( 'NONE',  ( -2.610287666324261124, 13.85705393449289780, 2.299999999999999822 ) ) ;
#1232 = CARTESIAN_POINT ( 'NONE',  ( 0.000000000000000000, -75.70000000000008811, -37.54999999999993321 ) ) ;
#1233 = ORIENTED_EDGE ( 'NONE', *, *, #1407, .T. ) ;
#1234 = CARTESIAN_POINT ( 'NONE',  ( 19.00000000000000355, -26.00000000000000000, -95.62753579347352684 ) ) ;
#1235 = ORIENTED_EDGE ( 'NONE', *, *, #2836, .F. ) ;
#1236 = CARTESIAN_POINT ( 'NONE',  ( 16.00000000000004263, -65.70000000000004547, -12.19999999999993001 ) ) ;
#1237 = VERTEX_POINT ( 'NONE', #301 ) ;
#1238 = EDGE_CURVE ( 'NONE', #2576, #2857, #1953, .T. ) ;
#1239 = CARTESIAN_POINT ( 'NONE',  ( 5.000000000000000000, 0.000000000000000000, -2.999999999999999112 ) ) ;
#1240 = LINE ( 'NONE', #2421, #1822 ) ;
#1241 = EDGE_CURVE ( 'NONE', #140, #2035, #3598, .T. ) ;
#1242 = ORIENTED_EDGE ( 'NONE', *, *, #2279, .F. ) ;
#1243 = ADVANCED_FACE ( 'NONE', ( #2992 ), #916, .T. ) ;
#1244 = CARTESIAN_POINT ( 'NONE',  ( 26.59999999999986997, -75.86000000000002785, -27.49999999999995737 ) ) ;
#1245 = LINE ( 'NONE', #2426, #3557 ) ;
#1246 = ADVANCED_FACE ( 'NONE', ( #3268 ), #2661, .F. ) ;
#1247 = CARTESIAN_POINT ( 'NONE',  ( 0.000000000000000000, -45.94999999999999574, 0.000000000000000000 ) ) ;
#1248 = DIRECTION ( 'NONE',  ( -1.000000000000000000, 0.000000000000000000, 0.000000000000000000 ) ) ;
#1249 = CARTESIAN_POINT ( 'NONE',  ( 10.69541689572048959, -9.189102397467369343, 2.299999999999999822 ) ) ;
#1250 = FACE_BOUND ( 'NONE', #1825, .T. ) ;
#1251 = VERTEX_POINT ( 'NONE', #598 ) ;
#1252 = CIRCLE ( 'NONE', #2677, 10.00000000000000178 ) ;
#1253 = DIRECTION ( 'NONE',  ( -3.469446951953616161E-16, 1.000000000000000000, 0.000000000000000000 ) ) ;
#1254 = VERTEX_POINT ( 'NONE', #1791 ) ;
#1255 = LINE ( 'NONE', #2437, #3631 ) ;
#1256 = ORIENTED_EDGE ( 'NONE', *, *, #1713, .F. ) ;
#1257 = AXIS2_PLACEMENT_3D ( 'NONE', #99, #967, #1296 ) ;
#1258 = CARTESIAN_POINT ( 'NONE',  ( 0.000000000000000000, 13.40000000000000036, 0.000000000000000000 ) ) ;
#1259 = CARTESIAN_POINT ( 'NONE',  ( 28.60000000000000853, -75.86000000000002785, -27.49999999999995737 ) ) ;
#1260 = AXIS2_PLACEMENT_3D ( 'NONE', #3393, #95, #1852 ) ;
#1261 = CYLINDRICAL_SURFACE ( 'NONE', #2937, 1.900000000000005906 ) ;
#1262 = ORIENTED_EDGE ( 'NONE', *, *, #2884, .F. ) ;
#1263 = CIRCLE ( 'NONE', #2869, 2.649999999999999467 ) ;
#1264 = VECTOR ( 'NONE', #2109, 1000.000000000000000 ) ;
#1265 = EDGE_CURVE ( 'NONE', #1800, #3838, #1767, .T. ) ;
#1266 = ADVANCED_FACE ( 'NONE', ( #49 ), #1465, .T. ) ;
#1267 = PLANE ( 'NONE',  #3568 ) ;
#1268 = CIRCLE ( 'NONE', #3443, 1.899999999999999023 ) ;
#1269 = AXIS2_PLACEMENT_3D ( 'NONE', #1602, #2456, #1018 ) ;
#1270 = PLANE ( 'NONE',  #3678 ) ;
#1271 = ORIENTED_EDGE ( 'NONE', *, *, #3226, .F. ) ;
#1272 = AXIS2_PLACEMENT_3D ( 'NONE', #546, #249, #293 ) ;
#1273 = CIRCLE ( 'NONE', #1147, 0.5000000000000004441 ) ;
#1274 = EDGE_CURVE ( 'NONE', #597, #2906, #872, .T. ) ;
#1275 = CARTESIAN_POINT ( 'NONE',  ( 5.000000000000000000, 0.000000000000000000, -17.14213562373095101 ) ) ;
#1276 = PLANE ( 'NONE',  #3491 ) ;
#1277 = PLANE ( 'NONE',  #2125 ) ;
#1278 = ORIENTED_EDGE ( 'NONE', *, *, #384, .F. ) ;
#1279 = DIRECTION ( 'NONE',  ( 1.000000000000000000, 0.000000000000000000, 0.000000000000000000 ) ) ;
#1280 = VERTEX_POINT ( 'NONE', #1500 ) ;
#1281 = CYLINDRICAL_SURFACE ( 'NONE', #2385, 2.649999999999999467 ) ;
#1282 = ORIENTED_EDGE ( 'NONE', *, *, #3469, .T. ) ;
#1283 = PLANE ( 'NONE',  #2750 ) ;
#1284 = DIRECTION ( 'NONE',  ( -1.000000000000000000, 0.000000000000000000, 0.000000000000000000 ) ) ;
#1285 = CARTESIAN_POINT ( 'NONE',  ( -4.099999999999989875, -65.70000000000004547, -38.54999999999994031 ) ) ;
#1286 = VERTEX_POINT ( 'NONE', #1774 ) ;
#1287 = CARTESIAN_POINT ( 'NONE',  ( 64.09676041556579662, -75.86000000000005627, -27.49999999999995737 ) ) ;
#1288 = CARTESIAN_POINT ( 'NONE',  ( 20.99999999999996447, -75.70000000000008811, -37.54999999999993321 ) ) ;
#1289 = EDGE_CURVE ( 'NONE', #3211, #1040, #322, .T. ) ;
#1290 = DIRECTION ( 'NONE',  ( 0.000000000000000000, 0.000000000000000000, 1.000000000000000000 ) ) ;
#1291 = PLANE ( 'NONE',  #890 ) ;
#1292 = DIRECTION ( 'NONE',  ( -2.515402503830336267E-16, 8.050361205584444418E-17, -1.000000000000000000 ) ) ;
#1293 = DIRECTION ( 'NONE',  ( -2.162041379089511014E-15, 0.9991649998763387774, -0.04085710491598601446 ) ) ;
#1294 = ORIENTED_EDGE ( 'NONE', *, *, #1954, .F. ) ;
#1295 = ADVANCED_FACE ( 'NONE', ( #1212 ), #1888, .T. ) ;
#1296 = DIRECTION ( 'NONE',  ( 0.000000000000000000, 0.000000000000000000, 1.000000000000000000 ) ) ;
#1297 = EDGE_LOOP ( 'NONE', ( #2352, #1715 ) ) ;
#1298 = CARTESIAN_POINT ( 'NONE',  ( 26.59999999999986642, -55.70000000000010232, -47.54999999999994742 ) ) ;
#1299 = ORIENTED_EDGE ( 'NONE', *, *, #3547, .F. ) ;
#1300 = LINE ( 'NONE', #989, #636 ) ;
#1301 = DIRECTION ( 'NONE',  ( 0.000000000000000000, -1.000000000000000000, 0.000000000000000000 ) ) ;
#1302 = CARTESIAN_POINT ( 'NONE',  ( -19.85000000000009024, -19.85000000000025011, -43.54999999999993321 ) ) ;
#1303 = EDGE_LOOP ( 'NONE', ( #2235, #1368 ) ) ;
#1304 = LINE ( 'NONE', #3388, #15 ) ;
#1305 = ORIENTED_EDGE ( 'NONE', *, *, #2877, .T. ) ;
#1306 = CARTESIAN_POINT ( 'NONE',  ( -5.306057363720466589E-15, -41.05000000000000426, -52.04999999999991189 ) ) ;
#1307 = DIRECTION ( 'NONE',  ( -0.000000000000000000, -0.000000000000000000, -1.000000000000000000 ) ) ;
#1308 = DIRECTION ( 'NONE',  ( -0.1724731828275082590, 0.9850142137072687154, 0.000000000000000000 ) ) ;
#1309 = CARTESIAN_POINT ( 'NONE',  ( -1.999999999999993561, -42.00000000000010658, -19.74999999999943512 ) ) ;
#1310 = ORIENTED_EDGE ( 'NONE', *, *, #1155, .T. ) ;
#1311 = EDGE_CURVE ( 'NONE', #1740, #2576, #3361, .T. ) ;
#1312 = ADVANCED_FACE ( 'NONE', ( #658 ), #3094, .T. ) ;
#1313 = CARTESIAN_POINT ( 'NONE',  ( -10.54999999999999361, -31.00000000000000355, -57.29999999999990479 ) ) ;
#1314 = ORIENTED_EDGE ( 'NONE', *, *, #23, .T. ) ;
#1315 = DIRECTION ( 'NONE',  ( 1.000000000000000000, -0.000000000000000000, -0.000000000000000000 ) ) ;
#1316 = ORIENTED_EDGE ( 'NONE', *, *, #2592, .F. ) ;
#1317 = PRESENTATION_STYLE_ASSIGNMENT (( #2419 ) ) ;
#1318 = EDGE_CURVE ( 'NONE', #771, #1772, #3079, .T. ) ;
#1319 = CARTESIAN_POINT ( 'NONE',  ( 7.729159201800657186, 1.055159106790048984E-12, 2.299999999999999822 ) ) ;
#1320 = FACE_OUTER_BOUND ( 'NONE', #2278, .T. ) ;
#1321 = CIRCLE ( 'NONE', #3795, 2.750000000000609734 ) ;
#1322 = ORIENTED_EDGE ( 'NONE', *, *, #2115, .T. ) ;
#1323 = AXIS2_PLACEMENT_3D ( 'NONE', #329, #2412, #877 ) ;
#1324 = DIRECTION ( 'NONE',  ( 1.000000000000000000, -4.163202090930917821E-17, -1.110223024625156540E-16 ) ) ;
#1325 = VERTEX_POINT ( 'NONE', #735 ) ;
#1326 = EDGE_LOOP ( 'NONE', ( #1990, #3680, #2366, #2988 ) ) ;
#1327 = AXIS2_PLACEMENT_3D ( 'NONE', #2833, #2890, #791 ) ;
#1328 = VECTOR ( 'NONE', #1156, 1000.000000000000000 ) ;
#1329 = AXIS2_PLACEMENT_3D ( 'NONE', #2442, #654, #83 ) ;
#1330 = DIRECTION ( 'NONE',  ( -0.000000000000000000, -0.000000000000000000, 1.000000000000000000 ) ) ;
#1331 = CIRCLE ( 'NONE', #3498, 1.899999999999999023 ) ;
#1332 = VECTOR ( 'NONE', #1728, 1000.000000000000000 ) ;
#1333 = DIRECTION ( 'NONE',  ( -1.000000000000000000, 0.000000000000000000, 0.000000000000000000 ) ) ;
#1334 = LINE ( 'NONE', #3704, #2304 ) ;
#1335 = ORIENTED_EDGE ( 'NONE', *, *, #1486, .F. ) ;
#1336 = CIRCLE ( 'NONE', #773, 1.900000000000007683 ) ;
#1337 = AXIS2_PLACEMENT_3D ( 'NONE', #532, #1377, #1688 ) ;
#1338 = DIRECTION ( 'NONE',  ( -0.000000000000000000, -0.000000000000000000, 1.000000000000000000 ) ) ;
#1339 = ORIENTED_EDGE ( 'NONE', *, *, #2189, .F. ) ;
#1340 = CARTESIAN_POINT ( 'NONE',  ( 16.00000000000005329, -55.70000000000010942, -37.54999999999994031 ) ) ;
#1341 = VERTEX_POINT ( 'NONE', #1014 ) ;
#1342 = EDGE_CURVE ( 'NONE', #633, #3783, #1922, .T. ) ;
#1343 = CARTESIAN_POINT ( 'NONE',  ( 15.20537989737616158, -22.10368098241526269, -3.199999999999999734 ) ) ;
#1344 = CARTESIAN_POINT ( 'NONE',  ( -11.60474041071020679, -6.700000000000029488, 2.299999999999999822 ) ) ;
#1345 = DIRECTION ( 'NONE',  ( 0.7668107407454776148, -0.6418732646538348741, 0.000000000000000000 ) ) ;
#1346 = ORIENTED_EDGE ( 'NONE', *, *, #1006, .T. ) ;
#1347 = EDGE_CURVE ( 'NONE', #3750, #1325, #975, .T. ) ;
#1348 = LINE ( 'NONE', #2175, #2386 ) ;
#1349 = ORIENTED_EDGE ( 'NONE', *, *, #1155, .F. ) ;
#1350 = CARTESIAN_POINT ( 'NONE',  ( 14.10000000000004228, -65.70000000000004547, -16.44999999999992824 ) ) ;
#1351 = DIRECTION ( 'NONE',  ( 1.164243943608594702E-16, 6.938893903907222461E-16, -1.000000000000000000 ) ) ;
#1352 = EDGE_LOOP ( 'NONE', ( #1690, #1913, #553, #1681, #2072, #1972, #3101 ) ) ;
#1353 = DIRECTION ( 'NONE',  ( 0.000000000000000000, 0.000000000000000000, 1.000000000000000000 ) ) ;
#1354 = ORIENTED_EDGE ( 'NONE', *, *, #3733, .T. ) ;
#1355 = DIRECTION ( 'NONE',  ( -1.000000000000000000, 0.000000000000000000, 0.000000000000000000 ) ) ;
#1356 = ORIENTED_EDGE ( 'NONE', *, *, #2189, .T. ) ;
#1357 = DIRECTION ( 'NONE',  ( -0.7071067811865450192, -0.7071067811865501263, 8.177564888977976914E-17 ) ) ;
#1358 = FACE_OUTER_BOUND ( 'NONE', #183, .T. ) ;
#1359 = CARTESIAN_POINT ( 'NONE',  ( 11.00000000000000888, -46.44999999999999574, -37.54999999999993321 ) ) ;
#1360 = EDGE_CURVE ( 'NONE', #3206, #1598, #1348, .T. ) ;
#1361 = VERTEX_POINT ( 'NONE', #3699 ) ;
#1362 = DIRECTION ( 'NONE',  ( -1.000000000000000000, 0.000000000000000000, 0.000000000000000000 ) ) ;
#1363 = ADVANCED_FACE ( 'NONE', ( #697 ), #1267, .F. ) ;
#1364 = ADVANCED_FACE ( 'NONE', ( #2156 ), #3715, .F. ) ;
#1365 = ORIENTED_EDGE ( 'NONE', *, *, #1038, .T. ) ;
#1366 = CARTESIAN_POINT ( 'NONE',  ( -10.99999999999999645, -45.94999999999999574, 2.299999999999999822 ) ) ;
#1367 =( NAMED_UNIT ( * ) SI_UNIT ( $, .STERADIAN. ) SOLID_ANGLE_UNIT ( ) );
#1368 = ORIENTED_EDGE ( 'NONE', *, *, #3733, .F. ) ;
#1369 = DIRECTION ( 'NONE',  ( 4.163202090930917821E-17, 1.000000000000000000, 4.846982820384970421E-33 ) ) ;
#1370 = ORIENTED_EDGE ( 'NONE', *, *, #3475, .T. ) ;
#1371 = CARTESIAN_POINT ( 'NONE',  ( 2.610287666324261568, 13.85705393449289957, -42.93251095273883777 ) ) ;
#1372 = ORIENTED_EDGE ( 'NONE', *, *, #3570, .T. ) ;
#1373 = DIRECTION ( 'NONE',  ( -1.000000000000000000, 6.661338147750937270E-16, -3.295264136390018418E-17 ) ) ;
#1374 = CARTESIAN_POINT ( 'NONE',  ( 20.99999999999996447, -75.70000000000008811, -47.54999999999993321 ) ) ;
#1375 = LINE ( 'NONE', #3441, #826 ) ;
#1376 = ORIENTED_EDGE ( 'NONE', *, *, #3451, .F. ) ;
#1377 = DIRECTION ( 'NONE',  ( 0.000000000000000000, 0.000000000000000000, 1.000000000000000000 ) ) ;
#1378 = AXIS2_PLACEMENT_3D ( 'NONE', #3840, #247, #3508 ) ;
#1379 = ORIENTED_EDGE ( 'NONE', *, *, #641, .T. ) ;
#1380 = EDGE_CURVE ( 'NONE', #2857, #201, #107, .T. ) ;
#1381 = EDGE_CURVE ( 'NONE', #744, #801, #1304, .T. ) ;
#1382 = CARTESIAN_POINT ( 'NONE',  ( -1.999999999999993117, -42.00000000000010658, -32.50000000000004263 ) ) ;
#1383 = AXIS2_PLACEMENT_3D ( 'NONE', #655, #3031, #2775 ) ;
#1384 = AXIS2_PLACEMENT_3D ( 'NONE', #1476, #867, #1224 ) ;
#1385 = ORIENTED_EDGE ( 'NONE', *, *, #3282, .T. ) ;
#1386 = EDGE_CURVE ( 'NONE', #2288, #713, #774, .T. ) ;
#1387 = VECTOR ( 'NONE', #1068, 1000.000000000000000 ) ;
#1388 = VECTOR ( 'NONE', #2958, 1000.000000000000114 ) ;
#1389 = VECTOR ( 'NONE', #103, 1000.000000000000114 ) ;
#1390 = CARTESIAN_POINT ( 'NONE',  ( -13.30570456204346108, 4.667951537024054076, 2.299999999999999822 ) ) ;
#1391 = ORIENTED_EDGE ( 'NONE', *, *, #915, .F. ) ;
#1392 = LINE ( 'NONE', #1340, #2448 ) ;
#1393 = VECTOR ( 'NONE', #1035, 1000.000000000000114 ) ;
#1394 = AXIS2_PLACEMENT_3D ( 'NONE', #2810, #3400, #194 ) ;
#1395 = ORIENTED_EDGE ( 'NONE', *, *, #1380, .T. ) ;
#1396 = DIRECTION ( 'NONE',  ( -1.000000000000000000, -0.000000000000000000, -1.164243943608598646E-16 ) ) ;
#1397 = AXIS2_PLACEMENT_3D ( 'NONE', #1287, #2468, #809 ) ;
#1398 = DIRECTION ( 'NONE',  ( 1.000000000000000000, 0.000000000000000000, 0.000000000000000000 ) ) ;
#1399 = EDGE_LOOP ( 'NONE', ( #2461, #766 ) ) ;
#1400 = CARTESIAN_POINT ( 'NONE',  ( -19.00000000000000000, -26.00000000000000000, -15.00000000000009592 ) ) ;
#1401 = ORIENTED_EDGE ( 'NONE', *, *, #2663, .F. ) ;
#1402 = CARTESIAN_POINT ( 'NONE',  ( -9.549999999999986500, -65.70000000000004547, -42.79999999999993321 ) ) ;
#1403 = VERTEX_POINT ( 'NONE', #3344 ) ;
#1404 = DIRECTION ( 'NONE',  ( -1.000000000000000000, 0.000000000000000000, 2.515402503830336267E-16 ) ) ;
#1405 = ADVANCED_FACE ( 'NONE', ( #1908 ), #1616, .F. ) ;
#1406 = SURFACE_STYLE_FILL_AREA ( #428 ) ;
#1407 = EDGE_CURVE ( 'NONE', #3761, #2478, #2738, .T. ) ;
#1408 = CARTESIAN_POINT ( 'NONE',  ( 23.60000000000000853, -75.86000000000002785, -27.49999999999995737 ) ) ;
#1409 = ORIENTED_EDGE ( 'NONE', *, *, #3214, .T. ) ;
#1410 = CARTESIAN_POINT ( 'NONE',  ( -10.99999999999999467, -46.44999999999999574, -17.44999999999993179 ) ) ;
#1411 = EDGE_CURVE ( 'NONE', #1858, #3783, #2219, .T. ) ;
#1412 = ORIENTED_EDGE ( 'NONE', *, *, #252, .F. ) ;
#1413 = DIRECTION ( 'NONE',  ( 0.000000000000000000, 0.000000000000000000, -1.000000000000000000 ) ) ;
#1414 = PLANE ( 'NONE',  #3490 ) ;
#1415 = VERTEX_POINT ( 'NONE', #3052 ) ;
#1416 = CARTESIAN_POINT ( 'NONE',  ( 11.00000000000000533, -50.70000000000005258, -17.44999999999993179 ) ) ;
#1417 = ORIENTED_EDGE ( 'NONE', *, *, #1551, .T. ) ;
#1418 = DIRECTION ( 'NONE',  ( -0.6418732646538348741, -0.7668107407454777258, 0.000000000000000000 ) ) ;
#1419 = FACE_OUTER_BOUND ( 'NONE', #749, .T. ) ;
#1420 = VERTEX_POINT ( 'NONE', #381 ) ;
#1421 = CARTESIAN_POINT ( 'NONE',  ( -13.30537989737616122, -22.10368098241526269, 2.299999999999999822 ) ) ;
#1422 = FACE_OUTER_BOUND ( 'NONE', #2321, .T. ) ;
#1423 = ORIENTED_EDGE ( 'NONE', *, *, #2266, .T. ) ;
#1424 = DIRECTION ( 'NONE',  ( -0.000000000000000000, -0.000000000000000000, 1.000000000000000000 ) ) ;
#1425 = ORIENTED_EDGE ( 'NONE', *, *, #982, .T. ) ;
#1426 = ADVANCED_FACE ( 'NONE', ( #1579 ), #2761, .T. ) ;
#1427 = EDGE_CURVE ( 'NONE', #1361, #3095, #1057, .T. ) ;
#1428 = CARTESIAN_POINT ( 'NONE',  ( 20.99999999999996447, -55.70000000000007390, -37.54999999999993321 ) ) ;
#1429 = FACE_OUTER_BOUND ( 'NONE', #1697, .T. ) ;
#1430 = ORIENTED_EDGE ( 'NONE', *, *, #43, .T. ) ;
#1431 = DIRECTION ( 'NONE',  ( 0.000000000000000000, 0.000000000000000000, -1.000000000000000000 ) ) ;
#1432 = ORIENTED_EDGE ( 'NONE', *, *, #2955, .T. ) ;
#1433 = ADVANCED_FACE ( 'NONE', ( #1096 ), #2910, .F. ) ;
#1434 = DIRECTION ( 'NONE',  ( -0.000000000000000000, -0.000000000000000000, 1.000000000000000000 ) ) ;
#1435 = DIRECTION ( 'NONE',  ( -2.515402503830336267E-16, 8.050361205584444418E-17, -1.000000000000000000 ) ) ;
#1436 = DIRECTION ( 'NONE',  ( -2.515402503830336267E-16, 8.050361205584444418E-17, -1.000000000000000000 ) ) ;
#1437 = ORIENTED_EDGE ( 'NONE', *, *, #3209, .F. ) ;
#1438 = FACE_OUTER_BOUND ( 'NONE', #2243, .T. ) ;
#1439 = AXIS2_PLACEMENT_3D ( 'NONE', #2666, #2042, #2373 ) ;
#1440 = AXIS2_PLACEMENT_3D ( 'NONE', #2651, #2905, #231 ) ;
#1441 = AXIS2_PLACEMENT_3D ( 'NONE', #2724, #584, #901 ) ;
#1442 = DIRECTION ( 'NONE',  ( -0.000000000000000000, 1.000000000000000000, -0.000000000000000000 ) ) ;
#1443 = ORIENTED_EDGE ( 'NONE', *, *, #2494, .F. ) ;
#1444 = CARTESIAN_POINT ( 'NONE',  ( 19.00000000000000000, 0.000000000000000000, -52.04079934095691584 ) ) ;
#1445 = ORIENTED_EDGE ( 'NONE', *, *, #1000, .T. ) ;
#1446 = CIRCLE ( 'NONE', #2011, 2.999999999999999112 ) ;
#1447 = AXIS2_PLACEMENT_3D ( 'NONE', #426, #2895, #2799 ) ;
#1448 = MECHANICAL_DESIGN_GEOMETRIC_PRESENTATION_REPRESENTATION (  '', ( #951 ), #9 ) ;
#1449 = CARTESIAN_POINT ( 'NONE',  ( -18.99999999999999645, -32.99999999999999289, 2.299999999999999822 ) ) ;
#1450 = CARTESIAN_POINT ( 'NONE',  ( -15.99999999999999645, -36.00000000000000000, -57.29999999999990479 ) ) ;
#1451 = ORIENTED_EDGE ( 'NONE', *, *, #3713, .T. ) ;
#1452 = VECTOR ( 'NONE', #1920, 1000.000000000000000 ) ;
#1453 = VECTOR ( 'NONE', #1330, 1000.000000000000000 ) ;
#1454 = CARTESIAN_POINT ( 'NONE',  ( 63.50105881034023980, -55.70000000000008811, -47.54999999999993321 ) ) ;
#1455 = EDGE_LOOP ( 'NONE', ( #907, #106, #1385, #3166 ) ) ;
#1456 = ADVANCED_FACE ( 'NONE', ( #3461 ), #490, .F. ) ;
#1457 = AXIS2_PLACEMENT_3D ( 'NONE', #3574, #2983, #2695 ) ;
#1458 = AXIS2_PLACEMENT_3D ( 'NONE', #1382, #2620, #1154 ) ;
#1459 = FACE_OUTER_BOUND ( 'NONE', #3595, .T. ) ;
#1460 = CARTESIAN_POINT ( 'NONE',  ( -6.437988490444115863E-15, -41.05000000000000426, -56.54999999999990479 ) ) ;
#1461 = LINE ( 'NONE', #3594, #2381 ) ;
#1462 = VERTEX_POINT ( 'NONE', #795 ) ;
#1463 = EDGE_CURVE ( 'NONE', #152, #2478, #831, .T. ) ;
#1464 = ORIENTED_EDGE ( 'NONE', *, *, #2347, .F. ) ;
#1465 = PLANE ( 'NONE',  #2077 ) ;
#1466 = ORIENTED_EDGE ( 'NONE', *, *, #3717, .F. ) ;
#1467 = CARTESIAN_POINT ( 'NONE',  ( -5.999999999999988454, -65.70000000000004547, -42.79999999999993321 ) ) ;
#1468 = CYLINDRICAL_SURFACE ( 'NONE', #3619, 12.55000000000039506 ) ;
#1469 = CARTESIAN_POINT ( 'NONE',  ( -6.437988490444115863E-15, -41.05000000000000426, -56.54999999999990479 ) ) ;
#1470 = ORIENTED_EDGE ( 'NONE', *, *, #2848, .T. ) ;
#1471 = LINE ( 'NONE', #3781, #827 ) ;
#1472 = DIRECTION ( 'NONE',  ( -1.000000000000000000, 6.661338147750937270E-16, -3.295264136390018418E-17 ) ) ;
#1473 = ORIENTED_EDGE ( 'NONE', *, *, #794, .F. ) ;
#1474 = DIRECTION ( 'NONE',  ( -1.000000000000000000, -0.000000000000000000, -1.164243943608598646E-16 ) ) ;
#1475 = ORIENTED_EDGE ( 'NONE', *, *, #928, .T. ) ;
#1476 = CARTESIAN_POINT ( 'NONE',  ( -13.30537989737616122, -22.10368098241526269, -3.199999999999999734 ) ) ;
#1477 = EDGE_CURVE ( 'NONE', #582, #848, #1992, .T. ) ;
#1478 = CYLINDRICAL_SURFACE ( 'NONE', #2368, 1.899999999999999689 ) ;
#1479 = DIRECTION ( 'NONE',  ( 1.000000000000000000, 0.000000000000000000, -0.000000000000000000 ) ) ;
#1480 = ORIENTED_EDGE ( 'NONE', *, *, #3475, .F. ) ;
#1481 = EDGE_LOOP ( 'NONE', ( #2441, #1568, #2132, #3705, #1534, #1649, #2891, #913, #2447, #3223, #1988, #914, #1924, #2522, #599, #165 ) ) ;
#1482 = EDGE_CURVE ( 'NONE', #1789, #3442, #147, .T. ) ;
#1483 = EDGE_CURVE ( 'NONE', #3197, #3257, #2017, .T. ) ;
#1484 = DIRECTION ( 'NONE',  ( -0.000000000000000000, -0.000000000000000000, 1.000000000000000000 ) ) ;
#1485 = EDGE_LOOP ( 'NONE', ( #500, #2363 ) ) ;
#1486 = EDGE_CURVE ( 'NONE', #1028, #3859, #1943, .T. ) ;
#1487 = FACE_OUTER_BOUND ( 'NONE', #370, .T. ) ;
#1488 = DIRECTION ( 'NONE',  ( -1.164243943608594702E-16, 0.000000000000000000, 1.000000000000000000 ) ) ;
#1489 = FACE_OUTER_BOUND ( 'NONE', #2886, .T. ) ;
#1490 = ORIENTED_EDGE ( 'NONE', *, *, #1653, .T. ) ;
#1491 = DIRECTION ( 'NONE',  ( 0.000000000000000000, -1.000000000000000000, 0.000000000000000000 ) ) ;
#1492 = EDGE_LOOP ( 'NONE', ( #2293, #1142 ) ) ;
#1493 = CARTESIAN_POINT ( 'NONE',  ( -3.314015728506105053E-15, -96.00000000000000000, -37.54999999999993321 ) ) ;
#1494 = ORIENTED_EDGE ( 'NONE', *, *, #959, .T. ) ;
#1495 = LINE ( 'NONE', #2403, #572 ) ;
#1496 = DIRECTION ( 'NONE',  ( 0.000000000000000000, 0.000000000000000000, -1.000000000000000000 ) ) ;
#1497 = CARTESIAN_POINT ( 'NONE',  ( 14.10000000000001030, -31.00000000000000355, -56.54999999999991189 ) ) ;
#1498 = VERTEX_POINT ( 'NONE', #3445 ) ;
#1499 = EDGE_LOOP ( 'NONE', ( #1451, #144 ) ) ;
#1500 = CARTESIAN_POINT ( 'NONE',  ( 11.00000000000000533, -45.94999999999999574, -17.94999999999992468 ) ) ;
#1501 = VERTEX_POINT ( 'NONE', #2583 ) ;
#1502 = EDGE_CURVE ( 'NONE', #779, #3449, #2287, .T. ) ;
#1503 = EDGE_CURVE ( 'NONE', #1929, #2276, #754, .T. ) ;
#1504 = CARTESIAN_POINT ( 'NONE',  ( 26.59999999999986997, -75.86000000000002785, -27.49999999999995737 ) ) ;
#1505 = FACE_OUTER_BOUND ( 'NONE', #466, .T. ) ;
#1506 = DIRECTION ( 'NONE',  ( 0.000000000000000000, 0.000000000000000000, 1.000000000000000000 ) ) ;
#1507 = ADVANCED_FACE ( 'NONE', ( #2850 ), #3493, .F. ) ;
#1508 = VECTOR ( 'NONE', #3250, 1000.000000000000000 ) ;
#1509 = FACE_OUTER_BOUND ( 'NONE', #2636, .T. ) ;
#1510 = ORIENTED_EDGE ( 'NONE', *, *, #3810, .F. ) ;
#1511 = LINE ( 'NONE', #1493, #2139 ) ;
#1512 = AXIS2_PLACEMENT_3D ( 'NONE', #803, #473, #1938 ) ;
#1513 = CIRCLE ( 'NONE', #450, 1.899999999999998135 ) ;
#1514 = ORIENTED_EDGE ( 'NONE', *, *, #3267, .T. ) ;
#1515 = CARTESIAN_POINT ( 'NONE',  ( -9.549999999999984723, -65.70000000000004547, -11.44999999999992824 ) ) ;
#1516 = VECTOR ( 'NONE', #1345, 1000.000000000000114 ) ;
#1517 = CIRCLE ( 'NONE', #3812, 1.900000000000009015 ) ;
#1518 = CARTESIAN_POINT ( 'NONE',  ( 19.00000000000000355, -32.99999999999999289, -57.29999999999990479 ) ) ;
#1519 = FACE_OUTER_BOUND ( 'NONE', #1088, .T. ) ;
#1520 = ORIENTED_EDGE ( 'NONE', *, *, #3301, .F. ) ;
#1521 = VECTOR ( 'NONE', #651, 1000.000000000000114 ) ;
#1522 = VECTOR ( 'NONE', #1484, 1000.000000000000000 ) ;
#1523 = VERTEX_POINT ( 'NONE', #2597 ) ;
#1524 = CARTESIAN_POINT ( 'NONE',  ( 11.00000000000000355, -50.70000000000006679, 2.299999999999996270 ) ) ;
#1525 = AXIS2_PLACEMENT_3D ( 'NONE', #3172, #212, #842 ) ;
#1526 = AXIS2_PLACEMENT_3D ( 'NONE', #2483, #1613, #420 ) ;
#1527 = LINE ( 'NONE', #3640, #315 ) ;
#1528 = ADVANCED_FACE ( 'NONE', ( #3787 ), #3204, .F. ) ;
#1529 = LINE ( 'NONE', #35, #3068 ) ;
#1530 = CARTESIAN_POINT ( 'NONE',  ( 14.10000000000001208, -31.00000000000000355, -52.04999999999991900 ) ) ;
#1531 = CARTESIAN_POINT ( 'NONE',  ( 11.00000000000000355, -45.94999999999999574, 2.299999999999999822 ) ) ;
#1532 = ADVANCED_FACE ( 'NONE', ( #2543 ), #3731, .F. ) ;
#1533 = LINE ( 'NONE', #1234, #878 ) ;
#1534 = ORIENTED_EDGE ( 'NONE', *, *, #2663, .T. ) ;
#1535 = CARTESIAN_POINT ( 'NONE',  ( 19.00000000000000355, -32.99999999999999289, -52.04079934095691584 ) ) ;
#1536 = EDGE_LOOP ( 'NONE', ( #922, #275, #1409, #1900 ) ) ;
#1537 = DIRECTION ( 'NONE',  ( 0.000000000000000000, -1.000000000000000000, 1.739756716429803565E-31 ) ) ;
#1538 = CARTESIAN_POINT ( 'NONE',  ( 16.00000000000000355, -36.00000000000000000, 2.299999999999999822 ) ) ;
#1539 = VERTEX_POINT ( 'NONE', #3152 ) ;
#1540 = DIRECTION ( 'NONE',  ( 0.000000000000000000, 0.000000000000000000, 1.000000000000000000 ) ) ;
#1541 = CARTESIAN_POINT ( 'NONE',  ( 11.00000000000000355, -55.69999999999996732, -7.449999999999929123 ) ) ;
#1542 = DIRECTION ( 'NONE',  ( -2.515402503830336267E-16, 8.050361205584444418E-17, -1.000000000000000000 ) ) ;
#1543 = CARTESIAN_POINT ( 'NONE',  ( 10.69541689572048782, -9.189102397467369343, 0.000000000000000000 ) ) ;
#1544 = CARTESIAN_POINT ( 'NONE',  ( 10.69541689572048959, -9.189102397467369343, -42.93251095273883777 ) ) ;
#1545 = CARTESIAN_POINT ( 'NONE',  ( 20.99999999999996447, -86.00000000000000000, -37.54999999999993321 ) ) ;
#1546 = ORIENTED_EDGE ( 'NONE', *, *, #1502, .F. ) ;
#1547 = DIRECTION ( 'NONE',  ( -0.000000000000000000, -0.000000000000000000, 1.000000000000000000 ) ) ;
#1548 = VERTEX_POINT ( 'NONE', #477 ) ;
#1549 = DIRECTION ( 'NONE',  ( -2.179757247300610522E-15, 1.000000000000000000, 0.000000000000000000 ) ) ;
#1550 = ORIENTED_EDGE ( 'NONE', *, *, #3663, .T. ) ;
#1551 = EDGE_CURVE ( 'NONE', #2917, #3322, #2699, .T. ) ;
#1552 = ADVANCED_FACE ( 'NONE', ( #3239 ), #868, .F. ) ;
#1553 = FACE_OUTER_BOUND ( 'NONE', #1066, .T. ) ;
#1554 = CARTESIAN_POINT ( 'NONE',  ( 12.99999999999999112, -36.00000000000000000, 2.299999999999999822 ) ) ;
#1555 = LINE ( 'NONE', #1285, #2198 ) ;
#1556 = VERTEX_POINT ( 'NONE', #609 ) ;
#1557 = ADVANCED_FACE ( 'NONE', ( #1149, #3530 ), #3221, .T. ) ;
#1558 = DIRECTION ( 'NONE',  ( -2.515402503830336267E-16, 8.050361205584444418E-17, -1.000000000000000000 ) ) ;
#1559 = CARTESIAN_POINT ( 'NONE',  ( 3.864579600900048373, 6.693648218653777349, 0.000000000000000000 ) ) ;
#1560 = ORIENTED_EDGE ( 'NONE', *, *, #2119, .T. ) ;
#1561 = LINE ( 'NONE', #1947, #203 ) ;
#1562 = CARTESIAN_POINT ( 'NONE',  ( 0.000000000000000000, -45.94999999999999574, 2.300000000000149036 ) ) ;
#1563 = CARTESIAN_POINT ( 'NONE',  ( 16.00000000000004263, -65.70000000000004547, -42.79999999999993321 ) ) ;
#1564 = DIRECTION ( 'NONE',  ( -1.000000000000000000, 0.000000000000000000, -1.164243943608584841E-16 ) ) ;
#1565 = ORIENTED_EDGE ( 'NONE', *, *, #119, .F. ) ;
#1566 = VECTOR ( 'NONE', #3229, 1000.000000000000000 ) ;
#1567 = DIRECTION ( 'NONE',  ( 1.000000000000000000, 0.000000000000000000, 0.000000000000000000 ) ) ;
#1568 = ORIENTED_EDGE ( 'NONE', *, *, #3260, .T. ) ;
#1569 = DIRECTION ( 'NONE',  ( 1.000000000000000000, 0.000000000000000000, 0.000000000000000000 ) ) ;
#1570 = EDGE_LOOP ( 'NONE', ( #2092, #1657, #3326, #6 ) ) ;
#1571 = CIRCLE ( 'NONE', #2364, 2.650000000000000355 ) ;
#1572 = CARTESIAN_POINT ( 'NONE',  ( -1.999999999999992673, -42.00000000000010658, -25.25000000000065370 ) ) ;
#1573 = CIRCLE ( 'NONE', #1260, 3.549999999999997602 ) ;
#1574 = CARTESIAN_POINT ( 'NONE',  ( -6.624999999999910294, 11.47483660014377449, -3.199999999999999734 ) ) ;
#1575 = ADVANCED_FACE ( 'NONE', ( #2673 ), #1225, .F. ) ;
#1576 = VERTEX_POINT ( 'NONE', #1518 ) ;
#1577 = AXIS2_PLACEMENT_3D ( 'NONE', #3205, #515, #3808 ) ;
#1578 = AXIS2_PLACEMENT_3D ( 'NONE', #2762, #2157, #1829 ) ;
#1579 = FACE_OUTER_BOUND ( 'NONE', #1856, .T. ) ;
#1580 = EDGE_CURVE ( 'NONE', #2485, #3859, #503, .T. ) ;
#1581 = AXIS2_PLACEMENT_3D ( 'NONE', #2968, #1824, #3531 ) ;
#1582 = VECTOR ( 'NONE', #1396, 1000.000000000000000 ) ;
#1583 = DIRECTION ( 'NONE',  ( 1.000000000000000000, 0.000000000000000000, 0.000000000000000000 ) ) ;
#1584 = ORIENTED_EDGE ( 'NONE', *, *, #1038, .F. ) ;
#1585 = VECTOR ( 'NONE', #2383, 1000.000000000000000 ) ;
#1586 = AXIS2_PLACEMENT_3D ( 'NONE', #3285, #2084, #2957 ) ;
#1587 = CARTESIAN_POINT ( 'NONE',  ( -6.626643678231391268E-15, -41.05000000000000426, -57.29999999999990479 ) ) ;
#1588 = CARTESIAN_POINT ( 'NONE',  ( -17.64999999999999147, -31.00000000000000355, -57.29999999999990479 ) ) ;
#1589 = CARTESIAN_POINT ( 'NONE',  ( -7.729159201799991052, -3.485303408726214691E-13, -42.93251095273883777 ) ) ;
#1590 = CARTESIAN_POINT ( 'NONE',  ( 28.60000000000000853, -75.86000000000018417, -27.50000000000003908 ) ) ;
#1591 = CARTESIAN_POINT ( 'NONE',  ( 20.99999999999989342, -75.70000000000004547, -43.54999999999993321 ) ) ;
#1592 = ORIENTED_EDGE ( 'NONE', *, *, #1954, .T. ) ;
#1593 = LINE ( 'NONE', #3088, #2076 ) ;
#1594 = ORIENTED_EDGE ( 'NONE', *, *, #491, .F. ) ;
#1595 = CARTESIAN_POINT ( 'NONE',  ( -1.999999999999993117, -42.00000000000010658, -22.50000000000004263 ) ) ;
#1596 = DIRECTION ( 'NONE',  ( 0.000000000000000000, 0.000000000000000000, 1.000000000000000000 ) ) ;
#1597 = CARTESIAN_POINT ( 'NONE',  ( 13.30537989737616122, -22.10368098241526269, 2.299999999999999822 ) ) ;
#1598 = VERTEX_POINT ( 'NONE', #550 ) ;
#1599 = DIRECTION ( 'NONE',  ( 0.000000000000000000, 0.000000000000000000, -1.000000000000000000 ) ) ;
#1600 = EDGE_CURVE ( 'NONE', #2893, #1679, #1785, .T. ) ;
#1601 = EDGE_CURVE ( 'NONE', #2267, #974, #1137, .T. ) ;
#1602 = CARTESIAN_POINT ( 'NONE',  ( 16.00000000000004263, -65.70000000000004547, -12.19999999999993001 ) ) ;
#1603 = LINE ( 'NONE', #3348, #703 ) ;
#1604 = CARTESIAN_POINT ( 'NONE',  ( 13.30537989737616122, -22.10368098241526269, -3.199999999999999734 ) ) ;
#1605 = FACE_OUTER_BOUND ( 'NONE', #1499, .T. ) ;
#1606 = VERTEX_POINT ( 'NONE', #1742 ) ;
#1607 = ADVANCED_FACE ( 'NONE', ( #29 ), #2656, .F. ) ;
#1608 = FACE_OUTER_BOUND ( 'NONE', #285, .T. ) ;
#1609 = ORIENTED_EDGE ( 'NONE', *, *, #2148, .F. ) ;
#1610 = CARTESIAN_POINT ( 'NONE',  ( -2.610287666324261124, 13.85705393449289780, -42.93251095273883777 ) ) ;
#1611 = ORIENTED_EDGE ( 'NONE', *, *, #1347, .T. ) ;
#1612 = SURFACE_SIDE_STYLE ('',( #121 ) ) ;
#1613 = DIRECTION ( 'NONE',  ( -2.515402503830336267E-16, 8.050361205584444418E-17, -1.000000000000000000 ) ) ;
#1614 = DIRECTION ( 'NONE',  ( -1.000000000000000000, 0.000000000000000000, 0.000000000000000000 ) ) ;
#1615 = ORIENTED_EDGE ( 'NONE', *, *, #3713, .F. ) ;
#1616 = PLANE ( 'NONE',  #2512 ) ;
#1617 = CARTESIAN_POINT ( 'NONE',  ( -10.99999999999999645, -55.69999999999996732, -11.44999999999992824 ) ) ;
#1618 = PLANE ( 'NONE',  #136 ) ;
#1619 = CARTESIAN_POINT ( 'NONE',  ( 11.60474041071213591, -6.699999999998910383, -42.93251095273883777 ) ) ;
#1620 = EDGE_CURVE ( 'NONE', #924, #779, #3127, .T. ) ;
#1621 = ORIENTED_EDGE ( 'NONE', *, *, #1170, .T. ) ;
#1622 = CARTESIAN_POINT ( 'NONE',  ( 3.864579600901408174, -6.693648218652620940, 0.000000000000000000 ) ) ;
#1623 = VERTEX_POINT ( 'NONE', #3807 ) ;
#1624 = DIRECTION ( 'NONE',  ( -1.164243943608584841E-16, 0.000000000000000000, 1.000000000000000000 ) ) ;
#1625 = EDGE_CURVE ( 'NONE', #3700, #2662, #926, .T. ) ;
#1626 = ORIENTED_EDGE ( 'NONE', *, *, #3803, .T. ) ;
#1627 = DIRECTION ( 'NONE',  ( -0.000000000000000000, -0.000000000000000000, 1.000000000000000000 ) ) ;
#1628 = FACE_OUTER_BOUND ( 'NONE', #3040, .T. ) ;
#1629 = CARTESIAN_POINT ( 'NONE',  ( 6.624999999999554134, 11.47483660014416174, 2.299999999999999822 ) ) ;
#1630 = VECTOR ( 'NONE', #3586, 1000.000000000000000 ) ;
#1631 = VECTOR ( 'NONE', #2548, 1000.000000000000000 ) ;
#1632 = EDGE_LOOP ( 'NONE', ( #55, #454 ) ) ;
#1633 = AXIS2_PLACEMENT_3D ( 'NONE', #2800, #391, #132 ) ;
#1634 = CARTESIAN_POINT ( 'NONE',  ( -7.729159201799991052, -3.485303408726214691E-13, 0.000000000000000000 ) ) ;
#1635 = ORIENTED_EDGE ( 'NONE', *, *, #3547, .T. ) ;
#1636 = ORIENTED_EDGE ( 'NONE', *, *, #3698, .F. ) ;
#1637 = VECTOR ( 'NONE', #2224, 1000.000000000000000 ) ;
#1638 = AXIS2_PLACEMENT_3D ( 'NONE', #1258, #2716, #971 ) ;
#1639 = FACE_BOUND ( 'NONE', #903, .T. ) ;
#1640 = AXIS2_PLACEMENT_3D ( 'NONE', #3297, #3281, #1184 ) ;
#1641 = AXIS2_PLACEMENT_3D ( 'NONE', #526, #1735, #3820 ) ;
#1642 = LINE ( 'NONE', #2516, #763 ) ;
#1643 = LINE ( 'NONE', #1589, #2060 ) ;
#1644 = ORIENTED_EDGE ( 'NONE', *, *, #2570, .F. ) ;
#1645 = CIRCLE ( 'NONE', #2819, 1.899999999999999023 ) ;
#1646 = VECTOR ( 'NONE', #2871, 1000.000000000000000 ) ;
#1647 = EDGE_CURVE ( 'NONE', #1134, #623, #257, .T. ) ;
#1648 = LINE ( 'NONE', #2210, #1631 ) ;
#1649 = ORIENTED_EDGE ( 'NONE', *, *, #3720, .F. ) ;
#1650 = CARTESIAN_POINT ( 'NONE',  ( 2.610287666325547207, -13.85705393449218903, 2.299999999999999822 ) ) ;
#1651 = ORIENTED_EDGE ( 'NONE', *, *, #3591, .F. ) ;
#1652 = ADVANCED_FACE ( 'NONE', ( #3296 ), #2033, .T. ) ;
#1653 = EDGE_CURVE ( 'NONE', #1420, #1576, #1823, .T. ) ;
#1654 = DIRECTION ( 'NONE',  ( -2.515402503830336267E-16, 8.050361205584444418E-17, -1.000000000000000000 ) ) ;
#1655 = DIRECTION ( 'NONE',  ( 1.000000000000000000, 0.000000000000000000, 0.000000000000000000 ) ) ;
#1656 = DIRECTION ( 'NONE',  ( -0.000000000000000000, -0.000000000000000000, 1.000000000000000000 ) ) ;
#1657 = ORIENTED_EDGE ( 'NONE', *, *, #928, .F. ) ;
#1658 = DIRECTION ( 'NONE',  ( -0.6418732646538559683, 0.7668107407454600732, 0.000000000000000000 ) ) ;
#1659 = ORIENTED_EDGE ( 'NONE', *, *, #3826, .F. ) ;
#1660 = CARTESIAN_POINT ( 'NONE',  ( 26.59999999999987708, -96.00000000000000000, -17.44999999999992113 ) ) ;
#1661 = ORIENTED_EDGE ( 'NONE', *, *, #1380, .F. ) ;
#1662 = CARTESIAN_POINT ( 'NONE',  ( 20.99999999999996447, -75.70000000000008811, -7.449999999999926459 ) ) ;
#1663 = EDGE_LOOP ( 'NONE', ( #2719, #1636, #2015, #2327 ) ) ;
#1664 = DIRECTION ( 'NONE',  ( -1.000000000000000000, 1.636531581110195607E-15, 0.000000000000000000 ) ) ;
#1665 = ORIENTED_EDGE ( 'NONE', *, *, #1386, .F. ) ;
#1666 = FACE_OUTER_BOUND ( 'NONE', #542, .T. ) ;
#1667 = DIRECTION ( 'NONE',  ( -1.000000000000000000, 0.000000000000000000, 0.000000000000000000 ) ) ;
#1668 = FACE_BOUND ( 'NONE', #2652, .T. ) ;
#1669 = ADVANCED_FACE ( 'NONE', ( #1183 ), #3513, .F. ) ;
#1670 = EDGE_LOOP ( 'NONE', ( #1282, #3743 ) ) ;
#1671 = ADVANCED_FACE ( 'NONE', ( #2341 ), #1478, .F. ) ;
#1672 = CARTESIAN_POINT ( 'NONE',  ( -5.999999999999988454, -65.70000000000004547, -12.19999999999993001 ) ) ;
#1673 = ORIENTED_EDGE ( 'NONE', *, *, #452, .F. ) ;
#1674 = ADVANCED_FACE ( 'NONE', ( #296 ), #3381, .F. ) ;
#1675 = DIRECTION ( 'NONE',  ( -0.000000000000000000, 0.000000000000000000, 1.000000000000000000 ) ) ;
#1676 = PRESENTATION_STYLE_ASSIGNMENT (( #3759 ) ) ;
#1677 = VERTEX_POINT ( 'NONE', #1239 ) ;
#1678 = CARTESIAN_POINT ( 'NONE',  ( -10.69541689571921417, 9.189102397468072780, -42.93251095273883777 ) ) ;
#1679 = VERTEX_POINT ( 'NONE', #1554 ) ;
#1680 = CARTESIAN_POINT ( 'NONE',  ( 14.10000000000001208, -31.00000000000000355, -52.04999999999991900 ) ) ;
#1681 = ORIENTED_EDGE ( 'NONE', *, *, #3435, .T. ) ;
#1682 = LINE ( 'NONE', #1033, #2683 ) ;
#1683 = FACE_OUTER_BOUND ( 'NONE', #2250, .T. ) ;
#1684 = DIRECTION ( 'NONE',  ( 1.000000000000000000, 2.163843965683114248E-15, -1.033696669000698286E-19 ) ) ;
#1685 = VERTEX_POINT ( 'NONE', #2733 ) ;
#1686 = VECTOR ( 'NONE', #3540, 1000.000000000000000 ) ;
#1687 = EDGE_CURVE ( 'NONE', #2267, #2917, #1879, .T. ) ;
#1688 = DIRECTION ( 'NONE',  ( 1.000000000000000000, 0.000000000000000000, 0.000000000000000000 ) ) ;
#1689 = CIRCLE ( 'NONE', #3550, 9.550000000000391509 ) ;
#1690 = ORIENTED_EDGE ( 'NONE', *, *, #3803, .F. ) ;
#1691 = EDGE_CURVE ( 'NONE', #3206, #852, #2420, .T. ) ;
#1692 = CARTESIAN_POINT ( 'NONE',  ( 11.00000000000000888, -50.70000000000010232, -43.54999999999993321 ) ) ;
#1693 = VECTOR ( 'NONE', #1151, 1000.000000000000114 ) ;
#1694 = CIRCLE ( 'NONE', #2689, 19.00000000000000000 ) ;
#1695 = AXIS2_PLACEMENT_3D ( 'NONE', #2945, #3507, #2070 ) ;
#1696 = DIRECTION ( 'NONE',  ( 0.000000000000000000, 0.000000000000000000, 1.000000000000000000 ) ) ;
#1697 = EDGE_LOOP ( 'NONE', ( #1816, #3667, #3407, #120 ) ) ;
#1698 = DIRECTION ( 'NONE',  ( -0.000000000000000000, -0.000000000000000000, 1.000000000000000000 ) ) ;
#1699 = VECTOR ( 'NONE', #3105, 1000.000000000000000 ) ;
#1700 = VECTOR ( 'NONE', #1847, 1000.000000000000114 ) ;
#1701 = ORIENTED_EDGE ( 'NONE', *, *, #1885, .T. ) ;
#1702 = VECTOR ( 'NONE', #2887, 1000.000000000000000 ) ;
#1703 = CIRCLE ( 'NONE', #192, 1.900000000000007683 ) ;
#1704 = DIRECTION ( 'NONE',  ( -0.000000000000000000, 1.000000000000000000, -0.000000000000000000 ) ) ;
#1705 = EDGE_LOOP ( 'NONE', ( #64, #2423, #2044, #3771 ) ) ;
#1706 = DIRECTION ( 'NONE',  ( -2.179757247300610522E-15, 1.000000000000000000, 0.000000000000000000 ) ) ;
#1707 = ORIENTED_EDGE ( 'NONE', *, *, #2459, .T. ) ;
#1708 = DIRECTION ( 'NONE',  ( -1.577021341796747750E-16, 0.000000000000000000, 1.000000000000000000 ) ) ;
#1709 = DIRECTION ( 'NONE',  ( -2.515402503830336267E-16, 8.050361205584444418E-17, -1.000000000000000000 ) ) ;
#1710 = EDGE_LOOP ( 'NONE', ( #3829, #1665 ) ) ;
#1711 = CARTESIAN_POINT ( 'NONE',  ( 19.55000000000003979, -65.70000000000004547, -42.79999999999993321 ) ) ;
#1712 = EDGE_CURVE ( 'NONE', #2113, #2558, #1880, .T. ) ;
#1713 = EDGE_CURVE ( 'NONE', #3121, #1539, #122, .T. ) ;
#1714 = CARTESIAN_POINT ( 'NONE',  ( 16.00000000000004263, -65.70000000000004547, -16.44999999999992824 ) ) ;
#1715 = ORIENTED_EDGE ( 'NONE', *, *, #2563, .T. ) ;
#1716 = CARTESIAN_POINT ( 'NONE',  ( -5.999999999999988454, -65.70000000000004547, -42.79999999999993321 ) ) ;
#1717 = ORIENTED_EDGE ( 'NONE', *, *, #3232, .F. ) ;
#1718 = EDGE_CURVE ( 'NONE', #2736, #710, #2191, .T. ) ;
#1719 = CARTESIAN_POINT ( 'NONE',  ( -10.99999999999999289, -42.00000000000010658, -22.50000000000004263 ) ) ;
#1720 = LINE ( 'NONE', #291, #2065 ) ;
#1721 = VERTEX_POINT ( 'NONE', #3091 ) ;
#1722 = CARTESIAN_POINT ( 'NONE',  ( -2.449999999999989964, -65.70000000000004547, -42.79999999999993321 ) ) ;
#1723 = VERTEX_POINT ( 'NONE', #2136 ) ;
#1724 = DIRECTION ( 'NONE',  ( -0.000000000000000000, -0.000000000000000000, 1.000000000000000000 ) ) ;
#1725 = CARTESIAN_POINT ( 'NONE',  ( 16.00000000000004263, -65.70000000000004547, -38.54999999999994031 ) ) ;
#1726 = CARTESIAN_POINT ( 'NONE',  ( 13.30570456204474183, -4.667951537023347086, 2.299999999999999822 ) ) ;
#1727 = ORIENTED_EDGE ( 'NONE', *, *, #661, .F. ) ;
#1728 = DIRECTION ( 'NONE',  ( 0.000000000000000000, 0.000000000000000000, -1.000000000000000000 ) ) ;
#1729 = UNCERTAINTY_MEASURE_WITH_UNIT (LENGTH_MEASURE( 1.000000000000000082E-05 ), #75, 'distance_accuracy_value', 'NONE');
#1730 = EDGE_CURVE ( 'NONE', #2558, #2113, #448, .T. ) ;
#1731 = LINE ( 'NONE', #240, #2935 ) ;
#1732 = ORIENTED_EDGE ( 'NONE', *, *, #1318, .F. ) ;
#1733 = FACE_OUTER_BOUND ( 'NONE', #3533, .T. ) ;
#1734 = ORIENTED_EDGE ( 'NONE', *, *, #495, .F. ) ;
#1735 = DIRECTION ( 'NONE',  ( -0.000000000000000000, -0.000000000000000000, 1.000000000000000000 ) ) ;
#1736 = ADVANCED_FACE ( 'NONE', ( #3610, #3653, #104, #990 ), #2717, .T. ) ;
#1737 = DIRECTION ( 'NONE',  ( -0.000000000000000000, -0.000000000000000000, 1.000000000000000000 ) ) ;
#1738 = ORIENTED_EDGE ( 'NONE', *, *, #1841, .T. ) ;
#1739 = CARTESIAN_POINT ( 'NONE',  ( -15.99999999999999645, -31.00000000000000355, -52.04999999999991189 ) ) ;
#1740 = VERTEX_POINT ( 'NONE', #2792 ) ;
#1741 = CARTESIAN_POINT ( 'NONE',  ( -11.40537989737615909, -22.10368098241526269, -3.199999999999999734 ) ) ;
#1742 = CARTESIAN_POINT ( 'NONE',  ( 19.00000000000000355, -32.99999999999999289, 2.299999999999999822 ) ) ;
#1743 = CARTESIAN_POINT ( 'NONE',  ( 0.000000000000000000, 0.000000000000000000, -43.54999999999993321 ) ) ;
#1744 = ORIENTED_EDGE ( 'NONE', *, *, #1192, .F. ) ;
#1745 = ORIENTED_EDGE ( 'NONE', *, *, #789, .T. ) ;
#1746 = VECTOR ( 'NONE', #2725, 1000.000000000000000 ) ;
#1747 = LINE ( 'NONE', #2720, #327 ) ;
#1748 = CIRCLE ( 'NONE', #2991, 3.549999999999997602 ) ;
#1749 = AXIS2_PLACEMENT_3D ( 'NONE', #1869, #3625, #366 ) ;
#1750 = CARTESIAN_POINT ( 'NONE',  ( 17.90000000000004121, -65.70000000000004547, -16.44999999999992824 ) ) ;
#1751 = DIRECTION ( 'NONE',  ( -1.577021341796747750E-16, 0.000000000000000000, 1.000000000000000000 ) ) ;
#1752 = DIRECTION ( 'NONE',  ( -1.000000000000000000, 0.000000000000000000, 0.000000000000000000 ) ) ;
#1753 = ORIENTED_EDGE ( 'NONE', *, *, #332, .T. ) ;
#1754 = CIRCLE ( 'NONE', #1447, 1.899999999999998135 ) ;
#1755 = AXIS2_PLACEMENT_3D ( 'NONE', #2032, #3278, #608 ) ;
#1756 = EDGE_CURVE ( 'NONE', #2830, #1128, #358, .T. ) ;
#1757 = CARTESIAN_POINT ( 'NONE',  ( 14.10000000000001030, -31.00000000000000355, -56.54999999999991189 ) ) ;
#1758 = CARTESIAN_POINT ( 'NONE',  ( 11.00000000000000355, -45.94999999999999574, 2.299999999999999822 ) ) ;
#1759 = EDGE_LOOP ( 'NONE', ( #3756, #1024, #1412, #1271 ) ) ;
#1760 = CIRCLE ( 'NONE', #76, 9.550000000000391509 ) ;
#1761 = AXIS2_PLACEMENT_3D ( 'NONE', #2238, #3347, #386 ) ;
#1762 = DIRECTION ( 'NONE',  ( 0.000000000000000000, 0.000000000000000000, 1.000000000000000000 ) ) ;
#1763 = EDGE_LOOP ( 'NONE', ( #1376, #804 ) ) ;
#1764 = EDGE_CURVE ( 'NONE', #2180, #79, #2465, .T. ) ;
#1765 = EDGE_CURVE ( 'NONE', #736, #1501, #3697, .T. ) ;
#1766 = VECTOR ( 'NONE', #3842, 1000.000000000000000 ) ;
#1767 = CIRCLE ( 'NONE', #3192, 2.750000000000609734 ) ;
#1768 = DIRECTION ( 'NONE',  ( -2.515402503830336267E-16, 8.050361205584444418E-17, -1.000000000000000000 ) ) ;
#1769 = DIRECTION ( 'NONE',  ( -1.000000000000000000, 0.000000000000000000, 0.000000000000000000 ) ) ;
#1770 = FACE_BOUND ( 'NONE', #1957, .T. ) ;
#1771 = EDGE_LOOP ( 'NONE', ( #1220, #1032, #1168, #262 ) ) ;
#1772 = VERTEX_POINT ( 'NONE', #2215 ) ;
#1773 = EDGE_CURVE ( 'NONE', #3526, #1723, #1200, .T. ) ;
#1774 = CARTESIAN_POINT ( 'NONE',  ( 19.55000000000003979, -65.70000000000004547, -43.54999999999993321 ) ) ;
#1775 = ORIENTED_EDGE ( 'NONE', *, *, #808, .F. ) ;
#1776 = CARTESIAN_POINT ( 'NONE',  ( -10.99999999999999289, -42.00000000000010658, -35.25000000000065370 ) ) ;
#1777 = FACE_OUTER_BOUND ( 'NONE', #1875, .T. ) ;
#1778 = CARTESIAN_POINT ( 'NONE',  ( 11.00000000000001066, -50.70000000000005969, -17.44999999999993179 ) ) ;
#1779 = ORIENTED_EDGE ( 'NONE', *, *, #539, .F. ) ;
#1780 = CARTESIAN_POINT ( 'NONE',  ( 17.90000000000004121, -65.70000000000004547, -16.44999999999992824 ) ) ;
#1781 = VERTEX_POINT ( 'NONE', #61 ) ;
#1782 = CARTESIAN_POINT ( 'NONE',  ( 11.00000000000000888, -50.70000000000010942, -37.54999999999993321 ) ) ;
#1783 = ORIENTED_EDGE ( 'NONE', *, *, #2299, .F. ) ;
#1784 = LINE ( 'NONE', #295, #1881 ) ;
#1785 = LINE ( 'NONE', #314, #634 ) ;
#1786 = EDGE_CURVE ( 'NONE', #1970, #530, #2204, .T. ) ;
#1787 = DIRECTION ( 'NONE',  ( -1.122356459123426544E-16, -6.938893903907222461E-16, 1.000000000000000000 ) ) ;
#1788 = ADVANCED_FACE ( 'NONE', ( #972 ), #672, .F. ) ;
#1789 = VERTEX_POINT ( 'NONE', #1572 ) ;
#1790 = ORIENTED_EDGE ( 'NONE', *, *, #808, .T. ) ;
#1791 = CARTESIAN_POINT ( 'NONE',  ( -10.99999999999998934, -38.00000000000000711, -57.30000000000004690 ) ) ;
#1792 = EDGE_CURVE ( 'NONE', #2152, #3480, #1703, .T. ) ;
#1793 = LINE ( 'NONE', #1133, #3560 ) ;
#1794 = LINE ( 'NONE', #2978, #2559 ) ;
#1795 = CARTESIAN_POINT ( 'NONE',  ( 11.60474041071213591, -6.699999999998910383, 0.000000000000000000 ) ) ;
#1796 = VERTEX_POINT ( 'NONE', #2172 ) ;
#1797 = DIRECTION ( 'NONE',  ( -1.000000000000000000, 0.000000000000000000, 0.000000000000000000 ) ) ;
#1798 = EDGE_LOOP ( 'NONE', ( #3265, #1370, #2544, #3112 ) ) ;
#1799 = LINE ( 'NONE', #1454, #146 ) ;
#1800 = VERTEX_POINT ( 'NONE', #3358 ) ;
#1801 = CARTESIAN_POINT ( 'NONE',  ( 12.45000000000004370, -65.70000000000004547, -42.79999999999993321 ) ) ;
#1802 = DIRECTION ( 'NONE',  ( 0.000000000000000000, 0.000000000000000000, 1.000000000000000000 ) ) ;
#1803 = CARTESIAN_POINT ( 'NONE',  ( -10.69541689571855159, -9.189102397468486672, 0.000000000000000000 ) ) ;
#1804 = ORIENTED_EDGE ( 'NONE', *, *, #1194, .F. ) ;
#1805 = ORIENTED_EDGE ( 'NONE', *, *, #664, .T. ) ;
#1806 = EDGE_CURVE ( 'NONE', #730, #440, #3728, .T. ) ;
#1807 = DIRECTION ( 'NONE',  ( 1.000000000000000000, 0.000000000000000000, 0.000000000000000000 ) ) ;
#1808 = CARTESIAN_POINT ( 'NONE',  ( -3.864579600899062495, -6.693648218653594384, 2.299999999999999822 ) ) ;
#1809 = EDGE_CURVE ( 'NONE', #2893, #1606, #1446, .T. ) ;
#1810 = VECTOR ( 'NONE', #557, 1000.000000000000000 ) ;
#1811 = DIRECTION ( 'NONE',  ( 1.000000000000000000, 0.000000000000000000, 0.000000000000000000 ) ) ;
#1812 = PLANE ( 'NONE',  #3 ) ;
#1813 = VECTOR ( 'NONE', #2263, 1000.000000000000000 ) ;
#1814 = DIRECTION ( 'NONE',  ( 0.000000000000000000, 0.000000000000000000, 1.000000000000000000 ) ) ;
#1815 = LINE ( 'NONE', #3605, #2495 ) ;
#1816 = ORIENTED_EDGE ( 'NONE', *, *, #3383, .T. ) ;
#1817 = LINE ( 'NONE', #1535, #3691 ) ;
#1818 = AXIS2_PLACEMENT_3D ( 'NONE', #2503, #946, #3324 ) ;
#1819 = CIRCLE ( 'NONE', #320, 3.549999999999999378 ) ;
#1820 = EDGE_LOOP ( 'NONE', ( #3618, #2213, #3792, #1560, #1003, #1136, #1235, #829, #686, #1917, #1109, #251 ) ) ;
#1821 = CARTESIAN_POINT ( 'NONE',  ( 1.900000000000004130, -41.05000000000000426, -52.04999999999991189 ) ) ;
#1822 = VECTOR ( 'NONE', #1787, 1000.000000000000000 ) ;
#1823 = LINE ( 'NONE', #3013, #836 ) ;
#1824 = DIRECTION ( 'NONE',  ( 0.000000000000000000, 0.000000000000000000, -1.000000000000000000 ) ) ;
#1825 = EDGE_LOOP ( 'NONE', ( #1349, #632 ) ) ;
#1826 = VECTOR ( 'NONE', #1050, 1000.000000000000000 ) ;
#1827 = VECTOR ( 'NONE', #1864, 1000.000000000000000 ) ;
#1828 = DIRECTION ( 'NONE',  ( -0.000000000000000000, -0.000000000000000000, -1.000000000000000000 ) ) ;
#1829 = DIRECTION ( 'NONE',  ( -1.000000000000000000, 0.000000000000000000, 0.000000000000000000 ) ) ;
#1830 = ORIENTED_EDGE ( 'NONE', *, *, #1764, .F. ) ;
#1831 = DIRECTION ( 'NONE',  ( 0.000000000000000000, 0.000000000000000000, 1.000000000000000000 ) ) ;
#1832 = DIRECTION ( 'NONE',  ( -0.000000000000000000, -0.000000000000000000, 1.000000000000000000 ) ) ;
#1833 = CARTESIAN_POINT ( 'NONE',  ( 11.00000000000000355, -38.00000000000000000, 2.299999999999999822 ) ) ;
#1834 = EDGE_CURVE ( 'NONE', #1781, #2384, #699, .T. ) ;
#1835 = PLANE ( 'NONE',  #874 ) ;
#1836 = ADVANCED_FACE ( 'NONE', ( #1628 ), #1053, .F. ) ;
#1837 = VERTEX_POINT ( 'NONE', #148 ) ;
#1838 = CARTESIAN_POINT ( 'NONE',  ( 16.00000000000004263, -65.70000000000004547, -12.19999999999993001 ) ) ;
#1839 = VERTEX_POINT ( 'NONE', #2555 ) ;
#1840 = CARTESIAN_POINT ( 'NONE',  ( -1.999999999999993561, -42.00000000000010658, -19.74999999999943512 ) ) ;
#1841 = EDGE_CURVE ( 'NONE', #853, #2253, #254, .T. ) ;
#1842 = EDGE_LOOP ( 'NONE', ( #2088, #3630, #3575, #1779 ) ) ;
#1843 = LINE ( 'NONE', #2190, #1139 ) ;
#1844 = CARTESIAN_POINT ( 'NONE',  ( 64.09676041556579662, -66.30999999999966121, -27.49999999999995737 ) ) ;
#1845 = CARTESIAN_POINT ( 'NONE',  ( 11.60474041071149109, 6.700000000000736478, -42.93251095273883777 ) ) ;
#1846 = ORIENTED_EDGE ( 'NONE', *, *, #2068, .T. ) ;
#1847 = DIRECTION ( 'NONE',  ( 0.9392839235730119363, 0.3431409490534294005, 0.000000000000000000 ) ) ;
#1848 = LINE ( 'NONE', #2739, #2251 ) ;
#1849 = ORIENTED_EDGE ( 'NONE', *, *, #1647, .F. ) ;
#1850 = FACE_OUTER_BOUND ( 'NONE', #1159, .T. ) ;
#1851 = DIRECTION ( 'NONE',  ( 1.000000000000000000, 0.000000000000000000, 0.000000000000000000 ) ) ;
#1852 = DIRECTION ( 'NONE',  ( -1.000000000000000000, 0.000000000000000000, 0.000000000000000000 ) ) ;
#1853 = DIRECTION ( 'NONE',  ( 1.000000000000000000, 3.330669073875469621E-16, 1.174842931814247840E-16 ) ) ;
#1854 = ADVANCED_FACE ( 'NONE', ( #1358 ), #487, .F. ) ;
#1855 = CARTESIAN_POINT ( 'NONE',  ( 16.00000000000005329, -55.70000000000005969, -43.54999999999993321 ) ) ;
#1856 = EDGE_LOOP ( 'NONE', ( #985, #2949, #2769, #3155 ) ) ;
#1857 = CARTESIAN_POINT ( 'NONE',  ( -1.999999999999992673, -42.00000000000010658, -35.25000000000065370 ) ) ;
#1858 = VERTEX_POINT ( 'NONE', #2282 ) ;
#1859 = EDGE_CURVE ( 'NONE', #1501, #736, #2192, .T. ) ;
#1860 = CARTESIAN_POINT ( 'NONE',  ( 11.60474041071149109, 6.700000000000736478, 0.000000000000000000 ) ) ;
#1861 = CARTESIAN_POINT ( 'NONE',  ( -10.99999999999999645, -55.69999999999996732, -11.44999999999992824 ) ) ;
#1862 = DIRECTION ( 'NONE',  ( -0.9392839235729935066, -0.3431409490534798046, 0.000000000000000000 ) ) ;
#1863 = ORIENTED_EDGE ( 'NONE', *, *, #3596, .F. ) ;
#1864 = DIRECTION ( 'NONE',  ( -1.110223024625156540E-16, 0.000000000000000000, -1.000000000000000000 ) ) ;
#1865 = CARTESIAN_POINT ( 'NONE',  ( -5.999999999999988454, -65.70000000000004547, -16.44999999999992824 ) ) ;
#1866 = VERTEX_POINT ( 'NONE', #1987 ) ;
#1867 = LINE ( 'NONE', #1926, #3132 ) ;
#1868 = CARTESIAN_POINT ( 'NONE',  ( -13.30537989737616122, -22.10368098241526269, -3.199999999999999734 ) ) ;
#1869 = CARTESIAN_POINT ( 'NONE',  ( -14.09999999999999076, -31.00000000000000355, -52.04999999999991189 ) ) ;
#1870 = DIRECTION ( 'NONE',  ( 1.000000000000000000, 0.000000000000000000, 1.164243943608594702E-16 ) ) ;
#1871 = AXIS2_PLACEMENT_3D ( 'NONE', #1444, #2628, #2648 ) ;
#1872 = DIRECTION ( 'NONE',  ( 1.000000000000000000, 0.000000000000000000, 0.000000000000000000 ) ) ;
#1873 = EDGE_LOOP ( 'NONE', ( #934, #3655, #2984, #429, #2380, #787, #1717, #2908, #1673, #1211, #234, #753, #726, #2859, #1443, #2549, #3523, #3104, #432, #2013 ) ) ;
#1874 = DIRECTION ( 'NONE',  ( 0.000000000000000000, 0.000000000000000000, 1.000000000000000000 ) ) ;
#1875 = EDGE_LOOP ( 'NONE', ( #2956, #534, #617, #3573 ) ) ;
#1876 = ADVANCED_FACE ( 'NONE', ( #3176 ), #1414, .F. ) ;
#1877 = AXIS2_PLACEMENT_3D ( 'NONE', #1619, #3038, #3411 ) ;
#1878 = CARTESIAN_POINT ( 'NONE',  ( -1.999999999999993561, -42.00000000000010658, -29.74999999999943157 ) ) ;
#1879 = LINE ( 'NONE', #3636, #2129 ) ;
#1880 = CIRCLE ( 'NONE', #762, 3.549999999999999378 ) ;
#1881 = VECTOR ( 'NONE', #1724, 1000.000000000000000 ) ;
#1882 = FACE_OUTER_BOUND ( 'NONE', #2840, .T. ) ;
#1883 = EDGE_CURVE ( 'NONE', #3830, #189, #2539, .T. ) ;
#1884 = VERTEX_POINT ( 'NONE', #178 ) ;
#1885 = EDGE_CURVE ( 'NONE', #213, #1078, #216, .T. ) ;
#1886 = CIRCLE ( 'NONE', #196, 2.649999999999997691 ) ;
#1887 = VECTOR ( 'NONE', #390, 1000.000000000000000 ) ;
#1888 = CYLINDRICAL_SURFACE ( 'NONE', #3446, 10.00000000000000178 ) ;
#1889 = AXIS2_PLACEMENT_3D ( 'NONE', #3178, #1989, #3149 ) ;
#1890 = AXIS2_PLACEMENT_3D ( 'NONE', #3409, #740, #2798 ) ;
#1891 = VERTEX_POINT ( 'NONE', #775 ) ;
#1892 = EDGE_CURVE ( 'NONE', #3604, #5, #2561, .T. ) ;
#1893 = CIRCLE ( 'NONE', #2314, 1.899999999999999689 ) ;
#1894 = VECTOR ( 'NONE', #1435, 1000.000000000000000 ) ;
#1895 = FACE_BOUND ( 'NONE', #3406, .T. ) ;
#1896 = DIRECTION ( 'NONE',  ( -1.000000000000000000, 0.000000000000000000, 0.000000000000000000 ) ) ;
#1897 = CYLINDRICAL_SURFACE ( 'NONE', #3244, 3.549999999999997602 ) ;
#1898 = DIRECTION ( 'NONE',  ( 1.000000000000000000, 0.000000000000000000, -0.000000000000000000 ) ) ;
#1899 = CARTESIAN_POINT ( 'NONE',  ( 16.00000000000002132, -31.00000000000000355, -52.04999999999991900 ) ) ;
#1900 = ORIENTED_EDGE ( 'NONE', *, *, #1150, .T. ) ;
#1901 = PLANE ( 'NONE',  #2693 ) ;
#1902 = ORIENTED_EDGE ( 'NONE', *, *, #1834, .F. ) ;
#1903 = LINE ( 'NONE', #790, #2194 ) ;
#1904 = CARTESIAN_POINT ( 'NONE',  ( -10.99999999999999645, -55.69999999999996732, -11.44999999999992824 ) ) ;
#1905 = LINE ( 'NONE', #3032, #1452 ) ;
#1906 = ORIENTED_EDGE ( 'NONE', *, *, #3571, .T. ) ;
#1907 = ADVANCED_FACE ( 'NONE', ( #1093 ), #2593, .F. ) ;
#1908 = FACE_OUTER_BOUND ( 'NONE', #363, .T. ) ;
#1909 = EDGE_CURVE ( 'NONE', #2400, #3665, #1886, .T. ) ;
#1910 = CARTESIAN_POINT ( 'NONE',  ( -5.306057363720466589E-15, -41.05000000000000426, -52.04999999999991189 ) ) ;
#1911 = FACE_OUTER_BOUND ( 'NONE', #3259, .T. ) ;
#1912 = DIRECTION ( 'NONE',  ( -0.000000000000000000, 1.000000000000000000, -0.000000000000000000 ) ) ;
#1913 = ORIENTED_EDGE ( 'NONE', *, *, #405, .T. ) ;
#1914 = FACE_OUTER_BOUND ( 'NONE', #3081, .T. ) ;
#1915 = ORIENTED_EDGE ( 'NONE', *, *, #1687, .F. ) ;
#1916 = DIRECTION ( 'NONE',  ( -0.000000000000000000, 1.000000000000000000, -0.000000000000000000 ) ) ;
#1917 = ORIENTED_EDGE ( 'NONE', *, *, #2160, .F. ) ;
#1918 = LINE ( 'NONE', #435, #1582 ) ;
#1919 = CARTESIAN_POINT ( 'NONE',  ( 16.00000000000004263, -65.70000000000004547, -42.79999999999993321 ) ) ;
#1920 = DIRECTION ( 'NONE',  ( 7.913772473204466353E-17, -0.7071067811865435759, -0.7071067811865515695 ) ) ;
#1921 = ORIENTED_EDGE ( 'NONE', *, *, #2764, .F. ) ;
#1922 = LINE ( 'NONE', #2200, #1210 ) ;
#1923 = ORIENTED_EDGE ( 'NONE', *, *, #3046, .T. ) ;
#1924 = ORIENTED_EDGE ( 'NONE', *, *, #2022, .F. ) ;
#1925 = ADVANCED_FACE ( 'NONE', ( #2012 ), #1975, .F. ) ;
#1926 = CARTESIAN_POINT ( 'NONE',  ( 10.69541689571983767, 9.189102397469193662, 0.000000000000000000 ) ) ;
#1927 = CARTESIAN_POINT ( 'NONE',  ( 11.00000000000000000, -86.00000000000000000, -7.449999999999929123 ) ) ;
#1928 = LINE ( 'NONE', #2458, #3801 ) ;
#1929 = VERTEX_POINT ( 'NONE', #3161 ) ;
#1930 = ADVANCED_FACE ( 'NONE', ( #1683 ), #195, .F. ) ;
#1931 = DIRECTION ( 'NONE',  ( -2.515402503830336267E-16, 8.050361205584444418E-17, -1.000000000000000000 ) ) ;
#1932 = ORIENTED_EDGE ( 'NONE', *, *, #1150, .F. ) ;
#1933 = CARTESIAN_POINT ( 'NONE',  ( 11.00000000000000355, -55.69999999999996732, -11.44999999999992824 ) ) ;
#1934 = ORIENTED_EDGE ( 'NONE', *, *, #3184, .F. ) ;
#1935 = ADVANCED_FACE ( 'NONE', ( #2397 ), #2633, .T. ) ;
#1936 = AXIS2_PLACEMENT_3D ( 'NONE', #1023, #1870, #2413 ) ;
#1937 = CARTESIAN_POINT ( 'NONE',  ( 11.00000000000000355, -38.00000000000000711, -57.29999999999990479 ) ) ;
#1938 = DIRECTION ( 'NONE',  ( -1.000000000000000000, 0.000000000000000000, 0.000000000000000000 ) ) ;
#1939 = CARTESIAN_POINT ( 'NONE',  ( 11.40537989737616265, -22.10368098241526269, -3.199999999999999734 ) ) ;
#1940 = AXIS2_PLACEMENT_3D ( 'NONE', #3291, #2711, #1567 ) ;
#1941 = ORIENTED_EDGE ( 'NONE', *, *, #1077, .F. ) ;
#1942 = VECTOR ( 'NONE', #1488, 1000.000000000000000 ) ;
#1943 = LINE ( 'NONE', #3753, #1646 ) ;
#1944 = EDGE_LOOP ( 'NONE', ( #41, #2398, #3847, #3111 ) ) ;
#1945 = CIRCLE ( 'NONE', #2439, 3.549999999999998046 ) ;
#1946 = CIRCLE ( 'NONE', #3683, 3.549999999999998490 ) ;
#1947 = CARTESIAN_POINT ( 'NONE',  ( 16.00000000000000711, -55.70000000000013074, -11.44999999999992824 ) ) ;
#1948 = CIRCLE ( 'NONE', #3247, 5.000000000000000000 ) ;
#1949 = CIRCLE ( 'NONE', #1269, 3.549999999999997602 ) ;
#1950 = CYLINDRICAL_SURFACE ( 'NONE', #449, 1.900000000000009015 ) ;
#1951 = EDGE_LOOP ( 'NONE', ( #298, #1322, #2815, #2590, #1372, #1775, #694 ) ) ;
#1952 = CIRCLE ( 'NONE', #3567, 1.899999999999999689 ) ;
#1953 = CIRCLE ( 'NONE', #266, 2.649999999999997691 ) ;
#1954 = EDGE_CURVE ( 'NONE', #2518, #929, #2379, .T. ) ;
#1955 = EDGE_CURVE ( 'NONE', #140, #2830, #2668, .T. ) ;
#1956 = DIRECTION ( 'NONE',  ( -1.000000000000000000, 0.000000000000000000, 0.000000000000000000 ) ) ;
#1957 = EDGE_LOOP ( 'NONE', ( #1122, #2961 ) ) ;
#1958 = CARTESIAN_POINT ( 'NONE',  ( 26.59999999999987708, -86.00000000000000000, -37.54999999999994031 ) ) ;
#1959 = ORIENTED_EDGE ( 'NONE', *, *, #2696, .T. ) ;
#1960 = DIRECTION ( 'NONE',  ( -0.1724731828275083145, -0.9850142137072687154, 0.000000000000000000 ) ) ;
#1961 = EDGE_CURVE ( 'NONE', #3054, #801, #563, .T. ) ;
#1962 = CARTESIAN_POINT ( 'NONE',  ( 15.20537989737616158, -22.10368098241526269, -3.199999999999999734 ) ) ;
#1963 = CARTESIAN_POINT ( 'NONE',  ( 10.55000000000001137, -31.00000000000000355, -57.29999999999991189 ) ) ;
#1964 = ORIENTED_EDGE ( 'NONE', *, *, #214, .T. ) ;
#1965 = DIRECTION ( 'NONE',  ( -0.000000000000000000, -0.000000000000000000, 1.000000000000000000 ) ) ;
#1966 = ORIENTED_EDGE ( 'NONE', *, *, #2143, .F. ) ;
#1967 = DIRECTION ( 'NONE',  ( -0.000000000000000000, -0.000000000000000000, -1.000000000000000000 ) ) ;
#1968 = ORIENTED_EDGE ( 'NONE', *, *, #350, .T. ) ;
#1969 = LINE ( 'NONE', #746, #2182 ) ;
#1970 = VERTEX_POINT ( 'NONE', #3572 ) ;
#1971 = FACE_OUTER_BOUND ( 'NONE', #1951, .T. ) ;
#1972 = ORIENTED_EDGE ( 'NONE', *, *, #3698, .T. ) ;
#1973 = EDGE_CURVE ( 'NONE', #761, #2055, #3256, .T. ) ;
#1974 = FACE_OUTER_BOUND ( 'NONE', #3150, .T. ) ;
#1975 = CYLINDRICAL_SURFACE ( 'NONE', #70, 2.649999999999997691 ) ;
#1976 = DIRECTION ( 'NONE',  ( -0.9392839235730126024, 0.3431409490534277351, 0.000000000000000000 ) ) ;
#1977 = VERTEX_POINT ( 'NONE', #2921 ) ;
#1978 = EDGE_CURVE ( 'NONE', #2551, #1237, #3274, .T. ) ;
#1979 = DIRECTION ( 'NONE',  ( -0.000000000000000000, -0.000000000000000000, -1.000000000000000000 ) ) ;
#1980 = ORIENTED_EDGE ( 'NONE', *, *, #2323, .F. ) ;
#1981 = CARTESIAN_POINT ( 'NONE',  ( 11.00000000000000533, -46.44999999999999574, -17.94999999999993179 ) ) ;
#1982 = CARTESIAN_POINT ( 'NONE',  ( 16.00000000000004263, -65.70000000000004547, -16.44999999999992824 ) ) ;
#1983 = ORIENTED_EDGE ( 'NONE', *, *, #1620, .F. ) ;
#1984 = CARTESIAN_POINT ( 'NONE',  ( 2.610287666325547207, -13.85705393449218903, -42.93251095273883777 ) ) ;
#1985 = EDGE_LOOP ( 'NONE', ( #292, #2756 ) ) ;
#1986 = DIRECTION ( 'NONE',  ( -1.000000000000000000, 0.000000000000000000, 0.000000000000000000 ) ) ;
#1987 = CARTESIAN_POINT ( 'NONE',  ( -19.00000000000000000, -26.00000000000000000, -57.29999999999990479 ) ) ;
#1988 = ORIENTED_EDGE ( 'NONE', *, *, #1883, .T. ) ;
#1989 = DIRECTION ( 'NONE',  ( -0.000000000000000000, -0.000000000000000000, 1.000000000000000000 ) ) ;
#1990 = ORIENTED_EDGE ( 'NONE', *, *, #3046, .F. ) ;
#1991 = VECTOR ( 'NONE', #981, 1000.000000000000000 ) ;
#1992 = LINE ( 'NONE', #2837, #3501 ) ;
#1993 = ADVANCED_FACE ( 'NONE', ( #2946 ), #904, .T. ) ;
#1994 = ADVANCED_FACE ( 'NONE', ( #3798 ), #587, .F. ) ;
#1995 = ORIENTED_EDGE ( 'NONE', *, *, #245, .F. ) ;
#1996 = CYLINDRICAL_SURFACE ( 'NONE', #1458, 2.750000000000609734 ) ;
#1997 = EDGE_CURVE ( 'NONE', #3859, #2485, #1080, .T. ) ;
#1998 = AXIS2_PLACEMENT_3D ( 'NONE', #1126, #167, #1362 ) ;
#1999 = VECTOR ( 'NONE', #2601, 1000.000000000000114 ) ;
#2000 = AXIS2_PLACEMENT_3D ( 'NONE', #3599, #2410, #616 ) ;
#2001 = AXIS2_PLACEMENT_3D ( 'NONE', #1629, #2814, #2734 ) ;
#2002 = AXIS2_PLACEMENT_3D ( 'NONE', #1757, #1542, #2722 ) ;
#2003 = DIRECTION ( 'NONE',  ( 1.000000000000000000, 3.330669073875469621E-16, 1.174842931814247840E-16 ) ) ;
#2004 = ORIENTED_EDGE ( 'NONE', *, *, #2370, .T. ) ;
#2005 = CARTESIAN_POINT ( 'NONE',  ( 0.000000000000000000, 0.000000000000000000, -11.44999999999992824 ) ) ;
#2006 = CIRCLE ( 'NONE', #2571, 9.550000000000391509 ) ;
#2007 = VECTOR ( 'NONE', #2345, 1000.000000000000000 ) ;
#2008 = EDGE_LOOP ( 'NONE', ( #1804, #843, #2334, #2499 ) ) ;
#2009 = CYLINDRICAL_SURFACE ( 'NONE', #1641, 1.899999999999999689 ) ;
#2010 = VECTOR ( 'NONE', #2901, 1000.000000000000227 ) ;
#2011 = AXIS2_PLACEMENT_3D ( 'NONE', #507, #162, #3148 ) ;
#2012 = FACE_OUTER_BOUND ( 'NONE', #2414, .T. ) ;
#2013 = ORIENTED_EDGE ( 'NONE', *, *, #280, .F. ) ;
#2014 = DIRECTION ( 'NONE',  ( -1.000000000000000000, 0.000000000000000000, 0.000000000000000000 ) ) ;
#2015 = ORIENTED_EDGE ( 'NONE', *, *, #2898, .F. ) ;
#2016 = CARTESIAN_POINT ( 'NONE',  ( 14.10000000000001208, -31.00000000000000355, -52.04999999999991900 ) ) ;
#2017 = LINE ( 'NONE', #1402, #643 ) ;
#2018 = DIRECTION ( 'NONE',  ( -1.000000000000000000, 0.000000000000000000, 0.000000000000000000 ) ) ;
#2019 = EDGE_LOOP ( 'NONE', ( #1805, #1425 ) ) ;
#2020 = ADVANCED_FACE ( 'NONE', ( #1509 ), #2355, .F. ) ;
#2021 = DIRECTION ( 'NONE',  ( 0.000000000000000000, 0.000000000000000000, 1.000000000000000000 ) ) ;
#2022 = EDGE_CURVE ( 'NONE', #1891, #1548, #1720, .T. ) ;
#2023 = DIRECTION ( 'NONE',  ( -0.000000000000000000, -0.000000000000000000, -1.000000000000000000 ) ) ;
#2024 = ORIENTED_EDGE ( 'NONE', *, *, #2764, .T. ) ;
#2025 = PLANE ( 'NONE',  #2493 ) ;
#2026 = ORIENTED_EDGE ( 'NONE', *, *, #1000, .F. ) ;
#2027 = DIRECTION ( 'NONE',  ( -1.000000000000000000, 0.000000000000000000, -1.164243943608584841E-16 ) ) ;
#2028 = DIRECTION ( 'NONE',  ( -0.000000000000000000, -0.000000000000000000, 1.000000000000000000 ) ) ;
#2029 = ORIENTED_EDGE ( 'NONE', *, *, #92, .T. ) ;
#2030 = DIRECTION ( 'NONE',  ( 1.000000000000000000, -0.000000000000000000, 0.000000000000000000 ) ) ;
#2031 = ORIENTED_EDGE ( 'NONE', *, *, #959, .F. ) ;
#2032 = CARTESIAN_POINT ( 'NONE',  ( -1.999999999999993117, -42.00000000000010658, -22.50000000000004263 ) ) ;
#2033 = CYLINDRICAL_SURFACE ( 'NONE', #319, 19.00000000000000000 ) ;
#2034 = CARTESIAN_POINT ( 'NONE',  ( 16.00000000000004263, -65.70000000000004547, -38.54999999999994031 ) ) ;
#2035 = VERTEX_POINT ( 'NONE', #2336 ) ;
#2036 = ORIENTED_EDGE ( 'NONE', *, *, #48, .F. ) ;
#2037 = LINE ( 'NONE', #223, #394 ) ;
#2038 = EDGE_CURVE ( 'NONE', #2867, #2654, #921, .T. ) ;
#2039 = LINE ( 'NONE', #2349, #944 ) ;
#2040 = LINE ( 'NONE', #2708, #2866 ) ;
#2041 = ADVANCED_FACE ( 'NONE', ( #544, #1219 ), #2105, .T. ) ;
#2042 = DIRECTION ( 'NONE',  ( 0.000000000000000000, 0.000000000000000000, -1.000000000000000000 ) ) ;
#2043 = ADVANCED_FACE ( 'NONE', ( #1429 ), #1141, .F. ) ;
#2044 = ORIENTED_EDGE ( 'NONE', *, *, #2455, .F. ) ;
#2045 = CARTESIAN_POINT ( 'NONE',  ( 16.00000000000004263, -65.70000000000004547, -42.79999999999993321 ) ) ;
#2046 = DIRECTION ( 'NONE',  ( 1.000000000000000000, 0.000000000000000000, 0.000000000000000000 ) ) ;
#2047 = ORIENTED_EDGE ( 'NONE', *, *, #1407, .F. ) ;
#2048 = CARTESIAN_POINT ( 'NONE',  ( -4.099999999999989875, -65.70000000000004547, -42.79999999999993321 ) ) ;
#2049 = EDGE_CURVE ( 'NONE', #2963, #416, #845, .T. ) ;
#2050 = VERTEX_POINT ( 'NONE', #3216 ) ;
#2051 = CARTESIAN_POINT ( 'NONE',  ( -10.99999999999999112, -55.70000000000005969, -47.54999999999993321 ) ) ;
#2052 = DIRECTION ( 'NONE',  ( 0.000000000000000000, 0.000000000000000000, -1.000000000000000000 ) ) ;
#2053 = DIRECTION ( 'NONE',  ( 0.000000000000000000, 0.000000000000000000, 1.000000000000000000 ) ) ;
#2054 = ORIENTED_EDGE ( 'NONE', *, *, #87, .T. ) ;
#2055 = VERTEX_POINT ( 'NONE', #1450 ) ;
#2056 = STYLED_ITEM ( 'NONE', ( #1676 ), #2203 ) ;
#2057 = CARTESIAN_POINT ( 'NONE',  ( -1.999999999999993561, -42.00000000000010658, -29.74999999999943157 ) ) ;
#2058 = ORIENTED_EDGE ( 'NONE', *, *, #1691, .T. ) ;
#2059 = VECTOR ( 'NONE', #2183, 1000.000000000000000 ) ;
#2060 = VECTOR ( 'NONE', #2824, 1000.000000000000000 ) ;
#2061 = CYLINDRICAL_SURFACE ( 'NONE', #504, 3.549999999999998490 ) ;
#2062 = DIRECTION ( 'NONE',  ( 1.000000000000000000, 0.000000000000000000, 0.000000000000000000 ) ) ;
#2063 = FACE_BOUND ( 'NONE', #1763, .T. ) ;
#2064 = EDGE_LOOP ( 'NONE', ( #3509, #3468, #3242, #226 ) ) ;
#2065 = VECTOR ( 'NONE', #527, 1000.000000000000000 ) ;
#2066 = VECTOR ( 'NONE', #1436, 1000.000000000000000 ) ;
#2067 = VECTOR ( 'NONE', #1182, 1000.000000000000227 ) ;
#2068 = EDGE_CURVE ( 'NONE', #710, #633, #3525, .T. ) ;
#2069 = ADVANCED_FACE ( 'NONE', ( #395 ), #3005, .F. ) ;
#2070 = DIRECTION ( 'NONE',  ( 0.000000000000000000, -0.000000000000000000, 1.000000000000000000 ) ) ;
#2071 = DIRECTION ( 'NONE',  ( -0.000000000000000000, 1.000000000000000000, -0.000000000000000000 ) ) ;
#2072 = ORIENTED_EDGE ( 'NONE', *, *, #3758, .T. ) ;
#2073 = AXIS2_PLACEMENT_3D ( 'NONE', #2268, #1654, #3727 ) ;
#2074 = LINE ( 'NONE', #2091, #1091 ) ;
#2075 = ORIENTED_EDGE ( 'NONE', *, *, #3023, .F. ) ;
#2076 = VECTOR ( 'NONE', #3043, 1000.000000000000000 ) ;
#2077 = AXIS2_PLACEMENT_3D ( 'NONE', #3534, #2424, #3616 ) ;
#2078 = EDGE_CURVE ( 'NONE', #657, #1403, #3629, .T. ) ;
#2079 = DIRECTION ( 'NONE',  ( -0.000000000000000000, -0.000000000000000000, 1.000000000000000000 ) ) ;
#2080 = DIRECTION ( 'NONE',  ( 1.000000000000000000, 0.000000000000000000, 0.000000000000000000 ) ) ;
#2081 = FACE_OUTER_BOUND ( 'NONE', #2106, .T. ) ;
#2082 = VERTEX_POINT ( 'NONE', #939 ) ;
#2083 = VERTEX_POINT ( 'NONE', #1899 ) ;
#2084 = DIRECTION ( 'NONE',  ( 0.000000000000000000, 0.000000000000000000, 1.000000000000000000 ) ) ;
#2085 = LINE ( 'NONE', #267, #1328 ) ;
#2086 = DIRECTION ( 'NONE',  ( 1.000000000000000000, 0.000000000000000000, 0.000000000000000000 ) ) ;
#2087 = DIRECTION ( 'NONE',  ( -0.000000000000000000, -0.000000000000000000, 1.000000000000000000 ) ) ;
#2088 = ORIENTED_EDGE ( 'NONE', *, *, #2197, .F. ) ;
#2089 = CARTESIAN_POINT ( 'NONE',  ( 16.00000000000004974, -55.70000000000013785, -3.683292496792323340E-14 ) ) ;
#2090 = ORIENTED_EDGE ( 'NONE', *, *, #648, .F. ) ;
#2091 = CARTESIAN_POINT ( 'NONE',  ( -13.30570456204346286, 4.667951537024054076, 0.000000000000000000 ) ) ;
#2092 = ORIENTED_EDGE ( 'NONE', *, *, #3570, .F. ) ;
#2093 = EDGE_CURVE ( 'NONE', #2922, #548, #2770, .T. ) ;
#2094 = FACE_OUTER_BOUND ( 'NONE', #441, .T. ) ;
#2095 = DIRECTION ( 'NONE',  ( 0.000000000000000000, 1.000000000000000000, -0.000000000000000000 ) ) ;
#2096 = DIRECTION ( 'NONE',  ( -0.000000000000000000, -0.000000000000000000, 1.000000000000000000 ) ) ;
#2097 = ORIENTED_EDGE ( 'NONE', *, *, #2115, .F. ) ;
#2098 = ADVANCED_FACE ( 'NONE', ( #3352 ), #2149, .F. ) ;
#2099 = ORIENTED_EDGE ( 'NONE', *, *, #2686, .F. ) ;
#2100 = LINE ( 'NONE', #554, #3008 ) ;
#2101 = DIRECTION ( 'NONE',  ( 0.9392839235730117142, -0.3431409490534300666, 0.000000000000000000 ) ) ;
#2102 = FACE_OUTER_BOUND ( 'NONE', #2980, .T. ) ;
#2103 = CARTESIAN_POINT ( 'NONE',  ( 16.00000000000000355, -36.00000000000000000, -57.29999999999990479 ) ) ;
#2104 = FACE_OUTER_BOUND ( 'NONE', #3447, .T. ) ;
#2105 = PLANE ( 'NONE',  #1440 ) ;
#2106 = EDGE_LOOP ( 'NONE', ( #3741, #1470 ) ) ;
#2107 = DIRECTION ( 'NONE',  ( -0.000000000000000000, -0.000000000000000000, 1.000000000000000000 ) ) ;
#2108 = VERTEX_POINT ( 'NONE', #984 ) ;
#2109 = DIRECTION ( 'NONE',  ( -2.515402503830336267E-16, 8.050361205584444418E-17, -1.000000000000000000 ) ) ;
#2110 = DIRECTION ( 'NONE',  ( -1.000000000000000000, 0.000000000000000000, 0.000000000000000000 ) ) ;
#2111 = DIRECTION ( 'NONE',  ( -2.515402503830336267E-16, 8.050361205584444418E-17, -1.000000000000000000 ) ) ;
#2112 = ORIENTED_EDGE ( 'NONE', *, *, #648, .T. ) ;
#2113 = VERTEX_POINT ( 'NONE', #1313 ) ;
#2114 = ADVANCED_FACE ( 'NONE', ( #1608 ), #2787, .F. ) ;
#2115 = EDGE_CURVE ( 'NONE', #710, #1858, #2477, .T. ) ;
#2116 = CARTESIAN_POINT ( 'NONE',  ( 4.724999999999553779, 11.47483660014416174, -3.199999999999999734 ) ) ;
#2117 = CARTESIAN_POINT ( 'NONE',  ( -6.624999999999910294, 11.47483660014377449, -3.000000000000000000 ) ) ;
#2118 = ORIENTED_EDGE ( 'NONE', *, *, #377, .F. ) ;
#2119 = EDGE_CURVE ( 'NONE', #3294, #852, #3174, .T. ) ;
#2120 = AXIS2_PLACEMENT_3D ( 'NONE', #3394, #1814, #3001 ) ;
#2121 = CARTESIAN_POINT ( 'NONE',  ( -14.09999999999999076, -31.00000000000000355, -52.04999999999991189 ) ) ;
#2122 = LINE ( 'NONE', #1833, #1942 ) ;
#2123 = VECTOR ( 'NONE', #1369, 1000.000000000000000 ) ;
#2124 = DIRECTION ( 'NONE',  ( -0.000000000000000000, -0.000000000000000000, 1.000000000000000000 ) ) ;
#2125 = AXIS2_PLACEMENT_3D ( 'NONE', #2473, #979, #1308 ) ;
#2126 = DIRECTION ( 'NONE',  ( 1.297798111703346826E-16, -0.000000000000000000, -1.000000000000000000 ) ) ;
#2127 = EDGE_LOOP ( 'NONE', ( #2947, #3077, #3006, #2584 ) ) ;
#2128 = CARTESIAN_POINT ( 'NONE',  ( 11.00000000000001066, -45.94999999999999574, -57.30000000000004690 ) ) ;
#2129 = VECTOR ( 'NONE', #436, 1000.000000000000000 ) ;
#2130 = VECTOR ( 'NONE', #444, 1000.000000000000000 ) ;
#2131 = AXIS2_PLACEMENT_3D ( 'NONE', #1865, #3345, #3053 ) ;
#2132 = ORIENTED_EDGE ( 'NONE', *, *, #591, .T. ) ;
#2133 = DIRECTION ( 'NONE',  ( -1.000000000000000000, -1.387778780781445281E-15, 1.156482317317870985E-16 ) ) ;
#2134 = AXIS2_PLACEMENT_3D ( 'NONE', #1845, #673, #3108 ) ;
#2135 = AXIS2_PLACEMENT_3D ( 'NONE', #3675, #69, #3391 ) ;
#2136 = CARTESIAN_POINT ( 'NONE',  ( 28.60000000000003340, -88.41000000000042292, -27.49999999999995737 ) ) ;
#2137 = DIRECTION ( 'NONE',  ( -2.515402503830336267E-16, 8.050361205584444418E-17, -1.000000000000000000 ) ) ;
#2138 = EDGE_LOOP ( 'NONE', ( #2463, #3455, #2569, #1661 ) ) ;
#2139 = VECTOR ( 'NONE', #2030, 1000.000000000000000 ) ;
#2140 = CIRCLE ( 'NONE', #581, 3.549999999999998046 ) ;
#2141 = DIRECTION ( 'NONE',  ( 0.9392839235730117142, -0.3431409490534300666, 0.000000000000000000 ) ) ;
#2142 = DIRECTION ( 'NONE',  ( -1.000000000000000000, 0.000000000000000000, 0.000000000000000000 ) ) ;
#2143 = EDGE_CURVE ( 'NONE', #1040, #3532, #3025, .T. ) ;
#2144 = PLANE ( 'NONE',  #896 ) ;
#2145 = DIRECTION ( 'NONE',  ( 0.000000000000000000, 0.000000000000000000, 1.000000000000000000 ) ) ;
#2146 = FACE_OUTER_BOUND ( 'NONE', #1842, .T. ) ;
#2147 = DIRECTION ( 'NONE',  ( -3.330669073875469621E-16, 1.000000000000000000, 0.000000000000000000 ) ) ;
#2148 = EDGE_CURVE ( 'NONE', #2230, #3360, #3648, .T. ) ;
#2149 = CYLINDRICAL_SURFACE ( 'NONE', #312, 3.549999999999997602 ) ;
#2150 = ORIENTED_EDGE ( 'NONE', *, *, #3720, .T. ) ;
#2151 = LINE ( 'NONE', #1610, #265 ) ;
#2152 = VERTEX_POINT ( 'NONE', #2496 ) ;
#2153 = DIRECTION ( 'NONE',  ( 1.000000000000000000, 0.000000000000000000, 0.000000000000000000 ) ) ;
#2154 = CARTESIAN_POINT ( 'NONE',  ( 0.000000000000000000, 0.000000000000000000, -3.000000000000000000 ) ) ;
#2155 = ORIENTED_EDGE ( 'NONE', *, *, #3758, .F. ) ;
#2156 = FACE_OUTER_BOUND ( 'NONE', #3862, .T. ) ;
#2157 = DIRECTION ( 'NONE',  ( -0.000000000000000000, -0.000000000000000000, 1.000000000000000000 ) ) ;
#2158 = EDGE_LOOP ( 'NONE', ( #372, #3809, #1070, #887 ) ) ;
#2159 = LINE ( 'NONE', #1060, #770 ) ;
#2160 = EDGE_CURVE ( 'NONE', #2551, #1099, #3684, .T. ) ;
#2161 = CARTESIAN_POINT ( 'NONE',  ( 11.00000000000000711, -75.74999999999997158, -27.50000000000027001 ) ) ;
#2162 = DIRECTION ( 'NONE',  ( 0.000000000000000000, 0.000000000000000000, 1.000000000000000000 ) ) ;
#2163 = FACE_OUTER_BOUND ( 'NONE', #238, .T. ) ;
#2164 = ORIENTED_EDGE ( 'NONE', *, *, #2786, .T. ) ;
#2165 = EDGE_CURVE ( 'NONE', #2316, #22, #627, .T. ) ;
#2166 = EDGE_CURVE ( 'NONE', #2384, #2253, #1815, .T. ) ;
#2167 = CARTESIAN_POINT ( 'NONE',  ( 0.000000000000000000, 0.000000000000000000, 2.299999999999999822 ) ) ;
#2168 = ORIENTED_EDGE ( 'NONE', *, *, #3280, .T. ) ;
#2169 = CARTESIAN_POINT ( 'NONE',  ( -5.999999999999988454, -65.70000000000004547, -12.19999999999993001 ) ) ;
#2170 = VERTEX_POINT ( 'NONE', #351 ) ;
#2171 = DIRECTION ( 'NONE',  ( 0.000000000000000000, 0.000000000000000000, -1.000000000000000000 ) ) ;
#2172 = CARTESIAN_POINT ( 'NONE',  ( -15.99999999999999645, -31.00000000000000355, -52.04999999999991189 ) ) ;
#2173 = FACE_OUTER_BOUND ( 'NONE', #1536, .T. ) ;
#2174 = EDGE_LOOP ( 'NONE', ( #3597, #3726, #968, #2773 ) ) ;
#2175 = CARTESIAN_POINT ( 'NONE',  ( -19.00000000000000000, 0.000000000000000000, -3.000000000000002665 ) ) ;
#2176 = FACE_BOUND ( 'NONE', #3612, .T. ) ;
#2177 = LINE ( 'NONE', #17, #2682 ) ;
#2178 = DIRECTION ( 'NONE',  ( -0.000000000000000000, 1.000000000000000000, -0.000000000000000000 ) ) ;
#2179 = DIRECTION ( 'NONE',  ( -2.162041379089511014E-15, 0.9991649998763387774, -0.04085710491598601446 ) ) ;
#2180 = VERTEX_POINT ( 'NONE', #38 ) ;
#2181 = AXIS2_PLACEMENT_3D ( 'NONE', #1795, #1424, #2603 ) ;
#2182 = VECTOR ( 'NONE', #3706, 1000.000000000000000 ) ;
#2183 = DIRECTION ( 'NONE',  ( -0.000000000000000000, -0.000000000000000000, -1.000000000000000000 ) ) ;
#2184 = ORIENTED_EDGE ( 'NONE', *, *, #2877, .F. ) ;
#2185 = CARTESIAN_POINT ( 'NONE',  ( 28.60000000000000853, -75.86000000000002785, -27.49999999999995737 ) ) ;
#2186 = ORIENTED_EDGE ( 'NONE', *, *, #3030, .F. ) ;
#2187 = AXIS2_PLACEMENT_3D ( 'NONE', #1604, #2162, #725 ) ;
#2188 = EDGE_CURVE ( 'NONE', #1420, #3211, #1533, .T. ) ;
#2189 = EDGE_CURVE ( 'NONE', #1251, #1837, #2557, .T. ) ;
#2190 = CARTESIAN_POINT ( 'NONE',  ( 11.00000000000000533, -50.70000000000005258, -17.44999999999992468 ) ) ;
#2191 = LINE ( 'NONE', #1904, #1214 ) ;
#2192 = CIRCLE ( 'NONE', #1327, 1.900000000000007683 ) ;
#2193 = CIRCLE ( 'NONE', #950, 1.899999999999999023 ) ;
#2194 = VECTOR ( 'NONE', #1106, 1000.000000000000000 ) ;
#2195 = FACE_OUTER_BOUND ( 'NONE', #1705, .T. ) ;
#2196 = EDGE_LOOP ( 'NONE', ( #1980, #2594 ) ) ;
#2197 = EDGE_CURVE ( 'NONE', #530, #1970, #3863, .T. ) ;
#2198 = VECTOR ( 'NONE', #3694, 1000.000000000000000 ) ;
#2199 = CIRCLE ( 'NONE', #457, 3.549999999999998490 ) ;
#2200 = CARTESIAN_POINT ( 'NONE',  ( 0.000000000000000000, -75.70000000000008811, -17.44999999999993179 ) ) ;
#2201 = VECTOR ( 'NONE', #3009, 1000.000000000000000 ) ;
#2202 = CIRCLE ( 'NONE', #3632, 1.900000000000007683 ) ;
#2203 = ADVANCED_BREP_SHAPE_REPRESENTATION ( '009_002_Left_right_connector', ( #652, #942 ), #3236 ) ;
#2204 = CIRCLE ( 'NONE', #1016, 3.549999999999997602 ) ;
#2205 = CARTESIAN_POINT ( 'NONE',  ( -4.099999999999990763, -65.70000000000004547, -16.44999999999992824 ) ) ;
#2206 = LINE ( 'NONE', #3392, #3439 ) ;
#2207 = CARTESIAN_POINT ( 'NONE',  ( -10.99999999999999112, -46.44999999999999574, -37.54999999999993321 ) ) ;
#2208 = LINE ( 'NONE', #3085, #813 ) ;
#2209 = VERTEX_POINT ( 'NONE', #1855 ) ;
#2210 = CARTESIAN_POINT ( 'NONE',  ( -3.864579600900125200, 6.693648218653342141, -42.93251095273883777 ) ) ;
#2211 = ORIENTED_EDGE ( 'NONE', *, *, #982, .F. ) ;
#2212 = CARTESIAN_POINT ( 'NONE',  ( -2.610287666324261568, 13.85705393449289780, 0.000000000000000000 ) ) ;
#2213 = ORIENTED_EDGE ( 'NONE', *, *, #1809, .T. ) ;
#2214 = CYLINDRICAL_SURFACE ( 'NONE', #1394, 1.899999999999999023 ) ;
#2215 = CARTESIAN_POINT ( 'NONE',  ( 14.10000000000004228, -65.70000000000004547, -42.79999999999993321 ) ) ;
#2216 = DIRECTION ( 'NONE',  ( -1.000000000000000000, -1.119176436114069085E-16, 0.000000000000000000 ) ) ;
#2217 = EDGE_CURVE ( 'NONE', #344, #2796, #3041, .T. ) ;
#2218 = ORIENTED_EDGE ( 'NONE', *, *, #1892, .T. ) ;
#2219 = LINE ( 'NONE', #2451, #1827 ) ;
#2220 = ORIENTED_EDGE ( 'NONE', *, *, #3826, .T. ) ;
#2221 = EDGE_CURVE ( 'NONE', #3318, #782, #2805, .T. ) ;
#2222 = ORIENTED_EDGE ( 'NONE', *, *, #3591, .T. ) ;
#2223 = DIRECTION ( 'NONE',  ( -2.515402503830336267E-16, 8.050361205584444418E-17, -1.000000000000000000 ) ) ;
#2224 = DIRECTION ( 'NONE',  ( 1.164243943608594702E-16, 0.000000000000000000, -1.000000000000000000 ) ) ;
#2225 = DIRECTION ( 'NONE',  ( -2.515402503830336267E-16, 8.050361205584444418E-17, -1.000000000000000000 ) ) ;
#2226 = EDGE_LOOP ( 'NONE', ( #3305, #1651, #880, #219 ) ) ;
#2227 = CYLINDRICAL_SURFACE ( 'NONE', #497, 1.899999999999999023 ) ;
#2228 = VERTEX_POINT ( 'NONE', #482 ) ;
#2229 = LINE ( 'NONE', #2277, #14 ) ;
#2230 = VERTEX_POINT ( 'NONE', #2275 ) ;
#2231 = CARTESIAN_POINT ( 'NONE',  ( -5.999999999999988454, -65.70000000000004547, -42.79999999999993321 ) ) ;
#2232 = DIRECTION ( 'NONE',  ( -1.000000000000000000, 0.000000000000000000, 0.000000000000000000 ) ) ;
#2233 = DIRECTION ( 'NONE',  ( -1.000000000000000000, 0.000000000000000000, 0.000000000000000000 ) ) ;
#2234 = ORIENTED_EDGE ( 'NONE', *, *, #2476, .T. ) ;
#2235 = ORIENTED_EDGE ( 'NONE', *, *, #3145, .F. ) ;
#2236 = EDGE_CURVE ( 'NONE', #1781, #853, #1083, .T. ) ;
#2237 = ADVANCED_FACE ( 'NONE', ( #1914 ), #1048, .F. ) ;
#2238 = CARTESIAN_POINT ( 'NONE',  ( -5.999999999999988454, -65.70000000000004547, -43.54999999999993321 ) ) ;
#2239 = CARTESIAN_POINT ( 'NONE',  ( -17.64999999999999147, -31.00000000000000355, -56.54999999999990479 ) ) ;
#2240 = EDGE_LOOP ( 'NONE', ( #1437, #870, #1339, #3136 ) ) ;
#2241 = EDGE_CURVE ( 'NONE', #605, #713, #1969, .T. ) ;
#2242 = DIRECTION ( 'NONE',  ( 1.000000000000000000, 0.000000000000000000, 0.000000000000000000 ) ) ;
#2243 = EDGE_LOOP ( 'NONE', ( #475, #1565, #2747, #3634 ) ) ;
#2244 = DIRECTION ( 'NONE',  ( -1.000000000000000000, 0.000000000000000000, 0.000000000000000000 ) ) ;
#2245 = ORIENTED_EDGE ( 'NONE', *, *, #2425, .F. ) ;
#2246 = CARTESIAN_POINT ( 'NONE',  ( 0.000000000000000000, 13.40000000000000036, -42.93251095273883777 ) ) ;
#2247 = DIRECTION ( 'NONE',  ( 0.6418732646537933517, 0.7668107407455123647, 0.000000000000000000 ) ) ;
#2248 = DIRECTION ( 'NONE',  ( 1.000000000000000000, 0.000000000000000000, 0.000000000000000000 ) ) ;
#2249 = CIRCLE ( 'NONE', #2301, 2.999999999999999112 ) ;
#2250 = EDGE_LOOP ( 'NONE', ( #1242, #2526, #669, #489 ) ) ;
#2251 = VECTOR ( 'NONE', #2101, 1000.000000000000000 ) ;
#2252 = DIRECTION ( 'NONE',  ( -0.000000000000000000, -0.000000000000000000, 1.000000000000000000 ) ) ;
#2253 = VERTEX_POINT ( 'NONE', #1390 ) ;
#2254 = AXIS2_PLACEMENT_3D ( 'NONE', #2691, #3821, #2318 ) ;
#2255 = VECTOR ( 'NONE', #2096, 1000.000000000000000 ) ;
#2256 = AXIS2_PLACEMENT_3D ( 'NONE', #3328, #34, #382 ) ;
#2257 = CARTESIAN_POINT ( 'NONE',  ( -10.99999999999999467, -96.00000000000000000, -17.44999999999993179 ) ) ;
#2258 = CIRCLE ( 'NONE', #1019, 3.549999999999997602 ) ;
#2259 = DIRECTION ( 'NONE',  ( 1.000000000000000000, 0.000000000000000000, 0.000000000000000000 ) ) ;
#2260 = EDGE_CURVE ( 'NONE', #999, #2152, #3452, .T. ) ;
#2261 = ORIENTED_EDGE ( 'NONE', *, *, #1712, .T. ) ;
#2262 = AXIS2_PLACEMENT_3D ( 'NONE', #433, #2462, #1624 ) ;
#2263 = DIRECTION ( 'NONE',  ( -0.000000000000000000, -0.000000000000000000, 1.000000000000000000 ) ) ;
#2264 = VERTEX_POINT ( 'NONE', #3170 ) ;
#2265 = CARTESIAN_POINT ( 'NONE',  ( 2.610287666324261568, 13.85705393449289957, 2.299999999999999822 ) ) ;
#2266 = EDGE_CURVE ( 'NONE', #3542, #1929, #1571, .T. ) ;
#2267 = VERTEX_POINT ( 'NONE', #2841 ) ;
#2268 = CARTESIAN_POINT ( 'NONE',  ( -14.09999999999999254, -31.00000000000000355, -56.54999999999990479 ) ) ;
#2269 = CARTESIAN_POINT ( 'NONE',  ( -11.60474041071020679, -6.700000000000029488, -42.93251095273883777 ) ) ;
#2270 = LINE ( 'NONE', #179, #323 ) ;
#2271 = VERTEX_POINT ( 'NONE', #2856 ) ;
#2272 = DIRECTION ( 'NONE',  ( -1.000000000000000000, 0.000000000000000000, 0.000000000000000000 ) ) ;
#2273 = ORIENTED_EDGE ( 'NONE', *, *, #2696, .F. ) ;
#2274 = DIRECTION ( 'NONE',  ( -1.000000000000000000, 0.000000000000000000, -0.000000000000000000 ) ) ;
#2275 = CARTESIAN_POINT ( 'NONE',  ( -4.724999999999909939, 11.47483660014377449, -3.000000000000000000 ) ) ;
#2276 = VERTEX_POINT ( 'NONE', #1622 ) ;
#2277 = CARTESIAN_POINT ( 'NONE',  ( 11.00000000000000888, -50.70000000000005969, -11.44999999999992824 ) ) ;
#2278 = EDGE_LOOP ( 'NONE', ( #793, #3549, #3164, #2801 ) ) ;
#2279 = EDGE_CURVE ( 'NONE', #2963, #3453, #1748, .T. ) ;
#2280 = EDGE_CURVE ( 'NONE', #2055, #582, #2249, .T. ) ;
#2281 = CARTESIAN_POINT ( 'NONE',  ( -5.999999999999988454, -65.70000000000004547, -12.19999999999993001 ) ) ;
#2282 = CARTESIAN_POINT ( 'NONE',  ( 20.99999999999989342, -75.70000000000004547, -11.44999999999992824 ) ) ;
#2283 = EDGE_LOOP ( 'NONE', ( #1921, #1923, #3153, #1849 ) ) ;
#2284 = CARTESIAN_POINT ( 'NONE',  ( 13.30537989737616122, -22.10368098241526269, -3.199999999999999734 ) ) ;
#2285 = ORIENTED_EDGE ( 'NONE', *, *, #1786, .F. ) ;
#2286 = EDGE_CURVE ( 'NONE', #2082, #408, #3302, .T. ) ;
#2287 = LINE ( 'NONE', #2614, #3181 ) ;
#2288 = VERTEX_POINT ( 'NONE', #798 ) ;
#2289 = LINE ( 'NONE', #494, #704 ) ;
#2290 = LINE ( 'NONE', #1115, #2874 ) ;
#2291 = EDGE_LOOP ( 'NONE', ( #2184, #2470, #1354, #796 ) ) ;
#2292 = DIRECTION ( 'NONE',  ( -1.164243943608594702E-16, -6.938893903907222461E-16, 1.000000000000000000 ) ) ;
#2293 = ORIENTED_EDGE ( 'NONE', *, *, #561, .T. ) ;
#2294 = CYLINDRICAL_SURFACE ( 'NONE', #2002, 3.549999999999999378 ) ;
#2295 = CARTESIAN_POINT ( 'NONE',  ( -5.999999999999988454, -65.70000000000004547, -12.19999999999993001 ) ) ;
#2296 = VERTEX_POINT ( 'NONE', #2885 ) ;
#2297 = DIRECTION ( 'NONE',  ( -0.000000000000000000, -0.000000000000000000, 1.000000000000000000 ) ) ;
#2298 = ORIENTED_EDGE ( 'NONE', *, *, #1042, .T. ) ;
#2299 = EDGE_CURVE ( 'NONE', #994, #2518, #3056, .T. ) ;
#2300 = CARTESIAN_POINT ( 'NONE',  ( -1.999999999999993117, -42.00000000000010658, -22.50000000000004263 ) ) ;
#2301 = AXIS2_PLACEMENT_3D ( 'NONE', #2573, #431, #3465 ) ;
#2302 = LINE ( 'NONE', #2911, #3682 ) ;
#2303 = VERTEX_POINT ( 'NONE', #139 ) ;
#2304 = VECTOR ( 'NONE', #3367, 1000.000000000000000 ) ;
#2305 = DIRECTION ( 'NONE',  ( 1.000000000000000000, 0.000000000000000000, 0.000000000000000000 ) ) ;
#2306 = VECTOR ( 'NONE', #3476, 1000.000000000000000 ) ;
#2307 = AXIS2_PLACEMENT_3D ( 'NONE', #1504, #2003, #555 ) ;
#2308 = CIRCLE ( 'NONE', #2440, 2.649999999999999467 ) ;
#2309 = VECTOR ( 'NONE', #1167, 1000.000000000000000 ) ;
#2310 = CIRCLE ( 'NONE', #2508, 1.899999999999998135 ) ;
#2311 = LINE ( 'NONE', #225, #1388 ) ;
#2312 = EDGE_LOOP ( 'NONE', ( #1335, #1391, #174, #2989 ) ) ;
#2313 = CARTESIAN_POINT ( 'NONE',  ( 16.00000000000004263, -65.70000000000004547, -42.79999999999993321 ) ) ;
#2314 = AXIS2_PLACEMENT_3D ( 'NONE', #3546, #1762, #1221 ) ;
#2315 = AXIS2_PLACEMENT_3D ( 'NONE', #2300, #3772, #1708 ) ;
#2316 = VERTEX_POINT ( 'NONE', #210 ) ;
#2317 = CARTESIAN_POINT ( 'NONE',  ( -3.864579600899062495, -6.693648218653594384, 0.000000000000000000 ) ) ;
#2318 = DIRECTION ( 'NONE',  ( 0.1724731828275600787, -0.9850142137072596116, 0.000000000000000000 ) ) ;
#2319 = ORIENTED_EDGE ( 'NONE', *, *, #2143, .T. ) ;
#2320 = DIRECTION ( 'NONE',  ( -0.1724731828275083145, -0.9850142137072687154, 0.000000000000000000 ) ) ;
#2321 = EDGE_LOOP ( 'NONE', ( #3093, #558, #1055, #1051 ) ) ;
#2322 = DIRECTION ( 'NONE',  ( -1.000000000000000000, 0.000000000000000000, 0.000000000000000000 ) ) ;
#2323 = EDGE_CURVE ( 'NONE', #2654, #1539, #1689, .T. ) ;
#2324 = DIRECTION ( 'NONE',  ( 1.000000000000000000, 0.000000000000000000, 0.000000000000000000 ) ) ;
#2325 = CARTESIAN_POINT ( 'NONE',  ( 23.60000000000002984, -85.41000000000042292, -27.49999999999995737 ) ) ;
#2326 = ORIENTED_EDGE ( 'NONE', *, *, #2236, .T. ) ;
#2327 = ORIENTED_EDGE ( 'NONE', *, *, #3045, .F. ) ;
#2328 = EDGE_CURVE ( 'NONE', #508, #2358, #1648, .T. ) ;
#2329 = ADVANCED_FACE ( 'NONE', ( #1063 ), #2227, .F. ) ;
#2330 = DIRECTION ( 'NONE',  ( 0.000000000000000000, 0.000000000000000000, 1.000000000000000000 ) ) ;
#2331 = CARTESIAN_POINT ( 'NONE',  ( 14.25474041071213627, -6.699999999998910383, 2.299999999999999822 ) ) ;
#2332 = CARTESIAN_POINT ( 'NONE',  ( 12.99999999999999112, -36.00000000000000000, 1.513517126691171954E-15 ) ) ;
#2333 = DIRECTION ( 'NONE',  ( 3.435095992033280975E-16, -1.000000000000000000, 2.862579993361066863E-17 ) ) ;
#2334 = ORIENTED_EDGE ( 'NONE', *, *, #1502, .T. ) ;
#2335 = DIRECTION ( 'NONE',  ( -1.000000000000000000, 0.000000000000000000, -1.164243943608584841E-16 ) ) ;
#2336 = CARTESIAN_POINT ( 'NONE',  ( 13.30570456204409702, 4.667951537025174957, 0.000000000000000000 ) ) ;
#2337 = ORIENTED_EDGE ( 'NONE', *, *, #3282, .F. ) ;
#2338 = DIRECTION ( 'NONE',  ( -1.000000000000000000, 4.163202090930917821E-17, 1.110223024625156540E-16 ) ) ;
#2339 = ORIENTED_EDGE ( 'NONE', *, *, #3689, .F. ) ;
#2340 = PLANE ( 'NONE',  #2623 ) ;
#2341 = FACE_OUTER_BOUND ( 'NONE', #3284, .T. ) ;
#2342 = LINE ( 'NONE', #3846, #2309 ) ;
#2343 = ORIENTED_EDGE ( 'NONE', *, *, #1125, .F. ) ;
#2344 = EDGE_LOOP ( 'NONE', ( #3010, #905, #368, #2771 ) ) ;
#2345 = DIRECTION ( 'NONE',  ( -1.000000000000000000, -0.000000000000000000, -1.164243943608598646E-16 ) ) ;
#2346 = VERTEX_POINT ( 'NONE', #765 ) ;
#2347 = EDGE_CURVE ( 'NONE', #2083, #736, #3103, .T. ) ;
#2348 = EDGE_CURVE ( 'NONE', #2906, #2427, #2678, .T. ) ;
#2349 = CARTESIAN_POINT ( 'NONE',  ( 20.99999999999989342, -55.69999999999996732, -11.44999999999992824 ) ) ;
#2350 = FACE_OUTER_BOUND ( 'NONE', #102, .T. ) ;
#2351 = CARTESIAN_POINT ( 'NONE',  ( 11.00000000000000888, -86.04999999999999716, -37.54999999999993321 ) ) ;
#2352 = ORIENTED_EDGE ( 'NONE', *, *, #3316, .T. ) ;
#2353 = EDGE_CURVE ( 'NONE', #2296, #801, #173, .T. ) ;
#2354 = CARTESIAN_POINT ( 'NONE',  ( 16.00000000000000355, -32.99999999999999289, -57.29999999999990479 ) ) ;
#2355 = CYLINDRICAL_SURFACE ( 'NONE', #559, 1.900000000000009015 ) ;
#2356 = ORIENTED_EDGE ( 'NONE', *, *, #1074, .T. ) ;
#2357 = CARTESIAN_POINT ( 'NONE',  ( 19.00000000000000355, -26.00000000000000000, -15.00000000000009592 ) ) ;
#2358 = VERTEX_POINT ( 'NONE', #3503 ) ;
#2359 = DIRECTION ( 'NONE',  ( 1.000000000000000000, -0.000000000000000000, -0.000000000000000000 ) ) ;
#2360 = CARTESIAN_POINT ( 'NONE',  ( 6.624999999999554134, 11.47483660014416174, -3.199999999999999734 ) ) ;
#2361 = DIRECTION ( 'NONE',  ( -1.000000000000000000, 0.000000000000000000, 2.515402503830336267E-16 ) ) ;
#2362 = ORIENTED_EDGE ( 'NONE', *, *, #2545, .F. ) ;
#2363 = ORIENTED_EDGE ( 'NONE', *, *, #2605, .F. ) ;
#2364 = AXIS2_PLACEMENT_3D ( 'NONE', #3120, #157, #1956 ) ;
#2365 = LINE ( 'NONE', #2116, #1522 ) ;
#2366 = ORIENTED_EDGE ( 'NONE', *, *, #1647, .T. ) ;
#2367 = VECTOR ( 'NONE', #1912, 1000.000000000000000 ) ;
#2368 = AXIS2_PLACEMENT_3D ( 'NONE', #2360, #3552, #3263 ) ;
#2369 = AXIS2_PLACEMENT_3D ( 'NONE', #925, #2502, #3635 ) ;
#2370 = EDGE_CURVE ( 'NONE', #2518, #994, #3483, .T. ) ;
#2371 = CARTESIAN_POINT ( 'NONE',  ( 13.30537989737616122, -22.10368098241526269, 2.299999999999999822 ) ) ;
#2372 = DIRECTION ( 'NONE',  ( 1.000000000000000000, 0.000000000000000000, 0.000000000000000000 ) ) ;
#2373 = DIRECTION ( 'NONE',  ( -1.000000000000000000, 0.000000000000000000, 0.000000000000000000 ) ) ;
#2374 = EDGE_LOOP ( 'NONE', ( #1395, #3848, #1423, #463, #1365, #3843, #2826, #1753, #31, #2222, #1379, #3378, #1621, #2112, #2842, #1445, #2481, #3778, #1201, #2643 ) ) ;
#2375 = VECTOR ( 'NONE', #1737, 1000.000000000000000 ) ;
#2376 = CIRCLE ( 'NONE', #1017, 3.549999999999999378 ) ;
#2377 = CIRCLE ( 'NONE', #1890, 1.900000000000000577 ) ;
#2378 = ADVANCED_FACE ( 'NONE', ( #1422 ), #840, .T. ) ;
#2379 = LINE ( 'NONE', #1780, #2375 ) ;
#2380 = ORIENTED_EDGE ( 'NONE', *, *, #1841, .F. ) ;
#2381 = VECTOR ( 'NONE', #927, 1000.000000000000000 ) ;
#2382 = CIRCLE ( 'NONE', #2630, 12.55000000000045013 ) ;
#2383 = DIRECTION ( 'NONE',  ( -1.000000000000000000, 0.000000000000000000, 0.000000000000000000 ) ) ;
#2384 = VERTEX_POINT ( 'NONE', #3249 ) ;
#2385 = AXIS2_PLACEMENT_3D ( 'NONE', #371, #399, #3338 ) ;
#2386 = VECTOR ( 'NONE', #3405, 1000.000000000000000 ) ;
#2387 = CARTESIAN_POINT ( 'NONE',  ( 3.864579600901408174, -6.693648218652620940, -42.93251095273883777 ) ) ;
#2388 = DIRECTION ( 'NONE',  ( -0.000000000000000000, -0.000000000000000000, -1.000000000000000000 ) ) ;
#2389 = FACE_BOUND ( 'NONE', #281, .T. ) ;
#2390 = ORIENTED_EDGE ( 'NONE', *, *, #2848, .F. ) ;
#2391 = ORIENTED_EDGE ( 'NONE', *, *, #43, .F. ) ;
#2392 = CARTESIAN_POINT ( 'NONE',  ( 7.729159201800657186, 1.055159106790048984E-12, 0.000000000000000000 ) ) ;
#2393 = LINE ( 'NONE', #3583, #3129 ) ;
#2394 = CYLINDRICAL_SURFACE ( 'NONE', #3370, 1.900000000000000577 ) ;
#2395 = DIRECTION ( 'NONE',  ( -0.000000000000000000, -0.000000000000000000, 1.000000000000000000 ) ) ;
#2396 = CARTESIAN_POINT ( 'NONE',  ( 0.000000000000000000, -86.00000000000000000, -47.54999999999993321 ) ) ;
#2397 = FACE_OUTER_BOUND ( 'NONE', #2931, .T. ) ;
#2398 = ORIENTED_EDGE ( 'NONE', *, *, #3335, .F. ) ;
#2399 = DIRECTION ( 'NONE',  ( 0.3431409490534294005, -0.9392839235730119363, 0.000000000000000000 ) ) ;
#2400 = VERTEX_POINT ( 'NONE', #3270 ) ;
#2401 = EDGE_CURVE ( 'NONE', #1858, #3054, #2039, .T. ) ;
#2402 = ADVANCED_FACE ( 'NONE', ( #1173 ), #2061, .F. ) ;
#2403 = CARTESIAN_POINT ( 'NONE',  ( -3.864579600899062495, -6.693648218653594384, -42.93251095273883777 ) ) ;
#2404 = DIRECTION ( 'NONE',  ( -1.000000000000000000, 0.000000000000000000, 0.000000000000000000 ) ) ;
#2405 = CARTESIAN_POINT ( 'NONE',  ( 14.10000000000001030, -31.00000000000000355, -56.54999999999991189 ) ) ;
#2406 = ORIENTED_EDGE ( 'NONE', *, *, #1859, .T. ) ;
#2407 = EDGE_LOOP ( 'NONE', ( #1932, #3200 ) ) ;
#2408 = EDGE_CURVE ( 'NONE', #2427, #2906, #700, .T. ) ;
#2409 = DIRECTION ( 'NONE',  ( -0.000000000000000000, -0.000000000000000000, 1.000000000000000000 ) ) ;
#2410 = DIRECTION ( 'NONE',  ( -2.515402503830336267E-16, 8.050361205584444418E-17, -1.000000000000000000 ) ) ;
#2411 = DIRECTION ( 'NONE',  ( -2.515402503830336267E-16, 8.050361205584444418E-17, -1.000000000000000000 ) ) ;
#2412 = DIRECTION ( 'NONE',  ( -2.515402503830336267E-16, 8.050361205584444418E-17, -1.000000000000000000 ) ) ;
#2413 = DIRECTION ( 'NONE',  ( 0.000000000000000000, 0.000000000000000000, -1.000000000000000000 ) ) ;
#2414 = EDGE_LOOP ( 'NONE', ( #3497, #2954, #3819, #1084 ) ) ;
#2415 = CARTESIAN_POINT ( 'NONE',  ( 17.90000000000004121, -65.70000000000004547, -38.54999999999994031 ) ) ;
#2416 = ORIENTED_EDGE ( 'NONE', *, *, #1551, .F. ) ;
#2417 = DIRECTION ( 'NONE',  ( -0.000000000000000000, -0.000000000000000000, -1.000000000000000000 ) ) ;
#2418 = ORIENTED_EDGE ( 'NONE', *, *, #2260, .T. ) ;
#2419 = SURFACE_STYLE_USAGE ( .BOTH. , #1612 ) ;
#2420 = LINE ( 'NONE', #2445, #21 ) ;
#2421 = CARTESIAN_POINT ( 'NONE',  ( 11.00000000000000533, -55.70000000000013785, -3.741504693972755760E-14 ) ) ;
#2422 = EDGE_CURVE ( 'NONE', #747, #3783, #2085, .T. ) ;
#2423 = ORIENTED_EDGE ( 'NONE', *, *, #91, .F. ) ;
#2424 = DIRECTION ( 'NONE',  ( -0.000000000000000000, -0.7071067811865440200, -0.7071067811865511255 ) ) ;
#2425 = EDGE_CURVE ( 'NONE', #440, #3638, #2193, .T. ) ;
#2426 = CARTESIAN_POINT ( 'NONE',  ( 20.99999999999997158, -5.234658497523929720E-15, -37.54999999999993321 ) ) ;
#2427 = VERTEX_POINT ( 'NONE', #1776 ) ;
#2428 = LINE ( 'NONE', #3622, #1144 ) ;
#2429 = CARTESIAN_POINT ( 'NONE',  ( -10.99999999999999645, -38.00000000000000000, 2.299999999999999822 ) ) ;
#2430 = CARTESIAN_POINT ( 'NONE',  ( -3.864579600899062495, -6.693648218653594384, 0.000000000000000000 ) ) ;
#2431 = AXIS2_PLACEMENT_3D ( 'NONE', #2727, #56, #1253 ) ;
#2432 = PLANE ( 'NONE',  #1010 ) ;
#2433 = ORIENTED_EDGE ( 'NONE', *, *, #2266, .F. ) ;
#2434 = CIRCLE ( 'NONE', #2680, 2.750000000000609734 ) ;
#2435 = CARTESIAN_POINT ( 'NONE',  ( 16.00000000000004263, -65.70000000000004547, -42.79999999999993321 ) ) ;
#2436 = ORIENTED_EDGE ( 'NONE', *, *, #1241, .F. ) ;
#2437 = CARTESIAN_POINT ( 'NONE',  ( -15.20537989737616158, -22.10368098241526269, -3.199999999999999734 ) ) ;
#2438 = AXIS2_PLACEMENT_3D ( 'NONE', #3827, #850, #1166 ) ;
#2439 = AXIS2_PLACEMENT_3D ( 'NONE', #131, #3114, #1333 ) ;
#2440 = AXIS2_PLACEMENT_3D ( 'NONE', #549, #2079, #592 ) ;
#2441 = ORIENTED_EDGE ( 'NONE', *, *, #1718, .F. ) ;
#2442 = CARTESIAN_POINT ( 'NONE',  ( -5.999999999999988454, -65.70000000000004547, -16.44999999999992824 ) ) ;
#2443 = CIRCLE ( 'NONE', #769, 0.5000000000000004441 ) ;
#2444 = AXIS2_PLACEMENT_3D ( 'NONE', #3424, #3365, #2781 ) ;
#2445 = CARTESIAN_POINT ( 'NONE',  ( -19.00000000000000000, 0.000000000000000000, -52.04079934095691584 ) ) ;
#2446 = DIRECTION ( 'NONE',  ( -0.000000000000000000, -0.000000000000000000, 1.000000000000000000 ) ) ;
#2447 = ORIENTED_EDGE ( 'NONE', *, *, #3404, .F. ) ;
#2448 = VECTOR ( 'NONE', #2292, 1000.000000000000000 ) ;
#2449 = VECTOR ( 'NONE', #2974, 1000.000000000000000 ) ;
#2450 = EDGE_CURVE ( 'NONE', #994, #1073, #1731, .T. ) ;
#2451 = CARTESIAN_POINT ( 'NONE',  ( 20.99999999999996447, -75.70000000000008811, -47.54999999999991900 ) ) ;
#2452 = DIRECTION ( 'NONE',  ( 0.000000000000000000, 0.000000000000000000, 1.000000000000000000 ) ) ;
#2453 = ORIENTED_EDGE ( 'NONE', *, *, #169, .T. ) ;
#2454 = EDGE_CURVE ( 'NONE', #633, #3511, #2290, .T. ) ;
#2455 = EDGE_CURVE ( 'NONE', #1237, #1679, #2311, .T. ) ;
#2456 = DIRECTION ( 'NONE',  ( 0.000000000000000000, 0.000000000000000000, 1.000000000000000000 ) ) ;
#2457 = FACE_OUTER_BOUND ( 'NONE', #1798, .T. ) ;
#2458 = CARTESIAN_POINT ( 'NONE',  ( 11.00000000000000533, -86.04999999999999716, -17.44999999999993179 ) ) ;
#2459 = EDGE_CURVE ( 'NONE', #2551, #378, #2626, .T. ) ;
#2460 = DIRECTION ( 'NONE',  ( 0.000000000000000000, -1.000000000000000000, 0.000000000000000000 ) ) ;
#2461 = ORIENTED_EDGE ( 'NONE', *, *, #3167, .T. ) ;
#2462 = DIRECTION ( 'NONE',  ( -1.000000000000000000, 0.000000000000000000, -1.164243943608584841E-16 ) ) ;
#2463 = ORIENTED_EDGE ( 'NONE', *, *, #181, .T. ) ;
#2464 = LINE ( 'NONE', #3652, #1389 ) ;
#2465 = LINE ( 'NONE', #3073, #334 ) ;
#2466 = PLANE ( 'NONE',  #1086 ) ;
#2467 = ORIENTED_EDGE ( 'NONE', *, *, #1765, .F. ) ;
#2468 = DIRECTION ( 'NONE',  ( -1.000000000000000000, 6.661338147750937270E-16, -3.295264136390018418E-17 ) ) ;
#2469 = FACE_OUTER_BOUND ( 'NONE', #3649, .T. ) ;
#2470 = ORIENTED_EDGE ( 'NONE', *, *, #2221, .T. ) ;
#2471 = DIRECTION ( 'NONE',  ( -2.515402503830336267E-16, 8.050361205584444418E-17, -1.000000000000000000 ) ) ;
#2472 = DIRECTION ( 'NONE',  ( 0.000000000000000000, 0.7071067811865505703, -0.7071067811865445751 ) ) ;
#2473 = CARTESIAN_POINT ( 'NONE',  ( 3.864579600900049261, 6.693648218653777349, -42.93251095273883777 ) ) ;
#2474 = ADVANCED_FACE ( 'NONE', ( #1487 ), #2664, .F. ) ;
#2475 = CARTESIAN_POINT ( 'NONE',  ( -10.99999999999998934, -45.94999999999999574, -57.30000000000004690 ) ) ;
#2476 = EDGE_CURVE ( 'NONE', #1254, #1116, #900, .T. ) ;
#2477 = LINE ( 'NONE', #3664, #3796 ) ;
#2478 = VERTEX_POINT ( 'NONE', #2331 ) ;
#2479 = LINE ( 'NONE', #3398, #460 ) ;
#2480 = EDGE_CURVE ( 'NONE', #290, #1403, #1793, .T. ) ;
#2481 = ORIENTED_EDGE ( 'NONE', *, *, #1834, .T. ) ;
#2482 = CARTESIAN_POINT ( 'NONE',  ( 17.90000000000004121, -65.70000000000004547, -42.79999999999993321 ) ) ;
#2483 = CARTESIAN_POINT ( 'NONE',  ( -14.09999999999999254, -31.00000000000000355, -57.29999999999990479 ) ) ;
#2484 = CARTESIAN_POINT ( 'NONE',  ( 16.00000000000004263, -65.70000000000004547, -43.54999999999993321 ) ) ;
#2485 = VERTEX_POINT ( 'NONE', #3520 ) ;
#2486 = DIRECTION ( 'NONE',  ( -0.000000000000000000, -0.000000000000000000, -1.000000000000000000 ) ) ;
#2487 = ORIENTED_EDGE ( 'NONE', *, *, #1806, .F. ) ;
#2488 = FACE_BOUND ( 'NONE', #1873, .T. ) ;
#2489 = LINE ( 'NONE', #1927, #2130 ) ;
#2490 = CYLINDRICAL_SURFACE ( 'NONE', #1877, 2.649999999999999467 ) ;
#2491 = CARTESIAN_POINT ( 'NONE',  ( -10.99999999999999289, -75.70000000000008811, -37.54999999999993321 ) ) ;
#2492 = EDGE_LOOP ( 'NONE', ( #983, #404, #2763, #168 ) ) ;
#2493 = AXIS2_PLACEMENT_3D ( 'NONE', #3290, #859, #227 ) ;
#2494 = EDGE_CURVE ( 'NONE', #2478, #2662, #1263, .T. ) ;
#2495 = VECTOR ( 'NONE', #336, 1000.000000000000000 ) ;
#2496 = CARTESIAN_POINT ( 'NONE',  ( -12.19999999999998508, -31.00000000000000355, -56.54999999999990479 ) ) ;
#2497 = VERTEX_POINT ( 'NONE', #3479 ) ;
#2498 = CARTESIAN_POINT ( 'NONE',  ( 8.524999999999554490, 11.47483660014416174, 2.299999999999999822 ) ) ;
#2499 = ORIENTED_EDGE ( 'NONE', *, *, #3076, .T. ) ;
#2500 = CIRCLE ( 'NONE', #815, 1.900000000000000577 ) ;
#2501 = EDGE_CURVE ( 'NONE', #1556, #3856, #198, .T. ) ;
#2502 = DIRECTION ( 'NONE',  ( -0.000000000000000000, -0.000000000000000000, 1.000000000000000000 ) ) ;
#2503 = CARTESIAN_POINT ( 'NONE',  ( 0.000000000000000000, 0.000000000000000000, -3.000000000000000000 ) ) ;
#2504 = VECTOR ( 'NONE', #724, 1000.000000000000000 ) ;
#2505 = CARTESIAN_POINT ( 'NONE',  ( -10.99999999999999289, -75.74999999999997158, -27.50000000000027001 ) ) ;
#2506 = EDGE_LOOP ( 'NONE', ( #1464, #396, #3685, #2406 ) ) ;
#2507 = VECTOR ( 'NONE', #3784, 1000.000000000000000 ) ;
#2508 = AXIS2_PLACEMENT_3D ( 'NONE', #2231, #1627, #1986 ) ;
#2509 = CARTESIAN_POINT ( 'NONE',  ( 14.25474041071213627, -6.699999999998910383, -42.93251095273883777 ) ) ;
#2510 = ORIENTED_EDGE ( 'NONE', *, *, #1482, .T. ) ;
#2511 = AXIS2_PLACEMENT_3D ( 'NONE', #159, #2589, #2521 ) ;
#2512 = AXIS2_PLACEMENT_3D ( 'NONE', #2795, #361, #125 ) ;
#2513 = AXIS2_PLACEMENT_3D ( 'NONE', #2313, #920, #1752 ) ;
#2514 = AXIS2_PLACEMENT_3D ( 'NONE', #1460, #2, #3593 ) ;
#2515 = DIRECTION ( 'NONE',  ( 0.000000000000000000, 0.000000000000000000, 1.000000000000000000 ) ) ;
#2516 = CARTESIAN_POINT ( 'NONE',  ( 19.00000000000000355, -26.00000000000000000, -15.00000000000009592 ) ) ;
#2517 = DIRECTION ( 'NONE',  ( -1.577021341796747750E-16, 0.000000000000000000, 1.000000000000000000 ) ) ;
#2518 = VERTEX_POINT ( 'NONE', #1750 ) ;
#2519 = DIRECTION ( 'NONE',  ( 1.000000000000000000, 0.000000000000000000, 0.000000000000000000 ) ) ;
#2520 = ORIENTED_EDGE ( 'NONE', *, *, #3852, .T. ) ;
#2521 = DIRECTION ( 'NONE',  ( 1.000000000000000000, 0.000000000000000000, 0.000000000000000000 ) ) ;
#2522 = ORIENTED_EDGE ( 'NONE', *, *, #377, .T. ) ;
#2523 = DIRECTION ( 'NONE',  ( 1.000000000000000000, 0.000000000000000000, 0.000000000000000000 ) ) ;
#2524 = DIRECTION ( 'NONE',  ( -0.7071067811865501263, 0.7071067811865450192, -8.232447874810087337E-17 ) ) ;
#2525 = EDGE_CURVE ( 'NONE', #464, #2050, #537, .T. ) ;
#2526 = ORIENTED_EDGE ( 'NONE', *, *, #2049, .T. ) ;
#2527 = EDGE_CURVE ( 'NONE', #3511, #650, #3037, .T. ) ;
#2528 = CARTESIAN_POINT ( 'NONE',  ( 20.99999999999996447, -86.00000000000000000, -37.54999999999994031 ) ) ;
#2529 = ORIENTED_EDGE ( 'NONE', *, *, #1172, .F. ) ;
#2530 = ADVANCED_FACE ( 'NONE', ( #679 ), #94, .T. ) ;
#2531 = CARTESIAN_POINT ( 'NONE',  ( -12.19999999999998330, -31.00000000000000355, -52.04999999999991189 ) ) ;
#2532 = CARTESIAN_POINT ( 'NONE',  ( -10.99999999999999645, -55.69999999999996732, -11.44999999999992824 ) ) ;
#2533 = EDGE_LOOP ( 'NONE', ( #3269, #2794, #734, #1732 ) ) ;
#2534 = DIRECTION ( 'NONE',  ( -2.515402503830336267E-16, 8.050361205584444418E-17, -1.000000000000000000 ) ) ;
#2535 = ORIENTED_EDGE ( 'NONE', *, *, #915, .T. ) ;
#2536 = DIRECTION ( 'NONE',  ( -0.000000000000000000, 0.000000000000000000, 1.000000000000000000 ) ) ;
#2537 = ORIENTED_EDGE ( 'NONE', *, *, #1973, .T. ) ;
#2538 = FACE_BOUND ( 'NONE', #1670, .T. ) ;
#2539 = LINE ( 'NONE', #3126, #3067 ) ;
#2540 = CARTESIAN_POINT ( 'NONE',  ( 0.000000000000000000, 0.000000000000000000, 0.000000000000000000 ) ) ;
#2541 = EDGE_LOOP ( 'NONE', ( #3794, #3802, #819, #1995, #100, #2529, #837 ) ) ;
#2542 = ADVANCED_FACE ( 'NONE', ( #2457 ), #2394, .F. ) ;
#2543 = FACE_OUTER_BOUND ( 'NONE', #2872, .T. ) ;
#2544 = ORIENTED_EDGE ( 'NONE', *, *, #883, .T. ) ;
#2545 = EDGE_CURVE ( 'NONE', #2050, #2346, #73, .T. ) ;
#2546 = CARTESIAN_POINT ( 'NONE',  ( -5.306057363720466589E-15, -41.05000000000000426, -52.04999999999991189 ) ) ;
#2547 = ORIENTED_EDGE ( 'NONE', *, *, #3408, .T. ) ;
#2548 = DIRECTION ( 'NONE',  ( -0.000000000000000000, -0.000000000000000000, 1.000000000000000000 ) ) ;
#2549 = ORIENTED_EDGE ( 'NONE', *, *, #1463, .F. ) ;
#2550 = DIRECTION ( 'NONE',  ( 1.000000000000000000, 0.000000000000000000, 0.000000000000000000 ) ) ;
#2551 = VERTEX_POINT ( 'NONE', #3058 ) ;
#2552 = AXIS2_PLACEMENT_3D ( 'NONE', #1469, #3212, #540 ) ;
#2553 = AXIS2_PLACEMENT_3D ( 'NONE', #3762, #1353, #2519 ) ;
#2554 = DIRECTION ( 'NONE',  ( 0.000000000000000000, 0.000000000000000000, 1.000000000000000000 ) ) ;
#2555 = CARTESIAN_POINT ( 'NONE',  ( -10.99999999999999112, -75.70000000000004547, -43.54999999999993321 ) ) ;
#2556 = DIRECTION ( 'NONE',  ( 1.119176436114069085E-16, -1.000000000000000000, 0.000000000000000000 ) ) ;
#2557 = CIRCLE ( 'NONE', #2431, 9.999999999999994671 ) ;
#2558 = VERTEX_POINT ( 'NONE', #1588 ) ;
#2559 = VECTOR ( 'NONE', #1216, 1000.000000000000000 ) ;
#2560 = EDGE_LOOP ( 'NONE', ( #3062, #1176, #3472, #1626 ) ) ;
#2561 = CIRCLE ( 'NONE', #569, 2.649999999999999023 ) ;
#2562 = AXIS2_PLACEMENT_3D ( 'NONE', #3288, #2145, #1215 ) ;
#2563 = EDGE_CURVE ( 'NONE', #2922, #771, #1138, .T. ) ;
#2564 = DIRECTION ( 'NONE',  ( -2.515402503830336267E-16, 8.050361205584444418E-17, -1.000000000000000000 ) ) ;
#2565 = VECTOR ( 'NONE', #3712, 1000.000000000000000 ) ;
#2566 = AXIS2_PLACEMENT_3D ( 'NONE', #3719, #2515, #410 ) ;
#2567 = FILL_AREA_STYLE_COLOUR ( '', #692 ) ;
#2568 = EDGE_CURVE ( 'NONE', #2497, #3254, #2376, .T. ) ;
#2569 = ORIENTED_EDGE ( 'NONE', *, *, #471, .F. ) ;
#2570 = EDGE_CURVE ( 'NONE', #2035, #1128, #2999, .T. ) ;
#2571 = AXIS2_PLACEMENT_3D ( 'NONE', #2185, #3354, #1549 ) ;
#2572 = AXIS2_PLACEMENT_3D ( 'NONE', #88, #2778, #2141 ) ;
#2573 = CARTESIAN_POINT ( 'NONE',  ( -15.99999999999999645, -32.99999999999999289, -57.29999999999990479 ) ) ;
#2574 = ORIENTED_EDGE ( 'NONE', *, *, #2241, .T. ) ;
#2575 = CARTESIAN_POINT ( 'NONE',  ( -2.610287666322975486, -13.85705393449220679, 0.000000000000000000 ) ) ;
#2576 = VERTEX_POINT ( 'NONE', #3584 ) ;
#2577 = EDGE_CURVE ( 'NONE', #657, #213, #3366, .T. ) ;
#2578 =( NAMED_UNIT ( * ) SI_UNIT ( $, .STERADIAN. ) SOLID_ANGLE_UNIT ( ) );
#2579 = DIRECTION ( 'NONE',  ( 1.000000000000000000, 0.000000000000000000, 0.000000000000000000 ) ) ;
#2580 = EDGE_LOOP ( 'NONE', ( #3555, #158, #1644, #2436 ) ) ;
#2581 = FACE_OUTER_BOUND ( 'NONE', #2970, .T. ) ;
#2582 = ORIENTED_EDGE ( 'NONE', *, *, #1713, .T. ) ;
#2583 = CARTESIAN_POINT ( 'NONE',  ( 12.20000000000000284, -31.00000000000000355, -56.54999999999991189 ) ) ;
#2584 = ORIENTED_EDGE ( 'NONE', *, *, #2786, .F. ) ;
#2585 = FACE_OUTER_BOUND ( 'NONE', #2174, .T. ) ;
#2586 = ADVANCED_FACE ( 'NONE', ( #2102 ), #1291, .T. ) ;
#2587 = DIRECTION ( 'NONE',  ( -1.000000000000000000, -2.163843965683114248E-15, 1.033696669000698286E-19 ) ) ;
#2588 = ORIENTED_EDGE ( 'NONE', *, *, #2645, .F. ) ;
#2589 = DIRECTION ( 'NONE',  ( -0.000000000000000000, -0.000000000000000000, 1.000000000000000000 ) ) ;
#2590 = ORIENTED_EDGE ( 'NONE', *, *, #3255, .T. ) ;
#2591 = DIRECTION ( 'NONE',  ( -1.000000000000000000, -0.000000000000000000, -1.164243943608584841E-16 ) ) ;
#2592 = EDGE_CURVE ( 'NONE', #578, #2288, #1529, .T. ) ;
#2593 = CYLINDRICAL_SURFACE ( 'NONE', #387, 3.549999999999999378 ) ;
#2594 = ORIENTED_EDGE ( 'NONE', *, *, #2831, .F. ) ;
#2595 = LINE ( 'NONE', #1722, #2507 ) ;
#2596 = ORIENTED_EDGE ( 'NONE', *, *, #2450, .F. ) ;
#2597 = CARTESIAN_POINT ( 'NONE',  ( 12.45000000000004370, -65.70000000000004547, -43.54999999999993321 ) ) ;
#2598 = PLANE ( 'NONE',  #71 ) ;
#2599 = ORIENTED_EDGE ( 'NONE', *, *, #1691, .F. ) ;
#2600 = CARTESIAN_POINT ( 'NONE',  ( 19.00000000000000000, -14.00000000000003730, -3.000000000000002665 ) ) ;
#2601 = DIRECTION ( 'NONE',  ( 8.232447874810093500E-17, -0.7071067811865444641, -0.7071067811865505703 ) ) ;
#2602 = ORIENTED_EDGE ( 'NONE', *, *, #424, .T. ) ;
#2603 = DIRECTION ( 'NONE',  ( -1.000000000000000000, 0.000000000000000000, 0.000000000000000000 ) ) ;
#2604 = ORIENTED_EDGE ( 'NONE', *, *, #2780, .T. ) ;
#2605 = EDGE_CURVE ( 'NONE', #965, #3095, #1819, .T. ) ;
#2606 = DIRECTION ( 'NONE',  ( 0.000000000000000000, 1.000000000000000000, 0.000000000000000000 ) ) ;
#2607 = DIRECTION ( 'NONE',  ( 1.164243943608594702E-16, 6.938893903907222461E-16, -1.000000000000000000 ) ) ;
#2608 = ORIENTED_EDGE ( 'NONE', *, *, #1792, .T. ) ;
#2609 = CARTESIAN_POINT ( 'NONE',  ( -10.99999999999999645, -45.94999999999999574, 2.299999999999999822 ) ) ;
#2610 = ORIENTED_EDGE ( 'NONE', *, *, #2804, .T. ) ;
#2611 = EDGE_CURVE ( 'NONE', #2662, #2830, #1603, .T. ) ;
#2612 = FACE_BOUND ( 'NONE', #180, .T. ) ;
#2613 = MECHANICAL_DESIGN_GEOMETRIC_PRESENTATION_REPRESENTATION (  '', ( #2056 ), #3055 ) ;
#2614 = CARTESIAN_POINT ( 'NONE',  ( 8.524999999999554490, 11.47483660014416174, -3.199999999999999734 ) ) ;
#2615 = AXIS2_PLACEMENT_3D ( 'NONE', #2939, #3835, #2914 ) ;
#2616 = CARTESIAN_POINT ( 'NONE',  ( -10.99999999999998934, -45.94999999999999574, -57.30000000000004690 ) ) ;
#2617 = ORIENTED_EDGE ( 'NONE', *, *, #2660, .F. ) ;
#2618 = ADVANCED_FACE ( 'NONE', ( #347 ), #1276, .F. ) ;
#2619 = CIRCLE ( 'NONE', #1441, 3.549999999999998046 ) ;
#2620 = DIRECTION ( 'NONE',  ( -1.000000000000000000, -0.000000000000000000, -1.164243943608584841E-16 ) ) ;
#2621 = VECTOR ( 'NONE', #1034, 1000.000000000000000 ) ;
#2622 = VECTOR ( 'NONE', #1021, 1000.000000000000000 ) ;
#2623 = AXIS2_PLACEMENT_3D ( 'NONE', #1, #1203, #570 ) ;
#2624 = CIRCLE ( 'NONE', #456, 3.549999999999999378 ) ;
#2625 = AXIS2_PLACEMENT_3D ( 'NONE', #844, #1831, #961 ) ;
#2626 = LINE ( 'NONE', #3210, #1999 ) ;
#2627 = ORIENTED_EDGE ( 'NONE', *, *, #1100, .T. ) ;
#2628 = DIRECTION ( 'NONE',  ( 1.000000000000000000, 1.119176436114069085E-16, -0.000000000000000000 ) ) ;
#2629 = VECTOR ( 'NONE', #2320, 1000.000000000000000 ) ;
#2630 = AXIS2_PLACEMENT_3D ( 'NONE', #1244, #1171, #1187 ) ;
#2631 = ORIENTED_EDGE ( 'NONE', *, *, #3051, .T. ) ;
#2632 = FACE_OUTER_BOUND ( 'NONE', #3515, .T. ) ;
#2633 = PLANE ( 'NONE',  #3375 ) ;
#2634 = ORIENTED_EDGE ( 'NONE', *, *, #1119, .T. ) ;
#2635 = CARTESIAN_POINT ( 'NONE',  ( -4.099999999999990763, -65.70000000000004547, -12.19999999999993001 ) ) ;
#2636 = EDGE_LOOP ( 'NONE', ( #1316, #2982, #2574, #1964 ) ) ;
#2637 = CARTESIAN_POINT ( 'NONE',  ( -3.864579600900125644, 6.693648218653342141, 0.000000000000000000 ) ) ;
#2638 = CARTESIAN_POINT ( 'NONE',  ( 0.000000000000000000, 0.000000000000000000, 2.299999999999999822 ) ) ;
#2639 = EDGE_CURVE ( 'NONE', #2271, #3420, #2177, .T. ) ;
#2640 = DIRECTION ( 'NONE',  ( -1.000000000000000000, -0.000000000000000000, -1.164243943608594702E-16 ) ) ;
#2641 = ADVANCED_FACE ( 'NONE', ( #2742 ), #935, .F. ) ;
#2642 = VERTEX_POINT ( 'NONE', #1543 ) ;
#2643 = ORIENTED_EDGE ( 'NONE', *, *, #1238, .T. ) ;
#2644 = CARTESIAN_POINT ( 'NONE',  ( 2.610287666324261568, 13.85705393449289957, 0.000000000000000000 ) ) ;
#2645 = EDGE_CURVE ( 'NONE', #2108, #1884, #2723, .T. ) ;
#2646 = DIRECTION ( 'NONE',  ( -1.000000000000000000, 0.000000000000000000, -1.164243943608584841E-16 ) ) ;
#2647 = FACE_OUTER_BOUND ( 'NONE', #2828, .T. ) ;
#2648 = DIRECTION ( 'NONE',  ( -1.119176436114069085E-16, 1.000000000000000000, 0.000000000000000000 ) ) ;
#2649 = ORIENTED_EDGE ( 'NONE', *, *, #2568, .F. ) ;
#2650 = CARTESIAN_POINT ( 'NONE',  ( -5.000000000000000000, 6.123233995736766282E-16, 0.000000000000000000 ) ) ;
#2651 = CARTESIAN_POINT ( 'NONE',  ( -5.999999999999988454, -65.70000000000004547, -42.79999999999993321 ) ) ;
#2652 = EDGE_LOOP ( 'NONE', ( #3658, #2697 ) ) ;
#2653 = DIRECTION ( 'NONE',  ( 0.000000000000000000, 0.000000000000000000, 1.000000000000000000 ) ) ;
#2654 = VERTEX_POINT ( 'NONE', #2325 ) ;
#2655 = CARTESIAN_POINT ( 'NONE',  ( 19.55000000000003979, -65.70000000000004547, -42.79999999999993321 ) ) ;
#2656 = CYLINDRICAL_SURFACE ( 'NONE', #135, 5.000000000000000000 ) ;
#2657 = LINE ( 'NONE', #2987, #2255 ) ;
#2658 = VERTEX_POINT ( 'NONE', #851 ) ;
#2659 = ORIENTED_EDGE ( 'NONE', *, *, #2759, .T. ) ;
#2660 = EDGE_CURVE ( 'NONE', #3254, #2497, #3182, .T. ) ;
#2661 = CYLINDRICAL_SURFACE ( 'NONE', #3755, 3.549999999999997602 ) ;
#2662 = VERTEX_POINT ( 'NONE', #1726 ) ;
#2663 = EDGE_CURVE ( 'NONE', #1884, #1254, #3703, .T. ) ;
#2664 = PLANE ( 'NONE',  #3128 ) ;
#2665 = LINE ( 'NONE', #1544, #696 ) ;
#2666 = CARTESIAN_POINT ( 'NONE',  ( -6.624999999999910294, 11.47483660014377449, -3.000000000000000000 ) ) ;
#2667 = VERTEX_POINT ( 'NONE', #2782 ) ;
#2668 = LINE ( 'NONE', #3233, #2749 ) ;
#2669 = ORIENTED_EDGE ( 'NONE', *, *, #3260, .F. ) ;
#2670 = CARTESIAN_POINT ( 'NONE',  ( 20.99999999999996803, -86.00000000000000000, -17.44999999999993179 ) ) ;
#2671 = ORIENTED_EDGE ( 'NONE', *, *, #2280, .T. ) ;
#2672 = LINE ( 'NONE', #28, #822 ) ;
#2673 = FACE_OUTER_BOUND ( 'NONE', #2560, .T. ) ;
#2674 = PLANE ( 'NONE',  #1581 ) ;
#2675 = ORIENTED_EDGE ( 'NONE', *, *, #23, .F. ) ;
#2676 = ORIENTED_EDGE ( 'NONE', *, *, #1194, .T. ) ;
#2677 = AXIS2_PLACEMENT_3D ( 'NONE', #1545, #3061, #3603 ) ;
#2678 = CIRCLE ( 'NONE', #1011, 2.750000000000609734 ) ;
#2679 = CARTESIAN_POINT ( 'NONE',  ( 19.00000000000000355, -26.00000000000000000, -15.00000000000009592 ) ) ;
#2680 = AXIS2_PLACEMENT_3D ( 'NONE', #3289, #3836, #1751 ) ;
#2681 = VECTOR ( 'NONE', #3578, 1000.000000000000000 ) ;
#2682 = VECTOR ( 'NONE', #3601, 1000.000000000000000 ) ;
#2683 = VECTOR ( 'NONE', #1373, 1000.000000000000000 ) ;
#2684 = DIRECTION ( 'NONE',  ( 1.000000000000000000, 0.000000000000000000, 0.000000000000000000 ) ) ;
#2685 = CYLINDRICAL_SURFACE ( 'NONE', #3179, 2.999999999999999112 ) ;
#2686 = EDGE_CURVE ( 'NONE', #2497, #2558, #1127, .T. ) ;
#2687 = LINE ( 'NONE', #1158, #3011 ) ;
#2688 = EDGE_CURVE ( 'NONE', #378, #2228, #154, .T. ) ;
#2689 = AXIS2_PLACEMENT_3D ( 'NONE', #2154, #3049, #776 ) ;
#2690 = VECTOR ( 'NONE', #2021, 1000.000000000000000 ) ;
#2691 = CARTESIAN_POINT ( 'NONE',  ( -3.864579600899062495, -6.693648218653594384, -42.93251095273883777 ) ) ;
#2692 = ORIENTED_EDGE ( 'NONE', *, *, #1079, .F. ) ;
#2693 = AXIS2_PLACEMENT_3D ( 'NONE', #118, #3633, #1569 ) ;
#2694 = AXIS2_PLACEMENT_3D ( 'NONE', #236, #1658, #3185 ) ;
#2695 = DIRECTION ( 'NONE',  ( -1.000000000000000000, 0.000000000000000000, 0.000000000000000000 ) ) ;
#2696 = EDGE_CURVE ( 'NONE', #3273, #1012, #2302, .T. ) ;
#2697 = ORIENTED_EDGE ( 'NONE', *, *, #2408, .F. ) ;
#2698 = CIRCLE ( 'NONE', #333, 2.649999999999999467 ) ;
#2699 = CIRCLE ( 'NONE', #3681, 1.899999999999998135 ) ;
#2700 = CYLINDRICAL_SURFACE ( 'NONE', #1384, 1.900000000000000577 ) ;
#2701 = CARTESIAN_POINT ( 'NONE',  ( 19.00000000000000355, -26.00000000000000000, -95.62753579347352684 ) ) ;
#2702 = DIRECTION ( 'NONE',  ( -2.515402503830336267E-16, 8.050361205584444418E-17, -1.000000000000000000 ) ) ;
#2703 = EDGE_LOOP ( 'NONE', ( #2339, #434 ) ) ;
#2704 = ORIENTED_EDGE ( 'NONE', *, *, #932, .F. ) ;
#2705 = DIRECTION ( 'NONE',  ( 1.000000000000000000, 0.000000000000000000, 0.000000000000000000 ) ) ;
#2706 = PLANE ( 'NONE',  #2131 ) ;
#2707 = DIRECTION ( 'NONE',  ( -2.515402503830336267E-16, 8.050361205584444418E-17, -1.000000000000000000 ) ) ;
#2708 = CARTESIAN_POINT ( 'NONE',  ( 10.69541689571983589, 9.189102397469193662, -42.93251095273883777 ) ) ;
#2709 = DIRECTION ( 'NONE',  ( -1.000000000000000000, 0.000000000000000000, -1.164243943608594702E-16 ) ) ;
#2710 = ADVANCED_FACE ( 'NONE', ( #237 ), #3721, .F. ) ;
#2711 = DIRECTION ( 'NONE',  ( 0.000000000000000000, 0.000000000000000000, 1.000000000000000000 ) ) ;
#2712 = ORIENTED_EDGE ( 'NONE', *, *, #1311, .F. ) ;
#2713 = CARTESIAN_POINT ( 'NONE',  ( -10.99999999999999645, -55.69999999999996732, -11.44999999999992824 ) ) ;
#2714 = ORIENTED_EDGE ( 'NONE', *, *, #332, .F. ) ;
#2715 = ADVANCED_FACE ( 'NONE', ( #3410 ), #1618, .T. ) ;
#2716 = DIRECTION ( 'NONE',  ( -0.000000000000000000, -0.000000000000000000, 1.000000000000000000 ) ) ;
#2717 = PLANE ( 'NONE',  #1818 ) ;
#2718 = CARTESIAN_POINT ( 'NONE',  ( 11.00000000000000888, -46.44999999999999574, -37.04999999999993321 ) ) ;
#2719 = ORIENTED_EDGE ( 'NONE', *, *, #3831, .F. ) ;
#2720 = CARTESIAN_POINT ( 'NONE',  ( 10.69541689571983767, 9.189102397469193662, 2.299999999999999822 ) ) ;
#2721 = CARTESIAN_POINT ( 'NONE',  ( 20.99999999999996803, -96.00000000000000000, -17.44999999999993179 ) ) ;
#2722 = DIRECTION ( 'NONE',  ( -1.000000000000000000, 0.000000000000000000, 0.000000000000000000 ) ) ;
#2723 = LINE ( 'NONE', #2429, #1693 ) ;
#2724 = CARTESIAN_POINT ( 'NONE',  ( -6.626643678231391268E-15, -41.05000000000000426, -57.29999999999990479 ) ) ;
#2725 = DIRECTION ( 'NONE',  ( -1.000000000000000000, 0.000000000000000000, 0.000000000000000000 ) ) ;
#2726 = ORIENTED_EDGE ( 'NONE', *, *, #3451, .T. ) ;
#2727 = CARTESIAN_POINT ( 'NONE',  ( 26.59999999999987352, -86.00000000000000000, -17.44999999999992468 ) ) ;
#2728 = ORIENTED_EDGE ( 'NONE', *, *, #3261, .F. ) ;
#2729 = DIRECTION ( 'NONE',  ( 1.000000000000000000, 0.000000000000000000, 0.000000000000000000 ) ) ;
#2730 = VERTEX_POINT ( 'NONE', #2616 ) ;
#2731 = ADVANCED_FACE ( 'NONE', ( #3495 ), #3138, .F. ) ;
#2732 = CARTESIAN_POINT ( 'NONE',  ( -1.900000000000014344, -41.05000000000000426, -52.04999999999991189 ) ) ;
#2733 = CARTESIAN_POINT ( 'NONE',  ( -2.449999999999991296, -65.70000000000004547, -11.44999999999992824 ) ) ;
#2734 = DIRECTION ( 'NONE',  ( 1.000000000000000000, 0.000000000000000000, 0.000000000000000000 ) ) ;
#2735 = ADVANCED_FACE ( 'NONE', ( #1911 ), #1950, .F. ) ;
#2736 = VERTEX_POINT ( 'NONE', #2532 ) ;
#2737 = EDGE_CURVE ( 'NONE', #2296, #1251, #2489, .T. ) ;
#2738 = LINE ( 'NONE', #2509, #899 ) ;
#2739 = CARTESIAN_POINT ( 'NONE',  ( 3.864579600901408174, -6.693648218652620940, 2.299999999999999822 ) ) ;
#2740 = ORIENTED_EDGE ( 'NONE', *, *, #596, .T. ) ;
#2741 = FACE_BOUND ( 'NONE', #810, .T. ) ;
#2742 = FACE_OUTER_BOUND ( 'NONE', #807, .T. ) ;
#2743 = DIRECTION ( 'NONE',  ( -1.000000000000000000, 0.000000000000000000, 0.000000000000000000 ) ) ;
#2744 = VECTOR ( 'NONE', #683, 1000.000000000000000 ) ;
#2745 = ORIENTED_EDGE ( 'NONE', *, *, #2811, .F. ) ;
#2746 = CARTESIAN_POINT ( 'NONE',  ( -10.99999999999999112, -75.70000000000008811, -47.54999999999993321 ) ) ;
#2747 = ORIENTED_EDGE ( 'NONE', *, *, #1274, .T. ) ;
#2748 = DIRECTION ( 'NONE',  ( -0.000000000000000000, -0.000000000000000000, 1.000000000000000000 ) ) ;
#2749 = VECTOR ( 'NONE', #3858, 1000.000000000000000 ) ;
#2750 = AXIS2_PLACEMENT_3D ( 'NONE', #2791, #3323, #2133 ) ;
#2751 = ORIENTED_EDGE ( 'NONE', *, *, #2639, .F. ) ;
#2752 = FACE_OUTER_BOUND ( 'NONE', #447, .T. ) ;
#2753 = CIRCLE ( 'NONE', #3248, 3.549999999999998046 ) ;
#2754 = CARTESIAN_POINT ( 'NONE',  ( -14.09999999999999254, -31.00000000000000355, -56.54999999999990479 ) ) ;
#2755 = DIRECTION ( 'NONE',  ( 0.000000000000000000, 0.000000000000000000, -1.000000000000000000 ) ) ;
#2756 = ORIENTED_EDGE ( 'NONE', *, *, #476, .T. ) ;
#2757 = AXIS2_PLACEMENT_3D ( 'NONE', #2923, #3235, #2653 ) ;
#2758 = AXIS2_PLACEMENT_3D ( 'NONE', #3245, #637, #2705 ) ;
#2759 = EDGE_CURVE ( 'NONE', #582, #1866, #3676, .T. ) ;
#2760 = EDGE_CURVE ( 'NONE', #3542, #1415, #2206, .T. ) ;
#2761 = CYLINDRICAL_SURFACE ( 'NONE', #1397, 12.55000000000039506 ) ;
#2762 = CARTESIAN_POINT ( 'NONE',  ( 0.000000000000000000, 0.000000000000000000, -2.999999999999999112 ) ) ;
#2763 = ORIENTED_EDGE ( 'NONE', *, *, #1806, .T. ) ;
#2764 = EDGE_CURVE ( 'NONE', #2900, #1134, #1754, .T. ) ;
#2765 = DIRECTION ( 'NONE',  ( -0.9392839235730126024, 0.3431409490534277351, 0.000000000000000000 ) ) ;
#2766 = DIRECTION ( 'NONE',  ( -1.000000000000000000, 0.000000000000000000, 0.000000000000000000 ) ) ;
#2767 = FACE_OUTER_BOUND ( 'NONE', #160, .T. ) ;
#2768 = CARTESIAN_POINT ( 'NONE',  ( 14.25474041071213627, -6.699999999998910383, 0.000000000000000000 ) ) ;
#2769 = ORIENTED_EDGE ( 'NONE', *, *, #2501, .T. ) ;
#2770 = LINE ( 'NONE', #2415, #2059 ) ;
#2771 = ORIENTED_EDGE ( 'NONE', *, *, #2902, .T. ) ;
#2772 = CARTESIAN_POINT ( 'NONE',  ( -4.724999999999909939, 11.47483660014377449, 2.299999999999999822 ) ) ;
#2773 = ORIENTED_EDGE ( 'NONE', *, *, #3852, .F. ) ;
#2774 = DIRECTION ( 'NONE',  ( -1.000000000000000000, -0.000000000000000000, -1.164243943608584841E-16 ) ) ;
#2775 = DIRECTION ( 'NONE',  ( -1.000000000000000000, 0.000000000000000000, 0.000000000000000000 ) ) ;
#2776 = PLANE ( 'NONE',  #3071 ) ;
#2777 = EDGE_LOOP ( 'NONE', ( #948, #860, #3180, #1473 ) ) ;
#2778 = DIRECTION ( 'NONE',  ( -0.3431409490534300666, -0.9392839235730117142, 0.000000000000000000 ) ) ;
#2779 = EDGE_LOOP ( 'NONE', ( #3504, #992 ) ) ;
#2780 = EDGE_CURVE ( 'NONE', #626, #3750, #1945, .T. ) ;
#2781 = DIRECTION ( 'NONE',  ( 1.000000000000000000, 0.000000000000000000, 0.000000000000000000 ) ) ;
#2782 = CARTESIAN_POINT ( 'NONE',  ( 26.59999999999987708, -96.00000000000000000, -37.54999999999994742 ) ) ;
#2783 = DIRECTION ( 'NONE',  ( -1.000000000000000000, 0.000000000000000000, 0.000000000000000000 ) ) ;
#2784 = CARTESIAN_POINT ( 'NONE',  ( -1.999999999999993117, -42.00000000000010658, -22.50000000000004263 ) ) ;
#2785 = ORIENTED_EDGE ( 'NONE', *, *, #966, .F. ) ;
#2786 = EDGE_CURVE ( 'NONE', #3144, #3211, #1642, .T. ) ;
#2787 = PLANE ( 'NONE',  #1257 ) ;
#2788 = ORIENTED_EDGE ( 'NONE', *, *, #687, .T. ) ;
#2789 = DIRECTION ( 'NONE',  ( -1.000000000000000000, 0.000000000000000000, 0.000000000000000000 ) ) ;
#2790 = EDGE_LOOP ( 'NONE', ( #3337, #2821 ) ) ;
#2791 = CARTESIAN_POINT ( 'NONE',  ( -5.253478214037874010E-14, 7.077671781985372945E-13, -57.29999999999990479 ) ) ;
#2792 = CARTESIAN_POINT ( 'NONE',  ( -7.729159201799991941, -3.478120569333498224E-13, 0.000000000000000000 ) ) ;
#2793 = CARTESIAN_POINT ( 'NONE',  ( 10.69541689571983767, 9.189102397469193662, -42.93251095273883777 ) ) ;
#2794 = ORIENTED_EDGE ( 'NONE', *, *, #2093, .T. ) ;
#2795 = CARTESIAN_POINT ( 'NONE',  ( -10.99999999999999645, -38.00000000000000000, 2.299999999999999822 ) ) ;
#2796 = VERTEX_POINT ( 'NONE', #2823 ) ;
#2797 = ORIENTED_EDGE ( 'NONE', *, *, #3517, .T. ) ;
#2798 = DIRECTION ( 'NONE',  ( 1.000000000000000000, 0.000000000000000000, 0.000000000000000000 ) ) ;
#2799 = DIRECTION ( 'NONE',  ( -1.000000000000000000, 0.000000000000000000, 0.000000000000000000 ) ) ;
#2800 = CARTESIAN_POINT ( 'NONE',  ( 0.000000000000000000, -86.04999999999999716, -17.44999999999993179 ) ) ;
#2801 = ORIENTED_EDGE ( 'NONE', *, *, #339, .T. ) ;
#2802 = CIRCLE ( 'NONE', #244, 5.000000000000000000 ) ;
#2803 = ADVANCED_FACE ( 'NONE', ( #1419 ), #2598, .T. ) ;
#2804 = EDGE_CURVE ( 'NONE', #873, #2838, #2657, .T. ) ;
#2805 = LINE ( 'NONE', #2827, #1813 ) ;
#2806 = ORIENTED_EDGE ( 'NONE', *, *, #424, .F. ) ;
#2807 = CARTESIAN_POINT ( 'NONE',  ( 11.60474041071149109, 6.700000000000736478, 2.299999999999999822 ) ) ;
#2808 = ORIENTED_EDGE ( 'NONE', *, *, #3383, .F. ) ;
#2809 = AXIS2_PLACEMENT_3D ( 'NONE', #427, #2225, #2783 ) ;
#2810 = CARTESIAN_POINT ( 'NONE',  ( 16.00000000000004263, -65.70000000000004547, -38.54999999999994031 ) ) ;
#2811 = EDGE_CURVE ( 'NONE', #1116, #2108, #2342, .T. ) ;
#2812 = CARTESIAN_POINT ( 'NONE',  ( 16.00000000000004263, -65.70000000000004547, -42.79999999999993321 ) ) ;
#2813 = AXIS2_PLACEMENT_3D ( 'NONE', #1595, #2774, #3070 ) ;
#2814 = DIRECTION ( 'NONE',  ( 0.000000000000000000, 0.000000000000000000, 1.000000000000000000 ) ) ;
#2815 = ORIENTED_EDGE ( 'NONE', *, *, #2401, .T. ) ;
#2816 = CIRCLE ( 'NONE', #1143, 3.549999999999999378 ) ;
#2817 = VECTOR ( 'NONE', #2920, 1000.000000000000227 ) ;
#2818 = DIRECTION ( 'NONE',  ( -2.515402503830336267E-16, 8.050361205584444418E-17, -1.000000000000000000 ) ) ;
#2819 = AXIS2_PLACEMENT_3D ( 'NONE', #1236, #2417, #2729 ) ;
#2820 = AXIS2_PLACEMENT_3D ( 'NONE', #1524, #3849, #1229 ) ;
#2821 = ORIENTED_EDGE ( 'NONE', *, *, #721, .T. ) ;
#2822 = DIRECTION ( 'NONE',  ( -1.000000000000000000, 0.000000000000000000, 0.000000000000000000 ) ) ;
#2823 = CARTESIAN_POINT ( 'NONE',  ( 20.99999999999996447, -96.00000000000000000, -37.54999999999993321 ) ) ;
#2824 = DIRECTION ( 'NONE',  ( -0.000000000000000000, -0.000000000000000000, 1.000000000000000000 ) ) ;
#2825 =( NAMED_UNIT ( * ) SI_UNIT ( $, .STERADIAN. ) SOLID_ANGLE_UNIT ( ) );
#2826 = ORIENTED_EDGE ( 'NONE', *, *, #491, .T. ) ;
#2827 = CARTESIAN_POINT ( 'NONE',  ( -5.000000000000000000, 6.123233995736766282E-16, -17.14213562373095101 ) ) ;
#2828 = EDGE_LOOP ( 'NONE', ( #1169, #1520, #2751, #1550 ) ) ;
#2829 = CARTESIAN_POINT ( 'NONE',  ( -16.00000000000000000, -31.00000000000000355, -56.54999999999990479 ) ) ;
#2830 = VERTEX_POINT ( 'NONE', #30 ) ;
#2831 = EDGE_CURVE ( 'NONE', #1539, #2654, #3003, .T. ) ;
#2832 = CARTESIAN_POINT ( 'NONE',  ( 20.99999999999996803, -55.70000000000001705, -17.44999999999992824 ) ) ;
#2833 = CARTESIAN_POINT ( 'NONE',  ( 14.10000000000001030, -31.00000000000000355, -56.54999999999991189 ) ) ;
#2834 = FACE_OUTER_BOUND ( 'NONE', #2374, .T. ) ;
#2835 = ORIENTED_EDGE ( 'NONE', *, *, #1265, .F. ) ;
#2836 = EDGE_CURVE ( 'NONE', #2108, #761, #1461, .T. ) ;
#2837 = CARTESIAN_POINT ( 'NONE',  ( -18.99999999999999645, -32.99999999999999289, -52.04079934095691584 ) ) ;
#2838 = VERTEX_POINT ( 'NONE', #2953 ) ;
#2839 = DIRECTION ( 'NONE',  ( 0.1724731828275075929, 0.9850142137072688264, 0.000000000000000000 ) ) ;
#2840 = EDGE_LOOP ( 'NONE', ( #3033, #307, #2930, #2599, #360, #940, #1299 ) ) ;
#2841 = CARTESIAN_POINT ( 'NONE',  ( -7.899999999999987033, -65.70000000000004547, -16.44999999999992824 ) ) ;
#2842 = ORIENTED_EDGE ( 'NONE', *, *, #738, .T. ) ;
#2843 = LINE ( 'NONE', #1984, #1029 ) ;
#2844 = ORIENTED_EDGE ( 'NONE', *, *, #3779, .T. ) ;
#2845 = DIRECTION ( 'NONE',  ( 1.000000000000000000, 0.000000000000000000, 0.000000000000000000 ) ) ;
#2846 = CARTESIAN_POINT ( 'NONE',  ( 7.729159201800657186, 1.055159106790048984E-12, -42.93251095273883777 ) ) ;
#2847 = CARTESIAN_POINT ( 'NONE',  ( -3.864579600900125200, 6.693648218653342141, 2.299999999999999822 ) ) ;
#2848 = EDGE_CURVE ( 'NONE', #2264, #1361, #2624, .T. ) ;
#2849 = ORIENTED_EDGE ( 'NONE', *, *, #119, .T. ) ;
#2850 = FACE_OUTER_BOUND ( 'NONE', #1759, .T. ) ;
#2851 = EDGE_CURVE ( 'NONE', #1685, #416, #954, .T. ) ;
#2852 = ADVANCED_FACE ( 'NONE', ( #912, #2081 ), #316, .T. ) ;
#2853 = ORIENTED_EDGE ( 'NONE', *, *, #492, .T. ) ;
#2854 = DIRECTION ( 'NONE',  ( -1.000000000000000000, 0.000000000000000000, 0.000000000000000000 ) ) ;
#2855 = EDGE_LOOP ( 'NONE', ( #2853, #3028, #126, #588 ) ) ;
#2856 = CARTESIAN_POINT ( 'NONE',  ( 26.59999999999987708, -86.00000000000000000, -47.54999999999994031 ) ) ;
#2857 = VERTEX_POINT ( 'NONE', #1803 ) ;
#2858 = DIRECTION ( 'NONE',  ( 1.000000000000000000, 0.000000000000000000, 0.000000000000000000 ) ) ;
#2859 = ORIENTED_EDGE ( 'NONE', *, *, #2611, .F. ) ;
#2860 = CIRCLE ( 'NONE', #2181, 2.649999999999999467 ) ;
#2861 = VECTOR ( 'NONE', #1931, 1000.000000000000000 ) ;
#2862 = FACE_OUTER_BOUND ( 'NONE', #2533, .T. ) ;
#2863 = DIRECTION ( 'NONE',  ( -2.515402503830336267E-16, 8.050361205584444418E-17, -1.000000000000000000 ) ) ;
#2864 = ORIENTED_EDGE ( 'NONE', *, *, #539, .T. ) ;
#2865 = DIRECTION ( 'NONE',  ( 1.164243943608594702E-16, 0.000000000000000000, -1.000000000000000000 ) ) ;
#2866 = VECTOR ( 'NONE', #3602, 1000.000000000000000 ) ;
#2867 = VERTEX_POINT ( 'NONE', #893 ) ;
#2868 = AXIS2_PLACEMENT_3D ( 'NONE', #1108, #3437, #2579 ) ;
#2869 = AXIS2_PLACEMENT_3D ( 'NONE', #3194, #304, #2684 ) ;
#2870 = PRESENTATION_LAYER_ASSIGNMENT (  '', '', ( #951 ) ) ;
#2871 = DIRECTION ( 'NONE',  ( -0.000000000000000000, -0.000000000000000000, 1.000000000000000000 ) ) ;
#2872 = EDGE_LOOP ( 'NONE', ( #586, #3841, #3414, #2487 ) ) ;
#2873 = AXIS2_PLACEMENT_3D ( 'NONE', #2295, #751, #1398 ) ;
#2874 = VECTOR ( 'NONE', #1442, 1000.000000000000000 ) ;
#2875 = AXIS2_PLACEMENT_3D ( 'NONE', #109, #1290, #3643 ) ;
#2876 = ADVANCED_FACE ( 'NONE', ( #1519 ), #2674, .T. ) ;
#2877 = EDGE_CURVE ( 'NONE', #3318, #1677, #1948, .T. ) ;
#2878 = CARTESIAN_POINT ( 'NONE',  ( 13.30570456204409702, 4.667951537025174069, 2.299999999999999822 ) ) ;
#2879 = AXIS2_PLACEMENT_3D ( 'NONE', #947, #2137, #594 ) ;
#2880 = CIRCLE ( 'NONE', #3253, 1.899999999999999023 ) ;
#2881 = PRODUCT_CONTEXT ( 'NONE', #714, 'mechanical' ) ;
#2882 = VECTOR ( 'NONE', #1315, 1000.000000000000000 ) ;
#2883 = VECTOR ( 'NONE', #3711, 1000.000000000000000 ) ;
#2884 = EDGE_CURVE ( 'NONE', #799, #747, #343, .T. ) ;
#2885 = CARTESIAN_POINT ( 'NONE',  ( 20.99999999999996447, -86.00000000000000000, -7.449999999999926459 ) ) ;
#2886 = EDGE_LOOP ( 'NONE', ( #3177, #2610, #273, #1609 ) ) ;
#2887 = DIRECTION ( 'NONE',  ( -0.000000000000000000, -0.000000000000000000, 1.000000000000000000 ) ) ;
#2888 = EDGE_LOOP ( 'NONE', ( #318, #228, #3044, #57 ) ) ;
#2889 = CARTESIAN_POINT ( 'NONE',  ( 0.000000000000000000, -45.94999999999999574, -17.94999999999993179 ) ) ;
#2890 = DIRECTION ( 'NONE',  ( -2.515402503830336267E-16, 8.050361205584444418E-17, -1.000000000000000000 ) ) ;
#2891 = ORIENTED_EDGE ( 'NONE', *, *, #3023, .T. ) ;
#2892 = CARTESIAN_POINT ( 'NONE',  ( 28.59999999999998721, -66.30999999999963279, -27.49999999999995737 ) ) ;
#2893 = VERTEX_POINT ( 'NONE', #1538 ) ;
#2894 = CARTESIAN_POINT ( 'NONE',  ( 2.610287666325547207, -13.85705393449218903, 0.000000000000000000 ) ) ;
#2895 = DIRECTION ( 'NONE',  ( 0.000000000000000000, 0.000000000000000000, -1.000000000000000000 ) ) ;
#2896 = ORIENTED_EDGE ( 'NONE', *, *, #3189, .T. ) ;
#2897 = CARTESIAN_POINT ( 'NONE',  ( -14.09999999999999254, -31.00000000000000355, -56.54999999999990479 ) ) ;
#2898 = EDGE_CURVE ( 'NONE', #1498, #3106, #2443, .T. ) ;
#2899 = DIRECTION ( 'NONE',  ( 0.000000000000000000, 0.000000000000000000, 1.000000000000000000 ) ) ;
#2900 = VERTEX_POINT ( 'NONE', #46 ) ;
#2901 = DIRECTION ( 'NONE',  ( 0.9392839235730118252, 0.3431409490534294005, 0.000000000000000000 ) ) ;
#2902 = EDGE_CURVE ( 'NONE', #2050, #3275, #1240, .T. ) ;
#2903 = EDGE_LOOP ( 'NONE', ( #3069, #124, #1228, #2728 ) ) ;
#2904 = CARTESIAN_POINT ( 'NONE',  ( 14.10000000000004228, -65.70000000000004547, -38.54999999999994031 ) ) ;
#2905 = DIRECTION ( 'NONE',  ( 0.000000000000000000, 0.000000000000000000, -1.000000000000000000 ) ) ;
#2906 = VERTEX_POINT ( 'NONE', #3611 ) ;
#2907 = LINE ( 'NONE', #2847, #11 ) ;
#2908 = ORIENTED_EDGE ( 'NONE', *, *, #1892, .F. ) ;
#2909 = FACE_BOUND ( 'NONE', #1485, .T. ) ;
#2910 = CYLINDRICAL_SURFACE ( 'NONE', #1026, 1.899999999999999023 ) ;
#2911 = CARTESIAN_POINT ( 'NONE',  ( 11.00000000000000888, -50.70000000000010232, -43.54999999999993321 ) ) ;
#2912 = ORIENTED_EDGE ( 'NONE', *, *, #1482, .F. ) ;
#2913 = CARTESIAN_POINT ( 'NONE',  ( -5.999999999999988454, -65.70000000000004547, -16.44999999999992824 ) ) ;
#2914 = DIRECTION ( 'NONE',  ( 1.000000000000000000, 0.000000000000000000, 0.000000000000000000 ) ) ;
#2915 = ORIENTED_EDGE ( 'NONE', *, *, #252, .T. ) ;
#2916 = PLANE ( 'NONE',  #1871 ) ;
#2917 = VERTEX_POINT ( 'NONE', #1207 ) ;
#2918 = ADVANCED_FACE ( 'NONE', ( #297 ), #279, .F. ) ;
#2919 = ADVANCED_FACE ( 'NONE', ( #2389, #1770, #574 ), #3325, .F. ) ;
#2920 = DIRECTION ( 'NONE',  ( 0.1724731828275600787, -0.9850142137072596116, 0.000000000000000000 ) ) ;
#2921 = CARTESIAN_POINT ( 'NONE',  ( 16.00000000000005684, -55.70000000000010942, -37.54999999999993321 ) ) ;
#2922 = VERTEX_POINT ( 'NONE', #3241 ) ;
#2923 = CARTESIAN_POINT ( 'NONE',  ( 0.000000000000000000, -46.44999999999999574, -17.94999999999993179 ) ) ;
#2924 = ORIENTED_EDGE ( 'NONE', *, *, #3404, .T. ) ;
#2925 = ADVANCED_FACE ( 'NONE', ( #1320 ), #1009, .F. ) ;
#2926 = DIRECTION ( 'NONE',  ( -2.515402503830336267E-16, 8.050361205584444418E-17, -1.000000000000000000 ) ) ;
#2927 = CARTESIAN_POINT ( 'NONE',  ( 0.000000000000000000, 0.000000000000000000, -17.14213562373095101 ) ) ;
#2928 = AXIS2_PLACEMENT_3D ( 'NONE', #649, #709, #2460 ) ;
#2929 = DIRECTION ( 'NONE',  ( 0.000000000000000000, -0.000000000000000000, 1.000000000000000000 ) ) ;
#2930 = ORIENTED_EDGE ( 'NONE', *, *, #3165, .F. ) ;
#2931 = EDGE_LOOP ( 'NONE', ( #481, #2356, #2975, #3353 ) ) ;
#2932 = CIRCLE ( 'NONE', #630, 2.750000000000609734 ) ;
#2933 = CARTESIAN_POINT ( 'NONE',  ( 63.50105881034023980, -55.70000000000005258, -17.44999999999992468 ) ) ;
#2934 = AXIS2_PLACEMENT_3D ( 'NONE', #1861, #3048, #375 ) ;
#2935 = VECTOR ( 'NONE', #816, 1000.000000000000000 ) ;
#2936 = VECTOR ( 'NONE', #2951, 1000.000000000000000 ) ;
#2937 = AXIS2_PLACEMENT_3D ( 'NONE', #3382, #1054, #2233 ) ;
#2938 = AXIS2_PLACEMENT_3D ( 'NONE', #1719, #2027, #271 ) ;
#2939 = CARTESIAN_POINT ( 'NONE',  ( 0.000000000000000000, -86.04999999999999716, -7.449999999999929123 ) ) ;
#2940 = CARTESIAN_POINT ( 'NONE',  ( 10.69541689571983589, 9.189102397469193662, 0.000000000000000000 ) ) ;
#2941 = CARTESIAN_POINT ( 'NONE',  ( 12.20000000000000462, -31.00000000000000355, -52.04999999999991900 ) ) ;
#2942 = AXIS2_PLACEMENT_3D ( 'NONE', #1716, #3725, #1104 ) ;
#2943 = AXIS2_PLACEMENT_3D ( 'NONE', #3034, #1558, #423 ) ;
#2944 = ORIENTED_EDGE ( 'NONE', *, *, #2902, .F. ) ;
#2945 = CARTESIAN_POINT ( 'NONE',  ( -3.314015728506105053E-15, -96.00000000000000000, -3.679296565757389562E-31 ) ) ;
#2946 = FACE_OUTER_BOUND ( 'NONE', #3732, .T. ) ;
#2947 = ORIENTED_EDGE ( 'NONE', *, *, #2976, .F. ) ;
#2948 = LINE ( 'NONE', #1739, #1766 ) ;
#2949 = ORIENTED_EDGE ( 'NONE', *, *, #145, .T. ) ;
#2950 = EDGE_CURVE ( 'NONE', #1286, #1523, #2258, .T. ) ;
#2951 = DIRECTION ( 'NONE',  ( -0.000000000000000000, -0.000000000000000000, 1.000000000000000000 ) ) ;
#2952 = CARTESIAN_POINT ( 'NONE',  ( -7.899999999999987033, -65.70000000000004547, -38.54999999999994031 ) ) ;
#2953 = CARTESIAN_POINT ( 'NONE',  ( -8.524999999999911537, 11.47483660014377449, 2.299999999999999822 ) ) ;
#2954 = ORIENTED_EDGE ( 'NONE', *, *, #1909, .T. ) ;
#2955 = EDGE_CURVE ( 'NONE', #3453, #1685, #3637, .T. ) ;
#2956 = ORIENTED_EDGE ( 'NONE', *, *, #908, .F. ) ;
#2957 = DIRECTION ( 'NONE',  ( 1.000000000000000000, 0.000000000000000000, -0.000000000000000000 ) ) ;
#2958 = DIRECTION ( 'NONE',  ( 0.7071067811865450192, 0.7071067811865501263, 0.000000000000000000 ) ) ;
#2959 = CARTESIAN_POINT ( 'NONE',  ( 7.729159201800657186, 1.054711873393898713E-12, 0.000000000000000000 ) ) ;
#2960 = CARTESIAN_POINT ( 'NONE',  ( -6.624999999999910294, 11.47483660014377449, -3.199999999999999734 ) ) ;
#2961 = ORIENTED_EDGE ( 'NONE', *, *, #2950, .F. ) ;
#2962 = DIRECTION ( 'NONE',  ( 0.7071067811865446862, 0.7071067811865503483, 5.729783720867814357E-16 ) ) ;
#2963 = VERTEX_POINT ( 'NONE', #3670 ) ;
#2964 = PLANE ( 'NONE',  #3754 ) ;
#2965 = ORIENTED_EDGE ( 'NONE', *, *, #2370, .F. ) ;
#2966 = LINE ( 'NONE', #1148, #321 ) ;
#2967 = DIRECTION ( 'NONE',  ( -0.000000000000000000, -0.000000000000000000, 1.000000000000000000 ) ) ;
#2968 = CARTESIAN_POINT ( 'NONE',  ( -5.999999999999988454, -65.70000000000004547, -38.54999999999994031 ) ) ;
#2969 = APPLICATION_CONTEXT ( 'automotive_design' ) ;
#2970 = EDGE_LOOP ( 'NONE', ( #1208, #612, #2118, #3142 ) ) ;
#2971 = ORIENTED_EDGE ( 'NONE', *, *, #2328, .T. ) ;
#2972 = EDGE_CURVE ( 'NONE', #2253, #2658, #376, .T. ) ;
#2973 = ADVANCED_FACE ( 'NONE', ( #733 ), #421, .F. ) ;
#2974 = DIRECTION ( 'NONE',  ( -1.000000000000000000, -0.000000000000000000, -1.164243943608584841E-16 ) ) ;
#2975 = ORIENTED_EDGE ( 'NONE', *, *, #1600, .T. ) ;
#2976 = EDGE_CURVE ( 'NONE', #1598, #3144, #1905, .T. ) ;
#2977 = DIRECTION ( 'NONE',  ( -1.110223024625156540E-16, 0.000000000000000000, -1.000000000000000000 ) ) ;
#2978 = CARTESIAN_POINT ( 'NONE',  ( 64.09676041556581083, -63.30999999999966121, -27.49999999999995737 ) ) ;
#2979 = LINE ( 'NONE', #242, #1630 ) ;
#2980 = EDGE_LOOP ( 'NONE', ( #3580, #2537, #340, #1179 ) ) ;
#2981 = CARTESIAN_POINT ( 'NONE',  ( 64.09676041556579662, -85.41000000000043713, -27.49999999999995737 ) ) ;
#2982 = ORIENTED_EDGE ( 'NONE', *, *, #952, .F. ) ;
#2983 = DIRECTION ( 'NONE',  ( 0.000000000000000000, 0.000000000000000000, -1.000000000000000000 ) ) ;
#2984 = ORIENTED_EDGE ( 'NONE', *, *, #3151, .F. ) ;
#2985 = LINE ( 'NONE', #313, #193 ) ;
#2986 = DIRECTION ( 'NONE',  ( 0.000000000000000000, 0.000000000000000000, 1.000000000000000000 ) ) ;
#2987 = CARTESIAN_POINT ( 'NONE',  ( -8.524999999999911537, 11.47483660014377449, -3.199999999999999734 ) ) ;
#2988 = ORIENTED_EDGE ( 'NONE', *, *, #721, .F. ) ;
#2989 = ORIENTED_EDGE ( 'NONE', *, *, #1580, .T. ) ;
#2990 = PRODUCT_DEFINITION_FORMATION_WITH_SPECIFIED_SOURCE ( 'ANY', '', #353, .NOT_KNOWN. ) ;
#2991 = AXIS2_PLACEMENT_3D ( 'NONE', #3156, #188, #1102 ) ;
#2992 = FACE_OUTER_BOUND ( 'NONE', #217, .T. ) ;
#2993 = DIRECTION ( 'NONE',  ( 0.000000000000000000, 0.000000000000000000, 1.000000000000000000 ) ) ;
#2994 = CIRCLE ( 'NONE', #2000, 1.900000000000005906 ) ;
#2995 = ADVANCED_FACE ( 'NONE', ( #2195 ), #2466, .F. ) ;
#2996 = AXIS2_PLACEMENT_3D ( 'NONE', #277, #2986, #2324 ) ;
#2997 = AXIS2_PLACEMENT_3D ( 'NONE', #758, #1709, #2018 ) ;
#2998 = AXIS2_PLACEMENT_3D ( 'NONE', #2281, #3160, #486 ) ;
#2999 = LINE ( 'NONE', #3644, #3747 ) ;
#3000 = CARTESIAN_POINT ( 'NONE',  ( 10.69541689571983589, 9.189102397469193662, 2.299999999999999822 ) ) ;
#3001 = DIRECTION ( 'NONE',  ( 1.000000000000000000, 0.000000000000000000, 0.000000000000000000 ) ) ;
#3002 = ADVANCED_FACE ( 'NONE', ( #3342 ), #2776, .F. ) ;
#3003 = CIRCLE ( 'NONE', #708, 9.550000000000391509 ) ;
#3004 = VECTOR ( 'NONE', #2564, 1000.000000000000000 ) ;
#3005 = CYLINDRICAL_SURFACE ( 'NONE', #2928, 9.550000000000391509 ) ;
#3006 = ORIENTED_EDGE ( 'NONE', *, *, #1289, .F. ) ;
#3007 = VECTOR ( 'NONE', #2789, 1000.000000000000000 ) ;
#3008 = VECTOR ( 'NONE', #953, 1000.000000000000114 ) ;
#3009 = DIRECTION ( 'NONE',  ( -1.164243943608594702E-16, -0.000000000000000000, 1.000000000000000000 ) ) ;
#3010 = ORIENTED_EDGE ( 'NONE', *, *, #3408, .F. ) ;
#3011 = VECTOR ( 'NONE', #2333, 1000.000000000000000 ) ;
#3012 = DIRECTION ( 'NONE',  ( -0.000000000000000000, -0.000000000000000000, 1.000000000000000000 ) ) ;
#3013 = CARTESIAN_POINT ( 'NONE',  ( 19.00000000000000355, -31.00000000000000000, -57.29999999999990479 ) ) ;
#3014 = CARTESIAN_POINT ( 'NONE',  ( 0.000000000000000000, 0.000000000000000000, -2.999999999999999112 ) ) ;
#3015 = ORIENTED_EDGE ( 'NONE', *, *, #1625, .F. ) ;
#3016 = DIRECTION ( 'NONE',  ( -1.000000000000000000, 0.000000000000000000, 0.000000000000000000 ) ) ;
#3017 = LINE ( 'NONE', #3035, #1013 ) ;
#3018 = FACE_OUTER_BOUND ( 'NONE', #523, .T. ) ;
#3019 = ADVANCED_FACE ( 'NONE', ( #2173 ), #1261, .F. ) ;
#3020 = DIRECTION ( 'NONE',  ( -1.000000000000000000, 0.000000000000000000, 0.000000000000000000 ) ) ;
#3021 = DIRECTION ( 'NONE',  ( -1.577021341796747750E-16, 0.000000000000000000, 1.000000000000000000 ) ) ;
#3022 = CARTESIAN_POINT ( 'NONE',  ( -10.99999999999999289, -42.00000000000010658, -25.25000000000065370 ) ) ;
#3023 = EDGE_CURVE ( 'NONE', #2730, #464, #691, .T. ) ;
#3024 = ADVANCED_FACE ( 'NONE', ( #1882 ), #85, .T. ) ;
#3025 = LINE ( 'NONE', #3064, #1191 ) ;
#3026 = ORIENTED_EDGE ( 'NONE', *, *, #356, .T. ) ;
#3027 = CARTESIAN_POINT ( 'NONE',  ( -5.999999999999988454, -65.70000000000004547, -11.44999999999992824 ) ) ;
#3028 = ORIENTED_EDGE ( 'NONE', *, *, #452, .T. ) ;
#3029 = CARTESIAN_POINT ( 'NONE',  ( 12.20000000000000462, -31.00000000000000355, -52.04999999999991900 ) ) ;
#3030 = EDGE_CURVE ( 'NONE', #3638, #440, #3628, .T. ) ;
#3031 = DIRECTION ( 'NONE',  ( -2.515402503830336267E-16, 8.050361205584444418E-17, -1.000000000000000000 ) ) ;
#3032 = CARTESIAN_POINT ( 'NONE',  ( -19.00000000000000355, -26.00000000000000355, -15.00000000000009770 ) ) ;
#3033 = ORIENTED_EDGE ( 'NONE', *, *, #2759, .F. ) ;
#3034 = CARTESIAN_POINT ( 'NONE',  ( -6.437988490444117441E-15, -41.05000000000000426, -56.54999999999990479 ) ) ;
#3035 = CARTESIAN_POINT ( 'NONE',  ( -10.99999999999999112, -75.70000000000008811, -47.54999999999993321 ) ) ;
#3036 = DIRECTION ( 'NONE',  ( 0.000000000000000000, -0.000000000000000000, 1.000000000000000000 ) ) ;
#3037 = LINE ( 'NONE', #996, #3310 ) ;
#3038 = DIRECTION ( 'NONE',  ( -0.000000000000000000, -0.000000000000000000, 1.000000000000000000 ) ) ;
#3039 = DIRECTION ( 'NONE',  ( 1.000000000000000000, 0.000000000000000000, -1.156482317317871232E-16 ) ) ;
#3040 = EDGE_LOOP ( 'NONE', ( #3824, #205, #3217, #2714 ) ) ;
#3041 = LINE ( 'NONE', #369, #814 ) ;
#3042 = EDGE_LOOP ( 'NONE', ( #197, #2510 ) ) ;
#3043 = DIRECTION ( 'NONE',  ( 0.000000000000000000, 1.000000000000000000, 0.000000000000000000 ) ) ;
#3044 = ORIENTED_EDGE ( 'NONE', *, *, #1765, .T. ) ;
#3045 = EDGE_CURVE ( 'NONE', #1548, #1498, #359, .T. ) ;
#3046 = EDGE_CURVE ( 'NONE', #2900, #3219, #1555, .T. ) ;
#3047 = DIRECTION ( 'NONE',  ( -1.000000000000000000, 0.000000000000000000, 0.000000000000000000 ) ) ;
#3048 = DIRECTION ( 'NONE',  ( -0.000000000000000000, 1.000000000000000000, 0.000000000000000000 ) ) ;
#3049 = DIRECTION ( 'NONE',  ( 0.000000000000000000, 0.000000000000000000, -1.000000000000000000 ) ) ;
#3050 = ORIENTED_EDGE ( 'NONE', *, *, #1265, .T. ) ;
#3051 = EDGE_CURVE ( 'NONE', #1012, #2209, #105, .T. ) ;
#3052 = CARTESIAN_POINT ( 'NONE',  ( -2.610287666322975486, -13.85705393449220679, 2.299999999999999822 ) ) ;
#3053 = DIRECTION ( 'NONE',  ( 1.000000000000000000, 0.000000000000000000, -0.000000000000000000 ) ) ;
#3054 = VERTEX_POINT ( 'NONE', #3402 ) ;
#3055 =( GEOMETRIC_REPRESENTATION_CONTEXT ( 3 ) GLOBAL_UNCERTAINTY_ASSIGNED_CONTEXT ( ( #1046 ) ) GLOBAL_UNIT_ASSIGNED_CONTEXT ( ( #1076, #171, #1367 ) ) REPRESENTATION_CONTEXT ( 'NONE', 'WORKASPACE' ) );
#3056 = CIRCLE ( 'NONE', #693, 1.899999999999999023 ) ;
#3057 = LINE ( 'NONE', #130, #1087 ) ;
#3058 = CARTESIAN_POINT ( 'NONE',  ( 11.00000000000000355, -45.94999999999999574, 2.299999999999999822 ) ) ;
#3059 = CARTESIAN_POINT ( 'NONE',  ( 20.99999999999989342, -55.70000000000005969, -47.54999999999993321 ) ) ;
#3060 = CIRCLE ( 'NONE', #1749, 1.900000000000005906 ) ;
#3061 = DIRECTION ( 'NONE',  ( -1.000000000000000000, 4.163202090930917821E-17, 1.110223024625156540E-16 ) ) ;
#3062 = ORIENTED_EDGE ( 'NONE', *, *, #300, .T. ) ;
#3063 = VECTOR ( 'NONE', #917, 1000.000000000000227 ) ;
#3064 = CARTESIAN_POINT ( 'NONE',  ( 19.00000000000000000, 0.000000000000000000, -3.000000000000002665 ) ) ;
#3065 = EDGE_LOOP ( 'NONE', ( #1195, #2467 ) ) ;
#3066 = CYLINDRICAL_SURFACE ( 'NONE', #830, 3.549999999999997602 ) ;
#3067 = VECTOR ( 'NONE', #1704, 1000.000000000000000 ) ;
#3068 = VECTOR ( 'NONE', #2707, 1000.000000000000000 ) ;
#3069 = ORIENTED_EDGE ( 'NONE', *, *, #3851, .F. ) ;
#3070 = DIRECTION ( 'NONE',  ( -1.577021341796747750E-16, 0.000000000000000000, 1.000000000000000000 ) ) ;
#3071 = AXIS2_PLACEMENT_3D ( 'NONE', #2793, #149, #1862 ) ;
#3072 = CIRCLE ( 'NONE', #2938, 2.750000000000609734 ) ;
#3073 = CARTESIAN_POINT ( 'NONE',  ( -19.00000000000000000, -36.00000000000000000, -57.29999999999990479 ) ) ;
#3074 = PRODUCT_DEFINITION ( 'UNKNOWN', '', #2990, #480 ) ;
#3075 = CARTESIAN_POINT ( 'NONE',  ( -19.00000000000000000, 0.000000000000000000, -52.04079934095691584 ) ) ;
#3076 = EDGE_CURVE ( 'NONE', #3449, #866, #3562, .T. ) ;
#3077 = ORIENTED_EDGE ( 'NONE', *, *, #3351, .F. ) ;
#3078 = AXIS2_PLACEMENT_3D ( 'NONE', #2005, #2536, #1117 ) ;
#3079 = LINE ( 'NONE', #993, #513 ) ;
#3080 = EDGE_CURVE ( 'NONE', #3206, #3532, #1694, .T. ) ;
#3081 = EDGE_LOOP ( 'NONE', ( #211, #32, #3462, #1346 ) ) ;
#3082 = FACE_OUTER_BOUND ( 'NONE', #1820, .T. ) ;
#3083 = CARTESIAN_POINT ( 'NONE',  ( -14.09999999999999254, -31.00000000000000355, -56.54999999999990479 ) ) ;
#3084 = DIRECTION ( 'NONE',  ( -0.000000000000000000, -0.000000000000000000, -1.000000000000000000 ) ) ;
#3085 = CARTESIAN_POINT ( 'NONE',  ( 19.00000000000000711, -26.00000000000000000, -57.29999999999990479 ) ) ;
#3086 = DIRECTION ( 'NONE',  ( 1.000000000000000000, 0.000000000000000000, 0.000000000000000000 ) ) ;
#3087 = ORIENTED_EDGE ( 'NONE', *, *, #2217, .T. ) ;
#3088 = CARTESIAN_POINT ( 'NONE',  ( -10.99999999999999112, -75.70000000000004547, -43.54999999999993321 ) ) ;
#3089 = VERTEX_POINT ( 'NONE', #218 ) ;
#3090 = FILL_AREA_STYLE_COLOUR ( '', #3748 ) ;
#3091 = CARTESIAN_POINT ( 'NONE',  ( -3.864579600899062939, -6.693648218653595272, 2.299999999999999822 ) ) ;
#3092 = DIRECTION ( 'NONE',  ( 0.000000000000000000, 0.000000000000000000, 1.000000000000000000 ) ) ;
#3093 = ORIENTED_EDGE ( 'NONE', *, *, #1381, .T. ) ;
#3094 = CYLINDRICAL_SURFACE ( 'NONE', #3692, 10.00000000000000178 ) ;
#3095 = VERTEX_POINT ( 'NONE', #1963 ) ;
#3096 = EDGE_CURVE ( 'NONE', #1341, #3638, #1110, .T. ) ;
#3097 = ADVANCED_FACE ( 'NONE', ( #3749 ), #511, .F. ) ;
#3098 = DIRECTION ( 'NONE',  ( -0.9392839235729935066, -0.3431409490534798046, 0.000000000000000000 ) ) ;
#3099 = DIRECTION ( 'NONE',  ( -0.000000000000000000, -0.000000000000000000, 1.000000000000000000 ) ) ;
#3100 = CYLINDRICAL_SURFACE ( 'NONE', #3306, 2.750000000000609734 ) ;
#3101 = ORIENTED_EDGE ( 'NONE', *, *, #1883, .F. ) ;
#3102 = EDGE_CURVE ( 'NONE', #730, #1341, #1268, .T. ) ;
#3103 = LINE ( 'NONE', #3413, #2861 ) ;
#3104 = ORIENTED_EDGE ( 'NONE', *, *, #1042, .F. ) ;
#3105 = DIRECTION ( 'NONE',  ( -1.000000000000000000, -0.000000000000000000, -1.164243943608584841E-16 ) ) ;
#3106 = VERTEX_POINT ( 'NONE', #1359 ) ;
#3107 = DIRECTION ( 'NONE',  ( -1.000000000000000000, 0.000000000000000000, 0.000000000000000000 ) ) ;
#3108 = DIRECTION ( 'NONE',  ( 1.000000000000000000, 0.000000000000000000, 0.000000000000000000 ) ) ;
#3109 = VERTEX_POINT ( 'NONE', #1416 ) ;
#3110 = DIRECTION ( 'NONE',  ( 1.000000000000000000, 0.000000000000000000, 0.000000000000000000 ) ) ;
#3111 = ORIENTED_EDGE ( 'NONE', *, *, #1074, .F. ) ;
#3112 = ORIENTED_EDGE ( 'NONE', *, *, #596, .F. ) ;
#3113 = DIRECTION ( 'NONE',  ( -1.000000000000000000, 0.000000000000000000, 0.000000000000000000 ) ) ;
#3114 = DIRECTION ( 'NONE',  ( -2.515402503830336267E-16, 8.050361205584444418E-17, -1.000000000000000000 ) ) ;
#3115 = FACE_OUTER_BOUND ( 'NONE', #2506, .T. ) ;
#3116 = PRODUCT_RELATED_PRODUCT_CATEGORY ( 'part', '', ( #353 ) ) ;
#3117 = EDGE_CURVE ( 'NONE', #3121, #2867, #1760, .T. ) ;
#3118 = ORIENTED_EDGE ( 'NONE', *, *, #2353, .T. ) ;
#3119 = VECTOR ( 'NONE', #622, 1000.000000000000000 ) ;
#3120 = CARTESIAN_POINT ( 'NONE',  ( 1.284469037195706312E-12, -13.39999999999929159, 0.000000000000000000 ) ) ;
#3121 = VERTEX_POINT ( 'NONE', #2892 ) ;
#3122 = CARTESIAN_POINT ( 'NONE',  ( -19.00000000000000000, -26.00000000000000000, -95.62753579347352684 ) ) ;
#3123 = ADVANCED_FACE ( 'NONE', ( #3473, #2834 ), #3130, .F. ) ;
#3124 = VERTEX_POINT ( 'NONE', #163 ) ;
#3125 = FACE_BOUND ( 'NONE', #864, .T. ) ;
#3126 = CARTESIAN_POINT ( 'NONE',  ( -10.99999999999999112, -86.04999999999999716, -37.54999999999993321 ) ) ;
#3127 = CIRCLE ( 'NONE', #3556, 1.899999999999999689 ) ;
#3128 = AXIS2_PLACEMENT_3D ( 'NONE', #3816, #3853, #1189 ) ;
#3129 = VECTOR ( 'NONE', #640, 1000.000000000000000 ) ;
#3130 = PLANE ( 'NONE',  #202 ) ;
#3131 = ORIENTED_EDGE ( 'NONE', *, *, #1427, .F. ) ;
#3132 = VECTOR ( 'NONE', #3098, 1000.000000000000114 ) ;
#3133 = DIRECTION ( 'NONE',  ( 0.7668107407454776148, -0.6418732646538347630, 0.000000000000000000 ) ) ;
#3134 = AXIS2_PLACEMENT_3D ( 'NONE', #2670, #2338, #3589 ) ;
#3135 = VECTOR ( 'NONE', #3672, 1000.000000000000227 ) ;
#3136 = ORIENTED_EDGE ( 'NONE', *, *, #2737, .F. ) ;
#3137 = DIRECTION ( 'NONE',  ( -1.164243943608594702E-16, -6.938893903907222461E-16, 1.000000000000000000 ) ) ;
#3138 = CYLINDRICAL_SURFACE ( 'NONE', #1577, 1.899999999999998135 ) ;
#3139 = VERTEX_POINT ( 'NONE', #3201 ) ;
#3140 = ADVANCED_FACE ( 'NONE', ( #805, #462, #1668 ), #3162, .F. ) ;
#3141 = DIRECTION ( 'NONE',  ( -1.000000000000000000, 0.000000000000000000, -1.164243943608584841E-16 ) ) ;
#3142 = ORIENTED_EDGE ( 'NONE', *, *, #671, .F. ) ;
#3143 = DIRECTION ( 'NONE',  ( 1.000000000000000000, 3.330669073875469621E-16, 1.174842931814247840E-16 ) ) ;
#3144 = VERTEX_POINT ( 'NONE', #1400 ) ;
#3145 = EDGE_CURVE ( 'NONE', #2170, #782, #1204, .T. ) ;
#3146 = EDGE_CURVE ( 'NONE', #2358, #853, #2907, .T. ) ;
#3147 = LINE ( 'NONE', #2889, #505 ) ;
#3148 = DIRECTION ( 'NONE',  ( 1.000000000000000000, 0.000000000000000000, 0.000000000000000000 ) ) ;
#3149 = DIRECTION ( 'NONE',  ( 1.000000000000000000, 0.000000000000000000, 0.000000000000000000 ) ) ;
#3150 = EDGE_LOOP ( 'NONE', ( #1494, #383 ) ) ;
#3151 = EDGE_CURVE ( 'NONE', #2658, #2400, #2270, .T. ) ;
#3152 = CARTESIAN_POINT ( 'NONE',  ( 23.59999999999999076, -66.30999999999963279, -27.49999999999995737 ) ) ;
#3153 = ORIENTED_EDGE ( 'NONE', *, *, #3541, .F. ) ;
#3154 = CARTESIAN_POINT ( 'NONE',  ( -7.899999999999987033, -65.70000000000004547, -38.54999999999994031 ) ) ;
#3155 = ORIENTED_EDGE ( 'NONE', *, *, #687, .F. ) ;
#3156 = CARTESIAN_POINT ( 'NONE',  ( -5.999999999999988454, -65.70000000000004547, -12.19999999999993001 ) ) ;
#3157 = VERTEX_POINT ( 'NONE', #529 ) ;
#3158 = DIRECTION ( 'NONE',  ( -0.7071067811865424657, 0.7071067811865526798, -0.000000000000000000 ) ) ;
#3159 = ORIENTED_EDGE ( 'NONE', *, *, #664, .F. ) ;
#3160 = DIRECTION ( 'NONE',  ( 0.000000000000000000, 0.000000000000000000, 1.000000000000000000 ) ) ;
#3161 = CARTESIAN_POINT ( 'NONE',  ( 2.610287666325547207, -13.85705393449218903, 0.000000000000000000 ) ) ;
#3162 = PLANE ( 'NONE',  #1209 ) ;
#3163 = EDGE_CURVE ( 'NONE', #3157, #698, #2595, .T. ) ;
#3164 = ORIENTED_EDGE ( 'NONE', *, *, #2148, .T. ) ;
#3165 = EDGE_CURVE ( 'NONE', #852, #848, #1375, .T. ) ;
#3166 = ORIENTED_EDGE ( 'NONE', *, *, #671, .T. ) ;
#3167 = EDGE_CURVE ( 'NONE', #1772, #548, #1331, .T. ) ;
#3168 = DIRECTION ( 'NONE',  ( 0.000000000000000000, 0.000000000000000000, 1.000000000000000000 ) ) ;
#3169 =( NAMED_UNIT ( * ) PLANE_ANGLE_UNIT ( ) SI_UNIT ( $, .RADIAN. ) );
#3170 = CARTESIAN_POINT ( 'NONE',  ( 17.65000000000000924, -31.00000000000000355, -56.54999999999991189 ) ) ;
#3171 = ORIENTED_EDGE ( 'NONE', *, *, #145, .F. ) ;
#3172 = CARTESIAN_POINT ( 'NONE',  ( 14.10000000000001208, -31.00000000000000355, -52.04999999999991900 ) ) ;
#3173 = ORIENTED_EDGE ( 'NONE', *, *, #3301, .T. ) ;
#3174 = CIRCLE ( 'NONE', #380, 19.00000000000000000 ) ;
#3175 = FACE_BOUND ( 'NONE', #2407, .T. ) ;
#3176 = FACE_OUTER_BOUND ( 'NONE', #2580, .T. ) ;
#3177 = ORIENTED_EDGE ( 'NONE', *, *, #3689, .T. ) ;
#3178 = CARTESIAN_POINT ( 'NONE',  ( 0.000000000000000000, 0.000000000000000000, -17.14213562373095101 ) ) ;
#3179 = AXIS2_PLACEMENT_3D ( 'NONE', #858, #3228, #18 ) ;
#3180 = ORIENTED_EDGE ( 'NONE', *, *, #2760, .F. ) ;
#3181 = VECTOR ( 'NONE', #3421, 1000.000000000000000 ) ;
#3182 = CIRCLE ( 'NONE', #2997, 3.549999999999999378 ) ;
#3183 = VECTOR ( 'NONE', #1357, 1000.000000000000114 ) ;
#3184 = EDGE_CURVE ( 'NONE', #3532, #3294, #792, .T. ) ;
#3185 = DIRECTION ( 'NONE',  ( -0.7668107407454598512, -0.6418732646538558573, 0.000000000000000000 ) ) ;
#3186 = ORIENTED_EDGE ( 'NONE', *, *, #806, .T. ) ;
#3187 = VECTOR ( 'NONE', #1656, 1000.000000000000000 ) ;
#3188 = AXIS2_PLACEMENT_3D ( 'NONE', #2246, #3436, #2845 ) ;
#3189 = EDGE_CURVE ( 'NONE', #3095, #965, #2816, .T. ) ;
#3190 = CARTESIAN_POINT ( 'NONE',  ( 16.00000000000000355, -36.00000000000000000, 0.000000000000000000 ) ) ;
#3191 = CIRCLE ( 'NONE', #1457, 1.899999999999999023 ) ;
#3192 = AXIS2_PLACEMENT_3D ( 'NONE', #931, #345, #1540 ) ;
#3193 = AXIS2_PLACEMENT_3D ( 'NONE', #3279, #2095, #1802 ) ;
#3194 = CARTESIAN_POINT ( 'NONE',  ( 11.60474041071213591, -6.699999999998910383, 2.299999999999999822 ) ) ;
#3195 = EDGE_LOOP ( 'NONE', ( #3466, #302, #525, #512 ) ) ;
#3196 = CARTESIAN_POINT ( 'NONE',  ( 28.59999999999998010, -63.30999999999963279, -27.49999999999995737 ) ) ;
#3197 = VERTEX_POINT ( 'NONE', #233 ) ;
#3198 = CARTESIAN_POINT ( 'NONE',  ( 4.724999999999553779, 11.47483660014416174, 2.299999999999999822 ) ) ;
#3199 = DIRECTION ( 'NONE',  ( -0.000000000000000000, -0.000000000000000000, -1.000000000000000000 ) ) ;
#3200 = ORIENTED_EDGE ( 'NONE', *, *, #1792, .F. ) ;
#3201 = CARTESIAN_POINT ( 'NONE',  ( -1.999999999999992673, -42.00000000000010658, -35.25000000000065370 ) ) ;
#3202 = ORIENTED_EDGE ( 'NONE', *, *, #1079, .T. ) ;
#3203 = CYLINDRICAL_SURFACE ( 'NONE', #1755, 2.750000000000609734 ) ;
#3204 = CYLINDRICAL_SURFACE ( 'NONE', #1998, 3.549999999999999378 ) ;
#3205 = CARTESIAN_POINT ( 'NONE',  ( -5.999999999999988454, -65.70000000000004547, -38.54999999999994031 ) ) ;
#3206 = VERTEX_POINT ( 'NONE', #200 ) ;
#3207 = CARTESIAN_POINT ( 'NONE',  ( 17.65000000000000924, -31.00000000000000355, -56.54999999999991189 ) ) ;
#3208 = ADVANCED_FACE ( 'NONE', ( #2581 ), #338, .F. ) ;
#3209 = EDGE_CURVE ( 'NONE', #344, #2296, #642, .T. ) ;
#3210 = CARTESIAN_POINT ( 'NONE',  ( 11.00000000000000355, -45.94999999999999574, 2.299999999999999822 ) ) ;
#3211 = VERTEX_POINT ( 'NONE', #2357 ) ;
#3212 = DIRECTION ( 'NONE',  ( -2.515402503830336267E-16, 8.050361205584444418E-17, -1.000000000000000000 ) ) ;
#3213 = EDGE_LOOP ( 'NONE', ( #2912, #3799, #1745, #1659 ) ) ;
#3214 = EDGE_CURVE ( 'NONE', #1796, #3480, #2948, .T. ) ;
#3215 = CARTESIAN_POINT ( 'NONE',  ( -19.00000000000000000, 0.000000000000000000, 2.299999999999999822 ) ) ;
#3216 = CARTESIAN_POINT ( 'NONE',  ( 11.00000000000000355, -55.70000000000005969, -47.54999999999993321 ) ) ;
#3217 = ORIENTED_EDGE ( 'NONE', *, *, #1955, .F. ) ;
#3218 = CARTESIAN_POINT ( 'NONE',  ( 11.00000000000000355, -45.94999999999999574, 2.299999999999999822 ) ) ;
#3219 = VERTEX_POINT ( 'NONE', #2048 ) ;
#3220 = LINE ( 'NONE', #3805, #2067 ) ;
#3221 = PLANE ( 'NONE',  #2514 ) ;
#3222 = CARTESIAN_POINT ( 'NONE',  ( -5.306057363720466589E-15, -41.05000000000000426, -52.04999999999991189 ) ) ;
#3223 = ORIENTED_EDGE ( 'NONE', *, *, #300, .F. ) ;
#3224 = ORIENTED_EDGE ( 'NONE', *, *, #1997, .T. ) ;
#3225 = FACE_OUTER_BOUND ( 'NONE', #1570, .T. ) ;
#3226 = EDGE_CURVE ( 'NONE', #2384, #1740, #2074, .T. ) ;
#3227 = DIRECTION ( 'NONE',  ( -0.000000000000000000, 1.000000000000000000, -0.000000000000000000 ) ) ;
#3228 = DIRECTION ( 'NONE',  ( 0.000000000000000000, 0.000000000000000000, -1.000000000000000000 ) ) ;
#3229 = DIRECTION ( 'NONE',  ( -1.000000000000000000, -0.000000000000000000, -0.000000000000000000 ) ) ;
#3230 = EDGE_LOOP ( 'NONE', ( #2535, #3422 ) ) ;
#3231 = CARTESIAN_POINT ( 'NONE',  ( -16.00000000000000000, -36.00000000000000000, 2.299999999999999822 ) ) ;
#3232 = EDGE_CURVE ( 'NONE', #5, #2358, #923, .T. ) ;
#3233 = CARTESIAN_POINT ( 'NONE',  ( 7.729159201800657186, 1.055159106790048984E-12, -42.93251095273883777 ) ) ;
#3234 = EDGE_LOOP ( 'NONE', ( #1594, #1233, #970, #3015 ) ) ;
#3235 = DIRECTION ( 'NONE',  ( -1.000000000000000000, 0.000000000000000000, 0.000000000000000000 ) ) ;
#3236 =( GEOMETRIC_REPRESENTATION_CONTEXT ( 3 ) GLOBAL_UNCERTAINTY_ASSIGNED_CONTEXT ( ( #1729 ) ) GLOBAL_UNIT_ASSIGNED_CONTEXT ( ( #75, #3169, #2825 ) ) REPRESENTATION_CONTEXT ( 'NONE', 'WORKASPACE' ) );
#3237 = ORIENTED_EDGE ( 'NONE', *, *, #1653, .F. ) ;
#3238 = CARTESIAN_POINT ( 'NONE',  ( 15.20537989737616158, -22.10368098241526269, 2.299999999999999822 ) ) ;
#3239 = FACE_OUTER_BOUND ( 'NONE', #485, .T. ) ;
#3240 = VECTOR ( 'NONE', #1027, 1000.000000000000000 ) ;
#3241 = CARTESIAN_POINT ( 'NONE',  ( 17.90000000000004121, -65.70000000000004547, -38.54999999999994031 ) ) ;
#3242 = ORIENTED_EDGE ( 'NONE', *, *, #2165, .T. ) ;
#3243 = ORIENTED_EDGE ( 'NONE', *, *, #2639, .T. ) ;
#3244 = AXIS2_PLACEMENT_3D ( 'NONE', #1563, #3084, #2743 ) ;
#3245 = CARTESIAN_POINT ( 'NONE',  ( 16.00000000000004263, -65.70000000000004547, -16.44999999999992824 ) ) ;
#3246 = AXIS2_PLACEMENT_3D ( 'NONE', #24, #604, #2046 ) ;
#3247 = AXIS2_PLACEMENT_3D ( 'NONE', #3014, #3264, #869 ) ;
#3248 = AXIS2_PLACEMENT_3D ( 'NONE', #1587, #93, #797 ) ;
#3249 = CARTESIAN_POINT ( 'NONE',  ( -13.30570456204346108, 4.667951537024054076, 0.000000000000000000 ) ) ;
#3250 = DIRECTION ( 'NONE',  ( 1.122356459123426544E-16, -1.249000902703302212E-14, -1.000000000000000000 ) ) ;
#3251 = FACE_OUTER_BOUND ( 'NONE', #1632, .T. ) ;
#3252 = VECTOR ( 'NONE', #865, 1000.000000000000000 ) ;
#3253 = AXIS2_PLACEMENT_3D ( 'NONE', #579, #1828, #33 ) ;
#3254 = VERTEX_POINT ( 'NONE', #3276 ) ;
#3255 = EDGE_CURVE ( 'NONE', #3054, #3124, #1180, .T. ) ;
#3256 = LINE ( 'NONE', #884, #3559 ) ;
#3257 = VERTEX_POINT ( 'NONE', #1163 ) ;
#3258 = LINE ( 'NONE', #3293, #1585 ) ;
#3259 = EDGE_LOOP ( 'NONE', ( #1103, #1124, #335, #3403 ) ) ;
#3260 = EDGE_CURVE ( 'NONE', #2736, #2228, #565, .T. ) ;
#3261 = EDGE_CURVE ( 'NONE', #2796, #2667, #1511, .T. ) ;
#3262 = FACE_OUTER_BOUND ( 'NONE', #150, .T. ) ;
#3263 = DIRECTION ( 'NONE',  ( 1.000000000000000000, 0.000000000000000000, 0.000000000000000000 ) ) ;
#3264 = DIRECTION ( 'NONE',  ( -0.000000000000000000, -0.000000000000000000, 1.000000000000000000 ) ) ;
#3265 = ORIENTED_EDGE ( 'NONE', *, *, #2286, .F. ) ;
#3266 = ORIENTED_EDGE ( 'NONE', *, *, #2525, .F. ) ;
#3267 = EDGE_CURVE ( 'NONE', #866, #3449, #1893, .T. ) ;
#3268 = FACE_OUTER_BOUND ( 'NONE', #2312, .T. ) ;
#3269 = ORIENTED_EDGE ( 'NONE', *, *, #2563, .F. ) ;
#3270 = CARTESIAN_POINT ( 'NONE',  ( -13.30570456204282870, -4.667951537024482178, 2.299999999999999822 ) ) ;
#3271 = PLANE ( 'NONE',  #133 ) ;
#3272 = DIRECTION ( 'NONE',  ( 0.000000000000000000, 0.000000000000000000, 1.000000000000000000 ) ) ;
#3273 = VERTEX_POINT ( 'NONE', #1782 ) ;
#3274 = LINE ( 'NONE', #1758, #3438 ) ;
#3275 = VERTEX_POINT ( 'NONE', #886 ) ;
#3276 = CARTESIAN_POINT ( 'NONE',  ( -10.54999999999999361, -31.00000000000000355, -56.54999999999990479 ) ) ;
#3277 = EDGE_LOOP ( 'NONE', ( #222, #1164, #2924, #2547, #1727, #2631, #2602 ) ) ;
#3278 = DIRECTION ( 'NONE',  ( -1.000000000000000000, -0.000000000000000000, -1.164243943608584841E-16 ) ) ;
#3279 = CARTESIAN_POINT ( 'NONE',  ( 65.94552258011907497, -75.70000000000008811, -47.54999999999992610 ) ) ;
#3280 = EDGE_CURVE ( 'NONE', #3420, #744, #310, .T. ) ;
#3281 = DIRECTION ( 'NONE',  ( 0.000000000000000000, 0.000000000000000000, 1.000000000000000000 ) ) ;
#3282 = EDGE_CURVE ( 'NONE', #1498, #1280, #847, .T. ) ;
#3283 = ORIENTED_EDGE ( 'NONE', *, *, #3286, .T. ) ;
#3284 = EDGE_LOOP ( 'NONE', ( #3714, #2676, #1514, #1546 ) ) ;
#3285 = CARTESIAN_POINT ( 'NONE',  ( 16.00000000000004263, -65.70000000000004547, -16.44999999999992824 ) ) ;
#3286 = EDGE_CURVE ( 'NONE', #698, #3257, #204, .T. ) ;
#3287 = CARTESIAN_POINT ( 'NONE',  ( 16.00000000000000711, -55.70000000000005258, -17.44999999999993179 ) ) ;
#3288 = CARTESIAN_POINT ( 'NONE',  ( 16.00000000000000355, -32.99999999999999289, 0.000000000000000000 ) ) ;
#3289 = CARTESIAN_POINT ( 'NONE',  ( -1.999999999999993117, -42.00000000000010658, -32.50000000000004263 ) ) ;
#3290 = CARTESIAN_POINT ( 'NONE',  ( 13.30537989737616122, -22.10368098241526269, -3.199999999999999734 ) ) ;
#3291 = CARTESIAN_POINT ( 'NONE',  ( 11.60474041071149109, 6.700000000000736478, 2.299999999999999822 ) ) ;
#3292 = ORIENTED_EDGE ( 'NONE', *, *, #2217, .F. ) ;
#3293 = CARTESIAN_POINT ( 'NONE',  ( 20.99999999999989342, -75.70000000000004547, -43.54999999999993321 ) ) ;
#3294 = VERTEX_POINT ( 'NONE', #3860 ) ;
#3295 = DIRECTION ( 'NONE',  ( -0.000000000000000000, -0.000000000000000000, 1.000000000000000000 ) ) ;
#3296 = FACE_OUTER_BOUND ( 'NONE', #259, .T. ) ;
#3297 = CARTESIAN_POINT ( 'NONE',  ( -5.999999999999988454, -65.70000000000004547, -11.44999999999992824 ) ) ;
#3298 = ORIENTED_EDGE ( 'NONE', *, *, #1411, .T. ) ;
#3299 = ORIENTED_EDGE ( 'NONE', *, *, #3596, .T. ) ;
#3300 = CIRCLE ( 'NONE', #1439, 1.900000000000000577 ) ;
#3301 = EDGE_CURVE ( 'NONE', #3420, #213, #1799, .T. ) ;
#3302 = CIRCLE ( 'NONE', #2553, 1.900000000000000577 ) ;
#3303 = CARTESIAN_POINT ( 'NONE',  ( 16.00000000000004263, -65.70000000000004547, -12.19999999999993001 ) ) ;
#3304 = FACE_OUTER_BOUND ( 'NONE', #2344, .T. ) ;
#3305 = ORIENTED_EDGE ( 'NONE', *, *, #406, .F. ) ;
#3306 = AXIS2_PLACEMENT_3D ( 'NONE', #3677, #3332, #2517 ) ;
#3307 = EDGE_CURVE ( 'NONE', #1403, #1839, #3258, .T. ) ;
#3308 = DIRECTION ( 'NONE',  ( -1.164243943608584841E-16, 0.000000000000000000, 1.000000000000000000 ) ) ;
#3309 = VECTOR ( 'NONE', #1206, 1000.000000000000000 ) ;
#3310 = VECTOR ( 'NONE', #52, 1000.000000000000000 ) ;
#3311 = CIRCLE ( 'NONE', #72, 2.649999999999999467 ) ;
#3312 = DIRECTION ( 'NONE',  ( 1.000000000000000000, 0.000000000000000000, 0.000000000000000000 ) ) ;
#3313 = DIRECTION ( 'NONE',  ( 1.164243943608594702E-16, 0.000000000000000000, -1.000000000000000000 ) ) ;
#3314 = FACE_OUTER_BOUND ( 'NONE', #478, .T. ) ;
#3315 = AXIS2_PLACEMENT_3D ( 'NONE', #2354, #882, #644 ) ;
#3316 = EDGE_CURVE ( 'NONE', #771, #2922, #3191, .T. ) ;
#3317 = DIRECTION ( 'NONE',  ( -0.000000000000000000, -0.000000000000000000, 1.000000000000000000 ) ) ;
#3318 = VERTEX_POINT ( 'NONE', #906 ) ;
#3319 = VECTOR ( 'NONE', #606, 1000.000000000000000 ) ;
#3320 = VECTOR ( 'NONE', #264, 1000.000000000000114 ) ;
#3321 = CARTESIAN_POINT ( 'NONE',  ( 16.00000000000006395, -55.70000000000012363, -37.54999999999993321 ) ) ;
#3322 = VERTEX_POINT ( 'NONE', #2635 ) ;
#3323 = DIRECTION ( 'NONE',  ( -1.156482317317870985E-16, -1.739756716429803127E-31, -1.000000000000000000 ) ) ;
#3324 = DIRECTION ( 'NONE',  ( -1.000000000000000000, 0.000000000000000000, -0.000000000000000000 ) ) ;
#3325 = PLANE ( 'NONE',  #895 ) ;
#3326 = ORIENTED_EDGE ( 'NONE', *, *, #3642, .F. ) ;
#3327 = CARTESIAN_POINT ( 'NONE',  ( -10.69541689571855159, -9.189102397468486672, 0.000000000000000000 ) ) ;
#3328 = CARTESIAN_POINT ( 'NONE',  ( -10.99999999999999467, -46.44999999999999574, -17.94999999999993179 ) ) ;
#3329 = ORIENTED_EDGE ( 'NONE', *, *, #2851, .T. ) ;
#3330 = LINE ( 'NONE', #862, #3563 ) ;
#3331 = DIRECTION ( 'NONE',  ( 0.000000000000000000, 0.000000000000000000, -1.000000000000000000 ) ) ;
#3332 = DIRECTION ( 'NONE',  ( -1.000000000000000000, -0.000000000000000000, -1.164243943608584841E-16 ) ) ;
#3333 = ADVANCED_FACE ( 'NONE', ( #589 ), #2964, .F. ) ;
#3334 = CARTESIAN_POINT ( 'NONE',  ( 12.45000000000004370, -65.70000000000004547, -11.44999999999992824 ) ) ;
#3335 = EDGE_CURVE ( 'NONE', #1606, #1576, #1817, .T. ) ;
#3336 = DIRECTION ( 'NONE',  ( 0.000000000000000000, 0.000000000000000000, -1.000000000000000000 ) ) ;
#3337 = ORIENTED_EDGE ( 'NONE', *, *, #3541, .T. ) ;
#3338 = DIRECTION ( 'NONE',  ( 1.000000000000000000, 0.000000000000000000, 0.000000000000000000 ) ) ;
#3339 = ADVANCED_FACE ( 'NONE', ( #3510 ), #3066, .F. ) ;
#3340 = ORIENTED_EDGE ( 'NONE', *, *, #3429, .F. ) ;
#3341 = DIRECTION ( 'NONE',  ( 0.000000000000000000, 0.000000000000000000, -1.000000000000000000 ) ) ;
#3342 = FACE_OUTER_BOUND ( 'NONE', #2158, .T. ) ;
#3343 = EDGE_LOOP ( 'NONE', ( #1941, #2036, #777, #2896 ) ) ;
#3344 = CARTESIAN_POINT ( 'NONE',  ( 20.99999999999996447, -75.70000000000008811, -43.54999999999993321 ) ) ;
#3345 = DIRECTION ( 'NONE',  ( 0.000000000000000000, 0.000000000000000000, 1.000000000000000000 ) ) ;
#3346 = ORIENTED_EDGE ( 'NONE', *, *, #2188, .F. ) ;
#3347 = DIRECTION ( 'NONE',  ( 0.000000000000000000, 0.000000000000000000, -1.000000000000000000 ) ) ;
#3348 = CARTESIAN_POINT ( 'NONE',  ( 13.30570456204474183, -4.667951537023347974, 2.299999999999999822 ) ) ;
#3349 = LINE ( 'NONE', #1808, #3063 ) ;
#3350 = FACE_OUTER_BOUND ( 'NONE', #2196, .T. ) ;
#3351 = EDGE_CURVE ( 'NONE', #1040, #1598, #3374, .T. ) ;
#3352 = FACE_OUTER_BOUND ( 'NONE', #567, .T. ) ;
#3353 = ORIENTED_EDGE ( 'NONE', *, *, #91, .T. ) ;
#3354 = DIRECTION ( 'NONE',  ( 1.000000000000000000, 2.163843965683114248E-15, -1.033696669000698286E-19 ) ) ;
#3355 = ORIENTED_EDGE ( 'NONE', *, *, #2577, .F. ) ;
#3356 = ADVANCED_FACE ( 'NONE', ( #969 ), #1901, .F. ) ;
#3357 = CYLINDRICAL_SURFACE ( 'NONE', #2369, 1.899999999999998135 ) ;
#3358 = CARTESIAN_POINT ( 'NONE',  ( -10.99999999999999289, -42.00000000000010658, -19.74999999999943512 ) ) ;
#3359 = DIRECTION ( 'NONE',  ( -0.000000000000000000, -0.000000000000000000, 1.000000000000000000 ) ) ;
#3360 = VERTEX_POINT ( 'NONE', #2772 ) ;
#3361 = LINE ( 'NONE', #1634, #3135 ) ;
#3362 = ORIENTED_EDGE ( 'NONE', *, *, #1730, .F. ) ;
#3363 = AXIS2_PLACEMENT_3D ( 'NONE', #289, #3272, #602 ) ;
#3364 = AXIS2_PLACEMENT_3D ( 'NONE', #2435, #3336, #666 ) ;
#3365 = DIRECTION ( 'NONE',  ( -0.000000000000000000, -0.000000000000000000, 1.000000000000000000 ) ) ;
#3366 = LINE ( 'NONE', #411, #635 ) ;
#3367 = DIRECTION ( 'NONE',  ( -0.000000000000000000, -0.000000000000000000, 1.000000000000000000 ) ) ;
#3368 = CARTESIAN_POINT ( 'NONE',  ( 20.99999999999996803, -75.70000000000008811, -17.44999999999992824 ) ) ;
#3369 = AXIS2_PLACEMENT_3D ( 'NONE', #3768, #2247, #3471 ) ;
#3370 = AXIS2_PLACEMENT_3D ( 'NONE', #1868, #705, #1811 ) ;
#3371 = AXIS2_PLACEMENT_3D ( 'NONE', #2016, #1768, #910 ) ;
#3372 = CARTESIAN_POINT ( 'NONE',  ( -10.99999999999999645, -45.94999999999999574, 2.299999999999999822 ) ) ;
#3373 = ORIENTED_EDGE ( 'NONE', *, *, #3429, .T. ) ;
#3374 = LINE ( 'NONE', #685, #3007 ) ;
#3375 = AXIS2_PLACEMENT_3D ( 'NONE', #863, #1491, #3587 ) ;
#3376 = AXIS2_PLACEMENT_3D ( 'NONE', #2540, #3729, #2248 ) ;
#3377 = CIRCLE ( 'NONE', #2625, 3.549999999999997602 ) ;
#3378 = ORIENTED_EDGE ( 'NONE', *, *, #909, .T. ) ;
#3379 = CARTESIAN_POINT ( 'NONE',  ( -10.99999999999999467, -75.70000000000008811, -17.44999999999993179 ) ) ;
#3380 = VECTOR ( 'NONE', #10, 1000.000000000000000 ) ;
#3381 = CYLINDRICAL_SURFACE ( 'NONE', #1030, 0.5000000000000004441 ) ;
#3382 = CARTESIAN_POINT ( 'NONE',  ( -14.09999999999999076, -31.00000000000000355, -52.04999999999991189 ) ) ;
#3383 = EDGE_CURVE ( 'NONE', #3389, #5, #2151, .T. ) ;
#3384 = ORIENTED_EDGE ( 'NONE', *, *, #245, .T. ) ;
#3385 = ADVANCED_FACE ( 'NONE', ( #101 ), #1281, .F. ) ;
#3386 = CIRCLE ( 'NONE', #326, 2.649999999999999467 ) ;
#3387 = AXIS2_PLACEMENT_3D ( 'NONE', #629, #892, #2080 ) ;
#3388 = CARTESIAN_POINT ( 'NONE',  ( 63.50105881034023980, -55.69999999999999574, -7.449999999999922906 ) ) ;
#3389 = VERTEX_POINT ( 'NONE', #2212 ) ;
#3390 = EDGE_CURVE ( 'NONE', #3139, #2427, #3666, .T. ) ;
#3391 = DIRECTION ( 'NONE',  ( 1.000000000000000000, 0.000000000000000000, -0.000000000000000000 ) ) ;
#3392 = CARTESIAN_POINT ( 'NONE',  ( -2.610287666322975486, -13.85705393449220679, -42.93251095273883777 ) ) ;
#3393 = CARTESIAN_POINT ( 'NONE',  ( 16.00000000000004263, -65.70000000000004547, -43.54999999999993321 ) ) ;
#3394 = CARTESIAN_POINT ( 'NONE',  ( -6.624999999999910294, 11.47483660014377449, 2.299999999999999822 ) ) ;
#3395 = ORIENTED_EDGE ( 'NONE', *, *, #1036, .F. ) ;
#3396 = CARTESIAN_POINT ( 'NONE',  ( 13.30537989737616122, -22.10368098241526269, -3.199999999999999734 ) ) ;
#3397 = ORIENTED_EDGE ( 'NONE', *, *, #789, .F. ) ;
#3398 = CARTESIAN_POINT ( 'NONE',  ( -3.550000000000004707, -41.05000000000000426, -56.54999999999990479 ) ) ;
#3399 = ORIENTED_EDGE ( 'NONE', *, *, #3286, .F. ) ;
#3400 = DIRECTION ( 'NONE',  ( -0.000000000000000000, -0.000000000000000000, -1.000000000000000000 ) ) ;
#3401 = DIRECTION ( 'NONE',  ( 1.000000000000000000, 2.163843965683114248E-15, -1.033696669000698286E-19 ) ) ;
#3402 = CARTESIAN_POINT ( 'NONE',  ( 20.99999999999989342, -55.69999999999996732, -11.44999999999992824 ) ) ;
#3403 = ORIENTED_EDGE ( 'NONE', *, *, #2241, .F. ) ;
#3404 = EDGE_CURVE ( 'NONE', #1839, #3474, #1593, .T. ) ;
#3405 = DIRECTION ( 'NONE',  ( 1.119176436114069085E-16, -1.000000000000000000, 0.000000000000000000 ) ) ;
#3406 = EDGE_LOOP ( 'NONE', ( #2245, #2186 ) ) ;
#3407 = ORIENTED_EDGE ( 'NONE', *, *, #2328, .F. ) ;
#3408 = EDGE_CURVE ( 'NONE', #3474, #3275, #941, .T. ) ;
#3409 = CARTESIAN_POINT ( 'NONE',  ( -13.30537989737616122, -22.10368098241526269, 2.299999999999999822 ) ) ;
#3410 = FACE_OUTER_BOUND ( 'NONE', #1297, .T. ) ;
#3411 = DIRECTION ( 'NONE',  ( 1.000000000000000000, 0.000000000000000000, 0.000000000000000000 ) ) ;
#3412 = ORIENTED_EDGE ( 'NONE', *, *, #3214, .F. ) ;
#3413 = CARTESIAN_POINT ( 'NONE',  ( 16.00000000000001776, -31.00000000000000355, -52.04999999999991900 ) ) ;
#3414 = ORIENTED_EDGE ( 'NONE', *, *, #3030, .T. ) ;
#3415 = FACE_OUTER_BOUND ( 'NONE', #294, .T. ) ;
#3416 = ORIENTED_EDGE ( 'NONE', *, *, #3765, .T. ) ;
#3417 = PLANE ( 'NONE',  #2073 ) ;
#3418 = DIRECTION ( 'NONE',  ( 1.000000000000000000, 0.000000000000000000, 0.000000000000000000 ) ) ;
#3419 = DIRECTION ( 'NONE',  ( 0.000000000000000000, 0.000000000000000000, 1.000000000000000000 ) ) ;
#3420 = VERTEX_POINT ( 'NONE', #1298 ) ;
#3421 = DIRECTION ( 'NONE',  ( -0.000000000000000000, -0.000000000000000000, 1.000000000000000000 ) ) ;
#3422 = ORIENTED_EDGE ( 'NONE', *, *, #832, .T. ) ;
#3423 = EDGE_CURVE ( 'NONE', #626, #3089, #2479, .T. ) ;
#3424 = CARTESIAN_POINT ( 'NONE',  ( 11.60474041071149109, 6.700000000000736478, -42.93251095273883777 ) ) ;
#3425 = DIRECTION ( 'NONE',  ( -1.000000000000000000, 0.000000000000000000, 0.000000000000000000 ) ) ;
#3426 = CIRCLE ( 'NONE', #3363, 1.900000000000000577 ) ;
#3427 = ADVANCED_FACE ( 'NONE', ( #729 ), #354, .T. ) ;
#3428 = ORIENTED_EDGE ( 'NONE', *, *, #1360, .F. ) ;
#3429 = EDGE_CURVE ( 'NONE', #2346, #2303, #3607, .T. ) ;
#3430 = VECTOR ( 'NONE', #2534, 1000.000000000000000 ) ;
#3431 = CARTESIAN_POINT ( 'NONE',  ( -10.99999999999999289, -42.00000000000010658, -32.50000000000004263 ) ) ;
#3432 = ORIENTED_EDGE ( 'NONE', *, *, #3080, .T. ) ;
#3433 = DIRECTION ( 'NONE',  ( -0.000000000000000000, -0.000000000000000000, 1.000000000000000000 ) ) ;
#3434 = ORIENTED_EDGE ( 'NONE', *, *, #1077, .T. ) ;
#3435 = EDGE_CURVE ( 'NONE', #1977, #3273, #1004, .T. ) ;
#3436 = DIRECTION ( 'NONE',  ( -0.000000000000000000, -0.000000000000000000, 1.000000000000000000 ) ) ;
#3437 = DIRECTION ( 'NONE',  ( 0.000000000000000000, 0.000000000000000000, 1.000000000000000000 ) ) ;
#3438 = VECTOR ( 'NONE', #2071, 1000.000000000000000 ) ;
#3439 = VECTOR ( 'NONE', #3099, 1000.000000000000000 ) ;
#3440 = AXIS2_PLACEMENT_3D ( 'NONE', #889, #3825, #2322 ) ;
#3441 = CARTESIAN_POINT ( 'NONE',  ( -19.00000000000000000, 0.000000000000000000, 2.299999999999999822 ) ) ;
#3442 = VERTEX_POINT ( 'NONE', #1840 ) ;
#3443 = AXIS2_PLACEMENT_3D ( 'NONE', #2284, #3419, #1145 ) ;
#3444 = CIRCLE ( 'NONE', #12, 1.900000000000009015 ) ;
#3445 = CARTESIAN_POINT ( 'NONE',  ( 11.00000000000000888, -45.94999999999999574, -37.04999999999991900 ) ) ;
#3446 = AXIS2_PLACEMENT_3D ( 'NONE', #151, #3639, #1599 ) ;
#3447 = EDGE_LOOP ( 'NONE', ( #3671, #2453 ) ) ;
#3448 = DIRECTION ( 'NONE',  ( -1.000000000000000000, -0.000000000000000000, -1.164243943608594702E-16 ) ) ;
#3449 = VERTEX_POINT ( 'NONE', #2498 ) ;
#3450 = EDGE_CURVE ( 'NONE', #416, #1685, #1213, .T. ) ;
#3451 = EDGE_CURVE ( 'NONE', #2867, #3121, #2006, .T. ) ;
#3452 = LINE ( 'NONE', #784, #3430 ) ;
#3453 = VERTEX_POINT ( 'NONE', #712 ) ;
#3454 = FACE_OUTER_BOUND ( 'NONE', #2888, .T. ) ;
#3455 = ORIENTED_EDGE ( 'NONE', *, *, #3621, .T. ) ;
#3456 = CARTESIAN_POINT ( 'NONE',  ( 20.99999999999989342, -55.70000000000005969, -43.54999999999993321 ) ) ;
#3457 = EDGE_CURVE ( 'NONE', #1128, #2316, #3386, .T. ) ;
#3458 = DIRECTION ( 'NONE',  ( -0.000000000000000000, -0.000000000000000000, 1.000000000000000000 ) ) ;
#3459 = CARTESIAN_POINT ( 'NONE',  ( 19.00000000000000000, 0.000000000000000000, -52.04079934095691584 ) ) ;
#3460 = ORIENTED_EDGE ( 'NONE', *, *, #958, .T. ) ;
#3461 = FACE_OUTER_BOUND ( 'NONE', #172, .T. ) ;
#3462 = ORIENTED_EDGE ( 'NONE', *, *, #3423, .T. ) ;
#3463 = LINE ( 'NONE', #3207, #3004 ) ;
#3464 = CARTESIAN_POINT ( 'NONE',  ( 0.000000000000000000, 0.000000000000000000, 0.000000000000000000 ) ) ;
#3465 = DIRECTION ( 'NONE',  ( -1.000000000000000000, 0.000000000000000000, 0.000000000000000000 ) ) ;
#3466 = ORIENTED_EDGE ( 'NONE', *, *, #591, .F. ) ;
#3467 = CARTESIAN_POINT ( 'NONE',  ( 19.55000000000003979, -65.70000000000004547, -12.19999999999993001 ) ) ;
#3468 = ORIENTED_EDGE ( 'NONE', *, *, #406, .T. ) ;
#3469 = EDGE_CURVE ( 'NONE', #929, #1073, #1645, .T. ) ;
#3470 = FACE_OUTER_BOUND ( 'NONE', #3230, .T. ) ;
#3471 = DIRECTION ( 'NONE',  ( -0.7668107407455123647, 0.6418732646537933517, 0.000000000000000000 ) ) ;
#3472 = ORIENTED_EDGE ( 'NONE', *, *, #2480, .F. ) ;
#3473 = FACE_BOUND ( 'NONE', #1303, .T. ) ;
#3474 = VERTEX_POINT ( 'NONE', #58 ) ;
#3475 = EDGE_CURVE ( 'NONE', #2082, #1462, #1255, .T. ) ;
#3476 = DIRECTION ( 'NONE',  ( 0.1724731828275075929, 0.9850142137072688264, 0.000000000000000000 ) ) ;
#3477 = ORIENTED_EDGE ( 'NONE', *, *, #284, .T. ) ;
#3478 = DIRECTION ( 'NONE',  ( -2.515402503830336267E-16, 8.050361205584444418E-17, -1.000000000000000000 ) ) ;
#3479 = CARTESIAN_POINT ( 'NONE',  ( -17.64999999999999147, -31.00000000000000355, -56.54999999999990479 ) ) ;
#3480 = VERTEX_POINT ( 'NONE', #2829 ) ;
#3481 = DIRECTION ( 'NONE',  ( 0.000000000000000000, 0.000000000000000000, -1.000000000000000000 ) ) ;
#3482 = VERTEX_POINT ( 'NONE', #1650 ) ;
#3483 = CIRCLE ( 'NONE', #442, 1.899999999999999023 ) ;
#3484 = FACE_OUTER_BOUND ( 'NONE', #1455, .T. ) ;
#3485 = DIRECTION ( 'NONE',  ( 0.7668107407454950453, 0.6418732646538141129, 0.000000000000000000 ) ) ;
#3486 = ORIENTED_EDGE ( 'NONE', *, *, #1001, .T. ) ;
#3487 = CARTESIAN_POINT ( 'NONE',  ( 14.10000000000001030, -31.00000000000000355, -57.29999999999991189 ) ) ;
#3488 = VECTOR ( 'NONE', #3313, 1000.000000000000000 ) ;
#3489 = ORIENTED_EDGE ( 'NONE', *, *, #661, .T. ) ;
#3490 = AXIS2_PLACEMENT_3D ( 'NONE', #2846, #461, #3485 ) ;
#3491 = AXIS2_PLACEMENT_3D ( 'NONE', #1562, #2472, #3312 ) ;
#3492 = AXIS2_PLACEMENT_3D ( 'NONE', #89, #1230, #3657 ) ;
#3493 = PLANE ( 'NONE',  #3623 ) ;
#3494 = ADVANCED_FACE ( 'NONE', ( #3415 ), #141, .F. ) ;
#3495 = FACE_OUTER_BOUND ( 'NONE', #1326, .T. ) ;
#3496 = EDGE_CURVE ( 'NONE', #779, #924, #1952, .T. ) ;
#3497 = ORIENTED_EDGE ( 'NONE', *, *, #541, .T. ) ;
#3498 = AXIS2_PLACEMENT_3D ( 'NONE', #1123, #2297, #1094 ) ;
#3499 = DIRECTION ( 'NONE',  ( 0.9392839235730117142, -0.3431409490534300666, 0.000000000000000000 ) ) ;
#3500 = CIRCLE ( 'NONE', #2942, 1.899999999999998135 ) ;
#3501 = VECTOR ( 'NONE', #1965, 1000.000000000000000 ) ;
#3502 = ADVANCED_FACE ( 'NONE', ( #3777, #748, #1971 ), #484, .T. ) ;
#3503 = CARTESIAN_POINT ( 'NONE',  ( -3.864579600900125200, 6.693648218653342141, 2.299999999999999822 ) ) ;
#3504 = ORIENTED_EDGE ( 'NONE', *, *, #1006, .F. ) ;
#3505 = DIRECTION ( 'NONE',  ( 1.000000000000000000, 0.000000000000000000, 0.000000000000000000 ) ) ;
#3506 = VERTEX_POINT ( 'NONE', #1933 ) ;
#3507 = DIRECTION ( 'NONE',  ( 0.000000000000000000, 1.000000000000000000, 0.000000000000000000 ) ) ;
#3508 = DIRECTION ( 'NONE',  ( -0.1724731828275083145, -0.9850142137072687154, 0.000000000000000000 ) ) ;
#3509 = ORIENTED_EDGE ( 'NONE', *, *, #641, .F. ) ;
#3510 = FACE_OUTER_BOUND ( 'NONE', #418, .T. ) ;
#3511 = VERTEX_POINT ( 'NONE', #1410 ) ;
#3512 = LINE ( 'NONE', #2387, #2936 ) ;
#3513 = PLANE ( 'NONE',  #2438 ) ;
#3514 = DIRECTION ( 'NONE',  ( 0.000000000000000000, 0.000000000000000000, -1.000000000000000000 ) ) ;
#3515 = EDGE_LOOP ( 'NONE', ( #2849, #3822 ) ) ;
#3516 = ORIENTED_EDGE ( 'NONE', *, *, #856, .F. ) ;
#3517 = EDGE_CURVE ( 'NONE', #2209, #1977, #1392, .T. ) ;
#3518 = FACE_OUTER_BOUND ( 'NONE', #1041, .T. ) ;
#3519 = EDGE_CURVE ( 'NONE', #3701, #2083, #1336, .T. ) ;
#3520 = CARTESIAN_POINT ( 'NONE',  ( 19.55000000000003979, -65.70000000000004547, -11.44999999999992824 ) ) ;
#3521 = CARTESIAN_POINT ( 'NONE',  ( 64.09676041556579662, -75.86000000000005627, -27.49999999999995737 ) ) ;
#3522 = CYLINDRICAL_SURFACE ( 'NONE', #2552, 3.549999999999998046 ) ;
#3523 = ORIENTED_EDGE ( 'NONE', *, *, #284, .F. ) ;
#3524 = PLANE ( 'NONE',  #77 ) ;
#3525 = LINE ( 'NONE', #2746, #1131 ) ;
#3526 = VERTEX_POINT ( 'NONE', #3196 ) ;
#3527 = CARTESIAN_POINT ( 'NONE',  ( -2.610287666324261124, 13.85705393449289780, 2.299999999999999822 ) ) ;
#3528 = ORIENTED_EDGE ( 'NONE', *, *, #3146, .T. ) ;
#3529 = LINE ( 'NONE', #1801, #389 ) ;
#3530 = FACE_OUTER_BOUND ( 'NONE', #176, .T. ) ;
#3531 = DIRECTION ( 'NONE',  ( -1.000000000000000000, 0.000000000000000000, -0.000000000000000000 ) ) ;
#3532 = VERTEX_POINT ( 'NONE', #501 ) ;
#3533 = EDGE_LOOP ( 'NONE', ( #2704, #1222, #3237, #117, #538, #2319, #232 ) ) ;
#3534 = CARTESIAN_POINT ( 'NONE',  ( 0.000000000000000000, -55.70000000000010232, -47.54999999999993321 ) ) ;
#3535 = ORIENTED_EDGE ( 'NONE', *, *, #1786, .T. ) ;
#3536 = ADVANCED_FACE ( 'NONE', ( #524 ), #800, .F. ) ;
#3537 = CARTESIAN_POINT ( 'NONE',  ( -10.99999999999999289, -42.00000000000010658, -32.50000000000004263 ) ) ;
#3538 = DIRECTION ( 'NONE',  ( -0.000000000000000000, 0.000000000000000000, 1.000000000000000000 ) ) ;
#3539 = EDGE_CURVE ( 'NONE', #1185, #3604, #175, .T. ) ;
#3540 = DIRECTION ( 'NONE',  ( -0.000000000000000000, 1.000000000000000000, -0.000000000000000000 ) ) ;
#3541 = EDGE_CURVE ( 'NONE', #623, #3219, #3500, .T. ) ;
#3542 = VERTEX_POINT ( 'NONE', #2575 ) ;
#3543 = PLANE ( 'NONE',  #1695 ) ;
#3544 = DIRECTION ( 'NONE',  ( -0.000000000000000000, -0.000000000000000000, 1.000000000000000000 ) ) ;
#3545 = ORIENTED_EDGE ( 'NONE', *, *, #3261, .T. ) ;
#3546 = CARTESIAN_POINT ( 'NONE',  ( 6.624999999999554134, 11.47483660014416174, 2.299999999999999822 ) ) ;
#3547 = EDGE_CURVE ( 'NONE', #1866, #3144, #3708, .T. ) ;
#3548 = CIRCLE ( 'NONE', #2120, 1.900000000000000577 ) ;
#3549 = ORIENTED_EDGE ( 'NONE', *, *, #303, .T. ) ;
#3550 = AXIS2_PLACEMENT_3D ( 'NONE', #1408, #2587, #3775 ) ;
#3551 = DIRECTION ( 'NONE',  ( -0.000000000000000000, -0.000000000000000000, 1.000000000000000000 ) ) ;
#3552 = DIRECTION ( 'NONE',  ( -0.000000000000000000, -0.000000000000000000, 1.000000000000000000 ) ) ;
#3553 = DIRECTION ( 'NONE',  ( -2.179757247300610522E-15, 1.000000000000000000, 0.000000000000000000 ) ) ;
#3554 = ORIENTED_EDGE ( 'NONE', *, *, #832, .F. ) ;
#3555 = ORIENTED_EDGE ( 'NONE', *, *, #1955, .T. ) ;
#3556 = AXIS2_PLACEMENT_3D ( 'NONE', #3845, #2052, #2404 ) ;
#3557 = VECTOR ( 'NONE', #956, 1000.000000000000000 ) ;
#3558 = DIRECTION ( 'NONE',  ( -0.9392839235729935066, -0.3431409490534798046, 0.000000000000000000 ) ) ;
#3559 = VECTOR ( 'NONE', #308, 1000.000000000000000 ) ;
#3560 = VECTOR ( 'NONE', #2977, 1000.000000000000000 ) ;
#3561 = CIRCLE ( 'NONE', #1329, 1.899999999999998135 ) ;
#3562 = CIRCLE ( 'NONE', #2001, 1.899999999999999689 ) ;
#3563 = VECTOR ( 'NONE', #2606, 1000.000000000000000 ) ;
#3564 = CARTESIAN_POINT ( 'NONE',  ( -10.99999999999999645, -37.99999999999999289, -57.29999999999990479 ) ) ;
#3565 = DIRECTION ( 'NONE',  ( -1.105799825323826193E-15, -1.000000000000000000, 0.000000000000000000 ) ) ;
#3566 = CARTESIAN_POINT ( 'NONE',  ( 0.000000000000000000, -46.44999999999999574, -37.54999999999993321 ) ) ;
#3567 = AXIS2_PLACEMENT_3D ( 'NONE', #3764, #3481, #1355 ) ;
#3568 = AXIS2_PLACEMENT_3D ( 'NONE', #2528, #1324, #407 ) ;
#3569 = ORIENTED_EDGE ( 'NONE', *, *, #1342, .T. ) ;
#3570 = EDGE_CURVE ( 'NONE', #3124, #611, #2229, .T. ) ;
#3571 = EDGE_CURVE ( 'NONE', #3322, #2917, #960, .T. ) ;
#3572 = CARTESIAN_POINT ( 'NONE',  ( 12.45000000000004370, -65.70000000000004547, -42.79999999999993321 ) ) ;
#3573 = ORIENTED_EDGE ( 'NONE', *, *, #1973, .F. ) ;
#3574 = CARTESIAN_POINT ( 'NONE',  ( 16.00000000000004263, -65.70000000000004547, -38.54999999999994031 ) ) ;
#3575 = ORIENTED_EDGE ( 'NONE', *, *, #2950, .T. ) ;
#3576 = EDGE_CURVE ( 'NONE', #2667, #2271, #580, .T. ) ;
#3577 = FACE_OUTER_BOUND ( 'NONE', #3213, .T. ) ;
#3578 = DIRECTION ( 'NONE',  ( -0.000000000000000000, -0.000000000000000000, 1.000000000000000000 ) ) ;
#3579 = CARTESIAN_POINT ( 'NONE',  ( 23.60000000000000853, -75.86000000000002785, -27.49999999999995737 ) ) ;
#3580 = ORIENTED_EDGE ( 'NONE', *, *, #2836, .T. ) ;
#3581 = VERTEX_POINT ( 'NONE', #3467 ) ;
#3582 = CYLINDRICAL_SURFACE ( 'NONE', #2758, 1.899999999999999023 ) ;
#3583 = CARTESIAN_POINT ( 'NONE',  ( -19.00000000000000000, -36.00000000000000000, -57.29999999999990479 ) ) ;
#3584 = CARTESIAN_POINT ( 'NONE',  ( -13.30570456204282870, -4.667951537024481290, 0.000000000000000000 ) ) ;
#3585 = LINE ( 'NONE', #348, #1508 ) ;
#3586 = DIRECTION ( 'NONE',  ( -0.000000000000000000, 1.000000000000000000, -0.000000000000000000 ) ) ;
#3587 = DIRECTION ( 'NONE',  ( 0.000000000000000000, -0.000000000000000000, -1.000000000000000000 ) ) ;
#3588 = ORIENTED_EDGE ( 'NONE', *, *, #2221, .F. ) ;
#3589 = DIRECTION ( 'NONE',  ( 0.000000000000000000, 1.387778780781445478E-15, -1.000000000000000000 ) ) ;
#3590 = ORIENTED_EDGE ( 'NONE', *, *, #2450, .T. ) ;
#3591 = EDGE_CURVE ( 'NONE', #2035, #191, #2698, .T. ) ;
#3592 = DIRECTION ( 'NONE',  ( -0.000000000000000000, -0.000000000000000000, 1.000000000000000000 ) ) ;
#3593 = DIRECTION ( 'NONE',  ( -1.000000000000000000, 0.000000000000000000, 2.515402503830336267E-16 ) ) ;
#3594 = CARTESIAN_POINT ( 'NONE',  ( 19.00000000000000355, -36.00000000000000000, 2.299999999999999822 ) ) ;
#3595 = EDGE_LOOP ( 'NONE', ( #1480, #1615, #2740, #317 ) ) ;
#3596 = EDGE_CURVE ( 'NONE', #1929, #3482, #2843, .T. ) ;
#3597 = ORIENTED_EDGE ( 'NONE', *, *, #1601, .F. ) ;
#3598 = LINE ( 'NONE', #2392, #3320 ) ;
#3599 = CARTESIAN_POINT ( 'NONE',  ( -14.09999999999999076, -31.00000000000000355, -52.04999999999991189 ) ) ;
#3600 = ORIENTED_EDGE ( 'NONE', *, *, #1107, .T. ) ;
#3601 = DIRECTION ( 'NONE',  ( -3.435095992033292808E-16, 1.000000000000000000, -2.290063994688861872E-16 ) ) ;
#3602 = DIRECTION ( 'NONE',  ( -0.000000000000000000, -0.000000000000000000, 1.000000000000000000 ) ) ;
#3603 = DIRECTION ( 'NONE',  ( 0.000000000000000000, 0.000000000000000000, -1.000000000000000000 ) ) ;
#3604 = VERTEX_POINT ( 'NONE', #2265 ) ;
#3605 = CARTESIAN_POINT ( 'NONE',  ( -13.30570456204346108, 4.667951537024054076, -42.93251095273883777 ) ) ;
#3606 = ORIENTED_EDGE ( 'NONE', *, *, #1001, .F. ) ;
#3607 = LINE ( 'NONE', #2128, #1025 ) ;
#3608 = ORIENTED_EDGE ( 'NONE', *, *, #614, .T. ) ;
#3609 = LINE ( 'NONE', #3029, #1264 ) ;
#3610 = FACE_BOUND ( 'NONE', #156, .T. ) ;
#3611 = CARTESIAN_POINT ( 'NONE',  ( -10.99999999999999289, -42.00000000000010658, -29.74999999999943157 ) ) ;
#3612 = EDGE_LOOP ( 'NONE', ( #552, #1095 ) ) ;
#3613 = VECTOR ( 'NONE', #1472, 1000.000000000000000 ) ;
#3614 = ADVANCED_FACE ( 'NONE', ( #3454 ), #786, .F. ) ;
#3615 = EDGE_CURVE ( 'NONE', #548, #1772, #3696, .T. ) ;
#3616 = DIRECTION ( 'NONE',  ( -1.000000000000000000, 0.000000000000000000, 0.000000000000000000 ) ) ;
#3617 = DIRECTION ( 'NONE',  ( 1.297798111703346826E-16, -0.000000000000000000, -1.000000000000000000 ) ) ;
#3618 = ORIENTED_EDGE ( 'NONE', *, *, #1600, .F. ) ;
#3619 = AXIS2_PLACEMENT_3D ( 'NONE', #3521, #3854, #3565 ) ;
#3620 = PRODUCT_DEFINITION_SHAPE ( 'NONE', 'NONE',  #3074 ) ;
#3621 = EDGE_CURVE ( 'NONE', #3665, #1721, #902, .T. ) ;
#3622 = CARTESIAN_POINT ( 'NONE',  ( -1.999999999999992673, -42.00000000000010658, -25.25000000000065370 ) ) ;
#3623 = AXIS2_PLACEMENT_3D ( 'NONE', #220, #1418, #3133 ) ;
#3624 = DIRECTION ( 'NONE',  ( -0.000000000000000000, -0.000000000000000000, -1.000000000000000000 ) ) ;
#3625 = DIRECTION ( 'NONE',  ( -2.515402503830336267E-16, 8.050361205584444418E-17, -1.000000000000000000 ) ) ;
#3626 = CARTESIAN_POINT ( 'NONE',  ( 26.59999999999987352, -86.00000000000000000, -17.44999999999992468 ) ) ;
#3627 = ORIENTED_EDGE ( 'NONE', *, *, #1503, .F. ) ;
#3628 = CIRCLE ( 'NONE', #393, 1.899999999999999023 ) ;
#3629 = LINE ( 'NONE', #1591, #3119 ) ;
#3630 = ORIENTED_EDGE ( 'NONE', *, *, #1125, .T. ) ;
#3631 = VECTOR ( 'NONE', #190, 1000.000000000000000 ) ;
#3632 = AXIS2_PLACEMENT_3D ( 'NONE', #2897, #479, #2854 ) ;
#3633 = DIRECTION ( 'NONE',  ( 0.000000000000000000, -0.7071067811865515695, 0.7071067811865435759 ) ) ;
#3634 = ORIENTED_EDGE ( 'NONE', *, *, #2348, .T. ) ;
#3635 = DIRECTION ( 'NONE',  ( 1.000000000000000000, 0.000000000000000000, 0.000000000000000000 ) ) ;
#3636 = CARTESIAN_POINT ( 'NONE',  ( -7.899999999999987033, -65.70000000000004547, -16.44999999999992824 ) ) ;
#3637 = LINE ( 'NONE', #123, #576 ) ;
#3638 = VERTEX_POINT ( 'NONE', #3818 ) ;
#3639 = DIRECTION ( 'NONE',  ( 1.000000000000000000, -0.000000000000000000, 0.000000000000000000 ) ) ;
#3640 = CARTESIAN_POINT ( 'NONE',  ( 13.30570456204474183, -4.667951537023347974, 0.000000000000000000 ) ) ;
#3641 = ORIENTED_EDGE ( 'NONE', *, *, #3255, .F. ) ;
#3642 = EDGE_CURVE ( 'NONE', #3109, #311, #3793, .T. ) ;
#3643 = DIRECTION ( 'NONE',  ( 1.000000000000000000, 0.000000000000000000, 0.000000000000000000 ) ) ;
#3644 = CARTESIAN_POINT ( 'NONE',  ( 13.30570456204409702, 4.667951537025174069, -42.93251095273883777 ) ) ;
#3645 = CARTESIAN_POINT ( 'NONE',  ( 3.864579600900049261, 6.693648218653777349, 2.299999999999999822 ) ) ;
#3646 = LINE ( 'NONE', #1232, #1746 ) ;
#3647 = EDGE_CURVE ( 'NONE', #744, #1251, #2687, .T. ) ;
#3648 = LINE ( 'NONE', #1002, #2744 ) ;
#3649 = EDGE_LOOP ( 'NONE', ( #1256, #620, #871, #841 ) ) ;
#3650 = DIRECTION ( 'NONE',  ( 0.000000000000000000, 0.000000000000000000, 1.000000000000000000 ) ) ;
#3651 = EDGE_LOOP ( 'NONE', ( #1966, #352, #3428, #3432 ) ) ;
#3652 = CARTESIAN_POINT ( 'NONE',  ( -10.99999999999999645, -45.94999999999999574, 2.299999999999999822 ) ) ;
#3653 = FACE_BOUND ( 'NONE', #1198, .T. ) ;
#3654 = DIRECTION ( 'NONE',  ( 1.000000000000000000, 0.000000000000000000, 0.000000000000000000 ) ) ;
#3655 = ORIENTED_EDGE ( 'NONE', *, *, #1909, .F. ) ;
#3656 = DIRECTION ( 'NONE',  ( 0.000000000000000000, 0.000000000000000000, -1.000000000000000000 ) ) ;
#3657 = DIRECTION ( 'NONE',  ( 0.000000000000000000, -1.000000000000000000, 0.000000000000000000 ) ) ;
#3658 = ORIENTED_EDGE ( 'NONE', *, *, #2348, .F. ) ;
#3659 = CARTESIAN_POINT ( 'NONE',  ( 17.90000000000004121, -65.70000000000004547, -12.19999999999993001 ) ) ;
#3660 = CARTESIAN_POINT ( 'NONE',  ( -10.99999999999999645, -45.94999999999999574, 2.299999999999999822 ) ) ;
#3661 = PLANE ( 'NONE',  #3736 ) ;
#3662 = ADVANCED_FACE ( 'NONE', ( #1489 ), #269, .F. ) ;
#3663 = EDGE_CURVE ( 'NONE', #2271, #1078, #621, .T. ) ;
#3664 = CARTESIAN_POINT ( 'NONE',  ( -10.99999999999999645, -75.70000000000004547, -11.44999999999992824 ) ) ;
#3665 = VERTEX_POINT ( 'NONE', #879 ) ;
#3666 = LINE ( 'NONE', #1857, #1699 ) ;
#3667 = ORIENTED_EDGE ( 'NONE', *, *, #3232, .T. ) ;
#3668 = CARTESIAN_POINT ( 'NONE',  ( 11.00000000000000533, -50.70000000000005969, -11.44999999999992824 ) ) ;
#3669 = DIRECTION ( 'NONE',  ( -1.000000000000000000, 6.661338147750937270E-16, -3.295264136390018418E-17 ) ) ;
#3670 = CARTESIAN_POINT ( 'NONE',  ( -9.549999999999984723, -65.70000000000004547, -12.19999999999993001 ) ) ;
#3671 = ORIENTED_EDGE ( 'NONE', *, *, #3102, .T. ) ;
#3672 = DIRECTION ( 'NONE',  ( -0.7668107407454598512, -0.6418732646538558573, 0.000000000000000000 ) ) ;
#3673 = ORIENTED_EDGE ( 'NONE', *, *, #2038, .F. ) ;
#3674 = AXIS2_PLACEMENT_3D ( 'NONE', #1531, #2709, #37 ) ;
#3675 = CARTESIAN_POINT ( 'NONE',  ( 0.000000000000000000, 0.000000000000000000, 2.299999999999999822 ) ) ;
#3676 = LINE ( 'NONE', #551, #2622 ) ;
#3677 = CARTESIAN_POINT ( 'NONE',  ( -1.999999999999993117, -42.00000000000010658, -32.50000000000004263 ) ) ;
#3678 = AXIS2_PLACEMENT_3D ( 'NONE', #933, #67, #2452 ) ;
#3679 = DIRECTION ( 'NONE',  ( 1.000000000000000000, 0.000000000000000000, 0.000000000000000000 ) ) ;
#3680 = ORIENTED_EDGE ( 'NONE', *, *, #613, .F. ) ;
#3681 = AXIS2_PLACEMENT_3D ( 'NONE', #1672, #182, #911 ) ;
#3682 = VECTOR ( 'NONE', #1351, 1000.000000000000000 ) ;
#3683 = AXIS2_PLACEMENT_3D ( 'NONE', #215, #1413, #177 ) ;
#3684 = LINE ( 'NONE', #3372, #3240 ) ;
#3685 = ORIENTED_EDGE ( 'NONE', *, *, #560, .T. ) ;
#3686 = DIRECTION ( 'NONE',  ( 1.000000000000000000, 0.000000000000000000, 0.000000000000000000 ) ) ;
#3687 = VECTOR ( 'NONE', #995, 1000.000000000000000 ) ;
#3688 = ORIENTED_EDGE ( 'NONE', *, *, #2660, .T. ) ;
#3689 = EDGE_CURVE ( 'NONE', #2230, #873, #3300, .T. ) ;
#3690 = DIRECTION ( 'NONE',  ( -1.000000000000000000, 0.000000000000000000, 0.000000000000000000 ) ) ;
#3691 = VECTOR ( 'NONE', #40, 1000.000000000000000 ) ;
#3692 = AXIS2_PLACEMENT_3D ( 'NONE', #65, #1039, #3656 ) ;
#3693 = DIRECTION ( 'NONE',  ( -2.515402503830336267E-16, 8.050361205584444418E-17, -1.000000000000000000 ) ) ;
#3694 = DIRECTION ( 'NONE',  ( -0.000000000000000000, -0.000000000000000000, -1.000000000000000000 ) ) ;
#3695 = ORIENTED_EDGE ( 'NONE', *, *, #2605, .T. ) ;
#3696 = CIRCLE ( 'NONE', #2513, 1.899999999999999023 ) ;
#3697 = CIRCLE ( 'NONE', #1383, 1.900000000000007683 ) ;
#3698 = EDGE_CURVE ( 'NONE', #3106, #189, #585, .T. ) ;
#3699 = CARTESIAN_POINT ( 'NONE',  ( 10.55000000000001137, -31.00000000000000355, -56.54999999999991189 ) ) ;
#3700 = VERTEX_POINT ( 'NONE', #19 ) ;
#3701 = VERTEX_POINT ( 'NONE', #2941 ) ;
#3702 = CARTESIAN_POINT ( 'NONE',  ( -5.999999999999988454, -65.70000000000004547, -42.79999999999993321 ) ) ;
#3703 = LINE ( 'NONE', #533, #1637 ) ;
#3704 = CARTESIAN_POINT ( 'NONE',  ( -10.69541689571855159, -9.189102397468486672, -42.93251095273883777 ) ) ;
#3705 = ORIENTED_EDGE ( 'NONE', *, *, #166, .T. ) ;
#3706 = DIRECTION ( 'NONE',  ( -2.515402503830336267E-16, 8.050361205584444418E-17, -1.000000000000000000 ) ) ;
#3707 = EDGE_LOOP ( 'NONE', ( #97, #2218, #2808, #2090 ) ) ;
#3708 = LINE ( 'NONE', #3122, #1826 ) ;
#3709 = EDGE_LOOP ( 'NONE', ( #1047, #47 ) ) ;
#3710 = PLANE ( 'NONE',  #2998 ) ;
#3711 = DIRECTION ( 'NONE',  ( -0.000000000000000000, -0.000000000000000000, 1.000000000000000000 ) ) ;
#3712 = DIRECTION ( 'NONE',  ( 1.000000000000000000, 0.000000000000000000, 0.000000000000000000 ) ) ;
#3713 = EDGE_CURVE ( 'NONE', #408, #2082, #3426, .T. ) ;
#3714 = ORIENTED_EDGE ( 'NONE', *, *, #3496, .T. ) ;
#3715 = PLANE ( 'NONE',  #2572 ) ;
#3716 = ADVANCED_FACE ( 'NONE', ( #2104 ), #2025, .T. ) ;
#3717 = EDGE_CURVE ( 'NONE', #2642, #3761, #2860, .T. ) ;
#3718 = ORIENTED_EDGE ( 'NONE', *, *, #521, .F. ) ;
#3719 = CARTESIAN_POINT ( 'NONE',  ( -15.99999999999999645, -32.99999999999999289, 2.299999999999999822 ) ) ;
#3720 = EDGE_CURVE ( 'NONE', #2730, #1254, #2979, .T. ) ;
#3721 = CYLINDRICAL_SURFACE ( 'NONE', #388, 1.899999999999998135 ) ;
#3722 = ORIENTED_EDGE ( 'NONE', *, *, #613, .T. ) ;
#3723 = DIRECTION ( 'NONE',  ( 1.000000000000000000, 0.000000000000000000, 0.000000000000000000 ) ) ;
#3724 = ORIENTED_EDGE ( 'NONE', *, *, #3051, .F. ) ;
#3725 = DIRECTION ( 'NONE',  ( -0.000000000000000000, -0.000000000000000000, 1.000000000000000000 ) ) ;
#3726 = ORIENTED_EDGE ( 'NONE', *, *, #1687, .T. ) ;
#3727 = DIRECTION ( 'NONE',  ( -1.000000000000000000, 0.000000000000000000, 2.515402503830336267E-16 ) ) ;
#3728 = LINE ( 'NONE', #1962, #2883 ) ;
#3729 = DIRECTION ( 'NONE',  ( 0.000000000000000000, 0.000000000000000000, 1.000000000000000000 ) ) ;
#3730 = ORIENTED_EDGE ( 'NONE', *, *, #2166, .F. ) ;
#3731 = CYLINDRICAL_SURFACE ( 'NONE', #517, 1.899999999999999023 ) ;
#3732 = EDGE_LOOP ( 'NONE', ( #3724, #2273, #825, #957 ) ) ;
#3733 = EDGE_CURVE ( 'NONE', #782, #2170, #2802, .T. ) ;
#3734 = ADVANCED_FACE ( 'NONE', ( #1135 ), #3522, .F. ) ;
#3735 = DIRECTION ( 'NONE',  ( -2.515402503830336267E-16, 8.050361205584444418E-17, -1.000000000000000000 ) ) ;
#3736 = AXIS2_PLACEMENT_3D ( 'NONE', #964, #998, #2179 ) ;
#3737 = ORIENTED_EDGE ( 'NONE', *, *, #2577, .T. ) ;
#3738 = ADVANCED_FACE ( 'NONE', ( #1733 ), #2916, .T. ) ;
#3739 = VECTOR ( 'NONE', #2028, 1000.000000000000000 ) ;
#3740 = CARTESIAN_POINT ( 'NONE',  ( -6.437988490444115863E-15, -41.05000000000000426, -56.54999999999990479 ) ) ;
#3741 = ORIENTED_EDGE ( 'NONE', *, *, #48, .T. ) ;
#3742 = DIRECTION ( 'NONE',  ( -0.000000000000000000, -0.000000000000000000, 1.000000000000000000 ) ) ;
#3743 = ORIENTED_EDGE ( 'NONE', *, *, #1192, .T. ) ;
#3744 = CIRCLE ( 'NONE', #881, 1.900000000000009015 ) ;
#3745 = CARTESIAN_POINT ( 'NONE',  ( -1.900000000000015676, -41.05000000000000426, -56.54999999999990479 ) ) ;
#3746 = CARTESIAN_POINT ( 'NONE',  ( 0.000000000000000000, 13.40000000000000036, 2.299999999999999822 ) ) ;
#3747 = VECTOR ( 'NONE', #1832, 1000.000000000000000 ) ;
#3748 = COLOUR_RGB ( '',1.000000000000000000, 0.000000000000000000, 1.000000000000000000 ) ;
#3749 = FACE_OUTER_BOUND ( 'NONE', #2291, .T. ) ;
#3750 = VERTEX_POINT ( 'NONE', #3837 ) ;
#3751 = VECTOR ( 'NONE', #4, 1000.000000000000000 ) ;
#3752 = AXIS2_PLACEMENT_3D ( 'NONE', #1421, #2330, #2305 ) ;
#3753 = CARTESIAN_POINT ( 'NONE',  ( 12.45000000000004370, -65.70000000000004547, -12.19999999999993001 ) ) ;
#3754 = AXIS2_PLACEMENT_3D ( 'NONE', #26, #2399, #624 ) ;
#3755 = AXIS2_PLACEMENT_3D ( 'NONE', #3303, #898, #1807 ) ;
#3756 = ORIENTED_EDGE ( 'NONE', *, *, #2166, .T. ) ;
#3757 = LINE ( 'NONE', #1660, #1332 ) ;
#3758 = EDGE_CURVE ( 'NONE', #3273, #3106, #1175, .T. ) ;
#3759 = SURFACE_STYLE_USAGE ( .BOTH. , #207 ) ;
#3760 = ADVANCED_FACE ( 'NONE', ( #2063, #3251 ), #647, .T. ) ;
#3761 = VERTEX_POINT ( 'NONE', #2768 ) ;
#3762 = CARTESIAN_POINT ( 'NONE',  ( -13.30537989737616122, -22.10368098241526269, -3.199999999999999734 ) ) ;
#3763 = ORIENTED_EDGE ( 'NONE', *, *, #2851, .F. ) ;
#3764 = CARTESIAN_POINT ( 'NONE',  ( 6.624999999999554134, 11.47483660014416174, -3.000000000000000000 ) ) ;
#3765 = EDGE_CURVE ( 'NONE', #1866, #1420, #2208, .T. ) ;
#3766 = ORIENTED_EDGE ( 'NONE', *, *, #541, .F. ) ;
#3767 = CARTESIAN_POINT ( 'NONE',  ( 16.00000000000004263, -65.70000000000004547, -12.19999999999993001 ) ) ;
#3768 = CARTESIAN_POINT ( 'NONE',  ( 13.30570456204474183, -4.667951537023347974, -42.93251095273883777 ) ) ;
#3769 = ORIENTED_EDGE ( 'NONE', *, *, #1381, .F. ) ;
#3770 = CARTESIAN_POINT ( 'NONE',  ( 0.000000000000000000, 0.000000000000000000, 0.000000000000000000 ) ) ;
#3771 = ORIENTED_EDGE ( 'NONE', *, *, #42, .F. ) ;
#3772 = DIRECTION ( 'NONE',  ( -1.000000000000000000, 0.000000000000000000, -1.164243943608584841E-16 ) ) ;
#3773 = ORIENTED_EDGE ( 'NONE', *, *, #987, .T. ) ;
#3774 = DIRECTION ( 'NONE',  ( 1.000000000000000000, 0.000000000000000000, 0.000000000000000000 ) ) ;
#3775 = DIRECTION ( 'NONE',  ( -2.179757247300610522E-15, 1.000000000000000000, 0.000000000000000000 ) ) ;
#3776 = EDGE_LOOP ( 'NONE', ( #518, #1611, #2054, #1062 ) ) ;
#3777 = FACE_BOUND ( 'NONE', #3709, .T. ) ;
#3778 = ORIENTED_EDGE ( 'NONE', *, *, #3226, .T. ) ;
#3779 = EDGE_CURVE ( 'NONE', #2730, #2346, #367, .T. ) ;
#3780 = ADVANCED_FACE ( 'NONE', ( #3350 ), #3661, .T. ) ;
#3781 = CARTESIAN_POINT ( 'NONE',  ( -10.99999999999999112, -55.70000000000005969, -43.54999999999993321 ) ) ;
#3782 = CARTESIAN_POINT ( 'NONE',  ( -14.09999999999999254, -31.00000000000000355, -56.54999999999990479 ) ) ;
#3783 = VERTEX_POINT ( 'NONE', #3368 ) ;
#3784 = DIRECTION ( 'NONE',  ( -0.000000000000000000, -0.000000000000000000, -1.000000000000000000 ) ) ;
#3785 = ORIENTED_EDGE ( 'NONE', *, *, #2236, .F. ) ;
#3786 = ADVANCED_FACE ( 'NONE', ( #1605 ), #1835, .T. ) ;
#3787 = FACE_OUTER_BOUND ( 'NONE', #3343, .T. ) ;
#3788 = CARTESIAN_POINT ( 'NONE',  ( -14.09999999999999076, -31.00000000000000355, -52.04999999999991189 ) ) ;
#3789 = VERTEX_POINT ( 'NONE', #349 ) ;
#3790 = DIRECTION ( 'NONE',  ( -0.000000000000000000, -0.000000000000000000, 1.000000000000000000 ) ) ;
#3791 = DIRECTION ( 'NONE',  ( 0.000000000000000000, 0.000000000000000000, 1.000000000000000000 ) ) ;
#3792 = ORIENTED_EDGE ( 'NONE', *, *, #932, .T. ) ;
#3793 = LINE ( 'NONE', #1778, #835 ) ;
#3794 = ORIENTED_EDGE ( 'NONE', *, *, #1342, .F. ) ;
#3795 = AXIS2_PLACEMENT_3D ( 'NONE', #2784, #1564, #681 ) ;
#3796 = VECTOR ( 'NONE', #1872, 1000.000000000000000 ) ;
#3797 = CARTESIAN_POINT ( 'NONE',  ( 8.524999999999554490, 11.47483660014416174, -3.000000000000000000 ) ) ;
#3798 = FACE_OUTER_BOUND ( 'NONE', #2777, .T. ) ;
#3799 = ORIENTED_EDGE ( 'NONE', *, *, #856, .T. ) ;
#3800 = DIRECTION ( 'NONE',  ( -0.7668107407454598512, -0.6418732646538558573, 0.000000000000000000 ) ) ;
#3801 = VECTOR ( 'NONE', #2178, 1000.000000000000000 ) ;
#3802 = ORIENTED_EDGE ( 'NONE', *, *, #2454, .T. ) ;
#3803 = EDGE_CURVE ( 'NONE', #290, #3830, #3646, .T. ) ;
#3804 = AXIS2_PLACEMENT_3D ( 'NONE', #2701, #573, #1496 ) ;
#3805 = CARTESIAN_POINT ( 'NONE',  ( 3.864579600900049261, 6.693648218653777349, 2.299999999999999822 ) ) ;
#3806 = AXIS2_PLACEMENT_3D ( 'NONE', #2121, #645, #3020 ) ;
#3807 = CARTESIAN_POINT ( 'NONE',  ( -11.40537989737615909, -22.10368098241526269, 2.299999999999999822 ) ) ;
#3808 = DIRECTION ( 'NONE',  ( -1.000000000000000000, 0.000000000000000000, 0.000000000000000000 ) ) ;
#3809 = ORIENTED_EDGE ( 'NONE', *, *, #1223, .T. ) ;
#3810 = EDGE_CURVE ( 'NONE', #3442, #1789, #1321, .T. ) ;
#3811 = AXIS2_PLACEMENT_3D ( 'NONE', #3075, #2216, #403 ) ;
#3812 = AXIS2_PLACEMENT_3D ( 'NONE', #1306, #2223, #3113 ) ;
#3813 = CARTESIAN_POINT ( 'NONE',  ( 0.000000000000000000, -86.04999999999999716, -37.54999999999993321 ) ) ;
#3814 = AXIS2_PLACEMENT_3D ( 'NONE', #1065, #3433, #2858 ) ;
#3815 = VECTOR ( 'NONE', #1967, 1000.000000000000000 ) ;
#3816 = CARTESIAN_POINT ( 'NONE',  ( 2.610287666325547207, -13.85705393449218903, -42.93251095273883777 ) ) ;
#3817 = ORIENTED_EDGE ( 'NONE', *, *, #1274, .F. ) ;
#3818 = CARTESIAN_POINT ( 'NONE',  ( 11.40537989737616265, -22.10368098241526269, 2.299999999999999822 ) ) ;
#3819 = ORIENTED_EDGE ( 'NONE', *, *, #181, .F. ) ;
#3820 = DIRECTION ( 'NONE',  ( 1.000000000000000000, 0.000000000000000000, 0.000000000000000000 ) ) ;
#3821 = DIRECTION ( 'NONE',  ( -0.9850142137072597226, -0.1724731828275601064, 0.000000000000000000 ) ) ;
#3822 = ORIENTED_EDGE ( 'NONE', *, *, #112, .T. ) ;
#3823 = DIRECTION ( 'NONE',  ( 0.7668107407454776148, -0.6418732646538348741, 0.000000000000000000 ) ) ;
#3824 = ORIENTED_EDGE ( 'NONE', *, *, #1625, .T. ) ;
#3825 = DIRECTION ( 'NONE',  ( -0.000000000000000000, -0.000000000000000000, -1.000000000000000000 ) ) ;
#3826 = EDGE_CURVE ( 'NONE', #3442, #1800, #113, .T. ) ;
#3827 = CARTESIAN_POINT ( 'NONE',  ( 63.50105881034023980, -55.70000000000013785, -3.130264296442981412E-14 ) ) ;
#3828 = DIRECTION ( 'NONE',  ( -1.000000000000000000, 0.000000000000000000, 2.515402503830336267E-16 ) ) ;
#3829 = ORIENTED_EDGE ( 'NONE', *, *, #214, .F. ) ;
#3830 = VERTEX_POINT ( 'NONE', #2491 ) ;
#3831 = EDGE_CURVE ( 'NONE', #189, #1548, #1130, .T. ) ;
#3832 = EDGE_CURVE ( 'NONE', #2838, #3360, #3548, .T. ) ;
#3833 = PLANE ( 'NONE',  #2820 ) ;
#3834 = ADVANCED_FACE ( 'NONE', ( #2163 ), #331, .F. ) ;
#3835 = DIRECTION ( 'NONE',  ( -0.000000000000000000, 0.000000000000000000, 1.000000000000000000 ) ) ;
#3836 = DIRECTION ( 'NONE',  ( -1.000000000000000000, 0.000000000000000000, -1.164243943608584841E-16 ) ) ;
#3837 = CARTESIAN_POINT ( 'NONE',  ( 3.549999999999991385, -41.05000000000000426, -56.54999999999990479 ) ) ;
#3838 = VERTEX_POINT ( 'NONE', #3022 ) ;
#3839 = FACE_BOUND ( 'NONE', #1399, .T. ) ;
#3840 = CARTESIAN_POINT ( 'NONE',  ( -2.610287666324261124, 13.85705393449289780, -42.93251095273883777 ) ) ;
#3841 = ORIENTED_EDGE ( 'NONE', *, *, #3096, .T. ) ;
#3842 = DIRECTION ( 'NONE',  ( -2.515402503830336267E-16, 8.050361205584444418E-17, -1.000000000000000000 ) ) ;
#3843 = ORIENTED_EDGE ( 'NONE', *, *, #3717, .T. ) ;
#3844 = CYLINDRICAL_SURFACE ( 'NONE', #3440, 3.549999999999998490 ) ;
#3845 = CARTESIAN_POINT ( 'NONE',  ( 6.624999999999554134, 11.47483660014416174, -3.000000000000000000 ) ) ;
#3846 = CARTESIAN_POINT ( 'NONE',  ( -12.99999999999998401, -36.00000000000000000, -1.513517126691171165E-15 ) ) ;
#3847 = ORIENTED_EDGE ( 'NONE', *, *, #1809, .F. ) ;
#3848 = ORIENTED_EDGE ( 'NONE', *, *, #794, .T. ) ;
#3849 = DIRECTION ( 'NONE',  ( 0.7071067811865526798, 0.7071067811865424657, 5.729783720867768998E-16 ) ) ;
#3850 = ORIENTED_EDGE ( 'NONE', *, *, #3390, .T. ) ;
#3851 = EDGE_CURVE ( 'NONE', #1078, #2796, #1252, .T. ) ;
#3852 = EDGE_CURVE ( 'NONE', #974, #3322, #54, .T. ) ;
#3853 = DIRECTION ( 'NONE',  ( 0.9850142137072689374, -0.1724731828275076206, 0.000000000000000000 ) ) ;
#3854 = DIRECTION ( 'NONE',  ( -1.000000000000000000, 6.661338147750937270E-16, -3.295264136390018418E-17 ) ) ;
#3855 = CARTESIAN_POINT ( 'NONE',  ( -10.69541689571855159, -9.189102397468486672, 2.299999999999999822 ) ) ;
#3856 = VERTEX_POINT ( 'NONE', #392 ) ;
#3857 = ADVANCED_FACE ( 'NONE', ( #3314, #1250 ), #2432, .T. ) ;
#3858 = DIRECTION ( 'NONE',  ( -0.000000000000000000, -0.000000000000000000, 1.000000000000000000 ) ) ;
#3859 = VERTEX_POINT ( 'NONE', #3334 ) ;
#3860 = CARTESIAN_POINT ( 'NONE',  ( 19.00000000000000000, 0.000000000000000000, 2.299999999999999822 ) ) ;
#3861 = AXIS2_PLACEMENT_3D ( 'NONE', #2960, #2087, #1217 ) ;
#3862 = EDGE_LOOP ( 'NONE', ( #1037, #3477, #2391, #1584 ) ) ;
#3863 = CIRCLE ( 'NONE', #3364, 3.549999999999997602 ) ;
ENDSEC;
END-ISO-10303-21;
