ISO-10303-21;
HEADER;
FILE_DESCRIPTION (( 'STEP AP214' ),
    '1' );
FILE_NAME ('009_005_Up_down_connector.STEP',
    '2024-07-21T08:25:31',
    ( '' ),
    ( '' ),
    'SwSTEP 2.0',
    'SolidWorks 2019',
    '' );
FILE_SCHEMA (( 'AUTOMOTIVE_DESIGN' ));
ENDSEC;

DATA;
#1 = DIRECTION ( 'NONE',  ( -0.000000000000000000, -0.000000000000000000, 1.000000000000000000 ) ) ;
#2 = VERTEX_POINT ( 'NONE', #27 ) ;
#3 = DIRECTION ( 'NONE',  ( -0.000000000000000000, -0.000000000000000000, 1.000000000000000000 ) ) ;
#4 = CIRCLE ( 'NONE', #1842, 1.899999999999950395 ) ;
#5 = CARTESIAN_POINT ( 'NONE',  ( -19.00000000000000000, 0.000000000000000000, -59.63920903402518547 ) ) ;
#6 = ORIENTED_EDGE ( 'NONE', *, *, #965, .F. ) ;
#7 = ORIENTED_EDGE ( 'NONE', *, *, #2458, .F. ) ;
#8 = CARTESIAN_POINT ( 'NONE',  ( -12.02488011229008436, -20.70000000000000995, -3.000000000000000000 ) ) ;
#9 = DIRECTION ( 'NONE',  ( -0.7668107407455123647, 0.6418732646537933517, 0.000000000000000000 ) ) ;
#10 = DIRECTION ( 'NONE',  ( 0.000000000000000000, 0.000000000000000000, 1.000000000000000000 ) ) ;
#11 = CARTESIAN_POINT ( 'NONE',  ( -13.40000000000025970, -39.69999999999999574, -26.29999999999962768 ) ) ;
#12 = CARTESIAN_POINT ( 'NONE',  ( 6.123233995736769241E-16, -45.00000000000000000, -31.30000000000002203 ) ) ;
#13 = EDGE_CURVE ( 'NONE', #3211, #2875, #2543, .T. ) ;
#14 = VERTEX_POINT ( 'NONE', #2285 ) ;
#15 = CARTESIAN_POINT ( 'NONE',  ( 6.624999999999544364, 11.47483660014415641, -3.000000000000000000 ) ) ;
#16 = LINE ( 'NONE', #1923, #2368 ) ;
#17 = ORIENTED_EDGE ( 'NONE', *, *, #1752, .T. ) ;
#18 = CARTESIAN_POINT ( 'NONE',  ( -9.189102397468476013, -84.93251095273978990, -15.60458310427979001 ) ) ;
#19 = CARTESIAN_POINT ( 'NONE',  ( 13.49999999938163597, -40.45000000000000284, -37.84999999496763223 ) ) ;
#20 = VERTEX_POINT ( 'NONE', #2795 ) ;
#21 = EDGE_CURVE ( 'NONE', #1239, #887, #282, .T. ) ;
#22 = ORIENTED_EDGE ( 'NONE', *, *, #607, .T. ) ;
#23 = CYLINDRICAL_SURFACE ( 'NONE', #2002, 5.000000000000000888 ) ;
#24 = CARTESIAN_POINT ( 'NONE',  ( 9.000000000000001776, -28.84999999999996945, -48.90000000000005542 ) ) ;
#25 = DIRECTION ( 'NONE',  ( 1.000000000000000000, -0.000000000000000000, -1.826024711554533420E-16 ) ) ;
#26 = AXIS2_PLACEMENT_3D ( 'NONE', #3260, #2775, #2195 ) ;
#27 = CARTESIAN_POINT ( 'NONE',  ( -9.189102397468476013, -39.69999999999999574, -15.60458310427979001 ) ) ;
#28 = DIRECTION ( 'NONE',  ( -0.9850142137072711579, 0.000000000000000000, 0.1724731828274941314 ) ) ;
#29 = ORIENTED_EDGE ( 'NONE', *, *, #51, .F. ) ;
#30 = DIRECTION ( 'NONE',  ( 0.000000000000000000, 0.000000000000000000, 1.000000000000000000 ) ) ;
#31 = DIRECTION ( 'NONE',  ( -0.6418732646538171105, 0.000000000000000000, 0.7668107407454923807 ) ) ;
#32 = ORIENTED_EDGE ( 'NONE', *, *, #757, .T. ) ;
#33 = CYLINDRICAL_SURFACE ( 'NONE', #2133, 2.649999999999999467 ) ;
#34 = AXIS2_PLACEMENT_3D ( 'NONE', #2649, #2942, #2693 ) ;
#35 = EDGE_CURVE ( 'NONE', #1018, #2869, #1569, .T. ) ;
#36 = CYLINDRICAL_SURFACE ( 'NONE', #826, 2.650000000000000355 ) ;
#37 = ORIENTED_EDGE ( 'NONE', *, *, #3312, .F. ) ;
#38 = ADVANCED_FACE ( 'NONE', ( #265 ), #1049, .F. ) ;
#39 = ORIENTED_EDGE ( 'NONE', *, *, #1752, .F. ) ;
#40 = CARTESIAN_POINT ( 'NONE',  ( -13.30570456204282870, -4.667951537024482178, -42.93251095273883777 ) ) ;
#41 = LINE ( 'NONE', #2646, #1386 ) ;
#42 = DIRECTION ( 'NONE',  ( -0.000000000000000000, -1.000000000000000000, -0.000000000000000000 ) ) ;
#43 = ORIENTED_EDGE ( 'NONE', *, *, #801, .T. ) ;
#44 = FACE_BOUND ( 'NONE', #1880, .T. ) ;
#45 = DIRECTION ( 'NONE',  ( -0.000000000000000000, -0.000000000000000000, 1.000000000000000000 ) ) ;
#46 = ORIENTED_EDGE ( 'NONE', *, *, #2831, .T. ) ;
#47 = CARTESIAN_POINT ( 'NONE',  ( 9.000000000000001776, -40.84999999999996589, -48.90000000000006253 ) ) ;
#48 = DIRECTION ( 'NONE',  ( -6.065466699219596899E-17, 0.000000000000000000, -1.000000000000000000 ) ) ;
#49 = VECTOR ( 'NONE', #3177, 1000.000000000000000 ) ;
#50 = ORIENTED_EDGE ( 'NONE', *, *, #2104, .T. ) ;
#51 = EDGE_CURVE ( 'NONE', #20, #2526, #2848, .T. ) ;
#52 = AXIS2_PLACEMENT_3D ( 'NONE', #1735, #1448, #447 ) ;
#53 = VERTEX_POINT ( 'NONE', #1315 ) ;
#54 = CARTESIAN_POINT ( 'NONE',  ( 11.60474041071149109, 6.700000000000736478, 0.000000000000000000 ) ) ;
#55 = DIRECTION ( 'NONE',  ( -0.9850142137072687154, 0.1724731828275083145, 0.000000000000000000 ) ) ;
#56 = ADVANCED_FACE ( 'NONE', ( #3083 ), #2099, .F. ) ;
#57 = CIRCLE ( 'NONE', #983, 3.549999999999997602 ) ;
#58 = CARTESIAN_POINT ( 'NONE',  ( -13.50000000061836225, -40.45000000000000284, -21.84999999496763223 ) ) ;
#59 = CIRCLE ( 'NONE', #927, 2.649999999999989253 ) ;
#60 = ADVANCED_FACE ( 'NONE', ( #1264 ), #2302, .F. ) ;
#61 = ORIENTED_EDGE ( 'NONE', *, *, #1083, .F. ) ;
#62 = DIRECTION ( 'NONE',  ( 4.163575784927221169E-17, 1.095473895433933174E-15, -1.000000000000000000 ) ) ;
#63 = EDGE_LOOP ( 'NONE', ( #1455, #1776, #2594, #2512 ) ) ;
#64 = DIRECTION ( 'NONE',  ( 0.000000000000000000, 1.000000000000000000, 0.000000000000000000 ) ) ;
#65 = DIRECTION ( 'NONE',  ( 0.000000000000000000, 1.000000000000000000, 0.000000000000000000 ) ) ;
#66 = AXIS2_PLACEMENT_3D ( 'NONE', #2919, #1625, #3194 ) ;
#67 = ORIENTED_EDGE ( 'NONE', *, *, #884, .T. ) ;
#68 =( GEOMETRIC_REPRESENTATION_CONTEXT ( 3 ) GLOBAL_UNCERTAINTY_ASSIGNED_CONTEXT ( ( #103 ) ) GLOBAL_UNIT_ASSIGNED_CONTEXT ( ( #1484, #2527, #3085 ) ) REPRESENTATION_CONTEXT ( 'NONE', 'WORKASPACE' ) );
#69 = VERTEX_POINT ( 'NONE', #497 ) ;
#70 = CYLINDRICAL_SURFACE ( 'NONE', #700, 1.899999999999999023 ) ;
#71 = ADVANCED_FACE ( 'NONE', ( #1498, #1753, #2865 ), #462, .T. ) ;
#72 = CYLINDRICAL_SURFACE ( 'NONE', #850, 2.749999999999967581 ) ;
#73 = EDGE_CURVE ( 'NONE', #1898, #2398, #1836, .T. ) ;
#74 = PRODUCT_CONTEXT ( 'NONE', #2761, 'mechanical' ) ;
#75 = LINE ( 'NONE', #1876, #1962 ) ;
#76 = CYLINDRICAL_SURFACE ( 'NONE', #843, 1.900000000000025890 ) ;
#77 = ADVANCED_FACE ( 'NONE', ( #2027 ), #516, .F. ) ;
#78 = ORIENTED_EDGE ( 'NONE', *, *, #836, .F. ) ;
#79 = CARTESIAN_POINT ( 'NONE',  ( -6.693648218653362569, -39.69999999999999574, -30.16457960089968537 ) ) ;
#80 = ORIENTED_EDGE ( 'NONE', *, *, #1031, .F. ) ;
#81 = CARTESIAN_POINT ( 'NONE',  ( 2.124423552260767346E-31, -45.00000000000000000, -26.30000000000002203 ) ) ;
#82 = AXIS2_PLACEMENT_3D ( 'NONE', #815, #1591, #1335 ) ;
#83 = CARTESIAN_POINT ( 'NONE',  ( -18.99999999999999645, -45.00000000000000000, 2.299999999999999822 ) ) ;
#84 = AXIS2_PLACEMENT_3D ( 'NONE', #1193, #2776, #1973 ) ;
#85 = EDGE_LOOP ( 'NONE', ( #571, #46, #541, #2173 ) ) ;
#86 = VECTOR ( 'NONE', #1550, 1000.000000000000000 ) ;
#87 = ORIENTED_EDGE ( 'NONE', *, *, #1994, .T. ) ;
#88 = CARTESIAN_POINT ( 'NONE',  ( 2.124423552260767346E-31, -59.14213562373095101, -26.30000000000002203 ) ) ;
#89 = LINE ( 'NONE', #1633, #1122 ) ;
#90 = DIRECTION ( 'NONE',  ( -1.000000000000000000, 0.000000000000000000, 0.000000000000000000 ) ) ;
#91 = DIRECTION ( 'NONE',  ( 1.000000000000000000, -0.000000000000000000, 3.652049423109066841E-16 ) ) ;
#92 = VERTEX_POINT ( 'NONE', #738 ) ;
#93 = DIRECTION ( 'NONE',  ( -0.000000000000000000, 1.000000000000000000, -0.000000000000000000 ) ) ;
#94 = VERTEX_POINT ( 'NONE', #1554 ) ;
#95 = CARTESIAN_POINT ( 'NONE',  ( 11.60474041071213591, -6.699999999998910383, 2.299999999999999822 ) ) ;
#96 = EDGE_CURVE ( 'NONE', #3133, #1421, #1297, .T. ) ;
#97 = DIRECTION ( 'NONE',  ( 0.000000000000000000, 0.000000000000000000, 1.000000000000000000 ) ) ;
#98 = ORIENTED_EDGE ( 'NONE', *, *, #1611, .T. ) ;
#99 = CARTESIAN_POINT ( 'NONE',  ( -13.40000000000025970, -41.99999999999999289, -26.29999999999962768 ) ) ;
#100 = VECTOR ( 'NONE', #326, 1000.000000000000114 ) ;
#101 = CARTESIAN_POINT ( 'NONE',  ( -9.000000000000007105, -28.84999999999996945, -48.90000000000005542 ) ) ;
#102 = VECTOR ( 'NONE', #1607, 1000.000000000000000 ) ;
#103 = UNCERTAINTY_MEASURE_WITH_UNIT (LENGTH_MEASURE( 1.000000000000000082E-05 ), #1484, 'distance_accuracy_value', 'NONE');
#104 = EDGE_CURVE ( 'NONE', #1539, #658, #2810, .T. ) ;
#105 = ORIENTED_EDGE ( 'NONE', *, *, #1325, .F. ) ;
#106 = FACE_OUTER_BOUND ( 'NONE', #2556, .T. ) ;
#107 = DIRECTION ( 'NONE',  ( 1.000000000000000000, 0.000000000000000000, 0.000000000000000000 ) ) ;
#108 = DIRECTION ( 'NONE',  ( 0.3431409490534766404, 0.000000000000000000, 0.9392839235729947278 ) ) ;
#109 = AXIS2_PLACEMENT_3D ( 'NONE', #1767, #787, #1821 ) ;
#110 = ORIENTED_EDGE ( 'NONE', *, *, #35, .T. ) ;
#111 = DIRECTION ( 'NONE',  ( -0.000000000000000000, 1.000000000000000000, -0.000000000000000000 ) ) ;
#112 = EDGE_CURVE ( 'NONE', #2751, #94, #3340, .T. ) ;
#113 = ORIENTED_EDGE ( 'NONE', *, *, #712, .T. ) ;
#114 = CARTESIAN_POINT ( 'NONE',  ( -3.864579600900125200, 6.693648218653342141, 2.299999999999999822 ) ) ;
#115 = LINE ( 'NONE', #2802, #1795 ) ;
#116 = ORIENTED_EDGE ( 'NONE', *, *, #3140, .T. ) ;
#117 = DIRECTION ( 'NONE',  ( 0.000000000000000000, 1.000000000000000000, 0.000000000000000000 ) ) ;
#118 = LINE ( 'NONE', #424, #3254 ) ;
#119 = AXIS2_PLACEMENT_3D ( 'NONE', #1640, #3145, #2685 ) ;
#120 = ADVANCED_FACE ( 'NONE', ( #531 ), #1516, .T. ) ;
#121 = ORIENTED_EDGE ( 'NONE', *, *, #1707, .F. ) ;
#122 = LINE ( 'NONE', #1158, #1059 ) ;
#123 = DIRECTION ( 'NONE',  ( 0.000000000000000000, 1.000000000000000000, 0.000000000000000000 ) ) ;
#124 = CARTESIAN_POINT ( 'NONE',  ( 19.00000000000000355, -32.10000000000002984, -49.90000000000009095 ) ) ;
#125 = DIRECTION ( 'NONE',  ( 0.000000000000000000, 0.000000000000000000, 1.000000000000000000 ) ) ;
#126 = ORIENTED_EDGE ( 'NONE', *, *, #550, .F. ) ;
#127 = DIRECTION ( 'NONE',  ( 0.1724731828275600787, -0.9850142137072596116, 0.000000000000000000 ) ) ;
#128 = CYLINDRICAL_SURFACE ( 'NONE', #3159, 2.649999999999999467 ) ;
#129 = VERTEX_POINT ( 'NONE', #2164 ) ;
#130 =( BOUNDED_CURVE ( )  B_SPLINE_CURVE ( 3, ( #902, #1474, #408, #2952 ),
 .UNSPECIFIED., .F., .T. ) 
 B_SPLINE_CURVE_WITH_KNOTS ( ( 4, 4 ),
 ( 4.712388980384689674, 5.543646511132219956 ),
 .UNSPECIFIED. ) 
 CURVE ( )  GEOMETRIC_REPRESENTATION_ITEM ( )  RATIONAL_B_SPLINE_CURVE ( ( 1.000000000000000000, 0.9432417518335493023, 0.9432417518335493023, 1.000000000000000000 ) ) 
 REPRESENTATION_ITEM ( '' )  );
#131 = DIRECTION ( 'NONE',  ( 0.000000000000000000, 1.000000000000000000, 0.000000000000000000 ) ) ;
#132 = AXIS2_PLACEMENT_3D ( 'NONE', #958, #1731, #123 ) ;
#133 = FACE_OUTER_BOUND ( 'NONE', #2883, .T. ) ;
#134 = CIRCLE ( 'NONE', #846, 1.899999999999999023 ) ;
#135 = ADVANCED_FACE ( 'NONE', ( #875 ), #2692, .F. ) ;
#136 = AXIS2_PLACEMENT_3D ( 'NONE', #226, #529, #734 ) ;
#137 = PRODUCT_DEFINITION_CONTEXT ( 'detailed design', #652, 'design' ) ;
#138 = ORIENTED_EDGE ( 'NONE', *, *, #519, .F. ) ;
#139 = DIRECTION ( 'NONE',  ( -0.000000000000000000, -0.000000000000000000, 1.000000000000000000 ) ) ;
#140 = DIRECTION ( 'NONE',  ( 0.000000000000000000, 0.000000000000000000, 1.000000000000000000 ) ) ;
#141 = LINE ( 'NONE', #3262, #2586 ) ;
#142 = ORIENTED_EDGE ( 'NONE', *, *, #2330, .F. ) ;
#143 = DIRECTION ( 'NONE',  ( -0.000000000000000000, 1.000000000000000000, -0.000000000000000000 ) ) ;
#144 = ORIENTED_EDGE ( 'NONE', *, *, #2193, .F. ) ;
#145 = CARTESIAN_POINT ( 'NONE',  ( 11.40537989737626212, -22.10368098241527690, 2.299999999999999822 ) ) ;
#146 = VERTEX_POINT ( 'NONE', #1907 ) ;
#147 = DIRECTION ( 'NONE',  ( 1.000000000000000000, 8.260587980841938780E-17, 0.000000000000000000 ) ) ;
#148 = VERTEX_POINT ( 'NONE', #2897 ) ;
#149 = CARTESIAN_POINT ( 'NONE',  ( -12.02488011229008436, -20.70000000000000995, -3.000000000000000000 ) ) ;
#150 = PLANE ( 'NONE',  #2393 ) ;
#151 = EDGE_CURVE ( 'NONE', #2842, #1117, #75, .T. ) ;
#152 = ORIENTED_EDGE ( 'NONE', *, *, #1916, .T. ) ;
#153 = CARTESIAN_POINT ( 'NONE',  ( 13.30537989737621274, -22.10368098241527690, 2.299999999999999822 ) ) ;
#154 = DIRECTION ( 'NONE',  ( -0.3431409490534589879, 0.000000000000000000, 0.9392839235730010561 ) ) ;
#155 = EDGE_CURVE ( 'NONE', #2652, #493, #777, .T. ) ;
#156 = LINE ( 'NONE', #2521, #515 ) ;
#157 = CIRCLE ( 'NONE', #2115, 3.549999999999997602 ) ;
#158 = EDGE_CURVE ( 'NONE', #370, #724, #2677, .T. ) ;
#159 = AXIS2_PLACEMENT_3D ( 'NONE', #3322, #739, #28 ) ;
#160 = ORIENTED_EDGE ( 'NONE', *, *, #1195, .T. ) ;
#161 = CARTESIAN_POINT ( 'NONE',  ( -6.693648218653362569, -41.99999999999999289, -30.16457960089968537 ) ) ;
#162 = ORIENTED_EDGE ( 'NONE', *, *, #2794, .F. ) ;
#163 = CARTESIAN_POINT ( 'NONE',  ( 13.49999999938163597, -40.45000000000000284, -30.74999999496763792 ) ) ;
#164 = EDGE_CURVE ( 'NONE', #887, #3284, #2116, .T. ) ;
#165 = ORIENTED_EDGE ( 'NONE', *, *, #1809, .F. ) ;
#166 = AXIS2_PLACEMENT_3D ( 'NONE', #2020, #2858, #3331 ) ;
#167 = LINE ( 'NONE', #1186, #2125 ) ;
#168 = ORIENTED_EDGE ( 'NONE', *, *, #21, .T. ) ;
#169 = VECTOR ( 'NONE', #1778, 1000.000000000000000 ) ;
#170 = DIRECTION ( 'NONE',  ( -0.000000000000000000, -0.000000000000000000, 1.000000000000000000 ) ) ;
#171 = EDGE_LOOP ( 'NONE', ( #2576, #3012, #2931, #2128 ) ) ;
#172 = CARTESIAN_POINT ( 'NONE',  ( 6.624999999999544364, 11.47483660014415641, -8.374011537017832296 ) ) ;
#173 = CARTESIAN_POINT ( 'NONE',  ( -9.000000000000007105, -26.94999999999997087, -48.90000000000005542 ) ) ;
#174 = FACE_BOUND ( 'NONE', #3022, .T. ) ;
#175 = AXIS2_PLACEMENT_3D ( 'NONE', #848, #306, #1576 ) ;
#176 = CIRCLE ( 'NONE', #2080, 1.899999999999999023 ) ;
#177 = ORIENTED_EDGE ( 'NONE', *, *, #2321, .F. ) ;
#178 = LINE ( 'NONE', #1467, #3094 ) ;
#179 = ORIENTED_EDGE ( 'NONE', *, *, #612, .F. ) ;
#180 = DIRECTION ( 'NONE',  ( 0.000000000000000000, 0.000000000000000000, 1.000000000000000000 ) ) ;
#181 = ORIENTED_EDGE ( 'NONE', *, *, #2924, .T. ) ;
#182 = LINE ( 'NONE', #3074, #1090 ) ;
#183 = ORIENTED_EDGE ( 'NONE', *, *, #896, .F. ) ;
#184 = CIRCLE ( 'NONE', #2358, 1.899999999999999023 ) ;
#185 = ORIENTED_EDGE ( 'NONE', *, *, #438, .T. ) ;
#186 = DIRECTION ( 'NONE',  ( 0.000000000000000000, 0.000000000000000000, 1.000000000000000000 ) ) ;
#187 = AXIS2_PLACEMENT_3D ( 'NONE', #3137, #1314, #3119 ) ;
#188 = DIRECTION ( 'NONE',  ( 1.000000000000000000, 8.260587980841938780E-17, 0.000000000000000000 ) ) ;
#189 = EDGE_CURVE ( 'NONE', #1239, #1686, #1345, .T. ) ;
#190 = LINE ( 'NONE', #940, #1977 ) ;
#191 = ADVANCED_FACE ( 'NONE', ( #2913 ), #581, .F. ) ;
#192 = VECTOR ( 'NONE', #3100, 1000.000000000000000 ) ;
#193 = MECHANICAL_DESIGN_GEOMETRIC_PRESENTATION_REPRESENTATION (  '', ( #794 ), #1549 ) ;
#194 = ORIENTED_EDGE ( 'NONE', *, *, #1816, .F. ) ;
#195 = CARTESIAN_POINT ( 'NONE',  ( -9.000000000000007105, -38.94999999999996021, -54.90000000000006963 ) ) ;
#196 = VERTEX_POINT ( 'NONE', #764 ) ;
#197 = ADVANCED_FACE ( 'NONE', ( #453 ), #505, .F. ) ;
#198 = ORIENTED_EDGE ( 'NONE', *, *, #1743, .T. ) ;
#199 = DIRECTION ( 'NONE',  ( 1.000000000000000000, 0.000000000000000000, 0.000000000000000000 ) ) ;
#200 = ADVANCED_FACE ( 'NONE', ( #1508 ), #3292, .F. ) ;
#201 = VERTEX_POINT ( 'NONE', #2533 ) ;
#202 = CARTESIAN_POINT ( 'NONE',  ( -7.729159201799991052, -3.485303408726214691E-13, 0.000000000000000000 ) ) ;
#203 = DIRECTION ( 'NONE',  ( -1.000000000000000000, 0.000000000000000000, 0.000000000000000000 ) ) ;
#204 = ORIENTED_EDGE ( 'NONE', *, *, #2419, .F. ) ;
#205 = ORIENTED_EDGE ( 'NONE', *, *, #2702, .F. ) ;
#206 = CARTESIAN_POINT ( 'NONE',  ( -11.62430582091226938, -21.06542155977470898, -3.365421559774698146 ) ) ;
#207 = CARTESIAN_POINT ( 'NONE',  ( -6.700000000000025047, -41.99999999999999289, -12.04525958928815221 ) ) ;
#208 = CARTESIAN_POINT ( 'NONE',  ( -13.50000000061836225, -40.45000000000000284, -21.84999999496763223 ) ) ;
#209 = DIRECTION ( 'NONE',  ( 1.000000000000000000, 8.260587980841938780E-17, -0.000000000000000000 ) ) ;
#210 = DIRECTION ( 'NONE',  ( -0.1724731828275082590, 0.9850142137072687154, 0.000000000000000000 ) ) ;
#211 = VECTOR ( 'NONE', #2969, 1000.000000000000114 ) ;
#212 = ORIENTED_EDGE ( 'NONE', *, *, #2948, .F. ) ;
#213 = DIRECTION ( 'NONE',  ( 1.000000000000000000, 8.260587980841938780E-17, -0.000000000000000000 ) ) ;
#214 = VECTOR ( 'NONE', #792, 1000.000000000000000 ) ;
#215 = ORIENTED_EDGE ( 'NONE', *, *, #1529, .T. ) ;
#216 = CARTESIAN_POINT ( 'NONE',  ( 9.000000000000001776, -28.84999999999996945, -48.90000000000005542 ) ) ;
#217 = VERTEX_POINT ( 'NONE', #2055 ) ;
#218 = CARTESIAN_POINT ( 'NONE',  ( 6.693648218653321713, -84.93251095273978990, -22.43542039909983288 ) ) ;
#219 = VECTOR ( 'NONE', #2840, 1000.000000000000000 ) ;
#220 = CARTESIAN_POINT ( 'NONE',  ( 11.40537989737626212, -22.10368098241527690, -8.374011537017832296 ) ) ;
#221 = EDGE_CURVE ( 'NONE', #1483, #2526, #746, .T. ) ;
#222 = ORIENTED_EDGE ( 'NONE', *, *, #1859, .F. ) ;
#223 = CIRCLE ( 'NONE', #2989, 2.649999999999999467 ) ;
#224 = ORIENTED_EDGE ( 'NONE', *, *, #1859, .T. ) ;
#225 = DIRECTION ( 'NONE',  ( -0.000000000000000000, 1.000000000000000000, -0.000000000000000000 ) ) ;
#226 = CARTESIAN_POINT ( 'NONE',  ( 11.60474041071149109, 6.700000000000736478, 2.299999999999999822 ) ) ;
#227 = CARTESIAN_POINT ( 'NONE',  ( 14.98645397384007971, -21.06542155977469832, -3.365421559774695925 ) ) ;
#228 = EDGE_CURVE ( 'NONE', #900, #3128, #2837, .T. ) ;
#229 = DIRECTION ( 'NONE',  ( -0.3431409490534543805, 0.000000000000000000, 0.9392839235730028324 ) ) ;
#231 = AXIS2_PLACEMENT_3D ( 'NONE', #2880, #613, #810 ) ;
#230 = CARTESIAN_POINT ( 'NONE',  ( 19.00000000000000000, 0.000000000000000000, 2.299999999999999822 ) ) ;
#232 = EDGE_LOOP ( 'NONE', ( #1431, #2054, #1812, #703 ) ) ;
#233 = CYLINDRICAL_SURFACE ( 'NONE', #1966, 2.750000000000002665 ) ;
#234 = VECTOR ( 'NONE', #3015, 1000.000000000000000 ) ;
#235 = EDGE_LOOP ( 'NONE', ( #6, #1726, #822, #396 ) ) ;
#236 = CARTESIAN_POINT ( 'NONE',  ( 0.000000000000000000, -45.00000000000000000, 0.000000000000000000 ) ) ;
#237 = DIRECTION ( 'NONE',  ( 0.000000000000000000, 0.000000000000000000, 1.000000000000000000 ) ) ;
#238 = ORIENTED_EDGE ( 'NONE', *, *, #1422, .T. ) ;
#239 = CARTESIAN_POINT ( 'NONE',  ( -9.189102397468824179, -41.99999999999999289, -36.99541689571967140 ) ) ;
#240 = CARTESIAN_POINT ( 'NONE',  ( -15.20537989737608342, -22.10368098241533374, -4.403680982415338896 ) ) ;
#241 = VERTEX_POINT ( 'NONE', #2570 ) ;
#242 = ORIENTED_EDGE ( 'NONE', *, *, #2656, .T. ) ;
#243 = CARTESIAN_POINT ( 'NONE',  ( -11.40537989737616442, -22.10368098241533374, -4.403680982415338896 ) ) ;
#244 = CARTESIAN_POINT ( 'NONE',  ( -13.50000000061836225, -40.45000000000000284, -14.74999999496763081 ) ) ;
#245 = CARTESIAN_POINT ( 'NONE',  ( 15.20537989737616336, -22.10368098241527690, -4.403680982415282941 ) ) ;
#246 = EDGE_CURVE ( 'NONE', #2015, #1663, #1741, .T. ) ;
#247 = AXIS2_PLACEMENT_3D ( 'NONE', #908, #2976, #1429 ) ;
#248 = DIRECTION ( 'NONE',  ( -1.826024711554533420E-16, 0.000000000000000000, -1.000000000000000000 ) ) ;
#249 = CARTESIAN_POINT ( 'NONE',  ( -9.000000000000007105, -28.84999999999996234, -54.90000000000005542 ) ) ;
#250 = VECTOR ( 'NONE', #1280, 1000.000000000000000 ) ;
#251 = VECTOR ( 'NONE', #1037, 1000.000000000000000 ) ;
#252 = AXIS2_PLACEMENT_3D ( 'NONE', #2927, #55, #593 ) ;
#253 = EDGE_LOOP ( 'NONE', ( #2925, #3363 ) ) ;
#254 = DIRECTION ( 'NONE',  ( 4.163575784927221169E-17, 1.095473895433933174E-15, -1.000000000000000000 ) ) ;
#255 = CARTESIAN_POINT ( 'NONE',  ( 13.30570456204474183, -4.667951537023347974, 0.000000000000000000 ) ) ;
#256 = VERTEX_POINT ( 'NONE', #3110 ) ;
#257 = CARTESIAN_POINT ( 'NONE',  ( 3.864579600900049261, 6.693648218653777349, -42.93251095273883777 ) ) ;
#258 = FACE_BOUND ( 'NONE', #1895, .T. ) ;
#259 = VERTEX_POINT ( 'NONE', #2855 ) ;
#260 = ORIENTED_EDGE ( 'NONE', *, *, #1221, .F. ) ;
#261 = CYLINDRICAL_SURFACE ( 'NONE', #2026, 2.649999999999999467 ) ;
#262 = ADVANCED_FACE ( 'NONE', ( #3092 ), #1039, .F. ) ;
#263 = PLANE ( 'NONE',  #1014 ) ;
#264 = CARTESIAN_POINT ( 'NONE',  ( 3.864579600901408174, -6.693648218652620940, -42.93251095273883777 ) ) ;
#265 = FACE_OUTER_BOUND ( 'NONE', #1268, .T. ) ;
#266 = PLANE ( 'NONE',  #159 ) ;
#267 = EDGE_CURVE ( 'NONE', #3150, #310, #1235, .T. ) ;
#268 = EDGE_LOOP ( 'NONE', ( #3256, #2843, #2374, #464 ) ) ;
#269 = DIRECTION ( 'NONE',  ( 0.000000000000000000, 1.000000000000000000, 0.000000000000000000 ) ) ;
#270 = LINE ( 'NONE', #1320, #2092 ) ;
#271 = ORIENTED_EDGE ( 'NONE', *, *, #3270, .T. ) ;
#272 = DIRECTION ( 'NONE',  ( -1.000000000000000000, 0.000000000000000000, 0.000000000000000000 ) ) ;
#273 = EDGE_CURVE ( 'NONE', #146, #3128, #1488, .T. ) ;
#274 = DIRECTION ( 'NONE',  ( 4.163575784927221786E-17, 1.095473895433933174E-15, -1.000000000000000000 ) ) ;
#275 = ORIENTED_EDGE ( 'NONE', *, *, #824, .T. ) ;
#276 = VECTOR ( 'NONE', #2992, 1000.000000000000000 ) ;
#277 = EDGE_LOOP ( 'NONE', ( #3106, #2922 ) ) ;
#278 = CARTESIAN_POINT ( 'NONE',  ( -6.693648218653362569, -39.69999999999999574, -30.16457960089968537 ) ) ;
#279 = CARTESIAN_POINT ( 'NONE',  ( 15.20537989737616336, -22.10368098241527690, 2.299999999999999822 ) ) ;
#280 = CIRCLE ( 'NONE', #2174, 2.649999999999999467 ) ;
#281 = FACE_BOUND ( 'NONE', #1722, .T. ) ;
#282 = LINE ( 'NONE', #775, #533 ) ;
#283 = DIRECTION ( 'NONE',  ( -0.000000000000000000, -0.000000000000000000, 1.000000000000000000 ) ) ;
#284 = ADVANCED_FACE ( 'NONE', ( #1780 ), #1253, .F. ) ;
#285 = ORIENTED_EDGE ( 'NONE', *, *, #3113, .T. ) ;
#286 = DIRECTION ( 'NONE',  ( -0.000000000000000000, -0.000000000000000000, 1.000000000000000000 ) ) ;
#287 = CARTESIAN_POINT ( 'NONE',  ( 4.667951537024205066, -84.93251095273978990, -39.60570456204413148 ) ) ;
#288 = EDGE_LOOP ( 'NONE', ( #2101, #2803, #162, #786, #1729, #2265, #1547, #293, #813, #1680, #2619, #3237, #1275, #2998, #510, #80, #2477, #1207, #466, #3288 ) ) ;
#289 = FACE_OUTER_BOUND ( 'NONE', #268, .T. ) ;
#290 = ADVANCED_FACE ( 'NONE', ( #2292 ), #525, .F. ) ;
#291 = DIRECTION ( 'NONE',  ( -0.000000000000000000, -0.000000000000000000, 1.000000000000000000 ) ) ;
#292 = ORIENTED_EDGE ( 'NONE', *, *, #2955, .T. ) ;
#293 = ORIENTED_EDGE ( 'NONE', *, *, #3333, .F. ) ;
#294 = DIRECTION ( 'NONE',  ( -0.000000000000000000, 1.000000000000000000, -0.000000000000000000 ) ) ;
#295 = DIRECTION ( 'NONE',  ( 0.7668107407454776148, -0.6418732646538348741, 0.000000000000000000 ) ) ;
#296 = AXIS2_PLACEMENT_3D ( 'NONE', #2043, #2791, #3318 ) ;
#297 = ADVANCED_FACE ( 'NONE', ( #2329 ), #1815, .F. ) ;
#298 = EDGE_CURVE ( 'NONE', #1888, #1107, #2604, .T. ) ;
#299 = LINE ( 'NONE', #2898, #567 ) ;
#300 = AXIS2_PLACEMENT_3D ( 'NONE', #596, #346, #107 ) ;
#301 = ORIENTED_EDGE ( 'NONE', *, *, #1524, .F. ) ;
#302 = LINE ( 'NONE', #2867, #2219 ) ;
#303 = EDGE_CURVE ( 'NONE', #1581, #1196, #2259, .T. ) ;
#304 = PLANE ( 'NONE',  #1762 ) ;
#305 = EDGE_LOOP ( 'NONE', ( #633, #1367, #2866, #1766 ) ) ;
#306 = DIRECTION ( 'NONE',  ( 4.163575784927221169E-17, 1.095473895433933174E-15, -1.000000000000000000 ) ) ;
#307 = CIRCLE ( 'NONE', #1546, 2.749999999999967581 ) ;
#308 = ADVANCED_FACE ( 'NONE', ( #3076 ), #487, .F. ) ;
#309 = CARTESIAN_POINT ( 'NONE',  ( 13.39999999999999325, -41.99999999999999289, -26.30000000000005400 ) ) ;
#310 = VERTEX_POINT ( 'NONE', #817 ) ;
#311 = ORIENTED_EDGE ( 'NONE', *, *, #1994, .F. ) ;
#312 = DIRECTION ( 'NONE',  ( 8.260587980841938780E-17, -1.000000000000000000, 0.000000000000000000 ) ) ;
#313 = DIRECTION ( 'NONE',  ( 4.163575784927221786E-17, 1.095473895433933174E-15, -1.000000000000000000 ) ) ;
#314 = SURFACE_STYLE_USAGE ( .BOTH. , #3171 ) ;
#315 = DIRECTION ( 'NONE',  ( 0.000000000000000000, 1.000000000000000000, 1.853328463483264201E-15 ) ) ;
#316 = CARTESIAN_POINT ( 'NONE',  ( -13.30570456204346108, 4.667951537024054076, 2.299999999999999822 ) ) ;
#317 = ORIENTED_EDGE ( 'NONE', *, *, #1469, .F. ) ;
#318 = CARTESIAN_POINT ( 'NONE',  ( 8.524999999999563371, 11.47483660014415641, -8.374011537017832296 ) ) ;
#319 = ORIENTED_EDGE ( 'NONE', *, *, #438, .F. ) ;
#320 = DIRECTION ( 'NONE',  ( 1.000000000000000000, 0.000000000000000000, 0.000000000000000000 ) ) ;
#321 = EDGE_CURVE ( 'NONE', #1700, #724, #1850, .T. ) ;
#322 = FACE_OUTER_BOUND ( 'NONE', #1381, .T. ) ;
#323 = CIRCLE ( 'NONE', #534, 2.649999999999992806 ) ;
#324 = ORIENTED_EDGE ( 'NONE', *, *, #857, .F. ) ;
#325 = ORIENTED_EDGE ( 'NONE', *, *, #828, .F. ) ;
#326 = DIRECTION ( 'NONE',  ( 0.3431409490534589879, 0.000000000000000000, -0.9392839235730010561 ) ) ;
#327 = ADVANCED_FACE ( 'NONE', ( #2935 ), #1105, .F. ) ;
#328 = DIRECTION ( 'NONE',  ( -1.000000000000000000, 1.636531581110195607E-15, 0.000000000000000000 ) ) ;
#329 = FILL_AREA_STYLE_COLOUR ( '', #2096 ) ;
#330 = AXIS2_PLACEMENT_3D ( 'NONE', #3035, #2277, #1817 ) ;
#331 = DIRECTION ( 'NONE',  ( -0.000000000000000000, -0.000000000000000000, 1.000000000000000000 ) ) ;
#332 = ADVANCED_FACE ( 'NONE', ( #1833 ), #2903, .F. ) ;
#333 = AXIS2_PLACEMENT_3D ( 'NONE', #2069, #3290, #1270 ) ;
#334 = ORIENTED_EDGE ( 'NONE', *, *, #2864, .T. ) ;
#335 = CARTESIAN_POINT ( 'NONE',  ( -19.00000000000000000, -24.69999999999999929, -6.999999999999992006 ) ) ;
#336 = VERTEX_POINT ( 'NONE', #558 ) ;
#337 = CARTESIAN_POINT ( 'NONE',  ( 13.30570456204409702, 4.667951537025174957, 0.000000000000000000 ) ) ;
#338 = DIRECTION ( 'NONE',  ( 0.000000000000000000, 0.000000000000000000, 1.000000000000000000 ) ) ;
#339 = AXIS2_PLACEMENT_3D ( 'NONE', #1619, #986, #1543 ) ;
#340 = ORIENTED_EDGE ( 'NONE', *, *, #3347, .F. ) ;
#341 = EDGE_LOOP ( 'NONE', ( #3044, #271 ) ) ;
#342 = DIRECTION ( 'NONE',  ( -0.000000000000000000, -0.000000000000000000, 1.000000000000000000 ) ) ;
#343 = CARTESIAN_POINT ( 'NONE',  ( -19.00000000000000000, -39.69999999999999574, -92.96954163107308489 ) ) ;
#344 = EDGE_CURVE ( 'NONE', #1997, #217, #829, .T. ) ;
#345 = DIRECTION ( 'NONE',  ( 0.000000000000000000, 0.7071067811865512365, -0.7071067811865439090 ) ) ;
#346 = DIRECTION ( 'NONE',  ( -0.000000000000000000, -0.000000000000000000, 1.000000000000000000 ) ) ;
#347 = EDGE_CURVE ( 'NONE', #3197, #863, #2838, .T. ) ;
#348 = AXIS2_PLACEMENT_3D ( 'NONE', #697, #2180, #3243 ) ;
#349 = AXIS2_PLACEMENT_3D ( 'NONE', #2645, #1343, #2371 ) ;
#350 = ORIENTED_EDGE ( 'NONE', *, *, #2025, .F. ) ;
#351 = DIRECTION ( 'NONE',  ( 0.000000000000000000, 0.000000000000000000, 1.000000000000000000 ) ) ;
#352 = VERTEX_POINT ( 'NONE', #337 ) ;
#353 = CARTESIAN_POINT ( 'NONE',  ( 1.284469037195706312E-12, -13.39999999999929159, 2.299999999999999822 ) ) ;
#354 = VECTOR ( 'NONE', #2602, 1000.000000000000000 ) ;
#355 = FACE_BOUND ( 'NONE', #2194, .T. ) ;
#356 = CIRCLE ( 'NONE', #2744, 2.650000000000000355 ) ;
#357 = ORIENTED_EDGE ( 'NONE', *, *, #1442, .F. ) ;
#358 = LINE ( 'NONE', #389, #2436 ) ;
#359 = DIRECTION ( 'NONE',  ( -0.000000000000000000, -0.000000000000000000, 1.000000000000000000 ) ) ;
#360 = ADVANCED_FACE ( 'NONE', ( #1073 ), #33, .F. ) ;
#361 = EDGE_LOOP ( 'NONE', ( #3317, #2422, #1915, #32 ) ) ;
#362 = DIRECTION ( 'NONE',  ( -0.000000000000000000, -0.000000000000000000, 1.000000000000000000 ) ) ;
#363 = LINE ( 'NONE', #1395, #1545 ) ;
#364 = VERTEX_POINT ( 'NONE', #2623 ) ;
#365 = CARTESIAN_POINT ( 'NONE',  ( 19.00000000000000355, -24.69999999999999929, -54.90000000000009805 ) ) ;
#366 = ORIENTED_EDGE ( 'NONE', *, *, #770, .T. ) ;
#367 = DIRECTION ( 'NONE',  ( 0.000000000000000000, 0.000000000000000000, 1.000000000000000000 ) ) ;
#368 = CARTESIAN_POINT ( 'NONE',  ( 13.30570456204474183, -4.667951537023347086, 2.299999999999999822 ) ) ;
#369 = EDGE_CURVE ( 'NONE', #3191, #2704, #601, .T. ) ;
#370 = VERTEX_POINT ( 'NONE', #2141 ) ;
#371 = CARTESIAN_POINT ( 'NONE',  ( 2.124423552260767346E-31, -41.99999999999999289, -26.30000000000002203 ) ) ;
#372 = AXIS2_PLACEMENT_3D ( 'NONE', #1928, #351, #2423 ) ;
#373 = CARTESIAN_POINT ( 'NONE',  ( 19.00000000000000355, -24.69999999999999929, -45.60000000000009379 ) ) ;
#374 = VECTOR ( 'NONE', #2563, 1000.000000000000000 ) ;
#375 = ORIENTED_EDGE ( 'NONE', *, *, #1618, .F. ) ;
#376 = DIRECTION ( 'NONE',  ( 0.000000000000000000, 0.000000000000000000, 1.000000000000000000 ) ) ;
#377 = FACE_OUTER_BOUND ( 'NONE', #2784, .T. ) ;
#378 = DIRECTION ( 'NONE',  ( -0.000000000000000000, -1.000000000000000000, -0.000000000000000000 ) ) ;
#379 = EDGE_LOOP ( 'NONE', ( #1871, #709, #152, #1213 ) ) ;
#380 = DIRECTION ( 'NONE',  ( 0.000000000000000000, 1.000000000000000000, 0.000000000000000000 ) ) ;
#381 = CIRCLE ( 'NONE', #3155, 2.649999999999992806 ) ;
#382 = ADVANCED_FACE ( 'NONE', ( #289 ), #1351, .F. ) ;
#383 = ORIENTED_EDGE ( 'NONE', *, *, #1211, .T. ) ;
#384 = DIRECTION ( 'NONE',  ( -0.000000000000000000, 1.000000000000000000, -0.000000000000000000 ) ) ;
#385 = FACE_BOUND ( 'NONE', #1932, .T. ) ;
#386 = EDGE_CURVE ( 'NONE', #1855, #3116, #2124, .T. ) ;
#387 = ORIENTED_EDGE ( 'NONE', *, *, #298, .T. ) ;
#388 = AXIS2_PLACEMENT_3D ( 'NONE', #1527, #1272, #3352 ) ;
#389 = CARTESIAN_POINT ( 'NONE',  ( -2.610287666324261124, 13.85705393449289780, 0.000000000000000000 ) ) ;
#390 = CARTESIAN_POINT ( 'NONE',  ( 13.49999999938163597, -40.45000000000000284, -32.39999999496763650 ) ) ;
#391 = CIRCLE ( 'NONE', #1263, 2.650000000000000355 ) ;
#392 = ORIENTED_EDGE ( 'NONE', *, *, #612, .T. ) ;
#393 = DIRECTION ( 'NONE',  ( 1.000000000000000000, 0.000000000000000000, 0.000000000000000000 ) ) ;
#394 = DIRECTION ( 'NONE',  ( 1.000000000000000000, 0.000000000000000000, 0.000000000000000000 ) ) ;
#395 = DIRECTION ( 'NONE',  ( -0.000000000000000000, 1.000000000000000000, -0.000000000000000000 ) ) ;
#396 = ORIENTED_EDGE ( 'NONE', *, *, #770, .F. ) ;
#397 = CARTESIAN_POINT ( 'NONE',  ( 6.693648218653321713, -84.93251095273978990, -22.43542039909983288 ) ) ;
#398 = ORIENTED_EDGE ( 'NONE', *, *, #3064, .T. ) ;
#399 = DIRECTION ( 'NONE',  ( -5.841117777841395530E-17, 0.7071067811865439090, 0.7071067811865512365 ) ) ;
#400 = AXIS2_PLACEMENT_3D ( 'NONE', #3188, #2628, #854 ) ;
#401 = ADVANCED_FACE ( 'NONE', ( #3179 ), #1089, .F. ) ;
#402 = EDGE_LOOP ( 'NONE', ( #1305, #727 ) ) ;
#403 = DIRECTION ( 'NONE',  ( -0.3431409490534799156, 0.9392839235729935066, 0.000000000000000000 ) ) ;
#404 = ORIENTED_EDGE ( 'NONE', *, *, #669, .F. ) ;
#405 = EDGE_CURVE ( 'NONE', #2774, #1724, #1152, .T. ) ;
#406 = CARTESIAN_POINT ( 'NONE',  ( -10.69541689571855159, -9.189102397468486672, -42.93251095273883777 ) ) ;
#407 = AXIS2_PLACEMENT_3D ( 'NONE', #1412, #975, #2009 ) ;
#408 = CARTESIAN_POINT ( 'NONE',  ( -14.98645397383997846, -21.06542155977470898, -3.365421559774698146 ) ) ;
#409 = AXIS2_PLACEMENT_3D ( 'NONE', #3102, #496, #1769 ) ;
#410 = EDGE_CURVE ( 'NONE', #1835, #1556, #1530, .T. ) ;
#411 = AXIS2_PLACEMENT_3D ( 'NONE', #855, #2688, #328 ) ;
#412 = ORIENTED_EDGE ( 'NONE', *, *, #1495, .T. ) ;
#413 = DIRECTION ( 'NONE',  ( -0.000000000000000000, 1.000000000000000000, -0.000000000000000000 ) ) ;
#414 = FACE_OUTER_BOUND ( 'NONE', #1310, .T. ) ;
#415 = DIRECTION ( 'NONE',  ( 0.000000000000000000, 1.000000000000000000, 0.000000000000000000 ) ) ;
#416 = ADVANCED_FACE ( 'NONE', ( #2653 ), #1120, .T. ) ;
#417 = CARTESIAN_POINT ( 'NONE',  ( -4.667951537024475073, -39.69999999999999574, -12.99429543795553599 ) ) ;
#418 = ORIENTED_EDGE ( 'NONE', *, *, #1968, .F. ) ;
#419 = LINE ( 'NONE', #689, #2294 ) ;
#420 = ORIENTED_EDGE ( 'NONE', *, *, #1396, .T. ) ;
#421 = DIRECTION ( 'NONE',  ( 0.000000000000000000, 0.000000000000000000, 1.000000000000000000 ) ) ;
#422 = ORIENTED_EDGE ( 'NONE', *, *, #655, .F. ) ;
#423 = EDGE_CURVE ( 'NONE', #1846, #1384, #1370, .T. ) ;
#424 = CARTESIAN_POINT ( 'NONE',  ( -3.864579600899062495, -6.693648218653594384, 0.000000000000000000 ) ) ;
#425 = EDGE_LOOP ( 'NONE', ( #2778, #2691, #1572, #1802 ) ) ;
#426 = LINE ( 'NONE', #1953, #276 ) ;
#427 = DIRECTION ( 'NONE',  ( -0.000000000000000000, -0.000000000000000000, 1.000000000000000000 ) ) ;
#428 = FACE_BOUND ( 'NONE', #2394, .T. ) ;
#429 = AXIS2_PLACEMENT_3D ( 'NONE', #1118, #1399, #3192 ) ;
#430 = ORIENTED_EDGE ( 'NONE', *, *, #298, .F. ) ;
#431 = DIRECTION ( 'NONE',  ( 0.000000000000000000, -0.000000000000000000, -1.000000000000000000 ) ) ;
#432 = ORIENTED_EDGE ( 'NONE', *, *, #2178, .T. ) ;
#433 = CIRCLE ( 'NONE', #3204, 1.900000000000025890 ) ;
#434 = ORIENTED_EDGE ( 'NONE', *, *, #2618, .F. ) ;
#435 = AXIS2_PLACEMENT_3D ( 'NONE', #2207, #1457, #3241 ) ;
#436 = FACE_OUTER_BOUND ( 'NONE', #3160, .T. ) ;
#437 = EDGE_LOOP ( 'NONE', ( #2593, #2042, #3088, #692 ) ) ;
#438 = EDGE_CURVE ( 'NONE', #1336, #1660, #1588, .T. ) ;
#439 = EDGE_CURVE ( 'NONE', #2937, #2, #1306, .T. ) ;
#440 = DIRECTION ( 'NONE',  ( 0.000000000000000000, 0.000000000000000000, 1.000000000000000000 ) ) ;
#441 = EDGE_LOOP ( 'NONE', ( #1589, #452, #785, #1199 ) ) ;
#442 = DIRECTION ( 'NONE',  ( -0.000000000000000000, -0.000000000000000000, 1.000000000000000000 ) ) ;
#443 = CARTESIAN_POINT ( 'NONE',  ( 6.123233995736769241E-16, -59.14213562373095101, -31.30000000000002203 ) ) ;
#444 = DIRECTION ( 'NONE',  ( 1.000000000000000000, 8.260587980841938780E-17, -0.000000000000000000 ) ) ;
#445 = EDGE_CURVE ( 'NONE', #971, #2873, #2892, .T. ) ;
#446 = EDGE_LOOP ( 'NONE', ( #2167, #2456, #1217, #672 ) ) ;
#447 = DIRECTION ( 'NONE',  ( 0.000000000000000000, 1.000000000000000000, 1.095473895433933174E-15 ) ) ;
#448 = ORIENTED_EDGE ( 'NONE', *, *, #2924, .F. ) ;
#449 = DIRECTION ( 'NONE',  ( -0.000000000000000000, -1.000000000000000000, -0.000000000000000000 ) ) ;
#450 = VERTEX_POINT ( 'NONE', #1434 ) ;
#451 = DIRECTION ( 'NONE',  ( 1.000000000000000000, 8.260587980841938780E-17, 0.000000000000000000 ) ) ;
#452 = ORIENTED_EDGE ( 'NONE', *, *, #1236, .T. ) ;
#453 = FACE_OUTER_BOUND ( 'NONE', #3144, .T. ) ;
#454 = CARTESIAN_POINT ( 'NONE',  ( 15.20537989737616336, -22.10368098241527690, -4.403680982415282941 ) ) ;
#455 = ORIENTED_EDGE ( 'NONE', *, *, #1878, .F. ) ;
#456 = DIRECTION ( 'NONE',  ( 1.000000000000000000, 8.260587980841938780E-17, 0.000000000000000000 ) ) ;
#457 = CIRCLE ( 'NONE', #2199, 1.899999999999999023 ) ;
#458 = DIRECTION ( 'NONE',  ( 0.000000000000000000, 0.000000000000000000, 1.000000000000000000 ) ) ;
#459 = LINE ( 'NONE', #208, #1924 ) ;
#460 = AXIS2_PLACEMENT_3D ( 'NONE', #1604, #1346, #2388 ) ;
#461 = EDGE_CURVE ( 'NONE', #658, #2875, #2983, .T. ) ;
#462 = PLANE ( 'NONE',  #1451 ) ;
#463 = DIRECTION ( 'NONE',  ( -0.000000000000000000, 1.000000000000000000, -0.000000000000000000 ) ) ;
#464 = ORIENTED_EDGE ( 'NONE', *, *, #1995, .T. ) ;
#465 = LINE ( 'NONE', #2305, #1052 ) ;
#466 = ORIENTED_EDGE ( 'NONE', *, *, #1887, .F. ) ;
#467 = DIRECTION ( 'NONE',  ( -1.000000000000000000, 0.000000000000000000, 0.000000000000000000 ) ) ;
#468 = LINE ( 'NONE', #255, #169 ) ;
#469 = ORIENTED_EDGE ( 'NONE', *, *, #2406, .F. ) ;
#470 = DIRECTION ( 'NONE',  ( 1.000000000000000000, 0.000000000000000000, 0.000000000000000000 ) ) ;
#471 = EDGE_CURVE ( 'NONE', #217, #971, #880, .T. ) ;
#472 = DIRECTION ( 'NONE',  ( 0.000000000000000000, 0.000000000000000000, 1.000000000000000000 ) ) ;
#473 = EDGE_LOOP ( 'NONE', ( #2454, #3242, #2532, #947, #2812, #1650, #1615, #979, #2907, #2663, #1278, #1981, #3027, #1882, #1259, #3193, #1021, #2951, #2566, #838 ) ) ;
#474 = ORIENTED_EDGE ( 'NONE', *, *, #675, .T. ) ;
#475 = CARTESIAN_POINT ( 'NONE',  ( 9.189102397468554173, -41.99999999999999289, -15.60458310427998718 ) ) ;
#476 = DIRECTION ( 'NONE',  ( 1.000000000000000000, 0.000000000000000000, 0.000000000000000000 ) ) ;
#477 = DIRECTION ( 'NONE',  ( -0.000000000000000000, 1.000000000000000000, -0.000000000000000000 ) ) ;
#478 = CARTESIAN_POINT ( 'NONE',  ( -2.956876496730416478E-13, -84.93251095273978990, -34.02915920180028309 ) ) ;
#479 = DIRECTION ( 'NONE',  ( 4.163575784927221786E-17, 1.095473895433933174E-15, -1.000000000000000000 ) ) ;
#480 = AXIS2_PLACEMENT_3D ( 'NONE', #484, #760, #2360 ) ;
#481 = EDGE_LOOP ( 'NONE', ( #591, #2291, #1324, #2067 ) ) ;
#482 = AXIS2_PLACEMENT_3D ( 'NONE', #3267, #2524, #2473 ) ;
#483 = VERTEX_POINT ( 'NONE', #894 ) ;
#484 = CARTESIAN_POINT ( 'NONE',  ( 0.000000000000000000, 13.40000000000000036, -42.93251095273883777 ) ) ;
#485 = CARTESIAN_POINT ( 'NONE',  ( 0.000000000000000000, 0.000000000000000000, -17.14213562373095101 ) ) ;
#486 = ORIENTED_EDGE ( 'NONE', *, *, #1363, .T. ) ;
#487 = CYLINDRICAL_SURFACE ( 'NONE', #388, 2.649999999999999467 ) ;
#488 = VECTOR ( 'NONE', #2554, 1000.000000000000000 ) ;
#489 = EDGE_CURVE ( 'NONE', #1238, #1229, #2425, .T. ) ;
#490 = DIRECTION ( 'NONE',  ( 0.000000000000000000, 0.000000000000000000, 1.000000000000000000 ) ) ;
#491 = EDGE_LOOP ( 'NONE', ( #3019, #2249 ) ) ;
#492 = VECTOR ( 'NONE', #2427, 1000.000000000000000 ) ;
#493 = VERTEX_POINT ( 'NONE', #1417 ) ;
#494 = DIRECTION ( 'NONE',  ( -0.1724731828275082590, 0.9850142137072687154, 0.000000000000000000 ) ) ;
#495 = DIRECTION ( 'NONE',  ( 0.000000000000000000, 0.000000000000000000, 1.000000000000000000 ) ) ;
#496 = DIRECTION ( 'NONE',  ( -0.000000000000000000, -0.000000000000000000, 1.000000000000000000 ) ) ;
#497 = CARTESIAN_POINT ( 'NONE',  ( -4.724999999999912603, 11.47483660014378870, -3.000000000000000000 ) ) ;
#499 = AXIS2_PLACEMENT_3D ( 'NONE', #3034, #1024, #2000 ) ;
#498 = CYLINDRICAL_SURFACE ( 'NONE', #2276, 1.899999999999999023 ) ;
#500 = AXIS2_PLACEMENT_3D ( 'NONE', #1723, #2494, #1401 ) ;
#501 = VERTEX_POINT ( 'NONE', #145 ) ;
#502 = CARTESIAN_POINT ( 'NONE',  ( -13.30537989737612392, -22.10368098241533374, -8.374011537017832296 ) ) ;
#503 = LINE ( 'NONE', #1998, #251 ) ;
#504 = ORIENTED_EDGE ( 'NONE', *, *, #2361, .T. ) ;
#505 = CYLINDRICAL_SURFACE ( 'NONE', #934, 1.899999999999959055 ) ;
#506 = EDGE_CURVE ( 'NONE', #2238, #1667, #654, .T. ) ;
#507 = CIRCLE ( 'NONE', #1374, 1.900000000000025890 ) ;
#508 = CARTESIAN_POINT ( 'NONE',  ( -13.50000000061836225, -39.69999999999999574, -34.29999999496763508 ) ) ;
#509 = EDGE_CURVE ( 'NONE', #1703, #1888, #3158, .T. ) ;
#510 = ORIENTED_EDGE ( 'NONE', *, *, #3212, .F. ) ;
#511 = DIRECTION ( 'NONE',  ( -0.6418732646538226616, 0.000000000000000000, -0.7668107407454878288 ) ) ;
#512 = DIRECTION ( 'NONE',  ( 0.000000000000000000, 1.000000000000000000, 0.000000000000000000 ) ) ;
#513 = DIRECTION ( 'NONE',  ( -0.000000000000000000, -1.000000000000000000, -0.000000000000000000 ) ) ;
#514 = EDGE_CURVE ( 'NONE', #1660, #92, #778, .T. ) ;
#515 = VECTOR ( 'NONE', #2826, 1000.000000000000000 ) ;
#516 = PLANE ( 'NONE',  #3086 ) ;
#517 = FACE_OUTER_BOUND ( 'NONE', #945, .T. ) ;
#518 = AXIS2_PLACEMENT_3D ( 'NONE', #992, #1029, #2845 ) ;
#519 = EDGE_CURVE ( 'NONE', #1898, #1835, #929, .T. ) ;
#520 = AXIS2_PLACEMENT_3D ( 'NONE', #3081, #2578, #2352 ) ;
#521 = ORIENTED_EDGE ( 'NONE', *, *, #2681, .T. ) ;
#522 = DIRECTION ( 'NONE',  ( -0.000000000000000000, 1.000000000000000000, -0.000000000000000000 ) ) ;
#523 = CYLINDRICAL_SURFACE ( 'NONE', #82, 2.649999999999999467 ) ;
#524 = ORIENTED_EDGE ( 'NONE', *, *, #3362, .F. ) ;
#525 = PLANE ( 'NONE',  #3111 ) ;
#526 = DIRECTION ( 'NONE',  ( 0.000000000000000000, 1.000000000000000000, 0.000000000000000000 ) ) ;
#527 = ORIENTED_EDGE ( 'NONE', *, *, #1662, .T. ) ;
#528 = CYLINDRICAL_SURFACE ( 'NONE', #1811, 1.899999999999999023 ) ;
#529 = DIRECTION ( 'NONE',  ( 0.000000000000000000, 0.000000000000000000, 1.000000000000000000 ) ) ;
#530 = CARTESIAN_POINT ( 'NONE',  ( 19.00000000000000355, -39.69999999999999574, -45.60000000000009379 ) ) ;
#531 = FACE_OUTER_BOUND ( 'NONE', #686, .T. ) ;
#532 = CARTESIAN_POINT ( 'NONE',  ( 19.00000000000000355, -37.60000000000000853, -2.699999999999999734 ) ) ;
#533 = VECTOR ( 'NONE', #3321, 1000.000000000000000 ) ;
#534 = AXIS2_PLACEMENT_3D ( 'NONE', #99, #2016, #3213 ) ;
#535 = ORIENTED_EDGE ( 'NONE', *, *, #1926, .T. ) ;
#536 = FACE_OUTER_BOUND ( 'NONE', #2518, .T. ) ;
#537 = ORIENTED_EDGE ( 'NONE', *, *, #694, .T. ) ;
#538 = DIRECTION ( 'NONE',  ( -0.000000000000000000, 1.000000000000000000, -0.000000000000000000 ) ) ;
#539 = CIRCLE ( 'NONE', #372, 19.00000000000000000 ) ;
#540 = LINE ( 'NONE', #2108, #2341 ) ;
#541 = ORIENTED_EDGE ( 'NONE', *, *, #1396, .F. ) ;
#542 = EDGE_CURVE ( 'NONE', #3005, #771, #1960, .T. ) ;
#543 = ADVANCED_FACE ( 'NONE', ( #2999 ), #1200, .T. ) ;
#544 = CIRCLE ( 'NONE', #2340, 2.750000000000002665 ) ;
#545 = ORIENTED_EDGE ( 'NONE', *, *, #2755, .T. ) ;
#546 = DIRECTION ( 'NONE',  ( 0.000000000000000000, 0.000000000000000000, 1.000000000000000000 ) ) ;
#547 = FACE_OUTER_BOUND ( 'NONE', #666, .T. ) ;
#548 = CIRCLE ( 'NONE', #2122, 5.000000000000000000 ) ;
#549 = CARTESIAN_POINT ( 'NONE',  ( 0.000000000000000000, -41.99999999999999289, 0.000000000000000000 ) ) ;
#550 = EDGE_CURVE ( 'NONE', #1373, #336, #419, .T. ) ;
#551 = CARTESIAN_POINT ( 'NONE',  ( -13.50000000061836225, -40.45000000000000284, -18.29999999496763152 ) ) ;
#552 = CARTESIAN_POINT ( 'NONE',  ( 6.700000000000101430, -39.69999999999999574, -12.04525958928834584 ) ) ;
#553 = EDGE_CURVE ( 'NONE', #1384, #2432, #391, .T. ) ;
#554 = ORIENTED_EDGE ( 'NONE', *, *, #2710, .T. ) ;
#555 = CARTESIAN_POINT ( 'NONE',  ( -13.50000000061836225, -40.45000000000000284, -34.29999999496763508 ) ) ;
#556 = CARTESIAN_POINT ( 'NONE',  ( -9.189102397468825956, -84.93251095273978990, -36.99541689571967140 ) ) ;
#557 = VERTEX_POINT ( 'NONE', #2715 ) ;
#558 = CARTESIAN_POINT ( 'NONE',  ( -9.000000000000007105, -30.74999999999996092, -54.90000000000005542 ) ) ;
#559 = DIRECTION ( 'NONE',  ( -1.000000000000000000, 0.000000000000000000, 0.000000000000000000 ) ) ;
#560 = VERTEX_POINT ( 'NONE', #114 ) ;
#561 = VERTEX_POINT ( 'NONE', #1670 ) ;
#562 = CARTESIAN_POINT ( 'NONE',  ( 13.49999999938163597, -50.37401153701775769, -18.29999999496763508 ) ) ;
#563 = CARTESIAN_POINT ( 'NONE',  ( 9.000000000000001776, -40.84999999999996589, -48.90000000000006253 ) ) ;
#564 =( NAMED_UNIT ( * ) PLANE_ANGLE_UNIT ( ) SI_UNIT ( $, .RADIAN. ) );
#565 = CARTESIAN_POINT ( 'NONE',  ( -13.30570456204346108, 4.667951537024054076, 0.000000000000000000 ) ) ;
#566 = EDGE_CURVE ( 'NONE', #493, #1009, #1913, .T. ) ;
#567 = VECTOR ( 'NONE', #1635, 1000.000000000000114 ) ;
#568 = ORIENTED_EDGE ( 'NONE', *, *, #1840, .T. ) ;
#569 = FACE_OUTER_BOUND ( 'NONE', #2644, .T. ) ;
#570 = AXIS2_PLACEMENT_3D ( 'NONE', #789, #1281, #1262 ) ;
#571 = ORIENTED_EDGE ( 'NONE', *, *, #1453, .T. ) ;
#572 = DIRECTION ( 'NONE',  ( 4.163575784927221786E-17, 1.095473895433933174E-15, -1.000000000000000000 ) ) ;
#573 = CIRCLE ( 'NONE', #1553, 3.549999999999999378 ) ;
#574 = ADVANCED_FACE ( 'NONE', ( #2457 ), #2171, .F. ) ;
#575 = FACE_OUTER_BOUND ( 'NONE', #1829, .T. ) ;
#576 = ORIENTED_EDGE ( 'NONE', *, *, #3333, .T. ) ;
#577 = EDGE_CURVE ( 'NONE', #3284, #1384, #1385, .T. ) ;
#578 = ORIENTED_EDGE ( 'NONE', *, *, #21, .F. ) ;
#579 = DIRECTION ( 'NONE',  ( -0.000000000000000000, 1.000000000000000000, -0.000000000000000000 ) ) ;
#580 = CARTESIAN_POINT ( 'NONE',  ( -13.30570456204346108, 4.667951537024054076, -42.93251095273883777 ) ) ;
#581 = PLANE ( 'NONE',  #339 ) ;
#582 = DIRECTION ( 'NONE',  ( 1.000000000000000000, 8.260587980841938780E-17, 0.000000000000000000 ) ) ;
#583 = ORIENTED_EDGE ( 'NONE', *, *, #950, .T. ) ;
#584 = DIRECTION ( 'NONE',  ( 0.000000000000000000, 0.000000000000000000, 1.000000000000000000 ) ) ;
#585 = ORIENTED_EDGE ( 'NONE', *, *, #1254, .T. ) ;
#586 = CARTESIAN_POINT ( 'NONE',  ( 11.60474041071213591, -6.699999999998910383, -42.93251095273883777 ) ) ;
#587 = DIRECTION ( 'NONE',  ( -0.000000000000000000, -1.000000000000000000, -0.000000000000000000 ) ) ;
#588 = AXIS2_PLACEMENT_3D ( 'NONE', #371, #3240, #1423 ) ;
#589 = ORIENTED_EDGE ( 'NONE', *, *, #2365, .T. ) ;
#590 = EDGE_CURVE ( 'NONE', #853, #3191, #835, .T. ) ;
#591 = ORIENTED_EDGE ( 'NONE', *, *, #1536, .F. ) ;
#592 = DIRECTION ( 'NONE',  ( 0.000000000000000000, 0.000000000000000000, 1.000000000000000000 ) ) ;
#593 = DIRECTION ( 'NONE',  ( -0.1724731828275083145, -0.9850142137072687154, 0.000000000000000000 ) ) ;
#594 = AXIS2_PLACEMENT_3D ( 'NONE', #1444, #2486, #1460 ) ;
#595 = CIRCLE ( 'NONE', #1356, 1.900000000000019673 ) ;
#596 = CARTESIAN_POINT ( 'NONE',  ( 6.624999999999544364, 11.47483660014415641, -8.374011537017832296 ) ) ;
#597 = CIRCLE ( 'NONE', #1249, 5.000000000000000888 ) ;
#598 = ORIENTED_EDGE ( 'NONE', *, *, #1121, .T. ) ;
#599 = CARTESIAN_POINT ( 'NONE',  ( 3.864579600901408174, -6.693648218652620940, -42.93251095273883777 ) ) ;
#600 = EDGE_LOOP ( 'NONE', ( #1340, #412, #2523, #2984 ) ) ;
#601 = LINE ( 'NONE', #2156, #2511 ) ;
#602 = MANIFOLD_SOLID_BREP ( 'Wytnij-wyci¹gniêcie18', #1996 ) ;
#603 = DIRECTION ( 'NONE',  ( -0.000000000000000000, -1.000000000000000000, -0.000000000000000000 ) ) ;
#604 = VECTOR ( 'NONE', #1537, 1000.000000000000227 ) ;
#605 = ORIENTED_EDGE ( 'NONE', *, *, #461, .F. ) ;
#606 = PRODUCT_RELATED_PRODUCT_CATEGORY ( 'part', '', ( #2152 ) ) ;
#607 = EDGE_CURVE ( 'NONE', #3208, #1518, #608, .T. ) ;
#608 = CIRCLE ( 'NONE', #2680, 2.649999999999999023 ) ;
#609 = CARTESIAN_POINT ( 'NONE',  ( 9.000000000000001776, -38.94999999999996732, -48.90000000000006253 ) ) ;
#610 = DIRECTION ( 'NONE',  ( 4.163575784927221786E-17, 1.095473895433933174E-15, -1.000000000000000000 ) ) ;
#611 = VERTEX_POINT ( 'NONE', #2510 ) ;
#612 = EDGE_CURVE ( 'NONE', #1639, #2640, #1206, .T. ) ;
#613 = DIRECTION ( 'NONE',  ( 0.000000000000000000, 1.000000000000000000, 0.000000000000000000 ) ) ;
#614 = DIRECTION ( 'NONE',  ( -1.000000000000000000, 0.000000000000000000, 0.000000000000000000 ) ) ;
#615 = DIRECTION ( 'NONE',  ( 1.000000000000000000, 0.000000000000000000, 0.000000000000000000 ) ) ;
#616 = VECTOR ( 'NONE', #920, 1000.000000000000000 ) ;
#617 = ADVANCED_FACE ( 'NONE', ( #1993 ), #233, .F. ) ;
#618 = ORIENTED_EDGE ( 'NONE', *, *, #857, .T. ) ;
#619 = DIRECTION ( 'NONE',  ( -0.000000000000000000, -0.000000000000000000, 1.000000000000000000 ) ) ;
#620 = VERTEX_POINT ( 'NONE', #1230 ) ;
#621 = CARTESIAN_POINT ( 'NONE',  ( -13.50000000061836225, -50.37401153701775769, -32.39999999496763650 ) ) ;
#622 = CIRCLE ( 'NONE', #3007, 3.549999999999999378 ) ;
#623 = FACE_OUTER_BOUND ( 'NONE', #2493, .T. ) ;
#624 = VECTOR ( 'NONE', #2299, 1000.000000000000000 ) ;
#625 = ORIENTED_EDGE ( 'NONE', *, *, #1112, .F. ) ;
#626 = CYLINDRICAL_SURFACE ( 'NONE', #1900, 2.649999999999989253 ) ;
#627 = EDGE_CURVE ( 'NONE', #2530, #1581, #2049, .T. ) ;
#628 = ORIENTED_EDGE ( 'NONE', *, *, #2730, .T. ) ;
#629 = DIRECTION ( 'NONE',  ( 0.6418732646538227726, 0.000000000000000000, 0.7668107407454878288 ) ) ;
#630 = DIRECTION ( 'NONE',  ( 2.054277800498850221E-16, -0.000000000000000000, 1.000000000000000000 ) ) ;
#631 = CARTESIAN_POINT ( 'NONE',  ( 13.49999999938163597, -45.00000000000000000, -32.39999999496763650 ) ) ;
#632 = ADVANCED_FACE ( 'NONE', ( #3047 ), #3324, .T. ) ;
#633 = ORIENTED_EDGE ( 'NONE', *, *, #3112, .T. ) ;
#634 = CARTESIAN_POINT ( 'NONE',  ( -6.624999999999937828, 11.47483660014378870, -3.000000000000000000 ) ) ;
#635 = ORIENTED_EDGE ( 'NONE', *, *, #2571, .F. ) ;
#636 = CARTESIAN_POINT ( 'NONE',  ( 6.700000000000101430, -39.69999999999999574, -14.69525958928833909 ) ) ;
#637 = FACE_OUTER_BOUND ( 'NONE', #2886, .T. ) ;
#638 = ORIENTED_EDGE ( 'NONE', *, *, #2821, .T. ) ;
#639 = CARTESIAN_POINT ( 'NONE',  ( -13.50000000061836225, -39.69999999999999574, -34.29999999496763508 ) ) ;
#640 = VECTOR ( 'NONE', #2713, 1000.000000000000000 ) ;
#641 = DIRECTION ( 'NONE',  ( 4.163575784927221169E-17, 1.095473895433933174E-15, -1.000000000000000000 ) ) ;
#642 = AXIS2_PLACEMENT_3D ( 'NONE', #1499, #943, #925 ) ;
#643 = ORIENTED_EDGE ( 'NONE', *, *, #246, .T. ) ;
#644 = LINE ( 'NONE', #1411, #2243 ) ;
#645 = DIRECTION ( 'NONE',  ( 0.000000000000000000, 1.000000000000000000, 0.000000000000000000 ) ) ;
#646 = DIRECTION ( 'NONE',  ( 0.3431409490534548246, -0.000000000000000000, 0.9392839235730026104 ) ) ;
#647 = EDGE_CURVE ( 'NONE', #1421, #3133, #176, .T. ) ;
#648 = AXIS2_PLACEMENT_3D ( 'NONE', #2158, #3132, #338 ) ;
#649 = ORIENTED_EDGE ( 'NONE', *, *, #489, .T. ) ;
#650 = LINE ( 'NONE', #1538, #1243 ) ;
#651 = AXIS2_PLACEMENT_3D ( 'NONE', #2497, #147, #3255 ) ;
#652 = APPLICATION_CONTEXT ( 'automotive_design' ) ;
#653 = ORIENTED_EDGE ( 'NONE', *, *, #1652, .T. ) ;
#654 = LINE ( 'NONE', #1687, #2839 ) ;
#655 = EDGE_CURVE ( 'NONE', #1975, #968, #465, .T. ) ;
#656 = ORIENTED_EDGE ( 'NONE', *, *, #828, .T. ) ;
#657 = DIRECTION ( 'NONE',  ( 4.163575784927221786E-17, 1.095473895433933174E-15, -1.000000000000000000 ) ) ;
#658 = VERTEX_POINT ( 'NONE', #1501 ) ;
#659 = VECTOR ( 'NONE', #3121, 1000.000000000000000 ) ;
#660 = DIRECTION ( 'NONE',  ( 0.000000000000000000, 1.000000000000000000, 0.000000000000000000 ) ) ;
#661 = PRESENTATION_LAYER_ASSIGNMENT (  '', '', ( #2405 ) ) ;
#662 = ORIENTED_EDGE ( 'NONE', *, *, #3131, .T. ) ;
#663 = CARTESIAN_POINT ( 'NONE',  ( -13.85705393449315537, -84.93251095273978990, -28.91028766632388525 ) ) ;
#664 = CARTESIAN_POINT ( 'NONE',  ( -3.864579600900125200, 6.693648218653342141, -42.93251095273883777 ) ) ;
#665 = CARTESIAN_POINT ( 'NONE',  ( -9.000000000000007105, -26.94999999999996376, -54.90000000000005542 ) ) ;
#666 = EDGE_LOOP ( 'NONE', ( #340, #2814, #674, #1369 ) ) ;
#667 = LINE ( 'NONE', #1685, #1405 ) ;
#668 = EDGE_CURVE ( 'NONE', #844, #924, #1861, .T. ) ;
#669 = EDGE_CURVE ( 'NONE', #2584, #3215, #507, .T. ) ;
#670 = ORIENTED_EDGE ( 'NONE', *, *, #2877, .T. ) ;
#671 = DIRECTION ( 'NONE',  ( -0.000000000000000000, -0.000000000000000000, -1.000000000000000000 ) ) ;
#672 = ORIENTED_EDGE ( 'NONE', *, *, #1608, .F. ) ;
#673 = FACE_OUTER_BOUND ( 'NONE', #2200, .T. ) ;
#674 = ORIENTED_EDGE ( 'NONE', *, *, #868, .F. ) ;
#675 = EDGE_CURVE ( 'NONE', #2963, #2, #1267, .T. ) ;
#676 = AXIS2_PLACEMENT_3D ( 'NONE', #2815, #237, #199 ) ;
#677 = AXIS2_PLACEMENT_3D ( 'NONE', #2263, #2742, #394 ) ;
#678 = DIRECTION ( 'NONE',  ( 0.000000000000000000, 0.000000000000000000, 1.000000000000000000 ) ) ;
#679 = PRODUCT_DEFINITION_FORMATION_WITH_SPECIFIED_SOURCE ( 'ANY', '', #2152, .NOT_KNOWN. ) ;
#680 = CIRCLE ( 'NONE', #2039, 3.549999999999999378 ) ;
#681 = ADVANCED_FACE ( 'NONE', ( #3023 ), #2231, .T. ) ;
#682 = ORIENTED_EDGE ( 'NONE', *, *, #2676, .T. ) ;
#683 = CARTESIAN_POINT ( 'NONE',  ( 10.69541689571983056, 9.189102397469191885, -42.93251095273883777 ) ) ;
#684 = DIRECTION ( 'NONE',  ( 0.000000000000000000, 1.000000000000000000, 0.000000000000000000 ) ) ;
#685 = CYLINDRICAL_SURFACE ( 'NONE', #3185, 5.000000000000000888 ) ;
#686 = EDGE_LOOP ( 'NONE', ( #3259, #324, #1148, #820, #690, #2757, #2474, #3196, #325, #430, #2682, #1426 ) ) ;
#687 = PLANE ( 'NONE',  #1789 ) ;
#688 = ORIENTED_EDGE ( 'NONE', *, *, #2690, .T. ) ;
#689 = CARTESIAN_POINT ( 'NONE',  ( -9.000000000000007105, -30.74999999999996803, -48.90000000000005542 ) ) ;
#690 = ORIENTED_EDGE ( 'NONE', *, *, #2066, .F. ) ;
#691 = CARTESIAN_POINT ( 'NONE',  ( -6.693648218653287074, -39.69999999999999574, -22.43542039909952734 ) ) ;
#692 = ORIENTED_EDGE ( 'NONE', *, *, #2783, .F. ) ;
#693 = DIRECTION ( 'NONE',  ( 0.000000000000000000, 1.000000000000000000, 0.000000000000000000 ) ) ;
#694 = EDGE_CURVE ( 'NONE', #3191, #853, #2517, .T. ) ;
#695 = ADVANCED_FACE ( 'NONE', ( #1730 ), #1921, .F. ) ;
#696 = VERTEX_POINT ( 'NONE', #2959 ) ;
#697 = CARTESIAN_POINT ( 'NONE',  ( -9.000000000000007105, -28.84999999999996945, -48.90000000000005542 ) ) ;
#698 = CARTESIAN_POINT ( 'NONE',  ( 13.30570456204409702, 4.667951537025174069, -42.93251095273883777 ) ) ;
#699 = CARTESIAN_POINT ( 'NONE',  ( -13.85705393449315537, -39.69999999999999574, -28.91028766632388525 ) ) ;
#700 = AXIS2_PLACEMENT_3D ( 'NONE', #2938, #725, #2446 ) ;
#701 = ORIENTED_EDGE ( 'NONE', *, *, #3183, .F. ) ;
#702 = FACE_OUTER_BOUND ( 'NONE', #2021, .T. ) ;
#703 = ORIENTED_EDGE ( 'NONE', *, *, #1101, .F. ) ;
#704 = CARTESIAN_POINT ( 'NONE',  ( 10.00000000000000355, -34.85000000000000853, -2.700000000000000178 ) ) ;
#705 = AXIS2_PLACEMENT_3D ( 'NONE', #1177, #413, #905 ) ;
#706 = ORIENTED_EDGE ( 'NONE', *, *, #3054, .T. ) ;
#707 = CIRCLE ( 'NONE', #1409, 1.899999999999959055 ) ;
#708 = DIRECTION ( 'NONE',  ( -0.000000000000000000, 1.000000000000000000, -0.000000000000000000 ) ) ;
#709 = ORIENTED_EDGE ( 'NONE', *, *, #2228, .F. ) ;
#710 = CARTESIAN_POINT ( 'NONE',  ( -13.30537989737612392, -22.10368098241533374, -8.374011537017832296 ) ) ;
#711 = PLANE ( 'NONE',  #166 ) ;
#712 = EDGE_CURVE ( 'NONE', #2526, #1336, #3006, .T. ) ;
#713 = UNCERTAINTY_MEASURE_WITH_UNIT (LENGTH_MEASURE( 1.000000000000000082E-05 ), #2149, 'distance_accuracy_value', 'NONE');
#714 = VERTEX_POINT ( 'NONE', #1664 ) ;
#715 = CARTESIAN_POINT ( 'NONE',  ( -18.99999999999999645, -20.70000000000000995, -3.000000000000000000 ) ) ;
#716 = CARTESIAN_POINT ( 'NONE',  ( -19.00000000000000000, 0.000000000000000000, -59.63920903402518547 ) ) ;
#717 = DIRECTION ( 'NONE',  ( 0.000000000000000000, 1.000000000000000000, 0.000000000000000000 ) ) ;
#718 = AXIS2_PLACEMENT_3D ( 'NONE', #81, #2364, #1883 ) ;
#719 = CARTESIAN_POINT ( 'NONE',  ( -3.864579600900125200, 6.693648218653342141, 0.000000000000000000 ) ) ;
#720 = DIRECTION ( 'NONE',  ( -0.000000000000000000, 1.000000000000000000, -0.000000000000000000 ) ) ;
#721 = ORIENTED_EDGE ( 'NONE', *, *, #1015, .F. ) ;
#722 = CARTESIAN_POINT ( 'NONE',  ( -6.693648218653362569, -41.99999999999999289, -30.16457960089968537 ) ) ;
#723 = EDGE_CURVE ( 'NONE', #1999, #3326, #644, .T. ) ;
#724 = VERTEX_POINT ( 'NONE', #1936 ) ;
#725 = DIRECTION ( 'NONE',  ( 4.163575784927221169E-17, 1.095473895433933174E-15, -1.000000000000000000 ) ) ;
#726 = LINE ( 'NONE', #1525, #2669 ) ;
#727 = ORIENTED_EDGE ( 'NONE', *, *, #3305, .F. ) ;
#728 = DIRECTION ( 'NONE',  ( -0.000000000000000000, -0.000000000000000000, 1.000000000000000000 ) ) ;
#729 = CARTESIAN_POINT ( 'NONE',  ( 7.464731957562698028E-14, -39.69999999999999574, -18.57084079819946965 ) ) ;
#730 = CIRCLE ( 'NONE', #2311, 1.899999999999999023 ) ;
#731 = ORIENTED_EDGE ( 'NONE', *, *, #1115, .F. ) ;
#732 = CARTESIAN_POINT ( 'NONE',  ( 3.864579600900049261, 6.693648218653777349, -42.93251095273883777 ) ) ;
#733 = AXIS2_PLACEMENT_3D ( 'NONE', #549, #1788, #1568 ) ;
#734 = DIRECTION ( 'NONE',  ( 1.000000000000000000, 0.000000000000000000, 0.000000000000000000 ) ) ;
#735 = DIRECTION ( 'NONE',  ( 0.000000000000000000, -1.000000000000000000, -1.853328463483264201E-15 ) ) ;
#736 = VECTOR ( 'NONE', #1647, 1000.000000000000000 ) ;
#737 = EDGE_CURVE ( 'NONE', #2119, #501, #1645, .T. ) ;
#738 = CARTESIAN_POINT ( 'NONE',  ( 9.189102397468554173, -39.69999999999999574, -15.60458310427998718 ) ) ;
#739 = DIRECTION ( 'NONE',  ( -0.1724731828274941592, 0.000000000000000000, -0.9850142137072712689 ) ) ;
#740 = ORIENTED_EDGE ( 'NONE', *, *, #2452, .T. ) ;
#741 = DIRECTION ( 'NONE',  ( 1.000000000000000000, 0.000000000000000000, 0.000000000000000000 ) ) ;
#742 = EDGE_CURVE ( 'NONE', #2530, #3211, #2245, .T. ) ;
#743 = ORIENTED_EDGE ( 'NONE', *, *, #2981, .T. ) ;
#744 = DIRECTION ( 'NONE',  ( -0.9392839235729935066, -0.3431409490534799156, 0.000000000000000000 ) ) ;
#745 = ORIENTED_EDGE ( 'NONE', *, *, #2730, .F. ) ;
#746 = LINE ( 'NONE', #969, #2237 ) ;
#747 = CARTESIAN_POINT ( 'NONE',  ( 9.189102397468554173, -84.93251095273978990, -15.60458310427998718 ) ) ;
#748 = ORIENTED_EDGE ( 'NONE', *, *, #1506, .F. ) ;
#749 = ORIENTED_EDGE ( 'NONE', *, *, #2137, .T. ) ;
#750 = DIRECTION ( 'NONE',  ( 0.9850142137072688264, 0.1724731828275082868, 0.000000000000000000 ) ) ;
#751 = FACE_OUTER_BOUND ( 'NONE', #988, .T. ) ;
#752 = PLANE ( 'NONE',  #1167 ) ;
#753 = DIRECTION ( 'NONE',  ( -0.000000000000000000, -1.000000000000000000, -0.000000000000000000 ) ) ;
#754 = FACE_BOUND ( 'NONE', #2363, .T. ) ;
#755 = VECTOR ( 'NONE', #2068, 1000.000000000000114 ) ;
#756 = DIRECTION ( 'NONE',  ( 0.9850142137072711579, 0.000000000000000000, -0.1724731828274941314 ) ) ;
#757 = EDGE_CURVE ( 'NONE', #1542, #1738, #2847, .T. ) ;
#758 = VECTOR ( 'NONE', #210, 1000.000000000000114 ) ;
#759 = EDGE_LOOP ( 'NONE', ( #3219, #1414 ) ) ;
#760 = DIRECTION ( 'NONE',  ( -0.000000000000000000, -0.000000000000000000, 1.000000000000000000 ) ) ;
#761 = DIRECTION ( 'NONE',  ( 4.163575784927221169E-17, 1.095473895433933174E-15, -1.000000000000000000 ) ) ;
#762 = ADVANCED_FACE ( 'NONE', ( #106 ), #2449, .F. ) ;
#763 = ORIENTED_EDGE ( 'NONE', *, *, #13, .F. ) ;
#764 = CARTESIAN_POINT ( 'NONE',  ( 5.000000000000000000, 0.000000000000000000, -2.999999999999999112 ) ) ;
#765 = AXIS2_PLACEMENT_3D ( 'NONE', #1661, #2516, #2754 ) ;
#766 = EDGE_CURVE ( 'NONE', #364, #1119, #184, .T. ) ;
#767 = CARTESIAN_POINT ( 'NONE',  ( -2.956876496730416478E-13, -84.93251095273978990, -34.02915920180028309 ) ) ;
#768 = ORIENTED_EDGE ( 'NONE', *, *, #2213, .F. ) ;
#769 = AXIS2_PLACEMENT_3D ( 'NONE', #485, #1, #2513 ) ;
#770 = EDGE_CURVE ( 'NONE', #696, #900, #3216, .T. ) ;
#771 = VERTEX_POINT ( 'NONE', #888 ) ;
#772 = CARTESIAN_POINT ( 'NONE',  ( 8.524999999999563371, 11.47483660014415641, 2.299999999999999822 ) ) ;
#773 = CYLINDRICAL_SURFACE ( 'NONE', #518, 2.649999999999999467 ) ;
#774 = DIRECTION ( 'NONE',  ( 0.9392839235730117142, -0.3431409490534300666, 0.000000000000000000 ) ) ;
#775 = CARTESIAN_POINT ( 'NONE',  ( -10.69541689571855159, -9.189102397468486672, -42.93251095273883777 ) ) ;
#777 = CIRCLE ( 'NONE', #231, 3.549999999999997602 ) ;
#776 = CARTESIAN_POINT ( 'NONE',  ( -6.693648218653362569, -84.93251095273978990, -30.16457960089968537 ) ) ;
#778 = CIRCLE ( 'NONE', #1371, 2.649999999999992806 ) ;
#779 = VERTEX_POINT ( 'NONE', #1681 ) ;
#780 = CARTESIAN_POINT ( 'NONE',  ( -13.50000000061836225, -39.69999999999999574, -18.29999999496763152 ) ) ;
#781 = ORIENTED_EDGE ( 'NONE', *, *, #1862, .T. ) ;
#782 = DIRECTION ( 'NONE',  ( 0.6418732646538226616, 0.000000000000000000, 0.7668107407454878288 ) ) ;
#783 = AXIS2_PLACEMENT_3D ( 'NONE', #1247, #180, #2030 ) ;
#784 = DIRECTION ( 'NONE',  ( 0.7668107407454800573, 0.000000000000000000, -0.6418732646538318765 ) ) ;
#785 = ORIENTED_EDGE ( 'NONE', *, *, #1453, .F. ) ;
#786 = ORIENTED_EDGE ( 'NONE', *, *, #303, .F. ) ;
#787 = DIRECTION ( 'NONE',  ( 0.000000000000000000, 1.000000000000000000, 0.000000000000000000 ) ) ;
#788 = LINE ( 'NONE', #1822, #736 ) ;
#789 = CARTESIAN_POINT ( 'NONE',  ( -9.000000000000007105, -28.84999999999996945, -48.90000000000005542 ) ) ;
#790 = AXIS2_PLACEMENT_3D ( 'NONE', #1813, #378, #2962 ) ;
#791 = CARTESIAN_POINT ( 'NONE',  ( 6.700000000000101430, -84.93251095273978990, -14.69525958928833909 ) ) ;
#792 = DIRECTION ( 'NONE',  ( -0.000000000000000000, -1.000000000000000000, -0.000000000000000000 ) ) ;
#793 = VECTOR ( 'NONE', #362, 1000.000000000000000 ) ;
#794 = STYLED_ITEM ( 'NONE', ( #2402 ), #1172 ) ;
#795 = ORIENTED_EDGE ( 'NONE', *, *, #2643, .T. ) ;
#796 = DIRECTION ( 'NONE',  ( 0.000000000000000000, -0.000000000000000000, 1.000000000000000000 ) ) ;
#797 = DIRECTION ( 'NONE',  ( 0.000000000000000000, 0.000000000000000000, 1.000000000000000000 ) ) ;
#798 = EDGE_CURVE ( 'NONE', #3017, #310, #1696, .T. ) ;
#799 = VERTEX_POINT ( 'NONE', #1972 ) ;
#800 = DIRECTION ( 'NONE',  ( 4.163575784927221169E-17, 1.095473895433933174E-15, -1.000000000000000000 ) ) ;
#801 = EDGE_CURVE ( 'NONE', #1686, #3284, #122, .T. ) ;
#802 = CARTESIAN_POINT ( 'NONE',  ( 11.40537989737626212, -25.90368098241518169, -8.203680982415223255 ) ) ;
#803 = ORIENTED_EDGE ( 'NONE', *, *, #884, .F. ) ;
#804 = ADVANCED_FACE ( 'NONE', ( #1987 ), #3231, .F. ) ;
#805 = ORIENTED_EDGE ( 'NONE', *, *, #2756, .F. ) ;
#806 = CARTESIAN_POINT ( 'NONE',  ( 19.00000000000000000, 0.000000000000000000, 2.299999999999999822 ) ) ;
#807 = CARTESIAN_POINT ( 'NONE',  ( 7.729159201800657186, 1.055159106790048984E-12, -42.93251095273883777 ) ) ;
#808 = PLANE ( 'NONE',  #733 ) ;
#809 = EDGE_CURVE ( 'NONE', #1518, #560, #426, .T. ) ;
#810 = DIRECTION ( 'NONE',  ( 0.000000000000000000, 0.000000000000000000, 1.000000000000000000 ) ) ;
#811 = DIRECTION ( 'NONE',  ( -1.000000000000000000, 0.000000000000000000, 0.000000000000000000 ) ) ;
#812 = VECTOR ( 'NONE', #1976, 1000.000000000000000 ) ;
#813 = ORIENTED_EDGE ( 'NONE', *, *, #2681, .F. ) ;
#814 = FACE_OUTER_BOUND ( 'NONE', #1798, .T. ) ;
#815 = CARTESIAN_POINT ( 'NONE',  ( -6.700000000000368772, -84.93251095273978990, -37.90474041071131950 ) ) ;
#816 = ORIENTED_EDGE ( 'NONE', *, *, #2107, .T. ) ;
#817 = CARTESIAN_POINT ( 'NONE',  ( 13.85705393449289424, -39.69999999999999574, -23.68971233367578932 ) ) ;
#818 = CIRCLE ( 'NONE', #642, 2.649999999999999467 ) ;
#819 = DIRECTION ( 'NONE',  ( 0.000000000000000000, 1.000000000000000000, 1.095473895433933174E-15 ) ) ;
#820 = ORIENTED_EDGE ( 'NONE', *, *, #2756, .T. ) ;
#821 = CIRCLE ( 'NONE', #1579, 1.899999999999999023 ) ;
#822 = ORIENTED_EDGE ( 'NONE', *, *, #2089, .T. ) ;
#823 = CARTESIAN_POINT ( 'NONE',  ( 2.610287666325547207, -13.85705393449218903, 0.000000000000000000 ) ) ;
#824 = EDGE_CURVE ( 'NONE', #1708, #2399, #1463, .T. ) ;
#825 = CARTESIAN_POINT ( 'NONE',  ( -7.729159201799991052, -3.485303408726214691E-13, -42.93251095273883777 ) ) ;
#826 = AXIS2_PLACEMENT_3D ( 'NONE', #1885, #2670, #2654 ) ;
#827 = CARTESIAN_POINT ( 'NONE',  ( 19.00000000000000355, -39.69999999999999574, -92.96954163107308489 ) ) ;
#828 = EDGE_CURVE ( 'NONE', #1107, #241, #1649, .T. ) ;
#829 = CIRCLE ( 'NONE', #2726, 2.649999999999999467 ) ;
#830 = ORIENTED_EDGE ( 'NONE', *, *, #3064, .F. ) ;
#831 = CARTESIAN_POINT ( 'NONE',  ( 13.49999999938163597, -40.45000000000000284, -34.29999999496763508 ) ) ;
#832 = CARTESIAN_POINT ( 'NONE',  ( 6.700000000000101430, -41.99999999999999289, -12.04525958928834584 ) ) ;
#833 = ORIENTED_EDGE ( 'NONE', *, *, #1144, .T. ) ;
#834 = CARTESIAN_POINT ( 'NONE',  ( -13.50000000061836225, -40.45000000000000284, -34.29999999496763508 ) ) ;
#835 = CIRCLE ( 'NONE', #3265, 3.549999999999999378 ) ;
#836 = EDGE_CURVE ( 'NONE', #2429, #779, #544, .T. ) ;
#837 = DIRECTION ( 'NONE',  ( 1.000000000000000000, 0.000000000000000000, 0.000000000000000000 ) ) ;
#838 = ORIENTED_EDGE ( 'NONE', *, *, #2089, .F. ) ;
#839 = ORIENTED_EDGE ( 'NONE', *, *, #3038, .T. ) ;
#840 = CARTESIAN_POINT ( 'NONE',  ( -3.864579600900125644, 6.693648218653342141, 0.000000000000000000 ) ) ;
#841 = DIRECTION ( 'NONE',  ( -1.000000000000000000, 0.000000000000000000, 0.000000000000000000 ) ) ;
#842 = CARTESIAN_POINT ( 'NONE',  ( 10.00000000000000355, -37.59999999999996589, -49.90000000000009095 ) ) ;
#843 = AXIS2_PLACEMENT_3D ( 'NONE', #2631, #2135, #2661 ) ;
#844 = VERTEX_POINT ( 'NONE', #772 ) ;
#845 = LINE ( 'NONE', #335, #102 ) ;
#846 = AXIS2_PLACEMENT_3D ( 'NONE', #2045, #2337, #2079 ) ;
#847 = ORIENTED_EDGE ( 'NONE', *, *, #1355, .T. ) ;
#848 = CARTESIAN_POINT ( 'NONE',  ( 9.000000000000001776, -28.84999999999996945, -48.90000000000005542 ) ) ;
#849 = EDGE_CURVE ( 'NONE', #3014, #3069, #1138, .T. ) ;
#850 = AXIS2_PLACEMENT_3D ( 'NONE', #1839, #2911, #2659 ) ;
#851 = CARTESIAN_POINT ( 'NONE',  ( -13.30537989737612392, -22.10368098241533374, 2.299999999999999822 ) ) ;
#852 = EDGE_LOOP ( 'NONE', ( #1675, #2287, #3072, #1837 ) ) ;
#853 = VERTEX_POINT ( 'NONE', #3296 ) ;
#854 = DIRECTION ( 'NONE',  ( 0.000000000000000000, 0.000000000000000000, 1.000000000000000000 ) ) ;
#855 = CARTESIAN_POINT ( 'NONE',  ( 11.60474041071149109, 6.700000000000736478, 0.000000000000000000 ) ) ;
#856 = FILL_AREA_STYLE ('',( #329 ) ) ;
#857 = EDGE_CURVE ( 'NONE', #1229, #1181, #1279, .T. ) ;
#858 = CARTESIAN_POINT ( 'NONE',  ( -13.50000000061836225, -50.37401153701775769, -34.29999999496763508 ) ) ;
#859 = EDGE_LOOP ( 'NONE', ( #366, #2297, #3052, #448 ) ) ;
#860 = AXIS2_PLACEMENT_3D ( 'NONE', #1283, #3104, #996 ) ;
#861 = CARTESIAN_POINT ( 'NONE',  ( -19.00000000000000000, -39.69999999999999574, -6.999999999999992006 ) ) ;
#862 = EDGE_CURVE ( 'NONE', #3239, #336, #2616, .T. ) ;
#863 = VERTEX_POINT ( 'NONE', #1045 ) ;
#864 = DIRECTION ( 'NONE',  ( -0.000000000000000000, -0.000000000000000000, 1.000000000000000000 ) ) ;
#865 = DIRECTION ( 'NONE',  ( 0.000000000000000000, -0.000000000000000000, 1.000000000000000000 ) ) ;
#866 = VECTOR ( 'NONE', #1638, 1000.000000000000000 ) ;
#867 = VERTEX_POINT ( 'NONE', #2077 ) ;
#868 = EDGE_CURVE ( 'NONE', #3178, #1433, #1260, .T. ) ;
#869 = ORIENTED_EDGE ( 'NONE', *, *, #1469, .T. ) ;
#870 = CARTESIAN_POINT ( 'NONE',  ( 6.693648218652973547, -39.69999999999999574, -30.16457960090009394 ) ) ;
#871 = FACE_BOUND ( 'NONE', #1348, .T. ) ;
#872 = ADVANCED_FACE ( 'NONE', ( #2023 ), #2807, .F. ) ;
#873 = VECTOR ( 'NONE', #974, 1000.000000000000000 ) ;
#874 = CIRCLE ( 'NONE', #2773, 1.900000000000020561 ) ;
#875 = FACE_OUTER_BOUND ( 'NONE', #1140, .T. ) ;
#876 = CARTESIAN_POINT ( 'NONE',  ( -13.50000000061836225, -40.45000000000000284, -32.39999999496763650 ) ) ;
#877 = ORIENTED_EDGE ( 'NONE', *, *, #3131, .F. ) ;
#878 = CARTESIAN_POINT ( 'NONE',  ( -13.50000000061836225, -40.45000000000000284, -34.29999999496763508 ) ) ;
#879 = ORIENTED_EDGE ( 'NONE', *, *, #439, .F. ) ;
#880 = LINE ( 'NONE', #3222, #1365 ) ;
#881 = CARTESIAN_POINT ( 'NONE',  ( 19.00000000000000355, -24.69999999999999929, -7.000000000000000000 ) ) ;
#882 = VECTOR ( 'NONE', #3173, 1000.000000000000114 ) ;
#883 = EDGE_LOOP ( 'NONE', ( #537, #1820 ) ) ;
#884 = EDGE_CURVE ( 'NONE', #3215, #2584, #433, .T. ) ;
#885 = FACE_BOUND ( 'NONE', #911, .T. ) ;
#886 = DIRECTION ( 'NONE',  ( -0.000000000000000000, 1.000000000000000000, -0.000000000000000000 ) ) ;
#887 = VERTEX_POINT ( 'NONE', #2060 ) ;
#888 = CARTESIAN_POINT ( 'NONE',  ( -4.667951537024810804, -39.69999999999999574, -39.60570456204393253 ) ) ;
#889 = CARTESIAN_POINT ( 'NONE',  ( 19.00000000000001066, -45.00000000000000000, -54.90000000000007674 ) ) ;
#890 = CARTESIAN_POINT ( 'NONE',  ( 0.000000000000000000, 0.000000000000000000, -17.14213562373095101 ) ) ;
#891 = VERTEX_POINT ( 'NONE', #475 ) ;
#892 = CARTESIAN_POINT ( 'NONE',  ( 9.000000000000001776, -42.74999999999996447, -48.90000000000006253 ) ) ;
#893 = VERTEX_POINT ( 'NONE', #1294 ) ;
#894 = CARTESIAN_POINT ( 'NONE',  ( -13.50000000061836225, -39.69999999999999574, -30.74999999496763792 ) ) ;
#895 = CIRCLE ( 'NONE', #790, 1.899999999999999023 ) ;
#896 = EDGE_CURVE ( 'NONE', #53, #3078, #2011, .T. ) ;
#897 = FACE_OUTER_BOUND ( 'NONE', #2536, .T. ) ;
#898 = ADVANCED_FACE ( 'NONE', ( #3336 ), #2280, .F. ) ;
#899 = AXIS2_PLACEMENT_3D ( 'NONE', #1364, #42, #1908 ) ;
#900 = VERTEX_POINT ( 'NONE', #3060 ) ;
#901 = LINE ( 'NONE', #1407, #915 ) ;
#902 = CARTESIAN_POINT ( 'NONE',  ( -15.20537989737608342, -22.10368098241533374, -4.403680982415338896 ) ) ;
#903 = ADVANCED_FACE ( 'NONE', ( #1513 ), #991, .F. ) ;
#904 = ORIENTED_EDGE ( 'NONE', *, *, #2703, .T. ) ;
#905 = DIRECTION ( 'NONE',  ( 0.000000000000000000, 0.000000000000000000, 1.000000000000000000 ) ) ;
#906 = CARTESIAN_POINT ( 'NONE',  ( 13.49999999938163597, -40.45000000000000284, -18.29999999496763508 ) ) ;
#907 = ADVANCED_FACE ( 'NONE', ( #1748 ), #2860, .F. ) ;
#908 = CARTESIAN_POINT ( 'NONE',  ( 6.700000000000101430, -41.99999999999999289, -14.69525958928833909 ) ) ;
#909 = ORIENTED_EDGE ( 'NONE', *, *, #221, .T. ) ;
#910 = LINE ( 'NONE', #1941, #2819 ) ;
#911 = EDGE_LOOP ( 'NONE', ( #568, #275 ) ) ;
#912 = CARTESIAN_POINT ( 'NONE',  ( 0.000000000000000000, 0.000000000000000000, 2.299999999999999822 ) ) ;
#913 = FACE_BOUND ( 'NONE', #1170, .T. ) ;
#914 = ORIENTED_EDGE ( 'NONE', *, *, #2025, .T. ) ;
#915 = VECTOR ( 'NONE', #1676, 1000.000000000000000 ) ;
#916 = FACE_OUTER_BOUND ( 'NONE', #63, .T. ) ;
#917 = AXIS2_PLACEMENT_3D ( 'NONE', #2508, #720, #125 ) ;
#918 = ADVANCED_FACE ( 'NONE', ( #1804 ), #3080, .F. ) ;
#919 = VERTEX_POINT ( 'NONE', #1028 ) ;
#920 = DIRECTION ( 'NONE',  ( -0.000000000000000000, 1.000000000000000000, -0.000000000000000000 ) ) ;
#921 = LINE ( 'NONE', #698, #2093 ) ;
#922 = CARTESIAN_POINT ( 'NONE',  ( 10.00000000000000355, -34.85000000000000142, -49.90000000000009095 ) ) ;
#923 = VECTOR ( 'NONE', #1173, 1000.000000000000000 ) ;
#924 = VERTEX_POINT ( 'NONE', #1532 ) ;
#925 = DIRECTION ( 'NONE',  ( -1.000000000000000000, -1.636531581110195607E-15, 0.000000000000000000 ) ) ;
#926 = EDGE_CURVE ( 'NONE', #2687, #20, #3099, .T. ) ;
#927 = AXIS2_PLACEMENT_3D ( 'NONE', #3001, #1709, #1643 ) ;
#928 = EDGE_LOOP ( 'NONE', ( #2719, #1201, #2159, #138 ) ) ;
#929 = LINE ( 'NONE', #621, #2240 ) ;
#930 = EDGE_LOOP ( 'NONE', ( #3079, #2588, #2714, #3176 ) ) ;
#931 = DIRECTION ( 'NONE',  ( -0.000000000000000000, -0.000000000000000000, 1.000000000000000000 ) ) ;
#932 = ADVANCED_FACE ( 'NONE', ( #1548 ), #261, .F. ) ;
#933 = ORIENTED_EDGE ( 'NONE', *, *, #2552, .F. ) ;
#934 = AXIS2_PLACEMENT_3D ( 'NONE', #710, #3, #470 ) ;
#935 = CARTESIAN_POINT ( 'NONE',  ( 2.610287666325547207, -13.85705393449218903, 0.000000000000000000 ) ) ;
#936 = VECTOR ( 'NONE', #756, 1000.000000000000114 ) ;
#937 = VERTEX_POINT ( 'NONE', #3151 ) ;
#938 = DIRECTION ( 'NONE',  ( 0.000000000000000000, 1.000000000000000000, 0.000000000000000000 ) ) ;
#939 = CARTESIAN_POINT ( 'NONE',  ( 19.00000000000000355, -34.85000000000000142, -49.90000000000009095 ) ) ;
#940 = CARTESIAN_POINT ( 'NONE',  ( 9.000000000000001776, -30.74999999999996803, -48.90000000000005542 ) ) ;
#941 = AXIS2_PLACEMENT_3D ( 'NONE', #153, #376, #2741 ) ;
#942 = VERTEX_POINT ( 'NONE', #1565 ) ;
#943 = DIRECTION ( 'NONE',  ( -0.000000000000000000, -0.000000000000000000, 1.000000000000000000 ) ) ;
#944 = CIRCLE ( 'NONE', #349, 5.000000000000000000 ) ;
#945 = EDGE_LOOP ( 'NONE', ( #3109, #2614, #486, #1755 ) ) ;
#946 = CARTESIAN_POINT ( 'NONE',  ( -13.85705393449315181, -84.93251095273978990, -23.68971233367537366 ) ) ;
#947 = ORIENTED_EDGE ( 'NONE', *, *, #445, .F. ) ;
#948 = EDGE_CURVE ( 'NONE', #771, #1637, #3058, .T. ) ;
#949 = DIRECTION ( 'NONE',  ( 0.000000000000000000, 0.000000000000000000, 1.000000000000000000 ) ) ;
#950 = EDGE_CURVE ( 'NONE', #1971, #3291, #2129, .T. ) ;
#951 = ORIENTED_EDGE ( 'NONE', *, *, #1770, .T. ) ;
#952 = VECTOR ( 'NONE', #477, 1000.000000000000000 ) ;
#953 = CIRCLE ( 'NONE', #3282, 1.899999999999999023 ) ;
#954 = CYLINDRICAL_SURFACE ( 'NONE', #1094, 3.549999999999999378 ) ;
#955 = CIRCLE ( 'NONE', #1169, 5.000000000000000000 ) ;
#956 = ORIENTED_EDGE ( 'NONE', *, *, #3112, .F. ) ;
#957 = CARTESIAN_POINT ( 'NONE',  ( 9.000000000000001776, -28.84999999999996945, -48.90000000000005542 ) ) ;
#958 = CARTESIAN_POINT ( 'NONE',  ( 19.00000000000000355, -34.85000000000000853, -2.700000000000000178 ) ) ;
#959 = CARTESIAN_POINT ( 'NONE',  ( 19.00000000000000000, 0.000000000000000000, -3.000000000000002665 ) ) ;
#960 =( BOUNDED_CURVE ( )  B_SPLINE_CURVE ( 3, ( #454, #2871, #802, #1060 ),
 .UNSPECIFIED., .F., .T. ) 
 B_SPLINE_CURVE_WITH_KNOTS ( ( 4, 4 ),
 ( 1.570796326794896558, 4.712388980384689674 ),
 .UNSPECIFIED. ) 
 CURVE ( )  GEOMETRIC_REPRESENTATION_ITEM ( )  RATIONAL_B_SPLINE_CURVE ( ( 1.000000000000000000, 0.3333333333333333703, 0.3333333333333333703, 1.000000000000000000 ) ) 
 REPRESENTATION_ITEM ( '' )  );
#961 = ORIENTED_EDGE ( 'NONE', *, *, #158, .T. ) ;
#962 = FACE_OUTER_BOUND ( 'NONE', #491, .T. ) ;
#963 = ORIENTED_EDGE ( 'NONE', *, *, #303, .T. ) ;
#964 = DIRECTION ( 'NONE',  ( 0.000000000000000000, 1.000000000000000000, 1.095473895433933174E-15 ) ) ;
#965 = EDGE_CURVE ( 'NONE', #3329, #696, #2462, .T. ) ;
#966 = ORIENTED_EDGE ( 'NONE', *, *, #423, .F. ) ;
#967 = LINE ( 'NONE', #1233, #1634 ) ;
#968 = VERTEX_POINT ( 'NONE', #806 ) ;
#969 = CARTESIAN_POINT ( 'NONE',  ( -4.667951537024475961, -39.69999999999999574, -12.99429543795553599 ) ) ;
#970 = DIRECTION ( 'NONE',  ( -0.000000000000000000, 1.000000000000000000, -0.000000000000000000 ) ) ;
#971 = VERTEX_POINT ( 'NONE', #3169 ) ;
#972 = AXIS2_PLACEMENT_3D ( 'NONE', #3349, #2307, #269 ) ;
#973 = EDGE_LOOP ( 'NONE', ( #2789, #2007 ) ) ;
#974 = DIRECTION ( 'NONE',  ( -1.000000000000000000, 0.000000000000000000, 0.000000000000000000 ) ) ;
#975 = DIRECTION ( 'NONE',  ( -0.000000000000000000, -0.000000000000000000, 1.000000000000000000 ) ) ;
#976 = CARTESIAN_POINT ( 'NONE',  ( 9.000000000000001776, -30.74999999999996092, -54.90000000000005542 ) ) ;
#977 = CIRCLE ( 'NONE', #1845, 1.899999999999999023 ) ;
#978 = ADVANCED_FACE ( 'NONE', ( #2611 ), #1904, .F. ) ;
#979 = ORIENTED_EDGE ( 'NONE', *, *, #553, .F. ) ;
#980 = CARTESIAN_POINT ( 'NONE',  ( 0.000000000000000000, -24.69999999999999929, 0.000000000000000000 ) ) ;
#981 = ORIENTED_EDGE ( 'NONE', *, *, #2794, .T. ) ;
#982 = VERTEX_POINT ( 'NONE', #1096 ) ;
#983 = AXIS2_PLACEMENT_3D ( 'NONE', #508, #526, #472 ) ;
#984 = LINE ( 'NONE', #1219, #2396 ) ;
#985 = VERTEX_POINT ( 'NONE', #823 ) ;
#986 = DIRECTION ( 'NONE',  ( -0.6418732646538559683, 0.7668107407454600732, 0.000000000000000000 ) ) ;
#987 = DIRECTION ( 'NONE',  ( 9.819189486661198094E-16, 0.000000000000000000, 1.000000000000000000 ) ) ;
#988 = EDGE_LOOP ( 'NONE', ( #2022, #160, #956, #212 ) ) ;
#989 = EDGE_CURVE ( 'NONE', #3097, #1660, #2112, .T. ) ;
#990 = VERTEX_POINT ( 'NONE', #278 ) ;
#991 = CYLINDRICAL_SURFACE ( 'NONE', #1273, 3.549999999999997602 ) ;
#992 = CARTESIAN_POINT ( 'NONE',  ( 11.60474041071149109, 6.700000000000736478, -42.93251095273883777 ) ) ;
#993 = FACE_BOUND ( 'NONE', #402, .T. ) ;
#994 = AXIS2_PLACEMENT_3D ( 'NONE', #2346, #3129, #64 ) ;
#995 = EDGE_CURVE ( 'NONE', #3326, #887, #3334, .T. ) ;
#996 = DIRECTION ( 'NONE',  ( 0.000000000000000000, 0.000000000000000000, 1.000000000000000000 ) ) ;
#997 = CARTESIAN_POINT ( 'NONE',  ( -13.50000000061836225, -39.69999999999999574, -37.84999999496763223 ) ) ;
#998 = VERTEX_POINT ( 'NONE', #1312 ) ;
#999 = DIRECTION ( 'NONE',  ( 0.000000000000000000, 0.000000000000000000, 1.000000000000000000 ) ) ;
#1000 = ORIENTED_EDGE ( 'NONE', *, *, #1816, .T. ) ;
#1001 = DIRECTION ( 'NONE',  ( 0.000000000000000000, -0.000000000000000000, 1.000000000000000000 ) ) ;
#1002 = CYLINDRICAL_SURFACE ( 'NONE', #2148, 2.649999999999992806 ) ;
#1003 = ORIENTED_EDGE ( 'NONE', *, *, #1422, .F. ) ;
#1004 = CARTESIAN_POINT ( 'NONE',  ( -18.99999999999999645, -20.70000000000000995, -3.000000000000000000 ) ) ;
#1005 = AXIS2_PLACEMENT_3D ( 'NONE', #54, #1872, #1376 ) ;
#1006 = DIRECTION ( 'NONE',  ( -0.000000000000000000, -1.000000000000000000, -0.000000000000000000 ) ) ;
#1007 = ORIENTED_EDGE ( 'NONE', *, *, #3061, .T. ) ;
#1008 = AXIS2_PLACEMENT_3D ( 'NONE', #1100, #1891, #1113 ) ;
#1009 = VERTEX_POINT ( 'NONE', #2351 ) ;
#1010 = DIRECTION ( 'NONE',  ( 0.000000000000000000, 0.000000000000000000, 1.000000000000000000 ) ) ;
#1011 = EDGE_CURVE ( 'NONE', #3133, #2399, #2926, .T. ) ;
#1012 = CARTESIAN_POINT ( 'NONE',  ( 13.49999999938163597, -39.69999999999999574, -18.29999999496763508 ) ) ;
#1013 = DIRECTION ( 'NONE',  ( 1.000000000000000000, 0.000000000000000000, 0.000000000000000000 ) ) ;
#1014 = AXIS2_PLACEMENT_3D ( 'NONE', #716, #2319, #1295 ) ;
#1015 = EDGE_CURVE ( 'NONE', #2774, #937, #1127, .T. ) ;
#1016 = CARTESIAN_POINT ( 'NONE',  ( -6.693648218653287074, -84.93251095273978990, -22.43542039909952734 ) ) ;
#1017 = DIRECTION ( 'NONE',  ( -0.000000000000000000, 1.000000000000000000, -0.000000000000000000 ) ) ;
#1018 = VERTEX_POINT ( 'NONE', #840 ) ;
#1019 = PRESENTATION_STYLE_ASSIGNMENT (( #1774 ) ) ;
#1020 = ADVANCED_FACE ( 'NONE', ( #2161 ), #23, .F. ) ;
#1021 = ORIENTED_EDGE ( 'NONE', *, *, #607, .F. ) ;
#1022 = FACE_OUTER_BOUND ( 'NONE', #1485, .T. ) ;
#1023 = ORIENTED_EDGE ( 'NONE', *, *, #2736, .F. ) ;
#1024 = DIRECTION ( 'NONE',  ( -0.000000000000000000, 1.000000000000000000, -0.000000000000000000 ) ) ;
#1025 = EDGE_CURVE ( 'NONE', #1266, #53, #3198, .T. ) ;
#1026 = PLANE ( 'NONE',  #1464 ) ;
#1027 = ORIENTED_EDGE ( 'NONE', *, *, #1124, .F. ) ;
#1028 = CARTESIAN_POINT ( 'NONE',  ( 4.724999999999523581, 11.47483660014415641, -3.000000000000000000 ) ) ;
#1029 = DIRECTION ( 'NONE',  ( -0.000000000000000000, -0.000000000000000000, 1.000000000000000000 ) ) ;
#1030 = CARTESIAN_POINT ( 'NONE',  ( -6.693648218653287074, -41.99999999999999289, -22.43542039909952734 ) ) ;
#1031 = EDGE_CURVE ( 'NONE', #3017, #867, #1599, .T. ) ;
#1032 = CARTESIAN_POINT ( 'NONE',  ( 19.00000000000000355, -24.69999999999999929, -45.60000000000009379 ) ) ;
#1033 = CARTESIAN_POINT ( 'NONE',  ( 13.30570456204474183, -4.667951537023347086, -42.93251095273883777 ) ) ;
#1034 = CIRCLE ( 'NONE', #2166, 3.549999999999997602 ) ;
#1035 = ORIENTED_EDGE ( 'NONE', *, *, #1608, .T. ) ;
#1036 = CARTESIAN_POINT ( 'NONE',  ( 19.00000000000000000, -20.70000000000000995, -3.000000000000002665 ) ) ;
#1037 = DIRECTION ( 'NONE',  ( -0.000000000000000000, 1.000000000000000000, -0.000000000000000000 ) ) ;
#1038 = EDGE_LOOP ( 'NONE', ( #222, #1503, #585, #1624 ) ) ;
#1039 = PLANE ( 'NONE',  #1473 ) ;
#1040 = AXIS2_PLACEMENT_3D ( 'NONE', #2519, #1224, #1240 ) ;
#1041 = AXIS2_PLACEMENT_3D ( 'NONE', #309, #587, #2397 ) ;
#1042 = FACE_OUTER_BOUND ( 'NONE', #441, .T. ) ;
#1043 = ORIENTED_EDGE ( 'NONE', *, *, #2361, .F. ) ;
#1044 = ORIENTED_EDGE ( 'NONE', *, *, #439, .T. ) ;
#1045 = CARTESIAN_POINT ( 'NONE',  ( 9.000000000000001776, -42.74999999999996447, -48.90000000000006253 ) ) ;
#1046 = LINE ( 'NONE', #2078, #1439 ) ;
#1047 = FACE_BOUND ( 'NONE', #1487, .T. ) ;
#1048 = ADVANCED_FACE ( 'NONE', ( #2876 ), #528, .F. ) ;
#1049 = CYLINDRICAL_SURFACE ( 'NONE', #2971, 2.649999999999992806 ) ;
#1050 = EDGE_CURVE ( 'NONE', #611, #256, #944, .T. ) ;
#1051 = DIRECTION ( 'NONE',  ( -8.260587980841940012E-17, 1.000000000000000000, -0.000000000000000000 ) ) ;
#1052 = VECTOR ( 'NONE', #2765, 1000.000000000000000 ) ;
#1053 = ORIENTED_EDGE ( 'NONE', *, *, #1402, .T. ) ;
#1054 = PLANE ( 'NONE',  #2333 ) ;
#1055 = CARTESIAN_POINT ( 'NONE',  ( 14.25474041071149145, 6.700000000000736478, -42.93251095273883777 ) ) ;
#1056 = ORIENTED_EDGE ( 'NONE', *, *, #246, .F. ) ;
#1057 = DIRECTION ( 'NONE',  ( -1.000000000000000000, 0.000000000000000000, 0.000000000000000000 ) ) ;
#1058 = EDGE_CURVE ( 'NONE', #1663, #3326, #2382, .T. ) ;
#1059 = VECTOR ( 'NONE', #2758, 1000.000000000000000 ) ;
#1060 = CARTESIAN_POINT ( 'NONE',  ( 11.40537989737626212, -22.10368098241527690, -4.403680982415282941 ) ) ;
#1061 = ORIENTED_EDGE ( 'NONE', *, *, #668, .T. ) ;
#1062 = VERTEX_POINT ( 'NONE', #1358 ) ;
#1063 = DIRECTION ( 'NONE',  ( -0.000000000000000000, 1.000000000000000000, -0.000000000000000000 ) ) ;
#1064 = FACE_OUTER_BOUND ( 'NONE', #2230, .T. ) ;
#1065 = CARTESIAN_POINT ( 'NONE',  ( 10.00000000000000355, -32.10000000000002984, -49.90000000000009095 ) ) ;
#1066 = VECTOR ( 'NONE', #1446, 1000.000000000000000 ) ;
#1067 = DIRECTION ( 'NONE',  ( -0.000000000000000000, 1.000000000000000000, -0.000000000000000000 ) ) ;
#1068 = DIRECTION ( 'NONE',  ( 0.000000000000000000, -0.000000000000000000, 1.000000000000000000 ) ) ;
#1069 = EDGE_LOOP ( 'NONE', ( #2184, #2973 ) ) ;
#1070 = DIRECTION ( 'NONE',  ( -0.000000000000000000, -0.000000000000000000, 1.000000000000000000 ) ) ;
#1071 = CARTESIAN_POINT ( 'NONE',  ( 13.85705393449289069, -41.99999999999999289, -28.91028766632431513 ) ) ;
#1072 = ORIENTED_EDGE ( 'NONE', *, *, #386, .F. ) ;
#1073 = FACE_OUTER_BOUND ( 'NONE', #3029, .T. ) ;
#1074 = ADVANCED_FACE ( 'NONE', ( #2400 ), #70, .F. ) ;
#1075 = DIRECTION ( 'NONE',  ( 0.7668107407454950453, 0.6418732646538141129, 0.000000000000000000 ) ) ;
#1076 = ORIENTED_EDGE ( 'NONE', *, *, #1317, .T. ) ;
#1077 = EDGE_LOOP ( 'NONE', ( #2409, #1689 ) ) ;
#1078 = CARTESIAN_POINT ( 'NONE',  ( 11.60474041071149109, 6.700000000000736478, -42.93251095273883777 ) ) ;
#1079 = DIRECTION ( 'NONE',  ( -0.000000000000000000, 1.000000000000000000, -0.000000000000000000 ) ) ;
#1080 = DIRECTION ( 'NONE',  ( 0.000000000000000000, 0.000000000000000000, 1.000000000000000000 ) ) ;
#1081 = DIRECTION ( 'NONE',  ( -0.000000000000000000, -1.000000000000000000, -0.000000000000000000 ) ) ;
#1082 = CYLINDRICAL_SURFACE ( 'NONE', #2369, 1.899999999999999023 ) ;
#1083 = EDGE_CURVE ( 'NONE', #3069, #1542, #1171, .T. ) ;
#1084 = AXIS2_PLACEMENT_3D ( 'NONE', #1758, #2191, #467 ) ;
#1085 = ORIENTED_EDGE ( 'NONE', *, *, #2484, .F. ) ;
#1086 = LINE ( 'NONE', #599, #866 ) ;
#1087 = CYLINDRICAL_SURFACE ( 'NONE', #1702, 5.000000000000000000 ) ;
#1088 = ORIENTED_EDGE ( 'NONE', *, *, #3016, .T. ) ;
#1089 = PLANE ( 'NONE',  #2941 ) ;
#1090 = VECTOR ( 'NONE', #1739, 1000.000000000000000 ) ;
#1091 = AXIS2_PLACEMENT_3D ( 'NONE', #2028, #283, #811 ) ;
#1092 = CARTESIAN_POINT ( 'NONE',  ( 9.000000000000001776, -28.84999999999996945, -48.90000000000005542 ) ) ;
#1093 = ORIENTED_EDGE ( 'NONE', *, *, #344, .T. ) ;
#1094 = AXIS2_PLACEMENT_3D ( 'NONE', #2242, #3276, #1985 ) ;
#1095 = EDGE_LOOP ( 'NONE', ( #1866, #2657, #1000, #3355 ) ) ;
#1096 = CARTESIAN_POINT ( 'NONE',  ( 3.864579600901408174, -6.693648218652620940, 2.299999999999999822 ) ) ;
#1097 = FACE_OUTER_BOUND ( 'NONE', #1038, .T. ) ;
#1098 = VECTOR ( 'NONE', #931, 1000.000000000000000 ) ;
#1099 = DIRECTION ( 'NONE',  ( -0.000000000000000000, 1.000000000000000000, -0.000000000000000000 ) ) ;
#1100 = CARTESIAN_POINT ( 'NONE',  ( 0.000000000000000000, 13.40000000000000036, 0.000000000000000000 ) ) ;
#1101 = EDGE_CURVE ( 'NONE', #259, #1018, #358, .T. ) ;
#1102 = ORIENTED_EDGE ( 'NONE', *, *, #1614, .T. ) ;
#1103 = DIRECTION ( 'NONE',  ( -0.9392839235729947278, 0.000000000000000000, 0.3431409490534766404 ) ) ;
#1104 = ORIENTED_EDGE ( 'NONE', *, *, #1901, .F. ) ;
#1105 = CYLINDRICAL_SURFACE ( 'NONE', #1688, 1.899999999999999023 ) ;
#1106 = CARTESIAN_POINT ( 'NONE',  ( -13.50000000061836225, -40.45000000000000284, -18.29999999496763152 ) ) ;
#1107 = VERTEX_POINT ( 'NONE', #149 ) ;
#1108 = EDGE_LOOP ( 'NONE', ( #168, #2700, #1736, #2316 ) ) ;
#1109 = CARTESIAN_POINT ( 'NONE',  ( -19.00000000000000000, 0.000000000000000000, -3.000000000000002665 ) ) ;
#1110 = DIRECTION ( 'NONE',  ( -0.000000000000000000, -0.000000000000000000, 1.000000000000000000 ) ) ;
#1111 = PRODUCT_DEFINITION ( 'UNKNOWN', '', #679, #137 ) ;
#1112 = EDGE_CURVE ( 'NONE', #1406, #1117, #1155, .T. ) ;
#1113 = DIRECTION ( 'NONE',  ( -1.000000000000000000, 0.000000000000000000, 0.000000000000000000 ) ) ;
#1114 = CIRCLE ( 'NONE', #409, 1.900000000000025002 ) ;
#1115 = EDGE_CURVE ( 'NONE', #483, #1667, #2977, .T. ) ;
#1116 = CIRCLE ( 'NONE', #2418, 5.000000000000000000 ) ;
#1117 = VERTEX_POINT ( 'NONE', #1646 ) ;
#1118 = CARTESIAN_POINT ( 'NONE',  ( 9.000000000000001776, -40.84999999999995879, -54.90000000000006253 ) ) ;
#1119 = VERTEX_POINT ( 'NONE', #2430 ) ;
#1120 = PLANE ( 'NONE',  #66 ) ;
#1121 = EDGE_CURVE ( 'NONE', #1971, #1975, #1403, .T. ) ;
#1122 = VECTOR ( 'NONE', #2939, 999.9999999999998863 ) ;
#1123 = DIRECTION ( 'NONE',  ( 0.000000000000000000, 0.000000000000000000, 1.000000000000000000 ) ) ;
#1124 = EDGE_CURVE ( 'NONE', #561, #937, #2766, .T. ) ;
#1125 = ORIENTED_EDGE ( 'NONE', *, *, #1884, .T. ) ;
#1126 = VERTEX_POINT ( 'NONE', #1250 ) ;
#1127 = LINE ( 'NONE', #2415, #2709 ) ;
#1128 = DIRECTION ( 'NONE',  ( 4.163575784927221786E-17, 1.095473895433933174E-15, -1.000000000000000000 ) ) ;
#1129 = CARTESIAN_POINT ( 'NONE',  ( 19.00000000000000355, -24.69999999999999929, -45.60000000000009379 ) ) ;
#1130 = ORIENTED_EDGE ( 'NONE', *, *, #1465, .F. ) ;
#1131 = FACE_OUTER_BOUND ( 'NONE', #171, .T. ) ;
#1132 = ORIENTED_EDGE ( 'NONE', *, *, #1594, .T. ) ;
#1133 = DIRECTION ( 'NONE',  ( 1.000000000000000000, 0.000000000000000000, 0.000000000000000000 ) ) ;
#1134 = FACE_OUTER_BOUND ( 'NONE', #859, .T. ) ;
#1135 = VECTOR ( 'NONE', #522, 1000.000000000000000 ) ;
#1136 = EDGE_LOOP ( 'NONE', ( #2202, #1526, #3332, #7 ) ) ;
#1137 = CARTESIAN_POINT ( 'NONE',  ( 6.624999999999544364, 11.47483660014415641, 2.299999999999999822 ) ) ;
#1138 = CIRCLE ( 'NONE', #2499, 1.899999999999999023 ) ;
#1139 = VECTOR ( 'NONE', #1075, 1000.000000000000114 ) ;
#1140 = EDGE_LOOP ( 'NONE', ( #833, #2235, #2070, #605 ) ) ;
#1141 = DIRECTION ( 'NONE',  ( -0.000000000000000000, -0.000000000000000000, 1.000000000000000000 ) ) ;
#1142 = LINE ( 'NONE', #827, #793 ) ;
#1143 = DIRECTION ( 'NONE',  ( -0.000000000000000000, 1.000000000000000000, -0.000000000000000000 ) ) ;
#1144 = EDGE_CURVE ( 'NONE', #658, #2530, #323, .T. ) ;
#1145 = EDGE_CURVE ( 'NONE', #92, #3150, #3327, .T. ) ;
#1146 = EDGE_LOOP ( 'NONE', ( #2367, #2160, #1076, #418 ) ) ;
#1147 = CARTESIAN_POINT ( 'NONE',  ( -2.610287666322975486, -13.85705393449220679, 2.299999999999999822 ) ) ;
#1148 = ORIENTED_EDGE ( 'NONE', *, *, #489, .F. ) ;
#1149 = DIRECTION ( 'NONE',  ( 0.000000000000000000, 1.000000000000000000, 0.000000000000000000 ) ) ;
#1150 = EDGE_CURVE ( 'NONE', #3057, #3078, #901, .T. ) ;
#1151 = DIRECTION ( 'NONE',  ( 0.000000000000000000, 0.000000000000000000, 1.000000000000000000 ) ) ;
#1152 = CIRCLE ( 'NONE', #718, 5.000000000000000888 ) ;
#1153 = VERTEX_POINT ( 'NONE', #1918 ) ;
#1154 = ADVANCED_FACE ( 'NONE', ( #1948 ), #1504, .F. ) ;
#1155 = LINE ( 'NONE', #1933, #1944 ) ;
#1156 = FACE_OUTER_BOUND ( 'NONE', #1136, .T. ) ;
#1157 = ORIENTED_EDGE ( 'NONE', *, *, #1180, .F. ) ;
#1158 = CARTESIAN_POINT ( 'NONE',  ( -3.864579600899062495, -6.693648218653594384, -42.93251095273883777 ) ) ;
#1159 = CARTESIAN_POINT ( 'NONE',  ( 10.69541689572048782, -9.189102397467369343, 0.000000000000000000 ) ) ;
#1160 = FACE_OUTER_BOUND ( 'NONE', #1095, .T. ) ;
#1161 = VECTOR ( 'NONE', #511, 1000.000000000000000 ) ;
#1162 = ORIENTED_EDGE ( 'NONE', *, *, #1015, .T. ) ;
#1163 = CYLINDRICAL_SURFACE ( 'NONE', #2389, 1.899999999999950395 ) ;
#1164 = ORIENTED_EDGE ( 'NONE', *, *, #2950, .T. ) ;
#1165 = CARTESIAN_POINT ( 'NONE',  ( 13.49999999938163597, -40.45000000000000284, -18.29999999496763508 ) ) ;
#1166 = AXIS2_PLACEMENT_3D ( 'NONE', #2706, #630, #3232 ) ;
#1167 = AXIS2_PLACEMENT_3D ( 'NONE', #264, #1534, #774 ) ;
#1168 = DIRECTION ( 'NONE',  ( -0.000000000000000000, 1.000000000000000000, -0.000000000000000000 ) ) ;
#1169 = AXIS2_PLACEMENT_3D ( 'NONE', #2097, #1377, #841 ) ;
#1170 = EDGE_LOOP ( 'NONE', ( #2544, #688 ) ) ;
#1171 = LINE ( 'NONE', #2482, #2385 ) ;
#1172 = ADVANCED_BREP_SHAPE_REPRESENTATION ( '009_005_Up_down_connector', ( #602, #1383 ), #1332 ) ;
#1173 = DIRECTION ( 'NONE',  ( 0.1724731828275075929, 0.9850142137072688264, 0.000000000000000000 ) ) ;
#1174 = PRODUCT_DEFINITION_SHAPE ( 'NONE', 'NONE',  #1111 ) ;
#1175 = ADVANCED_FACE ( 'NONE', ( #2225, #885 ), #2463, .T. ) ;
#1176 = ORIENTED_EDGE ( 'NONE', *, *, #2075, .T. ) ;
#1177 = CARTESIAN_POINT ( 'NONE',  ( 13.49999999938163597, -40.45000000000000284, -34.29999999496763508 ) ) ;
#1178 = CARTESIAN_POINT ( 'NONE',  ( -13.30537989737612392, -22.10368098241533374, -3.000000000000000000 ) ) ;
#1179 = FACE_OUTER_BOUND ( 'NONE', #2767, .T. ) ;
#1180 = EDGE_CURVE ( 'NONE', #3197, #14, #3258, .T. ) ;
#1181 = VERTEX_POINT ( 'NONE', #3142 ) ;
#1182 = CARTESIAN_POINT ( 'NONE',  ( -13.50000000061836225, -50.37401153701775769, -18.29999999496763152 ) ) ;
#1183 = ORIENTED_EDGE ( 'NONE', *, *, #151, .T. ) ;
#1184 = DIRECTION ( 'NONE',  ( -0.000000000000000000, 1.000000000000000000, -0.000000000000000000 ) ) ;
#1185 = ORIENTED_EDGE ( 'NONE', *, *, #1854, .F. ) ;
#1186 = CARTESIAN_POINT ( 'NONE',  ( 3.864579600901408174, -6.693648218652620940, 2.299999999999999822 ) ) ;
#1187 = EDGE_LOOP ( 'NONE', ( #2801, #22, #3294, #2946 ) ) ;
#1188 = DIRECTION ( 'NONE',  ( 0.3431409490534294005, -0.9392839235730119363, 0.000000000000000000 ) ) ;
#1189 = DIRECTION ( 'NONE',  ( 0.1724731828275600787, -0.9850142137072596116, 0.000000000000000000 ) ) ;
#1190 = CIRCLE ( 'NONE', #1091, 2.649999999999997691 ) ;
#1191 = ORIENTED_EDGE ( 'NONE', *, *, #221, .F. ) ;
#1192 = DIRECTION ( 'NONE',  ( 4.163575784927221786E-17, 1.095473895433933174E-15, -1.000000000000000000 ) ) ;
#1193 = CARTESIAN_POINT ( 'NONE',  ( -9.000000000000007105, -40.84999999999996589, -48.90000000000006963 ) ) ;
#1194 = DIRECTION ( 'NONE',  ( 0.000000000000000000, 0.000000000000000000, 1.000000000000000000 ) ) ;
#1195 = EDGE_CURVE ( 'NONE', #2873, #1613, #3107, .T. ) ;
#1196 = VERTEX_POINT ( 'NONE', #1777 ) ;
#1197 = DIRECTION ( 'NONE',  ( -0.000000000000000000, -0.000000000000000000, 1.000000000000000000 ) ) ;
#1198 = VECTOR ( 'NONE', #1202, 1000.000000000000000 ) ;
#1199 = ORIENTED_EDGE ( 'NONE', *, *, #2383, .F. ) ;
#1200 = CYLINDRICAL_SURFACE ( 'NONE', #3325, 19.00000000000000000 ) ;
#1201 = ORIENTED_EDGE ( 'NONE', *, *, #3247, .T. ) ;
#1202 = DIRECTION ( 'NONE',  ( -0.000000000000000000, -0.000000000000000000, 1.000000000000000000 ) ) ;
#1203 = ORIENTED_EDGE ( 'NONE', *, *, #1524, .T. ) ;
#1204 = VECTOR ( 'NONE', #2787, 1000.000000000000227 ) ;
#1205 = CARTESIAN_POINT ( 'NONE',  ( 2.610287666325547207, -13.85705393449218903, 2.299999999999999822 ) ) ;
#1206 = CIRCLE ( 'NONE', #1535, 2.750000000000002665 ) ;
#1207 = ORIENTED_EDGE ( 'NONE', *, *, #2972, .F. ) ;
#1208 = CARTESIAN_POINT ( 'NONE',  ( -11.60474041071085516, 6.699999999999613820, -42.93251095273883777 ) ) ;
#1209 = DIRECTION ( 'NONE',  ( -0.000000000000000000, -1.000000000000000000, -0.000000000000000000 ) ) ;
#1210 = CARTESIAN_POINT ( 'NONE',  ( -9.000000000000007105, -40.84999999999996589, -48.90000000000006963 ) ) ;
#1211 = EDGE_CURVE ( 'NONE', #2238, #2749, #1621, .T. ) ;
#1212 = AXIS2_PLACEMENT_3D ( 'NONE', #1208, #1141, #393 ) ;
#1213 = ORIENTED_EDGE ( 'NONE', *, *, #2987, .T. ) ;
#1214 = LINE ( 'NONE', #3302, #2223 ) ;
#1215 = ORIENTED_EDGE ( 'NONE', *, *, #3061, .F. ) ;
#1216 = CARTESIAN_POINT ( 'NONE',  ( -6.693648218653287074, -39.69999999999999574, -22.43542039909952734 ) ) ;
#1217 = ORIENTED_EDGE ( 'NONE', *, *, #1025, .T. ) ;
#1218 = ADVANCED_FACE ( 'NONE', ( #3125 ), #3073, .F. ) ;
#1219 = CARTESIAN_POINT ( 'NONE',  ( 3.864579600900049261, 6.693648218653777349, 2.299999999999999822 ) ) ;
#1220 = VERTEX_POINT ( 'NONE', #1319 ) ;
#1221 = EDGE_CURVE ( 'NONE', #2749, #2238, #1034, .T. ) ;
#1222 = DIRECTION ( 'NONE',  ( -0.000000000000000000, -0.000000000000000000, 1.000000000000000000 ) ) ;
#1223 = ORIENTED_EDGE ( 'NONE', *, *, #3316, .F. ) ;
#1224 = DIRECTION ( 'NONE',  ( 4.163575784927221786E-17, 1.095473895433933174E-15, -1.000000000000000000 ) ) ;
#1225 = DIRECTION ( 'NONE',  ( 0.000000000000000000, -0.000000000000000000, 1.000000000000000000 ) ) ;
#1226 = PLANE ( 'NONE',  #2417 ) ;
#1227 = ORIENTED_EDGE ( 'NONE', *, *, #669, .T. ) ;
#1228 = FACE_OUTER_BOUND ( 'NONE', #2740, .T. ) ;
#1229 = VERTEX_POINT ( 'NONE', #1036 ) ;
#1230 = CARTESIAN_POINT ( 'NONE',  ( -13.50000000061836225, -39.69999999999999574, -21.84999999496763223 ) ) ;
#1231 = EDGE_LOOP ( 'NONE', ( #1655, #292, #914, #2509 ) ) ;
#1232 = EDGE_CURVE ( 'NONE', #2625, #2119, #302, .T. ) ;
#1233 = CARTESIAN_POINT ( 'NONE',  ( 13.49999999938163597, -50.37401153701775769, -20.19999999496763365 ) ) ;
#1234 = ORIENTED_EDGE ( 'NONE', *, *, #1714, .T. ) ;
#1235 = LINE ( 'NONE', #2589, #1909 ) ;
#1236 = EDGE_CURVE ( 'NONE', #2432, #982, #1557, .T. ) ;
#1237 = CARTESIAN_POINT ( 'NONE',  ( 7.729159201800657186, 1.054711873393898713E-12, 0.000000000000000000 ) ) ;
#1238 = VERTEX_POINT ( 'NONE', #2833 ) ;
#1239 = VERTEX_POINT ( 'NONE', #2343 ) ;
#1240 = DIRECTION ( 'NONE',  ( 0.000000000000000000, 1.000000000000000000, 0.000000000000000000 ) ) ;
#1241 = DIRECTION ( 'NONE',  ( -0.000000000000000000, 1.000000000000000000, -0.000000000000000000 ) ) ;
#1242 = FACE_BOUND ( 'NONE', #2798, .T. ) ;
#1243 = VECTOR ( 'NONE', #1017, 1000.000000000000000 ) ;
#1244 = DIRECTION ( 'NONE',  ( -8.260587980841938780E-17, 1.000000000000000000, 0.000000000000000000 ) ) ;
#1245 = CARTESIAN_POINT ( 'NONE',  ( 13.49999999938163597, -40.45000000000000284, -36.19999999496763365 ) ) ;
#1246 = EDGE_LOOP ( 'NONE', ( #2350, #839, #1986, #2109 ) ) ;
#1247 = CARTESIAN_POINT ( 'NONE',  ( 6.624999999999544364, 11.47483660014415641, 2.299999999999999822 ) ) ;
#1248 = ORIENTED_EDGE ( 'NONE', *, *, #3305, .T. ) ;
#1249 = AXIS2_PLACEMENT_3D ( 'NONE', #2936, #603, #1151 ) ;
#1250 = CARTESIAN_POINT ( 'NONE',  ( 19.00000000000000355, -45.00000000000000000, 2.299999999999999822 ) ) ;
#1251 = LINE ( 'NONE', #1574, #354 ) ;
#1252 = VERTEX_POINT ( 'NONE', #1540 ) ;
#1253 = PLANE ( 'NONE',  #3263 ) ;
#1254 = EDGE_CURVE ( 'NONE', #3116, #3031, #2708, .T. ) ;
#1255 = DIRECTION ( 'NONE',  ( -0.000000000000000000, 1.000000000000000000, -0.000000000000000000 ) ) ;
#1256 = ORIENTED_EDGE ( 'NONE', *, *, #1458, .T. ) ;
#1257 = EDGE_CURVE ( 'NONE', #2749, #483, #1523, .T. ) ;
#1258 = AXIS2_PLACEMENT_3D ( 'NONE', #95, #2750, #1133 ) ;
#1259 = ORIENTED_EDGE ( 'NONE', *, *, #2643, .F. ) ;
#1260 = LINE ( 'NONE', #2262, #1307 ) ;
#1261 = DIRECTION ( 'NONE',  ( 0.000000000000000000, 1.000000000000000000, 0.000000000000000000 ) ) ;
#1262 = DIRECTION ( 'NONE',  ( 0.000000000000000000, 1.000000000000000000, 0.000000000000000000 ) ) ;
#1263 = AXIS2_PLACEMENT_3D ( 'NONE', #353, #367, #1450 ) ;
#1264 = FACE_OUTER_BOUND ( 'NONE', #3235, .T. ) ;
#1265 = CARTESIAN_POINT ( 'NONE',  ( -13.50000000061836225, -40.45000000000000284, -18.29999999496763152 ) ) ;
#1266 = VERTEX_POINT ( 'NONE', #1303 ) ;
#1267 = LINE ( 'NONE', #1216, #1917 ) ;
#1268 = EDGE_LOOP ( 'NONE', ( #2537, #2600, #2733, #635 ) ) ;
#1269 = DIRECTION ( 'NONE',  ( 0.000000000000000000, 0.000000000000000000, 1.000000000000000000 ) ) ;
#1270 = DIRECTION ( 'NONE',  ( -0.9392839235730126024, 0.3431409490534277351, 0.000000000000000000 ) ) ;
#1271 = EDGE_LOOP ( 'NONE', ( #1203, #2032, #682, #2747 ) ) ;
#1272 = DIRECTION ( 'NONE',  ( -0.000000000000000000, 1.000000000000000000, -0.000000000000000000 ) ) ;
#1273 = AXIS2_PLACEMENT_3D ( 'NONE', #2335, #225, #1010 ) ;
#1274 = PLANE ( 'NONE',  #2284 ) ;
#1275 = ORIENTED_EDGE ( 'NONE', *, *, #3202, .F. ) ;
#1276 = ADVANCED_FACE ( 'NONE', ( #814 ), #2601, .F. ) ;
#1277 = AXIS2_PLACEMENT_3D ( 'NONE', #2975, #645, #1937 ) ;
#1278 = ORIENTED_EDGE ( 'NONE', *, *, #995, .F. ) ;
#1279 = LINE ( 'NONE', #715, #873 ) ;
#1280 = DIRECTION ( 'NONE',  ( -0.9850142137072722681, 0.000000000000000000, -0.1724731828274885248 ) ) ;
#1281 = DIRECTION ( 'NONE',  ( 4.163575784927221786E-17, 1.095473895433933174E-15, -1.000000000000000000 ) ) ;
#1282 = EDGE_CURVE ( 'NONE', #1631, #919, #3147, .T. ) ;
#1283 = CARTESIAN_POINT ( 'NONE',  ( -13.50000000061836225, -45.00000000000000000, -34.29999999496763508 ) ) ;
#1284 = DIRECTION ( 'NONE',  ( 0.000000000000000000, 1.000000000000000000, 0.000000000000000000 ) ) ;
#1285 = ADVANCED_FACE ( 'NONE', ( #2634, #3364, #2375, #44, #2033, #2585 ), #1054, .F. ) ;
#1286 = VERTEX_POINT ( 'NONE', #1830 ) ;
#1287 = CARTESIAN_POINT ( 'NONE',  ( 13.49999999938163597, -40.45000000000000284, -20.19999999496763365 ) ) ;
#1288 = FACE_OUTER_BOUND ( 'NONE', #1957, .T. ) ;
#1289 = ORIENTED_EDGE ( 'NONE', *, *, #836, .T. ) ;
#1290 = DIRECTION ( 'NONE',  ( 0.6418732646538155562, 0.000000000000000000, -0.7668107407454937130 ) ) ;
#1291 = CARTESIAN_POINT ( 'NONE',  ( 10.00000000000000355, -32.10000000000000142, -2.700000000000000178 ) ) ;
#1292 = ORIENTED_EDGE ( 'NONE', *, *, #553, .T. ) ;
#1293 = VERTEX_POINT ( 'NONE', #1287 ) ;
#1294 = CARTESIAN_POINT ( 'NONE',  ( 3.864579600901408174, -6.693648218652620940, 0.000000000000000000 ) ) ;
#1295 = DIRECTION ( 'NONE',  ( 8.260587980841938780E-17, -1.000000000000000000, 0.000000000000000000 ) ) ;
#1296 = CARTESIAN_POINT ( 'NONE',  ( 15.20537989737616691, -21.56147006472643568, -3.861470064726434170 ) ) ;
#1297 = CIRCLE ( 'NONE', #2995, 1.899999999999999023 ) ;
#1298 = DIRECTION ( 'NONE',  ( 0.000000000000000000, 0.000000000000000000, 1.000000000000000000 ) ) ;
#1299 = CARTESIAN_POINT ( 'NONE',  ( -19.00000000000000000, -24.69999999999999929, -45.60000000000008669 ) ) ;
#1300 = VECTOR ( 'NONE', #2392, 1000.000000000000000 ) ;
#1301 = EDGE_CURVE ( 'NONE', #201, #611, #1573, .T. ) ;
#1302 = ORIENTED_EDGE ( 'NONE', *, *, #737, .T. ) ;
#1303 = CARTESIAN_POINT ( 'NONE',  ( 6.693648218652973547, -39.69999999999999574, -30.16457960090009394 ) ) ;
#1304 = CARTESIAN_POINT ( 'NONE',  ( -11.40537989737616442, -22.10368098241533374, 2.299999999999999822 ) ) ;
#1305 = ORIENTED_EDGE ( 'NONE', *, *, #757, .F. ) ;
#1306 = LINE ( 'NONE', #18, #2890 ) ;
#1307 = VECTOR ( 'NONE', #1476, 1000.000000000000000 ) ;
#1308 = VECTOR ( 'NONE', #886, 1000.000000000000000 ) ;
#1309 = DIRECTION ( 'NONE',  ( -0.9392839235730126024, 0.3431409490534277351, 0.000000000000000000 ) ) ;
#1310 = EDGE_LOOP ( 'NONE', ( #3253, #847, #1248, #61 ) ) ;
#1311 = ORIENTED_EDGE ( 'NONE', *, *, #1800, .F. ) ;
#1312 = CARTESIAN_POINT ( 'NONE',  ( 19.00000000000001066, -45.00000000000000000, -54.90000000000007674 ) ) ;
#1313 = LINE ( 'NONE', #3062, #1654 ) ;
#1314 = DIRECTION ( 'NONE',  ( -1.326813146038358809E-16, 1.853328463483264595E-15, -1.000000000000000000 ) ) ;
#1315 = CARTESIAN_POINT ( 'NONE',  ( 9.189102397468213113, -39.69999999999999574, -36.99541689571987035 ) ) ;
#1316 = CARTESIAN_POINT ( 'NONE',  ( -9.000000000000007105, -42.74999999999995737, -54.90000000000006963 ) ) ;
#1317 = EDGE_CURVE ( 'NONE', #2909, #1449, #2901, .T. ) ;
#1318 = ORIENTED_EDGE ( 'NONE', *, *, #151, .F. ) ;
#1319 = CARTESIAN_POINT ( 'NONE',  ( -19.00000000000000000, -39.69999999999999574, -45.60000000000008669 ) ) ;
#1320 = CARTESIAN_POINT ( 'NONE',  ( -13.30570456204346286, 4.667951537024054076, 2.299999999999999822 ) ) ;
#1321 = ORIENTED_EDGE ( 'NONE', *, *, #950, .F. ) ;
#1322 = DIRECTION ( 'NONE',  ( 1.000000000000000000, 8.260587980841938780E-17, -0.000000000000000000 ) ) ;
#1323 = DIRECTION ( 'NONE',  ( 1.000000000000000000, 0.000000000000000000, 0.000000000000000000 ) ) ;
#1324 = ORIENTED_EDGE ( 'NONE', *, *, #445, .T. ) ;
#1325 = EDGE_CURVE ( 'NONE', #241, #3039, #2945, .T. ) ;
#1326 = EDGE_LOOP ( 'NONE', ( #1183, #625, #1564, #1311 ) ) ;
#1327 = DIRECTION ( 'NONE',  ( 1.000000000000000000, 0.000000000000000000, 0.000000000000000000 ) ) ;
#1328 = LINE ( 'NONE', #2372, #1983 ) ;
#1329 = CIRCLE ( 'NONE', #570, 1.899999999999999023 ) ;
#1330 = CYLINDRICAL_SURFACE ( 'NONE', #1490, 1.899999999999999023 ) ;
#1331 = VECTOR ( 'NONE', #91, 1000.000000000000000 ) ;
#1332 =( GEOMETRIC_REPRESENTATION_CONTEXT ( 3 ) GLOBAL_UNCERTAINTY_ASSIGNED_CONTEXT ( ( #713 ) ) GLOBAL_UNIT_ASSIGNED_CONTEXT ( ( #2149, #564, #2940 ) ) REPRESENTATION_CONTEXT ( 'NONE', 'WORKASPACE' ) );
#1333 = ORIENTED_EDGE ( 'NONE', *, *, #344, .F. ) ;
#1334 = DIRECTION ( 'NONE',  ( -0.000000000000000000, -0.000000000000000000, 1.000000000000000000 ) ) ;
#1335 = DIRECTION ( 'NONE',  ( 0.000000000000000000, 0.000000000000000000, 1.000000000000000000 ) ) ;
#1336 = VERTEX_POINT ( 'NONE', #2696 ) ;
#1337 = DIRECTION ( 'NONE',  ( -0.000000000000000000, -0.000000000000000000, 1.000000000000000000 ) ) ;
#1338 = EDGE_CURVE ( 'NONE', #1631, #844, #3161, .T. ) ;
#1339 = CARTESIAN_POINT ( 'NONE',  ( 4.667951537024548792, -41.99999999999999289, -12.99429543795573139 ) ) ;
#1340 = ORIENTED_EDGE ( 'NONE', *, *, #1031, .T. ) ;
#1341 = ADVANCED_FACE ( 'NONE', ( #1131 ), #2438, .F. ) ;
#1342 = ORIENTED_EDGE ( 'NONE', *, *, #3316, .T. ) ;
#1343 = DIRECTION ( 'NONE',  ( 0.000000000000000000, 0.000000000000000000, 1.000000000000000000 ) ) ;
#1344 = DIRECTION ( 'NONE',  ( 0.000000000000000000, 1.000000000000000000, 0.000000000000000000 ) ) ;
#1345 = LINE ( 'NONE', #2387, #882 ) ;
#1346 = DIRECTION ( 'NONE',  ( 4.163575784927221786E-17, 1.095473895433933174E-15, -1.000000000000000000 ) ) ;
#1347 = CIRCLE ( 'NONE', #3246, 1.900000000000025002 ) ;
#1348 = EDGE_LOOP ( 'NONE', ( #2041, #1952, #194, #183, #2144, #350, #1104, #2968, #1644, #1582, #319, #1475, #1191, #3168, #205, #1910, #2332, #763, #3308, #877 ) ) ;
#1349 = CARTESIAN_POINT ( 'NONE',  ( -11.40537989737616442, -22.10368098241533374, -8.374011537017832296 ) ) ;
#1350 = ORIENTED_EDGE ( 'NONE', *, *, #1961, .T. ) ;
#1351 = CYLINDRICAL_SURFACE ( 'NONE', #994, 2.750000000000002665 ) ;
#1352 = VECTOR ( 'NONE', #2250, 1000.000000000000000 ) ;
#1353 = DIRECTION ( 'NONE',  ( 0.000000000000000000, 0.000000000000000000, 1.000000000000000000 ) ) ;
#1354 = ORIENTED_EDGE ( 'NONE', *, *, #2257, .F. ) ;
#1355 = EDGE_CURVE ( 'NONE', #3014, #1738, #1668, .T. ) ;
#1356 = AXIS2_PLACEMENT_3D ( 'NONE', #1137, #1949, #2447 ) ;
#1357 = ORIENTED_EDGE ( 'NONE', *, *, #1956, .T. ) ;
#1358 = CARTESIAN_POINT ( 'NONE',  ( 6.693648218652973547, -41.99999999999999289, -30.16457960090009394 ) ) ;
#1359 = LINE ( 'NONE', #825, #2746 ) ;
#1360 = VECTOR ( 'NONE', #3238, 1000.000000000000000 ) ;
#1361 = DIRECTION ( 'NONE',  ( 0.000000000000000000, 0.000000000000000000, 1.000000000000000000 ) ) ;
#1362 = EDGE_CURVE ( 'NONE', #493, #2652, #157, .T. ) ;
#1363 = EDGE_CURVE ( 'NONE', #990, #3211, #2168, .T. ) ;
#1364 = CARTESIAN_POINT ( 'NONE',  ( 13.49999999938163597, -40.45000000000000284, -34.29999999496763508 ) ) ;
#1365 = VECTOR ( 'NONE', #1979, 1000.000000000000000 ) ;
#1366 = EDGE_CURVE ( 'NONE', #863, #1657, #2651, .T. ) ;
#1367 = ORIENTED_EDGE ( 'NONE', *, *, #2920, .T. ) ;
#1368 = DIRECTION ( 'NONE',  ( -1.000000000000000000, -1.826024711554581344E-15, 0.000000000000000000 ) ) ;
#1369 = ORIENTED_EDGE ( 'NONE', *, *, #1781, .F. ) ;
#1370 = LINE ( 'NONE', #2410, #3048 ) ;
#1371 = AXIS2_PLACEMENT_3D ( 'NONE', #636, #2475, #2947 ) ;
#1372 = CARTESIAN_POINT ( 'NONE',  ( 13.49999999938163597, -39.69999999999999574, -14.74999999496763436 ) ) ;
#1373 = VERTEX_POINT ( 'NONE', #1623 ) ;
#1374 = AXIS2_PLACEMENT_3D ( 'NONE', #2288, #3070, #741 ) ;
#1375 = ORIENTED_EDGE ( 'NONE', *, *, #2390, .F. ) ;
#1376 = DIRECTION ( 'NONE',  ( -1.000000000000000000, 0.000000000000000000, 0.000000000000000000 ) ) ;
#1377 = DIRECTION ( 'NONE',  ( -0.000000000000000000, -0.000000000000000000, 1.000000000000000000 ) ) ;
#1378 = LINE ( 'NONE', #1129, #3130 ) ;
#1379 = AXIS2_PLACEMENT_3D ( 'NONE', #216, #761, #1471 ) ;
#1380 = AXIS2_PLACEMENT_3D ( 'NONE', #3261, #684, #1225 ) ;
#1381 = EDGE_LOOP ( 'NONE', ( #2982, #1292, #357, #165 ) ) ;
#1382 = CARTESIAN_POINT ( 'NONE',  ( 13.49999999938163597, -50.37401153701775769, -16.39999999496763294 ) ) ;
#1383 = AXIS2_PLACEMENT_3D ( 'NONE', #2177, #1080, #2954 ) ;
#1384 = VERTEX_POINT ( 'NONE', #1147 ) ;
#1385 = LINE ( 'NONE', #2441, #1691 ) ;
#1386 = VECTOR ( 'NONE', #295, 999.9999999999998863 ) ;
#1387 = CARTESIAN_POINT ( 'NONE',  ( 19.00000000000000355, -24.69999999999999929, -45.60000000000009379 ) ) ;
#1388 = ORIENTED_EDGE ( 'NONE', *, *, #1652, .F. ) ;
#1389 = DIRECTION ( 'NONE',  ( 4.163575784927221169E-17, 1.095473895433933174E-15, -1.000000000000000000 ) ) ;
#1390 = FACE_OUTER_BOUND ( 'NONE', #232, .T. ) ;
#1391 = ADVANCED_FACE ( 'NONE', ( #569 ), #1415, .F. ) ;
#1392 = EDGE_CURVE ( 'NONE', #1009, #1711, #3200, .T. ) ;
#1393 = EDGE_LOOP ( 'NONE', ( #1598, #383 ) ) ;
#1394 = FACE_OUTER_BOUND ( 'NONE', #928, .T. ) ;
#1395 = CARTESIAN_POINT ( 'NONE',  ( -9.189102397468824179, -39.69999999999999574, -36.99541689571967140 ) ) ;
#1396 = EDGE_CURVE ( 'NONE', #1997, #1481, #2664, .T. ) ;
#1397 = ORIENTED_EDGE ( 'NONE', *, *, #3202, .T. ) ;
#1398 = AXIS2_PLACEMENT_3D ( 'NONE', #11, #2598, #1298 ) ;
#1399 = DIRECTION ( 'NONE',  ( 4.163575784927221786E-17, 1.095473895433933174E-15, -1.000000000000000000 ) ) ;
#1400 = ORIENTED_EDGE ( 'NONE', *, *, #3157, .T. ) ;
#1401 = DIRECTION ( 'NONE',  ( 1.000000000000000000, 0.000000000000000000, 0.000000000000000000 ) ) ;
#1402 = EDGE_CURVE ( 'NONE', #1592, #1433, #845, .T. ) ;
#1403 = CIRCLE ( 'NONE', #1084, 19.00000000000000000 ) ;
#1404 = CYLINDRICAL_SURFACE ( 'NONE', #1679, 1.899999999999999023 ) ;
#1405 = VECTOR ( 'NONE', #2216, 1000.000000000000000 ) ;
#1406 = VERTEX_POINT ( 'NONE', #365 ) ;
#1407 = CARTESIAN_POINT ( 'NONE',  ( 4.667951537024206843, -84.93251095273978990, -39.60570456204413148 ) ) ;
#1408 = CARTESIAN_POINT ( 'NONE',  ( -13.50000000061836225, -45.00000000000000000, -36.19999999496763365 ) ) ;
#1409 = AXIS2_PLACEMENT_3D ( 'NONE', #1782, #1562, #3114 ) ;
#1410 = ORIENTED_EDGE ( 'NONE', *, *, #1124, .T. ) ;
#1411 = CARTESIAN_POINT ( 'NONE',  ( -7.729159201799991052, -3.485303408726214691E-13, 2.299999999999999822 ) ) ;
#1412 = CARTESIAN_POINT ( 'NONE',  ( -11.60474041071020679, -6.700000000000029488, 0.000000000000000000 ) ) ;
#1413 = CARTESIAN_POINT ( 'NONE',  ( 13.85705393449289424, -41.99999999999999289, -23.68971233367578932 ) ) ;
#1414 = ORIENTED_EDGE ( 'NONE', *, *, #2107, .F. ) ;
#1415 = PLANE ( 'NONE',  #2660 ) ;
#1416 = EDGE_LOOP ( 'NONE', ( #432, #1342 ) ) ;
#1417 = CARTESIAN_POINT ( 'NONE',  ( 13.49999999938163597, -40.45000000000000284, -30.74999999496763792 ) ) ;
#1418 = AXIS2_PLACEMENT_3D ( 'NONE', #551, #1081, #1586 ) ;
#1419 = CARTESIAN_POINT ( 'NONE',  ( -6.700000000000025047, -84.93251095273978990, -14.69525958928814191 ) ) ;
#1420 = VECTOR ( 'NONE', #2218, 1000.000000000000000 ) ;
#1421 = VERTEX_POINT ( 'NONE', #1911 ) ;
#1422 = EDGE_CURVE ( 'NONE', #1181, #1888, #4, .T. ) ;
#1423 = DIRECTION ( 'NONE',  ( 0.000000000000000000, 0.000000000000000000, 1.000000000000000000 ) ) ;
#1424 = CYLINDRICAL_SURFACE ( 'NONE', #435, 1.900000000000025890 ) ;
#1425 = EDGE_CURVE ( 'NONE', #14, #1657, #1892, .T. ) ;
#1426 = ORIENTED_EDGE ( 'NONE', *, *, #2632, .F. ) ;
#1427 = DIRECTION ( 'NONE',  ( 4.163575784927221786E-17, 1.095473895433933174E-15, -1.000000000000000000 ) ) ;
#1428 = DIRECTION ( 'NONE',  ( -1.000000000000000000, 1.826024711554573061E-15, 0.000000000000000000 ) ) ;
#1429 = DIRECTION ( 'NONE',  ( 0.000000000000000000, 0.000000000000000000, 1.000000000000000000 ) ) ;
#1430 = AXIS2_PLACEMENT_3D ( 'NONE', #2910, #1889, #1327 ) ;
#1431 = ORIENTED_EDGE ( 'NONE', *, *, #2834, .T. ) ;
#1432 = CARTESIAN_POINT ( 'NONE',  ( -2.610287666324261124, 13.85705393449289780, 2.299999999999999822 ) ) ;
#1433 = VERTEX_POINT ( 'NONE', #861 ) ;
#1434 = CARTESIAN_POINT ( 'NONE',  ( 9.000000000000001776, -26.94999999999996376, -54.90000000000005542 ) ) ;
#1435 = CIRCLE ( 'NONE', #1602, 2.749999999999967581 ) ;
#1436 = CIRCLE ( 'NONE', #247, 2.649999999999992806 ) ;
#1437 = ORIENTED_EDGE ( 'NONE', *, *, #995, .T. ) ;
#1438 = CARTESIAN_POINT ( 'NONE',  ( 0.000000000000000000, 0.000000000000000000, -3.000000000000000000 ) ) ;
#1439 = VECTOR ( 'NONE', #2281, 1000.000000000000114 ) ;
#1440 = ORIENTED_EDGE ( 'NONE', *, *, #3140, .F. ) ;
#1441 = DIRECTION ( 'NONE',  ( 0.000000000000000000, 0.000000000000000000, 1.000000000000000000 ) ) ;
#1442 = EDGE_CURVE ( 'NONE', #985, #2432, #1864, .T. ) ;
#1443 = ORIENTED_EDGE ( 'NONE', *, *, #1844, .F. ) ;
#1444 = CARTESIAN_POINT ( 'NONE',  ( 13.49999999938163597, -40.45000000000000284, -34.29999999496763508 ) ) ;
#1445 = LINE ( 'NONE', #2487, #2800 ) ;
#1446 = DIRECTION ( 'NONE',  ( -0.6418732646538155562, 0.000000000000000000, 0.7668107407454938240 ) ) ;
#1447 = VERTEX_POINT ( 'NONE', #2932 ) ;
#1448 = DIRECTION ( 'NONE',  ( 4.163575784927221786E-17, 1.095473895433933174E-15, -1.000000000000000000 ) ) ;
#1449 = VERTEX_POINT ( 'NONE', #2120 ) ;
#1450 = DIRECTION ( 'NONE',  ( 1.000000000000000000, 0.000000000000000000, 0.000000000000000000 ) ) ;
#1451 = AXIS2_PLACEMENT_3D ( 'NONE', #2541, #209, #1244 ) ;
#1452 = EDGE_LOOP ( 'NONE', ( #2279, #1893 ) ) ;
#1453 = EDGE_CURVE ( 'NONE', #893, #982, #1086, .T. ) ;
#1454 = CARTESIAN_POINT ( 'NONE',  ( -6.700000000000368772, -41.99999999999999289, -37.90474041071131950 ) ) ;
#1455 = ORIENTED_EDGE ( 'NONE', *, *, #2608, .F. ) ;
#1456 = AXIS2_PLACEMENT_3D ( 'NONE', #3206, #1656, #2139 ) ;
#1457 = DIRECTION ( 'NONE',  ( -0.000000000000000000, -0.000000000000000000, 1.000000000000000000 ) ) ;
#1458 = EDGE_CURVE ( 'NONE', #968, #1500, #539, .T. ) ;
#1459 = ORIENTED_EDGE ( 'NONE', *, *, #2571, .T. ) ;
#1460 = DIRECTION ( 'NONE',  ( 0.000000000000000000, 0.000000000000000000, 1.000000000000000000 ) ) ;
#1461 = DIRECTION ( 'NONE',  ( -1.000000000000000000, 0.000000000000000000, 0.000000000000000000 ) ) ;
#1462 = DIRECTION ( 'NONE',  ( 1.000000000000000000, 0.000000000000000000, -0.000000000000000000 ) ) ;
#1463 = CIRCLE ( 'NONE', #594, 1.899999999999999023 ) ;
#1464 = AXIS2_PLACEMENT_3D ( 'NONE', #767, #784, #2820 ) ;
#1465 = EDGE_CURVE ( 'NONE', #942, #69, #1347, .T. ) ;
#1466 = ORIENTED_EDGE ( 'NONE', *, *, #1425, .T. ) ;
#1467 = CARTESIAN_POINT ( 'NONE',  ( 19.00000000000000355, -24.69999999999999929, -54.90000000000009805 ) ) ;
#1468 = ORIENTED_EDGE ( 'NONE', *, *, #1317, .F. ) ;
#1469 = EDGE_CURVE ( 'NONE', #2606, #2918, #1754, .T. ) ;
#1470 = EDGE_LOOP ( 'NONE', ( #1507, #2359, #3274, #2902 ) ) ;
#1471 = DIRECTION ( 'NONE',  ( 0.000000000000000000, 1.000000000000000000, 0.000000000000000000 ) ) ;
#1472 = ORIENTED_EDGE ( 'NONE', *, *, #155, .F. ) ;
#1473 = AXIS2_PLACEMENT_3D ( 'NONE', #1560, #1799, #2019 ) ;
#1474 = CARTESIAN_POINT ( 'NONE',  ( -15.20537989737608164, -21.56147006472646055, -3.861470064726459928 ) ) ;
#1475 = ORIENTED_EDGE ( 'NONE', *, *, #712, .F. ) ;
#1476 = DIRECTION ( 'NONE',  ( -1.000000000000000000, 0.000000000000000000, 2.054277800498850221E-16 ) ) ;
#1477 = DIRECTION ( 'NONE',  ( -0.000000000000000000, -0.000000000000000000, 1.000000000000000000 ) ) ;
#1478 = PLANE ( 'NONE',  #3343 ) ;
#1479 = ADVANCED_FACE ( 'NONE', ( #2779 ), #2763, .F. ) ;
#1480 = VECTOR ( 'NONE', #2433, 1000.000000000000000 ) ;
#1481 = VERTEX_POINT ( 'NONE', #2266 ) ;
#1482 = CARTESIAN_POINT ( 'NONE',  ( 13.30537989737621274, -22.10368098241527690, -8.374011537017832296 ) ) ;
#1483 = VERTEX_POINT ( 'NONE', #417 ) ;
#1484 =( LENGTH_UNIT ( ) NAMED_UNIT ( * ) SI_UNIT ( .MILLI., .METRE. ) );
#1485 = EDGE_LOOP ( 'NONE', ( #638, #1289 ) ) ;
#1486 = CARTESIAN_POINT ( 'NONE',  ( -4.667951537024810804, -42.00000000000000711, -39.60570456204393253 ) ) ;
#1487 = EDGE_LOOP ( 'NONE', ( #3033, #2655 ) ) ;
#1488 = LINE ( 'NONE', #257, #2782 ) ;
#1489 = AXIS2_PLACEMENT_3D ( 'NONE', #922, #444, #717 ) ;
#1490 = AXIS2_PLACEMENT_3D ( 'NONE', #858, #3217, #1860 ) ;
#1491 = CARTESIAN_POINT ( 'NONE',  ( 0.000000000000000000, 0.000000000000000000, 0.000000000000000000 ) ) ;
#1492 = ORIENTED_EDGE ( 'NONE', *, *, #1707, .T. ) ;
#1493 = DIRECTION ( 'NONE',  ( 4.163575784927221786E-17, 1.095473895433933174E-15, -1.000000000000000000 ) ) ;
#1494 = DIRECTION ( 'NONE',  ( 0.000000000000000000, 1.000000000000000000, 0.000000000000000000 ) ) ;
#1495 = EDGE_CURVE ( 'NONE', #867, #3150, #1991, .T. ) ;
#1496 = FACE_OUTER_BOUND ( 'NONE', #361, .T. ) ;
#1497 = ADVANCED_FACE ( 'NONE', ( #1228 ), #2492, .F. ) ;
#1498 = FACE_BOUND ( 'NONE', #3221, .T. ) ;
#1499 = CARTESIAN_POINT ( 'NONE',  ( 11.60474041071213591, -6.699999999998910383, 0.000000000000000000 ) ) ;
#1500 = VERTEX_POINT ( 'NONE', #2748 ) ;
#1501 = CARTESIAN_POINT ( 'NONE',  ( -13.85705393449315181, -41.99999999999999289, -23.68971233367537366 ) ) ;
#1502 = EDGE_CURVE ( 'NONE', #1117, #2224, #667, .T. ) ;
#1503 = ORIENTED_EDGE ( 'NONE', *, *, #386, .T. ) ;
#1504 = PLANE ( 'NONE',  #2274 ) ;
#1505 = DIRECTION ( 'NONE',  ( -0.000000000000000000, -1.000000000000000000, -0.000000000000000000 ) ) ;
#1506 = EDGE_CURVE ( 'NONE', #3266, #1700, #3248, .T. ) ;
#1507 = ORIENTED_EDGE ( 'NONE', *, *, #2142, .T. ) ;
#1508 = FACE_OUTER_BOUND ( 'NONE', #852, .T. ) ;
#1509 = CARTESIAN_POINT ( 'NONE',  ( 6.700000000000101430, -41.99999999999999289, -14.69525958928833909 ) ) ;
#1510 = ORIENTED_EDGE ( 'NONE', *, *, #862, .T. ) ;
#1511 = VECTOR ( 'NONE', #2085, 1000.000000000000227 ) ;
#1512 = EDGE_LOOP ( 'NONE', ( #3351, #2424, #113, #2564 ) ) ;
#1513 = FACE_OUTER_BOUND ( 'NONE', #2569, .T. ) ;
#1514 = FACE_OUTER_BOUND ( 'NONE', #2695, .T. ) ;
#1515 = DIRECTION ( 'NONE',  ( -0.000000000000000000, -1.000000000000000000, -0.000000000000000000 ) ) ;
#1516 = PLANE ( 'NONE',  #2074 ) ;
#1517 = CARTESIAN_POINT ( 'NONE',  ( -13.50000000061836225, -45.00000000000000000, -16.39999999496762939 ) ) ;
#1518 = VERTEX_POINT ( 'NONE', #1432 ) ;
#1519 = DIRECTION ( 'NONE',  ( 1.000000000000000000, 0.000000000000000000, 0.000000000000000000 ) ) ;
#1520 = AXIS2_PLACEMENT_3D ( 'NONE', #2970, #641, #2721 ) ;
#1521 = ORIENTED_EDGE ( 'NONE', *, *, #3362, .T. ) ;
#1522 = AXIS2_PLACEMENT_3D ( 'NONE', #851, #2126, #837 ) ;
#1523 = LINE ( 'NONE', #2884, #1135 ) ;
#1524 = EDGE_CURVE ( 'NONE', #998, #1126, #3028, .T. ) ;
#1525 = CARTESIAN_POINT ( 'NONE',  ( 7.729159201800657186, 1.055159106790048984E-12, 2.299999999999999822 ) ) ;
#1526 = ORIENTED_EDGE ( 'NONE', *, *, #3361, .T. ) ;
#1527 = CARTESIAN_POINT ( 'NONE',  ( 13.39999999999999325, -84.93251095273978990, -26.30000000000005400 ) ) ;
#1528 = DIRECTION ( 'NONE',  ( 0.000000000000000000, 0.000000000000000000, -1.000000000000000000 ) ) ;
#1529 = EDGE_CURVE ( 'NONE', #3348, #3031, #1214, .T. ) ;
#1530 = CIRCLE ( 'NONE', #2626, 1.899999999999999023 ) ;
#1531 = ORIENTED_EDGE ( 'NONE', *, *, #506, .F. ) ;
#1532 = CARTESIAN_POINT ( 'NONE',  ( 4.724999999999523581, 11.47483660014415641, 2.299999999999999822 ) ) ;
#1533 = DIRECTION ( 'NONE',  ( 4.163575784927221786E-17, 1.095473895433933174E-15, -1.000000000000000000 ) ) ;
#1534 = DIRECTION ( 'NONE',  ( -0.3431409490534300666, -0.9392839235730117142, 0.000000000000000000 ) ) ;
#1535 = AXIS2_PLACEMENT_3D ( 'NONE', #3345, #2565, #2781 ) ;
#1536 = EDGE_CURVE ( 'NONE', #217, #3277, #818, .T. ) ;
#1537 = DIRECTION ( 'NONE',  ( -0.9850142137072703807, 0.000000000000000000, -0.1724731828274984613 ) ) ;
#1538 = CARTESIAN_POINT ( 'NONE',  ( 9.189102397468213113, -84.93251095273978990, -36.99541689571987035 ) ) ;
#1539 = VERTEX_POINT ( 'NONE', #2013 ) ;
#1540 = CARTESIAN_POINT ( 'NONE',  ( -10.69541689571921417, 9.189102397468072780, 2.299999999999999822 ) ) ;
#1541 = DIRECTION ( 'NONE',  ( 8.260587980841940012E-17, -1.000000000000000000, 0.000000000000000000 ) ) ;
#1542 = VERTEX_POINT ( 'NONE', #195 ) ;
#1543 = DIRECTION ( 'NONE',  ( -0.7668107407454598512, -0.6418732646538558573, 0.000000000000000000 ) ) ;
#1544 = DIRECTION ( 'NONE',  ( 1.000000000000000000, 8.260587980841938780E-17, -0.000000000000000000 ) ) ;
#1545 = VECTOR ( 'NONE', #108, 1000.000000000000114 ) ;
#1546 = AXIS2_PLACEMENT_3D ( 'NONE', #939, #188, #3298 ) ;
#1547 = ORIENTED_EDGE ( 'NONE', *, *, #104, .F. ) ;
#1548 = FACE_OUTER_BOUND ( 'NONE', #379, .T. ) ;
#1549 =( GEOMETRIC_REPRESENTATION_CONTEXT ( 3 ) GLOBAL_UNCERTAINTY_ASSIGNED_CONTEXT ( ( #2209 ) ) GLOBAL_UNIT_ASSIGNED_CONTEXT ( ( #1648, #2647, #2896 ) ) REPRESENTATION_CONTEXT ( 'NONE', 'WORKASPACE' ) );
#1550 = DIRECTION ( 'NONE',  ( -0.6418732646538319875, 0.000000000000000000, -0.7668107407454800573 ) ) ;
#1551 = CARTESIAN_POINT ( 'NONE',  ( -3.864579600899062495, -6.693648218653594384, 2.299999999999999822 ) ) ;
#1552 = ADVANCED_FACE ( 'NONE', ( #1958 ), #687, .F. ) ;
#1553 = AXIS2_PLACEMENT_3D ( 'NONE', #2061, #512, #458 ) ;
#1554 = CARTESIAN_POINT ( 'NONE',  ( -2.956876496730416478E-13, -39.69999999999999574, -34.02915920180028309 ) ) ;
#1555 = CARTESIAN_POINT ( 'NONE',  ( 13.49999999938163597, -39.69999999999999574, -37.84999999496763223 ) ) ;
#1556 = VERTEX_POINT ( 'NONE', #1721 ) ;
#1557 = LINE ( 'NONE', #2326, #755 ) ;
#1558 = LINE ( 'NONE', #2376, #2525 ) ;
#1559 = ORIENTED_EDGE ( 'NONE', *, *, #104, .T. ) ;
#1560 = CARTESIAN_POINT ( 'NONE',  ( 13.85705393449289069, -84.93251095273978990, -28.91028766632431513 ) ) ;
#1561 = EDGE_CURVE ( 'NONE', #2328, #1406, #178, .T. ) ;
#1562 = DIRECTION ( 'NONE',  ( 0.000000000000000000, 0.000000000000000000, 1.000000000000000000 ) ) ;
#1563 = ORIENTED_EDGE ( 'NONE', *, *, #3212, .T. ) ;
#1564 = ORIENTED_EDGE ( 'NONE', *, *, #3312, .T. ) ;
#1565 = CARTESIAN_POINT ( 'NONE',  ( -8.524999999999963052, 11.47483660014378870, -3.000000000000000000 ) ) ;
#1566 = ADVANCED_FACE ( 'NONE', ( #702 ), #1163, .F. ) ;
#1567 = CARTESIAN_POINT ( 'NONE',  ( -2.956876496730416478E-13, -39.69999999999999574, -34.02915920180028309 ) ) ;
#1568 = DIRECTION ( 'NONE',  ( 0.000000000000000000, -0.000000000000000000, 1.000000000000000000 ) ) ;
#1569 = LINE ( 'NONE', #719, #3300 ) ;
#1570 = FACE_OUTER_BOUND ( 'NONE', #425, .T. ) ;
#1571 = VECTOR ( 'NONE', #286, 1000.000000000000000 ) ;
#1572 = ORIENTED_EDGE ( 'NONE', *, *, #519, .T. ) ;
#1573 = LINE ( 'NONE', #2620, #1571 ) ;
#1574 = CARTESIAN_POINT ( 'NONE',  ( 13.49999999938163597, -40.45000000000000284, -37.84999999496763223 ) ) ;
#1575 = ORIENTED_EDGE ( 'NONE', *, *, #1536, .T. ) ;
#1576 = DIRECTION ( 'NONE',  ( 0.000000000000000000, 1.000000000000000000, 0.000000000000000000 ) ) ;
#1577 = ADVANCED_FACE ( 'NONE', ( #962 ), #2201, .T. ) ;
#1578 = AXIS2_PLACEMENT_3D ( 'NONE', #1786, #2823, #186 ) ;
#1579 = AXIS2_PLACEMENT_3D ( 'NONE', #1919, #2701, #693 ) ;
#1580 = PLANE ( 'NONE',  #1950 ) ;
#1581 = VERTEX_POINT ( 'NONE', #161 ) ;
#1582 = ORIENTED_EDGE ( 'NONE', *, *, #514, .F. ) ;
#1583 = DIRECTION ( 'NONE',  ( 1.000000000000000000, 0.000000000000000000, 0.000000000000000000 ) ) ;
#1584 = CARTESIAN_POINT ( 'NONE',  ( 19.00000000000000355, -39.69999999999999574, -92.96954163107308489 ) ) ;
#1585 = FACE_OUTER_BOUND ( 'NONE', #1326, .T. ) ;
#1586 = DIRECTION ( 'NONE',  ( 0.000000000000000000, 0.000000000000000000, 1.000000000000000000 ) ) ;
#1588 = CIRCLE ( 'NONE', #119, 2.649999999999992806 ) ;
#1587 = DIRECTION ( 'NONE',  ( -0.000000000000000000, -1.000000000000000000, -0.000000000000000000 ) ) ;
#1589 = ORIENTED_EDGE ( 'NONE', *, *, #1442, .T. ) ;
#1590 = DIRECTION ( 'NONE',  ( 0.000000000000000000, 1.000000000000000000, 0.000000000000000000 ) ) ;
#1591 = DIRECTION ( 'NONE',  ( -0.000000000000000000, 1.000000000000000000, -0.000000000000000000 ) ) ;
#1592 = VERTEX_POINT ( 'NONE', #3236 ) ;
#1593 = CARTESIAN_POINT ( 'NONE',  ( 9.000000000000001776, -40.84999999999996589, -48.90000000000006253 ) ) ;
#1594 = EDGE_CURVE ( 'NONE', #2429, #1639, #910, .T. ) ;
#1595 = VECTOR ( 'NONE', #312, 1000.000000000000000 ) ;
#1596 = CARTESIAN_POINT ( 'NONE',  ( 7.729159201800657186, 1.055159106790048984E-12, 0.000000000000000000 ) ) ;
#1597 = EDGE_LOOP ( 'NONE', ( #126, #1669, #87, #1510 ) ) ;
#1598 = ORIENTED_EDGE ( 'NONE', *, *, #1221, .T. ) ;
#1599 = LINE ( 'NONE', #1616, #1970 ) ;
#1600 = PLANE ( 'NONE',  #252 ) ;
#1601 = APPLICATION_PROTOCOL_DEFINITION ( 'draft international standard', 'automotive_design', 1998, #2761 ) ;
#1602 = AXIS2_PLACEMENT_3D ( 'NONE', #1877, #582, #2914 ) ;
#1603 = CARTESIAN_POINT ( 'NONE',  ( -10.69541689571855159, -9.189102397468486672, 2.299999999999999822 ) ) ;
#1604 = CARTESIAN_POINT ( 'NONE',  ( 9.000000000000001776, -40.84999999999995879, -54.90000000000006253 ) ) ;
#1605 = AXIS2_PLACEMENT_3D ( 'NONE', #101, #1128, #1617 ) ;
#1606 = ORIENTED_EDGE ( 'NONE', *, *, #35, .F. ) ;
#1607 = DIRECTION ( 'NONE',  ( -0.000000000000000000, -1.000000000000000000, -0.000000000000000000 ) ) ;
#1608 = EDGE_CURVE ( 'NONE', #714, #53, #650, .T. ) ;
#1609 = ORIENTED_EDGE ( 'NONE', *, *, #73, .F. ) ;
#1610 = CARTESIAN_POINT ( 'NONE',  ( -13.50000000061836225, -50.37401153701775769, -16.39999999496762939 ) ) ;
#1611 = EDGE_CURVE ( 'NONE', #2869, #1849, #1190, .T. ) ;
#1612 = FACE_BOUND ( 'NONE', #3167, .T. ) ;
#1613 = VERTEX_POINT ( 'NONE', #2100 ) ;
#1614 = EDGE_CURVE ( 'NONE', #336, #3239, #977, .T. ) ;
#1615 = ORIENTED_EDGE ( 'NONE', *, *, #1236, .F. ) ;
#1616 = CARTESIAN_POINT ( 'NONE',  ( 6.693648218653321713, -41.99999999999999289, -22.43542039909983288 ) ) ;
#1617 = DIRECTION ( 'NONE',  ( 0.000000000000000000, 1.000000000000000000, 0.000000000000000000 ) ) ;
#1618 = EDGE_CURVE ( 'NONE', #2224, #1220, #3122, .T. ) ;
#1619 = CARTESIAN_POINT ( 'NONE',  ( -7.729159201799991052, -3.485303408726214691E-13, -42.93251095273883777 ) ) ;
#1620 = LINE ( 'NONE', #443, #3342 ) ;
#1621 = CIRCLE ( 'NONE', #2872, 3.549999999999997602 ) ;
#1622 = ORIENTED_EDGE ( 'NONE', *, *, #1995, .F. ) ;
#1623 = CARTESIAN_POINT ( 'NONE',  ( -9.000000000000007105, -30.74999999999996803, -48.90000000000005542 ) ) ;
#1624 = ORIENTED_EDGE ( 'NONE', *, *, #1529, .F. ) ;
#1625 = DIRECTION ( 'NONE',  ( 1.000000000000000000, 8.260587980841938780E-17, 0.000000000000000000 ) ) ;
#1626 = AXIS2_PLACEMENT_3D ( 'NONE', #1265, #2615, #2849 ) ;
#1627 = EDGE_CURVE ( 'NONE', #1711, #1009, #2874, .T. ) ;
#1628 = CARTESIAN_POINT ( 'NONE',  ( -2.944841287598524700E-13, -41.99999999999999289, -34.02915920180028309 ) ) ;
#1629 = ORIENTED_EDGE ( 'NONE', *, *, #405, .T. ) ;
#1630 = AXIS2_PLACEMENT_3D ( 'NONE', #2592, #3056, #490 ) ;
#1631 = VERTEX_POINT ( 'NONE', #2286 ) ;
#1632 = DIRECTION ( 'NONE',  ( -0.000000000000000000, 1.000000000000000000, -0.000000000000000000 ) ) ;
#1633 = CARTESIAN_POINT ( 'NONE',  ( 4.667951537024205066, -41.99999999999999289, -39.60570456204413148 ) ) ;
#1634 = VECTOR ( 'NONE', #708, 1000.000000000000000 ) ;
#1635 = DIRECTION ( 'NONE',  ( -0.6418732646538171105, 0.000000000000000000, 0.7668107407454924918 ) ) ;
#1636 = AXIS2_PLACEMENT_3D ( 'NONE', #1593, #572, #2637 ) ;
#1637 = VERTEX_POINT ( 'NONE', #2082 ) ;
#1638 = DIRECTION ( 'NONE',  ( -0.000000000000000000, -0.000000000000000000, 1.000000000000000000 ) ) ;
#1639 = VERTEX_POINT ( 'NONE', #532 ) ;
#1640 = CARTESIAN_POINT ( 'NONE',  ( 6.700000000000101430, -39.69999999999999574, -14.69525958928833909 ) ) ;
#1641 = AXIS2_PLACEMENT_3D ( 'NONE', #1792, #1756, #964 ) ;
#1642 = ADVANCED_FACE ( 'NONE', ( #2047, #754 ), #3360, .T. ) ;
#1643 = DIRECTION ( 'NONE',  ( 1.636531581110201917E-15, 0.000000000000000000, 1.000000000000000000 ) ) ;
#1644 = ORIENTED_EDGE ( 'NONE', *, *, #1145, .F. ) ;
#1645 = CIRCLE ( 'NONE', #941, 1.899999999999950395 ) ;
#1646 = CARTESIAN_POINT ( 'NONE',  ( -19.00000000000000355, -24.69999999999999929, -54.90000000000009095 ) ) ;
#1647 = DIRECTION ( 'NONE',  ( -0.000000000000000000, 1.000000000000000000, -0.000000000000000000 ) ) ;
#1648 =( LENGTH_UNIT ( ) NAMED_UNIT ( * ) SI_UNIT ( .MILLI., .METRE. ) );
#1649 =( BOUNDED_CURVE ( )  B_SPLINE_CURVE ( 3, ( #8, #206, #2577, #243 ),
 .UNSPECIFIED., .F., .T. ) 
 B_SPLINE_CURVE_WITH_KNOTS ( ( 4, 4 ),
 ( 0.7395387960473666089, 1.570796326794896780 ),
 .UNSPECIFIED. ) 
 CURVE ( )  GEOMETRIC_REPRESENTATION_ITEM ( )  RATIONAL_B_SPLINE_CURVE ( ( 1.000000000000000000, 0.9432417518335493023, 0.9432417518335493023, 1.000000000000000000 ) ) 
 REPRESENTATION_ITEM ( '' )  );
#1650 = ORIENTED_EDGE ( 'NONE', *, *, #2831, .F. ) ;
#1651 = CARTESIAN_POINT ( 'NONE',  ( -9.000000000000007105, -26.94999999999997087, -48.90000000000005542 ) ) ;
#1652 = EDGE_CURVE ( 'NONE', #3266, #370, #2599, .T. ) ;
#1653 = CARTESIAN_POINT ( 'NONE',  ( 3.864579600900049261, 6.693648218653777349, 2.299999999999999822 ) ) ;
#1654 = VECTOR ( 'NONE', #2861, 1000.000000000000000 ) ;
#1655 = ORIENTED_EDGE ( 'NONE', *, *, #2972, .T. ) ;
#1656 = DIRECTION ( 'NONE',  ( 0.000000000000000000, 1.000000000000000000, 0.000000000000000000 ) ) ;
#1657 = VERTEX_POINT ( 'NONE', #2339 ) ;
#1658 = CARTESIAN_POINT ( 'NONE',  ( 19.00000000000000355, -24.69999999999999929, -7.000000000000030198 ) ) ;
#1659 = CARTESIAN_POINT ( 'NONE',  ( -10.69541689571921417, 9.189102397468072780, 0.000000000000000000 ) ) ;
#1660 = VERTEX_POINT ( 'NONE', #552 ) ;
#1661 = CARTESIAN_POINT ( 'NONE',  ( 13.30537989737621274, -22.10368098241527690, 2.299999999999999822 ) ) ;
#1662 = EDGE_CURVE ( 'NONE', #1126, #968, #1791, .T. ) ;
#1663 = VERTEX_POINT ( 'NONE', #1843 ) ;
#1664 = CARTESIAN_POINT ( 'NONE',  ( 9.189102397468213113, -41.99999999999999289, -36.99541689571987035 ) ) ;
#1665 = LINE ( 'NONE', #3280, #2198 ) ;
#1666 = DIRECTION ( 'NONE',  ( 4.163575784927221169E-17, 1.095473895433933174E-15, -1.000000000000000000 ) ) ;
#1667 = VERTEX_POINT ( 'NONE', #997 ) ;
#1668 = LINE ( 'NONE', #2683, #1784 ) ;
#1669 = ORIENTED_EDGE ( 'NONE', *, *, #2178, .F. ) ;
#1670 = CARTESIAN_POINT ( 'NONE',  ( 6.123233995736769241E-16, -41.99999999999999289, -31.30000000000002203 ) ) ;
#1671 = VECTOR ( 'NONE', #2916, 1000.000000000000114 ) ;
#1672 = CYLINDRICAL_SURFACE ( 'NONE', #1951, 2.649999999999989253 ) ;
#1673 = VECTOR ( 'NONE', #1808, 1000.000000000000000 ) ;
#1674 = EDGE_CURVE ( 'NONE', #3277, #2873, #3341, .T. ) ;
#1675 = ORIENTED_EDGE ( 'NONE', *, *, #96, .T. ) ;
#1676 = DIRECTION ( 'NONE',  ( -0.000000000000000000, 1.000000000000000000, -0.000000000000000000 ) ) ;
#1677 = LINE ( 'NONE', #935, #923 ) ;
#1678 = AXIS2_PLACEMENT_3D ( 'NONE', #3293, #1006, #3096 ) ;
#1679 = AXIS2_PLACEMENT_3D ( 'NONE', #1945, #1168, #421 ) ;
#1680 = ORIENTED_EDGE ( 'NONE', *, *, #2768, .F. ) ;
#1681 = CARTESIAN_POINT ( 'NONE',  ( 10.00000000000000355, -32.10000000000000142, -2.700000000000000178 ) ) ;
#1682 = FACE_OUTER_BOUND ( 'NONE', #1393, .T. ) ;
#1683 = CARTESIAN_POINT ( 'NONE',  ( -11.40537989737616442, -25.90368098241525630, -8.203680982415294309 ) ) ;
#1684 = EDGE_LOOP ( 'NONE', ( #2153, #3249 ) ) ;
#1685 = CARTESIAN_POINT ( 'NONE',  ( -19.00000000000000355, -24.69999999999999929, -54.90000000000009095 ) ) ;
#1686 = VERTEX_POINT ( 'NONE', #2065 ) ;
#1687 = CARTESIAN_POINT ( 'NONE',  ( -13.50000000061836225, -40.45000000000000284, -37.84999999496763223 ) ) ;
#1688 = AXIS2_PLACEMENT_3D ( 'NONE', #47, #800, #2887 ) ;
#1689 = ORIENTED_EDGE ( 'NONE', *, *, #2452, .F. ) ;
#1690 = LINE ( 'NONE', #2188, #1198 ) ;
#1691 = VECTOR ( 'NONE', #127, 1000.000000000000227 ) ;
#1692 = ADVANCED_FACE ( 'NONE', ( #1570 ), #498, .F. ) ;
#1693 = ORIENTED_EDGE ( 'NONE', *, *, #2583, .F. ) ;
#1694 = FACE_OUTER_BOUND ( 'NONE', #2460, .T. ) ;
#1695 = ORIENTED_EDGE ( 'NONE', *, *, #766, .F. ) ;
#1696 = LINE ( 'NONE', #1716, #616 ) ;
#1697 = DIRECTION ( 'NONE',  ( -0.000000000000000000, -0.000000000000000000, 1.000000000000000000 ) ) ;
#1698 = CARTESIAN_POINT ( 'NONE',  ( 0.000000000000000000, 0.000000000000000000, 2.299999999999999822 ) ) ;
#1699 = AXIS2_PLACEMENT_3D ( 'NONE', #732, #750, #494 ) ;
#1700 = VERTEX_POINT ( 'NONE', #1517 ) ;
#1701 = DIRECTION ( 'NONE',  ( -0.000000000000000000, -0.000000000000000000, 1.000000000000000000 ) ) ;
#1702 = AXIS2_PLACEMENT_3D ( 'NONE', #890, #2943, #615 ) ;
#1703 = VERTEX_POINT ( 'NONE', #2881 ) ;
#1704 = CARTESIAN_POINT ( 'NONE',  ( -4.667951537024810804, -84.93251095273978990, -39.60570456204393253 ) ) ;
#1705 = AXIS2_PLACEMENT_3D ( 'NONE', #2539, #1261, #495 ) ;
#1706 = VECTOR ( 'NONE', #2248, 1000.000000000000000 ) ;
#1707 = EDGE_CURVE ( 'NONE', #146, #1286, #3066, .T. ) ;
#1708 = VERTEX_POINT ( 'NONE', #1245 ) ;
#1709 = DIRECTION ( 'NONE',  ( -0.000000000000000000, -1.000000000000000000, -0.000000000000000000 ) ) ;
#1710 = AXIS2_PLACEMENT_3D ( 'NONE', #563, #313, #1890 ) ;
#1711 = VERTEX_POINT ( 'NONE', #1555 ) ;
#1712 = EDGE_CURVE ( 'NONE', #1581, #990, #2811, .T. ) ;
#1713 = LINE ( 'NONE', #2500, #3207 ) ;
#1714 = EDGE_CURVE ( 'NONE', #1773, #129, #2662, .T. ) ;
#1715 = ORIENTED_EDGE ( 'NONE', *, *, #647, .T. ) ;
#1716 = CARTESIAN_POINT ( 'NONE',  ( 13.85705393449289424, -84.93251095273978990, -23.68971233367578932 ) ) ;
#1717 = LINE ( 'NONE', #2759, #2590 ) ;
#1718 = DIRECTION ( 'NONE',  ( -0.000000000000000000, 1.000000000000000000, -0.000000000000000000 ) ) ;
#1719 = ADVANCED_FACE ( 'NONE', ( #517 ), #266, .F. ) ;
#1720 = ORIENTED_EDGE ( 'NONE', *, *, #1338, .F. ) ;
#1721 = CARTESIAN_POINT ( 'NONE',  ( -13.50000000061836225, -40.45000000000000284, -36.19999999496763365 ) ) ;
#1722 = EDGE_LOOP ( 'NONE', ( #2241, #1027 ) ) ;
#1723 = CARTESIAN_POINT ( 'NONE',  ( 13.30537989737621274, -22.10368098241527690, -8.374011537017832296 ) ) ;
#1724 = VERTEX_POINT ( 'NONE', #12 ) ;
#1725 = PLANE ( 'NONE',  #3228 ) ;
#1726 = ORIENTED_EDGE ( 'NONE', *, *, #3026, .T. ) ;
#1727 = AXIS2_PLACEMENT_3D ( 'NONE', #502, #1070, #2102 ) ;
#1728 = CARTESIAN_POINT ( 'NONE',  ( 10.00000000000000355, -37.60000000000000853, -2.699999999999999734 ) ) ;
#1729 = ORIENTED_EDGE ( 'NONE', *, *, #627, .F. ) ;
#1730 = FACE_OUTER_BOUND ( 'NONE', #1990, .T. ) ;
#1731 = DIRECTION ( 'NONE',  ( 1.000000000000000000, 8.260587980841938780E-17, 0.000000000000000000 ) ) ;
#1732 = CARTESIAN_POINT ( 'NONE',  ( -8.524999999999963052, 11.47483660014378870, 2.299999999999999822 ) ) ;
#1733 = AXIS2_PLACEMENT_3D ( 'NONE', #2624, #2905, #1353 ) ;
#1734 = EDGE_LOOP ( 'NONE', ( #1992, #1185 ) ) ;
#1735 = CARTESIAN_POINT ( 'NONE',  ( -9.000000000000007105, -40.84999999999996589, -48.90000000000006963 ) ) ;
#1736 = ORIENTED_EDGE ( 'NONE', *, *, #801, .F. ) ;
#1737 = FILL_AREA_STYLE ('',( #1943 ) ) ;
#1738 = VERTEX_POINT ( 'NONE', #1316 ) ;
#1739 = DIRECTION ( 'NONE',  ( 0.9392839235730117142, -0.3431409490534300666, 0.000000000000000000 ) ) ;
#1740 = ORIENTED_EDGE ( 'NONE', *, *, #3347, .T. ) ;
#1741 = LINE ( 'NONE', #202, #3166 ) ;
#1742 = ADVANCED_FACE ( 'NONE', ( #2181 ), #76, .F. ) ;
#1743 = EDGE_CURVE ( 'NONE', #1286, #259, #2956, .T. ) ;
#1744 = VECTOR ( 'NONE', #272, 1000.000000000000000 ) ;
#1745 = LINE ( 'NONE', #5, #488 ) ;
#1746 = ORIENTED_EDGE ( 'NONE', *, *, #3113, .F. ) ;
#1747 = EDGE_LOOP ( 'NONE', ( #1354, #3059, #3046, #1157 ) ) ;
#1748 = FACE_OUTER_BOUND ( 'NONE', #1747, .T. ) ;
#1749 = ADVANCED_FACE ( 'NONE', ( #2373 ), #1082, .F. ) ;
#1750 = CARTESIAN_POINT ( 'NONE',  ( 13.85705393449289069, -39.69999999999999574, -28.91028766632431513 ) ) ;
#1751 = DIRECTION ( 'NONE',  ( 0.9850142137072703807, 0.000000000000000000, 0.1724731828274984613 ) ) ;
#1752 = EDGE_CURVE ( 'NONE', #69, #2584, #2150, .T. ) ;
#1753 = FACE_BOUND ( 'NONE', #277, .T. ) ;
#1754 = LINE ( 'NONE', #3013, #812 ) ;
#1755 = ORIENTED_EDGE ( 'NONE', *, *, #742, .F. ) ;
#1756 = DIRECTION ( 'NONE',  ( 4.163575784927221786E-17, 1.095473895433933174E-15, -1.000000000000000000 ) ) ;
#1757 = EDGE_LOOP ( 'NONE', ( #1130, #2189, #67, #39 ) ) ;
#1758 = CARTESIAN_POINT ( 'NONE',  ( 0.000000000000000000, 0.000000000000000000, -3.000000000000000000 ) ) ;
#1759 = LINE ( 'NONE', #2256, #3103 ) ;
#1760 = ORIENTED_EDGE ( 'NONE', *, *, #273, .T. ) ;
#1761 = DIRECTION ( 'NONE',  ( 0.9850142137072667170, 0.000000000000000000, -0.1724731828275201939 ) ) ;
#1762 = AXIS2_PLACEMENT_3D ( 'NONE', #287, #2121, #31 ) ;
#1763 = CIRCLE ( 'NONE', #2469, 1.899999999999959055 ) ;
#1764 = LINE ( 'NONE', #2073, #3101 ) ;
#1765 = VERTEX_POINT ( 'NONE', #1651 ) ;
#1766 = ORIENTED_EDGE ( 'NONE', *, *, #2710, .F. ) ;
#1767 = CARTESIAN_POINT ( 'NONE',  ( 6.699999999999758593, -39.69999999999999574, -37.90474041071151845 ) ) ;
#1768 = CARTESIAN_POINT ( 'NONE',  ( -7.729159201799991941, -3.478120569333498224E-13, 0.000000000000000000 ) ) ;
#1769 = DIRECTION ( 'NONE',  ( -1.000000000000000000, 0.000000000000000000, 0.000000000000000000 ) ) ;
#1770 = EDGE_CURVE ( 'NONE', #3348, #1855, #3009, .T. ) ;
#1771 = CARTESIAN_POINT ( 'NONE',  ( 13.49999999938163597, -45.00000000000000000, -34.29999999496763508 ) ) ;
#1772 = CARTESIAN_POINT ( 'NONE',  ( 13.49999999938163597, -40.45000000000000284, -18.29999999496763508 ) ) ;
#1773 = VERTEX_POINT ( 'NONE', #58 ) ;
#1774 = SURFACE_STYLE_USAGE ( .BOTH. , #3304 ) ;
#1775 = ADVANCED_FACE ( 'NONE', ( #1394 ), #1330, .F. ) ;
#1776 = ORIENTED_EDGE ( 'NONE', *, *, #694, .F. ) ;
#1777 = CARTESIAN_POINT ( 'NONE',  ( -9.189102397468825956, -41.99999999999999289, -36.99541689571967140 ) ) ;
#1778 = DIRECTION ( 'NONE',  ( -0.7668107407455123647, 0.6418732646537933517, 0.000000000000000000 ) ) ;
#1779 = ORIENTED_EDGE ( 'NONE', *, *, #2137, .F. ) ;
#1780 = FACE_OUTER_BOUND ( 'NONE', #1512, .T. ) ;
#1781 = EDGE_CURVE ( 'NONE', #148, #3178, #1142, .T. ) ;
#1782 = CARTESIAN_POINT ( 'NONE',  ( -13.30537989737612392, -22.10368098241533374, 2.299999999999999822 ) ) ;
#1783 = VERTEX_POINT ( 'NONE', #316 ) ;
#1784 = VECTOR ( 'NONE', #62, 1000.000000000000000 ) ;
#1785 = EDGE_LOOP ( 'NONE', ( #2138, #2309 ) ) ;
#1786 = CARTESIAN_POINT ( 'NONE',  ( -13.50000000061836225, -40.45000000000000284, -34.29999999496763508 ) ) ;
#1787 = DIRECTION ( 'NONE',  ( 0.6418732646537933517, 0.7668107407455123647, 0.000000000000000000 ) ) ;
#1788 = DIRECTION ( 'NONE',  ( 0.000000000000000000, 1.000000000000000000, 0.000000000000000000 ) ) ;
#1789 = AXIS2_PLACEMENT_3D ( 'NONE', #980, #2997, #431 ) ;
#1790 = DIRECTION ( 'NONE',  ( 0.000000000000000000, 0.000000000000000000, 1.000000000000000000 ) ) ;
#1791 = LINE ( 'NONE', #230, #2553 ) ;
#1792 = CARTESIAN_POINT ( 'NONE',  ( 9.000000000000001776, -40.84999999999996589, -48.90000000000006253 ) ) ;
#1793 = CIRCLE ( 'NONE', #2825, 1.899999999999999023 ) ;
#1794 = EDGE_LOOP ( 'NONE', ( #398, #2900, #2479, #1468 ) ) ;
#1795 = VECTOR ( 'NONE', #1541, 1000.000000000000000 ) ;
#1796 = DIRECTION ( 'NONE',  ( -0.000000000000000000, -0.000000000000000000, 1.000000000000000000 ) ) ;
#1797 = CYLINDRICAL_SURFACE ( 'NONE', #1379, 1.899999999999999023 ) ;
#1798 = EDGE_LOOP ( 'NONE', ( #1400, #869, #628, #105 ) ) ;
#1799 = DIRECTION ( 'NONE',  ( 0.1724731828274884970, 0.000000000000000000, -0.9850142137072722681 ) ) ;
#1800 = EDGE_CURVE ( 'NONE', #2842, #998, #2930, .T. ) ;
#1801 = CARTESIAN_POINT ( 'NONE',  ( 13.49999999938163597, -40.45000000000000284, -21.84999999496763223 ) ) ;
#1802 = ORIENTED_EDGE ( 'NONE', *, *, #3270, .F. ) ;
#1803 = ORIENTED_EDGE ( 'NONE', *, *, #542, .T. ) ;
#1804 = FACE_OUTER_BOUND ( 'NONE', #1912, .T. ) ;
#1805 = CARTESIAN_POINT ( 'NONE',  ( 4.667951537024549680, -84.93251095273978990, -12.99429543795573139 ) ) ;
#1806 = LINE ( 'NONE', #530, #2312 ) ;
#1807 = DIRECTION ( 'NONE',  ( -0.000000000000000000, 1.000000000000000000, -0.000000000000000000 ) ) ;
#1808 = DIRECTION ( 'NONE',  ( -0.000000000000000000, 1.000000000000000000, -0.000000000000000000 ) ) ;
#1809 = EDGE_CURVE ( 'NONE', #1846, #985, #356, .T. ) ;
#1810 = AXIS2_PLACEMENT_3D ( 'NONE', #2705, #1192, #938 ) ;
#1811 = AXIS2_PLACEMENT_3D ( 'NONE', #562, #1063, #546 ) ;
#1812 = ORIENTED_EDGE ( 'NONE', *, *, #1961, .F. ) ;
#1813 = CARTESIAN_POINT ( 'NONE',  ( 13.49999999938163597, -45.00000000000000000, -18.29999999496763508 ) ) ;
#1814 = ORIENTED_EDGE ( 'NONE', *, *, #2522, .T. ) ;
#1815 = CYLINDRICAL_SURFACE ( 'NONE', #1858, 2.649999999999999467 ) ;
#1816 = EDGE_CURVE ( 'NONE', #3078, #94, #299, .T. ) ;
#1817 = DIRECTION ( 'NONE',  ( 0.000000000000000000, 0.000000000000000000, 1.000000000000000000 ) ) ;
#1818 = CIRCLE ( 'NONE', #2745, 2.649999999999999467 ) ;
#1819 = CIRCLE ( 'NONE', #132, 2.750000000000002665 ) ;
#1820 = ORIENTED_EDGE ( 'NONE', *, *, #590, .T. ) ;
#1821 = DIRECTION ( 'NONE',  ( 0.000000000000000000, 0.000000000000000000, 1.000000000000000000 ) ) ;
#1822 = CARTESIAN_POINT ( 'NONE',  ( 13.49999999938163597, -50.37401153701775769, -36.19999999496763365 ) ) ;
#1823 = CARTESIAN_POINT ( 'NONE',  ( 14.58587968246230204, -20.70000000000000995, -3.000000000000000000 ) ) ;
#1824 = ADVANCED_FACE ( 'NONE', ( #3201 ), #2434, .F. ) ;
#1825 = CIRCLE ( 'NONE', #411, 2.649999999999999467 ) ;
#1826 = CARTESIAN_POINT ( 'NONE',  ( 7.464731957562698028E-14, -84.93251095273978990, -18.57084079819946965 ) ) ;
#1827 = DIRECTION ( 'NONE',  ( -0.000000000000000000, 1.000000000000000000, -0.000000000000000000 ) ) ;
#1828 = EDGE_CURVE ( 'NONE', #2328, #148, #1378, .T. ) ;
#1829 = EDGE_LOOP ( 'NONE', ( #1832, #1234 ) ) ;
#1830 = CARTESIAN_POINT ( 'NONE',  ( 2.610287666324261568, 13.85705393449289957, 0.000000000000000000 ) ) ;
#1831 = DIRECTION ( 'NONE',  ( -0.000000000000000000, -0.000000000000000000, 1.000000000000000000 ) ) ;
#1832 = ORIENTED_EDGE ( 'NONE', *, *, #2330, .T. ) ;
#1833 = FACE_OUTER_BOUND ( 'NONE', #2667, .T. ) ;
#1834 = DIRECTION ( 'NONE',  ( -1.000000000000000000, 0.000000000000000000, 0.000000000000000000 ) ) ;
#1835 = VERTEX_POINT ( 'NONE', #876 ) ;
#1836 = CIRCLE ( 'NONE', #860, 1.899999999999999023 ) ;
#1837 = ORIENTED_EDGE ( 'NONE', *, *, #1011, .F. ) ;
#1838 = DIRECTION ( 'NONE',  ( 0.6418732646538155562, 0.000000000000000000, -0.7668107407454938240 ) ) ;
#1839 = CARTESIAN_POINT ( 'NONE',  ( 10.00000000000000355, -34.85000000000000142, -49.90000000000009095 ) ) ;
#1840 = EDGE_CURVE ( 'NONE', #2399, #1708, #3229, .T. ) ;
#1841 = CARTESIAN_POINT ( 'NONE',  ( -13.50000000061836225, -40.45000000000000284, -34.29999999496763508 ) ) ;
#1842 = AXIS2_PLACEMENT_3D ( 'NONE', #1881, #2185, #1368 ) ;
#1843 = CARTESIAN_POINT ( 'NONE',  ( -13.30570456204282870, -4.667951537024481290, 0.000000000000000000 ) ) ;
#1844 = EDGE_CURVE ( 'NONE', #799, #2909, #2906, .T. ) ;
#1845 = AXIS2_PLACEMENT_3D ( 'NONE', #249, #479, #2303 ) ;
#1846 = VERTEX_POINT ( 'NONE', #3156 ) ;
#1847 = DIRECTION ( 'NONE',  ( -1.000000000000000000, 0.000000000000000000, 0.000000000000000000 ) ) ;
#1848 = FACE_OUTER_BOUND ( 'NONE', #446, .T. ) ;
#1849 = VERTEX_POINT ( 'NONE', #565 ) ;
#1850 = LINE ( 'NONE', #1610, #2293 ) ;
#1851 = CIRCLE ( 'NONE', #1522, 1.899999999999959055 ) ;
#1852 = CARTESIAN_POINT ( 'NONE',  ( -8.524999999999963052, 11.47483660014378870, -8.374011537017832296 ) ) ;
#1853 = EDGE_LOOP ( 'NONE', ( #2944, #1437, #578, #3268 ) ) ;
#1854 = EDGE_CURVE ( 'NONE', #1657, #14, #2639, .T. ) ;
#1855 = VERTEX_POINT ( 'NONE', #842 ) ;
#1856 = CARTESIAN_POINT ( 'NONE',  ( 13.49999999938163597, -50.37401153701775769, -32.39999999496763650 ) ) ;
#1857 = CARTESIAN_POINT ( 'NONE',  ( 2.124423552260767346E-31, -41.99999999999999289, -26.30000000000002203 ) ) ;
#1858 = AXIS2_PLACEMENT_3D ( 'NONE', #2273, #728, #3330 ) ;
#1859 = EDGE_CURVE ( 'NONE', #1855, #3348, #1435, .T. ) ;
#1861 = CIRCLE ( 'NONE', #783, 1.900000000000019673 ) ;
#1860 = DIRECTION ( 'NONE',  ( 0.000000000000000000, 0.000000000000000000, 1.000000000000000000 ) ) ;
#1862 = EDGE_CURVE ( 'NONE', #1724, #561, #1620, .T. ) ;
#1863 = EDGE_LOOP ( 'NONE', ( #2414, #2991, #181, #1492, #198, #2261, #110, #98, #2728, #643, #1357, #2832, #504, #3310, #2780, #1164, #1093, #1575, #2059, #554 ) ) ;
#1864 = LINE ( 'NONE', #2964, #2003 ) ;
#1865 = LINE ( 'NONE', #3218, #2689 ) ;
#1866 = ORIENTED_EDGE ( 'NONE', *, *, #2283, .T. ) ;
#1867 = DIRECTION ( 'NONE',  ( -0.000000000000000000, -1.000000000000000000, -0.000000000000000000 ) ) ;
#1868 = VECTOR ( 'NONE', #294, 1000.000000000000000 ) ;
#1869 = DIRECTION ( 'NONE',  ( -0.000000000000000000, 1.000000000000000000, -0.000000000000000000 ) ) ;
#1870 = ORIENTED_EDGE ( 'NONE', *, *, #2066, .T. ) ;
#1871 = ORIENTED_EDGE ( 'NONE', *, *, #3026, .F. ) ;
#1872 = DIRECTION ( 'NONE',  ( -0.000000000000000000, -0.000000000000000000, 1.000000000000000000 ) ) ;
#1873 = PLANE ( 'NONE',  #2908 ) ;
#1874 = CIRCLE ( 'NONE', #677, 2.649999999999997691 ) ;
#1875 = VECTOR ( 'NONE', #2353, 1000.000000000000114 ) ;
#1876 = CARTESIAN_POINT ( 'NONE',  ( -19.00000000000000000, -42.00000000000006395, -54.90000000000009805 ) ) ;
#1877 = CARTESIAN_POINT ( 'NONE',  ( 10.00000000000000355, -34.85000000000000142, -49.90000000000009095 ) ) ;
#1878 = EDGE_CURVE ( 'NONE', #2869, #1252, #1445, .T. ) ;
#1879 = ADVANCED_FACE ( 'NONE', ( #377 ), #1988, .F. ) ;
#1880 = EDGE_LOOP ( 'NONE', ( #524, #748 ) ) ;
#1881 = CARTESIAN_POINT ( 'NONE',  ( 13.30537989737621274, -22.10368098241527690, -3.000000000000000000 ) ) ;
#1882 = ORIENTED_EDGE ( 'NONE', *, *, #1884, .F. ) ;
#1883 = DIRECTION ( 'NONE',  ( 0.000000000000000000, 0.000000000000000000, 1.000000000000000000 ) ) ;
#1884 = EDGE_CURVE ( 'NONE', #1252, #1783, #1874, .T. ) ;
#1885 = CARTESIAN_POINT ( 'NONE',  ( 1.284469037195706312E-12, -13.39999999999929159, -42.93251095273883777 ) ) ;
#1886 = VERTEX_POINT ( 'NONE', #2520 ) ;
#1887 = EDGE_CURVE ( 'NONE', #714, #1062, #1717, .T. ) ;
#1888 = VERTEX_POINT ( 'NONE', #3024 ) ;
#1889 = DIRECTION ( 'NONE',  ( 0.000000000000000000, 0.000000000000000000, 1.000000000000000000 ) ) ;
#1890 = DIRECTION ( 'NONE',  ( 0.000000000000000000, 1.000000000000000000, 0.000000000000000000 ) ) ;
#1891 = DIRECTION ( 'NONE',  ( -0.000000000000000000, -0.000000000000000000, 1.000000000000000000 ) ) ;
#1892 = CIRCLE ( 'NONE', #429, 1.899999999999999023 ) ;
#1893 = ORIENTED_EDGE ( 'NONE', *, *, #155, .T. ) ;
#1894 = CARTESIAN_POINT ( 'NONE',  ( -9.189102397468824179, -84.93251095273978990, -36.99541689571967140 ) ) ;
#1895 = EDGE_LOOP ( 'NONE', ( #1927, #2806 ) ) ;
#1896 = DIRECTION ( 'NONE',  ( -0.000000000000000000, -0.000000000000000000, 1.000000000000000000 ) ) ;
#1897 = CYLINDRICAL_SURFACE ( 'NONE', #2386, 3.549999999999999378 ) ;
#1898 = VERTEX_POINT ( 'NONE', #3008 ) ;
#1899 = AXIS2_PLACEMENT_3D ( 'NONE', #3117, #2008, #2595 ) ;
#1900 = AXIS2_PLACEMENT_3D ( 'NONE', #3020, #2771, #440 ) ;
#1901 = EDGE_CURVE ( 'NONE', #310, #2210, #2037, .T. ) ;
#1902 = ADVANCED_FACE ( 'NONE', ( #1682, #2724 ), #2450, .T. ) ;
#1903 = ORIENTED_EDGE ( 'NONE', *, *, #2672, .T. ) ;
#1904 = PLANE ( 'NONE',  #2899 ) ;
#1905 = DIRECTION ( 'NONE',  ( 0.6418732646538141129, -0.7668107407454950453, 0.000000000000000000 ) ) ;
#1906 = EDGE_CURVE ( 'NONE', #1107, #557, #1763, .T. ) ;
#1907 = CARTESIAN_POINT ( 'NONE',  ( 3.864579600900049261, 6.693648218653777349, 0.000000000000000000 ) ) ;
#1908 = DIRECTION ( 'NONE',  ( 0.000000000000000000, 0.000000000000000000, 1.000000000000000000 ) ) ;
#1909 = VECTOR ( 'NONE', #3053, 1000.000000000000000 ) ;
#1910 = ORIENTED_EDGE ( 'NONE', *, *, #675, .F. ) ;
#1911 = CARTESIAN_POINT ( 'NONE',  ( 13.49999999938163597, -45.00000000000000000, -36.19999999496763365 ) ) ;
#1912 = EDGE_LOOP ( 'NONE', ( #1760, #2753, #469, #121 ) ) ;
#1913 = LINE ( 'NONE', #163, #2136 ) ;
#1914 = CARTESIAN_POINT ( 'NONE',  ( 6.699999999999758593, -84.93251095273978990, -37.90474041071151845 ) ) ;
#1915 = ORIENTED_EDGE ( 'NONE', *, *, #1083, .T. ) ;
#1916 = EDGE_CURVE ( 'NONE', #352, #2850, #921, .T. ) ;
#1917 = VECTOR ( 'NONE', #2253, 1000.000000000000114 ) ;
#1918 = CARTESIAN_POINT ( 'NONE',  ( -18.99999999999999645, -45.00000000000000000, 2.299999999999999822 ) ) ;
#1919 = CARTESIAN_POINT ( 'NONE',  ( 9.000000000000001776, -28.84999999999996234, -54.90000000000005542 ) ) ;
#1920 = ORIENTED_EDGE ( 'NONE', *, *, #471, .F. ) ;
#1921 = CYLINDRICAL_SURFACE ( 'NONE', #2411, 1.900000000000019673 ) ;
#1922 = DIRECTION ( 'NONE',  ( -0.000000000000000000, -0.000000000000000000, 1.000000000000000000 ) ) ;
#1923 = CARTESIAN_POINT ( 'NONE',  ( 9.000000000000001776, -26.94999999999997087, -48.90000000000005542 ) ) ;
#1924 = VECTOR ( 'NONE', #1718, 1000.000000000000000 ) ;
#1925 = VECTOR ( 'NONE', #331, 1000.000000000000000 ) ;
#1926 = EDGE_CURVE ( 'NONE', #3031, #3116, #307, .T. ) ;
#1927 = ORIENTED_EDGE ( 'NONE', *, *, #2050, .F. ) ;
#1928 = CARTESIAN_POINT ( 'NONE',  ( 0.000000000000000000, 0.000000000000000000, 2.299999999999999822 ) ) ;
#1929 = EDGE_LOOP ( 'NONE', ( #1609, #933 ) ) ;
#1930 = CARTESIAN_POINT ( 'NONE',  ( 11.62430582091234399, -21.06542155977469832, -3.365421559774695925 ) ) ;
#1931 = DIRECTION ( 'NONE',  ( 0.000000000000000000, 0.000000000000000000, -1.000000000000000000 ) ) ;
#1932 = EDGE_LOOP ( 'NONE', ( #2186, #1903 ) ) ;
#1933 = CARTESIAN_POINT ( 'NONE',  ( 19.00000000000000355, -24.69999999999999929, -54.90000000000009805 ) ) ;
#1934 = DIRECTION ( 'NONE',  ( 0.000000000000000000, 0.000000000000000000, 1.000000000000000000 ) ) ;
#1935 = ORIENTED_EDGE ( 'NONE', *, *, #2522, .F. ) ;
#1936 = CARTESIAN_POINT ( 'NONE',  ( -13.50000000061836225, -40.45000000000000284, -16.39999999496762939 ) ) ;
#1937 = DIRECTION ( 'NONE',  ( 0.000000000000000000, 0.000000000000000000, 1.000000000000000000 ) ) ;
#1938 = CARTESIAN_POINT ( 'NONE',  ( -4.667951537024475961, -41.99999999999999289, -12.99429543795553599 ) ) ;
#1939 = ADVANCED_FACE ( 'NONE', ( #414 ), #2232, .F. ) ;
#1940 = ORIENTED_EDGE ( 'NONE', *, *, #2955, .F. ) ;
#1941 = CARTESIAN_POINT ( 'NONE',  ( 10.00000000000000355, -37.60000000000000853, -2.699999999999999734 ) ) ;
#1942 = ORIENTED_EDGE ( 'NONE', *, *, #1862, .F. ) ;
#1943 = FILL_AREA_STYLE_COLOUR ( '', #2572 ) ;
#1944 = VECTOR ( 'NONE', #2206, 1000.000000000000000 ) ;
#1945 = CARTESIAN_POINT ( 'NONE',  ( 13.49999999938163597, -50.37401153701775769, -34.29999999496763508 ) ) ;
#1946 = AXIS2_PLACEMENT_3D ( 'NONE', #1772, #1284, #1068 ) ;
#1947 = ORIENTED_EDGE ( 'NONE', *, *, #2324, .T. ) ;
#1948 = FACE_OUTER_BOUND ( 'NONE', #1108, .T. ) ;
#1949 = DIRECTION ( 'NONE',  ( 0.000000000000000000, 0.000000000000000000, 1.000000000000000000 ) ) ;
#1950 = AXIS2_PLACEMENT_3D ( 'NONE', #1106, #65, #865 ) ;
#1951 = AXIS2_PLACEMENT_3D ( 'NONE', #1419, #3273, #949 ) ;
#1952 = ORIENTED_EDGE ( 'NONE', *, *, #2110, .F. ) ;
#1953 = CARTESIAN_POINT ( 'NONE',  ( -2.610287666324261124, 13.85705393449289780, 2.299999999999999822 ) ) ;
#1954 = DIRECTION ( 'NONE',  ( -0.000000000000000000, 1.000000000000000000, -0.000000000000000000 ) ) ;
#1955 = FACE_OUTER_BOUND ( 'NONE', #2413, .T. ) ;
#1956 = EDGE_CURVE ( 'NONE', #1663, #1239, #2856, .T. ) ;
#1957 = EDGE_LOOP ( 'NONE', ( #2252, #1397, #1176, #185 ) ) ;
#1958 = FACE_OUTER_BOUND ( 'NONE', #3124, .T. ) ;
#1959 = EDGE_LOOP ( 'NONE', ( #1521, #653, #1375, #2472 ) ) ;
#1960 = LINE ( 'NONE', #1704, #234 ) ;
#1961 = EDGE_CURVE ( 'NONE', #1018, #560, #2993, .T. ) ;
#1962 = VECTOR ( 'NONE', #315, 1000.000000000000000 ) ;
#1963 = EDGE_LOOP ( 'NONE', ( #1746, #3286, #3141, #1061 ) ) ;
#1964 = EDGE_CURVE ( 'NONE', #557, #3291, #1665, .T. ) ;
#1965 = CARTESIAN_POINT ( 'NONE',  ( 13.30570456204409702, 4.667951537025174069, 2.299999999999999822 ) ) ;
#1966 = AXIS2_PLACEMENT_3D ( 'NONE', #704, #213, #2545 ) ;
#1967 = ORIENTED_EDGE ( 'NONE', *, *, #1145, .T. ) ;
#1968 = EDGE_CURVE ( 'NONE', #1293, #1449, #730, .T. ) ;
#1969 = CARTESIAN_POINT ( 'NONE',  ( -13.50000000061836225, -40.45000000000000284, -18.29999999496763152 ) ) ;
#1970 = VECTOR ( 'NONE', #2894, 1000.000000000000000 ) ;
#1971 = VERTEX_POINT ( 'NONE', #2212 ) ;
#1972 = CARTESIAN_POINT ( 'NONE',  ( 13.49999999938163597, -45.00000000000000000, -20.19999999496763365 ) ) ;
#1973 = DIRECTION ( 'NONE',  ( 0.000000000000000000, 1.000000000000000000, 0.000000000000000000 ) ) ;
#1974 = CARTESIAN_POINT ( 'NONE',  ( -11.40537989737616442, -22.10368098241533374, -4.403680982415338896 ) ) ;
#1975 = VERTEX_POINT ( 'NONE', #2504 ) ;
#1976 = DIRECTION ( 'NONE',  ( -0.000000000000000000, -0.000000000000000000, 1.000000000000000000 ) ) ;
#1977 = VECTOR ( 'NONE', #3042, 1000.000000000000000 ) ;
#1978 = ORIENTED_EDGE ( 'NONE', *, *, #1362, .F. ) ;
#1979 = DIRECTION ( 'NONE',  ( -0.000000000000000000, -0.000000000000000000, 1.000000000000000000 ) ) ;
#1980 = CIRCLE ( 'NONE', #1705, 2.649999999999989253 ) ;
#1981 = ORIENTED_EDGE ( 'NONE', *, *, #723, .F. ) ;
#1982 = CARTESIAN_POINT ( 'NONE',  ( -9.000000000000007105, -40.84999999999996589, -48.90000000000006963 ) ) ;
#1983 = VECTOR ( 'NONE', #1079, 1000.000000000000000 ) ;
#1984 = EDGE_LOOP ( 'NONE', ( #1814, #2697, #422, #2005 ) ) ;
#1985 = DIRECTION ( 'NONE',  ( 0.000000000000000000, 0.000000000000000000, 1.000000000000000000 ) ) ;
#1986 = ORIENTED_EDGE ( 'NONE', *, *, #2247, .F. ) ;
#1987 = FACE_OUTER_BOUND ( 'NONE', #2244, .T. ) ;
#1988 = PLANE ( 'NONE',  #1166 ) ;
#1989 = CARTESIAN_POINT ( 'NONE',  ( 2.610287666324261568, 13.85705393449289957, 2.299999999999999822 ) ) ;
#1990 = EDGE_LOOP ( 'NONE', ( #2996, #285, #740, #1720 ) ) ;
#1991 = LINE ( 'NONE', #397, #2711 ) ;
#1992 = ORIENTED_EDGE ( 'NONE', *, *, #1425, .F. ) ;
#1993 = FACE_OUTER_BOUND ( 'NONE', #2440, .T. ) ;
#1994 = EDGE_CURVE ( 'NONE', #1765, #3239, #3244, .T. ) ;
#1995 = EDGE_CURVE ( 'NONE', #2640, #1639, #1819, .T. ) ;
#1996 = CLOSED_SHELL ( 'NONE', ( #617, #2220, #297, #2031, #2888, #1020, #38, #2443, #332, #1939, #1074, #907, #804, #2739, #872, #1341, #574, #1276, #1742, #695, #1775, #1048, #1749, #200, #2301, #2816, #1497, #1479, #1692, #543, #3175, #2480, #2813, #2157, #71, #3272, #3306, #1285, #1824, #2428, #197, #1566, #1902, #898, #1642, #2439, #2666, #2114, #1175, #903, #1879, #60, #1552, #120, #327, #632, #2354, #681, #3180, #1577, #3010, #2716, #2607, #3095, #1391, #1719, #135, #3234, #56, #2863, #978, #284, #2961, #401, #290, #308, #262, #3021, #2772, #3043, #3172, #3123, #932, #2190, #2130, #360, #3275, #2580, #2678, #2356, #1154, #3264, #191, #77, #762, #2917, #2269, #1218, #918, #2799, #3225, #416, #382, #3002 ) ) ;
#1997 = VERTEX_POINT ( 'NONE', #1159 ) ;
#1998 = CARTESIAN_POINT ( 'NONE',  ( 13.85705393449289069, -84.93251095273978990, -28.91028766632431513 ) ) ;
#1999 = VERTEX_POINT ( 'NONE', #2196 ) ;
#2000 = DIRECTION ( 'NONE',  ( 0.000000000000000000, 0.000000000000000000, 1.000000000000000000 ) ) ;
#2001 = AXIS2_PLACEMENT_3D ( 'NONE', #878, #111, #584 ) ;
#2002 = AXIS2_PLACEMENT_3D ( 'NONE', #88, #579, #592 ) ;
#2003 = VECTOR ( 'NONE', #619, 1000.000000000000000 ) ;
#2004 = CARTESIAN_POINT ( 'NONE',  ( 19.00000000000000355, -32.10000000000000142, -2.700000000000000178 ) ) ;
#2005 = ORIENTED_EDGE ( 'NONE', *, *, #1121, .F. ) ;
#2006 = EDGE_CURVE ( 'NONE', #1886, #1483, #1980, .T. ) ;
#2007 = ORIENTED_EDGE ( 'NONE', *, *, #647, .F. ) ;
#2008 = DIRECTION ( 'NONE',  ( -0.000000000000000000, 1.000000000000000000, -0.000000000000000000 ) ) ;
#2009 = DIRECTION ( 'NONE',  ( -1.000000000000000000, 0.000000000000000000, 0.000000000000000000 ) ) ;
#2010 = DIRECTION ( 'NONE',  ( -0.1724731828274984891, 0.000000000000000000, 0.9850142137072704918 ) ) ;
#2011 = CIRCLE ( 'NONE', #109, 2.649999999999999467 ) ;
#2012 = VECTOR ( 'NONE', #203, 1000.000000000000000 ) ;
#2013 = CARTESIAN_POINT ( 'NONE',  ( -6.693648218653287074, -41.99999999999999289, -22.43542039909952734 ) ) ;
#2014 = ORIENTED_EDGE ( 'NONE', *, *, #948, .T. ) ;
#2015 = VERTEX_POINT ( 'NONE', #1768 ) ;
#2016 = DIRECTION ( 'NONE',  ( -0.000000000000000000, -1.000000000000000000, -0.000000000000000000 ) ) ;
#2017 = DIRECTION ( 'NONE',  ( -0.1724731828275082313, 0.9850142137072687154, 0.000000000000000000 ) ) ;
#2018 = EDGE_LOOP ( 'NONE', ( #1531, #260, #2731, #2934 ) ) ;
#2019 = DIRECTION ( 'NONE',  ( -0.9850142137072722681, 0.000000000000000000, -0.1724731828274884970 ) ) ;
#2020 = CARTESIAN_POINT ( 'NONE',  ( 2.610287666325547207, -13.85705393449218903, -42.93251095273883777 ) ) ;
#2021 = EDGE_LOOP ( 'NONE', ( #2770, #2485, #1003, #2087, #2444, #1302 ) ) ;
#2022 = ORIENTED_EDGE ( 'NONE', *, *, #1674, .T. ) ;
#2023 = FACE_OUTER_BOUND ( 'NONE', #2272, .T. ) ;
#2024 = CARTESIAN_POINT ( 'NONE',  ( 0.000000000000000000, 0.000000000000000000, 0.000000000000000000 ) ) ;
#2025 = EDGE_CURVE ( 'NONE', #2210, #1266, #3357, .T. ) ;
#2026 = AXIS2_PLACEMENT_3D ( 'NONE', #1078, #342, #1583 ) ;
#2027 = FACE_OUTER_BOUND ( 'NONE', #1246, .T. ) ;
#2028 = CARTESIAN_POINT ( 'NONE',  ( -11.60474041071085516, 6.699999999999613820, 0.000000000000000000 ) ) ;
#2029 = ORIENTED_EDGE ( 'NONE', *, *, #3339, .T. ) ;
#2030 = DIRECTION ( 'NONE',  ( 1.000000000000000000, 0.000000000000000000, 0.000000000000000000 ) ) ;
#2031 = ADVANCED_FACE ( 'NONE', ( #3118 ), #773, .F. ) ;
#2032 = ORIENTED_EDGE ( 'NONE', *, *, #2534, .T. ) ;
#2033 = FACE_BOUND ( 'NONE', #973, .T. ) ;
#2034 = CARTESIAN_POINT ( 'NONE',  ( 6.699999999999758593, -41.99999999999999289, -37.90474041071151845 ) ) ;
#2035 = ORIENTED_EDGE ( 'NONE', *, *, #1465, .T. ) ;
#2036 = DIRECTION ( 'NONE',  ( -0.3431409490534766404, 0.000000000000000000, -0.9392839235729947278 ) ) ;
#2037 = CIRCLE ( 'NONE', #1277, 2.649999999999999467 ) ;
#2038 = VECTOR ( 'NONE', #735, 1000.000000000000000 ) ;
#2039 = AXIS2_PLACEMENT_3D ( 'NONE', #1012, #2808, #3041 ) ;
#2040 = LINE ( 'NONE', #747, #2445 ) ;
#2041 = ORIENTED_EDGE ( 'NONE', *, *, #948, .F. ) ;
#2042 = ORIENTED_EDGE ( 'NONE', *, *, #1301, .T. ) ;
#2043 = CARTESIAN_POINT ( 'NONE',  ( 9.000000000000001776, -40.84999999999996589, -48.90000000000006253 ) ) ;
#2044 = CYLINDRICAL_SURFACE ( 'NONE', #520, 3.549999999999999378 ) ;
#2045 = CARTESIAN_POINT ( 'NONE',  ( -9.000000000000007105, -40.84999999999995879, -54.90000000000006963 ) ) ;
#2046 = ORIENTED_EDGE ( 'NONE', *, *, #2608, .T. ) ;
#2047 = FACE_OUTER_BOUND ( 'NONE', #883, .T. ) ;
#2048 = ORIENTED_EDGE ( 'NONE', *, *, #2062, .F. ) ;
#2049 = LINE ( 'NONE', #722, #936 ) ;
#2050 = EDGE_CURVE ( 'NONE', #256, #611, #1116, .T. ) ;
#2051 = ORIENTED_EDGE ( 'NONE', *, *, #2461, .T. ) ;
#2052 = DIRECTION ( 'NONE',  ( 0.000000000000000000, 1.000000000000000000, 0.000000000000000000 ) ) ;
#2053 = CARTESIAN_POINT ( 'NONE',  ( 10.00000000000000355, -34.85000000000000853, -2.700000000000000178 ) ) ;
#2054 = ORIENTED_EDGE ( 'NONE', *, *, #809, .T. ) ;
#2055 = CARTESIAN_POINT ( 'NONE',  ( 14.25474041071213627, -6.699999999998910383, 0.000000000000000000 ) ) ;
#2056 = VECTOR ( 'NONE', #1067, 1000.000000000000000 ) ;
#2057 = LINE ( 'NONE', #1801, #219 ) ;
#2058 = VECTOR ( 'NONE', #2658, 1000.000000000000000 ) ;
#2059 = ORIENTED_EDGE ( 'NONE', *, *, #2948, .T. ) ;
#2060 = CARTESIAN_POINT ( 'NONE',  ( -10.69541689571855159, -9.189102397468486672, 2.299999999999999822 ) ) ;
#2061 = CARTESIAN_POINT ( 'NONE',  ( -13.50000000061836225, -39.69999999999999574, -18.29999999496763152 ) ) ;
#2062 = EDGE_CURVE ( 'NONE', #1119, #364, #953, .T. ) ;
#2063 = CARTESIAN_POINT ( 'NONE',  ( 19.00000000000000355, -42.00000000000006395, -54.90000000000009805 ) ) ;
#2064 = DIRECTION ( 'NONE',  ( -0.9392839235730126024, 0.3431409490534277351, 0.000000000000000000 ) ) ;
#2065 = CARTESIAN_POINT ( 'NONE',  ( -3.864579600899062939, -6.693648218653594384, 0.000000000000000000 ) ) ;
#2066 = EDGE_CURVE ( 'NONE', #3291, #1592, #1313, .T. ) ;
#2067 = ORIENTED_EDGE ( 'NONE', *, *, #1674, .F. ) ;
#2068 = DIRECTION ( 'NONE',  ( 0.1724731828275075929, 0.9850142137072688264, 0.000000000000000000 ) ) ;
#2069 = CARTESIAN_POINT ( 'NONE',  ( -3.864579600900125200, 6.693648218653342141, -42.93251095273883777 ) ) ;
#2070 = ORIENTED_EDGE ( 'NONE', *, *, #13, .T. ) ;
#2071 = DIRECTION ( 'NONE',  ( -0.7668107407454878288, 0.000000000000000000, 0.6418732646538226616 ) ) ;
#2072 = EDGE_CURVE ( 'NONE', #1238, #3178, #2612, .T. ) ;
#2073 = CARTESIAN_POINT ( 'NONE',  ( 6.693648218652973547, -84.93251095273978990, -30.16457960090009394 ) ) ;
#2074 = AXIS2_PLACEMENT_3D ( 'NONE', #2562, #345, #90 ) ;
#2075 = EDGE_CURVE ( 'NONE', #2687, #1336, #2792, .T. ) ;
#2076 = ORIENTED_EDGE ( 'NONE', *, *, #2458, .T. ) ;
#2077 = CARTESIAN_POINT ( 'NONE',  ( 6.693648218653321713, -41.99999999999999289, -22.43542039909983288 ) ) ;
#2078 = CARTESIAN_POINT ( 'NONE',  ( -2.956876496730416478E-13, -41.99999999999999289, -34.02915920180028309 ) ) ;
#2079 = DIRECTION ( 'NONE',  ( 0.000000000000000000, 1.000000000000000000, 0.000000000000000000 ) ) ;
#2080 = AXIS2_PLACEMENT_3D ( 'NONE', #2830, #449, #999 ) ;
#2081 = CARTESIAN_POINT ( 'NONE',  ( -13.85705393449315181, -41.99999999999999289, -23.68971233367537366 ) ) ;
#2082 = CARTESIAN_POINT ( 'NONE',  ( -9.189102397468825956, -39.69999999999999574, -36.99541689571967140 ) ) ;
#2083 = VECTOR ( 'NONE', #139, 1000.000000000000000 ) ;
#2084 = ORIENTED_EDGE ( 'NONE', *, *, #1878, .T. ) ;
#2085 = DIRECTION ( 'NONE',  ( -0.7668107407455122537, 0.6418732646537933517, 0.000000000000000000 ) ) ;
#2086 = CARTESIAN_POINT ( 'NONE',  ( -4.667951537024475073, -41.99999999999999289, -12.99429543795553599 ) ) ;
#2087 = ORIENTED_EDGE ( 'NONE', *, *, #3289, .T. ) ;
#2088 = DIRECTION ( 'NONE',  ( -0.000000000000000000, 1.000000000000000000, -0.000000000000000000 ) ) ;
#2089 = EDGE_CURVE ( 'NONE', #2334, #900, #2528, .T. ) ;
#2090 = LINE ( 'NONE', #83, #3315 ) ;
#2091 = ORIENTED_EDGE ( 'NONE', *, *, #1906, .T. ) ;
#2092 = VECTOR ( 'NONE', #2451, 1000.000000000000114 ) ;
#2093 = VECTOR ( 'NONE', #427, 1000.000000000000000 ) ;
#2094 = ORIENTED_EDGE ( 'NONE', *, *, #2390, .T. ) ;
#2095 = CARTESIAN_POINT ( 'NONE',  ( 6.700000000000101430, -84.93251095273978990, -12.04525958928834584 ) ) ;
#2096 = COLOUR_RGB ( '',0.000000000000000000, 1.000000000000000000, 0.2509803921568627416 ) ;
#2097 = CARTESIAN_POINT ( 'NONE',  ( 0.000000000000000000, 0.000000000000000000, -2.999999999999999112 ) ) ;
#2098 = CARTESIAN_POINT ( 'NONE',  ( -11.60474041071020679, -6.700000000000029488, -42.93251095273883777 ) ) ;
#2099 = PLANE ( 'NONE',  #2489 ) ;
#2100 = CARTESIAN_POINT ( 'NONE',  ( 7.729159201800657186, 1.055159106790048984E-12, 2.299999999999999822 ) ) ;
#2101 = ORIENTED_EDGE ( 'NONE', *, *, #2283, .F. ) ;
#2102 = DIRECTION ( 'NONE',  ( 1.000000000000000000, 0.000000000000000000, 0.000000000000000000 ) ) ;
#2103 = CARTESIAN_POINT ( 'NONE',  ( -13.85705393449315181, -39.69999999999999574, -23.68971233367537366 ) ) ;
#2104 = EDGE_CURVE ( 'NONE', #620, #2854, #573, .T. ) ;
#2105 = ORIENTED_EDGE ( 'NONE', *, *, #1502, .F. ) ;
#2106 = CARTESIAN_POINT ( 'NONE',  ( 9.189102397468554173, -84.93251095273978990, -15.60458310427998718 ) ) ;
#2107 = EDGE_CURVE ( 'NONE', #1447, #2704, #680, .T. ) ;
#2108 = CARTESIAN_POINT ( 'NONE',  ( -3.864579600900125200, 6.693648218653342141, 2.299999999999999822 ) ) ;
#2109 = ORIENTED_EDGE ( 'NONE', *, *, #2318, .F. ) ;
#2110 = EDGE_CURVE ( 'NONE', #94, #771, #2558, .T. ) ;
#2111 = VERTEX_POINT ( 'NONE', #207 ) ;
#2112 = LINE ( 'NONE', #2095, #1868 ) ;
#2113 = CARTESIAN_POINT ( 'NONE',  ( 13.85705393449289069, -39.69999999999999574, -28.91028766632431513 ) ) ;
#2114 = ADVANCED_FACE ( 'NONE', ( #1514 ), #2044, .F. ) ;
#2115 = AXIS2_PLACEMENT_3D ( 'NONE', #831, #380, #3220 ) ;
#2116 = LINE ( 'NONE', #1603, #2349 ) ;
#2117 = DIRECTION ( 'NONE',  ( 0.000000000000000000, 0.000000000000000000, 1.000000000000000000 ) ) ;
#2118 = AXIS2_PLACEMENT_3D ( 'NONE', #1182, #143, #2234 ) ;
#2119 = VERTEX_POINT ( 'NONE', #279 ) ;
#2120 = CARTESIAN_POINT ( 'NONE',  ( 13.49999999938163597, -40.45000000000000284, -16.39999999496763294 ) ) ;
#2121 = DIRECTION ( 'NONE',  ( -0.7668107407454924918, 0.000000000000000000, -0.6418732646538172215 ) ) ;
#2122 = AXIS2_PLACEMENT_3D ( 'NONE', #2347, #2605, #1834 ) ;
#2123 = ORIENTED_EDGE ( 'NONE', *, *, #2864, .F. ) ;
#2124 = LINE ( 'NONE', #2395, #2183 ) ;
#2125 = VECTOR ( 'NONE', #3018, 1000.000000000000000 ) ;
#2126 = DIRECTION ( 'NONE',  ( 0.000000000000000000, 0.000000000000000000, 1.000000000000000000 ) ) ;
#2127 = ORIENTED_EDGE ( 'NONE', *, *, #1325, .T. ) ;
#2128 = ORIENTED_EDGE ( 'NONE', *, *, #1257, .F. ) ;
#2129 = LINE ( 'NONE', #1109, #1595 ) ;
#2130 = ADVANCED_FACE ( 'NONE', ( #751 ), #2596, .F. ) ;
#2131 = DIRECTION ( 'NONE',  ( -0.000000000000000000, -0.000000000000000000, 1.000000000000000000 ) ) ;
#2132 = SURFACE_STYLE_FILL_AREA ( #856 ) ;
#2133 = AXIS2_PLACEMENT_3D ( 'NONE', #586, #1337, #320 ) ;
#2134 = CARTESIAN_POINT ( 'NONE',  ( -13.40000000000025970, -84.93251095273978990, -26.29999999999962768 ) ) ;
#2136 = VECTOR ( 'NONE', #384, 1000.000000000000000 ) ;
#2135 = DIRECTION ( 'NONE',  ( -0.000000000000000000, -0.000000000000000000, 1.000000000000000000 ) ) ;
#2137 = EDGE_CURVE ( 'NONE', #129, #2854, #2824, .T. ) ;
#2138 = ORIENTED_EDGE ( 'NONE', *, *, #766, .T. ) ;
#2139 = DIRECTION ( 'NONE',  ( 0.000000000000000000, 0.000000000000000000, 1.000000000000000000 ) ) ;
#2140 = ORIENTED_EDGE ( 'NONE', *, *, #566, .F. ) ;
#2141 = CARTESIAN_POINT ( 'NONE',  ( -13.50000000061836225, -40.45000000000000284, -20.19999999496763010 ) ) ;
#2142 = EDGE_CURVE ( 'NONE', #3005, #2751, #1046, .T. ) ;
#2143 = CARTESIAN_POINT ( 'NONE',  ( 11.60474041071213591, -6.699999999998910383, 2.299999999999999822 ) ) ;
#2144 = ORIENTED_EDGE ( 'NONE', *, *, #1025, .F. ) ;
#2145 = EDGE_LOOP ( 'NONE', ( #981, #1803, #2014, #3000 ) ) ;
#2146 = DIRECTION ( 'NONE',  ( 0.7668107407454938240, 0.000000000000000000, 0.6418732646538155562 ) ) ;
#2147 = DIRECTION ( 'NONE',  ( 0.7668107407454950453, 0.6418732646538141129, 0.000000000000000000 ) ) ;
#2148 = AXIS2_PLACEMENT_3D ( 'NONE', #2548, #2290, #2769 ) ;
#2149 =( LENGTH_UNIT ( ) NAMED_UNIT ( * ) SI_UNIT ( .MILLI., .METRE. ) );
#2150 = LINE ( 'NONE', #3190, #1925 ) ;
#2151 = AXIS2_PLACEMENT_3D ( 'NONE', #1584, #3152, #2629 ) ;
#2152 = PRODUCT ( '009_005_Up_down_connector', '009_005_Up_down_connector', '', ( #74 ) ) ;
#2153 = ORIENTED_EDGE ( 'NONE', *, *, #405, .F. ) ;
#2154 = DIRECTION ( 'NONE',  ( 0.3431409490534766404, 0.000000000000000000, 0.9392839235729947278 ) ) ;
#2155 = ORIENTED_EDGE ( 'NONE', *, *, #3361, .F. ) ;
#2156 = CARTESIAN_POINT ( 'NONE',  ( 13.49999999938163597, -40.45000000000000284, -14.74999999496763436 ) ) ;
#2157 = ADVANCED_FACE ( 'NONE', ( #1064 ), #263, .T. ) ;
#2158 = CARTESIAN_POINT ( 'NONE',  ( -6.700000000000025047, -41.99999999999999289, -14.69525958928814191 ) ) ;
#2159 = ORIENTED_EDGE ( 'NONE', *, *, #410, .F. ) ;
#2160 = ORIENTED_EDGE ( 'NONE', *, *, #1844, .T. ) ;
#2161 = FACE_OUTER_BOUND ( 'NONE', #2822, .T. ) ;
#2162 = FACE_OUTER_BOUND ( 'NONE', #305, .T. ) ;
#2163 = EDGE_CURVE ( 'NONE', #1421, #1708, #788, .T. ) ;
#2164 = CARTESIAN_POINT ( 'NONE',  ( -13.50000000061836225, -40.45000000000000284, -14.74999999496763081 ) ) ;
#2165 = DIRECTION ( 'NONE',  ( -0.000000000000000000, -1.000000000000000000, -0.000000000000000000 ) ) ;
#2166 = AXIS2_PLACEMENT_3D ( 'NONE', #2851, #3089, #30 ) ;
#2167 = ORIENTED_EDGE ( 'NONE', *, *, #1887, .T. ) ;
#2168 = LINE ( 'NONE', #79, #1671 ) ;
#2169 = EDGE_CURVE ( 'NONE', #1849, #1783, #2675, .T. ) ;
#2170 = ORIENTED_EDGE ( 'NONE', *, *, #1366, .F. ) ;
#2171 = CYLINDRICAL_SURFACE ( 'NONE', #500, 1.899999999999950395 ) ;
#2172 = DIRECTION ( 'NONE',  ( 0.000000000000000000, 1.000000000000000000, 0.000000000000000000 ) ) ;
#2173 = ORIENTED_EDGE ( 'NONE', *, *, #2950, .F. ) ;
#2174 = AXIS2_PLACEMENT_3D ( 'NONE', #2143, #1123, #1323 ) ;
#2175 = DIRECTION ( 'NONE',  ( -0.1724731828275083145, -0.9850142137072687154, 0.000000000000000000 ) ) ;
#2176 = LINE ( 'NONE', #2192, #1308 ) ;
#2177 = CARTESIAN_POINT ( 'NONE',  ( 0.000000000000000000, 0.000000000000000000, 0.000000000000000000 ) ) ;
#2178 = EDGE_CURVE ( 'NONE', #1765, #1373, #3186, .T. ) ;
#2179 = EDGE_LOOP ( 'NONE', ( #2979, #3184, #2555, #1056 ) ) ;
#2180 = DIRECTION ( 'NONE',  ( 4.163575784927221786E-17, 1.095473895433933174E-15, -1.000000000000000000 ) ) ;
#2181 = FACE_OUTER_BOUND ( 'NONE', #1757, .T. ) ;
#2182 = LINE ( 'NONE', #1055, #2251 ) ;
#2183 = VECTOR ( 'NONE', #1322, 1000.000000000000000 ) ;
#2184 = ORIENTED_EDGE ( 'NONE', *, *, #347, .T. ) ;
#2185 = DIRECTION ( 'NONE',  ( -0.000000000000000000, -0.000000000000000000, 1.000000000000000000 ) ) ;
#2186 = ORIENTED_EDGE ( 'NONE', *, *, #2213, .T. ) ;
#2187 = DIRECTION ( 'NONE',  ( 0.000000000000000000, 0.000000000000000000, 1.000000000000000000 ) ) ;
#2188 = CARTESIAN_POINT ( 'NONE',  ( 5.000000000000000000, 0.000000000000000000, -17.14213562373095101 ) ) ;
#2189 = ORIENTED_EDGE ( 'NONE', *, *, #2736, .T. ) ;
#2190 = ADVANCED_FACE ( 'NONE', ( #2162 ), #1873, .F. ) ;
#2191 = DIRECTION ( 'NONE',  ( 0.000000000000000000, 0.000000000000000000, -1.000000000000000000 ) ) ;
#2192 = CARTESIAN_POINT ( 'NONE',  ( -4.667951537024475073, -84.93251095273978990, -12.99429543795553599 ) ) ;
#2193 = EDGE_CURVE ( 'NONE', #1220, #1433, #2401, .T. ) ;
#2194 = EDGE_LOOP ( 'NONE', ( #2029, #2035 ) ) ;
#2195 = DIRECTION ( 'NONE',  ( 0.000000000000000000, 0.000000000000000000, 1.000000000000000000 ) ) ;
#2196 = CARTESIAN_POINT ( 'NONE',  ( -7.729159201799991052, -3.485303408726214691E-13, 2.299999999999999822 ) ) ;
#2197 = CARTESIAN_POINT ( 'NONE',  ( -15.20537989737608342, -25.90368098241525630, -8.203680982415294309 ) ) ;
#2198 = VECTOR ( 'NONE', #1461, 1000.000000000000000 ) ;
#2199 = AXIS2_PLACEMENT_3D ( 'NONE', #1841, #1515, #10 ) ;
#2200 = EDGE_LOOP ( 'NONE', ( #2836, #1715, #2603, #2267 ) ) ;
#2201 = PLANE ( 'NONE',  #52 ) ;
#2202 = ORIENTED_EDGE ( 'NONE', *, *, #2768, .T. ) ;
#2203 = CARTESIAN_POINT ( 'NONE',  ( 0.000000000000000000, 13.40000000000000036, 2.299999999999999822 ) ) ;
#2204 = CARTESIAN_POINT ( 'NONE',  ( -2.610287666324261124, 13.85705393449289780, -42.93251095273883777 ) ) ;
#2205 = ORIENTED_EDGE ( 'NONE', *, *, #2702, .T. ) ;
#2206 = DIRECTION ( 'NONE',  ( -1.000000000000000000, 0.000000000000000000, 1.826024711554533420E-16 ) ) ;
#2207 = CARTESIAN_POINT ( 'NONE',  ( -6.624999999999937828, 11.47483660014378870, -8.374011537017832296 ) ) ;
#2208 = EDGE_CURVE ( 'NONE', #3224, #450, #3346, .T. ) ;
#2209 = UNCERTAINTY_MEASURE_WITH_UNIT (LENGTH_MEASURE( 1.000000000000000082E-05 ), #1648, 'distance_accuracy_value', 'NONE');
#2210 = VERTEX_POINT ( 'NONE', #2113 ) ;
#2211 = DIRECTION ( 'NONE',  ( -0.7668107407454598512, -0.6418732646538558573, 0.000000000000000000 ) ) ;
#2212 = CARTESIAN_POINT ( 'NONE',  ( -19.00000000000000000, 0.000000000000000000, -3.000000000000000000 ) ) ;
#2213 = EDGE_CURVE ( 'NONE', #196, #201, #955, .T. ) ;
#2214 = FACE_BOUND ( 'NONE', #1077, .T. ) ;
#2215 = EDGE_LOOP ( 'NONE', ( #1223, #2735, #1102, #311 ) ) ;
#2216 = DIRECTION ( 'NONE',  ( 3.730588120380229462E-16, 0.000000000000000000, 1.000000000000000000 ) ) ;
#2217 = ORIENTED_EDGE ( 'NONE', *, *, #737, .F. ) ;
#2218 = DIRECTION ( 'NONE',  ( -0.000000000000000000, 1.000000000000000000, -0.000000000000000000 ) ) ;
#2219 = VECTOR ( 'NONE', #1796, 1000.000000000000000 ) ;
#2220 = ADVANCED_FACE ( 'NONE', ( #1097 ), #72, .F. ) ;
#2221 = EDGE_LOOP ( 'NONE', ( #2498, #2315 ) ) ;
#2222 = DIRECTION ( 'NONE',  ( 0.000000000000000000, 0.000000000000000000, 1.000000000000000000 ) ) ;
#2223 = VECTOR ( 'NONE', #3250, 1000.000000000000000 ) ;
#2224 = VERTEX_POINT ( 'NONE', #3189 ) ;
#2225 = FACE_OUTER_BOUND ( 'NONE', #1452, .T. ) ;
#2226 = CARTESIAN_POINT ( 'NONE',  ( -3.864579600899062495, -6.693648218653594384, -42.93251095273883777 ) ) ;
#2227 = VECTOR ( 'NONE', #1222, 1000.000000000000000 ) ;
#2228 = EDGE_CURVE ( 'NONE', #352, #3329, #1825, .T. ) ;
#2229 = CIRCLE ( 'NONE', #3257, 1.899999999999999023 ) ;
#2230 = EDGE_LOOP ( 'NONE', ( #1935, #583, #1870, #1053, #144, #375, #2105, #1318, #2627, #2355 ) ) ;
#2231 = PLANE ( 'NONE',  #348 ) ;
#2232 = CYLINDRICAL_SURFACE ( 'NONE', #84, 1.899999999999999023 ) ;
#2233 = LINE ( 'NONE', #1938, #1066 ) ;
#2234 = DIRECTION ( 'NONE',  ( 0.000000000000000000, 0.000000000000000000, 1.000000000000000000 ) ) ;
#2235 = ORIENTED_EDGE ( 'NONE', *, *, #742, .T. ) ;
#2236 = DIRECTION ( 'NONE',  ( -1.000000000000000000, 0.000000000000000000, 0.000000000000000000 ) ) ;
#2237 = VECTOR ( 'NONE', #1290, 1000.000000000000114 ) ;
#2238 = VERTEX_POINT ( 'NONE', #2895 ) ;
#2239 = LINE ( 'NONE', #2204, #1098 ) ;
#2240 = VECTOR ( 'NONE', #1184, 1000.000000000000000 ) ;
#2241 = ORIENTED_EDGE ( 'NONE', *, *, #2324, .F. ) ;
#2242 = CARTESIAN_POINT ( 'NONE',  ( 13.49999999938163597, -40.45000000000000284, -18.29999999496763508 ) ) ;
#2243 = VECTOR ( 'NONE', #2211, 1000.000000000000227 ) ;
#2244 = EDGE_LOOP ( 'NONE', ( #1472, #1088, #2722, #2140 ) ) ;
#2245 = LINE ( 'NONE', #663, #1480 ) ;
#2246 = DIRECTION ( 'NONE',  ( 4.163575784927221169E-17, 1.095473895433933174E-15, -1.000000000000000000 ) ) ;
#2247 = EDGE_CURVE ( 'NONE', #2015, #1999, #1359, .T. ) ;
#2248 = DIRECTION ( 'NONE',  ( -8.260587980841938780E-17, 1.000000000000000000, 0.000000000000000000 ) ) ;
#2249 = ORIENTED_EDGE ( 'NONE', *, *, #849, .T. ) ;
#2250 = DIRECTION ( 'NONE',  ( -1.213093339843919626E-16, -0.000000000000000000, 1.000000000000000000 ) ) ;
#2251 = VECTOR ( 'NONE', #45, 1000.000000000000000 ) ;
#2252 = ORIENTED_EDGE ( 'NONE', *, *, #989, .F. ) ;
#2253 = DIRECTION ( 'NONE',  ( -0.3431409490534543805, 0.000000000000000000, 0.9392839235730028324 ) ) ;
#2254 = VECTOR ( 'NONE', #2246, 1000.000000000000000 ) ;
#2255 = ORIENTED_EDGE ( 'NONE', *, *, #1714, .F. ) ;
#2256 = CARTESIAN_POINT ( 'NONE',  ( 10.69541689571983056, 9.189102397469191885, 0.000000000000000000 ) ) ;
#2257 = EDGE_CURVE ( 'NONE', #863, #3197, #2421, .T. ) ;
#2258 = ORIENTED_EDGE ( 'NONE', *, *, #1402, .F. ) ;
#2259 = LINE ( 'NONE', #239, #2453 ) ;
#2260 = LINE ( 'NONE', #2788, #2012 ) ;
#2261 = ORIENTED_EDGE ( 'NONE', *, *, #1101, .T. ) ;
#2262 = CARTESIAN_POINT ( 'NONE',  ( 19.00000000000000355, -39.69999999999999574, -7.000000000000000000 ) ) ;
#2263 = CARTESIAN_POINT ( 'NONE',  ( -11.60474041071085516, 6.699999999999613820, 2.299999999999999822 ) ) ;
#2264 = CYLINDRICAL_SURFACE ( 'NONE', #2470, 1.899999999999999023 ) ;
#2265 = ORIENTED_EDGE ( 'NONE', *, *, #1144, .F. ) ;
#2266 = CARTESIAN_POINT ( 'NONE',  ( 10.69541689572048959, -9.189102397467369343, 2.299999999999999822 ) ) ;
#2267 = ORIENTED_EDGE ( 'NONE', *, *, #824, .F. ) ;
#2268 = SURFACE_STYLE_FILL_AREA ( #1737 ) ;
#2269 = ADVANCED_FACE ( 'NONE', ( #1390 ), #1600, .F. ) ;
#2270 = ORIENTED_EDGE ( 'NONE', *, *, #896, .T. ) ;
#2271 = CARTESIAN_POINT ( 'NONE',  ( 13.49999999938163597, -45.00000000000000000, -16.39999999496763294 ) ) ;
#2272 = EDGE_LOOP ( 'NONE', ( #2325, #2046, #816, #2636 ) ) ;
#2273 = CARTESIAN_POINT ( 'NONE',  ( 11.60474041071213591, -6.699999999998910383, -42.93251095273883777 ) ) ;
#2274 = AXIS2_PLACEMENT_3D ( 'NONE', #406, #1188, #2547 ) ;
#2275 = VECTOR ( 'NONE', #1632, 1000.000000000000000 ) ;
#2276 = AXIS2_PLACEMENT_3D ( 'NONE', #2357, #1827, #3105 ) ;
#2277 = DIRECTION ( 'NONE',  ( 0.000000000000000000, 1.000000000000000000, 0.000000000000000000 ) ) ;
#2278 = ORIENTED_EDGE ( 'NONE', *, *, #2583, .T. ) ;
#2279 = ORIENTED_EDGE ( 'NONE', *, *, #1362, .T. ) ;
#2280 = CYLINDRICAL_SURFACE ( 'NONE', #1578, 3.549999999999997602 ) ;
#2281 = DIRECTION ( 'NONE',  ( 0.6418732646538318765, -0.000000000000000000, 0.7668107407454800573 ) ) ;
#2282 = FACE_BOUND ( 'NONE', #1734, .T. ) ;
#2283 = EDGE_CURVE ( 'NONE', #2751, #3057, #89, .T. ) ;
#2284 = AXIS2_PLACEMENT_3D ( 'NONE', #1491, #1528, #3353 ) ;
#2285 = CARTESIAN_POINT ( 'NONE',  ( 9.000000000000001776, -38.94999999999996021, -54.90000000000006253 ) ) ;
#2286 = CARTESIAN_POINT ( 'NONE',  ( 8.524999999999563371, 11.47483660014415641, -3.000000000000000000 ) ) ;
#2287 = ORIENTED_EDGE ( 'NONE', *, *, #2163, .T. ) ;
#2288 = CARTESIAN_POINT ( 'NONE',  ( -6.624999999999937828, 11.47483660014378870, 2.299999999999999822 ) ) ;
#2289 = ORIENTED_EDGE ( 'NONE', *, *, #347, .F. ) ;
#2290 = DIRECTION ( 'NONE',  ( -0.000000000000000000, 1.000000000000000000, -0.000000000000000000 ) ) ;
#2291 = ORIENTED_EDGE ( 'NONE', *, *, #471, .T. ) ;
#2292 = FACE_OUTER_BOUND ( 'NONE', #600, .T. ) ;
#2293 = VECTOR ( 'NONE', #538, 1000.000000000000000 ) ;
#2294 = VECTOR ( 'NONE', #2698, 1000.000000000000000 ) ;
#2295 = LINE ( 'NONE', #1291, #2665 ) ;
#2296 = ORIENTED_EDGE ( 'NONE', *, *, #1781, .T. ) ;
#2297 = ORIENTED_EDGE ( 'NONE', *, *, #228, .T. ) ;
#2298 = DIRECTION ( 'NONE',  ( 0.000000000000000000, 1.000000000000000000, 0.000000000000000000 ) ) ;
#2299 = DIRECTION ( 'NONE',  ( -0.000000000000000000, 1.000000000000000000, -0.000000000000000000 ) ) ;
#2300 = LINE ( 'NONE', #1030, #1875 ) ;
#2301 = ADVANCED_FACE ( 'NONE', ( #871, #2431, #2878, #3136, #2416, #547 ), #3199, .F. ) ;
#2302 = PLANE ( 'NONE',  #2923 ) ;
#2303 = DIRECTION ( 'NONE',  ( 0.000000000000000000, 1.000000000000000000, 0.000000000000000000 ) ) ;
#2304 = ORIENTED_EDGE ( 'NONE', *, *, #1112, .T. ) ;
#2305 = CARTESIAN_POINT ( 'NONE',  ( 19.00000000000000000, 0.000000000000000000, -59.63920903402518547 ) ) ;
#2306 = ORIENTED_EDGE ( 'NONE', *, *, #1495, .F. ) ;
#2307 = DIRECTION ( 'NONE',  ( 1.000000000000000000, 8.260587980841938780E-17, 0.000000000000000000 ) ) ;
#2308 = CARTESIAN_POINT ( 'NONE',  ( -9.189102397468476013, -41.99999999999999289, -15.60458310427979001 ) ) ;
#2309 = ORIENTED_EDGE ( 'NONE', *, *, #2062, .T. ) ;
#2310 = DIRECTION ( 'NONE',  ( -0.7668107407454598512, -0.6418732646538558573, 0.000000000000000000 ) ) ;
#2311 = AXIS2_PLACEMENT_3D ( 'NONE', #906, #1209, #140 ) ;
#2312 = VECTOR ( 'NONE', #25, 1000.000000000000000 ) ;
#2313 = AXIS2_PLACEMENT_3D ( 'NONE', #2336, #1787, #9 ) ;
#2314 = FACE_OUTER_BOUND ( 'NONE', #1470, .T. ) ;
#2315 = ORIENTED_EDGE ( 'NONE', *, *, #2104, .F. ) ;
#2316 = ORIENTED_EDGE ( 'NONE', *, *, #189, .F. ) ;
#2317 = DIRECTION ( 'NONE',  ( 0.000000000000000000, 0.000000000000000000, 1.000000000000000000 ) ) ;
#2318 = EDGE_CURVE ( 'NONE', #1849, #2015, #41, .T. ) ;
#2319 = DIRECTION ( 'NONE',  ( -1.000000000000000000, -8.260587980841938780E-17, 0.000000000000000000 ) ) ;
#2320 = CARTESIAN_POINT ( 'NONE',  ( 13.30570456204474183, -4.667951537023347974, 0.000000000000000000 ) ) ;
#2321 = EDGE_CURVE ( 'NONE', #1539, #2963, #1328, .T. ) ;
#2322 = DIRECTION ( 'NONE',  ( -1.000000000000000000, 0.000000000000000000, 1.826024711554533420E-16 ) ) ;
#2323 = DIRECTION ( 'NONE',  ( 0.000000000000000000, 0.000000000000000000, 1.000000000000000000 ) ) ;
#2324 = EDGE_CURVE ( 'NONE', #937, #561, #2591, .T. ) ;
#2325 = ORIENTED_EDGE ( 'NONE', *, *, #590, .F. ) ;
#2326 = CARTESIAN_POINT ( 'NONE',  ( 2.610287666325547207, -13.85705393449218903, 2.299999999999999822 ) ) ;
#2327 = DIRECTION ( 'NONE',  ( 0.7668107407454949342, 0.6418732646538141129, 0.000000000000000000 ) ) ;
#2328 = VERTEX_POINT ( 'NONE', #373 ) ;
#2329 = FACE_OUTER_BOUND ( 'NONE', #481, .T. ) ;
#2330 = EDGE_CURVE ( 'NONE', #129, #1773, #3011, .T. ) ;
#2331 = CARTESIAN_POINT ( 'NONE',  ( -13.85705393449315537, -41.99999999999999289, -28.91028766632388525 ) ) ;
#2332 = ORIENTED_EDGE ( 'NONE', *, *, #3054, .F. ) ;
#2333 = AXIS2_PLACEMENT_3D ( 'NONE', #236, #2052, #796 ) ;
#2334 = VERTEX_POINT ( 'NONE', #3214 ) ;
#2335 = CARTESIAN_POINT ( 'NONE',  ( 13.49999999938163597, -40.45000000000000284, -34.29999999496763508 ) ) ;
#2336 = CARTESIAN_POINT ( 'NONE',  ( 13.30570456204474183, -4.667951537023347974, -42.93251095273883777 ) ) ;
#2337 = DIRECTION ( 'NONE',  ( 4.163575784927221786E-17, 1.095473895433933174E-15, -1.000000000000000000 ) ) ;
#2338 = DIRECTION ( 'NONE',  ( 0.000000000000000000, 0.000000000000000000, 1.000000000000000000 ) ) ;
#2339 = CARTESIAN_POINT ( 'NONE',  ( 9.000000000000001776, -42.74999999999995737, -54.90000000000006253 ) ) ;
#2340 = AXIS2_PLACEMENT_3D ( 'NONE', #3278, #456, #2298 ) ;
#2341 = VECTOR ( 'NONE', #1309, 1000.000000000000114 ) ;
#2342 = ORIENTED_EDGE ( 'NONE', *, *, #3016, .F. ) ;
#2343 = CARTESIAN_POINT ( 'NONE',  ( -10.69541689571855159, -9.189102397468486672, 0.000000000000000000 ) ) ;
#2344 = DIRECTION ( 'NONE',  ( 0.9850142137072703807, 0.000000000000000000, 0.1724731828274984891 ) ) ;
#2345 = ORIENTED_EDGE ( 'NONE', *, *, #1301, .F. ) ;
#2346 = CARTESIAN_POINT ( 'NONE',  ( 10.00000000000000355, -34.85000000000000853, -2.700000000000000178 ) ) ;
#2347 = CARTESIAN_POINT ( 'NONE',  ( 0.000000000000000000, 0.000000000000000000, -2.999999999999999112 ) ) ;
#2348 = ORIENTED_EDGE ( 'NONE', *, *, #1712, .F. ) ;
#2349 = VECTOR ( 'NONE', #2648, 1000.000000000000227 ) ;
#2350 = ORIENTED_EDGE ( 'NONE', *, *, #2169, .T. ) ;
#2351 = CARTESIAN_POINT ( 'NONE',  ( 13.49999999938163597, -39.69999999999999574, -30.74999999496763792 ) ) ;
#2352 = DIRECTION ( 'NONE',  ( 0.000000000000000000, 0.000000000000000000, 1.000000000000000000 ) ) ;
#2353 = DIRECTION ( 'NONE',  ( 0.3431409490534543805, 0.000000000000000000, -0.9392839235730028324 ) ) ;
#2354 = ADVANCED_FACE ( 'NONE', ( #2483 ), #2990, .F. ) ;
#2355 = ORIENTED_EDGE ( 'NONE', *, *, #2877, .F. ) ;
#2356 = ADVANCED_FACE ( 'NONE', ( #1694 ), #150, .F. ) ;
#2357 = CARTESIAN_POINT ( 'NONE',  ( -13.50000000061836225, -50.37401153701775769, -34.29999999496763508 ) ) ;
#2358 = AXIS2_PLACEMENT_3D ( 'NONE', #957, #1427, #2466 ) ;
#2359 = ORIENTED_EDGE ( 'NONE', *, *, #112, .T. ) ;
#2360 = DIRECTION ( 'NONE',  ( 1.000000000000000000, 0.000000000000000000, 0.000000000000000000 ) ) ;
#2361 = EDGE_CURVE ( 'NONE', #1686, #1846, #118, .T. ) ;
#2362 = CARTESIAN_POINT ( 'NONE',  ( -9.000000000000007105, -38.94999999999996732, -48.90000000000006963 ) ) ;
#2363 = EDGE_LOOP ( 'NONE', ( #2051, #2712 ) ) ;
#2364 = DIRECTION ( 'NONE',  ( -0.000000000000000000, -1.000000000000000000, -0.000000000000000000 ) ) ;
#2365 = EDGE_CURVE ( 'NONE', #2606, #557, #130, .T. ) ;
#2366 = FACE_OUTER_BOUND ( 'NONE', #1785, .T. ) ;
#2367 = ORIENTED_EDGE ( 'NONE', *, *, #2929, .F. ) ;
#2368 = VECTOR ( 'NONE', #1666, 1000.000000000000000 ) ;
#2369 = AXIS2_PLACEMENT_3D ( 'NONE', #3174, #2404, #2679 ) ;
#2370 = ORIENTED_EDGE ( 'NONE', *, *, #3153, .T. ) ;
#2371 = DIRECTION ( 'NONE',  ( 1.000000000000000000, 0.000000000000000000, 0.000000000000000000 ) ) ;
#2372 = CARTESIAN_POINT ( 'NONE',  ( -6.693648218653287074, -84.93251095273978990, -22.43542039909952734 ) ) ;
#2373 = FACE_OUTER_BOUND ( 'NONE', #1959, .T. ) ;
#2374 = ORIENTED_EDGE ( 'NONE', *, *, #2484, .T. ) ;
#2375 = FACE_BOUND ( 'NONE', #2764, .T. ) ;
#2376 = CARTESIAN_POINT ( 'NONE',  ( 7.729159201800657186, 1.055159106790048984E-12, -42.93251095273883777 ) ) ;
#2377 = ORIENTED_EDGE ( 'NONE', *, *, #2050, .T. ) ;
#2378 = DIRECTION ( 'NONE',  ( 0.9392839235730027214, 0.000000000000000000, -0.3431409490534548801 ) ) ;
#2379 = DIRECTION ( 'NONE',  ( 0.000000000000000000, 0.000000000000000000, 1.000000000000000000 ) ) ;
#2380 = EDGE_LOOP ( 'NONE', ( #2170, #2289, #2893, #1466 ) ) ;
#2381 = EDGE_LOOP ( 'NONE', ( #2255, #2370, #50, #1779 ) ) ;
#2382 = LINE ( 'NONE', #40, #2058 ) ;
#2383 = EDGE_CURVE ( 'NONE', #985, #893, #1677, .T. ) ;
#2384 = DIRECTION ( 'NONE',  ( 0.000000000000000000, 1.000000000000000000, 0.000000000000000000 ) ) ;
#2385 = VECTOR ( 'NONE', #1389, 1000.000000000000000 ) ;
#2386 = AXIS2_PLACEMENT_3D ( 'NONE', #2638, #1869, #2379 ) ;
#2387 = CARTESIAN_POINT ( 'NONE',  ( -10.69541689571855159, -9.189102397468486672, 0.000000000000000000 ) ) ;
#2388 = DIRECTION ( 'NONE',  ( 0.000000000000000000, 1.000000000000000000, 0.000000000000000000 ) ) ;
#2389 = AXIS2_PLACEMENT_3D ( 'NONE', #1482, #1701, #3285 ) ;
#2390 = EDGE_CURVE ( 'NONE', #724, #370, #1793, .T. ) ;
#2391 = ORIENTED_EDGE ( 'NONE', *, *, #321, .T. ) ;
#2392 = DIRECTION ( 'NONE',  ( -0.000000000000000000, -0.000000000000000000, 1.000000000000000000 ) ) ;
#2393 = AXIS2_PLACEMENT_3D ( 'NONE', #2226, #3227, #2738 ) ;
#2394 = EDGE_LOOP ( 'NONE', ( #404, #803 ) ) ;
#2395 = CARTESIAN_POINT ( 'NONE',  ( 10.00000000000000355, -37.59999999999996589, -49.90000000000009095 ) ) ;
#2396 = VECTOR ( 'NONE', #2017, 1000.000000000000227 ) ;
#2397 = DIRECTION ( 'NONE',  ( 0.000000000000000000, 0.000000000000000000, 1.000000000000000000 ) ) ;
#2398 = VERTEX_POINT ( 'NONE', #1408 ) ;
#2399 = VERTEX_POINT ( 'NONE', #390 ) ;
#2400 = FACE_OUTER_BOUND ( 'NONE', #2215, .T. ) ;
#2401 = LINE ( 'NONE', #343, #2642 ) ;
#2402 = PRESENTATION_STYLE_ASSIGNMENT (( #314 ) ) ;
#2403 = AXIS2_PLACEMENT_3D ( 'NONE', #2134, #1099, #3138 ) ;
#2405 = STYLED_ITEM ( 'NONE', ( #1019 ), #602 ) ;
#2404 = DIRECTION ( 'NONE',  ( -0.000000000000000000, 1.000000000000000000, -0.000000000000000000 ) ) ;
#2406 = EDGE_CURVE ( 'NONE', #1286, #3208, #1713, .T. ) ;
#2407 = ORIENTED_EDGE ( 'NONE', *, *, #1392, .T. ) ;
#2408 = DIRECTION ( 'NONE',  ( 4.163575784927221169E-17, 1.095473895433933174E-15, -1.000000000000000000 ) ) ;
#2409 = ORIENTED_EDGE ( 'NONE', *, *, #668, .F. ) ;
#2410 = CARTESIAN_POINT ( 'NONE',  ( -2.610287666322975486, -13.85705393449220679, -42.93251095273883777 ) ) ;
#2411 = AXIS2_PLACEMENT_3D ( 'NONE', #172, #442, #2723 ) ;
#2412 = CARTESIAN_POINT ( 'NONE',  ( 6.624999999999544364, 11.47483660014415641, -3.000000000000000000 ) ) ;
#2413 = EDGE_LOOP ( 'NONE', ( #1559, #3335, #706, #177 ) ) ;
#2414 = ORIENTED_EDGE ( 'NONE', *, *, #2228, .T. ) ;
#2415 = CARTESIAN_POINT ( 'NONE',  ( 2.124423552260767346E-31, -59.14213562373095101, -21.30000000000002203 ) ) ;
#2416 = FACE_BOUND ( 'NONE', #253, .T. ) ;
#2417 = AXIS2_PLACEMENT_3D ( 'NONE', #1698, #2505, #1462 ) ;
#2418 = AXIS2_PLACEMENT_3D ( 'NONE', #2024, #3319, #476 ) ;
#2419 = EDGE_CURVE ( 'NONE', #501, #2119, #2717, .T. ) ;
#2420 = CARTESIAN_POINT ( 'NONE',  ( 1.284469037195706312E-12, -13.39999999999929159, 0.000000000000000000 ) ) ;
#2421 = CIRCLE ( 'NONE', #1710, 1.899999999999999023 ) ;
#2422 = ORIENTED_EDGE ( 'NONE', *, *, #2841, .F. ) ;
#2423 = DIRECTION ( 'NONE',  ( 1.000000000000000000, 0.000000000000000000, 0.000000000000000000 ) ) ;
#2424 = ORIENTED_EDGE ( 'NONE', *, *, #51, .T. ) ;
#2425 = LINE ( 'NONE', #1658, #2727 ) ;
#2426 = EDGE_CURVE ( 'NONE', #450, #3224, #821, .T. ) ;
#2427 = DIRECTION ( 'NONE',  ( 1.000000000000000000, -0.000000000000000000, -1.826024711554533420E-16 ) ) ;
#2428 = ADVANCED_FACE ( 'NONE', ( #133 ), #1424, .F. ) ;
#2429 = VERTEX_POINT ( 'NONE', #1728 ) ;
#2430 = CARTESIAN_POINT ( 'NONE',  ( 9.000000000000001776, -30.74999999999996803, -48.90000000000005542 ) ) ;
#2431 = FACE_BOUND ( 'NONE', #3323, .T. ) ;
#2432 = VERTEX_POINT ( 'NONE', #1205 ) ;
#2433 = DIRECTION ( 'NONE',  ( -0.000000000000000000, 1.000000000000000000, -0.000000000000000000 ) ) ;
#2434 = CYLINDRICAL_SURFACE ( 'NONE', #300, 1.900000000000019673 ) ;
#2435 = CARTESIAN_POINT ( 'NONE',  ( 4.667951537024220166, -39.69999999999999574, -39.60570456204413858 ) ) ;
#2436 = VECTOR ( 'NONE', #2175, 1000.000000000000000 ) ;
#2437 = ORIENTED_EDGE ( 'NONE', *, *, #2169, .F. ) ;
#2438 = CYLINDRICAL_SURFACE ( 'NONE', #2001, 3.549999999999997602 ) ;
#2439 = ADVANCED_FACE ( 'NONE', ( #916 ), #954, .F. ) ;
#2440 = EDGE_LOOP ( 'NONE', ( #78, #1132, #392, #1085 ) ) ;
#2441 = CARTESIAN_POINT ( 'NONE',  ( -3.864579600899062495, -6.693648218653594384, 2.299999999999999822 ) ) ;
#2442 = CARTESIAN_POINT ( 'NONE',  ( -13.85705393449315181, -39.69999999999999574, -23.68971233367537366 ) ) ;
#2443 = ADVANCED_FACE ( 'NONE', ( #1156 ), #626, .F. ) ;
#2444 = ORIENTED_EDGE ( 'NONE', *, *, #1232, .T. ) ;
#2445 = VECTOR ( 'NONE', #1255, 1000.000000000000000 ) ;
#2446 = DIRECTION ( 'NONE',  ( 0.000000000000000000, 1.000000000000000000, 0.000000000000000000 ) ) ;
#2447 = DIRECTION ( 'NONE',  ( 1.000000000000000000, 0.000000000000000000, 0.000000000000000000 ) ) ;
#2448 = ORIENTED_EDGE ( 'NONE', *, *, #1770, .F. ) ;
#2449 = CYLINDRICAL_SURFACE ( 'NONE', #1212, 2.649999999999997691 ) ;
#2450 = PLANE ( 'NONE',  #1380 ) ;
#2451 = DIRECTION ( 'NONE',  ( 0.7668107407454776148, -0.6418732646538348741, 0.000000000000000000 ) ) ;
#2452 = EDGE_CURVE ( 'NONE', #924, #844, #595, .T. ) ;
#2453 = VECTOR ( 'NONE', #2036, 1000.000000000000000 ) ;
#2454 = ORIENTED_EDGE ( 'NONE', *, *, #2987, .F. ) ;
#2455 = CARTESIAN_POINT ( 'NONE',  ( 10.69541689572048959, -9.189102397467369343, -42.93251095273883777 ) ) ;
#2456 = ORIENTED_EDGE ( 'NONE', *, *, #2575, .T. ) ;
#2457 = FACE_OUTER_BOUND ( 'NONE', #930, .T. ) ;
#2458 = EDGE_CURVE ( 'NONE', #3036, #1483, #2176, .T. ) ;
#2459 = LINE ( 'NONE', #881, #1360 ) ;
#2460 = EDGE_LOOP ( 'NONE', ( #43, #2610, #966, #1043 ) ) ;
#2461 = EDGE_CURVE ( 'NONE', #1449, #1293, #2985, .T. ) ;
#2462 = CIRCLE ( 'NONE', #1005, 2.649999999999999467 ) ;
#2463 = PLANE ( 'NONE',  #2495 ) ;
#2464 = CARTESIAN_POINT ( 'NONE',  ( -13.50000000061836225, -40.45000000000000284, -18.29999999496763152 ) ) ;
#2465 = ORIENTED_EDGE ( 'NONE', *, *, #2534, .F. ) ;
#2466 = DIRECTION ( 'NONE',  ( 0.000000000000000000, 1.000000000000000000, 0.000000000000000000 ) ) ;
#2467 = DIRECTION ( 'NONE',  ( -0.000000000000000000, -0.000000000000000000, 1.000000000000000000 ) ) ;
#2468 = CARTESIAN_POINT ( 'NONE',  ( 2.124423552260767346E-31, -59.14213562373095101, -26.30000000000002203 ) ) ;
#2469 = AXIS2_PLACEMENT_3D ( 'NONE', #1178, #1477, #1428 ) ;
#2470 = AXIS2_PLACEMENT_3D ( 'NONE', #1210, #2725, #415 ) ;
#2471 = VECTOR ( 'NONE', #1241, 1000.000000000000000 ) ;
#2472 = ORIENTED_EDGE ( 'NONE', *, *, #321, .F. ) ;
#2473 = DIRECTION ( 'NONE',  ( 0.000000000000000000, 0.000000000000000000, 1.000000000000000000 ) ) ;
#2474 = ORIENTED_EDGE ( 'NONE', *, *, #2365, .F. ) ;
#2475 = DIRECTION ( 'NONE',  ( 0.000000000000000000, 1.000000000000000000, 0.000000000000000000 ) ) ;
#2476 =( BOUNDED_CURVE ( )  B_SPLINE_CURVE ( 3, ( #1974, #1683, #2197, #2540 ),
 .UNSPECIFIED., .F., .T. ) 
 B_SPLINE_CURVE_WITH_KNOTS ( ( 4, 4 ),
 ( 1.570796326794896780, 4.712388980384689674 ),
 .UNSPECIFIED. ) 
 CURVE ( )  GEOMETRIC_REPRESENTATION_ITEM ( )  RATIONAL_B_SPLINE_CURVE ( ( 1.000000000000000000, 0.3333333333333333703, 0.3333333333333333703, 1.000000000000000000 ) ) 
 REPRESENTATION_ITEM ( '' )  );
#2477 = ORIENTED_EDGE ( 'NONE', *, *, #2656, .F. ) ;
#2478 = DIRECTION ( 'NONE',  ( -0.9392839235729935066, -0.3431409490534799156, 0.000000000000000000 ) ) ;
#2479 = ORIENTED_EDGE ( 'NONE', *, *, #2461, .F. ) ;
#2480 = ADVANCED_FACE ( 'NONE', ( #258, #2535 ), #1274, .F. ) ;
#2481 = EDGE_CURVE ( 'NONE', #891, #3097, #381, .T. ) ;
#2482 = CARTESIAN_POINT ( 'NONE',  ( -9.000000000000007105, -38.94999999999996732, -48.90000000000006963 ) ) ;
#2483 = FACE_OUTER_BOUND ( 'NONE', #1597, .T. ) ;
#2484 = EDGE_CURVE ( 'NONE', #779, #2640, #2295, .T. ) ;
#2485 = ORIENTED_EDGE ( 'NONE', *, *, #509, .T. ) ;
#2486 = DIRECTION ( 'NONE',  ( -0.000000000000000000, -1.000000000000000000, -0.000000000000000000 ) ) ;
#2487 = CARTESIAN_POINT ( 'NONE',  ( -10.69541689571921417, 9.189102397468072780, -42.93251095273883777 ) ) ;
#2488 = FACE_OUTER_BOUND ( 'NONE', #2786, .T. ) ;
#2489 = AXIS2_PLACEMENT_3D ( 'NONE', #1016, #2581, #229 ) ;
#2490 = EDGE_CURVE ( 'NONE', #2704, #1447, #2933, .T. ) ;
#2491 = VERTEX_POINT ( 'NONE', #1237 ) ;
#2492 = CYLINDRICAL_SURFACE ( 'NONE', #2118, 1.899999999999999023 ) ;
#2493 = EDGE_LOOP ( 'NONE', ( #2155, #521, #1044, #2205 ) ) ;
#2494 = DIRECTION ( 'NONE',  ( -0.000000000000000000, -0.000000000000000000, 1.000000000000000000 ) ) ;
#2495 = AXIS2_PLACEMENT_3D ( 'NONE', #3050, #131, #1001 ) ;
#2496 = ORIENTED_EDGE ( 'NONE', *, *, #2426, .T. ) ;
#2497 = CARTESIAN_POINT ( 'NONE',  ( 10.00000000000000355, -34.85000000000000853, -2.700000000000000178 ) ) ;
#2498 = ORIENTED_EDGE ( 'NONE', *, *, #3087, .F. ) ;
#2499 = AXIS2_PLACEMENT_3D ( 'NONE', #3040, #1493, #2538 ) ;
#2500 = CARTESIAN_POINT ( 'NONE',  ( 2.610287666324261568, 13.85705393449289957, -42.93251095273883777 ) ) ;
#2501 = CIRCLE ( 'NONE', #1041, 2.649999999999999467 ) ;
#2502 = AXIS2_PLACEMENT_3D ( 'NONE', #1438, #1931, #2699 ) ;
#2503 = ORIENTED_EDGE ( 'NONE', *, *, #2208, .F. ) ;
#2504 = CARTESIAN_POINT ( 'NONE',  ( 19.00000000000000000, 0.000000000000000000, -3.000000000000002665 ) ) ;
#2505 = DIRECTION ( 'NONE',  ( 0.000000000000000000, 0.000000000000000000, 1.000000000000000000 ) ) ;
#2506 = EDGE_CURVE ( 'NONE', #1703, #501, #3313, .T. ) ;
#2507 = ORIENTED_EDGE ( 'NONE', *, *, #1964, .T. ) ;
#2508 = CARTESIAN_POINT ( 'NONE',  ( 13.49999999938163597, -50.37401153701775769, -18.29999999496763508 ) ) ;
#2509 = ORIENTED_EDGE ( 'NONE', *, *, #2575, .F. ) ;
#2510 = CARTESIAN_POINT ( 'NONE',  ( -5.000000000000000000, 6.123233995736766282E-16, 0.000000000000000000 ) ) ;
#2511 = VECTOR ( 'NONE', #2088, 1000.000000000000000 ) ;
#2512 = ORIENTED_EDGE ( 'NONE', *, *, #2490, .T. ) ;
#2513 = DIRECTION ( 'NONE',  ( 1.000000000000000000, 0.000000000000000000, 0.000000000000000000 ) ) ;
#2514 = MECHANICAL_DESIGN_GEOMETRIC_PRESENTATION_REPRESENTATION (  '', ( #2405 ), #68 ) ;
#2515 = ORIENTED_EDGE ( 'NONE', *, *, #2208, .T. ) ;
#2516 = DIRECTION ( 'NONE',  ( 0.000000000000000000, 0.000000000000000000, 1.000000000000000000 ) ) ;
#2517 = CIRCLE ( 'NONE', #26, 3.549999999999999378 ) ;
#2518 = EDGE_LOOP ( 'NONE', ( #2345, #768, #2549, #2377 ) ) ;
#2519 = CARTESIAN_POINT ( 'NONE',  ( -9.000000000000007105, -28.84999999999996234, -54.90000000000005542 ) ) ;
#2520 = CARTESIAN_POINT ( 'NONE',  ( -6.700000000000025047, -39.69999999999999574, -12.04525958928815221 ) ) ;
#2521 = CARTESIAN_POINT ( 'NONE',  ( -13.50000000061836225, -50.37401153701775769, -36.19999999496763365 ) ) ;
#2522 = EDGE_CURVE ( 'NONE', #1971, #1500, #1745, .T. ) ;
#2523 = ORIENTED_EDGE ( 'NONE', *, *, #267, .T. ) ;
#2524 = DIRECTION ( 'NONE',  ( -0.000000000000000000, -1.000000000000000000, -0.000000000000000000 ) ) ;
#2525 = VECTOR ( 'NONE', #2694, 1000.000000000000000 ) ;
#2526 = VERTEX_POINT ( 'NONE', #729 ) ;
#2527 =( NAMED_UNIT ( * ) PLANE_ANGLE_UNIT ( ) SI_UNIT ( $, .RADIAN. ) );
#2528 = CIRCLE ( 'NONE', #136, 2.649999999999999467 ) ;
#2529 = PRESENTATION_LAYER_ASSIGNMENT (  '', '', ( #794 ) ) ;
#2530 = VERTEX_POINT ( 'NONE', #2331 ) ;
#2531 = CARTESIAN_POINT ( 'NONE',  ( -9.000000000000007105, -42.74999999999996447, -48.90000000000006963 ) ) ;
#2532 = ORIENTED_EDGE ( 'NONE', *, *, #1195, .F. ) ;
#2533 = CARTESIAN_POINT ( 'NONE',  ( -5.000000000000000000, 6.123233995736766282E-16, -2.999999999999999112 ) ) ;
#2534 = EDGE_CURVE ( 'NONE', #1126, #1153, #2260, .T. ) ;
#2535 = FACE_OUTER_BOUND ( 'NONE', #1863, .T. ) ;
#2536 = EDGE_LOOP ( 'NONE', ( #701, #618, #238, #387, #2091, #2507, #1321, #598 ) ) ;
#2537 = ORIENTED_EDGE ( 'NONE', *, *, #2481, .T. ) ;
#2538 = DIRECTION ( 'NONE',  ( 0.000000000000000000, 1.000000000000000000, 0.000000000000000000 ) ) ;
#2539 = CARTESIAN_POINT ( 'NONE',  ( -6.700000000000025047, -39.69999999999999574, -14.69525958928814191 ) ) ;
#2540 = CARTESIAN_POINT ( 'NONE',  ( -15.20537989737608342, -22.10368098241533374, -4.403680982415338896 ) ) ;
#2541 = CARTESIAN_POINT ( 'NONE',  ( 19.00000000000000000, 0.000000000000000000, -59.63920903402518547 ) ) ;
#2542 = CARTESIAN_POINT ( 'NONE',  ( 3.864579600900049261, 6.693648218653777349, 0.000000000000000000 ) ) ;
#2543 = CIRCLE ( 'NONE', #1398, 2.649999999999992806 ) ;
#2544 = ORIENTED_EDGE ( 'NONE', *, *, #1282, .T. ) ;
#2545 = DIRECTION ( 'NONE',  ( 0.000000000000000000, 1.000000000000000000, 0.000000000000000000 ) ) ;
#2546 = ORIENTED_EDGE ( 'NONE', *, *, #1906, .F. ) ;
#2547 = DIRECTION ( 'NONE',  ( 0.9392839235730119363, 0.3431409490534294005, 0.000000000000000000 ) ) ;
#2548 = CARTESIAN_POINT ( 'NONE',  ( 6.700000000000101430, -84.93251095273978990, -14.69525958928833909 ) ) ;
#2549 = ORIENTED_EDGE ( 'NONE', *, *, #2783, .T. ) ;
#2550 = DIRECTION ( 'NONE',  ( -0.000000000000000000, -0.000000000000000000, 1.000000000000000000 ) ) ;
#2551 = VECTOR ( 'NONE', #2408, 1000.000000000000000 ) ;
#2552 = EDGE_CURVE ( 'NONE', #2398, #1898, #2617, .T. ) ;
#2553 = VECTOR ( 'NONE', #1051, 1000.000000000000000 ) ;
#2554 = DIRECTION ( 'NONE',  ( 0.000000000000000000, 0.000000000000000000, 1.000000000000000000 ) ) ;
#2555 = ORIENTED_EDGE ( 'NONE', *, *, #1058, .F. ) ;
#2556 = EDGE_LOOP ( 'NONE', ( #2084, #1125, #2437, #2762 ) ) ;
#2557 = CARTESIAN_POINT ( 'NONE',  ( -6.624999999999937828, 11.47483660014378870, 2.299999999999999822 ) ) ;
#2558 = LINE ( 'NONE', #1567, #86 ) ;
#2559 = CIRCLE ( 'NONE', #648, 2.649999999999989253 ) ;
#2560 = PLANE ( 'NONE',  #187 ) ;
#2561 = AXIS2_PLACEMENT_3D ( 'NONE', #3223, #403, #2478 ) ;
#2562 = CARTESIAN_POINT ( 'NONE',  ( 0.000000000000000000, -24.69999999999999929, -7.000000000000031086 ) ) ;
#2563 = DIRECTION ( 'NONE',  ( -0.000000000000000000, 1.000000000000000000, -0.000000000000000000 ) ) ;
#2564 = ORIENTED_EDGE ( 'NONE', *, *, #2075, .F. ) ;
#2565 = DIRECTION ( 'NONE',  ( 1.000000000000000000, 8.260587980841938780E-17, 0.000000000000000000 ) ) ;
#2566 = ORIENTED_EDGE ( 'NONE', *, *, #228, .F. ) ;
#2567 = CARTESIAN_POINT ( 'NONE',  ( 13.30570456204474183, -4.667951537023347974, 2.299999999999999822 ) ) ;
#2568 = CYLINDRICAL_SURFACE ( 'NONE', #769, 5.000000000000000000 ) ;
#2569 = EDGE_LOOP ( 'NONE', ( #2342, #1978, #3303, #2407 ) ) ;
#2570 = CARTESIAN_POINT ( 'NONE',  ( -11.40537989737616442, -22.10368098241533374, -4.403680982415338896 ) ) ;
#2571 = EDGE_CURVE ( 'NONE', #891, #92, #2040, .T. ) ;
#2572 = COLOUR_RGB ( '',0.000000000000000000, 1.000000000000000000, 0.2509803921568627416 ) ;
#2573 = CARTESIAN_POINT ( 'NONE',  ( -4.724999999999912603, 11.47483660014378870, 2.299999999999999822 ) ) ;
#2574 = ORIENTED_EDGE ( 'NONE', *, *, #1150, .F. ) ;
#2575 = EDGE_CURVE ( 'NONE', #1062, #1266, #1764, .T. ) ;
#2576 = ORIENTED_EDGE ( 'NONE', *, *, #1211, .F. ) ;
#2577 = CARTESIAN_POINT ( 'NONE',  ( -11.40537989737616442, -21.56147006472646055, -3.861470064726459928 ) ) ;
#2578 = DIRECTION ( 'NONE',  ( -0.000000000000000000, 1.000000000000000000, -0.000000000000000000 ) ) ;
#2579 = CARTESIAN_POINT ( 'NONE',  ( -13.50000000061836225, -45.00000000000000000, -20.19999999496763010 ) ) ;
#2580 = ADVANCED_FACE ( 'NONE', ( #1042 ), #711, .F. ) ;
#2581 = DIRECTION ( 'NONE',  ( -0.9392839235730028324, 0.000000000000000000, -0.3431409490534543805 ) ) ;
#2582 = DIRECTION ( 'NONE',  ( 0.000000000000000000, 1.000000000000000000, 0.000000000000000000 ) ) ;
#2583 = EDGE_CURVE ( 'NONE', #3039, #2918, #707, .T. ) ;
#2584 = VERTEX_POINT ( 'NONE', #2573 ) ;
#2585 = FACE_OUTER_BOUND ( 'NONE', #1271, .T. ) ;
#2586 = VECTOR ( 'NONE', #646, 1000.000000000000114 ) ;
#2587 = FACE_OUTER_BOUND ( 'NONE', #437, .T. ) ;
#2588 = ORIENTED_EDGE ( 'NONE', *, *, #2506, .T. ) ;
#2589 = CARTESIAN_POINT ( 'NONE',  ( 6.693648218653321713, -39.69999999999999574, -22.43542039909983288 ) ) ;
#2590 = VECTOR ( 'NONE', #154, 1000.000000000000114 ) ;
#2591 = CIRCLE ( 'NONE', #3283, 5.000000000000000888 ) ;
#2592 = CARTESIAN_POINT ( 'NONE',  ( 13.49999999938163597, -40.45000000000000284, -18.29999999496763508 ) ) ;
#2593 = ORIENTED_EDGE ( 'NONE', *, *, #2672, .F. ) ;
#2594 = ORIENTED_EDGE ( 'NONE', *, *, #369, .T. ) ;
#2595 = DIRECTION ( 'NONE',  ( 0.000000000000000000, 0.000000000000000000, 1.000000000000000000 ) ) ;
#2596 = PLANE ( 'NONE',  #2313 ) ;
#2597 = CYLINDRICAL_SURFACE ( 'NONE', #3126, 2.649999999999997691 ) ;
#2598 = DIRECTION ( 'NONE',  ( 0.000000000000000000, 1.000000000000000000, 0.000000000000000000 ) ) ;
#2599 = LINE ( 'NONE', #3139, #374 ) ;
#2600 = ORIENTED_EDGE ( 'NONE', *, *, #989, .T. ) ;
#2601 = CYLINDRICAL_SURFACE ( 'NONE', #1727, 1.899999999999959055 ) ;
#2602 = DIRECTION ( 'NONE',  ( -0.000000000000000000, 1.000000000000000000, -0.000000000000000000 ) ) ;
#2603 = ORIENTED_EDGE ( 'NONE', *, *, #1011, .T. ) ;
#2604 = LINE ( 'NONE', #1004, #1744 ) ;
#2605 = DIRECTION ( 'NONE',  ( -0.000000000000000000, -0.000000000000000000, 1.000000000000000000 ) ) ;
#2606 = VERTEX_POINT ( 'NONE', #240 ) ;
#2607 = ADVANCED_FACE ( 'NONE', ( #2314 ), #1026, .F. ) ;
#2608 = EDGE_CURVE ( 'NONE', #853, #1447, #2057, .T. ) ;
#2609 = VECTOR ( 'NONE', #254, 1000.000000000000000 ) ;
#2610 = ORIENTED_EDGE ( 'NONE', *, *, #577, .T. ) ;
#2611 = FACE_OUTER_BOUND ( 'NONE', #3098, .T. ) ;
#2612 = LINE ( 'NONE', #3337, #192 ) ;
#2613 = DIRECTION ( 'NONE',  ( -0.000000000000000000, -0.000000000000000000, 1.000000000000000000 ) ) ;
#2614 = ORIENTED_EDGE ( 'NONE', *, *, #1712, .T. ) ;
#2615 = DIRECTION ( 'NONE',  ( 0.000000000000000000, 1.000000000000000000, 0.000000000000000000 ) ) ;
#2616 = CIRCLE ( 'NONE', #1040, 1.899999999999999023 ) ;
#2617 = CIRCLE ( 'NONE', #1678, 1.899999999999999023 ) ;
#2618 = EDGE_CURVE ( 'NONE', #1667, #483, #57, .T. ) ;
#2619 = ORIENTED_EDGE ( 'NONE', *, *, #3203, .F. ) ;
#2620 = CARTESIAN_POINT ( 'NONE',  ( -5.000000000000000000, 6.123233995736766282E-16, -17.14213562373095101 ) ) ;
#2621 = DIRECTION ( 'NONE',  ( 0.3431409490534589879, 0.000000000000000000, -0.9392839235730010561 ) ) ;
#2622 = ORIENTED_EDGE ( 'NONE', *, *, #3183, .T. ) ;
#2623 = CARTESIAN_POINT ( 'NONE',  ( 9.000000000000001776, -26.94999999999997087, -48.90000000000005542 ) ) ;
#2624 = CARTESIAN_POINT ( 'NONE',  ( -6.700000000000025047, -39.69999999999999574, -14.69525958928814191 ) ) ;
#2625 = VERTEX_POINT ( 'NONE', #2805 ) ;
#2626 = AXIS2_PLACEMENT_3D ( 'NONE', #834, #1867, #2668 ) ;
#2627 = ORIENTED_EDGE ( 'NONE', *, *, #2676, .F. ) ;
#2628 = DIRECTION ( 'NONE',  ( 0.000000000000000000, 1.000000000000000000, 0.000000000000000000 ) ) ;
#2629 = DIRECTION ( 'NONE',  ( 0.000000000000000000, 0.000000000000000000, -1.000000000000000000 ) ) ;
#2630 = FACE_OUTER_BOUND ( 'NONE', #1853, .T. ) ;
#2631 = CARTESIAN_POINT ( 'NONE',  ( -6.624999999999937828, 11.47483660014378870, -8.374011537017832296 ) ) ;
#2632 = EDGE_CURVE ( 'NONE', #2625, #1703, #960, .T. ) ;
#2633 = ORIENTED_EDGE ( 'NONE', *, *, #1561, .T. ) ;
#2634 = FACE_BOUND ( 'NONE', #1684, .T. ) ;
#2635 = DIRECTION ( 'NONE',  ( 0.9392839235730011671, 0.000000000000000000, 0.3431409490534590434 ) ) ;
#2636 = ORIENTED_EDGE ( 'NONE', *, *, #369, .F. ) ;
#2637 = DIRECTION ( 'NONE',  ( 0.000000000000000000, 1.000000000000000000, 0.000000000000000000 ) ) ;
#2638 = CARTESIAN_POINT ( 'NONE',  ( -13.50000000061836225, -40.45000000000000284, -18.29999999496763152 ) ) ;
#2639 = CIRCLE ( 'NONE', #460, 1.899999999999999023 ) ;
#2640 = VERTEX_POINT ( 'NONE', #2004 ) ;
#2641 = AXIS2_PLACEMENT_3D ( 'NONE', #2707, #2635, #2621 ) ;
#2642 = VECTOR ( 'NONE', #2131, 1000.000000000000000 ) ;
#2643 = EDGE_CURVE ( 'NONE', #560, #1252, #540, .T. ) ;
#2644 = EDGE_LOOP ( 'NONE', ( #963, #3271, #662, #2348 ) ) ;
#2645 = CARTESIAN_POINT ( 'NONE',  ( 0.000000000000000000, 0.000000000000000000, 0.000000000000000000 ) ) ;
#2646 = CARTESIAN_POINT ( 'NONE',  ( -13.30570456204346286, 4.667951537024054076, 0.000000000000000000 ) ) ;
#2647 =( NAMED_UNIT ( * ) PLANE_ANGLE_UNIT ( ) SI_UNIT ( $, .RADIAN. ) );
#2648 = DIRECTION ( 'NONE',  ( 0.9392839235730118252, 0.3431409490534294005, 0.000000000000000000 ) ) ;
#2649 = CARTESIAN_POINT ( 'NONE',  ( 10.00000000000000355, -34.85000000000000142, -49.90000000000009095 ) ) ;
#2650 = EDGE_LOOP ( 'NONE', ( #2673, #649, #2622, #3295, #3075, #301, #37, #3251, #3003, #2296 ) ) ;
#2651 = LINE ( 'NONE', #892, #2551 ) ;
#2652 = VERTEX_POINT ( 'NONE', #19 ) ;
#2653 = FACE_OUTER_BOUND ( 'NONE', #2817, .T. ) ;
#2654 = DIRECTION ( 'NONE',  ( 1.000000000000000000, 0.000000000000000000, 0.000000000000000000 ) ) ;
#2655 = ORIENTED_EDGE ( 'NONE', *, *, #1614, .F. ) ;
#2656 = EDGE_CURVE ( 'NONE', #3091, #3017, #2501, .T. ) ;
#2657 = ORIENTED_EDGE ( 'NONE', *, *, #1150, .T. ) ;
#2658 = DIRECTION ( 'NONE',  ( -0.000000000000000000, -0.000000000000000000, 1.000000000000000000 ) ) ;
#2659 = DIRECTION ( 'NONE',  ( 0.000000000000000000, 1.000000000000000000, 0.000000000000000000 ) ) ;
#2660 = AXIS2_PLACEMENT_3D ( 'NONE', #1894, #1103, #2154 ) ;
#2661 = DIRECTION ( 'NONE',  ( 1.000000000000000000, 0.000000000000000000, 0.000000000000000000 ) ) ;
#2662 = CIRCLE ( 'NONE', #1626, 3.549999999999999378 ) ;
#2663 = ORIENTED_EDGE ( 'NONE', *, *, #164, .F. ) ;
#2664 = LINE ( 'NONE', #2455, #49 ) ;
#2665 = VECTOR ( 'NONE', #1544, 1000.000000000000000 ) ;
#2666 = ADVANCED_FACE ( 'NONE', ( #575, #1612 ), #1580, .T. ) ;
#2667 = EDGE_LOOP ( 'NONE', ( #2048, #116, #2515, #1215 ) ) ;
#2668 = DIRECTION ( 'NONE',  ( 0.000000000000000000, 0.000000000000000000, 1.000000000000000000 ) ) ;
#2669 = VECTOR ( 'NONE', #2327, 1000.000000000000000 ) ;
#2670 = DIRECTION ( 'NONE',  ( -0.000000000000000000, -0.000000000000000000, 1.000000000000000000 ) ) ;
#2671 = ORIENTED_EDGE ( 'NONE', *, *, #3087, .T. ) ;
#2672 = EDGE_CURVE ( 'NONE', #201, #196, #548, .T. ) ;
#2673 = ORIENTED_EDGE ( 'NONE', *, *, #2072, .F. ) ;
#2674 = DIRECTION ( 'NONE',  ( -0.000000000000000000, 1.000000000000000000, -0.000000000000000000 ) ) ;
#2675 = LINE ( 'NONE', #580, #3071 ) ;
#2676 = EDGE_CURVE ( 'NONE', #1153, #2842, #2090, .T. ) ;
#2677 = CIRCLE ( 'NONE', #1418, 1.899999999999999023 ) ;
#2678 = ADVANCED_FACE ( 'NONE', ( #322 ), #36, .F. ) ;
#2680 = AXIS2_PLACEMENT_3D ( 'NONE', #2203, #3287, #1519 ) ;
#2679 = DIRECTION ( 'NONE',  ( 0.000000000000000000, 0.000000000000000000, 1.000000000000000000 ) ) ;
#2681 = EDGE_CURVE ( 'NONE', #2111, #2937, #2559, .T. ) ;
#2682 = ORIENTED_EDGE ( 'NONE', *, *, #509, .F. ) ;
#2683 = CARTESIAN_POINT ( 'NONE',  ( -9.000000000000007105, -42.74999999999996447, -48.90000000000006963 ) ) ;
#2684 = ORIENTED_EDGE ( 'NONE', *, *, #1506, .T. ) ;
#2685 = DIRECTION ( 'NONE',  ( 0.000000000000000000, 0.000000000000000000, 1.000000000000000000 ) ) ;
#2686 = LINE ( 'NONE', #1387, #492 ) ;
#2687 = VERTEX_POINT ( 'NONE', #1339 ) ;
#2688 = DIRECTION ( 'NONE',  ( -0.000000000000000000, -0.000000000000000000, 1.000000000000000000 ) ) ;
#2689 = VECTOR ( 'NONE', #1831, 1000.000000000000000 ) ;
#2690 = EDGE_CURVE ( 'NONE', #919, #1631, #874, .T. ) ;
#2691 = ORIENTED_EDGE ( 'NONE', *, *, #2552, .T. ) ;
#2692 = CYLINDRICAL_SURFACE ( 'NONE', #2403, 2.649999999999992806 ) ;
#2693 = DIRECTION ( 'NONE',  ( 0.000000000000000000, 1.000000000000000000, 0.000000000000000000 ) ) ;
#2694 = DIRECTION ( 'NONE',  ( -0.000000000000000000, -0.000000000000000000, 1.000000000000000000 ) ) ;
#2695 = EDGE_LOOP ( 'NONE', ( #3115, #142, #749, #2671 ) ) ;
#2696 = CARTESIAN_POINT ( 'NONE',  ( 4.667951537024549680, -39.69999999999999574, -12.99429543795573139 ) ) ;
#2697 = ORIENTED_EDGE ( 'NONE', *, *, #1458, .F. ) ;
#2698 = DIRECTION ( 'NONE',  ( 4.163575784927221169E-17, 1.095473895433933174E-15, -1.000000000000000000 ) ) ;
#2699 = DIRECTION ( 'NONE',  ( -1.000000000000000000, 0.000000000000000000, -0.000000000000000000 ) ) ;
#2700 = ORIENTED_EDGE ( 'NONE', *, *, #164, .T. ) ;
#2701 = DIRECTION ( 'NONE',  ( 4.163575784927221786E-17, 1.095473895433933174E-15, -1.000000000000000000 ) ) ;
#2702 = EDGE_CURVE ( 'NONE', #2, #1886, #2882, .T. ) ;
#2703 = EDGE_CURVE ( 'NONE', #1481, #971, #280, .T. ) ;
#2704 = VERTEX_POINT ( 'NONE', #1372 ) ;
#2705 = CARTESIAN_POINT ( 'NONE',  ( -9.000000000000007105, -40.84999999999995879, -54.90000000000006963 ) ) ;
#2706 = CARTESIAN_POINT ( 'NONE',  ( 19.00000000000000355, -24.69999999999999929, -7.000000000000000000 ) ) ;
#2707 = CARTESIAN_POINT ( 'NONE',  ( 6.693648218652973547, -84.93251095273978990, -30.16457960090009394 ) ) ;
#2708 = CIRCLE ( 'NONE', #972, 2.749999999999967581 ) ;
#2709 = VECTOR ( 'NONE', #2674, 1000.000000000000000 ) ;
#2710 = EDGE_CURVE ( 'NONE', #2491, #352, #3181, .T. ) ;
#2711 = VECTOR ( 'NONE', #463, 1000.000000000000000 ) ;
#2712 = ORIENTED_EDGE ( 'NONE', *, *, #1968, .T. ) ;
#2713 = DIRECTION ( 'NONE',  ( -0.000000000000000000, -0.000000000000000000, 1.000000000000000000 ) ) ;
#2714 = ORIENTED_EDGE ( 'NONE', *, *, #2419, .T. ) ;
#2715 = CARTESIAN_POINT ( 'NONE',  ( -14.58587968246216349, -20.70000000000000995, -3.000000000000000000 ) ) ;
#2716 = ADVANCED_FACE ( 'NONE', ( #2366 ), #3146, .T. ) ;
#2717 = CIRCLE ( 'NONE', #765, 1.899999999999950395 ) ;
#2718 = PLANE ( 'NONE',  #2561 ) ;
#2719 = ORIENTED_EDGE ( 'NONE', *, *, #73, .T. ) ;
#2720 = AXIS2_PLACEMENT_3D ( 'NONE', #2464, #660, #1934 ) ;
#2721 = DIRECTION ( 'NONE',  ( 0.000000000000000000, 1.000000000000000000, 0.000000000000000000 ) ) ;
#2722 = ORIENTED_EDGE ( 'NONE', *, *, #1627, .T. ) ;
#2723 = DIRECTION ( 'NONE',  ( 1.000000000000000000, 0.000000000000000000, 0.000000000000000000 ) ) ;
#2724 = FACE_BOUND ( 'NONE', #341, .T. ) ;
#2725 = DIRECTION ( 'NONE',  ( 4.163575784927221169E-17, 1.095473895433933174E-15, -1.000000000000000000 ) ) ;
#2726 = AXIS2_PLACEMENT_3D ( 'NONE', #2870, #864, #1057 ) ;
#2727 = VECTOR ( 'NONE', #399, 1000.000000000000000 ) ;
#2728 = ORIENTED_EDGE ( 'NONE', *, *, #2318, .T. ) ;
#2729 = CARTESIAN_POINT ( 'NONE',  ( 19.00000000000000355, -45.00000000000000000, 2.299999999999999822 ) ) ;
#2730 = EDGE_CURVE ( 'NONE', #2918, #3039, #1851, .T. ) ;
#2731 = ORIENTED_EDGE ( 'NONE', *, *, #1257, .T. ) ;
#2732 = CARTESIAN_POINT ( 'NONE',  ( 11.40537989737626390, -21.56147006472643568, -3.861470064726434170 ) ) ;
#2733 = ORIENTED_EDGE ( 'NONE', *, *, #514, .T. ) ;
#2734 = DIRECTION ( 'NONE',  ( -0.000000000000000000, -1.000000000000000000, -0.000000000000000000 ) ) ;
#2735 = ORIENTED_EDGE ( 'NONE', *, *, #550, .T. ) ;
#2736 = EDGE_CURVE ( 'NONE', #942, #3215, #2921, .T. ) ;
#2737 = DIRECTION ( 'NONE',  ( 0.000000000000000000, 0.000000000000000000, 1.000000000000000000 ) ) ;
#2738 = DIRECTION ( 'NONE',  ( 0.1724731828275600787, -0.9850142137072596116, 0.000000000000000000 ) ) ;
#2739 = ADVANCED_FACE ( 'NONE', ( #2889 ), #1897, .F. ) ;
#2740 = EDGE_LOOP ( 'NONE', ( #1388, #2684, #2391, #3134 ) ) ;
#2741 = DIRECTION ( 'NONE',  ( 1.000000000000000000, 0.000000000000000000, 0.000000000000000000 ) ) ;
#2742 = DIRECTION ( 'NONE',  ( 0.000000000000000000, 0.000000000000000000, 1.000000000000000000 ) ) ;
#2743 = CARTESIAN_POINT ( 'NONE',  ( 19.00000000000000355, -39.69999999999999574, -7.000000000000000000 ) ) ;
#2744 = AXIS2_PLACEMENT_3D ( 'NONE', #2420, #1922, #614 ) ;
#2745 = AXIS2_PLACEMENT_3D ( 'NONE', #2034, #1505, #2835 ) ;
#2746 = VECTOR ( 'NONE', #359, 1000.000000000000000 ) ;
#2747 = ORIENTED_EDGE ( 'NONE', *, *, #1800, .T. ) ;
#2748 = CARTESIAN_POINT ( 'NONE',  ( -19.00000000000000000, 0.000000000000000000, 2.299999999999999822 ) ) ;
#2749 = VERTEX_POINT ( 'NONE', #3195 ) ;
#2750 = DIRECTION ( 'NONE',  ( 0.000000000000000000, 0.000000000000000000, 1.000000000000000000 ) ) ;
#2751 = VERTEX_POINT ( 'NONE', #1628 ) ;
#2752 = PLANE ( 'NONE',  #2502 ) ;
#2753 = ORIENTED_EDGE ( 'NONE', *, *, #2904, .T. ) ;
#2754 = DIRECTION ( 'NONE',  ( 1.000000000000000000, 0.000000000000000000, 0.000000000000000000 ) ) ;
#2755 = EDGE_CURVE ( 'NONE', #1724, #2774, #597, .T. ) ;
#2756 = EDGE_CURVE ( 'NONE', #1238, #1592, #2459, .T. ) ;
#2757 = ORIENTED_EDGE ( 'NONE', *, *, #1964, .F. ) ;
#2758 = DIRECTION ( 'NONE',  ( -0.000000000000000000, -0.000000000000000000, 1.000000000000000000 ) ) ;
#2759 = CARTESIAN_POINT ( 'NONE',  ( 6.693648218652973547, -41.99999999999999289, -30.16457960090009394 ) ) ;
#2760 = FACE_BOUND ( 'NONE', #473, .T. ) ;
#2761 = APPLICATION_CONTEXT ( 'automotive_design' ) ;
#2762 = ORIENTED_EDGE ( 'NONE', *, *, #1611, .F. ) ;
#2763 = CYLINDRICAL_SURFACE ( 'NONE', #917, 1.899999999999999023 ) ;
#2764 = EDGE_LOOP ( 'NONE', ( #830, #1443 ) ) ;
#2765 = DIRECTION ( 'NONE',  ( 0.000000000000000000, 0.000000000000000000, 1.000000000000000000 ) ) ;
#2766 = CIRCLE ( 'NONE', #588, 5.000000000000000888 ) ;
#2767 = EDGE_LOOP ( 'NONE', ( #1942, #545, #1162, #1947 ) ) ;
#2768 = EDGE_CURVE ( 'NONE', #3036, #2111, #59, .T. ) ;
#2769 = DIRECTION ( 'NONE',  ( 0.000000000000000000, 0.000000000000000000, 1.000000000000000000 ) ) ;
#2770 = ORIENTED_EDGE ( 'NONE', *, *, #2506, .F. ) ;
#2771 = DIRECTION ( 'NONE',  ( -0.000000000000000000, 1.000000000000000000, -0.000000000000000000 ) ) ;
#2772 = ADVANCED_FACE ( 'NONE', ( #637 ), #128, .F. ) ;
#2773 = AXIS2_PLACEMENT_3D ( 'NONE', #2412, #291, #559 ) ;
#2774 = VERTEX_POINT ( 'NONE', #2986 ) ;
#2775 = DIRECTION ( 'NONE',  ( 0.000000000000000000, 1.000000000000000000, 0.000000000000000000 ) ) ;
#2776 = DIRECTION ( 'NONE',  ( 4.163575784927221169E-17, 1.095473895433933174E-15, -1.000000000000000000 ) ) ;
#2777 = CYLINDRICAL_SURFACE ( 'NONE', #1489, 2.749999999999967581 ) ;
#2778 = ORIENTED_EDGE ( 'NONE', *, *, #3247, .F. ) ;
#2779 = FACE_OUTER_BOUND ( 'NONE', #1146, .T. ) ;
#2780 = ORIENTED_EDGE ( 'NONE', *, *, #2383, .T. ) ;
#2781 = DIRECTION ( 'NONE',  ( 0.000000000000000000, 1.000000000000000000, 0.000000000000000000 ) ) ;
#2782 = VECTOR ( 'NONE', #2550, 1000.000000000000000 ) ;
#2783 = EDGE_CURVE ( 'NONE', #196, #256, #1690, .T. ) ;
#2784 = EDGE_LOOP ( 'NONE', ( #3354, #2258, #805, #2958 ) ) ;
#2785 = LINE ( 'NONE', #3032, #2797 ) ;
#2786 = EDGE_LOOP ( 'NONE', ( #1072, #2448, #215, #535 ) ) ;
#2787 = DIRECTION ( 'NONE',  ( -0.9392839235729935066, -0.3431409490534799156, 0.000000000000000000 ) ) ;
#2788 = CARTESIAN_POINT ( 'NONE',  ( 19.00000000000000355, -45.00000000000000000, 2.299999999999999822 ) ) ;
#2789 = ORIENTED_EDGE ( 'NONE', *, *, #96, .F. ) ;
#2790 = EDGE_LOOP ( 'NONE', ( #1693, #745 ) ) ;
#2791 = DIRECTION ( 'NONE',  ( 4.163575784927221169E-17, 1.095473895433933174E-15, -1.000000000000000000 ) ) ;
#2792 = LINE ( 'NONE', #1805, #624 ) ;
#2793 = CARTESIAN_POINT ( 'NONE',  ( 6.693648218653321713, -39.69999999999999574, -22.43542039909983288 ) ) ;
#2794 = EDGE_CURVE ( 'NONE', #1196, #3005, #223, .T. ) ;
#2795 = CARTESIAN_POINT ( 'NONE',  ( 7.546047120499110861E-14, -41.99999999999999289, -18.57084079819946965 ) ) ;
#2796 = DIRECTION ( 'NONE',  ( -1.000000000000000000, 0.000000000000000000, 0.000000000000000000 ) ) ;
#2797 = VECTOR ( 'NONE', #3350, 999.9999999999998863 ) ;
#2798 = EDGE_LOOP ( 'NONE', ( #3301, #2503 ) ) ;
#2799 = ADVANCED_FACE ( 'NONE', ( #1134 ), #2718, .F. ) ;
#2800 = VECTOR ( 'NONE', #1697, 1000.000000000000000 ) ;
#2801 = ORIENTED_EDGE ( 'NONE', *, *, #2406, .T. ) ;
#2802 = CARTESIAN_POINT ( 'NONE',  ( -19.00000000000000000, 0.000000000000000000, 2.299999999999999822 ) ) ;
#2803 = ORIENTED_EDGE ( 'NONE', *, *, #2142, .F. ) ;
#2804 = CARTESIAN_POINT ( 'NONE',  ( 10.69541689571983056, 9.189102397469191885, 2.299999999999999822 ) ) ;
#2805 = CARTESIAN_POINT ( 'NONE',  ( 15.20537989737616336, -22.10368098241527690, -4.403680982415282941 ) ) ;
#2806 = ORIENTED_EDGE ( 'NONE', *, *, #1050, .F. ) ;
#2807 = CYLINDRICAL_SURFACE ( 'NONE', #1899, 3.549999999999999378 ) ;
#2808 = DIRECTION ( 'NONE',  ( 0.000000000000000000, 1.000000000000000000, 0.000000000000000000 ) ) ;
#2809 = CARTESIAN_POINT ( 'NONE',  ( -6.700000000000025047, -84.93251095273978990, -12.04525958928815221 ) ) ;
#2810 = LINE ( 'NONE', #2081, #604 ) ;
#2811 = LINE ( 'NONE', #776, #1673 ) ;
#2812 = ORIENTED_EDGE ( 'NONE', *, *, #2703, .F. ) ;
#2813 = ADVANCED_FACE ( 'NONE', ( #385, #897, #355, #913 ), #2752, .T. ) ;
#2814 = ORIENTED_EDGE ( 'NONE', *, *, #2193, .T. ) ;
#2815 = CARTESIAN_POINT ( 'NONE',  ( 11.60474041071149109, 6.700000000000736478, 2.299999999999999822 ) ) ;
#2816 = ADVANCED_FACE ( 'NONE', ( #673 ), #1404, .F. ) ;
#2817 = EDGE_LOOP ( 'NONE', ( #951, #224 ) ) ;
#2818 = DIRECTION ( 'NONE',  ( 0.1724731828275201939, 0.000000000000000000, 0.9850142137072667170 ) ) ;
#2819 = VECTOR ( 'NONE', #2980, 1000.000000000000000 ) ;
#2820 = DIRECTION ( 'NONE',  ( -0.6418732646538318765, 0.000000000000000000, -0.7668107407454800573 ) ) ;
#2821 = EDGE_CURVE ( 'NONE', #779, #2429, #2978, .T. ) ;
#2822 = EDGE_LOOP ( 'NONE', ( #1629, #781, #1410, #721 ) ) ;
#2823 = DIRECTION ( 'NONE',  ( -0.000000000000000000, 1.000000000000000000, -0.000000000000000000 ) ) ;
#2824 = LINE ( 'NONE', #244, #2471 ) ;
#2825 = AXIS2_PLACEMENT_3D ( 'NONE', #1969, #3004, #678 ) ;
#2826 = DIRECTION ( 'NONE',  ( -0.000000000000000000, 1.000000000000000000, -0.000000000000000000 ) ) ;
#2827 = VECTOR ( 'NONE', #3165, 1000.000000000000000 ) ;
#2828 = CARTESIAN_POINT ( 'NONE',  ( -13.30570456204346286, 4.667951537024054076, -42.93251095273883777 ) ) ;
#2829 = DIRECTION ( 'NONE',  ( -0.000000000000000000, -0.000000000000000000, 1.000000000000000000 ) ) ;
#2830 = CARTESIAN_POINT ( 'NONE',  ( 13.49999999938163597, -45.00000000000000000, -34.29999999496763508 ) ) ;
#2831 = EDGE_CURVE ( 'NONE', #982, #1481, #167, .T. ) ;
#2832 = ORIENTED_EDGE ( 'NONE', *, *, #189, .T. ) ;
#2833 = CARTESIAN_POINT ( 'NONE',  ( 19.00000000000000355, -24.69999999999999929, -7.000000000000000000 ) ) ;
#2834 = EDGE_CURVE ( 'NONE', #259, #1518, #2239, .T. ) ;
#2835 = DIRECTION ( 'NONE',  ( -9.819189486661174428E-16, 0.000000000000000000, 1.000000000000000000 ) ) ;
#2836 = ORIENTED_EDGE ( 'NONE', *, *, #2163, .F. ) ;
#2837 = LINE ( 'NONE', #2804, #1204 ) ;
#2838 = CIRCLE ( 'NONE', #1636, 1.899999999999999023 ) ;
#2839 = VECTOR ( 'NONE', #3209, 1000.000000000000000 ) ;
#2840 = DIRECTION ( 'NONE',  ( -0.000000000000000000, 1.000000000000000000, -0.000000000000000000 ) ) ;
#2841 = EDGE_CURVE ( 'NONE', #3069, #3014, #2229, .T. ) ;
#2842 = VERTEX_POINT ( 'NONE', #2967 ) ;
#2843 = ORIENTED_EDGE ( 'NONE', *, *, #2821, .F. ) ;
#2844 = CARTESIAN_POINT ( 'NONE',  ( 7.464731957562698028E-14, -41.99999999999999289, -18.57084079819946965 ) ) ;
#2845 = DIRECTION ( 'NONE',  ( 1.000000000000000000, 0.000000000000000000, 0.000000000000000000 ) ) ;
#2846 = LINE ( 'NONE', #2809, #952 ) ;
#2847 = CIRCLE ( 'NONE', #1810, 1.899999999999999023 ) ;
#2848 = LINE ( 'NONE', #1826, #2056 ) ;
#2849 = DIRECTION ( 'NONE',  ( 0.000000000000000000, 0.000000000000000000, 1.000000000000000000 ) ) ;
#2850 = VERTEX_POINT ( 'NONE', #1965 ) ;
#2851 = CARTESIAN_POINT ( 'NONE',  ( -13.50000000061836225, -40.45000000000000284, -34.29999999496763508 ) ) ;
#2852 = CIRCLE ( 'NONE', #2957, 1.899999999999999023 ) ;
#2853 = DIRECTION ( 'NONE',  ( 0.000000000000000000, 1.000000000000000000, 0.000000000000000000 ) ) ;
#2854 = VERTEX_POINT ( 'NONE', #2949 ) ;
#2855 = CARTESIAN_POINT ( 'NONE',  ( -2.610287666324261568, 13.85705393449289780, 0.000000000000000000 ) ) ;
#2856 = CIRCLE ( 'NONE', #407, 2.649999999999997691 ) ;
#2857 = AXIS2_PLACEMENT_3D ( 'NONE', #3170, #610, #2384 ) ;
#2858 = DIRECTION ( 'NONE',  ( 0.9850142137072689374, -0.1724731828275076206, 0.000000000000000000 ) ) ;
#2859 = EDGE_LOOP ( 'NONE', ( #1256, #670, #2465, #527 ) ) ;
#2860 = CYLINDRICAL_SURFACE ( 'NONE', #296, 1.899999999999999023 ) ;
#2861 = DIRECTION ( 'NONE',  ( 5.841117777841395530E-17, -0.7071067811865439090, -0.7071067811865512365 ) ) ;
#2862 = CARTESIAN_POINT ( 'NONE',  ( 14.25474041071149145, 6.700000000000736478, 0.000000000000000000 ) ) ;
#2863 = ADVANCED_FACE ( 'NONE', ( #623 ), #1672, .F. ) ;
#2864 = EDGE_CURVE ( 'NONE', #2224, #2328, #2686, .T. ) ;
#2865 = FACE_OUTER_BOUND ( 'NONE', #2650, .T. ) ;
#2866 = ORIENTED_EDGE ( 'NONE', *, *, #1916, .F. ) ;
#2867 = CARTESIAN_POINT ( 'NONE',  ( 15.20537989737616336, -22.10368098241527690, -8.374011537017832296 ) ) ;
#2868 = CARTESIAN_POINT ( 'NONE',  ( 19.00000000000000355, -37.59999999999996589, -49.90000000000009095 ) ) ;
#2869 = VERTEX_POINT ( 'NONE', #1659 ) ;
#2870 = CARTESIAN_POINT ( 'NONE',  ( 11.60474041071213591, -6.699999999998910383, 0.000000000000000000 ) ) ;
#2871 = CARTESIAN_POINT ( 'NONE',  ( 15.20537989737616336, -25.90368098241518169, -8.203680982415223255 ) ) ;
#2872 = AXIS2_PLACEMENT_3D ( 'NONE', #555, #1590, #1269 ) ;
#2873 = VERTEX_POINT ( 'NONE', #368 ) ;
#2874 = CIRCLE ( 'NONE', #3307, 3.549999999999997602 ) ;
#2875 = VERTEX_POINT ( 'NONE', #2442 ) ;
#2876 = FACE_OUTER_BOUND ( 'NONE', #1794, .T. ) ;
#2877 = EDGE_CURVE ( 'NONE', #1500, #1153, #115, .T. ) ;
#2878 = FACE_BOUND ( 'NONE', #2221, .T. ) ;
#2879 = CARTESIAN_POINT ( 'NONE',  ( -19.00000000000000000, -20.70000000000000995, -3.000000000000002665 ) ) ;
#2880 = CARTESIAN_POINT ( 'NONE',  ( 13.49999999938163597, -40.45000000000000284, -34.29999999496763508 ) ) ;
#2881 = CARTESIAN_POINT ( 'NONE',  ( 11.40537989737626212, -22.10368098241527690, -4.403680982415282941 ) ) ;
#2882 = CIRCLE ( 'NONE', #1733, 2.649999999999989253 ) ;
#2883 = EDGE_LOOP ( 'NONE', ( #1023, #3205, #17, #1227 ) ) ;
#2884 = CARTESIAN_POINT ( 'NONE',  ( -13.50000000061836225, -40.45000000000000284, -30.74999999496763792 ) ) ;
#2885 = PLANE ( 'NONE',  #2641 ) ;
#2886 = EDGE_LOOP ( 'NONE', ( #743, #1035, #2270, #2574 ) ) ;
#2887 = DIRECTION ( 'NONE',  ( 0.000000000000000000, 1.000000000000000000, 0.000000000000000000 ) ) ;
#2888 = ADVANCED_FACE ( 'NONE', ( #2587 ), #2568, .F. ) ;
#2889 = FACE_OUTER_BOUND ( 'NONE', #2381, .T. ) ;
#2890 = VECTOR ( 'NONE', #3269, 1000.000000000000000 ) ;
#2891 = EDGE_LOOP ( 'NONE', ( #1563, #1459, #1967, #2306 ) ) ;
#2892 = CIRCLE ( 'NONE', #1258, 2.649999999999999467 ) ;
#2893 = ORIENTED_EDGE ( 'NONE', *, *, #1180, .T. ) ;
#2894 = DIRECTION ( 'NONE',  ( -0.9850142137072667170, 0.000000000000000000, 0.1724731828275201939 ) ) ;
#2895 = CARTESIAN_POINT ( 'NONE',  ( -13.50000000061836225, -40.45000000000000284, -37.84999999496763223 ) ) ;
#2896 =( NAMED_UNIT ( * ) SI_UNIT ( $, .STERADIAN. ) SOLID_ANGLE_UNIT ( ) );
#2897 = CARTESIAN_POINT ( 'NONE',  ( 19.00000000000000355, -39.69999999999999574, -45.60000000000009379 ) ) ;
#2898 = CARTESIAN_POINT ( 'NONE',  ( 4.667951537024205066, -39.69999999999999574, -39.60570456204413148 ) ) ;
#2899 = AXIS2_PLACEMENT_3D ( 'NONE', #3135, #2146, #1838 ) ;
#2900 = ORIENTED_EDGE ( 'NONE', *, *, #2929, .T. ) ;
#2901 = LINE ( 'NONE', #1382, #2928 ) ;
#2902 = ORIENTED_EDGE ( 'NONE', *, *, #542, .F. ) ;
#2903 = CYLINDRICAL_SURFACE ( 'NONE', #175, 1.899999999999999023 ) ;
#2904 = EDGE_CURVE ( 'NONE', #3128, #3208, #984, .T. ) ;
#2905 = DIRECTION ( 'NONE',  ( 0.000000000000000000, 1.000000000000000000, 0.000000000000000000 ) ) ;
#2906 = CIRCLE ( 'NONE', #3067, 1.899999999999999023 ) ;
#2907 = ORIENTED_EDGE ( 'NONE', *, *, #577, .F. ) ;
#2908 = AXIS2_PLACEMENT_3D ( 'NONE', #807, #1905, #2147 ) ;
#2909 = VERTEX_POINT ( 'NONE', #2271 ) ;
#2910 = CARTESIAN_POINT ( 'NONE',  ( -11.60474041071020679, -6.700000000000029488, 2.299999999999999822 ) ) ;
#2911 = DIRECTION ( 'NONE',  ( 1.000000000000000000, 8.260587980841938780E-17, -0.000000000000000000 ) ) ;
#2912 = APPLICATION_PROTOCOL_DEFINITION ( 'draft international standard', 'automotive_design', 1998, #652 ) ;
#2913 = FACE_OUTER_BOUND ( 'NONE', #2179, .T. ) ;
#2914 = DIRECTION ( 'NONE',  ( 0.000000000000000000, 1.000000000000000000, 0.000000000000000000 ) ) ;
#2915 = EDGE_LOOP ( 'NONE', ( #1350, #795, #455, #1606 ) ) ;
#2916 = DIRECTION ( 'NONE',  ( -0.9850142137072711579, 0.000000000000000000, 0.1724731828274941592 ) ) ;
#2917 = ADVANCED_FACE ( 'NONE', ( #3328 ), #3309, .F. ) ;
#2918 = VERTEX_POINT ( 'NONE', #3051 ) ;
#2919 = CARTESIAN_POINT ( 'NONE',  ( 10.00000000000000355, -34.85000000000000142, -49.90000000000009095 ) ) ;
#2920 = EDGE_CURVE ( 'NONE', #1613, #2850, #726, .T. ) ;
#2921 = LINE ( 'NONE', #1852, #2827 ) ;
#2922 = ORIENTED_EDGE ( 'NONE', *, *, #1254, .F. ) ;
#2923 = AXIS2_PLACEMENT_3D ( 'NONE', #1032, #248, #2322 ) ;
#2924 = EDGE_CURVE ( 'NONE', #696, #146, #1759, .T. ) ;
#2925 = ORIENTED_EDGE ( 'NONE', *, *, #1392, .F. ) ;
#2926 = LINE ( 'NONE', #1856, #2275 ) ;
#2927 = CARTESIAN_POINT ( 'NONE',  ( -2.610287666324261124, 13.85705393449289780, -42.93251095273883777 ) ) ;
#2928 = VECTOR ( 'NONE', #93, 1000.000000000000000 ) ;
#2929 = EDGE_CURVE ( 'NONE', #799, #1293, #967, .T. ) ;
#2930 = LINE ( 'NONE', #889, #1331 ) ;
#2931 = ORIENTED_EDGE ( 'NONE', *, *, #2618, .T. ) ;
#2932 = CARTESIAN_POINT ( 'NONE',  ( 13.49999999938163597, -39.69999999999999574, -21.84999999496763223 ) ) ;
#2933 = CIRCLE ( 'NONE', #330, 3.549999999999999378 ) ;
#2934 = ORIENTED_EDGE ( 'NONE', *, *, #1115, .T. ) ;
#2935 = FACE_OUTER_BOUND ( 'NONE', #2380, .T. ) ;
#2936 = CARTESIAN_POINT ( 'NONE',  ( 2.124423552260767346E-31, -45.00000000000000000, -26.30000000000002203 ) ) ;
#2937 = VERTEX_POINT ( 'NONE', #2308 ) ;
#2938 = CARTESIAN_POINT ( 'NONE',  ( -9.000000000000007105, -28.84999999999996945, -48.90000000000005542 ) ) ;
#2939 = DIRECTION ( 'NONE',  ( 0.6418732646538172215, 0.000000000000000000, -0.7668107407454924918 ) ) ;
#2940 =( NAMED_UNIT ( * ) SI_UNIT ( $, .STERADIAN. ) SOLID_ANGLE_UNIT ( ) );
#2941 = AXIS2_PLACEMENT_3D ( 'NONE', #2106, #2378, #3164 ) ;
#2942 = DIRECTION ( 'NONE',  ( 1.000000000000000000, 8.260587980841938780E-17, 0.000000000000000000 ) ) ;
#2943 = DIRECTION ( 'NONE',  ( -0.000000000000000000, -0.000000000000000000, 1.000000000000000000 ) ) ;
#2944 = ORIENTED_EDGE ( 'NONE', *, *, #1058, .T. ) ;
#2945 = LINE ( 'NONE', #1349, #640 ) ;
#2946 = ORIENTED_EDGE ( 'NONE', *, *, #1743, .F. ) ;
#2947 = DIRECTION ( 'NONE',  ( 0.000000000000000000, 0.000000000000000000, 1.000000000000000000 ) ) ;
#2948 = EDGE_CURVE ( 'NONE', #3277, #2491, #468, .T. ) ;
#2949 = CARTESIAN_POINT ( 'NONE',  ( -13.50000000061836225, -39.69999999999999574, -14.74999999496763081 ) ) ;
#2950 = EDGE_CURVE ( 'NONE', #893, #1997, #182, .T. ) ;
#2951 = ORIENTED_EDGE ( 'NONE', *, *, #2904, .F. ) ;
#2952 = CARTESIAN_POINT ( 'NONE',  ( -14.58587968246216349, -20.70000000000000995, -3.000000000000000000 ) ) ;
#2953 = VECTOR ( 'NONE', #2344, 1000.000000000000227 ) ;
#2954 = DIRECTION ( 'NONE',  ( 1.000000000000000000, 0.000000000000000000, 0.000000000000000000 ) ) ;
#2955 = EDGE_CURVE ( 'NONE', #3091, #2210, #503, .T. ) ;
#2956 = CIRCLE ( 'NONE', #1008, 2.649999999999999023 ) ;
#2957 = AXIS2_PLACEMENT_3D ( 'NONE', #3338, #513, #1361 ) ;
#2958 = ORIENTED_EDGE ( 'NONE', *, *, #2072, .T. ) ;
#2959 = CARTESIAN_POINT ( 'NONE',  ( 10.69541689571983056, 9.189102397469191885, 0.000000000000000000 ) ) ;
#2960 = CARTESIAN_POINT ( 'NONE',  ( 13.49999999938163597, -45.00000000000000000, -18.29999999496763508 ) ) ;
#2961 = ADVANCED_FACE ( 'NONE', ( #1288 ), #1002, .F. ) ;
#2962 = DIRECTION ( 'NONE',  ( 0.000000000000000000, 0.000000000000000000, 1.000000000000000000 ) ) ;
#2963 = VERTEX_POINT ( 'NONE', #691 ) ;
#2964 = CARTESIAN_POINT ( 'NONE',  ( 2.610287666325547207, -13.85705393449218903, -42.93251095273883777 ) ) ;
#2965 = EDGE_LOOP ( 'NONE', ( #242, #3163, #2988, #1940 ) ) ;
#2966 = CARTESIAN_POINT ( 'NONE',  ( 11.40537989737626212, -22.10368098241527690, -4.403680982415282941 ) ) ;
#2967 = CARTESIAN_POINT ( 'NONE',  ( -19.00000000000000000, -45.00000000000000000, -54.90000000000009095 ) ) ;
#2968 = ORIENTED_EDGE ( 'NONE', *, *, #267, .F. ) ;
#2969 = DIRECTION ( 'NONE',  ( -0.3431409490534548801, 0.000000000000000000, -0.9392839235730026104 ) ) ;
#2970 = CARTESIAN_POINT ( 'NONE',  ( -9.000000000000007105, -28.84999999999996945, -48.90000000000005542 ) ) ;
#2971 = AXIS2_PLACEMENT_3D ( 'NONE', #791, #1807, #2338 ) ;
#2972 = EDGE_CURVE ( 'NONE', #1062, #3091, #2785, .T. ) ;
#2973 = ORIENTED_EDGE ( 'NONE', *, *, #2257, .T. ) ;
#2974 = CARTESIAN_POINT ( 'NONE',  ( 7.464731957562698028E-14, -39.69999999999999574, -18.57084079819946965 ) ) ;
#2975 = CARTESIAN_POINT ( 'NONE',  ( 13.39999999999999325, -39.69999999999999574, -26.30000000000005400 ) ) ;
#2976 = DIRECTION ( 'NONE',  ( -0.000000000000000000, -1.000000000000000000, -0.000000000000000000 ) ) ;
#2977 = CIRCLE ( 'NONE', #3093, 3.549999999999997602 ) ;
#2978 = CIRCLE ( 'NONE', #651, 2.750000000000002665 ) ;
#2979 = ORIENTED_EDGE ( 'NONE', *, *, #2247, .T. ) ;
#2980 = DIRECTION ( 'NONE',  ( 1.000000000000000000, 8.260587980841938780E-17, -0.000000000000000000 ) ) ;
#2981 = EDGE_CURVE ( 'NONE', #3057, #714, #1818, .T. ) ;
#2982 = ORIENTED_EDGE ( 'NONE', *, *, #423, .T. ) ;
#2983 = LINE ( 'NONE', #946, #1420 ) ;
#2984 = ORIENTED_EDGE ( 'NONE', *, *, #798, .F. ) ;
#2985 = CIRCLE ( 'NONE', #1630, 1.899999999999999023 ) ;
#2986 = CARTESIAN_POINT ( 'NONE',  ( 2.124423552260767346E-31, -45.00000000000000000, -21.30000000000002203 ) ) ;
#2987 = EDGE_CURVE ( 'NONE', #2850, #2334, #3279, .T. ) ;
#2988 = ORIENTED_EDGE ( 'NONE', *, *, #1901, .T. ) ;
#2989 = AXIS2_PLACEMENT_3D ( 'NONE', #1454, #2734, #2222 ) ;
#2990 = CYLINDRICAL_SURFACE ( 'NONE', #1520, 1.899999999999999023 ) ;
#2991 = ORIENTED_EDGE ( 'NONE', *, *, #965, .T. ) ;
#2992 = DIRECTION ( 'NONE',  ( -0.1724731828275083145, -0.9850142137072687154, 0.000000000000000000 ) ) ;
#2993 = LINE ( 'NONE', #664, #3182 ) ;
#2994 = CARTESIAN_POINT ( 'NONE',  ( -13.85705393449315181, -84.93251095273978990, -23.68971233367537366 ) ) ;
#2995 = AXIS2_PLACEMENT_3D ( 'NONE', #1771, #753, #1790 ) ;
#2996 = ORIENTED_EDGE ( 'NONE', *, *, #2690, .F. ) ;
#2997 = DIRECTION ( 'NONE',  ( 0.000000000000000000, -1.000000000000000000, 0.000000000000000000 ) ) ;
#2998 = ORIENTED_EDGE ( 'NONE', *, *, #2481, .F. ) ;
#2999 = FACE_OUTER_BOUND ( 'NONE', #1984, .T. ) ;
#3000 = ORIENTED_EDGE ( 'NONE', *, *, #3055, .F. ) ;
#3001 = CARTESIAN_POINT ( 'NONE',  ( -6.700000000000025047, -41.99999999999999289, -14.69525958928814191 ) ) ;
#3002 = ADVANCED_FACE ( 'NONE', ( #1022 ), #1725, .T. ) ;
#3003 = ORIENTED_EDGE ( 'NONE', *, *, #1828, .T. ) ;
#3004 = DIRECTION ( 'NONE',  ( -0.000000000000000000, -1.000000000000000000, -0.000000000000000000 ) ) ;
#3005 = VERTEX_POINT ( 'NONE', #1486 ) ;
#3006 = LINE ( 'NONE', #2974, #3120 ) ;
#3007 = AXIS2_PLACEMENT_3D ( 'NONE', #780, #2853, #797 ) ;
#3008 = CARTESIAN_POINT ( 'NONE',  ( -13.50000000061836225, -45.00000000000000000, -32.39999999496763650 ) ) ;
#3009 = CIRCLE ( 'NONE', #34, 2.749999999999967581 ) ;
#3010 = ADVANCED_FACE ( 'NONE', ( #436 ), #1797, .F. ) ;
#3011 = CIRCLE ( 'NONE', #2720, 3.549999999999999378 ) ;
#3012 = ORIENTED_EDGE ( 'NONE', *, *, #506, .T. ) ;
#3013 = CARTESIAN_POINT ( 'NONE',  ( -15.20537989737608342, -22.10368098241533374, -8.374011537017832296 ) ) ;
#3014 = VERTEX_POINT ( 'NONE', #2531 ) ;
#3015 = DIRECTION ( 'NONE',  ( -0.000000000000000000, 1.000000000000000000, -0.000000000000000000 ) ) ;
#3016 = EDGE_CURVE ( 'NONE', #2652, #1711, #1251, .T. ) ;
#3017 = VERTEX_POINT ( 'NONE', #1413 ) ;
#3018 = DIRECTION ( 'NONE',  ( 0.9392839235730117142, -0.3431409490534300666, 0.000000000000000000 ) ) ;
#3019 = ORIENTED_EDGE ( 'NONE', *, *, #2841, .T. ) ;
#3020 = CARTESIAN_POINT ( 'NONE',  ( -6.700000000000025047, -84.93251095273978990, -14.69525958928814191 ) ) ;
#3021 = ADVANCED_FACE ( 'NONE', ( #1848 ), #2885, .F. ) ;
#3022 = EDGE_LOOP ( 'NONE', ( #2217, #204 ) ) ;
#3023 = FACE_OUTER_BOUND ( 'NONE', #1416, .T. ) ;
#3024 = CARTESIAN_POINT ( 'NONE',  ( 12.02488011229012344, -20.70000000000000995, -3.000000000000000000 ) ) ;
#3025 = FACE_OUTER_BOUND ( 'NONE', #2859, .T. ) ;
#3026 = EDGE_CURVE ( 'NONE', #3329, #2334, #2182, .T. ) ;
#3027 = ORIENTED_EDGE ( 'NONE', *, *, #3038, .F. ) ;
#3028 = LINE ( 'NONE', #2729, #1352 ) ;
#3029 = EDGE_LOOP ( 'NONE', ( #1920, #1333, #420, #904 ) ) ;
#3030 = AXIS2_PLACEMENT_3D ( 'NONE', #15, #1334, #1847 ) ;
#3031 = VERTEX_POINT ( 'NONE', #124 ) ;
#3032 = CARTESIAN_POINT ( 'NONE',  ( 13.85705393449289069, -41.99999999999999289, -28.91028766632431513 ) ) ;
#3033 = ORIENTED_EDGE ( 'NONE', *, *, #862, .F. ) ;
#3034 = CARTESIAN_POINT ( 'NONE',  ( 13.49999999938163597, -50.37401153701775769, -34.29999999496763508 ) ) ;
#3035 = CARTESIAN_POINT ( 'NONE',  ( 13.49999999938163597, -39.69999999999999574, -18.29999999496763508 ) ) ;
#3036 = VERTEX_POINT ( 'NONE', #2086 ) ;
#3037 = AXIS2_PLACEMENT_3D ( 'NONE', #1092, #274, #819 ) ;
#3038 = EDGE_CURVE ( 'NONE', #1783, #1999, #270, .T. ) ;
#3039 = VERTEX_POINT ( 'NONE', #1304 ) ;
#3040 = CARTESIAN_POINT ( 'NONE',  ( -9.000000000000007105, -40.84999999999996589, -48.90000000000006963 ) ) ;
#3041 = DIRECTION ( 'NONE',  ( 0.000000000000000000, 0.000000000000000000, 1.000000000000000000 ) ) ;
#3042 = DIRECTION ( 'NONE',  ( 4.163575784927221169E-17, 1.095473895433933174E-15, -1.000000000000000000 ) ) ;
#3043 = ADVANCED_FACE ( 'NONE', ( #1160 ), #304, .F. ) ;
#3044 = ORIENTED_EDGE ( 'NONE', *, *, #410, .T. ) ;
#3045 = DIRECTION ( 'NONE',  ( -0.000000000000000000, -0.000000000000000000, -1.000000000000000000 ) ) ;
#3046 = ORIENTED_EDGE ( 'NONE', *, *, #1854, .T. ) ;
#3047 = FACE_OUTER_BOUND ( 'NONE', #1069, .T. ) ;
#3048 = VECTOR ( 'NONE', #1896, 1000.000000000000000 ) ;
#3049 = ORIENTED_EDGE ( 'NONE', *, *, #1618, .T. ) ;
#3050 = CARTESIAN_POINT ( 'NONE',  ( 13.49999999938163597, -40.45000000000000284, -34.29999999496763508 ) ) ;
#3051 = CARTESIAN_POINT ( 'NONE',  ( -15.20537989737608342, -22.10368098241533374, 2.299999999999999822 ) ) ;
#3052 = ORIENTED_EDGE ( 'NONE', *, *, #273, .F. ) ;
#3053 = DIRECTION ( 'NONE',  ( 0.9850142137072667170, 0.000000000000000000, -0.1724731828275201939 ) ) ;
#3054 = EDGE_CURVE ( 'NONE', #2875, #2963, #3127, .T. ) ;
#3055 = EDGE_CURVE ( 'NONE', #1196, #1637, #3143, .T. ) ;
#3056 = DIRECTION ( 'NONE',  ( -0.000000000000000000, -1.000000000000000000, -0.000000000000000000 ) ) ;
#3057 = VERTEX_POINT ( 'NONE', #3108 ) ;
#3058 = CIRCLE ( 'NONE', #400, 2.649999999999999467 ) ;
#3059 = ORIENTED_EDGE ( 'NONE', *, *, #1366, .T. ) ;
#3060 = CARTESIAN_POINT ( 'NONE',  ( 10.69541689571983056, 9.189102397469190109, 2.299999999999999822 ) ) ;
#3061 = EDGE_CURVE ( 'NONE', #364, #450, #16, .T. ) ;
#3062 = CARTESIAN_POINT ( 'NONE',  ( -18.99999999999999645, -24.69999999999999929, -7.000000000000031974 ) ) ;
#3063 = LINE ( 'NONE', #2063, #2038 ) ;
#3064 = EDGE_CURVE ( 'NONE', #2909, #799, #895, .T. ) ;
#3065 = DIRECTION ( 'NONE',  ( 0.7668107407454776148, -0.6418732646538347630, 0.000000000000000000 ) ) ;
#3066 = LINE ( 'NONE', #2542, #758 ) ;
#3067 = AXIS2_PLACEMENT_3D ( 'NONE', #2960, #1587, #2117 ) ;
#3068 = VECTOR ( 'NONE', #1143, 1000.000000000000000 ) ;
#3069 = VERTEX_POINT ( 'NONE', #2362 ) ;
#3070 = DIRECTION ( 'NONE',  ( 0.000000000000000000, 0.000000000000000000, 1.000000000000000000 ) ) ;
#3071 = VECTOR ( 'NONE', #1110, 1000.000000000000000 ) ;
#3072 = ORIENTED_EDGE ( 'NONE', *, *, #1840, .F. ) ;
#3073 = CYLINDRICAL_SURFACE ( 'NONE', #480, 2.649999999999999023 ) ;
#3074 = CARTESIAN_POINT ( 'NONE',  ( 3.864579600901408174, -6.693648218652620940, 0.000000000000000000 ) ) ;
#3075 = ORIENTED_EDGE ( 'NONE', *, *, #1662, .F. ) ;
#3076 = FACE_OUTER_BOUND ( 'NONE', #2965, .T. ) ;
#3077 = DIRECTION ( 'NONE',  ( -0.000000000000000000, -1.000000000000000000, -0.000000000000000000 ) ) ;
#3078 = VERTEX_POINT ( 'NONE', #2435 ) ;
#3079 = ORIENTED_EDGE ( 'NONE', *, *, #2632, .T. ) ;
#3080 = PLANE ( 'NONE',  #1699 ) ;
#3081 = CARTESIAN_POINT ( 'NONE',  ( -13.50000000061836225, -40.45000000000000284, -18.29999999496763152 ) ) ;
#3082 = FACE_OUTER_BOUND ( 'NONE', #288, .T. ) ;
#3083 = FACE_OUTER_BOUND ( 'NONE', #3344, .T. ) ;
#3084 = CARTESIAN_POINT ( 'NONE',  ( 13.49999999938163597, -39.69999999999999574, -34.29999999496763508 ) ) ;
#3085 =( NAMED_UNIT ( * ) SI_UNIT ( $, .STERADIAN. ) SOLID_ANGLE_UNIT ( ) );
#3086 = AXIS2_PLACEMENT_3D ( 'NONE', #2828, #3359, #3065 ) ;
#3087 = EDGE_CURVE ( 'NONE', #2854, #620, #622, .T. ) ;
#3088 = ORIENTED_EDGE ( 'NONE', *, *, #1050, .T. ) ;
#3089 = DIRECTION ( 'NONE',  ( 0.000000000000000000, 1.000000000000000000, 0.000000000000000000 ) ) ;
#3090 = DIRECTION ( 'NONE',  ( -8.260587980841938780E-17, 1.000000000000000000, 0.000000000000000000 ) ) ;
#3091 = VERTEX_POINT ( 'NONE', #1071 ) ;
#3092 = FACE_OUTER_BOUND ( 'NONE', #1231, .T. ) ;
#3093 = AXIS2_PLACEMENT_3D ( 'NONE', #639, #117, #2737 ) ;
#3094 = VECTOR ( 'NONE', #3045, 1000.000000000000000 ) ;
#3095 = ADVANCED_FACE ( 'NONE', ( #3162 ), #523, .F. ) ;
#3096 = DIRECTION ( 'NONE',  ( 0.000000000000000000, 0.000000000000000000, 1.000000000000000000 ) ) ;
#3097 = VERTEX_POINT ( 'NONE', #832 ) ;
#3098 = EDGE_LOOP ( 'NONE', ( #3148, #2076, #909, #29 ) ) ;
#3099 = LINE ( 'NONE', #2844, #1161 ) ;
#3100 = DIRECTION ( 'NONE',  ( -0.000000000000000000, -1.000000000000000000, -0.000000000000000000 ) ) ;
#3101 = VECTOR ( 'NONE', #970, 1000.000000000000000 ) ;
#3102 = CARTESIAN_POINT ( 'NONE',  ( -6.624999999999937828, 11.47483660014378870, -3.000000000000000000 ) ) ;
#3103 = VECTOR ( 'NONE', #744, 1000.000000000000114 ) ;
#3104 = DIRECTION ( 'NONE',  ( -0.000000000000000000, -1.000000000000000000, -0.000000000000000000 ) ) ;
#3105 = DIRECTION ( 'NONE',  ( 0.000000000000000000, 0.000000000000000000, 1.000000000000000000 ) ) ;
#3106 = ORIENTED_EDGE ( 'NONE', *, *, #1926, .F. ) ;
#3107 = LINE ( 'NONE', #2567, #1511 ) ;
#3108 = CARTESIAN_POINT ( 'NONE',  ( 4.667951537024205955, -41.99999999999999289, -39.60570456204413148 ) ) ;
#3109 = ORIENTED_EDGE ( 'NONE', *, *, #627, .T. ) ;
#3110 = CARTESIAN_POINT ( 'NONE',  ( 5.000000000000000000, 0.000000000000000000, 0.000000000000000000 ) ) ;
#3111 = AXIS2_PLACEMENT_3D ( 'NONE', #218, #2818, #1761 ) ;
#3112 = EDGE_CURVE ( 'NONE', #2491, #1613, #1558, .T. ) ;
#3113 = EDGE_CURVE ( 'NONE', #919, #924, #1865, .T. ) ;
#3114 = DIRECTION ( 'NONE',  ( 1.000000000000000000, 0.000000000000000000, 0.000000000000000000 ) ) ;
#3115 = ORIENTED_EDGE ( 'NONE', *, *, #3153, .F. ) ;
#3116 = VERTEX_POINT ( 'NONE', #2868 ) ;
#3117 = CARTESIAN_POINT ( 'NONE',  ( 13.49999999938163597, -40.45000000000000284, -18.29999999496763508 ) ) ;
#3118 = FACE_OUTER_BOUND ( 'NONE', #235, .T. ) ;
#3119 = DIRECTION ( 'NONE',  ( -0.04085710491598150418, 0.9991649998763388885, 1.857201908378230500E-15 ) ) ;
#3120 = VECTOR ( 'NONE', #629, 1000.000000000000000 ) ;
#3121 = DIRECTION ( 'NONE',  ( -0.000000000000000000, 1.000000000000000000, -0.000000000000000000 ) ) ;
#3122 = LINE ( 'NONE', #1299, #214 ) ;
#3123 = ADVANCED_FACE ( 'NONE', ( #536 ), #1087, .F. ) ;
#3124 = EDGE_LOOP ( 'NONE', ( #2633, #2304, #3230, #334 ) ) ;
#3125 = FACE_OUTER_BOUND ( 'NONE', #1187, .T. ) ;
#3126 = AXIS2_PLACEMENT_3D ( 'NONE', #2098, #2613, #1013 ) ;
#3127 = LINE ( 'NONE', #2103, #2953 ) ;
#3128 = VERTEX_POINT ( 'NONE', #1653 ) ;
#3129 = DIRECTION ( 'NONE',  ( 1.000000000000000000, 8.260587980841938780E-17, -0.000000000000000000 ) ) ;
#3130 = VECTOR ( 'NONE', #2165, 1000.000000000000000 ) ;
#3131 = EDGE_CURVE ( 'NONE', #1637, #990, #363, .T. ) ;
#3132 = DIRECTION ( 'NONE',  ( -0.000000000000000000, -1.000000000000000000, -0.000000000000000000 ) ) ;
#3133 = VERTEX_POINT ( 'NONE', #631 ) ;
#3134 = ORIENTED_EDGE ( 'NONE', *, *, #158, .F. ) ;
#3135 = CARTESIAN_POINT ( 'NONE',  ( -4.667951537024475961, -84.93251095273978990, -12.99429543795553599 ) ) ;
#3136 = FACE_BOUND ( 'NONE', #759, .T. ) ;
#3137 = CARTESIAN_POINT ( 'NONE',  ( 6.245004513516505540E-13, -4.718447854656915297E-13, -54.90000000000001990 ) ) ;
#3138 = DIRECTION ( 'NONE',  ( 0.000000000000000000, 0.000000000000000000, 1.000000000000000000 ) ) ;
#3139 = CARTESIAN_POINT ( 'NONE',  ( -13.50000000061836225, -50.37401153701775769, -20.19999999496763010 ) ) ;
#3140 = EDGE_CURVE ( 'NONE', #1119, #3224, #190, .T. ) ;
#3141 = ORIENTED_EDGE ( 'NONE', *, *, #1338, .T. ) ;
#3142 = CARTESIAN_POINT ( 'NONE',  ( 14.58587968246230204, -20.70000000000000995, -3.000000000000000000 ) ) ;
#3143 = LINE ( 'NONE', #556, #3068 ) ;
#3144 = EDGE_LOOP ( 'NONE', ( #317, #589, #2546, #656, #2127, #2278 ) ) ;
#3145 = DIRECTION ( 'NONE',  ( 0.000000000000000000, 1.000000000000000000, 0.000000000000000000 ) ) ;
#3146 = PLANE ( 'NONE',  #3037 ) ;
#3147 = CIRCLE ( 'NONE', #3030, 1.900000000000020561 ) ;
#3148 = ORIENTED_EDGE ( 'NONE', *, *, #3203, .T. ) ;
#3149 = VECTOR ( 'NONE', #2829, 1000.000000000000000 ) ;
#3150 = VERTEX_POINT ( 'NONE', #2793 ) ;
#3151 = CARTESIAN_POINT ( 'NONE',  ( 2.124423552260767346E-31, -41.99999999999999289, -21.30000000000002203 ) ) ;
#3152 = DIRECTION ( 'NONE',  ( 0.000000000000000000, -1.000000000000000000, -0.000000000000000000 ) ) ;
#3153 = EDGE_CURVE ( 'NONE', #1773, #620, #459, .T. ) ;
#3154 = SHAPE_DEFINITION_REPRESENTATION ( #1174, #1172 ) ;
#3155 = AXIS2_PLACEMENT_3D ( 'NONE', #1509, #3077, #987 ) ;
#3156 = CARTESIAN_POINT ( 'NONE',  ( -2.610287666322975486, -13.85705393449220679, 0.000000000000000000 ) ) ;
#3157 = EDGE_CURVE ( 'NONE', #241, #2606, #2476, .T. ) ;
#3158 =( BOUNDED_CURVE ( )  B_SPLINE_CURVE ( 3, ( #2966, #2732, #1930, #3252 ),
 .UNSPECIFIED., .F., .T. ) 
 B_SPLINE_CURVE_WITH_KNOTS ( ( 4, 4 ),
 ( 4.712388980384689674, 5.543646511132179988 ),
 .UNSPECIFIED. ) 
 CURVE ( )  GEOMETRIC_REPRESENTATION_ITEM ( )  RATIONAL_B_SPLINE_CURVE ( ( 1.000000000000000000, 0.9432417518335546314, 0.9432417518335546314, 1.000000000000000000 ) ) 
 REPRESENTATION_ITEM ( '' )  );
#3159 = AXIS2_PLACEMENT_3D ( 'NONE', #1914, #3210, #97 ) ;
#3160 = EDGE_LOOP ( 'NONE', ( #1440, #1695, #1007, #2496 ) ) ;
#3161 = LINE ( 'NONE', #318, #1300 ) ;
#3162 = FACE_OUTER_BOUND ( 'NONE', #2145, .T. ) ;
#3163 = ORIENTED_EDGE ( 'NONE', *, *, #798, .T. ) ;
#3164 = DIRECTION ( 'NONE',  ( -0.3431409490534548246, 0.000000000000000000, -0.9392839235730026104 ) ) ;
#3165 = DIRECTION ( 'NONE',  ( -0.000000000000000000, -0.000000000000000000, 1.000000000000000000 ) ) ;
#3166 = VECTOR ( 'NONE', #2310, 1000.000000000000227 ) ;
#3167 = EDGE_LOOP ( 'NONE', ( #2094, #961 ) ) ;
#3168 = ORIENTED_EDGE ( 'NONE', *, *, #2006, .F. ) ;
#3169 = CARTESIAN_POINT ( 'NONE',  ( 14.25474041071213627, -6.699999999998910383, 2.299999999999999822 ) ) ;
#3170 = CARTESIAN_POINT ( 'NONE',  ( 9.000000000000001776, -28.84999999999996234, -54.90000000000005542 ) ) ;
#3171 = SURFACE_SIDE_STYLE ('',( #2132 ) ) ;
#3172 = ADVANCED_FACE ( 'NONE', ( #1179 ), #685, .F. ) ;
#3173 = DIRECTION ( 'NONE',  ( 0.9392839235730119363, 0.3431409490534294005, 0.000000000000000000 ) ) ;
#3174 = CARTESIAN_POINT ( 'NONE',  ( -13.50000000061836225, -50.37401153701775769, -18.29999999496763152 ) ) ;
#3175 = ADVANCED_FACE ( 'NONE', ( #2760, #174, #3281, #428, #2214, #3025 ), #1226, .T. ) ;
#3176 = ORIENTED_EDGE ( 'NONE', *, *, #1232, .F. ) ;
#3177 = DIRECTION ( 'NONE',  ( -0.000000000000000000, -0.000000000000000000, 1.000000000000000000 ) ) ;
#3178 = VERTEX_POINT ( 'NONE', #2743 ) ;
#3179 = FACE_OUTER_BOUND ( 'NONE', #2891, .T. ) ;
#3180 = ADVANCED_FACE ( 'NONE', ( #1496 ), #2264, .F. ) ;
#3181 = LINE ( 'NONE', #1596, #1139 ) ;
#3182 = VECTOR ( 'NONE', #2467, 1000.000000000000000 ) ;
#3183 = EDGE_CURVE ( 'NONE', #1229, #1975, #3299, .T. ) ;
#3184 = ORIENTED_EDGE ( 'NONE', *, *, #723, .T. ) ;
#3185 = AXIS2_PLACEMENT_3D ( 'NONE', #2468, #395, #1194 ) ;
#3186 = CIRCLE ( 'NONE', #1605, 1.899999999999999023 ) ;
#3187 = ORIENTED_EDGE ( 'NONE', *, *, #2321, .T. ) ;
#3188 = CARTESIAN_POINT ( 'NONE',  ( -6.700000000000368772, -39.69999999999999574, -37.90474041071131950 ) ) ;
#3189 = CARTESIAN_POINT ( 'NONE',  ( -19.00000000000000000, -24.69999999999999929, -45.60000000000008669 ) ) ;
#3190 = CARTESIAN_POINT ( 'NONE',  ( -4.724999999999912603, 11.47483660014378870, -8.374011537017832296 ) ) ;
#3191 = VERTEX_POINT ( 'NONE', #3233 ) ;
#3192 = DIRECTION ( 'NONE',  ( 0.000000000000000000, 1.000000000000000000, 0.000000000000000000 ) ) ;
#3193 = ORIENTED_EDGE ( 'NONE', *, *, #809, .F. ) ;
#3194 = DIRECTION ( 'NONE',  ( -8.260587980841938780E-17, 1.000000000000000000, 0.000000000000000000 ) ) ;
#3195 = CARTESIAN_POINT ( 'NONE',  ( -13.50000000061836225, -40.45000000000000284, -30.74999999496763792 ) ) ;
#3196 = ORIENTED_EDGE ( 'NONE', *, *, #3157, .F. ) ;
#3197 = VERTEX_POINT ( 'NONE', #3245 ) ;
#3198 = LINE ( 'NONE', #870, #100 ) ;
#3199 = PLANE ( 'NONE',  #2151 ) ;
#3200 = CIRCLE ( 'NONE', #1456, 3.549999999999997602 ) ;
#3201 = FACE_OUTER_BOUND ( 'NONE', #1963, .T. ) ;
#3202 = EDGE_CURVE ( 'NONE', #3097, #2687, #1436, .T. ) ;
#3203 = EDGE_CURVE ( 'NONE', #20, #3036, #2233, .T. ) ;
#3204 = AXIS2_PLACEMENT_3D ( 'NONE', #2557, #2317, #3356 ) ;
#3205 = ORIENTED_EDGE ( 'NONE', *, *, #3339, .F. ) ;
#3206 = CARTESIAN_POINT ( 'NONE',  ( 13.49999999938163597, -39.69999999999999574, -34.29999999496763508 ) ) ;
#3207 = VECTOR ( 'NONE', #170, 1000.000000000000000 ) ;
#3208 = VERTEX_POINT ( 'NONE', #1989 ) ;
#3209 = DIRECTION ( 'NONE',  ( -0.000000000000000000, 1.000000000000000000, -0.000000000000000000 ) ) ;
#3210 = DIRECTION ( 'NONE',  ( -0.000000000000000000, 1.000000000000000000, -0.000000000000000000 ) ) ;
#3211 = VERTEX_POINT ( 'NONE', #699 ) ;
#3212 = EDGE_CURVE ( 'NONE', #867, #891, #141, .T. ) ;
#3213 = DIRECTION ( 'NONE',  ( 0.000000000000000000, 0.000000000000000000, 1.000000000000000000 ) ) ;
#3214 = CARTESIAN_POINT ( 'NONE',  ( 14.25474041071149145, 6.700000000000736478, 2.299999999999999822 ) ) ;
#3215 = VERTEX_POINT ( 'NONE', #1732 ) ;
#3216 = LINE ( 'NONE', #683, #2083 ) ;
#3217 = DIRECTION ( 'NONE',  ( -0.000000000000000000, 1.000000000000000000, -0.000000000000000000 ) ) ;
#3218 = CARTESIAN_POINT ( 'NONE',  ( 4.724999999999523581, 11.47483660014415641, -8.374011537017832296 ) ) ;
#3219 = ORIENTED_EDGE ( 'NONE', *, *, #2490, .F. ) ;
#3220 = DIRECTION ( 'NONE',  ( 0.000000000000000000, 0.000000000000000000, 1.000000000000000000 ) ) ;
#3221 = EDGE_LOOP ( 'NONE', ( #1622, #179 ) ) ;
#3222 = CARTESIAN_POINT ( 'NONE',  ( 14.25474041071213627, -6.699999999998910383, -42.93251095273883777 ) ) ;
#3223 = CARTESIAN_POINT ( 'NONE',  ( 10.69541689571983056, 9.189102397469191885, -42.93251095273883777 ) ) ;
#3224 = VERTEX_POINT ( 'NONE', #976 ) ;
#3225 = ADVANCED_FACE ( 'NONE', ( #2488 ), #2777, .F. ) ;
#3226 = CARTESIAN_POINT ( 'NONE',  ( 9.189102397468554173, -39.69999999999999574, -15.60458310427998718 ) ) ;
#3227 = DIRECTION ( 'NONE',  ( -0.9850142137072597226, -0.1724731828275601064, 0.000000000000000000 ) ) ;
#3228 = AXIS2_PLACEMENT_3D ( 'NONE', #2053, #451, #3090 ) ;
#3229 = CIRCLE ( 'NONE', #899, 1.899999999999999023 ) ;
#3230 = ORIENTED_EDGE ( 'NONE', *, *, #1502, .T. ) ;
#3231 = CYLINDRICAL_SURFACE ( 'NONE', #705, 3.549999999999997602 ) ;
#3232 = DIRECTION ( 'NONE',  ( 1.000000000000000000, 0.000000000000000000, -2.054277800498850221E-16 ) ) ;
#3233 = CARTESIAN_POINT ( 'NONE',  ( 13.49999999938163597, -40.45000000000000284, -14.74999999496763436 ) ) ;
#3234 = ADVANCED_FACE ( 'NONE', ( #1955 ), #1478, .F. ) ;
#3235 = EDGE_LOOP ( 'NONE', ( #1740, #3314, #2123, #3049 ) ) ;
#3236 = CARTESIAN_POINT ( 'NONE',  ( -19.00000000000000000, -24.69999999999999929, -6.999999999999992006 ) ) ;
#3237 = ORIENTED_EDGE ( 'NONE', *, *, #926, .F. ) ;
#3238 = DIRECTION ( 'NONE',  ( -1.000000000000000000, 0.000000000000000000, 2.054277800498850221E-16 ) ) ;
#3239 = VERTEX_POINT ( 'NONE', #665 ) ;
#3240 = DIRECTION ( 'NONE',  ( 0.000000000000000000, 1.000000000000000000, 0.000000000000000000 ) ) ;
#3241 = DIRECTION ( 'NONE',  ( 1.000000000000000000, 0.000000000000000000, 0.000000000000000000 ) ) ;
#3242 = ORIENTED_EDGE ( 'NONE', *, *, #2920, .F. ) ;
#3243 = DIRECTION ( 'NONE',  ( 0.000000000000000000, 1.000000000000000000, 1.095473895433933174E-15 ) ) ;
#3244 = LINE ( 'NONE', #173, #2254 ) ;
#3245 = CARTESIAN_POINT ( 'NONE',  ( 9.000000000000001776, -38.94999999999996732, -48.90000000000006253 ) ) ;
#3246 = AXIS2_PLACEMENT_3D ( 'NONE', #634, #1197, #2796 ) ;
#3247 = EDGE_CURVE ( 'NONE', #2398, #1556, #156, .T. ) ;
#3248 = CIRCLE ( 'NONE', #482, 1.899999999999999023 ) ;
#3249 = ORIENTED_EDGE ( 'NONE', *, *, #2755, .F. ) ;
#3250 = DIRECTION ( 'NONE',  ( 1.000000000000000000, 8.260587980841938780E-17, -0.000000000000000000 ) ) ;
#3251 = ORIENTED_EDGE ( 'NONE', *, *, #1561, .F. ) ;
#3252 = CARTESIAN_POINT ( 'NONE',  ( 12.02488011229012344, -20.70000000000000995, -3.000000000000000000 ) ) ;
#3253 = ORIENTED_EDGE ( 'NONE', *, *, #849, .F. ) ;
#3254 = VECTOR ( 'NONE', #1189, 1000.000000000000227 ) ;
#3255 = DIRECTION ( 'NONE',  ( 0.000000000000000000, 1.000000000000000000, 0.000000000000000000 ) ) ;
#3256 = ORIENTED_EDGE ( 'NONE', *, *, #1594, .F. ) ;
#3257 = AXIS2_PLACEMENT_3D ( 'NONE', #1982, #657, #2172 ) ;
#3258 = LINE ( 'NONE', #609, #2609 ) ;
#3259 = ORIENTED_EDGE ( 'NONE', *, *, #3289, .F. ) ;
#3260 = CARTESIAN_POINT ( 'NONE',  ( 13.49999999938163597, -40.45000000000000284, -18.29999999496763508 ) ) ;
#3261 = CARTESIAN_POINT ( 'NONE',  ( -13.50000000061836225, -40.45000000000000284, -34.29999999496763508 ) ) ;
#3262 = CARTESIAN_POINT ( 'NONE',  ( 9.189102397468554173, -41.99999999999999289, -15.60458310427998718 ) ) ;
#3263 = AXIS2_PLACEMENT_3D ( 'NONE', #3311, #2071, #782 ) ;
#3264 = ADVANCED_FACE ( 'NONE', ( #2630 ), #2597, .F. ) ;
#3265 = AXIS2_PLACEMENT_3D ( 'NONE', #1165, #1149, #2187 ) ;
#3266 = VERTEX_POINT ( 'NONE', #2579 ) ;
#3267 = CARTESIAN_POINT ( 'NONE',  ( -13.50000000061836225, -45.00000000000000000, -18.29999999496763152 ) ) ;
#3268 = ORIENTED_EDGE ( 'NONE', *, *, #1956, .F. ) ;
#3269 = DIRECTION ( 'NONE',  ( -0.000000000000000000, 1.000000000000000000, -0.000000000000000000 ) ) ;
#3270 = EDGE_CURVE ( 'NONE', #1556, #1835, #457, .T. ) ;
#3271 = ORIENTED_EDGE ( 'NONE', *, *, #3055, .T. ) ;
#3272 = ADVANCED_FACE ( 'NONE', ( #1242, #993, #1047, #2282, #1585 ), #2560, .T. ) ;
#3273 = DIRECTION ( 'NONE',  ( -0.000000000000000000, 1.000000000000000000, -0.000000000000000000 ) ) ;
#3274 = ORIENTED_EDGE ( 'NONE', *, *, #2110, .T. ) ;
#3275 = ADVANCED_FACE ( 'NONE', ( #3320 ), #752, .F. ) ;
#3276 = DIRECTION ( 'NONE',  ( -0.000000000000000000, 1.000000000000000000, -0.000000000000000000 ) ) ;
#3277 = VERTEX_POINT ( 'NONE', #2320 ) ;
#3278 = CARTESIAN_POINT ( 'NONE',  ( 10.00000000000000355, -34.85000000000000853, -2.700000000000000178 ) ) ;
#3279 = CIRCLE ( 'NONE', #676, 2.649999999999999467 ) ;
#3280 = CARTESIAN_POINT ( 'NONE',  ( -18.99999999999999645, -20.70000000000000995, -3.000000000000000000 ) ) ;
#3281 = FACE_BOUND ( 'NONE', #2790, .T. ) ;
#3282 = AXIS2_PLACEMENT_3D ( 'NONE', #24, #1533, #1494 ) ;
#3283 = AXIS2_PLACEMENT_3D ( 'NONE', #1857, #1344, #1441 ) ;
#3284 = VERTEX_POINT ( 'NONE', #1551 ) ;
#3285 = DIRECTION ( 'NONE',  ( 1.000000000000000000, 0.000000000000000000, 0.000000000000000000 ) ) ;
#3286 = ORIENTED_EDGE ( 'NONE', *, *, #1282, .F. ) ;
#3287 = DIRECTION ( 'NONE',  ( 0.000000000000000000, 0.000000000000000000, 1.000000000000000000 ) ) ;
#3288 = ORIENTED_EDGE ( 'NONE', *, *, #2981, .F. ) ;
#3289 = EDGE_CURVE ( 'NONE', #1181, #2625, #3297, .T. ) ;
#3290 = DIRECTION ( 'NONE',  ( 0.3431409490534277351, 0.9392839235730126024, 0.000000000000000000 ) ) ;
#3291 = VERTEX_POINT ( 'NONE', #2879 ) ;
#3292 = CYLINDRICAL_SURFACE ( 'NONE', #499, 1.899999999999999023 ) ;
#3293 = CARTESIAN_POINT ( 'NONE',  ( -13.50000000061836225, -45.00000000000000000, -34.29999999496763508 ) ) ;
#3294 = ORIENTED_EDGE ( 'NONE', *, *, #2834, .F. ) ;
#3295 = ORIENTED_EDGE ( 'NONE', *, *, #655, .T. ) ;
#3296 = CARTESIAN_POINT ( 'NONE',  ( 13.49999999938163597, -40.45000000000000284, -21.84999999496763223 ) ) ;
#3297 =( BOUNDED_CURVE ( )  B_SPLINE_CURVE ( 3, ( #1823, #227, #1296, #245 ),
 .UNSPECIFIED., .F., .T. ) 
 B_SPLINE_CURVE_WITH_KNOTS ( ( 4, 4 ),
 ( 0.7395387960474060218, 1.570796326794896558 ),
 .UNSPECIFIED. ) 
 CURVE ( )  GEOMETRIC_REPRESENTATION_ITEM ( )  RATIONAL_B_SPLINE_CURVE ( ( 1.000000000000000000, 0.9432417518335546314, 0.9432417518335546314, 1.000000000000000000 ) ) 
 REPRESENTATION_ITEM ( '' )  );
#3298 = DIRECTION ( 'NONE',  ( 0.000000000000000000, 1.000000000000000000, 0.000000000000000000 ) ) ;
#3299 = LINE ( 'NONE', #959, #1706 ) ;
#3300 = VECTOR ( 'NONE', #2064, 1000.000000000000114 ) ;
#3301 = ORIENTED_EDGE ( 'NONE', *, *, #2426, .F. ) ;
#3302 = CARTESIAN_POINT ( 'NONE',  ( 10.00000000000000355, -32.10000000000002984, -49.90000000000009095 ) ) ;
#3303 = ORIENTED_EDGE ( 'NONE', *, *, #566, .T. ) ;
#3304 = SURFACE_SIDE_STYLE ('',( #2268 ) ) ;
#3305 = EDGE_CURVE ( 'NONE', #1738, #1542, #134, .T. ) ;
#3306 = ADVANCED_FACE ( 'NONE', ( #281, #3082 ), #808, .T. ) ;
#3307 = AXIS2_PLACEMENT_3D ( 'NONE', #3084, #2582, #2323 ) ;
#3308 = ORIENTED_EDGE ( 'NONE', *, *, #1363, .F. ) ;
#3309 = PLANE ( 'NONE',  #333 ) ;
#3310 = ORIENTED_EDGE ( 'NONE', *, *, #1809, .T. ) ;
#3311 = CARTESIAN_POINT ( 'NONE',  ( 7.464731957562698028E-14, -84.93251095273978990, -18.57084079819946965 ) ) ;
#3312 = EDGE_CURVE ( 'NONE', #1406, #998, #3063, .T. ) ;
#3313 = LINE ( 'NONE', #220, #2227 ) ;
#3314 = ORIENTED_EDGE ( 'NONE', *, *, #1828, .F. ) ;
#3315 = VECTOR ( 'NONE', #48, 1000.000000000000000 ) ;
#3316 = EDGE_CURVE ( 'NONE', #1373, #1765, #1329, .T. ) ;
#3317 = ORIENTED_EDGE ( 'NONE', *, *, #1355, .F. ) ;
#3318 = DIRECTION ( 'NONE',  ( 0.000000000000000000, 1.000000000000000000, 0.000000000000000000 ) ) ;
#3319 = DIRECTION ( 'NONE',  ( 0.000000000000000000, 0.000000000000000000, 1.000000000000000000 ) ) ;
#3320 = FACE_OUTER_BOUND ( 'NONE', #85, .T. ) ;
#3321 = DIRECTION ( 'NONE',  ( -0.000000000000000000, -0.000000000000000000, 1.000000000000000000 ) ) ;
#3322 = CARTESIAN_POINT ( 'NONE',  ( -6.693648218653362569, -84.93251095273978990, -30.16457960089968537 ) ) ;
#3323 = EDGE_LOOP ( 'NONE', ( #731, #434 ) ) ;
#3324 = PLANE ( 'NONE',  #1641 ) ;
#3325 = AXIS2_PLACEMENT_3D ( 'NONE', #912, #671, #2236 ) ;
#3326 = VERTEX_POINT ( 'NONE', #3358 ) ;
#3327 = LINE ( 'NONE', #3226, #211 ) ;
#3328 = FACE_OUTER_BOUND ( 'NONE', #2915, .T. ) ;
#3329 = VERTEX_POINT ( 'NONE', #2862 ) ;
#3330 = DIRECTION ( 'NONE',  ( 1.000000000000000000, 0.000000000000000000, 0.000000000000000000 ) ) ;
#3331 = DIRECTION ( 'NONE',  ( 0.1724731828275075929, 0.9850142137072688264, 0.000000000000000000 ) ) ;
#3332 = ORIENTED_EDGE ( 'NONE', *, *, #2006, .T. ) ;
#3333 = EDGE_CURVE ( 'NONE', #2937, #1539, #2300, .T. ) ;
#3334 = CIRCLE ( 'NONE', #1430, 2.649999999999997691 ) ;
#3335 = ORIENTED_EDGE ( 'NONE', *, *, #461, .T. ) ;
#3336 = FACE_OUTER_BOUND ( 'NONE', #2018, .T. ) ;
#3337 = CARTESIAN_POINT ( 'NONE',  ( 19.00000000000000355, -24.69999999999999929, -7.000000000000000000 ) ) ;
#3338 = CARTESIAN_POINT ( 'NONE',  ( -13.50000000061836225, -45.00000000000000000, -18.29999999496763152 ) ) ;
#3339 = EDGE_CURVE ( 'NONE', #69, #942, #1114, .T. ) ;
#3340 = LINE ( 'NONE', #478, #659 ) ;
#3341 = LINE ( 'NONE', #1033, #3149 ) ;
#3342 = VECTOR ( 'NONE', #1954, 1000.000000000000000 ) ;
#3343 = AXIS2_PLACEMENT_3D ( 'NONE', #2994, #2010, #1751 ) ;
#3344 = EDGE_LOOP ( 'NONE', ( #576, #3187, #474, #879 ) ) ;
#3345 = CARTESIAN_POINT ( 'NONE',  ( 19.00000000000000355, -34.85000000000000853, -2.700000000000000178 ) ) ;
#3346 = CIRCLE ( 'NONE', #2857, 1.899999999999999023 ) ;
#3347 = EDGE_CURVE ( 'NONE', #1220, #148, #1806, .T. ) ;
#3348 = VERTEX_POINT ( 'NONE', #1065 ) ;
#3349 = CARTESIAN_POINT ( 'NONE',  ( 19.00000000000000355, -34.85000000000000142, -49.90000000000009095 ) ) ;
#3350 = DIRECTION ( 'NONE',  ( 0.9850142137072722681, -0.000000000000000000, 0.1724731828274885248 ) ) ;
#3351 = ORIENTED_EDGE ( 'NONE', *, *, #926, .T. ) ;
#3352 = DIRECTION ( 'NONE',  ( 0.000000000000000000, 0.000000000000000000, 1.000000000000000000 ) ) ;
#3353 = DIRECTION ( 'NONE',  ( -1.000000000000000000, 0.000000000000000000, -0.000000000000000000 ) ) ;
#3354 = ORIENTED_EDGE ( 'NONE', *, *, #868, .T. ) ;
#3355 = ORIENTED_EDGE ( 'NONE', *, *, #112, .F. ) ;
#3356 = DIRECTION ( 'NONE',  ( 1.000000000000000000, 0.000000000000000000, 0.000000000000000000 ) ) ;
#3357 = LINE ( 'NONE', #1750, #250 ) ;
#3358 = CARTESIAN_POINT ( 'NONE',  ( -13.30570456204282870, -4.667951537024482178, 2.299999999999999822 ) ) ;
#3359 = DIRECTION ( 'NONE',  ( -0.6418732646538348741, -0.7668107407454777258, 0.000000000000000000 ) ) ;
#3360 = PLANE ( 'NONE',  #1946 ) ;
#3361 = EDGE_CURVE ( 'NONE', #2111, #1886, #2846, .T. ) ;
#3362 = EDGE_CURVE ( 'NONE', #1700, #3266, #2852, .T. ) ;
#3363 = ORIENTED_EDGE ( 'NONE', *, *, #1627, .F. ) ;
#3364 = FACE_BOUND ( 'NONE', #1929, .T. ) ;
ENDSEC;
END-ISO-10303-21;
