ISO-10303-21;
HEADER;
FILE_DESCRIPTION (( 'STEP AP214' ),
    '1' );
FILE_NAME ('009_013_Spin_bearing_lock.STEP',
    '2024-07-21T08:29:30',
    ( '' ),
    ( '' ),
    'SwSTEP 2.0',
    'SolidWorks 2019',
    '' );
FILE_SCHEMA (( 'AUTOMOTIVE_DESIGN' ));
ENDSEC;

DATA;
#1 = ORIENTED_EDGE ( 'NONE', *, *, #2057, .T. ) ;
#2 = CARTESIAN_POINT ( 'NONE',  ( -16.19115729683512583, -34.34092202299093799, 15.80000000000000782 ) ) ;
#3 = VECTOR ( 'NONE', #2264, 1000.000000000000000 ) ;
#4 = EDGE_CURVE ( 'NONE', #477, #1257, #442, .T. ) ;
#5 = FACE_OUTER_BOUND ( 'NONE', #396, .T. ) ;
#6 = ORIENTED_EDGE ( 'NONE', *, *, #1633, .T. ) ;
#7 = PRESENTATION_STYLE_ASSIGNMENT (( #767 ) ) ;
#8 = VECTOR ( 'NONE', #319, 1000.000000000000227 ) ;
#9 = DIRECTION ( 'NONE',  ( -0.7521899334783778146, 0.6589463589502514429, 0.000000000000000000 ) ) ;
#10 = FACE_OUTER_BOUND ( 'NONE', #657, .T. ) ;
#11 = ORIENTED_EDGE ( 'NONE', *, *, #1743, .T. ) ;
#12 = DIRECTION ( 'NONE',  ( 0.6589463589502513319, 0.7521899334783778146, -0.000000000000000000 ) ) ;
#13 = VERTEX_POINT ( 'NONE', #1168 ) ;
#14 =( GEOMETRIC_REPRESENTATION_CONTEXT ( 3 ) GLOBAL_UNCERTAINTY_ASSIGNED_CONTEXT ( ( #1263 ) ) GLOBAL_UNIT_ASSIGNED_CONTEXT ( ( #1166, #2514, #2136 ) ) REPRESENTATION_CONTEXT ( 'NONE', 'WORKASPACE' ) );
#15 = DIRECTION ( 'NONE',  ( -0.6589463589502514429, -0.7521899334783780366, 0.000000000000000000 ) ) ;
#16 = VERTEX_POINT ( 'NONE', #564 ) ;
#17 = CARTESIAN_POINT ( 'NONE',  ( -0.2052111608549845589, -29.06815935654427108, 102.0250000000013131 ) ) ;
#18 = CARTESIAN_POINT ( 'NONE',  ( -26.07815430047639893, 6.046432759462319062, 96.95000000000402451 ) ) ;
#19 = ORIENTED_EDGE ( 'NONE', *, *, #2430, .F. ) ;
#20 = ORIENTED_EDGE ( 'NONE', *, *, #185, .F. ) ;
#21 = VECTOR ( 'NONE', #1045, 1000.000000000000000 ) ;
#22 = ORIENTED_EDGE ( 'NONE', *, *, #1982, .T. ) ;
#23 = CARTESIAN_POINT ( 'NONE',  ( -21.03845108012056286, -38.73594682138772782, 45.60000000000400888 ) ) ;
#24 = EDGE_CURVE ( 'NONE', #414, #587, #2097, .T. ) ;
#25 = DIRECTION ( 'NONE',  ( 0.7521899334783777036, -0.6589463589502515539, 0.000000000000000000 ) ) ;
#26 = VERTEX_POINT ( 'NONE', #757 ) ;
#27 = DIRECTION ( 'NONE',  ( 0.7521899334783783697, -0.6589463589502505547, 0.000000000000000000 ) ) ;
#28 = CARTESIAN_POINT ( 'NONE',  ( -37.23410113771841878, -0.6178288299675204209, 96.95000000000402451 ) ) ;
#29 = ORIENTED_EDGE ( 'NONE', *, *, #1623, .T. ) ;
#30 = EDGE_CURVE ( 'NONE', #1606, #2358, #852, .T. ) ;
#31 = LINE ( 'NONE', #2014, #1518 ) ;
#32 = EDGE_CURVE ( 'NONE', #2229, #954, #1399, .T. ) ;
#33 = CIRCLE ( 'NONE', #2217, 3.999999999947082330 ) ;
#34 = VERTEX_POINT ( 'NONE', #1155 ) ;
#35 = DIRECTION ( 'NONE',  ( 0.7521899334783775926, -0.6589463589502515539, 0.000000000000000000 ) ) ;
#36 = VECTOR ( 'NONE', #364, 999.9999999999998863 ) ;
#37 = DIRECTION ( 'NONE',  ( -0.7521899334783767044, 0.6589463589502526641, 0.000000000000000000 ) ) ;
#38 = ORIENTED_EDGE ( 'NONE', *, *, #2367, .F. ) ;
#39 = DIRECTION ( 'NONE',  ( 0.6589463589502513319, 0.7521899334783779256, -0.000000000000000000 ) ) ;
#40 = DIRECTION ( 'NONE',  ( -0.7521899334783777036, 0.6589463589502515539, 0.000000000000000000 ) ) ;
#41 = VERTEX_POINT ( 'NONE', #1192 ) ;
#42 = CARTESIAN_POINT ( 'NONE',  ( -32.99827102242675636, -28.25869971407871262, 102.1000000000040160 ) ) ;
#43 =( NAMED_UNIT ( * ) PLANE_ANGLE_UNIT ( ) SI_UNIT ( $, .RADIAN. ) );
#44 = LINE ( 'NONE', #2405, #1524 ) ;
#45 = CARTESIAN_POINT ( 'NONE',  ( -37.10671845047406237, -23.99482122953305563, 102.1000000000040160 ) ) ;
#46 = ORIENTED_EDGE ( 'NONE', *, *, #994, .T. ) ;
#47 = VECTOR ( 'NONE', #139, 1000.000000000000114 ) ;
#48 = CYLINDRICAL_SURFACE ( 'NONE', #1028, 3.500000000000002665 ) ;
#49 = VECTOR ( 'NONE', #1744, 1000.000000000000114 ) ;
#50 = DIRECTION ( 'NONE',  ( 0.6589463589502513319, 0.7521899334783779256, -0.000000000000000000 ) ) ;
#51 = ORIENTED_EDGE ( 'NONE', *, *, #1907, .T. ) ;
#52 = PRODUCT_DEFINITION ( 'UNKNOWN', '', #2178, #1529 ) ;
#53 = CARTESIAN_POINT ( 'NONE',  ( -33.49620676977786360, -27.15776375249425811, 102.1000000000040160 ) ) ;
#54 = DIRECTION ( 'NONE',  ( -0.7521899334783777036, 0.6589463589502515539, 0.000000000000000000 ) ) ;
#55 = ADVANCED_FACE ( 'NONE', ( #183 ), #168, .F. ) ;
#56 = ADVANCED_FACE ( 'NONE', ( #964 ), #771, .F. ) ;
#57 = DIRECTION ( 'NONE',  ( 0.6589463589502513319, 0.7521899334783779256, -0.000000000000000000 ) ) ;
#58 = ORIENTED_EDGE ( 'NONE', *, *, #999, .T. ) ;
#59 = DIRECTION ( 'NONE',  ( 0.000000000000000000, 0.000000000000000000, 1.000000000000000000 ) ) ;
#60 = FACE_OUTER_BOUND ( 'NONE', #563, .T. ) ;
#61 = ORIENTED_EDGE ( 'NONE', *, *, #1187, .F. ) ;
#62 = FACE_OUTER_BOUND ( 'NONE', #451, .T. ) ;
#63 = CIRCLE ( 'NONE', #230, 2.249999999999901856 ) ;
#64 = DIRECTION ( 'NONE',  ( -0.6589463589502515539, -0.7521899334783778146, 0.000000000000000000 ) ) ;
#65 = EDGE_CURVE ( 'NONE', #360, #2459, #1980, .T. ) ;
#66 = EDGE_CURVE ( 'NONE', #210, #1678, #1268, .T. ) ;
#67 = DIRECTION ( 'NONE',  ( -0.6589463589502513319, -0.7521899334783779256, -0.000000000000000000 ) ) ;
#68 = VERTEX_POINT ( 'NONE', #395 ) ;
#69 = FACE_BOUND ( 'NONE', #1896, .T. ) ;
#70 = EDGE_CURVE ( 'NONE', #2079, #2062, #1026, .T. ) ;
#71 = AXIS2_PLACEMENT_3D ( 'NONE', #1425, #833, #1619 ) ;
#72 = AXIS2_PLACEMENT_3D ( 'NONE', #334, #1704, #513 ) ;
#73 = AXIS2_PLACEMENT_3D ( 'NONE', #2307, #136, #1174 ) ;
#74 = DIRECTION ( 'NONE',  ( 0.7521899334783767044, -0.6589463589502526641, 0.000000000000000000 ) ) ;
#75 = ORIENTED_EDGE ( 'NONE', *, *, #1426, .T. ) ;
#76 = CARTESIAN_POINT ( 'NONE',  ( -22.51423374099355001, -36.77838059316793107, 102.1000000000040160 ) ) ;
#77 = STYLED_ITEM ( 'NONE', ( #650 ), #935 ) ;
#78 = EDGE_CURVE ( 'NONE', #2206, #414, #196, .T. ) ;
#79 = DIRECTION ( 'NONE',  ( 0.5603297705951461039, 0.8282696108060412232, 0.000000000000000000 ) ) ;
#80 = EDGE_LOOP ( 'NONE', ( #288, #279 ) ) ;
#81 = AXIS2_PLACEMENT_3D ( 'NONE', #1054, #501, #293 ) ;
#82 = DIRECTION ( 'NONE',  ( 0.6589463589502513319, 0.7521899334783779256, -0.000000000000000000 ) ) ;
#83 = DIRECTION ( 'NONE',  ( 0.7521899334783779256, -0.6589463589502513319, 0.000000000000000000 ) ) ;
#84 = ORIENTED_EDGE ( 'NONE', *, *, #452, .F. ) ;
#85 = DIRECTION ( 'NONE',  ( -0.6589463589502516649, -0.7521899334783777036, -0.000000000000000000 ) ) ;
#86 = CARTESIAN_POINT ( 'NONE',  ( -13.09816627898363706, -37.71522292295376388, 107.1000000000040302 ) ) ;
#87 = ORIENTED_EDGE ( 'NONE', *, *, #2547, .F. ) ;
#88 = FACE_OUTER_BOUND ( 'NONE', #2342, .T. ) ;
#89 = VECTOR ( 'NONE', #2151, 1000.000000000000000 ) ;
#90 = CARTESIAN_POINT ( 'NONE',  ( -13.18885459796893045, -28.32961641138027176, -0.5000000000000000000 ) ) ;
#91 = LINE ( 'NONE', #1280, #1658 ) ;
#92 = EDGE_CURVE ( 'NONE', #1257, #554, #31, .T. ) ;
#93 = EDGE_LOOP ( 'NONE', ( #284, #2232, #866, #1055 ) ) ;
#94 = LINE ( 'NONE', #1452, #1894 ) ;
#95 = CARTESIAN_POINT ( 'NONE',  ( -35.30146261012596653, -25.57629249101365332, 102.1000000000040160 ) ) ;
#96 = ORIENTED_EDGE ( 'NONE', *, *, #2266, .F. ) ;
#97 = DIRECTION ( 'NONE',  ( 0.6589463589502521090, 0.7521899334783773705, -8.492177858282334722E-17 ) ) ;
#98 = DIRECTION ( 'NONE',  ( 0.9982804517704849667, -0.05861859442972273959, -0.000000000000000000 ) ) ;
#99 = ORIENTED_EDGE ( 'NONE', *, *, #928, .T. ) ;
#100 = CARTESIAN_POINT ( 'NONE',  ( -25.77966889908024228, -6.663983152270392729, 102.0250000000013131 ) ) ;
#101 = LINE ( 'NONE', #2077, #2476 ) ;
#102 = EDGE_CURVE ( 'NONE', #1424, #1244, #1262, .T. ) ;
#103 = DIRECTION ( 'NONE',  ( -0.6589463589502516649, -0.7521899334783777036, -1.126196766778757667E-16 ) ) ;
#104 = ORIENTED_EDGE ( 'NONE', *, *, #2246, .F. ) ;
#105 = ORIENTED_EDGE ( 'NONE', *, *, #454, .F. ) ;
#106 = EDGE_CURVE ( 'NONE', #679, #766, #1449, .T. ) ;
#107 = AXIS2_PLACEMENT_3D ( 'NONE', #2424, #2436, #1441 ) ;
#108 = LINE ( 'NONE', #1862, #118 ) ;
#109 = CARTESIAN_POINT ( 'NONE',  ( -16.19115729683512583, -34.34092202299093799, 8.673617379884035472E-15 ) ) ;
#110 = EDGE_LOOP ( 'NONE', ( #1466, #832, #1993, #2295 ) ) ;
#111 = DIRECTION ( 'NONE',  ( 0.7521899334783779256, -0.6589463589502513319, 0.000000000000000000 ) ) ;
#112 = LINE ( 'NONE', #1301, #1783 ) ;
#113 = ORIENTED_EDGE ( 'NONE', *, *, #102, .F. ) ;
#114 = DIRECTION ( 'NONE',  ( -0.6589463589502516649, -0.7521899334783778146, 0.000000000000000000 ) ) ;
#115 = DIRECTION ( 'NONE',  ( -0.6589463589502519980, -0.7521899334783772595, 0.000000000000000000 ) ) ;
#116 = CARTESIAN_POINT ( 'NONE',  ( 21.51263209748212901, -18.84586586597753666, 131.8000000000035357 ) ) ;
#117 = EDGE_LOOP ( 'NONE', ( #634, #2164 ) ) ;
#118 = VECTOR ( 'NONE', #1310, 1000.000000000000000 ) ;
#119 = CYLINDRICAL_SURFACE ( 'NONE', #1939, 3.500000000000002665 ) ;
#120 = DIRECTION ( 'NONE',  ( -0.6589463589502516649, -0.7521899334783777036, -0.000000000000000000 ) ) ;
#121 = ORIENTED_EDGE ( 'NONE', *, *, #2430, .T. ) ;
#122 = CARTESIAN_POINT ( 'NONE',  ( -19.06161200326978289, -36.47937702095255474, 102.1000000000040160 ) ) ;
#123 = DIRECTION ( 'NONE',  ( 0.6589463589502513319, 0.7521899334783779256, -0.000000000000000000 ) ) ;
#124 = ORIENTED_EDGE ( 'NONE', *, *, #213, .F. ) ;
#125 = DIRECTION ( 'NONE',  ( 0.7521899334783778146, -0.6589463589502514429, 0.000000000000000000 ) ) ;
#126 = LINE ( 'NONE', #2471, #965 ) ;
#127 = DIRECTION ( 'NONE',  ( 0.6589463589502513319, 0.7521899334783778146, -0.000000000000000000 ) ) ;
#128 = VERTEX_POINT ( 'NONE', #658 ) ;
#129 = AXIS2_PLACEMENT_3D ( 'NONE', #699, #2485, #1124 ) ;
#130 = VECTOR ( 'NONE', #330, 999.9999999999998863 ) ;
#131 = DIRECTION ( 'NONE',  ( -0.6589463589502516649, -0.7521899334783778146, 0.000000000000000000 ) ) ;
#132 = DIRECTION ( 'NONE',  ( -0.6589463589502515539, -0.7521899334783778146, 0.000000000000000000 ) ) ;
#133 = ORIENTED_EDGE ( 'NONE', *, *, #1549, .T. ) ;
#134 = CARTESIAN_POINT ( 'NONE',  ( -19.06161200326978289, -36.47937702095255474, 102.1000000000040160 ) ) ;
#135 = EDGE_CURVE ( 'NONE', #1979, #810, #987, .T. ) ;
#136 = DIRECTION ( 'NONE',  ( -0.6589463589502514429, -0.7521899334783780366, 0.000000000000000000 ) ) ;
#137 = EDGE_LOOP ( 'NONE', ( #1864, #2343, #374, #2402, #603 ) ) ;
#138 = DIRECTION ( 'NONE',  ( -0.6589463589502516649, -0.7521899334783778146, 0.000000000000000000 ) ) ;
#139 = DIRECTION ( 'NONE',  ( -0.7521899334783778146, 0.6589463589502513319, 3.659613947242714494E-16 ) ) ;
#140 = PLANE ( 'NONE',  #212 ) ;
#141 = VERTEX_POINT ( 'NONE', #819 ) ;
#142 = VERTEX_POINT ( 'NONE', #2421 ) ;
#143 = LINE ( 'NONE', #1535, #490 ) ;
#144 = EDGE_CURVE ( 'NONE', #369, #789, #1058, .T. ) ;
#145 = DIRECTION ( 'NONE',  ( 0.000000000000000000, 0.000000000000000000, -1.000000000000000000 ) ) ;
#146 = ORIENTED_EDGE ( 'NONE', *, *, #1706, .T. ) ;
#147 = DIRECTION ( 'NONE',  ( -0.7521899334783777036, 0.6589463589502515539, 0.000000000000000000 ) ) ;
#148 = EDGE_CURVE ( 'NONE', #2524, #528, #739, .T. ) ;
#149 = CARTESIAN_POINT ( 'NONE',  ( -33.82567994925297938, -27.53385871923345363, 45.60000000000400888 ) ) ;
#150 = VERTEX_POINT ( 'NONE', #627 ) ;
#151 = FILL_AREA_STYLE_COLOUR ( '', #1642 ) ;
#152 = VECTOR ( 'NONE', #243, 1000.000000000000114 ) ;
#153 = CYLINDRICAL_SURFACE ( 'NONE', #2113, 1.500000000000001110 ) ;
#154 = ORIENTED_EDGE ( 'NONE', *, *, #2013, .T. ) ;
#155 = ORIENTED_EDGE ( 'NONE', *, *, #409, .T. ) ;
#156 = MECHANICAL_DESIGN_GEOMETRIC_PRESENTATION_REPRESENTATION (  '', ( #275 ), #2256 ) ;
#157 = CIRCLE ( 'NONE', #2259, 2.249999999999901856 ) ;
#158 = CARTESIAN_POINT ( 'NONE',  ( -26.34792693904613969, -16.80177959732239756, 135.7904184938348919 ) ) ;
#159 = CARTESIAN_POINT ( 'NONE',  ( -20.70897790064544353, -38.35985185464853231, 102.1000000000040160 ) ) ;
#160 = EDGE_LOOP ( 'NONE', ( #1032, #61 ) ) ;
#161 = CARTESIAN_POINT ( 'NONE',  ( 8.992651277427807344, -33.13747460206625561, 86.80000000000401883 ) ) ;
#162 = FACE_OUTER_BOUND ( 'NONE', #93, .T. ) ;
#163 = ORIENTED_EDGE ( 'NONE', *, *, #1369, .T. ) ;
#164 = DIRECTION ( 'NONE',  ( 0.6589463589502521090, 0.7521899334783773705, -8.492177858282334722E-17 ) ) ;
#165 = DIRECTION ( 'NONE',  ( 0.6589463589502513319, 0.7521899334783779256, -0.000000000000000000 ) ) ;
#166 = CYLINDRICAL_SURFACE ( 'NONE', #1076, 4.950000000000000178 ) ;
#167 = VERTEX_POINT ( 'NONE', #233 ) ;
#168 = PLANE ( 'NONE',  #321 ) ;
#169 = EDGE_CURVE ( 'NONE', #382, #1924, #33, .T. ) ;
#170 = EDGE_CURVE ( 'NONE', #789, #369, #1475, .T. ) ;
#171 = AXIS2_PLACEMENT_3D ( 'NONE', #576, #1384, #960 ) ;
#172 = SURFACE_STYLE_USAGE ( .BOTH. , #372 ) ;
#173 = AXIS2_PLACEMENT_3D ( 'NONE', #539, #131, #1946 ) ;
#174 = DIRECTION ( 'NONE',  ( -0.000000000000000000, -0.000000000000000000, -1.000000000000000000 ) ) ;
#175 = EDGE_LOOP ( 'NONE', ( #1589, #1812, #1328, #2066 ) ) ;
#176 = LINE ( 'NONE', #1173, #1778 ) ;
#177 = DIRECTION ( 'NONE',  ( 0.7521899334783772595, -0.6589463589502518870, 0.000000000000000000 ) ) ;
#178 = EDGE_LOOP ( 'NONE', ( #1363, #598, #1612, #2380, #968, #1593, #1382, #1462 ) ) ;
#179 = LINE ( 'NONE', #1777, #36 ) ;
#180 = CARTESIAN_POINT ( 'NONE',  ( -8.199569705453152224, -26.05315828544713241, 102.0250000000013131 ) ) ;
#181 = PLANE ( 'NONE',  #425 ) ;
#182 = ORIENTED_EDGE ( 'NONE', *, *, #452, .T. ) ;
#183 = FACE_OUTER_BOUND ( 'NONE', #2250, .T. ) ;
#184 = EDGE_CURVE ( 'NONE', #1585, #1244, #1036, .T. ) ;
#185 = EDGE_CURVE ( 'NONE', #2304, #2358, #1821, .T. ) ;
#186 = ORIENTED_EDGE ( 'NONE', *, *, #32, .F. ) ;
#187 = DIRECTION ( 'NONE',  ( 0.6589463589502515539, 0.7521899334783777036, 1.285558163545196833E-16 ) ) ;
#188 = AXIS2_PLACEMENT_3D ( 'NONE', #814, #1624, #1430 ) ;
#189 = DIRECTION ( 'NONE',  ( 0.7521899334783777036, -0.6589463589502515539, 0.000000000000000000 ) ) ;
#190 = EDGE_LOOP ( 'NONE', ( #1846, #1272 ) ) ;
#191 = PRESENTATION_LAYER_ASSIGNMENT (  '', '', ( #2038 ) ) ;
#192 = CARTESIAN_POINT ( 'NONE',  ( 0.000000000000000000, 0.000000000000000000, -10.00000000000000000 ) ) ;
#193 = DIRECTION ( 'NONE',  ( -0.6589463589502514429, -0.7521899334783780366, 0.000000000000000000 ) ) ;
#194 = DIRECTION ( 'NONE',  ( -0.6589463589502515539, -0.7521899334783778146, 0.000000000000000000 ) ) ;
#195 = VERTEX_POINT ( 'NONE', #53 ) ;
#196 = LINE ( 'NONE', #1782, #1103 ) ;
#197 = AXIS2_PLACEMENT_3D ( 'NONE', #1527, #138, #2255 ) ;
#198 = CIRCLE ( 'NONE', #1476, 2.250000000000002220 ) ;
#199 = ORIENTED_EDGE ( 'NONE', *, *, #2367, .T. ) ;
#200 = CARTESIAN_POINT ( 'NONE',  ( -35.63093578960108232, -25.95238745775282752, 102.1000000000040160 ) ) ;
#201 = VECTOR ( 'NONE', #315, 1000.000000000000000 ) ;
#202 = DIRECTION ( 'NONE',  ( 0.7521899334783777036, -0.6589463589502515539, 0.000000000000000000 ) ) ;
#203 = ORIENTED_EDGE ( 'NONE', *, *, #1891, .F. ) ;
#204 = DIRECTION ( 'NONE',  ( -0.6589463589502512209, -0.7521899334783779256, 0.000000000000000000 ) ) ;
#205 = CIRCLE ( 'NONE', #81, 2.399999999999998579 ) ;
#206 = FACE_OUTER_BOUND ( 'NONE', #2220, .T. ) ;
#207 = ORIENTED_EDGE ( 'NONE', *, *, #437, .F. ) ;
#208 = CARTESIAN_POINT ( 'NONE',  ( -35.63093578960108232, -25.95238745775282752, 102.1000000000040160 ) ) ;
#209 = EDGE_CURVE ( 'NONE', #215, #662, #406, .T. ) ;
#210 = VERTEX_POINT ( 'NONE', #1802 ) ;
#211 = CYLINDRICAL_SURFACE ( 'NONE', #1688, 2.249999999999997335 ) ;
#212 = AXIS2_PLACEMENT_3D ( 'NONE', #671, #1860, #2244 ) ;
#213 = EDGE_CURVE ( 'NONE', #605, #789, #2202, .T. ) ;
#214 = CARTESIAN_POINT ( 'NONE',  ( -37.98629107123696969, 0.04111752901792822823, 86.80000000000401883 ) ) ;
#215 = VERTEX_POINT ( 'NONE', #265 ) ;
#216 = CARTESIAN_POINT ( 'NONE',  ( -21.03845108012054510, -38.73594682138770651, 45.60000000000400888 ) ) ;
#217 = ADVANCED_FACE ( 'NONE', ( #648 ), #1024, .F. ) ;
#218 = DIRECTION ( 'NONE',  ( -0.6589463589502512209, -0.7521899334783779256, 0.000000000000000000 ) ) ;
#219 = ORIENTED_EDGE ( 'NONE', *, *, #1239, .F. ) ;
#220 = DIRECTION ( 'NONE',  ( -0.6589463589502515539, -0.7521899334783778146, 0.000000000000000000 ) ) ;
#221 = AXIS2_PLACEMENT_3D ( 'NONE', #1091, #470, #1882 ) ;
#222 = DIRECTION ( 'NONE',  ( 0.6589463589502521090, 0.7521899334783773705, -8.492177858282334722E-17 ) ) ;
#223 = ORIENTED_EDGE ( 'NONE', *, *, #1130, .F. ) ;
#224 = DIRECTION ( 'NONE',  ( 0.7521899334783777036, -0.6589463589502515539, 0.000000000000000000 ) ) ;
#225 = ADVANCED_FACE ( 'NONE', ( #1813 ), #862, .F. ) ;
#226 = DIRECTION ( 'NONE',  ( -0.7521899334783778146, 0.6589463589502515539, 0.000000000000000000 ) ) ;
#227 = VERTEX_POINT ( 'NONE', #638 ) ;
#228 = FACE_BOUND ( 'NONE', #1883, .T. ) ;
#229 = ADVANCED_FACE ( 'NONE', ( #2210, #62 ), #1629, .T. ) ;
#230 = AXIS2_PLACEMENT_3D ( 'NONE', #2249, #2070, #302 ) ;
#231 = CARTESIAN_POINT ( 'NONE',  ( -15.15576625585573822, -17.30036847000264544, -0.5000000000000000000 ) ) ;
#232 = ORIENTED_EDGE ( 'NONE', *, *, #345, .T. ) ;
#233 = CARTESIAN_POINT ( 'NONE',  ( -20.18989690348736232, -35.49095748252718607, 102.1000000000040160 ) ) ;
#234 = APPLICATION_PROTOCOL_DEFINITION ( 'draft international standard', 'automotive_design', 1998, #830 ) ;
#235 = AXIS2_PLACEMENT_3D ( 'NONE', #2284, #530, #696 ) ;
#236 = FACE_OUTER_BOUND ( 'NONE', #1958, .T. ) ;
#237 = CARTESIAN_POINT ( 'NONE',  ( -35.30146261012595943, -25.57629249101366042, 45.60000000000400888 ) ) ;
#238 = VERTEX_POINT ( 'NONE', #2023 ) ;
#239 = AXIS2_PLACEMENT_3D ( 'NONE', #1621, #1231, #224 ) ;
#240 = FACE_BOUND ( 'NONE', #1533, .T. ) ;
#241 = CARTESIAN_POINT ( 'NONE',  ( -28.78842863295416521, -4.028197716504065440, 102.0250000000013131 ) ) ;
#242 = ORIENTED_EDGE ( 'NONE', *, *, #2361, .T. ) ;
#243 = DIRECTION ( 'NONE',  ( 0.5305029872715218975, 0.4716566110420690738, -0.7043483667591641240 ) ) ;
#244 = ADVANCED_FACE ( 'NONE', ( #1651 ), #2431, .F. ) ;
#245 = ADVANCED_FACE ( 'NONE', ( #2089 ), #1471, .F. ) ;
#246 = DIRECTION ( 'NONE',  ( 0.7521899334783779256, -0.6589463589502513319, 0.000000000000000000 ) ) ;
#247 = VERTEX_POINT ( 'NONE', #1278 ) ;
#248 = CARTESIAN_POINT ( 'NONE',  ( -35.30146261012595943, -25.57629249101366042, 45.60000000000400888 ) ) ;
#249 = AXIS2_PLACEMENT_3D ( 'NONE', #2126, #1346, #1096 ) ;
#250 = FACE_OUTER_BOUND ( 'NONE', #743, .T. ) ;
#251 = ORIENTED_EDGE ( 'NONE', *, *, #479, .F. ) ;
#252 = DIRECTION ( 'NONE',  ( 0.7521899334783777036, -0.6589463589502515539, 0.000000000000000000 ) ) ;
#253 = ADVANCED_FACE ( 'NONE', ( #1304 ), #337, .F. ) ;
#254 = PRODUCT_CONTEXT ( 'NONE', #830, 'mechanical' ) ;
#255 = AXIS2_PLACEMENT_3D ( 'NONE', #2409, #2391, #450 ) ;
#256 = AXIS2_PLACEMENT_3D ( 'NONE', #2105, #765, #189 ) ;
#257 = ADVANCED_FACE ( 'NONE', ( #2483, #295 ), #2046, .T. ) ;
#258 = EDGE_CURVE ( 'NONE', #34, #1698, #575, .T. ) ;
#259 = CARTESIAN_POINT ( 'NONE',  ( -27.75650797593099739, -8.920552952705525840, 102.0250000000013131 ) ) ;
#260 = CARTESIAN_POINT ( 'NONE',  ( 0.000000000000000000, 0.000000000000000000, -0.5000000000000000000 ) ) ;
#261 = ORIENTED_EDGE ( 'NONE', *, *, #1134, .F. ) ;
#262 = CARTESIAN_POINT ( 'NONE',  ( -1.440956863104896790, 11.62962746654849866, 107.1000000000040302 ) ) ;
#263 = CARTESIAN_POINT ( 'NONE',  ( -35.95343399090725001, -17.69315832025297652, -10.00000000000000000 ) ) ;
#264 = ORIENTED_EDGE ( 'NONE', *, *, #640, .T. ) ;
#265 = CARTESIAN_POINT ( 'NONE',  ( -32.52581181253275133, -24.68423719574307640, 45.60000000000400888 ) ) ;
#266 = AXIS2_PLACEMENT_3D ( 'NONE', #1550, #1311, #1992 ) ;
#267 = SHAPE_DEFINITION_REPRESENTATION ( #1630, #566 ) ;
#268 = ORIENTED_EDGE ( 'NONE', *, *, #1566, .F. ) ;
#269 = CIRCLE ( 'NONE', #1429, 1.500000000000001110 ) ;
#270 = CARTESIAN_POINT ( 'NONE',  ( -35.30146261012595943, -25.57629249101365687, 102.1000000000040160 ) ) ;
#271 = AXIS2_PLACEMENT_3D ( 'NONE', #2269, #1709, #740 ) ;
#272 = CARTESIAN_POINT ( 'NONE',  ( -34.17317770990840131, -26.56471202943903265, 102.1000000000040160 ) ) ;
#273 = EDGE_LOOP ( 'NONE', ( #2333, #1936, #1351, #317 ) ) ;
#274 = FACE_OUTER_BOUND ( 'NONE', #273, .T. ) ;
#275 = STYLED_ITEM ( 'NONE', ( #7 ), #466 ) ;
#276 = EDGE_CURVE ( 'NONE', #798, #2529, #489, .T. ) ;
#277 = AXIS2_PLACEMENT_3D ( 'NONE', #192, #781, #391 ) ;
#278 = DIRECTION ( 'NONE',  ( -0.7521899334783778146, 0.6589463589502513319, 0.000000000000000000 ) ) ;
#279 = ORIENTED_EDGE ( 'NONE', *, *, #345, .F. ) ;
#280 = DIRECTION ( 'NONE',  ( -0.6589463589502515539, -0.7521899334783778146, 0.000000000000000000 ) ) ;
#281 = AXIS2_PLACEMENT_3D ( 'NONE', #2248, #2082, #1255 ) ;
#282 = DIRECTION ( 'NONE',  ( -0.6589463589502515539, -0.7521899334783778146, 0.000000000000000000 ) ) ;
#283 = CYLINDRICAL_SURFACE ( 'NONE', #2231, 2.250000000000001776 ) ;
#284 = ORIENTED_EDGE ( 'NONE', *, *, #2090, .F. ) ;
#285 = EDGE_CURVE ( 'NONE', #1646, #2533, #2470, .T. ) ;
#286 = DIRECTION ( 'NONE',  ( -0.6589463589502516649, -0.7521899334783778146, 0.000000000000000000 ) ) ;
#287 = CARTESIAN_POINT ( 'NONE',  ( 3.254862533185151285, -32.09931260775012163, 96.95000000000401030 ) ) ;
#288 = ORIENTED_EDGE ( 'NONE', *, *, #1671, .F. ) ;
#289 = DIRECTION ( 'NONE',  ( -0.6589463589502516649, -0.7521899334783778146, 0.000000000000000000 ) ) ;
#290 = ADVANCED_FACE ( 'NONE', ( #1513 ), #1068, .T. ) ;
#291 = STYLED_ITEM ( 'NONE', ( #368 ), #1608 ) ;
#292 = EDGE_CURVE ( 'NONE', #2111, #2416, #887, .T. ) ;
#293 = DIRECTION ( 'NONE',  ( 0.7521899334783779256, -0.6589463589502513319, 0.000000000000000000 ) ) ;
#294 = ORIENTED_EDGE ( 'NONE', *, *, #1097, .F. ) ;
#295 = FACE_OUTER_BOUND ( 'NONE', #1140, .T. ) ;
#296 = STYLED_ITEM ( 'NONE', ( #966 ), #1127 ) ;
#297 = DIRECTION ( 'NONE',  ( -0.7521899334783775926, 0.6589463589502514429, 0.000000000000000000 ) ) ;
#298 = FACE_OUTER_BOUND ( 'NONE', #1804, .T. ) ;
#299 = ORIENTED_EDGE ( 'NONE', *, *, #495, .T. ) ;
#300 = CARTESIAN_POINT ( 'NONE',  ( 0.000000000000000000, 0.000000000000000000, -10.00000000000000000 ) ) ;
#301 = AXIS2_PLACEMENT_3D ( 'NONE', #1350, #925, #1923 ) ;
#302 = DIRECTION ( 'NONE',  ( 0.7521899334783777036, -0.6589463589502514429, 0.000000000000000000 ) ) ;
#303 = ORIENTED_EDGE ( 'NONE', *, *, #1081, .T. ) ;
#304 = CARTESIAN_POINT ( 'NONE',  ( 3.539274259709551895, -28.36011349967694173, 96.95000000000401030 ) ) ;
#305 = CARTESIAN_POINT ( 'NONE',  ( 1.278023456334396624, -34.35588240818525207, 96.95000000000401030 ) ) ;
#306 = ORIENTED_EDGE ( 'NONE', *, *, #1130, .T. ) ;
#307 = EDGE_CURVE ( 'NONE', #1505, #2357, #1844, .T. ) ;
#308 = DIRECTION ( 'NONE',  ( -0.6589463589502516649, -0.7521899334783778146, -1.126196766778757913E-16 ) ) ;
#309 = DIRECTION ( 'NONE',  ( 0.6589463589502513319, 0.7521899334783779256, -0.000000000000000000 ) ) ;
#310 = DIRECTION ( 'NONE',  ( -0.9982804517704849667, 0.05861859442972273959, 2.903562596947493179E-16 ) ) ;
#311 = ORIENTED_EDGE ( 'NONE', *, *, #2361, .F. ) ;
#312 = ORIENTED_EDGE ( 'NONE', *, *, #531, .T. ) ;
#313 = AXIS2_PLACEMENT_3D ( 'NONE', #1298, #1645, #1895 ) ;
#314 = AXIS2_PLACEMENT_3D ( 'NONE', #1745, #1145, #720 ) ;
#315 = DIRECTION ( 'NONE',  ( -0.6589463589502515539, -0.7521899334783775926, -0.000000000000000000 ) ) ;
#316 = CARTESIAN_POINT ( 'NONE',  ( -19.06161200326977934, -36.47937702095256185, 45.60000000000400888 ) ) ;
#317 = ORIENTED_EDGE ( 'NONE', *, *, #723, .F. ) ;
#318 = PLANE ( 'NONE',  #2461 ) ;
#319 = DIRECTION ( 'NONE',  ( 0.7521899334783772595, -0.6589463589502519980, 0.000000000000000000 ) ) ;
#320 = ORIENTED_EDGE ( 'NONE', *, *, #1018, .T. ) ;
#321 = AXIS2_PLACEMENT_3D ( 'NONE', #592, #1991, #1756 ) ;
#322 = CARTESIAN_POINT ( 'NONE',  ( -21.03845108012054510, -38.73594682138770651, 45.60000000000400888 ) ) ;
#323 = VECTOR ( 'NONE', #986, 1000.000000000000000 ) ;
#324 = LINE ( 'NONE', #1112, #628 ) ;
#325 = CARTESIAN_POINT ( 'NONE',  ( -12.80859657141138008, -37.96889675714703571, 0.000000000000000000 ) ) ;
#326 = VERTEX_POINT ( 'NONE', #711 ) ;
#327 = VERTEX_POINT ( 'NONE', #503 ) ;
#328 = AXIS2_PLACEMENT_3D ( 'NONE', #23, #1030, #620 ) ;
#329 = ADVANCED_FACE ( 'NONE', ( #88 ), #1501, .F. ) ;
#330 = DIRECTION ( 'NONE',  ( 0.6589463589502515539, 0.7521899334783778146, -0.000000000000000000 ) ) ;
#331 = AXIS2_PLACEMENT_3D ( 'NONE', #305, #1841, #1855 ) ;
#332 = CARTESIAN_POINT ( 'NONE',  ( 11.11763791002943336, -26.53846469062767710, 96.95000000000401030 ) ) ;
#333 = ORIENTED_EDGE ( 'NONE', *, *, #723, .T. ) ;
#334 = CARTESIAN_POINT ( 'NONE',  ( -5.190809971579446014, -28.68894372121326697, 102.0250000000013131 ) ) ;
#335 = CARTESIAN_POINT ( 'NONE',  ( -16.19115729683512583, -34.34092202299093799, 15.80000000000000782 ) ) ;
#336 = ORIENTED_EDGE ( 'NONE', *, *, #509, .T. ) ;
#337 = PLANE ( 'NONE',  #271 ) ;
#338 = CARTESIAN_POINT ( 'NONE',  ( -34.03261291753548079, 4.554257129888189759, 86.80000000000401883 ) ) ;
#339 = CARTESIAN_POINT ( 'NONE',  ( -21.30174822288866920, 1.862123380128187122, 102.0250000000013131 ) ) ;
#340 = ORIENTED_EDGE ( 'NONE', *, *, #1480, .F. ) ;
#341 = ORIENTED_EDGE ( 'NONE', *, *, #1389, .T. ) ;
#342 = VECTOR ( 'NONE', #2368, 999.9999999999998863 ) ;
#343 = EDGE_CURVE ( 'NONE', #1057, #195, #787, .T. ) ;
#344 = LINE ( 'NONE', #1933, #1483 ) ;
#345 = EDGE_CURVE ( 'NONE', #766, #1172, #1776, .T. ) ;
#346 = FACE_OUTER_BOUND ( 'NONE', #748, .T. ) ;
#347 = EDGE_LOOP ( 'NONE', ( #439, #29 ) ) ;
#348 = LINE ( 'NONE', #386, #1736 ) ;
#349 = VECTOR ( 'NONE', #1010, 999.9999999999998863 ) ;
#350 = DIRECTION ( 'NONE',  ( 0.6589463589502521090, 0.7521899334783773705, -8.492177858282334722E-17 ) ) ;
#351 = ORIENTED_EDGE ( 'NONE', *, *, #2131, .T. ) ;
#352 = DIRECTION ( 'NONE',  ( -0.000000000000000000, -0.000000000000000000, -1.000000000000000000 ) ) ;
#353 = CARTESIAN_POINT ( 'NONE',  ( -24.08724154875390511, -8.146612459908466164, 102.0250000000013131 ) ) ;
#354 = FILL_AREA_STYLE ('',( #562 ) ) ;
#355 = ORIENTED_EDGE ( 'NONE', *, *, #807, .T. ) ;
#356 = ORIENTED_EDGE ( 'NONE', *, *, #24, .T. ) ;
#357 = LINE ( 'NONE', #1715, #1703 ) ;
#358 = AXIS2_PLACEMENT_3D ( 'NONE', #455, #1453, #467 ) ;
#359 = DIRECTION ( 'NONE',  ( 0.6589463589502515539, 0.7521899334783778146, -0.000000000000000000 ) ) ;
#360 = VERTEX_POINT ( 'NONE', #1122 ) ;
#361 = CARTESIAN_POINT ( 'NONE',  ( -9.235884300288763171, -22.48640524930007345, -0.5000000000000000000 ) ) ;
#362 = CARTESIAN_POINT ( 'NONE',  ( -30.27166325014356829, 1.259525335136949531, 96.95000000000402451 ) ) ;
#363 = ORIENTED_EDGE ( 'NONE', *, *, #1369, .F. ) ;
#364 = DIRECTION ( 'NONE',  ( 0.6589463589502515539, 0.7521899334783778146, -0.000000000000000000 ) ) ;
#365 = EDGE_CURVE ( 'NONE', #1714, #1983, #854, .T. ) ;
#366 = AXIS2_PLACEMENT_3D ( 'NONE', #440, #1012, #1834 ) ;
#367 = CARTESIAN_POINT ( 'NONE',  ( -31.91192690653321762, -20.56894312093068322, 15.80000000000000782 ) ) ;
#368 = PRESENTATION_STYLE_ASSIGNMENT (( #1342 ) ) ;
#369 = VERTEX_POINT ( 'NONE', #901 ) ;
#370 = DIRECTION ( 'NONE',  ( -0.7521899334783775926, 0.6589463589502514429, 0.000000000000000000 ) ) ;
#371 = AXIS2_PLACEMENT_3D ( 'NONE', #635, #59, #1808 ) ;
#372 = SURFACE_SIDE_STYLE ('',( #552 ) ) ;
#373 = CARTESIAN_POINT ( 'NONE',  ( 0.000000000000000000, 0.000000000000000000, -0.5000000000000000000 ) ) ;
#374 = ORIENTED_EDGE ( 'NONE', *, *, #1214, .T. ) ;
#375 = DIRECTION ( 'NONE',  ( 0.6589463589502514429, 0.7521899334783778146, 0.000000000000000000 ) ) ;
#376 = DIRECTION ( 'NONE',  ( 0.6589463589502513319, 0.7521899334783779256, -0.000000000000000000 ) ) ;
#377 = EDGE_LOOP ( 'NONE', ( #1482, #242, #972, #1887 ) ) ;
#378 = ADVANCED_FACE ( 'NONE', ( #876 ), #2496, .F. ) ;
#379 = ADVANCED_FACE ( 'NONE', ( #2441 ), #1340, .F. ) ;
#380 = LINE ( 'NONE', #180, #2360 ) ;
#381 = ORIENTED_EDGE ( 'NONE', *, *, #441, .T. ) ;
#382 = VERTEX_POINT ( 'NONE', #17 ) ;
#383 = AXIS2_PLACEMENT_3D ( 'NONE', #1153, #165, #2527 ) ;
#384 = AXIS2_PLACEMENT_3D ( 'NONE', #475, #1264, #2432 ) ;
#385 = VERTEX_POINT ( 'NONE', #958 ) ;
#386 = CARTESIAN_POINT ( 'NONE',  ( -34.03261291753546658, 4.554257129888198641, 107.1000000000040160 ) ) ;
#387 = AXIS2_PLACEMENT_3D ( 'NONE', #784, #1372, #2163 ) ;
#388 = CARTESIAN_POINT ( 'NONE',  ( -37.43619162994919947, -24.37091619627224404, 45.60000000000400888 ) ) ;
#389 = EDGE_LOOP ( 'NONE', ( #1986, #1874 ) ) ;
#390 = VECTOR ( 'NONE', #1120, 1000.000000000000000 ) ;
#391 = DIRECTION ( 'NONE',  ( -1.000000000000000000, 0.000000000000000000, 0.000000000000000000 ) ) ;
#392 = CARTESIAN_POINT ( 'NONE',  ( -21.03845108012054510, -38.73594682138770651, 45.60000000000400888 ) ) ;
#393 = CARTESIAN_POINT ( 'NONE',  ( -34.17317770990839421, -26.56471202943903975, 45.60000000000400888 ) ) ;
#394 = VERTEX_POINT ( 'NONE', #973 ) ;
#395 = CARTESIAN_POINT ( 'NONE',  ( -13.18885459796893045, -28.32961641138027176, 79.80000000000403304 ) ) ;
#396 = EDGE_LOOP ( 'NONE', ( #51, #896 ) ) ;
#397 = APPLICATION_CONTEXT ( 'automotive_design' ) ;
#398 = CARTESIAN_POINT ( 'NONE',  ( -4.950000000000000178, 0.000000000000000000, 5.000000000000000000 ) ) ;
#399 = AXIS2_PLACEMENT_3D ( 'NONE', #1381, #641, #25 ) ;
#400 = CARTESIAN_POINT ( 'NONE',  ( -34.21823916285909917, -23.20160788810500918, 15.80000000000000782 ) ) ;
#401 = ORIENTED_EDGE ( 'NONE', *, *, #568, .T. ) ;
#402 = DIRECTION ( 'NONE',  ( 0.7521899334783775926, -0.6589463589502517760, 0.000000000000000000 ) ) ;
#403 = DIRECTION ( 'NONE',  ( -0.6589463589502513319, -0.7521899334783779256, -0.000000000000000000 ) ) ;
#404 = EDGE_LOOP ( 'NONE', ( #1661, #1185 ) ) ;
#405 = CARTESIAN_POINT ( 'NONE',  ( -35.63093578960107521, -25.95238745775283107, 45.60000000000400888 ) ) ;
#406 = CIRCLE ( 'NONE', #2344, 1.500000000000001110 ) ;
#407 = EDGE_CURVE ( 'NONE', #715, #904, #1739, .T. ) ;
#408 = VECTOR ( 'NONE', #204, 1000.000000000000000 ) ;
#409 = EDGE_CURVE ( 'NONE', #1953, #2268, #1353, .T. ) ;
#410 = ORIENTED_EDGE ( 'NONE', *, *, #2116, .T. ) ;
#411 = DIRECTION ( 'NONE',  ( -0.7521899334783778146, 0.6589463589502513319, 0.000000000000000000 ) ) ;
#412 = CIRCLE ( 'NONE', #2222, 2.399999999999995914 ) ;
#413 = DIRECTION ( 'NONE',  ( -0.4659454388519104762, -0.5318786027028220564, -0.7071067811865434649 ) ) ;
#414 = VERTEX_POINT ( 'NONE', #1764 ) ;
#415 = DIRECTION ( 'NONE',  ( -0.6589463589502516649, -0.7521899334783778146, 0.000000000000000000 ) ) ;
#416 = AXIS2_PLACEMENT_3D ( 'NONE', #1617, #2208, #438 ) ;
#417 = DIRECTION ( 'NONE',  ( 0.6589463589502513319, 0.7521899334783778146, -0.000000000000000000 ) ) ;
#418 = EDGE_LOOP ( 'NONE', ( #2181, #2392 ) ) ;
#419 = ORIENTED_EDGE ( 'NONE', *, *, #1415, .F. ) ;
#420 = DIRECTION ( 'NONE',  ( 0.7521899334783778146, -0.6589463589502514429, 0.000000000000000000 ) ) ;
#421 = EDGE_CURVE ( 'NONE', #2533, #798, #2510, .T. ) ;
#422 = EDGE_CURVE ( 'NONE', #2201, #1698, #179, .T. ) ;
#423 = ORIENTED_EDGE ( 'NONE', *, *, #1354, .T. ) ;
#424 = DIRECTION ( 'NONE',  ( -0.6589463589502515539, -0.7521899334783778146, 0.000000000000000000 ) ) ;
#425 = AXIS2_PLACEMENT_3D ( 'NONE', #1558, #1358, #548 ) ;
#426 = CARTESIAN_POINT ( 'NONE',  ( -30.76526770980492387, -6.284767516939200327, 102.0250000000013131 ) ) ;
#427 = ORIENTED_EDGE ( 'NONE', *, *, #106, .F. ) ;
#428 = DIRECTION ( 'NONE',  ( 0.4659454388519049806, 0.5318786027028159502, -0.7071067811865516806 ) ) ;
#429 = DIRECTION ( 'NONE',  ( 0.7521899334783767044, -0.6589463589502526641, 0.000000000000000000 ) ) ;
#430 = EDGE_LOOP ( 'NONE', ( #1390, #612, #1454, #1797, #2041 ) ) ;
#431 = DIRECTION ( 'NONE',  ( -0.6589463589502515539, -0.7521899334783775926, -0.000000000000000000 ) ) ;
#432 = CARTESIAN_POINT ( 'NONE',  ( -23.05319514429439920, -13.04082992992995571, 107.1000000000040302 ) ) ;
#433 = ORIENTED_EDGE ( 'NONE', *, *, #135, .T. ) ;
#434 = PLANE ( 'NONE',  #1522 ) ;
#435 = CIRCLE ( 'NONE', #1724, 2.249999999999997780 ) ;
#436 = VECTOR ( 'NONE', #1117, 1000.000000000000114 ) ;
#437 = EDGE_CURVE ( 'NONE', #26, #2229, #1176, .T. ) ;
#438 = DIRECTION ( 'NONE',  ( -0.7521899334783773705, 0.6589463589502519980, 0.000000000000000000 ) ) ;
#439 = ORIENTED_EDGE ( 'NONE', *, *, #1826, .T. ) ;
#440 = CARTESIAN_POINT ( 'NONE',  ( -21.03845108012056997, -38.73594682138772072, 102.1000000000040160 ) ) ;
#441 = EDGE_CURVE ( 'NONE', #824, #932, #2218, .T. ) ;
#442 = CIRCLE ( 'NONE', #2254, 3.500000000000000000 ) ;
#443 = FACE_OUTER_BOUND ( 'NONE', #519, .T. ) ;
#444 = AXIS2_PLACEMENT_3D ( 'NONE', #1190, #1582, #943 ) ;
#445 = LINE ( 'NONE', #1614, #1388 ) ;
#446 = ORIENTED_EDGE ( 'NONE', *, *, #509, .F. ) ;
#447 = AXIS2_PLACEMENT_3D ( 'NONE', #2036, #2234, #2423 ) ;
#448 = CARTESIAN_POINT ( 'NONE',  ( -36.28676147992462830, -21.38950540099180486, 45.60000000000400888 ) ) ;
#449 = EDGE_CURVE ( 'NONE', #2148, #1248, #1890, .T. ) ;
#450 = DIRECTION ( 'NONE',  ( 0.7521899334783779256, -0.6589463589502513319, 0.000000000000000000 ) ) ;
#451 = EDGE_LOOP ( 'NONE', ( #410, #2502 ) ) ;
#452 = EDGE_CURVE ( 'NONE', #1714, #886, #2351, .T. ) ;
#453 = DIRECTION ( 'NONE',  ( 0.7521899334783779256, -0.6589463589502513319, 0.000000000000000000 ) ) ;
#454 = EDGE_CURVE ( 'NONE', #2031, #16, #198, .T. ) ;
#455 = CARTESIAN_POINT ( 'NONE',  ( -25.77966889908025649, -6.663983152270399835, 102.0250000000013131 ) ) ;
#456 = ORIENTED_EDGE ( 'NONE', *, *, #905, .T. ) ;
#457 = VECTOR ( 'NONE', #2065, 999.9999999999998863 ) ;
#458 = CYLINDRICAL_SURFACE ( 'NONE', #651, 3.500000000000000000 ) ;
#459 = VECTOR ( 'NONE', #1460, 1000.000000000000114 ) ;
#460 = LINE ( 'NONE', #231, #803 ) ;
#461 = ORIENTED_EDGE ( 'NONE', *, *, #1253, .F. ) ;
#462 = CARTESIAN_POINT ( 'NONE',  ( -23.97779250768669712, -14.69455381267859195, 3.353174523457933542 ) ) ;
#463 = ORIENTED_EDGE ( 'NONE', *, *, #421, .F. ) ;
#464 = VECTOR ( 'NONE', #417, 1000.000000000000114 ) ;
#465 = DIRECTION ( 'NONE',  ( -0.6589463589502514429, -0.7521899334783778146, -0.000000000000000000 ) ) ;
#466 = ADVANCED_FACE ( 'NONE', ( #1383 ), #1329, .T. ) ;
#467 = DIRECTION ( 'NONE',  ( 0.7521899334783777036, -0.6589463589502514429, 0.000000000000000000 ) ) ;
#468 = ORIENTED_EDGE ( 'NONE', *, *, #686, .F. ) ;
#469 = CARTESIAN_POINT ( 'NONE',  ( -22.51423374099355001, -36.77838059316793107, 102.1000000000040160 ) ) ;
#470 = DIRECTION ( 'NONE',  ( -0.6589463589502515539, -0.7521899334783778146, 0.000000000000000000 ) ) ;
#471 = ORIENTED_EDGE ( 'NONE', *, *, #2353, .F. ) ;
#472 = DIRECTION ( 'NONE',  ( 0.7521899334783772595, -0.6589463589502519980, 0.000000000000000000 ) ) ;
#473 = VECTOR ( 'NONE', #804, 1000.000000000000000 ) ;
#474 = ADVANCED_FACE ( 'NONE', ( #1954 ), #1152, .F. ) ;
#475 = CARTESIAN_POINT ( 'NONE',  ( -21.51263209748066174, 18.84586586597736968, 131.8000000000040188 ) ) ;
#476 = CARTESIAN_POINT ( 'NONE',  ( -26.34792693904613969, -16.80177959732239756, 6.499999999999977796 ) ) ;
#477 = VERTEX_POINT ( 'NONE', #2161 ) ;
#478 = DIRECTION ( 'NONE',  ( 1.000000000000000000, 0.000000000000000000, -0.000000000000000000 ) ) ;
#479 = EDGE_CURVE ( 'NONE', #238, #1079, #1934, .T. ) ;
#480 = EDGE_CURVE ( 'NONE', #1983, #41, #1648, .T. ) ;
#481 = VECTOR ( 'NONE', #2230, 1000.000000000000000 ) ;
#482 = CARTESIAN_POINT ( 'NONE',  ( -23.05319514429439565, -13.04082992992995926, 86.80000000000401883 ) ) ;
#483 = ORIENTED_EDGE ( 'NONE', *, *, #1528, .T. ) ;
#484 = DIRECTION ( 'NONE',  ( 0.6589463589502513319, 0.7521899334783778146, -0.000000000000000000 ) ) ;
#485 = AXIS2_PLACEMENT_3D ( 'NONE', #2539, #588, #1368 ) ;
#486 = AXIS2_PLACEMENT_3D ( 'NONE', #1364, #187, #147 ) ;
#487 = LINE ( 'NONE', #86, #1197 ) ;
#488 = ORIENTED_EDGE ( 'NONE', *, *, #999, .F. ) ;
#489 = LINE ( 'NONE', #1914, #894 ) ;
#490 = VECTOR ( 'NONE', #2330, 1000.000000000000000 ) ;
#491 = FACE_OUTER_BOUND ( 'NONE', #2460, .T. ) ;
#492 = LINE ( 'NONE', #2472, #457 ) ;
#493 = VERTEX_POINT ( 'NONE', #1997 ) ;
#494 = DIRECTION ( 'NONE',  ( -0.7521899334783777036, 0.6589463589502515539, 0.000000000000000000 ) ) ;
#495 = EDGE_CURVE ( 'NONE', #1869, #1079, #1831, .T. ) ;
#496 = ADVANCED_FACE ( 'NONE', ( #1043 ), #434, .T. ) ;
#497 = FACE_OUTER_BOUND ( 'NONE', #404, .T. ) ;
#498 = ORIENTED_EDGE ( 'NONE', *, *, #2329, .F. ) ;
#499 = DIRECTION ( 'NONE',  ( 0.7521899334783777036, -0.6589463589502515539, 0.000000000000000000 ) ) ;
#500 = VECTOR ( 'NONE', #2298, 1000.000000000000000 ) ;
#501 = DIRECTION ( 'NONE',  ( -0.6589463589502516649, -0.7521899334783778146, 0.000000000000000000 ) ) ;
#502 = ORIENTED_EDGE ( 'NONE', *, *, #2037, .F. ) ;
#503 = CARTESIAN_POINT ( 'NONE',  ( -13.18885459796893045, -28.32961641138027531, 107.1000000000040160 ) ) ;
#504 = VECTOR ( 'NONE', #115, 1000.000000000000227 ) ;
#505 = DIRECTION ( 'NONE',  ( -0.7521899334783775926, 0.6589463589502514429, 0.000000000000000000 ) ) ;
#506 = FACE_OUTER_BOUND ( 'NONE', #2160, .T. ) ;
#507 = ORIENTED_EDGE ( 'NONE', *, *, #2116, .F. ) ;
#508 = VERTEX_POINT ( 'NONE', #1234 ) ;
#509 = EDGE_CURVE ( 'NONE', #1941, #715, #1975, .T. ) ;
#510 = CARTESIAN_POINT ( 'NONE',  ( -16.19115729683512583, -34.34092202299093799, 8.673617379884035472E-15 ) ) ;
#511 = DIRECTION ( 'NONE',  ( 1.000000000000000000, 0.000000000000000000, 0.000000000000000000 ) ) ;
#512 = EDGE_LOOP ( 'NONE', ( #2434, #1015, #232, #1817 ) ) ;
#513 = DIRECTION ( 'NONE',  ( -0.7521899334783775926, 0.6589463589502516649, 0.000000000000000000 ) ) ;
#514 = DIRECTION ( 'NONE',  ( 0.7521899334783777036, -0.6589463589502515539, 0.000000000000000000 ) ) ;
#515 = EDGE_LOOP ( 'NONE', ( #433, #1559 ) ) ;
#516 = DIRECTION ( 'NONE',  ( 0.7521899334783777036, -0.6589463589502513319, 0.000000000000000000 ) ) ;
#517 = LINE ( 'NONE', #1514, #459 ) ;
#518 = FACE_OUTER_BOUND ( 'NONE', #735, .T. ) ;
#519 = EDGE_LOOP ( 'NONE', ( #1046, #336 ) ) ;
#520 = ADVANCED_FACE ( 'NONE', ( #1394, #1408, #2008 ), #1636, .T. ) ;
#521 = EDGE_LOOP ( 'NONE', ( #1904, #1417, #2152, #1106 ) ) ;
#522 = VECTOR ( 'NONE', #1210, 1000.000000000000000 ) ;
#523 = AXIS2_PLACEMENT_3D ( 'NONE', #1414, #2003, #820 ) ;
#524 = DIRECTION ( 'NONE',  ( 0.6589463589502513319, 0.7521899334783778146, -0.000000000000000000 ) ) ;
#525 = EDGE_LOOP ( 'NONE', ( #312, #1486, #1755, #1732 ) ) ;
#526 = DIRECTION ( 'NONE',  ( -0.7521899334783778146, 0.6589463589502513319, 0.000000000000000000 ) ) ;
#527 = LINE ( 'NONE', #263, #1867 ) ;
#528 = VERTEX_POINT ( 'NONE', #655 ) ;
#529 = AXIS2_PLACEMENT_3D ( 'NONE', #2296, #1292, #915 ) ;
#530 = DIRECTION ( 'NONE',  ( -0.6589463589502516649, -0.7521899334783777036, -0.000000000000000000 ) ) ;
#531 = EDGE_CURVE ( 'NONE', #2364, #2466, #1444, .T. ) ;
#532 = AXIS2_PLACEMENT_3D ( 'NONE', #722, #1911, #526 ) ;
#533 = CIRCLE ( 'NONE', #73, 3.500000000000000000 ) ;
#534 = LINE ( 'NONE', #1319, #1749 ) ;
#535 = ADVANCED_FACE ( 'NONE', ( #2216 ), #458, .T. ) ;
#536 = CYLINDRICAL_SURFACE ( 'NONE', #1789, 3.999999999947370100 ) ;
#537 = EDGE_LOOP ( 'NONE', ( #2094, #1683, #1092, #333 ) ) ;
#538 = ADVANCED_FACE ( 'NONE', ( #1798 ), #48, .T. ) ;
#539 = CARTESIAN_POINT ( 'NONE',  ( -20.70897790064543642, -38.35985185464853942, 45.60000000000400888 ) ) ;
#540 = AXIS2_PLACEMENT_3D ( 'NONE', #1692, #724, #514 ) ;
#541 = CARTESIAN_POINT ( 'NONE',  ( -17.93332710305222477, -37.46779655937795184, 45.60000000000400888 ) ) ;
#542 = ORIENTED_EDGE ( 'NONE', *, *, #2233, .T. ) ;
#543 = DIRECTION ( 'NONE',  ( 0.7521899334783777036, -0.6589463589502514429, 0.000000000000000000 ) ) ;
#544 = CARTESIAN_POINT ( 'NONE',  ( -33.65409671275030945, -23.69581765731768286, 45.60000000000400888 ) ) ;
#545 = ORIENTED_EDGE ( 'NONE', *, *, #1758, .F. ) ;
#546 = DIRECTION ( 'NONE',  ( -0.4659454388519050361, -0.5318786027028160612, -0.7071067811865514585 ) ) ;
#547 = FACE_BOUND ( 'NONE', #1625, .T. ) ;
#548 = DIRECTION ( 'NONE',  ( 0.7521899334783772595, -0.6589463589502519980, -3.659613947242714001E-16 ) ) ;
#549 = EDGE_LOOP ( 'NONE', ( #2407, #311 ) ) ;
#550 = ORIENTED_EDGE ( 'NONE', *, *, #531, .F. ) ;
#551 = AXIS2_PLACEMENT_3D ( 'NONE', #2501, #1957, #1754 ) ;
#552 = SURFACE_STYLE_FILL_AREA ( #1116 ) ;
#553 = CARTESIAN_POINT ( 'NONE',  ( 5.038973123726306014, -37.65061420293653072, 86.80000000000401883 ) ) ;
#554 = VERTEX_POINT ( 'NONE', #448 ) ;
#555 = ADVANCED_FACE ( 'NONE', ( #1840 ), #1818, .F. ) ;
#556 = DIRECTION ( 'NONE',  ( -0.7521899334783775926, 0.6589463589502514429, 0.000000000000000000 ) ) ;
#557 = CIRCLE ( 'NONE', #1547, 3.500000000000002665 ) ;
#558 = LINE ( 'NONE', #1149, #1303 ) ;
#559 = VERTEX_POINT ( 'NONE', #1009 ) ;
#560 = FILL_AREA_STYLE ('',( #151 ) ) ;
#561 = CYLINDRICAL_SURFACE ( 'NONE', #383, 1.499999999999998446 ) ;
#562 = FILL_AREA_STYLE_COLOUR ( '', #1583 ) ;
#563 = EDGE_LOOP ( 'NONE', ( #1179, #809, #2356, #2288 ) ) ;
#564 = CARTESIAN_POINT ( 'NONE',  ( -25.49525717255584212, -2.924784044197186628, 102.0250000000013131 ) ) ;
#565 = EDGE_CURVE ( 'NONE', #594, #2287, #1432, .T. ) ;
#566 = ADVANCED_BREP_SHAPE_REPRESENTATION ( '009_013_Spin_bearing_lock', ( #1127, #523 ), #2413 ) ;
#567 = AXIS2_PLACEMENT_3D ( 'NONE', #287, #2225, #1088 ) ;
#568 = EDGE_CURVE ( 'NONE', #2506, #2176, #1193, .T. ) ;
#569 = CARTESIAN_POINT ( 'NONE',  ( -1.730736277538939438, -31.72009697241944082, 96.95000000000401030 ) ) ;
#570 = ORIENTED_EDGE ( 'NONE', *, *, #719, .F. ) ;
#571 = CARTESIAN_POINT ( 'NONE',  ( 4.950000000000002842, 6.062001655779401469E-16, -10.00000000000000000 ) ) ;
#572 = CARTESIAN_POINT ( 'NONE',  ( -35.63093578960108232, -25.95238745775282752, 102.1000000000040160 ) ) ;
#573 = ORIENTED_EDGE ( 'NONE', *, *, #982, .F. ) ;
#574 =( NAMED_UNIT ( * ) PLANE_ANGLE_UNIT ( ) SI_UNIT ( $, .RADIAN. ) );
#575 = CIRCLE ( 'NONE', #2009, 3.999999999947370100 ) ;
#576 = CARTESIAN_POINT ( 'NONE',  ( -13.09816627898363706, -37.71522292295376388, 107.1000000000040302 ) ) ;
#577 = CARTESIAN_POINT ( 'NONE',  ( 4.099934573489905532, -2.773632364445974385, -10.00000000000000000 ) ) ;
#578 = ORIENTED_EDGE ( 'NONE', *, *, #1823, .F. ) ;
#579 = ORIENTED_EDGE ( 'NONE', *, *, #794, .T. ) ;
#580 = AXIS2_PLACEMENT_3D ( 'NONE', #1626, #1223, #1033 ) ;
#581 = PRESENTATION_LAYER_ASSIGNMENT (  '', '', ( #77 ) ) ;
#582 = CARTESIAN_POINT ( 'NONE',  ( -18.49746955316097896, -36.97358679016526395, 15.80000000000000782 ) ) ;
#583 = EDGE_LOOP ( 'NONE', ( #2381, #1008 ) ) ;
#584 = DIRECTION ( 'NONE',  ( -0.6589463589502515539, -0.7521899334783777036, 0.000000000000000000 ) ) ;
#585 = EDGE_CURVE ( 'NONE', #1005, #1791, #2187, .T. ) ;
#586 = CARTESIAN_POINT ( 'NONE',  ( -51.44474865819140774, 15.81958131292761749, 107.1000000000040302 ) ) ;
#587 = VERTEX_POINT ( 'NONE', #2207 ) ;
#588 = DIRECTION ( 'NONE',  ( -0.8282696108060412232, 0.5603297705951462149, 0.000000000000000000 ) ) ;
#589 = DIRECTION ( 'NONE',  ( -0.7521899334783777036, 0.6589463589502515539, 0.000000000000000000 ) ) ;
#590 = CARTESIAN_POINT ( 'NONE',  ( -33.65409671275030945, -23.69581765731768286, 45.60000000000400888 ) ) ;
#591 = ORIENTED_EDGE ( 'NONE', *, *, #946, .T. ) ;
#592 = CARTESIAN_POINT ( 'NONE',  ( -13.18885459796893045, -28.32961641138027176, 135.7904184938348919 ) ) ;
#593 = VECTOR ( 'NONE', #1561, 1000.000000000000000 ) ;
#594 = VERTEX_POINT ( 'NONE', #1603 ) ;
#595 = DIRECTION ( 'NONE',  ( -0.6589463589502513319, -0.7521899334783779256, 0.000000000000000000 ) ) ;
#596 = AXIS2_PLACEMENT_3D ( 'NONE', #625, #1202, #218 ) ;
#597 = DIRECTION ( 'NONE',  ( -0.6589463589502516649, -0.7521899334783778146, 0.000000000000000000 ) ) ;
#598 = ORIENTED_EDGE ( 'NONE', *, *, #822, .T. ) ;
#599 = DIRECTION ( 'NONE',  ( 0.000000000000000000, 0.000000000000000000, -1.000000000000000000 ) ) ;
#600 = FACE_OUTER_BOUND ( 'NONE', #1578, .T. ) ;
#601 = DIRECTION ( 'NONE',  ( 0.7521899334783777036, -0.6589463589502514429, 0.000000000000000000 ) ) ;
#602 = EDGE_LOOP ( 'NONE', ( #113, #294, #1281, #545 ) ) ;
#603 = ORIENTED_EDGE ( 'NONE', *, *, #2545, .T. ) ;
#604 = ADVANCED_FACE ( 'NONE', ( #228, #69, #240, #858, #839, #2408 ), #2438, .F. ) ;
#605 = VERTEX_POINT ( 'NONE', #469 ) ;
#606 = DIRECTION ( 'NONE',  ( 0.6589463589502515539, 0.7521899334783777036, 1.285558163545196833E-16 ) ) ;
#607 = AXIS2_PLACEMENT_3D ( 'NONE', #2170, #2376, #246 ) ;
#608 = CARTESIAN_POINT ( 'NONE',  ( -19.06161200326979710, -36.47937702095256896, 102.1000000000040160 ) ) ;
#609 = ORIENTED_EDGE ( 'NONE', *, *, #2366, .T. ) ;
#610 = CARTESIAN_POINT ( 'NONE',  ( -21.73530242639433752, -11.53645006297371367, 86.80000000000401883 ) ) ;
#611 = DIRECTION ( 'NONE',  ( 0.7521899334783775926, -0.6589463589502515539, 0.000000000000000000 ) ) ;
#612 = ORIENTED_EDGE ( 'NONE', *, *, #2373, .F. ) ;
#613 = DIRECTION ( 'NONE',  ( -0.7521899334783775926, 0.6589463589502514429, 0.000000000000000000 ) ) ;
#614 = EDGE_CURVE ( 'NONE', #2185, #637, #1686, .T. ) ;
#615 = VECTOR ( 'NONE', #2001, 1000.000000000000114 ) ;
#616 = EDGE_CURVE ( 'NONE', #16, #2031, #1570, .T. ) ;
#617 = VECTOR ( 'NONE', #484, 1000.000000000000114 ) ;
#618 = AXIS2_PLACEMENT_3D ( 'NONE', #122, #911, #1510 ) ;
#619 = EDGE_LOOP ( 'NONE', ( #124, #2314, #46, #1545 ) ) ;
#620 = DIRECTION ( 'NONE',  ( 0.7521899334783779256, -0.6589463589502513319, 0.000000000000000000 ) ) ;
#621 = MECHANICAL_DESIGN_GEOMETRIC_PRESENTATION_REPRESENTATION (  '', ( #77 ), #2348 ) ;
#622 = DIRECTION ( 'NONE',  ( 0.7521899334783777036, -0.6589463589502515539, 0.000000000000000000 ) ) ;
#623 = ORIENTED_EDGE ( 'NONE', *, *, #2331, .F. ) ;
#624 = DIRECTION ( 'NONE',  ( -0.000000000000000000, -0.000000000000000000, 1.000000000000000000 ) ) ;
#625 = CARTESIAN_POINT ( 'NONE',  ( -35.66386428333497349, -17.94683215444622704, 107.1000000000040302 ) ) ;
#626 = ORIENTED_EDGE ( 'NONE', *, *, #980, .T. ) ;
#627 = CARTESIAN_POINT ( 'NONE',  ( -9.894122803217186402, -24.56866674398783701, 107.1000000000040160 ) ) ;
#628 = VECTOR ( 'NONE', #917, 1000.000000000000114 ) ;
#629 = EDGE_LOOP ( 'NONE', ( #805, #341, #2000, #498 ) ) ;
#630 = DIRECTION ( 'NONE',  ( 0.6589463589502514429, 0.7521899334783779256, 0.000000000000000000 ) ) ;
#631 = ADVANCED_FACE ( 'NONE', ( #2104, #2042, #1691, #2293, #274 ), #1313, .F. ) ;
#632 = ADVANCED_FACE ( 'NONE', ( #2060 ), #2426, .F. ) ;
#633 = LINE ( 'NONE', #1041, #2211 ) ;
#634 = ORIENTED_EDGE ( 'NONE', *, *, #144, .F. ) ;
#635 = CARTESIAN_POINT ( 'NONE',  ( 0.000000000000000000, 0.000000000000000000, 5.000000000000000000 ) ) ;
#636 = DIRECTION ( 'NONE',  ( -0.3977525961455031234, -0.5879508912343023308, 0.7043483667591641240 ) ) ;
#637 = VERTEX_POINT ( 'NONE', #664 ) ;
#638 = CARTESIAN_POINT ( 'NONE',  ( -24.74774824205707446, -11.55633838847185046, 102.0250000000013131 ) ) ;
#639 = SURFACE_STYLE_FILL_AREA ( #2414 ) ;
#640 = EDGE_CURVE ( 'NONE', #2176, #2506, #2301, .T. ) ;
#641 = DIRECTION ( 'NONE',  ( -0.6589463589502516649, -0.7521899334783778146, 0.000000000000000000 ) ) ;
#642 = ORIENTED_EDGE ( 'NONE', *, *, #1214, .F. ) ;
#643 = DIRECTION ( 'NONE',  ( 0.7521899334783778146, -0.6589463589502515539, 0.000000000000000000 ) ) ;
#644 = ADVANCED_FACE ( 'NONE', ( #2237, #1662 ), #2072, .T. ) ;
#645 = VECTOR ( 'NONE', #226, 999.9999999999998863 ) ;
#646 = CARTESIAN_POINT ( 'NONE',  ( -22.51423374099353936, -36.77838059316793817, 45.60000000000400888 ) ) ;
#647 = ORIENTED_EDGE ( 'NONE', *, *, #449, .T. ) ;
#648 = FACE_OUTER_BOUND ( 'NONE', #1321, .T. ) ;
#649 = ADVANCED_FACE ( 'NONE', ( #1065 ), #1853, .F. ) ;
#650 = PRESENTATION_STYLE_ASSIGNMENT (( #2193 ) ) ;
#651 = AXIS2_PLACEMENT_3D ( 'NONE', #1245, #1021, #1422 ) ;
#652 = DIRECTION ( 'NONE',  ( -0.6589463589502515539, -0.7521899334783778146, 0.000000000000000000 ) ) ;
#653 = ORIENTED_EDGE ( 'NONE', *, *, #2382, .F. ) ;
#654 = VECTOR ( 'NONE', #2017, 1000.000000000000000 ) ;
#655 = CARTESIAN_POINT ( 'NONE',  ( -1.730736277538940771, -31.72009697241944082, 96.95000000000401030 ) ) ;
#656 = CARTESIAN_POINT ( 'NONE',  ( -14.34017604267333290, -30.03147951943020644, -10.00000000000000000 ) ) ;
#657 = EDGE_LOOP ( 'NONE', ( #647, #2327, #579, #461 ) ) ;
#658 = CARTESIAN_POINT ( 'NONE',  ( -13.18885459796893045, -28.32961641138027176, 6.499999999999977796 ) ) ;
#659 = SURFACE_SIDE_STYLE ('',( #1027 ) ) ;
#660 = DIRECTION ( 'NONE',  ( 0.6589463589502513319, 0.7521899334783778146, -0.000000000000000000 ) ) ;
#661 = PLANE ( 'NONE',  #978 ) ;
#662 = VERTEX_POINT ( 'NONE', #1865 ) ;
#663 = CIRCLE ( 'NONE', #1988, 2.400000000000001243 ) ;
#664 = CARTESIAN_POINT ( 'NONE',  ( -16.42894723609545693, -38.78568927727843629, 102.1000000000040160 ) ) ;
#665 = EDGE_CURVE ( 'NONE', #1505, #770, #2279, .T. ) ;
#666 = CARTESIAN_POINT ( 'NONE',  ( -5.190809971579446014, -28.68894372121326697, 102.0250000000013131 ) ) ;
#667 = ORIENTED_EDGE ( 'NONE', *, *, #928, .F. ) ;
#668 = CARTESIAN_POINT ( 'NONE',  ( -3.288984293172615647, 3.699335388858906892, -0.5000000000000000000 ) ) ;
#669 = DIRECTION ( 'NONE',  ( -0.6589463589502516649, -0.7521899334783775926, -1.126196766778757420E-16 ) ) ;
#670 = EDGE_CURVE ( 'NONE', #1512, #770, #1609, .T. ) ;
#671 = CARTESIAN_POINT ( 'NONE',  ( -35.95343399090725001, -17.69315832025297652, 0.000000000000000000 ) ) ;
#672 = EDGE_LOOP ( 'NONE', ( #695, #1905, #1067, #2374, #1125, #2071 ) ) ;
#673 = EDGE_CURVE ( 'NONE', #1941, #824, #691, .T. ) ;
#674 = DIRECTION ( 'NONE',  ( -1.000000000000000000, 0.000000000000000000, 0.000000000000000000 ) ) ;
#675 = DIRECTION ( 'NONE',  ( -0.6589463589502516649, -0.7521899334783778146, 0.000000000000000000 ) ) ;
#676 = ORIENTED_EDGE ( 'NONE', *, *, #2265, .T. ) ;
#677 = DIRECTION ( 'NONE',  ( -0.7521899334783775926, 0.6589463589502514429, 0.000000000000000000 ) ) ;
#678 = CARTESIAN_POINT ( 'NONE',  ( -6.222730628602398006, -23.79658848501199486, 102.0250000000013131 ) ) ;
#679 = VERTEX_POINT ( 'NONE', #304 ) ;
#680 = DIRECTION ( 'NONE',  ( -0.6589463589502516649, -0.7521899334783778146, 0.000000000000000000 ) ) ;
#681 = VECTOR ( 'NONE', #2205, 999.9999999999998863 ) ;
#682 = CARTESIAN_POINT ( 'NONE',  ( -33.65409671275030945, -23.69581765731767931, 102.1000000000040160 ) ) ;
#683 = ADVANCED_FACE ( 'NONE', ( #2086, #1090 ), #318, .T. ) ;
#684 = CARTESIAN_POINT ( 'NONE',  ( -36.42974751034353886, -24.58787295258827754, 102.1000000000040160 ) ) ;
#685 = VERTEX_POINT ( 'NONE', #2467 ) ;
#686 = EDGE_CURVE ( 'NONE', #2176, #2079, #705, .T. ) ;
#687 = CYLINDRICAL_SURFACE ( 'NONE', #951, 1.500000000000001110 ) ;
#688 = AXIS2_PLACEMENT_3D ( 'NONE', #2543, #786, #1577 ) ;
#689 = CARTESIAN_POINT ( 'NONE',  ( -35.63093578960107521, -25.95238745775283107, 45.60000000000400888 ) ) ;
#690 = EDGE_LOOP ( 'NONE', ( #423, #1397, #2236, #154, #700, #381, #744, #1295, #75 ) ) ;
#691 = LINE ( 'NONE', #1484, #3 ) ;
#692 = AXIS2_PLACEMENT_3D ( 'NONE', #2107, #680, #2075 ) ;
#693 = CIRCLE ( 'NONE', #328, 2.399999999999998579 ) ;
#694 = CARTESIAN_POINT ( 'NONE',  ( -28.57923589981722046, -0.2231039725011157715, 96.95000000000402451 ) ) ;
#695 = ORIENTED_EDGE ( 'NONE', *, *, #673, .F. ) ;
#696 = DIRECTION ( 'NONE',  ( 0.7521899334783772595, -0.6589463589502519980, 0.000000000000000000 ) ) ;
#697 = EDGE_CURVE ( 'NONE', #637, #2185, #745, .T. ) ;
#698 = DIRECTION ( 'NONE',  ( -0.7521899334783778146, 0.6589463589502514429, 0.000000000000000000 ) ) ;
#699 = CARTESIAN_POINT ( 'NONE',  ( -32.24850232699434116, -0.9970444652982000111, 96.95000000000402451 ) ) ;
#700 = ORIENTED_EDGE ( 'NONE', *, *, #1013, .T. ) ;
#701 = EDGE_LOOP ( 'NONE', ( #22, #762 ) ) ;
#702 = CARTESIAN_POINT ( 'NONE',  ( 11.71811547797231157, 0.1017906524906179999, 107.1000000000040160 ) ) ;
#703 = CYLINDRICAL_SURFACE ( 'NONE', #2035, 2.399999999999998579 ) ;
#704 = ORIENTED_EDGE ( 'NONE', *, *, #2092, .F. ) ;
#705 = LINE ( 'NONE', #1498, #2388 ) ;
#706 = ADVANCED_FACE ( 'NONE', ( #938 ), #1772, .T. ) ;
#707 = ADVANCED_FACE ( 'NONE', ( #1971, #790 ), #1922, .F. ) ;
#708 = VECTOR ( 'NONE', #2433, 1000.000000000000000 ) ;
#709 = CARTESIAN_POINT ( 'NONE',  ( -5.190809971579446014, -28.68894372121326697, 102.0250000000013131 ) ) ;
#710 = ORIENTED_EDGE ( 'NONE', *, *, #1668, .T. ) ;
#711 = CARTESIAN_POINT ( 'NONE',  ( -37.43619162994919236, -24.37091619627224404, 102.1000000000040160 ) ) ;
#712 = DIRECTION ( 'NONE',  ( -0.6589463589502516649, -0.7521899334783775926, -1.126196766778757420E-16 ) ) ;
#713 = PLANE ( 'NONE',  #1241 ) ;
#714 = ORIENTED_EDGE ( 'NONE', *, *, #1275, .F. ) ;
#715 = VERTEX_POINT ( 'NONE', #398 ) ;
#716 = AXIS2_PLACEMENT_3D ( 'NONE', #1178, #194, #1780 ) ;
#717 = AXIS2_PLACEMENT_3D ( 'NONE', #544, #1366, #940 ) ;
#718 = CARTESIAN_POINT ( 'NONE',  ( -16.19115729683512583, -34.34092202299093799, 15.80000000000000782 ) ) ;
#719 = EDGE_CURVE ( 'NONE', #1723, #2416, #2054, .T. ) ;
#720 = DIRECTION ( 'NONE',  ( 0.7521899334783775926, -0.6589463589502514429, 0.000000000000000000 ) ) ;
#721 = EDGE_LOOP ( 'NONE', ( #104, #1665, #1921, #2022 ) ) ;
#722 = CARTESIAN_POINT ( 'NONE',  ( -26.35785435801004795, -30.08759733913511525, -10.00000000000000000 ) ) ;
#723 = EDGE_CURVE ( 'NONE', #1575, #856, #348, .T. ) ;
#724 = DIRECTION ( 'NONE',  ( -0.6589463589502515539, -0.7521899334783778146, 0.000000000000000000 ) ) ;
#725 = ORIENTED_EDGE ( 'NONE', *, *, #1322, .F. ) ;
#726 = DIRECTION ( 'NONE',  ( 0.7521899334783777036, -0.6589463589502515539, 0.000000000000000000 ) ) ;
#727 = UNCERTAINTY_MEASURE_WITH_UNIT (LENGTH_MEASURE( 1.000000000000000082E-05 ), #2384, 'distance_accuracy_value', 'NONE');
#728 = DIRECTION ( 'NONE',  ( 0.6589463589502514429, 0.7521899334783777036, -0.000000000000000000 ) ) ;
#729 = CYLINDRICAL_SURFACE ( 'NONE', #2517, 2.399999999999995914 ) ;
#730 = ORIENTED_EDGE ( 'NONE', *, *, #2204, .T. ) ;
#731 = AXIS2_PLACEMENT_3D ( 'NONE', #1786, #2184, #1392 ) ;
#732 =( GEOMETRIC_REPRESENTATION_CONTEXT ( 3 ) GLOBAL_UNCERTAINTY_ASSIGNED_CONTEXT ( ( #2498 ) ) GLOBAL_UNIT_ASSIGNED_CONTEXT ( ( #1641, #43, #1251 ) ) REPRESENTATION_CONTEXT ( 'NONE', 'WORKASPACE' ) );
#733 = CARTESIAN_POINT ( 'NONE',  ( 4.099934573489905532, -2.773632364445974385, -0.5000000000000000000 ) ) ;
#734 = PLANE ( 'NONE',  #1556 ) ;
#735 = EDGE_LOOP ( 'NONE', ( #2521, #1595, #985, #937 ) ) ;
#736 = CARTESIAN_POINT ( 'NONE',  ( -19.06161200326979355, -36.47937702095257606, 45.60000000000400888 ) ) ;
#737 = FACE_BOUND ( 'NONE', #2095, .T. ) ;
#738 = ORIENTED_EDGE ( 'NONE', *, *, #1633, .F. ) ;
#739 = CIRCLE ( 'NONE', #2045, 3.999999999946591167 ) ;
#740 = DIRECTION ( 'NONE',  ( -0.7521899334783778146, 0.6589463589502513319, 0.000000000000000000 ) ) ;
#741 = CARTESIAN_POINT ( 'NONE',  ( 0.000000000000000000, 0.000000000000000000, -0.5000000000000000000 ) ) ;
#742 = DIRECTION ( 'NONE',  ( -0.7521899334783782587, 0.6589463589502509988, 0.000000000000000000 ) ) ;
#743 = EDGE_LOOP ( 'NONE', ( #793, #2538, #299, #133 ) ) ;
#744 = ORIENTED_EDGE ( 'NONE', *, *, #1663, .T. ) ;
#745 = CIRCLE ( 'NONE', #618, 3.500000000000002665 ) ;
#746 = CARTESIAN_POINT ( 'NONE',  ( -26.34792693904613969, -16.80177959732239756, 79.80000000000403304 ) ) ;
#747 = CARTESIAN_POINT ( 'NONE',  ( -31.91192690653321762, -20.56894312093068322, 15.80000000000000782 ) ) ;
#748 = EDGE_LOOP ( 'NONE', ( #1674, #1490 ) ) ;
#749 = DIRECTION ( 'NONE',  ( 0.7521899334783774815, -0.6589463589502517760, 0.000000000000000000 ) ) ;
#750 = CARTESIAN_POINT ( 'NONE',  ( -22.11040247190314290, -5.890042659473323283, 102.0250000000013131 ) ) ;
#751 = ORIENTED_EDGE ( 'NONE', *, *, #1982, .F. ) ;
#752 = DIRECTION ( 'NONE',  ( 0.6589463589502518870, 0.7521899334783773705, -0.000000000000000000 ) ) ;
#753 = ADVANCED_FACE ( 'NONE', ( #2507 ), #1538, .F. ) ;
#754 = CARTESIAN_POINT ( 'NONE',  ( -18.83595502322627624, -36.67706092863762279, 107.1000000000040160 ) ) ;
#755 = FACE_OUTER_BOUND ( 'NONE', #1100, .T. ) ;
#756 = VERTEX_POINT ( 'NONE', #2305 ) ;
#757 = CARTESIAN_POINT ( 'NONE',  ( -31.91192690653321762, -20.56894312093068322, 15.80000000000000782 ) ) ;
#758 = ADVANCED_FACE ( 'NONE', ( #2144 ), #2130, .F. ) ;
#759 = EDGE_CURVE ( 'NONE', #2085, #141, #1064, .T. ) ;
#760 = DIRECTION ( 'NONE',  ( -0.7521899334783778146, 0.6589463589502514429, 0.000000000000000000 ) ) ;
#761 = CARTESIAN_POINT ( 'NONE',  ( -23.05319514429439565, -13.04082992992995926, 86.80000000000401883 ) ) ;
#762 = ORIENTED_EDGE ( 'NONE', *, *, #2141, .T. ) ;
#763 = CARTESIAN_POINT ( 'NONE',  ( -27.88350325368071836, -18.16702114719952021, 107.1000000000040302 ) ) ;
#764 = AXIS2_PLACEMENT_3D ( 'NONE', #2118, #376, #1762 ) ;
#765 = DIRECTION ( 'NONE',  ( -0.6589463589502514429, -0.7521899334783780366, 0.000000000000000000 ) ) ;
#766 = VERTEX_POINT ( 'NONE', #2334 ) ;
#767 = SURFACE_STYLE_USAGE ( .BOTH. , #2525 ) ;
#768 = DIRECTION ( 'NONE',  ( 1.000000000000000000, 0.000000000000000000, -0.000000000000000000 ) ) ;
#769 = LINE ( 'NONE', #2341, #2197 ) ;
#770 = VERTEX_POINT ( 'NONE', #1719 ) ;
#771 = CYLINDRICAL_SURFACE ( 'NONE', #1972, 1.500000000000001110 ) ;
#772 = AXIS2_PLACEMENT_3D ( 'NONE', #237, #597, #622 ) ;
#773 = LINE ( 'NONE', #158, #593 ) ;
#774 = ADVANCED_FACE ( 'NONE', ( #2522, #1186 ), #1579, .T. ) ;
#775 = AXIS2_PLACEMENT_3D ( 'NONE', #373, #174, #1935 ) ;
#776 = CARTESIAN_POINT ( 'NONE',  ( 8.992651277427796686, -33.13747460206624851, 107.1000000000040160 ) ) ;
#777 = VERTEX_POINT ( 'NONE', #361 ) ;
#778 = FACE_BOUND ( 'NONE', #389, .T. ) ;
#779 = DIRECTION ( 'NONE',  ( 0.6589463589502513319, 0.7521899334783778146, -0.000000000000000000 ) ) ;
#780 = ORIENTED_EDGE ( 'NONE', *, *, #2534, .F. ) ;
#781 = DIRECTION ( 'NONE',  ( 0.000000000000000000, 0.000000000000000000, -1.000000000000000000 ) ) ;
#782 = AXIS2_PLACEMENT_3D ( 'NONE', #1056, #1843, #472 ) ;
#783 = DIRECTION ( 'NONE',  ( -1.000000000000000000, 0.000000000000000000, -0.000000000000000000 ) ) ;
#784 = CARTESIAN_POINT ( 'NONE',  ( -20.70897790064544353, -38.35985185464853231, 102.1000000000040160 ) ) ;
#785 = EDGE_LOOP ( 'NONE', ( #931, #182, #99, #1990 ) ) ;
#786 = DIRECTION ( 'NONE',  ( -0.6589463589502516649, -0.7521899334783778146, 0.000000000000000000 ) ) ;
#787 = CIRCLE ( 'NONE', #692, 2.399999999999995914 ) ;
#788 = CIRCLE ( 'NONE', #447, 1.500000000000001110 ) ;
#789 = VERTEX_POINT ( 'NONE', #2492 ) ;
#790 = FACE_OUTER_BOUND ( 'NONE', #2074, .T. ) ;
#791 = VECTOR ( 'NONE', #278, 1000.000000000000000 ) ;
#792 = CARTESIAN_POINT ( 'NONE',  ( -33.87975369279382676, -23.49813374963260415, -10.00000000000000000 ) ) ;
#793 = ORIENTED_EDGE ( 'NONE', *, *, #1893, .F. ) ;
#794 = EDGE_CURVE ( 'NONE', #385, #13, #157, .T. ) ;
#795 = DIRECTION ( 'NONE',  ( 0.7521899334783775926, -0.6589463589502514429, 0.000000000000000000 ) ) ;
#796 = CYLINDRICAL_SURFACE ( 'NONE', #1044, 2.249999999999901412 ) ;
#797 = EDGE_LOOP ( 'NONE', ( #502, #1509 ) ) ;
#798 = VERTEX_POINT ( 'NONE', #161 ) ;
#799 = VECTOR ( 'NONE', #1886, 1000.000000000000227 ) ;
#800 = ORIENTED_EDGE ( 'NONE', *, *, #2194, .T. ) ;
#801 = CARTESIAN_POINT ( 'NONE',  ( -26.35785435801004795, -30.08759733913511525, -10.00000000000000000 ) ) ;
#802 = EDGE_CURVE ( 'NONE', #2287, #1110, #1961, .T. ) ;
#803 = VECTOR ( 'NONE', #817, 1000.000000000000000 ) ;
#804 = DIRECTION ( 'NONE',  ( -0.6589463589502515539, -0.7521899334783775926, -0.000000000000000000 ) ) ;
#805 = ORIENTED_EDGE ( 'NONE', *, *, #2233, .F. ) ;
#806 = CARTESIAN_POINT ( 'NONE',  ( -31.91192690653321762, -20.56894312093068322, 15.80000000000000782 ) ) ;
#807 = EDGE_CURVE ( 'NONE', #327, #976, #176, .T. ) ;
#808 = LINE ( 'NONE', #1446, #1456 ) ;
#809 = ORIENTED_EDGE ( 'NONE', *, *, #2015, .T. ) ;
#810 = VERTEX_POINT ( 'NONE', #1133 ) ;
#811 = ORIENTED_EDGE ( 'NONE', *, *, #2080, .T. ) ;
#812 = CARTESIAN_POINT ( 'NONE',  ( -14.34017604267332935, -30.03147951943020644, -10.00000000000000000 ) ) ;
#813 = CIRCLE ( 'NONE', #1183, 2.399999999999995914 ) ;
#814 = CARTESIAN_POINT ( 'NONE',  ( -35.63093578960108232, -25.95238745775282752, 102.1000000000040160 ) ) ;
#815 = VERTEX_POINT ( 'NONE', #983 ) ;
#816 = CARTESIAN_POINT ( 'NONE',  ( -35.66386428333497349, -17.94683215444622704, -10.00000000000000000 ) ) ;
#817 = DIRECTION ( 'NONE',  ( 0.7521899334783778146, -0.6589463589502513319, 0.000000000000000000 ) ) ;
#818 = ORIENTED_EDGE ( 'NONE', *, *, #959, .T. ) ;
#819 = CARTESIAN_POINT ( 'NONE',  ( 6.263622267058488902, -34.73509804351593289, 96.95000000000401030 ) ) ;
#820 = DIRECTION ( 'NONE',  ( 1.000000000000000000, 0.000000000000000000, 0.000000000000000000 ) ) ;
#821 = VECTOR ( 'NONE', #2400, 1000.000000000000000 ) ;
#822 = EDGE_CURVE ( 'NONE', #1261, #2299, #955, .T. ) ;
#823 = AXIS2_PLACEMENT_3D ( 'NONE', #2156, #2321, #556 ) ;
#824 = VERTEX_POINT ( 'NONE', #571 ) ;
#825 = PLANE ( 'NONE',  #1230 ) ;
#826 = VECTOR ( 'NONE', #524, 1000.000000000000114 ) ;
#827 = LINE ( 'NONE', #837, #2378 ) ;
#828 = VERTEX_POINT ( 'NONE', #2535 ) ;
#829 = CARTESIAN_POINT ( 'NONE',  ( -35.30146261012595943, -25.57629249101366042, 45.60000000000400888 ) ) ;
#830 = APPLICATION_CONTEXT ( 'automotive_design' ) ;
#831 = LINE ( 'NONE', #1594, #21 ) ;
#832 = ORIENTED_EDGE ( 'NONE', *, *, #944, .T. ) ;
#833 = DIRECTION ( 'NONE',  ( 0.6589463589502514429, 0.7521899334783777036, -0.000000000000000000 ) ) ;
#834 = AXIS2_PLACEMENT_3D ( 'NONE', #2150, #1557, #783 ) ;
#835 = ADVANCED_FACE ( 'NONE', ( #778, #2169 ), #2347, .T. ) ;
#836 = CARTESIAN_POINT ( 'NONE',  ( 4.099934573489905532, -2.773632364445974385, -10.00000000000000000 ) ) ;
#837 = CARTESIAN_POINT ( 'NONE',  ( -31.21658166997174177, -5.889399701499148598, 96.95000000000402451 ) ) ;
#838 = VERTEX_POINT ( 'NONE', #1208 ) ;
#839 = FACE_BOUND ( 'NONE', #160, .T. ) ;
#840 = CYLINDRICAL_SURFACE ( 'NONE', #416, 3.999999999946592055 ) ;
#841 = ORIENTED_EDGE ( 'NONE', *, *, #292, .F. ) ;
#842 = DIRECTION ( 'NONE',  ( 0.6589463589502513319, 0.7521899334783778146, -0.000000000000000000 ) ) ;
#843 = DIRECTION ( 'NONE',  ( -0.7521899334783772595, 0.6589463589502519980, 7.932726576326789938E-16 ) ) ;
#844 = CARTESIAN_POINT ( 'NONE',  ( -2.182050237705739804, -31.32472915697940508, 102.0250000000013131 ) ) ;
#845 = ORIENTED_EDGE ( 'NONE', *, *, #78, .F. ) ;
#846 = CARTESIAN_POINT ( 'NONE',  ( -18.90372206029733348, -39.94132311612914066, 45.60000000000400888 ) ) ;
#847 = CIRCLE ( 'NONE', #399, 1.500000000000001110 ) ;
#848 = CARTESIAN_POINT ( 'NONE',  ( -9.894122803217186402, -24.56866674398783701, 86.80000000000401883 ) ) ;
#849 = VERTEX_POINT ( 'NONE', #1827 ) ;
#850 = DIRECTION ( 'NONE',  ( -0.6589463589502515539, -0.7521899334783777036, 0.000000000000000000 ) ) ;
#851 = PRESENTATION_STYLE_ASSIGNMENT (( #1656 ) ) ;
#852 = CIRCLE ( 'NONE', #1438, 3.500000000000002665 ) ;
#853 = DIRECTION ( 'NONE',  ( 0.7521899334783778146, -0.6589463589502514429, 0.000000000000000000 ) ) ;
#854 = CIRCLE ( 'NONE', #942, 2.399999999999998579 ) ;
#855 = DIRECTION ( 'NONE',  ( -0.7521899334783775926, 0.6589463589502514429, 0.000000000000000000 ) ) ;
#856 = VERTEX_POINT ( 'NONE', #1815 ) ;
#857 = AXIS2_PLACEMENT_3D ( 'NONE', #1761, #1326, #1337 ) ;
#858 = FACE_BOUND ( 'NONE', #1189, .T. ) ;
#859 = EDGE_CURVE ( 'NONE', #976, #1760, #2213, .T. ) ;
#860 = CYLINDRICAL_SURFACE ( 'NONE', #2306, 1.500000000000001110 ) ;
#861 = EDGE_LOOP ( 'NONE', ( #2377, #1312 ) ) ;
#862 = CYLINDRICAL_SURFACE ( 'NONE', #71, 3.999999999946592055 ) ;
#863 = CIRCLE ( 'NONE', #1898, 1.499999999999998446 ) ;
#864 = DIRECTION ( 'NONE',  ( 0.7521899334783777036, -0.6589463589502513319, 0.000000000000000000 ) ) ;
#865 = FILL_AREA_STYLE_COLOUR ( '', #1305 ) ;
#866 = ORIENTED_EDGE ( 'NONE', *, *, #92, .T. ) ;
#867 = CARTESIAN_POINT ( 'NONE',  ( -35.46667567206669958, -17.72174055726543784, -10.00000000000000000 ) ) ;
#868 = DIRECTION ( 'NONE',  ( 0.4659454388519104762, 0.5318786027028220564, 0.7071067811865434649 ) ) ;
#869 = ORIENTED_EDGE ( 'NONE', *, *, #2127, .T. ) ;
#870 = CIRCLE ( 'NONE', #129, 2.249999999999997335 ) ;
#871 = CARTESIAN_POINT ( 'NONE',  ( 12.55743660547126161, -36.26035913934125432, 131.8000000000039904 ) ) ;
#872 = EDGE_CURVE ( 'NONE', #2263, #756, #1440, .T. ) ;
#873 = PLANE ( 'NONE',  #1211 ) ;
#874 = VERTEX_POINT ( 'NONE', #1632 ) ;
#875 = ADVANCED_FACE ( 'NONE', ( #1219, #236 ), #2375, .F. ) ;
#876 = FACE_OUTER_BOUND ( 'NONE', #602, .T. ) ;
#877 = CARTESIAN_POINT ( 'NONE',  ( -27.47209624940660788, -5.181353844632332617, 102.0250000000013131 ) ) ;
#878 = CARTESIAN_POINT ( 'NONE',  ( -34.03261291753547368, 4.554257129888189759, 107.1000000000040302 ) ) ;
#879 = ORIENTED_EDGE ( 'NONE', *, *, #1907, .F. ) ;
#880 = AXIS2_PLACEMENT_3D ( 'NONE', #2061, #1078, #1868 ) ;
#881 = CARTESIAN_POINT ( 'NONE',  ( -18.90372206029733704, -39.94132311612913355, 102.1000000000040160 ) ) ;
#882 = LINE ( 'NONE', #1851, #1218 ) ;
#883 = EDGE_LOOP ( 'NONE', ( #1386, #1020, #1967, #1581 ) ) ;
#884 = CARTESIAN_POINT ( 'NONE',  ( -33.65409671275032366, -23.69581765731769352, 102.1000000000040160 ) ) ;
#885 = CARTESIAN_POINT ( 'NONE',  ( -35.25726206086766013, 1.638740970467614355, 96.95000000000402451 ) ) ;
#886 = VERTEX_POINT ( 'NONE', #2397 ) ;
#887 = LINE ( 'NONE', #1318, #1773 ) ;
#888 = CIRCLE ( 'NONE', #313, 4.950000000000000178 ) ;
#889 = CYLINDRICAL_SURFACE ( 'NONE', #2068, 3.500000000000002665 ) ;
#890 = CARTESIAN_POINT ( 'NONE',  ( -18.40578631294622625, -41.04225907771358095, 102.1000000000040160 ) ) ;
#891 = EDGE_CURVE ( 'NONE', #2529, #1575, #1600, .T. ) ;
#892 = DIRECTION ( 'NONE',  ( -0.7521899334783775926, 0.6589463589502514429, 0.000000000000000000 ) ) ;
#893 = ADVANCED_FACE ( 'NONE', ( #1405 ), #997, .F. ) ;
#894 = VECTOR ( 'NONE', #1080, 1000.000000000000000 ) ;
#895 = CARTESIAN_POINT ( 'NONE',  ( -37.23410113771841878, -0.6178288299675187556, 96.95000000000402451 ) ) ;
#896 = ORIENTED_EDGE ( 'NONE', *, *, #258, .T. ) ;
#897 = DIRECTION ( 'NONE',  ( -0.6589463589502515539, -0.7521899334783777036, 0.000000000000000000 ) ) ;
#898 = AXIS2_PLACEMENT_3D ( 'NONE', #871, #1287, #1119 ) ;
#899 = CARTESIAN_POINT ( 'NONE',  ( -33.87975369279382676, -23.49813374963260415, -10.00000000000000000 ) ) ;
#900 = EDGE_LOOP ( 'NONE', ( #1302, #1115, #2190, #2387 ) ) ;
#901 = CARTESIAN_POINT ( 'NONE',  ( -19.23319523977246348, -40.31741808286832196, 102.1000000000040160 ) ) ;
#902 = CARTESIAN_POINT ( 'NONE',  ( -21.07564821142271683, -12.11433169070521920, -0.5000000000000000000 ) ) ;
#903 = DIRECTION ( 'NONE',  ( 0.02692264052163333837, 0.03073230302887219878, 0.9991649998763388885 ) ) ;
#904 = VERTEX_POINT ( 'NONE', #1016 ) ;
#905 = EDGE_CURVE ( 'NONE', #2459, #976, #44, .T. ) ;
#906 = CARTESIAN_POINT ( 'NONE',  ( -37.10671845047406237, -23.99482122953305563, 102.1000000000040160 ) ) ;
#907 = ADVANCED_FACE ( 'NONE', ( #1795 ), #2182, .F. ) ;
#908 = ADVANCED_FACE ( 'NONE', ( #1805 ), #211, .F. ) ;
#909 = DIRECTION ( 'NONE',  ( -0.6589463589502516649, -0.7521899334783778146, 0.000000000000000000 ) ) ;
#910 = ORIENTED_EDGE ( 'NONE', *, *, #148, .F. ) ;
#911 = DIRECTION ( 'NONE',  ( -0.6589463589502513319, -0.7521899334783779256, -0.000000000000000000 ) ) ;
#912 = AXIS2_PLACEMENT_3D ( 'NONE', #741, #1916, #768 ) ;
#913 = DIRECTION ( 'NONE',  ( -3.418174336900110422E-16, 3.418174336900110422E-16, -1.000000000000000000 ) ) ;
#914 = EDGE_LOOP ( 'NONE', ( #2133, #573, #2320, #2110 ) ) ;
#915 = DIRECTION ( 'NONE',  ( -0.7521899334783778146, 0.6589463589502513319, 0.000000000000000000 ) ) ;
#916 =( GEOMETRIC_REPRESENTATION_CONTEXT ( 3 ) GLOBAL_UNCERTAINTY_ASSIGNED_CONTEXT ( ( #2241 ) ) GLOBAL_UNIT_ASSIGNED_CONTEXT ( ( #952, #1157, #1517 ) ) REPRESENTATION_CONTEXT ( 'NONE', 'WORKASPACE' ) );
#917 = DIRECTION ( 'NONE',  ( 0.7473404825977583155, 0.6644412713480023491, -4.779090034009418229E-17 ) ) ;
#918 = DIRECTION ( 'NONE',  ( -0.6589463589502516649, -0.7521899334783775926, -1.126196766778757420E-16 ) ) ;
#919 = EDGE_LOOP ( 'NONE', ( #105, #1317 ) ) ;
#920 = AXIS2_PLACEMENT_3D ( 'NONE', #1627, #1022, #429 ) ;
#921 = CARTESIAN_POINT ( 'NONE',  ( -9.894122803217186402, -24.56866674398783701, 86.80000000000401883 ) ) ;
#922 = LINE ( 'NONE', #2114, #436 ) ;
#923 = VERTEX_POINT ( 'NONE', #2005 ) ;
#924 = DIRECTION ( 'NONE',  ( 0.7521899334783775926, -0.6589463589502517760, 0.000000000000000000 ) ) ;
#925 = DIRECTION ( 'NONE',  ( -0.000000000000000000, 0.000000000000000000, 1.000000000000000000 ) ) ;
#926 = EDGE_LOOP ( 'NONE', ( #2350, #2143 ) ) ;
#927 = DIRECTION ( 'NONE',  ( 0.7521899334783779256, -0.6589463589502513319, 0.000000000000000000 ) ) ;
#928 = EDGE_CURVE ( 'NONE', #886, #41, #693, .T. ) ;
#929 = LINE ( 'NONE', #2540, #342 ) ;
#930 = DIRECTION ( 'NONE',  ( -0.000000000000000000, -0.000000000000000000, -1.000000000000000000 ) ) ;
#931 = ORIENTED_EDGE ( 'NONE', *, *, #365, .F. ) ;
#932 = VERTEX_POINT ( 'NONE', #836 ) ;
#933 = CIRCLE ( 'NONE', #607, 2.399999999999998579 ) ;
#934 = PLANE ( 'NONE',  #249 ) ;
#935 = ADVANCED_FACE ( 'NONE', ( #443 ), #825, .T. ) ;
#936 = DIRECTION ( 'NONE',  ( -1.000000000000000000, 0.000000000000000000, -0.000000000000000000 ) ) ;
#937 = ORIENTED_EDGE ( 'NONE', *, *, #1209, .F. ) ;
#938 = FACE_OUTER_BOUND ( 'NONE', #1526, .T. ) ;
#939 = CLOSED_SHELL ( 'NONE', ( #1037, #1998, #1788, #2243, #217, #2393, #555, #245, #538, #535, #1171, #995, #1433, #1799, #1866, #632, #908, #2177, #1198, #1640, #466, #1908, #474, #1376, #2002, #707, #875, #1956, #1148, #55, #1608, #935, #604, #2497, #1596, #2033, #631, #1224, #1450, #1288, #378, #496, #893, #244, #1448, #1705, #1334, #1849, #1562, #520, #225, #1170, #1355, #1716, #1531, #1437, #774, #1049, #683, #706, #2289, #2096, #257, #290, #1552, #229, #379, #835, #649, #644, #753, #2395, #329, #1403, #1591, #1365, #907, #1814, #253, #56, #758, #1289, #1370, #2511, #2404 ) ) ;
#940 = DIRECTION ( 'NONE',  ( -0.7521899334783782587, 0.6589463589502509988, 0.000000000000000000 ) ) ;
#941 = ORIENTED_EDGE ( 'NONE', *, *, #1097, .T. ) ;
#942 = AXIS2_PLACEMENT_3D ( 'NONE', #1884, #114, #927 ) ;
#943 = DIRECTION ( 'NONE',  ( 0.7521899334783783697, -0.6589463589502505547, 0.000000000000000000 ) ) ;
#944 = EDGE_CURVE ( 'NONE', #2533, #838, #108, .T. ) ;
#945 = VECTOR ( 'NONE', #843, 1000.000000000000227 ) ;
#946 = EDGE_CURVE ( 'NONE', #559, #2466, #1463, .T. ) ;
#947 = DIRECTION ( 'NONE',  ( 0.6589463589502513319, 0.7521899334783779256, -0.000000000000000000 ) ) ;
#948 = LINE ( 'NONE', #577, #89 ) ;
#949 = ORIENTED_EDGE ( 'NONE', *, *, #1322, .T. ) ;
#950 = VERTEX_POINT ( 'NONE', #1059 ) ;
#951 = AXIS2_PLACEMENT_3D ( 'NONE', #1477, #2261, #494 ) ;
#952 =( LENGTH_UNIT ( ) NAMED_UNIT ( * ) SI_UNIT ( .MILLI., .METRE. ) );
#953 = LINE ( 'NONE', #761, #979 ) ;
#954 = VERTEX_POINT ( 'NONE', #510 ) ;
#955 = LINE ( 'NONE', #763, #993 ) ;
#956 = CYLINDRICAL_SURFACE ( 'NONE', #2412, 3.500000000000000000 ) ;
#957 = ORIENTED_EDGE ( 'NONE', *, *, #1655, .F. ) ;
#958 = CARTESIAN_POINT ( 'NONE',  ( -4.906398245054977458, -24.94974461314014746, 102.0250000000013131 ) ) ;
#959 = EDGE_CURVE ( 'NONE', #770, #1512, #788, .T. ) ;
#960 = DIRECTION ( 'NONE',  ( 0.6589463589502512209, 0.7521899334783779256, 0.000000000000000000 ) ) ;
#961 = EDGE_CURVE ( 'NONE', #327, #68, #94, .T. ) ;
#962 = FACE_OUTER_BOUND ( 'NONE', #672, .T. ) ;
#963 = ORIENTED_EDGE ( 'NONE', *, *, #2180, .F. ) ;
#964 = FACE_OUTER_BOUND ( 'NONE', #377, .T. ) ;
#965 = VECTOR ( 'NONE', #2484, 1000.000000000000000 ) ;
#966 = PRESENTATION_STYLE_ASSIGNMENT (( #172 ) ) ;
#967 = FACE_BOUND ( 'NONE', #549, .T. ) ;
#968 = ORIENTED_EDGE ( 'NONE', *, *, #1126, .T. ) ;
#969 = DIRECTION ( 'NONE',  ( -0.5603297705951461039, -0.8282696108060411122, -4.319503013676231230E-17 ) ) ;
#970 = CIRCLE ( 'NONE', #1297, 3.999999999947082330 ) ;
#971 = CARTESIAN_POINT ( 'NONE',  ( -18.90372206029733348, -39.94132311612914066, 45.60000000000400888 ) ) ;
#972 = ORIENTED_EDGE ( 'NONE', *, *, #665, .T. ) ;
#973 = CARTESIAN_POINT ( 'NONE',  ( -15.07500535583439216, -39.97179272338889433, -10.00000000000000000 ) ) ;
#974 = DIRECTION ( 'NONE',  ( 0.7521899334783775926, -0.6589463589502515539, 0.000000000000000000 ) ) ;
#975 = CARTESIAN_POINT ( 'NONE',  ( -31.96409060046991613, 2.742154642775014750, 96.95000000000402451 ) ) ;
#976 = VERTEX_POINT ( 'NONE', #1507 ) ;
#977 = DIRECTION ( 'NONE',  ( -0.7521899334783777036, 0.6589463589502515539, 0.000000000000000000 ) ) ;
#978 = AXIS2_PLACEMENT_3D ( 'NONE', #689, #2084, #83 ) ;
#979 = VECTOR ( 'NONE', #2332, 999.9999999999998863 ) ;
#980 = EDGE_CURVE ( 'NONE', #2416, #1723, #1315, .T. ) ;
#981 = ORIENTED_EDGE ( 'NONE', *, *, #2265, .F. ) ;
#982 = EDGE_CURVE ( 'NONE', #195, #1057, #412, .T. ) ;
#983 = CARTESIAN_POINT ( 'NONE',  ( -23.67111584729487106, -36.42963456506181785, 102.1000000000040160 ) ) ;
#984 = LINE ( 'NONE', #335, #390 ) ;
#985 = ORIENTED_EDGE ( 'NONE', *, *, #1969, .F. ) ;
#986 = DIRECTION ( 'NONE',  ( -0.6589463589502515539, -0.7521899334783775926, -0.000000000000000000 ) ) ;
#987 = CIRCLE ( 'NONE', #2454, 3.999999999946595164 ) ;
#988 = PLANE ( 'NONE',  #834 ) ;
#989 = CARTESIAN_POINT ( 'NONE',  ( -36.28676147992463541, -21.38950540099179776, 102.1000000000040160 ) ) ;
#990 = EDGE_LOOP ( 'NONE', ( #1878, #2487 ) ) ;
#991 = ORIENTED_EDGE ( 'NONE', *, *, #1253, .T. ) ;
#992 = AXIS2_PLACEMENT_3D ( 'NONE', #829, #415, #27 ) ;
#993 = VECTOR ( 'NONE', #1553, 1000.000000000000000 ) ;
#994 = EDGE_CURVE ( 'NONE', #923, #369, #1269, .T. ) ;
#995 = ADVANCED_FACE ( 'NONE', ( #1102 ), #2069, .T. ) ;
#996 = ORIENTED_EDGE ( 'NONE', *, *, #1854, .F. ) ;
#997 = CYLINDRICAL_SURFACE ( 'NONE', #239, 2.249999999999901412 ) ;
#998 = CIRCLE ( 'NONE', #221, 3.999999999947370100 ) ;
#999 = EDGE_CURVE ( 'NONE', #150, #327, #1644, .T. ) ;
#1000 = FACE_OUTER_BOUND ( 'NONE', #1063, .T. ) ;
#1001 = EDGE_LOOP ( 'NONE', ( #20, #751, #2474, #1216 ) ) ;
#1002 = CARTESIAN_POINT ( 'NONE',  ( -13.18885459796893045, -28.32961641138027176, 135.7904184938348919 ) ) ;
#1003 = EDGE_LOOP ( 'NONE', ( #2129, #1309, #2479, #1945 ) ) ;
#1004 = CARTESIAN_POINT ( 'NONE',  ( -19.06161200326977934, -36.47937702095256185, 45.60000000000400888 ) ) ;
#1005 = VERTEX_POINT ( 'NONE', #867 ) ;
#1006 = DIRECTION ( 'NONE',  ( 0.7521899334783775926, -0.6589463589502516649, 0.000000000000000000 ) ) ;
#1007 = CARTESIAN_POINT ( 'NONE',  ( -19.58069300042787120, -39.34827139307391519, 45.60000000000400888 ) ) ;
#1008 = ORIENTED_EDGE ( 'NONE', *, *, #1018, .F. ) ;
#1009 = CARTESIAN_POINT ( 'NONE',  ( -16.19115729683512583, -34.34092202299093799, 15.80000000000000782 ) ) ;
#1010 = DIRECTION ( 'NONE',  ( -0.7521899334783778146, 0.6589463589502515539, -0.000000000000000000 ) ) ;
#1011 = VERTEX_POINT ( 'NONE', #1892 ) ;
#1012 = DIRECTION ( 'NONE',  ( -0.6589463589502516649, -0.7521899334783778146, 0.000000000000000000 ) ) ;
#1013 = EDGE_CURVE ( 'NONE', #950, #824, #2504, .T. ) ;
#1014 =( NAMED_UNIT ( * ) PLANE_ANGLE_UNIT ( ) SI_UNIT ( $, .RADIAN. ) );
#1015 = ORIENTED_EDGE ( 'NONE', *, *, #106, .T. ) ;
#1016 = CARTESIAN_POINT ( 'NONE',  ( -4.950000000000003730, 0.000000000000000000, -0.5000000000000000000 ) ) ;
#1017 = VECTOR ( 'NONE', #1074, 1000.000000000000114 ) ;
#1018 = EDGE_CURVE ( 'NONE', #326, #1569, #1401, .T. ) ;
#1019 = LINE ( 'NONE', #1973, #1345 ) ;
#1020 = ORIENTED_EDGE ( 'NONE', *, *, #616, .T. ) ;
#1021 = DIRECTION ( 'NONE',  ( 0.6589463589502513319, 0.7521899334783779256, -0.000000000000000000 ) ) ;
#1022 = DIRECTION ( 'NONE',  ( 0.6589463589502521090, 0.7521899334783773705, -8.492177858282334722E-17 ) ) ;
#1023 = ORIENTED_EDGE ( 'NONE', *, *, #2015, .F. ) ;
#1024 = CYLINDRICAL_SURFACE ( 'NONE', #782, 2.399999999999995914 ) ;
#1025 = EDGE_CURVE ( 'NONE', #828, #1606, #1672, .T. ) ;
#1026 = CIRCLE ( 'NONE', #1684, 2.400000000000001243 ) ;
#1027 = SURFACE_STYLE_FILL_AREA ( #2223 ) ;
#1028 = AXIS2_PLACEMENT_3D ( 'NONE', #216, #39, #2198 ) ;
#1029 = COLOUR_RGB ( '',1.000000000000000000, 0.5019607843137254832, 0.000000000000000000 ) ;
#1030 = DIRECTION ( 'NONE',  ( -0.6589463589502516649, -0.7521899334783778146, 0.000000000000000000 ) ) ;
#1031 = FACE_OUTER_BOUND ( 'NONE', #1359, .T. ) ;
#1032 = ORIENTED_EDGE ( 'NONE', *, *, #30, .F. ) ;
#1033 = DIRECTION ( 'NONE',  ( 0.7521899334783775926, -0.6589463589502515539, 0.000000000000000000 ) ) ;
#1034 = PLANE ( 'NONE',  #596 ) ;
#1035 = ORIENTED_EDGE ( 'NONE', *, *, #2310, .F. ) ;
#1036 = LINE ( 'NONE', #668, #481 ) ;
#1037 = ADVANCED_FACE ( 'NONE', ( #2447 ), #687, .F. ) ;
#1038 = PRESENTATION_LAYER_ASSIGNMENT (  '', '', ( #291 ) ) ;
#1039 =( NAMED_UNIT ( * ) SI_UNIT ( $, .STERADIAN. ) SOLID_ANGLE_UNIT ( ) );
#1040 = AXIS2_PLACEMENT_3D ( 'NONE', #2048, #282, #1069 ) ;
#1041 = CARTESIAN_POINT ( 'NONE',  ( -13.18885459796893045, -28.32961641138027176, 79.80000000000403304 ) ) ;
#1042 = ORIENTED_EDGE ( 'NONE', *, *, #1480, .T. ) ;
#1043 = FACE_OUTER_BOUND ( 'NONE', #1516, .T. ) ;
#1044 = AXIS2_PLACEMENT_3D ( 'NONE', #1385, #2174, #1215 ) ;
#1045 = DIRECTION ( 'NONE',  ( 0.000000000000000000, 0.000000000000000000, -1.000000000000000000 ) ) ;
#1046 = ORIENTED_EDGE ( 'NONE', *, *, #2352, .T. ) ;
#1047 = DIRECTION ( 'NONE',  ( -0.6589463589502515539, -0.7521899334783778146, 0.000000000000000000 ) ) ;
#1048 = DIRECTION ( 'NONE',  ( 0.6589463589502513319, 0.7521899334783779256, -0.000000000000000000 ) ) ;
#1049 = ADVANCED_FACE ( 'NONE', ( #1087 ), #119, .T. ) ;
#1050 = CARTESIAN_POINT ( 'NONE',  ( -37.64070336018572505, -20.20340195488136104, 107.1000000000040302 ) ) ;
#1051 = ORIENTED_EDGE ( 'NONE', *, *, #1825, .T. ) ;
#1052 = DIRECTION ( 'NONE',  ( -0.6589463589502512209, -0.7521899334783779256, 0.000000000000000000 ) ) ;
#1053 = AXIS2_PLACEMENT_3D ( 'NONE', #2027, #652, #2058 ) ;
#1054 = CARTESIAN_POINT ( 'NONE',  ( -20.70897790064544353, -38.35985185464853231, 102.1000000000040160 ) ) ;
#1055 = ORIENTED_EDGE ( 'NONE', *, *, #1566, .T. ) ;
#1056 = CARTESIAN_POINT ( 'NONE',  ( -35.30146261012595943, -25.57629249101365687, 102.1000000000040160 ) ) ;
#1057 = VERTEX_POINT ( 'NONE', #906 ) ;
#1058 = CIRCLE ( 'NONE', #1604, 2.399999999999998579 ) ;
#1059 = CARTESIAN_POINT ( 'NONE',  ( -3.288984293172612094, 3.699335388858906004, -10.00000000000000000 ) ) ;
#1060 = EDGE_CURVE ( 'NONE', #210, #2450, #1699, .T. ) ;
#1061 = EDGE_CURVE ( 'NONE', #2201, #227, #1611, .T. ) ;
#1062 = CARTESIAN_POINT ( 'NONE',  ( -34.21823916285909917, -23.20160788810500918, 15.80000000000000782 ) ) ;
#1063 = EDGE_LOOP ( 'NONE', ( #1085, #2119, #1787, #2445 ) ) ;
#1064 = CIRCLE ( 'NONE', #2052, 3.999999999946591611 ) ;
#1065 = FACE_OUTER_BOUND ( 'NONE', #619, .T. ) ;
#1066 = DIRECTION ( 'NONE',  ( 0.6589463589502514429, 0.7521899334783777036, -0.000000000000000000 ) ) ;
#1067 = ORIENTED_EDGE ( 'NONE', *, *, #407, .T. ) ;
#1068 = CYLINDRICAL_SURFACE ( 'NONE', #1567, 3.500000000000002665 ) ;
#1069 = DIRECTION ( 'NONE',  ( 0.7521899334783774815, -0.6589463589502518870, 0.000000000000000000 ) ) ;
#1070 = DIRECTION ( 'NONE',  ( 0.7521899334783777036, -0.6589463589502515539, 0.000000000000000000 ) ) ;
#1071 = VERTEX_POINT ( 'NONE', #2503 ) ;
#1072 = DIRECTION ( 'NONE',  ( 0.000000000000000000, 0.000000000000000000, 1.000000000000000000 ) ) ;
#1073 = CIRCLE ( 'NONE', #2024, 2.250000000000001776 ) ;
#1074 = DIRECTION ( 'NONE',  ( -0.6589463589502514429, -0.7521899334783778146, -0.000000000000000000 ) ) ;
#1075 = EDGE_LOOP ( 'NONE', ( #1458, #2337, #1910, #2509 ) ) ;
#1076 = AXIS2_PLACEMENT_3D ( 'NONE', #2528, #930, #2355 ) ;
#1077 = DIRECTION ( 'NONE',  ( 0.7521899334783779256, -0.6589463589502513319, 0.000000000000000000 ) ) ;
#1078 = DIRECTION ( 'NONE',  ( -0.7521899334783777036, 0.6589463589502515539, 0.000000000000000000 ) ) ;
#1079 = VERTEX_POINT ( 'NONE', #1143 ) ;
#1080 = DIRECTION ( 'NONE',  ( -1.240599086562964442E-15, 8.410410298749378055E-16, 1.000000000000000000 ) ) ;
#1081 = EDGE_CURVE ( 'NONE', #2529, #838, #143, .T. ) ;
#1082 = LINE ( 'NONE', #2091, #2158 ) ;
#1083 = CARTESIAN_POINT ( 'NONE',  ( -27.75650797593099739, -8.920552952705525840, 102.0250000000013131 ) ) ;
#1084 = EDGE_CURVE ( 'NONE', #394, #1011, #344, .T. ) ;
#1085 = ORIENTED_EDGE ( 'NONE', *, *, #454, .T. ) ;
#1086 = VECTOR ( 'NONE', #779, 1000.000000000000114 ) ;
#1087 = FACE_OUTER_BOUND ( 'NONE', #1001, .T. ) ;
#1088 = DIRECTION ( 'NONE',  ( 0.7521899334783774815, -0.6589463589502517760, 0.000000000000000000 ) ) ;
#1089 = ORIENTED_EDGE ( 'NONE', *, *, #568, .F. ) ;
#1090 = FACE_OUTER_BOUND ( 'NONE', #418, .T. ) ;
#1091 = CARTESIAN_POINT ( 'NONE',  ( -25.77966889908024228, -6.663983152270392729, 102.0250000000013131 ) ) ;
#1092 = ORIENTED_EDGE ( 'NONE', *, *, #1416, .T. ) ;
#1093 = VECTOR ( 'NONE', #2262, 1000.000000000000000 ) ;
#1094 = DIRECTION ( 'NONE',  ( 0.7521899334783769264, -0.6589463589502525531, 0.000000000000000000 ) ) ;
#1095 = CIRCLE ( 'NONE', #775, 4.950000000000003730 ) ;
#1096 = DIRECTION ( 'NONE',  ( 0.6589463589502515539, 0.7521899334783777036, 0.000000000000000000 ) ) ;
#1097 = EDGE_CURVE ( 'NONE', #128, #1424, #2317, .T. ) ;
#1098 = CYLINDRICAL_SURFACE ( 'NONE', #551, 3.999999999946590723 ) ;
#1099 = ORIENTED_EDGE ( 'NONE', *, *, #794, .F. ) ;
#1100 = EDGE_LOOP ( 'NONE', ( #1833, #203, #456, #2155, #488, #1702, #2165, #2123, #1751, #963, #1888, #714, #2209, #155 ) ) ;
#1101 = EDGE_CURVE ( 'NONE', #1646, #1693, #1361, .T. ) ;
#1102 = FACE_OUTER_BOUND ( 'NONE', #900, .T. ) ;
#1103 = VECTOR ( 'NONE', #12, 1000.000000000000114 ) ;
#1104 = EDGE_CURVE ( 'NONE', #2229, #849, #357, .T. ) ;
#1105 = DIRECTION ( 'NONE',  ( 0.6589463589502515539, 0.7521899334783778146, -0.000000000000000000 ) ) ;
#1106 = ORIENTED_EDGE ( 'NONE', *, *, #665, .F. ) ;
#1107 = CARTESIAN_POINT ( 'NONE',  ( -21.03845108012054865, -38.73594682138769940, 102.1000000000040160 ) ) ;
#1108 = VECTOR ( 'NONE', #2055, 1000.000000000000000 ) ;
#1109 = DIRECTION ( 'NONE',  ( -0.6589463589502512209, -0.7521899334783779256, 0.000000000000000000 ) ) ;
#1110 = VERTEX_POINT ( 'NONE', #746 ) ;
#1111 = CARTESIAN_POINT ( 'NONE',  ( -9.894122803217186402, -24.56866674398783701, 86.80000000000401883 ) ) ;
#1112 = CARTESIAN_POINT ( 'NONE',  ( -33.87975369279382676, -23.49813374963260415, 107.1000000000040302 ) ) ;
#1113 = LINE ( 'NONE', #878, #799 ) ;
#1114 = ORIENTED_EDGE ( 'NONE', *, *, #1464, .T. ) ;
#1115 = ORIENTED_EDGE ( 'NONE', *, *, #185, .T. ) ;
#1116 = FILL_AREA_STYLE ('',( #2139 ) ) ;
#1117 = DIRECTION ( 'NONE',  ( 0.6589463589502513319, 0.7521899334783778146, -0.000000000000000000 ) ) ;
#1118 = VERTEX_POINT ( 'NONE', #733 ) ;
#1119 = DIRECTION ( 'NONE',  ( 3.312313739460348532E-16, -1.772716215868352477E-16, 1.000000000000000000 ) ) ;
#1120 = DIRECTION ( 'NONE',  ( -0.000000000000000000, -0.000000000000000000, 1.000000000000000000 ) ) ;
#1121 = ORIENTED_EDGE ( 'NONE', *, *, #2427, .T. ) ;
#1122 = CARTESIAN_POINT ( 'NONE',  ( -12.90097766771535959, -37.49013132577296403, -10.00000000000000000 ) ) ;
#1123 = DIRECTION ( 'NONE',  ( -0.6589463589502514429, -0.7521899334783780366, 0.000000000000000000 ) ) ;
#1124 = DIRECTION ( 'NONE',  ( 0.7521899334783775926, -0.6589463589502515539, 0.000000000000000000 ) ) ;
#1125 = ORIENTED_EDGE ( 'NONE', *, *, #1576, .F. ) ;
#1126 = EDGE_CURVE ( 'NONE', #1110, #1424, #773, .T. ) ;
#1127 = MANIFOLD_SOLID_BREP ( 'Wytnij-wyci¹gniêcie5', #939 ) ;
#1128 = CIRCLE ( 'NONE', #716, 3.999999999947082330 ) ;
#1129 = LINE ( 'NONE', #1919, #49 ) ;
#1130 = EDGE_CURVE ( 'NONE', #493, #2111, #1169, .T. ) ;
#1131 = CARTESIAN_POINT ( 'NONE',  ( -27.75650797593099739, -8.920552952705525840, 102.0250000000013131 ) ) ;
#1132 = ORIENTED_EDGE ( 'NONE', *, *, #2448, .F. ) ;
#1133 = CARTESIAN_POINT ( 'NONE',  ( -29.23974259312098667, -3.632829901064014599, 96.95000000000402451 ) ) ;
#1134 = EDGE_CURVE ( 'NONE', #195, #1569, #1548, .T. ) ;
#1135 = PLANE ( 'NONE',  #301 ) ;
#1136 = ORIENTED_EDGE ( 'NONE', *, *, #2090, .T. ) ;
#1137 = DIRECTION ( 'NONE',  ( -0.000000000000000000, -0.000000000000000000, -1.000000000000000000 ) ) ;
#1138 = FACE_OUTER_BOUND ( 'NONE', #1212, .T. ) ;
#1139 = DIRECTION ( 'NONE',  ( 0.6589463589502514429, 0.7521899334783779256, 0.000000000000000000 ) ) ;
#1140 = EDGE_LOOP ( 'NONE', ( #1682, #949 ) ) ;
#1141 = ORIENTED_EDGE ( 'NONE', *, *, #640, .F. ) ;
#1142 = AXIS2_PLACEMENT_3D ( 'NONE', #95, #909, #1673 ) ;
#1143 = CARTESIAN_POINT ( 'NONE',  ( -30.55607497666799333, -2.479673772936265230, 96.95000000000402451 ) ) ;
#1144 = EDGE_CURVE ( 'NONE', #142, #587, #1129, .T. ) ;
#1145 = DIRECTION ( 'NONE',  ( -0.6589463589502514429, -0.7521899334783780366, 0.000000000000000000 ) ) ;
#1146 = ORIENTED_EDGE ( 'NONE', *, *, #292, .T. ) ;
#1147 = CARTESIAN_POINT ( 'NONE',  ( -3.213970894728700678, -26.43237392077814363, 102.0250000000013131 ) ) ;
#1148 = ADVANCED_FACE ( 'NONE', ( #2518 ), #934, .F. ) ;
#1149 = CARTESIAN_POINT ( 'NONE',  ( -31.91192690653321762, -20.56894312093068322, 15.80000000000000782 ) ) ;
#1150 = ORIENTED_EDGE ( 'NONE', *, *, #32, .T. ) ;
#1151 = VECTOR ( 'NONE', #2389, 1000.000000000000114 ) ;
#1152 = PLANE ( 'NONE',  #485 ) ;
#1153 = CARTESIAN_POINT ( 'NONE',  ( -21.03845108012054510, -38.73594682138770651, 45.60000000000400888 ) ) ;
#1154 = ORIENTED_EDGE ( 'NONE', *, *, #872, .F. ) ;
#1155 = CARTESIAN_POINT ( 'NONE',  ( -22.77090916520631936, -9.299768588036716466, 102.0250000000013131 ) ) ;
#1156 = VECTOR ( 'NONE', #660, 1000.000000000000114 ) ;
#1157 =( NAMED_UNIT ( * ) PLANE_ANGLE_UNIT ( ) SI_UNIT ( $, .RADIAN. ) );
#1158 = EDGE_CURVE ( 'NONE', #2357, #1512, #534, .T. ) ;
#1159 = ORIENTED_EDGE ( 'NONE', *, *, #859, .T. ) ;
#1160 = CARTESIAN_POINT ( 'NONE',  ( -26.34792693904613969, -16.80177959732239756, 135.7904184938348919 ) ) ;
#1161 = LINE ( 'NONE', #792, #2203 ) ;
#1162 = ORIENTED_EDGE ( 'NONE', *, *, #1060, .F. ) ;
#1163 = DIRECTION ( 'NONE',  ( -1.000000000000000000, 0.000000000000000000, 0.000000000000000000 ) ) ;
#1164 = AXIS2_PLACEMENT_3D ( 'NONE', #1341, #1123, #1955 ) ;
#1165 = CARTESIAN_POINT ( 'NONE',  ( -26.35785435801004795, -30.08759733913511525, -10.00000000000000000 ) ) ;
#1166 =( LENGTH_UNIT ( ) NAMED_UNIT ( * ) SI_UNIT ( .MILLI., .METRE. ) );
#1167 = ORIENTED_EDGE ( 'NONE', *, *, #437, .T. ) ;
#1168 = CARTESIAN_POINT ( 'NONE',  ( -1.521543544402426118, -27.91500322841614690, 102.0250000000013131 ) ) ;
#1169 = CIRCLE ( 'NONE', #173, 1.499999999999998446 ) ;
#1170 = ADVANCED_FACE ( 'NONE', ( #2108 ), #1872, .F. ) ;
#1171 = ADVANCED_FACE ( 'NONE', ( #491 ), #889, .T. ) ;
#1172 = VERTEX_POINT ( 'NONE', #2064 ) ;
#1173 = CARTESIAN_POINT ( 'NONE',  ( -18.83595502322626913, -36.67706092863762990, 107.1000000000040160 ) ) ;
#1174 = DIRECTION ( 'NONE',  ( 0.7521899334783782587, -0.6589463589502509988, 0.000000000000000000 ) ) ;
#1175 = ORIENTED_EDGE ( 'NONE', *, *, #961, .T. ) ;
#1176 = LINE ( 'NONE', #806, #1847 ) ;
#1177 = FACE_OUTER_BOUND ( 'NONE', #110, .T. ) ;
#1178 = CARTESIAN_POINT ( 'NONE',  ( -3.213970894728692240, -26.43237392077813297, 102.0250000000013131 ) ) ;
#1179 = ORIENTED_EDGE ( 'NONE', *, *, #2125, .T. ) ;
#1180 = CARTESIAN_POINT ( 'NONE',  ( -35.63093578960108943, -25.95238745775284883, 45.60000000000400888 ) ) ;
#1181 = EDGE_CURVE ( 'NONE', #856, #2059, #2285, .T. ) ;
#1182 = EDGE_CURVE ( 'NONE', #662, #215, #1824, .T. ) ;
#1183 = AXIS2_PLACEMENT_3D ( 'NONE', #1284, #675, #1660 ) ;
#1184 = AXIS2_PLACEMENT_3D ( 'NONE', #1701, #145, #936 ) ;
#1185 = ORIENTED_EDGE ( 'NONE', *, *, #4, .T. ) ;
#1186 = FACE_OUTER_BOUND ( 'NONE', #701, .T. ) ;
#1187 = EDGE_CURVE ( 'NONE', #2358, #1606, #2519, .T. ) ;
#1188 = DIRECTION ( 'NONE',  ( 0.7521899334783778146, -0.6589463589502514429, 0.000000000000000000 ) ) ;
#1189 = EDGE_LOOP ( 'NONE', ( #2437, #1944 ) ) ;
#1190 = CARTESIAN_POINT ( 'NONE',  ( -35.30146261012595943, -25.57629249101366042, 45.60000000000400888 ) ) ;
#1191 = ORIENTED_EDGE ( 'NONE', *, *, #276, .T. ) ;
#1192 = CARTESIAN_POINT ( 'NONE',  ( -19.23319523977245993, -40.31741808286832907, 45.60000000000400888 ) ) ;
#1193 = CIRCLE ( 'NONE', #992, 2.400000000000001243 ) ;
#1194 = AXIS2_PLACEMENT_3D ( 'NONE', #736, #1733, #1521 ) ;
#1195 = ORIENTED_EDGE ( 'NONE', *, *, #1209, .T. ) ;
#1196 = CARTESIAN_POINT ( 'NONE',  ( -26.07815430047639893, 6.046432759462319062, 96.95000000000402451 ) ) ;
#1197 = VECTOR ( 'NONE', #1109, 1000.000000000000000 ) ;
#1198 = ADVANCED_FACE ( 'NONE', ( #1845 ), #1885, .F. ) ;
#1199 = CARTESIAN_POINT ( 'NONE',  ( -21.69427677044410530, -34.17306476462667320, 102.1000000000040160 ) ) ;
#1200 = EDGE_LOOP ( 'NONE', ( #163, #653, #186, #1546 ) ) ;
#1201 = CARTESIAN_POINT ( 'NONE',  ( -18.49746955316100383, -36.97358679016526395, 15.80000000000000782 ) ) ;
#1202 = DIRECTION ( 'NONE',  ( -0.7521899334783779256, 0.6589463589502512209, 0.000000000000000000 ) ) ;
#1203 = EDGE_LOOP ( 'NONE', ( #1162, #1442, #1856, #1325 ) ) ;
#1204 = DIRECTION ( 'NONE',  ( -0.6589463589502513319, -0.7521899334783779256, -0.000000000000000000 ) ) ;
#1205 = AXIS2_PLACEMENT_3D ( 'NONE', #590, #403, #742 ) ;
#1206 = LINE ( 'NONE', #332, #1676 ) ;
#1207 = ORIENTED_EDGE ( 'NONE', *, *, #2246, .T. ) ;
#1208 = CARTESIAN_POINT ( 'NONE',  ( 5.038973123726298908, -37.65061420293652361, 107.1000000000040160 ) ) ;
#1209 = EDGE_CURVE ( 'NONE', #1953, #1005, #126, .T. ) ;
#1210 = DIRECTION ( 'NONE',  ( -0.6589463589502515539, -0.7521899334783775926, -0.000000000000000000 ) ) ;
#1211 = AXIS2_PLACEMENT_3D ( 'NONE', #899, #2468, #2439 ) ;
#1212 = EDGE_LOOP ( 'NONE', ( #2124, #2346, #1226, #1555 ) ) ;
#1213 = DIRECTION ( 'NONE',  ( -0.6589463589502515539, -0.7521899334783777036, -0.000000000000000000 ) ) ;
#1214 = EDGE_CURVE ( 'NONE', #777, #1118, #1279, .T. ) ;
#1215 = DIRECTION ( 'NONE',  ( 0.7521899334783777036, -0.6589463589502515539, 0.000000000000000000 ) ) ;
#1216 = ORIENTED_EDGE ( 'NONE', *, *, #30, .T. ) ;
#1217 = DIRECTION ( 'NONE',  ( 0.7521899334783777036, -0.6589463589502515539, 0.000000000000000000 ) ) ;
#1218 = VECTOR ( 'NONE', #2449, 999.9999999999998863 ) ;
#1219 = FACE_BOUND ( 'NONE', #80, .T. ) ;
#1220 = AXIS2_PLACEMENT_3D ( 'NONE', #608, #15, #202 ) ;
#1221 = LINE ( 'NONE', #2214, #522 ) ;
#1222 = ORIENTED_EDGE ( 'NONE', *, *, #2489, .T. ) ;
#1223 = DIRECTION ( 'NONE',  ( -0.6589463589502516649, -0.7521899334783778146, -1.126196766778757913E-16 ) ) ;
#1224 = ADVANCED_FACE ( 'NONE', ( #1653 ), #2297, .T. ) ;
#1225 = LINE ( 'NONE', #1637, #1793 ) ;
#1226 = ORIENTED_EDGE ( 'NONE', *, *, #65, .T. ) ;
#1227 = CARTESIAN_POINT ( 'NONE',  ( 1.278023456334396624, -34.35588240818525207, 96.95000000000401030 ) ) ;
#1228 = VECTOR ( 'NONE', #726, 1000.000000000000227 ) ;
#1229 = AXIS2_PLACEMENT_3D ( 'NONE', #2227, #2417, #643 ) ;
#1230 = AXIS2_PLACEMENT_3D ( 'NONE', #1687, #1072, #478 ) ;
#1231 = DIRECTION ( 'NONE',  ( -0.6589463589502516649, -0.7521899334783777036, -1.126196766778757667E-16 ) ) ;
#1232 = CARTESIAN_POINT ( 'NONE',  ( -18.40578631294622269, -41.04225907771358806, 45.60000000000400888 ) ) ;
#1233 = EDGE_LOOP ( 'NONE', ( #2283, #1373, #58, #1175, #1551 ) ) ;
#1234 = CARTESIAN_POINT ( 'NONE',  ( -34.21823916285909917, -23.20160788810500918, 15.80000000000000782 ) ) ;
#1235 = DIRECTION ( 'NONE',  ( -0.5603297705951459928, -0.8282696108060412232, -0.000000000000000000 ) ) ;
#1236 = ORIENTED_EDGE ( 'NONE', *, *, #4, .F. ) ;
#1237 = DIRECTION ( 'NONE',  ( -0.6589463589502515539, -0.7521899334783778146, 0.000000000000000000 ) ) ;
#1238 = APPLICATION_PROTOCOL_DEFINITION ( 'draft international standard', 'automotive_design', 1998, #397 ) ;
#1239 = EDGE_CURVE ( 'NONE', #1248, #385, #1082, .T. ) ;
#1240 = EDGE_CURVE ( 'NONE', #2031, #1343, #517, .T. ) ;
#1241 = AXIS2_PLACEMENT_3D ( 'NONE', #325, #2458, #1504 ) ;
#1242 = VECTOR ( 'NONE', #79, 1000.000000000000000 ) ;
#1243 = DIRECTION ( 'NONE',  ( -0.000000000000000000, -0.000000000000000000, -1.000000000000000000 ) ) ;
#1244 = VERTEX_POINT ( 'NONE', #902 ) ;
#1245 = CARTESIAN_POINT ( 'NONE',  ( -35.63093578960107521, -25.95238745775283107, 45.60000000000400888 ) ) ;
#1246 = CIRCLE ( 'NONE', #387, 2.399999999999998579 ) ;
#1247 = CARTESIAN_POINT ( 'NONE',  ( -37.64070336018572505, -20.20340195488136104, -10.00000000000000000 ) ) ;
#1248 = VERTEX_POINT ( 'NONE', #1472 ) ;
#1249 = DIRECTION ( 'NONE',  ( 0.6589463589502513319, 0.7521899334783778146, -0.000000000000000000 ) ) ;
#1250 = EDGE_CURVE ( 'NONE', #528, #2524, #1413, .T. ) ;
#1251 =( NAMED_UNIT ( * ) SI_UNIT ( $, .STERADIAN. ) SOLID_ANGLE_UNIT ( ) );
#1252 = VERTEX_POINT ( 'NONE', #877 ) ;
#1253 = EDGE_CURVE ( 'NONE', #2148, #13, #101, .T. ) ;
#1254 = EDGE_CURVE ( 'NONE', #838, #150, #1667, .T. ) ;
#1255 = DIRECTION ( 'NONE',  ( 0.7521899334783767044, -0.6589463589502526641, 0.000000000000000000 ) ) ;
#1256 = CARTESIAN_POINT ( 'NONE',  ( -27.88350325368071836, -18.16702114719952021, 107.1000000000040302 ) ) ;
#1257 = VERTEX_POINT ( 'NONE', #2443 ) ;
#1258 = CARTESIAN_POINT ( 'NONE',  ( -20.70897790064544353, -38.35985185464853231, 102.1000000000040160 ) ) ;
#1259 = AXIS2_PLACEMENT_3D ( 'NONE', #316, #67, #855 ) ;
#1260 = CARTESIAN_POINT ( 'NONE',  ( -31.02143194557598704, -26.00212991364356441, 45.60000000000400888 ) ) ;
#1261 = VERTEX_POINT ( 'NONE', #1306 ) ;
#1262 = LINE ( 'NONE', #462, #152 ) ;
#1263 = UNCERTAINTY_MEASURE_WITH_UNIT (LENGTH_MEASURE( 1.000000000000000082E-05 ), #1166, 'distance_accuracy_value', 'NONE');
#1264 = DIRECTION ( 'NONE',  ( -0.7521899334783772595, 0.6589463589502519980, 3.659613947242714987E-16 ) ) ;
#1265 = LINE ( 'NONE', #1873, #708 ) ;
#1266 =( NAMED_UNIT ( * ) SI_UNIT ( $, .STERADIAN. ) SOLID_ANGLE_UNIT ( ) );
#1267 = EDGE_LOOP ( 'NONE', ( #84, #507, #1564, #1931 ) ) ;
#1268 = CIRCLE ( 'NONE', #688, 1.500000000000001110 ) ;
#1269 = LINE ( 'NONE', #881, #201 ) ;
#1270 = AXIS2_PLACEMENT_3D ( 'NONE', #2, #1747, #375 ) ;
#1271 = DIRECTION ( 'NONE',  ( -1.709087168450055211E-16, 1.709087168450055211E-16, 1.000000000000000000 ) ) ;
#1272 = ORIENTED_EDGE ( 'NONE', *, *, #1389, .F. ) ;
#1273 = AXIS2_PLACEMENT_3D ( 'NONE', #1492, #286, #2435 ) ;
#1274 = DIRECTION ( 'NONE',  ( -0.6589463589502513319, -0.7521899334783779256, -0.000000000000000000 ) ) ;
#1275 = EDGE_CURVE ( 'NONE', #2299, #2287, #324, .T. ) ;
#1276 = DIRECTION ( 'NONE',  ( -0.6589463589502516649, -0.7521899334783775926, -1.126196766778757420E-16 ) ) ;
#1277 = ORIENTED_EDGE ( 'NONE', *, *, #1354, .F. ) ;
#1278 = CARTESIAN_POINT ( 'NONE',  ( -23.05319514429439565, -13.04082992992995926, 86.80000000000401883 ) ) ;
#1279 = LINE ( 'NONE', #90, #1242 ) ;
#1280 = CARTESIAN_POINT ( 'NONE',  ( -23.67111584729487106, -36.42963456506181785, 102.1000000000040160 ) ) ;
#1281 = ORIENTED_EDGE ( 'NONE', *, *, #1668, .F. ) ;
#1282 = DIRECTION ( 'NONE',  ( -0.000000000000000000, -0.000000000000000000, -1.000000000000000000 ) ) ;
#1283 = AXIS2_PLACEMENT_3D ( 'NONE', #116, #1669, #903 ) ;
#1284 = CARTESIAN_POINT ( 'NONE',  ( -35.63093578960108943, -25.95238745775284528, 102.1000000000040160 ) ) ;
#1285 = ORIENTED_EDGE ( 'NONE', *, *, #343, .F. ) ;
#1286 = COLOUR_RGB ( '',1.000000000000000000, 0.5019607843137254832, 0.000000000000000000 ) ;
#1287 = DIRECTION ( 'NONE',  ( -0.6589463589502519980, -0.7521899334783772595, 8.492177858282337187E-17 ) ) ;
#1288 = ADVANCED_FACE ( 'NONE', ( #2162 ), #1371, .T. ) ;
#1289 = ADVANCED_FACE ( 'NONE', ( #1530 ), #988, .F. ) ;
#1290 = CYLINDRICAL_SURFACE ( 'NONE', #2422, 3.999999999947082330 ) ;
#1291 = EDGE_LOOP ( 'NONE', ( #1930, #1207, #738, #419 ) ) ;
#1292 = DIRECTION ( 'NONE',  ( 0.6589463589502514429, 0.7521899334783779256, 0.000000000000000000 ) ) ;
#1293 = DIRECTION ( 'NONE',  ( -0.6589463589502516649, -0.7521899334783777036, -1.126196766778757667E-16 ) ) ;
#1294 = FACE_OUTER_BOUND ( 'NONE', #1763, .T. ) ;
#1295 = ORIENTED_EDGE ( 'NONE', *, *, #1610, .T. ) ;
#1296 = ORIENTED_EDGE ( 'NONE', *, *, #1893, .T. ) ;
#1297 = AXIS2_PLACEMENT_3D ( 'NONE', #709, #1469, #1707 ) ;
#1298 = CARTESIAN_POINT ( 'NONE',  ( 0.000000000000000000, 0.000000000000000000, 5.000000000000000000 ) ) ;
#1299 = ORIENTED_EDGE ( 'NONE', *, *, #449, .F. ) ;
#1300 = DIRECTION ( 'NONE',  ( -0.6589463589502513319, -0.7521899334783779256, 0.000000000000000000 ) ) ;
#1301 = CARTESIAN_POINT ( 'NONE',  ( -27.77058165080274676, 7.529062067100383615, 96.95000000000402451 ) ) ;
#1302 = ORIENTED_EDGE ( 'NONE', *, *, #2141, .F. ) ;
#1303 = VECTOR ( 'NONE', #1940, 1000.000000000000114 ) ;
#1304 = FACE_OUTER_BOUND ( 'NONE', #1348, .T. ) ;
#1305 = COLOUR_RGB ( '',1.000000000000000000, 0.5019607843137254832, 0.000000000000000000 ) ;
#1306 = CARTESIAN_POINT ( 'NONE',  ( -27.88350325368071836, -18.16702114719952021, -10.00000000000000000 ) ) ;
#1307 = DIRECTION ( 'NONE',  ( 0.7521899334783783697, -0.6589463589502505547, 0.000000000000000000 ) ) ;
#1308 = EDGE_LOOP ( 'NONE', ( #1277, #1615, #1333, #2258 ) ) ;
#1309 = ORIENTED_EDGE ( 'NONE', *, *, #1060, .T. ) ;
#1310 = DIRECTION ( 'NONE',  ( -3.418174336900112887E-16, 3.418174336900112887E-16, 1.000000000000000000 ) ) ;
#1311 = DIRECTION ( 'NONE',  ( -0.6589463589502515539, -0.7521899334783777036, 0.000000000000000000 ) ) ;
#1312 = ORIENTED_EDGE ( 'NONE', *, *, #1464, .F. ) ;
#1313 = PLANE ( 'NONE',  #898 ) ;
#1314 = VECTOR ( 'NONE', #1137, 1000.000000000000000 ) ;
#1315 = CIRCLE ( 'NONE', #281, 1.499999999999998446 ) ;
#1316 = LINE ( 'NONE', #2132, #1086 ) ;
#1317 = ORIENTED_EDGE ( 'NONE', *, *, #616, .F. ) ;
#1318 = CARTESIAN_POINT ( 'NONE',  ( -19.91016617990297988, -39.72436635981308939, 45.60000000000400888 ) ) ;
#1319 = CARTESIAN_POINT ( 'NONE',  ( -34.50265088938351710, -26.94080699617820684, 102.1000000000040160 ) ) ;
#1320 = PLANE ( 'NONE',  #1283 ) ;
#1321 = EDGE_LOOP ( 'NONE', ( #1285, #351, #320, #261 ) ) ;
#1322 = EDGE_CURVE ( 'NONE', #2206, #142, #1950, .T. ) ;
#1323 = CARTESIAN_POINT ( 'NONE',  ( -33.49620676977786360, -27.15776375249425811, 102.1000000000040160 ) ) ;
#1324 = CARTESIAN_POINT ( 'NONE',  ( -1.237131817877947570, -24.17580412034301318, 102.0250000000013131 ) ) ;
#1325 = ORIENTED_EDGE ( 'NONE', *, *, #2076, .F. ) ;
#1326 = DIRECTION ( 'NONE',  ( -0.6589463589502516649, -0.7521899334783777036, -0.000000000000000000 ) ) ;
#1327 = CYLINDRICAL_SURFACE ( 'NONE', #764, 1.500000000000001110 ) ;
#1328 = ORIENTED_EDGE ( 'NONE', *, *, #905, .F. ) ;
#1329 = CYLINDRICAL_SURFACE ( 'NONE', #2047, 4.950000000000000178 ) ;
#1330 = PLANE ( 'NONE',  #1822 ) ;
#1331 = CARTESIAN_POINT ( 'NONE',  ( -34.03261291753546658, 4.554257129888199529, 107.1000000000040302 ) ) ;
#1332 = ORIENTED_EDGE ( 'NONE', *, *, #1720, .T. ) ;
#1333 = ORIENTED_EDGE ( 'NONE', *, *, #1402, .T. ) ;
#1334 = ADVANCED_FACE ( 'NONE', ( #1943, #1177, #1928 ), #1727, .T. ) ;
#1335 = DIRECTION ( 'NONE',  ( 0.7521899334783779256, -0.6589463589502513319, 0.000000000000000000 ) ) ;
#1336 = ORIENTED_EDGE ( 'NONE', *, *, #1757, .T. ) ;
#1337 = DIRECTION ( 'NONE',  ( 0.7521899334783772595, -0.6589463589502519980, 0.000000000000000000 ) ) ;
#1338 = DIRECTION ( 'NONE',  ( 0.6589463589502513319, 0.7521899334783778146, -0.000000000000000000 ) ) ;
#1339 = EDGE_LOOP ( 'NONE', ( #2420, #542, #1713, #96 ) ) ;
#1340 = CYLINDRICAL_SURFACE ( 'NONE', #444, 2.400000000000001243 ) ;
#1341 = CARTESIAN_POINT ( 'NONE',  ( -21.03845108012054510, -38.73594682138770651, 45.60000000000400888 ) ) ;
#1342 = SURFACE_STYLE_USAGE ( .BOTH. , #1929 ) ;
#1343 = VERTEX_POINT ( 'NONE', #353 ) ;
#1344 = EDGE_LOOP ( 'NONE', ( #1794, #1387 ) ) ;
#1345 = VECTOR ( 'NONE', #413, 1000.000000000000000 ) ;
#1346 = DIRECTION ( 'NONE',  ( 0.7521899334783777036, -0.6589463589502515539, 0.000000000000000000 ) ) ;
#1347 = CARTESIAN_POINT ( 'NONE',  ( 5.231701610035897509, -29.84274280731500539, 96.95000000000401030 ) ) ;
#1348 = EDGE_LOOP ( 'NONE', ( #818, #1718 ) ) ;
#1349 = DIRECTION ( 'NONE',  ( -4.341941901550329561E-16, 5.973915050926204108E-17, -1.000000000000000000 ) ) ;
#1350 = CARTESIAN_POINT ( 'NONE',  ( -1.440956863104896790, 11.62962746654849866, 86.80000000000401883 ) ) ;
#1351 = ORIENTED_EDGE ( 'NONE', *, *, #1906, .F. ) ;
#1352 = VECTOR ( 'NONE', #1213, 1000.000000000000000 ) ;
#1353 = LINE ( 'NONE', #2134, #408 ) ;
#1354 = EDGE_CURVE ( 'NONE', #394, #1791, #2340, .T. ) ;
#1355 = ADVANCED_FACE ( 'NONE', ( #1138 ), #2311, .T. ) ;
#1356 = AXIS2_PLACEMENT_3D ( 'NONE', #884, #1675, #2451 ) ;
#1357 = FACE_OUTER_BOUND ( 'NONE', #2469, .T. ) ;
#1358 = DIRECTION ( 'NONE',  ( -2.767985302183947115E-16, 2.394069328248530581E-16, -1.000000000000000000 ) ) ;
#1359 = EDGE_LOOP ( 'NONE', ( #306, #1146, #570, #1474 ) ) ;
#1360 = ORIENTED_EDGE ( 'NONE', *, *, #78, .T. ) ;
#1361 = LINE ( 'NONE', #921, #130 ) ;
#1362 = LINE ( 'NONE', #569, #1880 ) ;
#1363 = ORIENTED_EDGE ( 'NONE', *, *, #2013, .F. ) ;
#1364 = CARTESIAN_POINT ( 'NONE',  ( 22.45110886438222764, -48.91593838597592736, 86.80000000000401883 ) ) ;
#1365 = ADVANCED_FACE ( 'NONE', ( #600 ), #153, .F. ) ;
#1366 = DIRECTION ( 'NONE',  ( -0.6589463589502513319, -0.7521899334783779256, -0.000000000000000000 ) ) ;
#1367 = EDGE_LOOP ( 'NONE', ( #1089, #730, #1114, #468 ) ) ;
#1368 = DIRECTION ( 'NONE',  ( -0.5603297705951461039, -0.8282696108060411122, 0.000000000000000000 ) ) ;
#1369 = EDGE_CURVE ( 'NONE', #849, #2364, #929, .T. ) ;
#1370 = ADVANCED_FACE ( 'NONE', ( #2326 ), #1779, .F. ) ;
#1371 = PLANE ( 'NONE',  #912 ) ;
#1372 = DIRECTION ( 'NONE',  ( -0.6589463589502516649, -0.7521899334783778146, 0.000000000000000000 ) ) ;
#1373 = ORIENTED_EDGE ( 'NONE', *, *, #1445, .F. ) ;
#1374 = EDGE_LOOP ( 'NONE', ( #219, #121, #991, #609 ) ) ;
#1375 = VECTOR ( 'NONE', #1902, 1000.000000000000227 ) ;
#1376 = ADVANCED_FACE ( 'NONE', ( #547, #2135 ), #1330, .F. ) ;
#1377 = CIRCLE ( 'NONE', #255, 2.399999999999998579 ) ;
#1378 = CIRCLE ( 'NONE', #256, 1.500000000000001110 ) ;
#1379 = ORIENTED_EDGE ( 'NONE', *, *, #585, .T. ) ;
#1380 = DIRECTION ( 'NONE',  ( -0.000000000000000000, -0.000000000000000000, -1.000000000000000000 ) ) ;
#1381 = CARTESIAN_POINT ( 'NONE',  ( -35.30146261012595943, -25.57629249101366042, 45.60000000000400888 ) ) ;
#1382 = ORIENTED_EDGE ( 'NONE', *, *, #184, .F. ) ;
#1383 = FACE_OUTER_BOUND ( 'NONE', #2088, .T. ) ;
#1384 = DIRECTION ( 'NONE',  ( 0.7521899334783779256, -0.6589463589502512209, 0.000000000000000000 ) ) ;
#1385 = CARTESIAN_POINT ( 'NONE',  ( 2.956377131789238000, -19.38889669601762478, 102.0250000000013131 ) ) ;
#1386 = ORIENTED_EDGE ( 'NONE', *, *, #1494, .F. ) ;
#1387 = ORIENTED_EDGE ( 'NONE', *, *, #2489, .F. ) ;
#1388 = VECTOR ( 'NONE', #2018, 999.9999999999998863 ) ;
#1389 = EDGE_CURVE ( 'NONE', #685, #1657, #1748, .T. ) ;
#1390 = ORIENTED_EDGE ( 'NONE', *, *, #565, .F. ) ;
#1391 = DIRECTION ( 'NONE',  ( -0.1894620779631680518, 0.9818880389402236952, 2.875136284924166992E-16 ) ) ;
#1392 = DIRECTION ( 'NONE',  ( 0.7521899334783777036, -0.6589463589502515539, 0.000000000000000000 ) ) ;
#1393 = ORIENTED_EDGE ( 'NONE', *, *, #697, .T. ) ;
#1394 = FACE_BOUND ( 'NONE', #190, .T. ) ;
#1395 = VECTOR ( 'NONE', #1249, 1000.000000000000114 ) ;
#1396 = CYLINDRICAL_SURFACE ( 'NONE', #1710, 2.249999999999997335 ) ;
#1397 = ORIENTED_EDGE ( 'NONE', *, *, #585, .F. ) ;
#1398 = EDGE_CURVE ( 'NONE', #142, #2206, #2274, .T. ) ;
#1399 = LINE ( 'NONE', #2516, #2499 ) ;
#1400 = AXIS2_PLACEMENT_3D ( 'NONE', #1258, #897, #499 ) ;
#1401 = CIRCLE ( 'NONE', #1273, 2.399999999999995914 ) ;
#1402 = EDGE_CURVE ( 'NONE', #1011, #2268, #2512, .T. ) ;
#1403 = ADVANCED_FACE ( 'NONE', ( #1357 ), #561, .F. ) ;
#1404 = ORIENTED_EDGE ( 'NONE', *, *, #1061, .T. ) ;
#1405 = FACE_OUTER_BOUND ( 'NONE', #1374, .T. ) ;
#1406 = LINE ( 'NONE', #45, #473 ) ;
#1407 = ORIENTED_EDGE ( 'NONE', *, *, #2167, .T. ) ;
#1408 = FACE_OUTER_BOUND ( 'NONE', #2308, .T. ) ;
#1409 = CARTESIAN_POINT ( 'NONE',  ( -31.91192690653321762, -20.56894312093068322, 15.80000000000000782 ) ) ;
#1410 = ORIENTED_EDGE ( 'NONE', *, *, #1181, .F. ) ;
#1411 = CARTESIAN_POINT ( 'NONE',  ( -3.213970894728692240, -26.43237392077813297, 102.0250000000013131 ) ) ;
#1412 = AXIS2_PLACEMENT_3D ( 'NONE', #367, #9, #1584 ) ;
#1413 = CIRCLE ( 'NONE', #1040, 3.999999999946591167 ) ;
#1414 = CARTESIAN_POINT ( 'NONE',  ( 0.000000000000000000, 0.000000000000000000, 0.000000000000000000 ) ) ;
#1415 = EDGE_CURVE ( 'NONE', #756, #1924, #380, .T. ) ;
#1416 = EDGE_CURVE ( 'NONE', #874, #1575, #1113, .T. ) ;
#1417 = ORIENTED_EDGE ( 'NONE', *, *, #1158, .T. ) ;
#1418 =( NAMED_UNIT ( * ) PLANE_ANGLE_UNIT ( ) SI_UNIT ( $, .RADIAN. ) );
#1419 = LINE ( 'NONE', #1829, #2446 ) ;
#1420 = AXIS2_PLACEMENT_3D ( 'NONE', #2147, #350, #1774 ) ;
#1421 = ORIENTED_EDGE ( 'NONE', *, *, #2179, .F. ) ;
#1422 = DIRECTION ( 'NONE',  ( -0.7521899334783782587, 0.6589463589502509988, 0.000000000000000000 ) ) ;
#1423 = LINE ( 'NONE', #1409, #349 ) ;
#1424 = VERTEX_POINT ( 'NONE', #476 ) ;
#1425 = CARTESIAN_POINT ( 'NONE',  ( -34.22534140384507850, -3.253614265733333344, 96.95000000000402451 ) ) ;
#1426 = EDGE_CURVE ( 'NONE', #360, #394, #1461, .T. ) ;
#1427 = CIRCLE ( 'NONE', #1259, 3.500000000000002665 ) ;
#1428 = DIRECTION ( 'NONE',  ( 0.7521899334783777036, -0.6589463589502515539, 0.000000000000000000 ) ) ;
#1429 = AXIS2_PLACEMENT_3D ( 'NONE', #159, #2128, #2142 ) ;
#1430 = DIRECTION ( 'NONE',  ( 0.7521899334783775926, -0.6589463589502514429, 0.000000000000000000 ) ) ;
#1431 = ORIENTED_EDGE ( 'NONE', *, *, #2167, .F. ) ;
#1432 = LINE ( 'NONE', #262, #1352 ) ;
#1433 = ADVANCED_FACE ( 'NONE', ( #298 ), #536, .F. ) ;
#1434 = LINE ( 'NONE', #2228, #1915 ) ;
#1435 = ORIENTED_EDGE ( 'NONE', *, *, #169, .T. ) ;
#1436 = DIRECTION ( 'NONE',  ( 0.7521899334783777036, -0.6589463589502515539, 0.000000000000000000 ) ) ;
#1437 = ADVANCED_FACE ( 'NONE', ( #518 ), #140, .T. ) ;
#1438 = AXIS2_PLACEMENT_3D ( 'NONE', #1959, #2328, #370 ) ;
#1439 = VECTOR ( 'NONE', #1052, 1000.000000000000000 ) ;
#1440 = CIRCLE ( 'NONE', #2145, 3.999999999947082330 ) ;
#1441 = DIRECTION ( 'NONE',  ( 0.7521899334783775926, -0.6589463589502514429, 0.000000000000000000 ) ) ;
#1442 = ORIENTED_EDGE ( 'NONE', *, *, #66, .T. ) ;
#1443 = VECTOR ( 'NONE', #913, 1000.000000000000000 ) ;
#1444 = LINE ( 'NONE', #1201, #1810 ) ;
#1445 = EDGE_CURVE ( 'NONE', #150, #1646, #1265, .T. ) ;
#1446 = CARTESIAN_POINT ( 'NONE',  ( -18.83595502322626913, -36.67706092863762990, -10.00000000000000000 ) ) ;
#1447 = ORIENTED_EDGE ( 'NONE', *, *, #2092, .T. ) ;
#1448 = ADVANCED_FACE ( 'NONE', ( #2049 ), #283, .F. ) ;
#1449 = LINE ( 'NONE', #1607, #615 ) ;
#1450 = ADVANCED_FACE ( 'NONE', ( #1294 ), #1320, .T. ) ;
#1451 = AXIS2_PLACEMENT_3D ( 'NONE', #2121, #1753, #1740 ) ;
#1452 = CARTESIAN_POINT ( 'NONE',  ( -13.18885459796893045, -28.32961641138027176, 135.7904184938348919 ) ) ;
#1453 = DIRECTION ( 'NONE',  ( -0.6589463589502516649, -0.7521899334783778146, -1.126196766778757913E-16 ) ) ;
#1454 = ORIENTED_EDGE ( 'NONE', *, *, #2547, .T. ) ;
#1455 = CARTESIAN_POINT ( 'NONE',  ( -35.30146261012595943, -25.57629249101366042, 45.60000000000400888 ) ) ;
#1456 = VECTOR ( 'NONE', #1235, 1000.000000000000114 ) ;
#1457 = DIRECTION ( 'NONE',  ( -0.7521899334783775926, 0.6589463589502516649, 0.000000000000000000 ) ) ;
#1458 = ORIENTED_EDGE ( 'NONE', *, *, #1623, .F. ) ;
#1459 = CARTESIAN_POINT ( 'NONE',  ( -33.65409671275031656, -23.69581765731769707, 45.60000000000400888 ) ) ;
#1460 = DIRECTION ( 'NONE',  ( -0.6589463589502516649, -0.7521899334783775926, -1.126196766778757420E-16 ) ) ;
#1461 = LINE ( 'NONE', #2078, #500 ) ;
#1462 = ORIENTED_EDGE ( 'NONE', *, *, #1720, .F. ) ;
#1463 = LINE ( 'NONE', #718, #1572 ) ;
#1464 = EDGE_CURVE ( 'NONE', #2062, #2079, #663, .T. ) ;
#1465 = CARTESIAN_POINT ( 'NONE',  ( -31.02143194557598704, -26.00212991364355730, 102.1000000000040160 ) ) ;
#1466 = ORIENTED_EDGE ( 'NONE', *, *, #285, .T. ) ;
#1467 = DIRECTION ( 'NONE',  ( 0.7521899334783783697, -0.6589463589502505547, 0.000000000000000000 ) ) ;
#1468 = CIRCLE ( 'NONE', #1053, 3.999999999946595164 ) ;
#1469 = DIRECTION ( 'NONE',  ( -0.6589463589502515539, -0.7521899334783778146, 0.000000000000000000 ) ) ;
#1470 = ORIENTED_EDGE ( 'NONE', *, *, #1144, .T. ) ;
#1471 = CYLINDRICAL_SURFACE ( 'NONE', #235, 2.399999999999995914 ) ;
#1472 = CARTESIAN_POINT ( 'NONE',  ( -2.929559168204221464, -22.69317481270500991, 102.0250000000013131 ) ) ;
#1473 = LINE ( 'NONE', #1696, #2157 ) ;
#1474 = ORIENTED_EDGE ( 'NONE', *, *, #2056, .F. ) ;
#1475 = CIRCLE ( 'NONE', #366, 2.399999999999998579 ) ;
#1476 = AXIS2_PLACEMENT_3D ( 'NONE', #1942, #164, #402 ) ;
#1477 = CARTESIAN_POINT ( 'NONE',  ( -35.63093578960108232, -25.95238745775282752, 102.1000000000040160 ) ) ;
#1478 = EDGE_CURVE ( 'NONE', #2299, #1953, #1473, .T. ) ;
#1479 = AXIS2_PLACEMENT_3D ( 'NONE', #1613, #606, #54 ) ;
#1480 = EDGE_CURVE ( 'NONE', #815, #2185, #91, .T. ) ;
#1481 = CARTESIAN_POINT ( 'NONE',  ( -32.99827102242675636, -28.25869971407871262, 102.1000000000040160 ) ) ;
#1482 = ORIENTED_EDGE ( 'NONE', *, *, #1158, .F. ) ;
#1483 = VECTOR ( 'NONE', #1730, 1000.000000000000000 ) ;
#1484 = CARTESIAN_POINT ( 'NONE',  ( 4.950000000000000178, 6.062001655779398511E-16, 5.000000000000000000 ) ) ;
#1485 = FACE_OUTER_BOUND ( 'NONE', #1203, .T. ) ;
#1486 = ORIENTED_EDGE ( 'NONE', *, *, #946, .F. ) ;
#1487 = DIRECTION ( 'NONE',  ( -0.7521899334783775926, 0.6589463589502514429, 0.000000000000000000 ) ) ;
#1488 = CARTESIAN_POINT ( 'NONE',  ( -27.75650797593099739, -8.920552952705525840, 102.0250000000013131 ) ) ;
#1489 = FACE_OUTER_BOUND ( 'NONE', #1267, .T. ) ;
#1490 = ORIENTED_EDGE ( 'NONE', *, *, #343, .T. ) ;
#1491 = ORIENTED_EDGE ( 'NONE', *, *, #1576, .T. ) ;
#1492 = CARTESIAN_POINT ( 'NONE',  ( -35.63093578960108943, -25.95238745775284528, 102.1000000000040160 ) ) ;
#1493 = VECTOR ( 'NONE', #2354, 1000.000000000000114 ) ;
#1494 = EDGE_CURVE ( 'NONE', #16, #1252, #2444, .T. ) ;
#1495 = CARTESIAN_POINT ( 'NONE',  ( -20.70897790064544353, -38.35985185464853231, 102.1000000000040160 ) ) ;
#1496 = ORIENTED_EDGE ( 'NONE', *, *, #2545, .F. ) ;
#1497 = AXIS2_PLACEMENT_3D ( 'NONE', #1503, #1695, #2242 ) ;
#1498 = CARTESIAN_POINT ( 'NONE',  ( -33.49620676977785649, -27.15776375249426167, 45.60000000000400888 ) ) ;
#1499 = CARTESIAN_POINT ( 'NONE',  ( -35.46667567206669958, -17.72174055726543429, 107.1000000000040302 ) ) ;
#1500 = ORIENTED_EDGE ( 'NONE', *, *, #479, .T. ) ;
#1501 = PLANE ( 'NONE',  #529 ) ;
#1502 = CIRCLE ( 'NONE', #717, 3.500000000000000000 ) ;
#1503 = CARTESIAN_POINT ( 'NONE',  ( -33.65409671275031656, -23.69581765731769707, 45.60000000000400888 ) ) ;
#1504 = DIRECTION ( 'NONE',  ( 0.000000000000000000, 0.000000000000000000, -1.000000000000000000 ) ) ;
#1505 = VERTEX_POINT ( 'NONE', #684 ) ;
#1506 = ORIENTED_EDGE ( 'NONE', *, *, #1622, .F. ) ;
#1507 = CARTESIAN_POINT ( 'NONE',  ( -14.34017604267332935, -30.03147951943020644, 107.1000000000040160 ) ) ;
#1508 = FACE_OUTER_BOUND ( 'NONE', #2191, .T. ) ;
#1509 = ORIENTED_EDGE ( 'NONE', *, *, #2016, .F. ) ;
#1510 = DIRECTION ( 'NONE',  ( -0.7521899334783775926, 0.6589463589502514429, 0.000000000000000000 ) ) ;
#1511 = CARTESIAN_POINT ( 'NONE',  ( -19.09951699059289965, -8.527690329059677055, 86.80000000000401883 ) ) ;
#1512 = VERTEX_POINT ( 'NONE', #2257 ) ;
#1513 = FACE_OUTER_BOUND ( 'NONE', #1541, .T. ) ;
#1514 = CARTESIAN_POINT ( 'NONE',  ( -17.91689352223596643, -1.103135235147947313, 102.0250000000013131 ) ) ;
#1515 = DIRECTION ( 'NONE',  ( 0.6589463589502515539, 0.7521899334783778146, -0.000000000000000000 ) ) ;
#1516 = EDGE_LOOP ( 'NONE', ( #1035, #1746, #1421, #996 ) ) ;
#1517 =( NAMED_UNIT ( * ) SI_UNIT ( $, .STERADIAN. ) SOLID_ANGLE_UNIT ( ) );
#1518 = VECTOR ( 'NONE', #842, 1000.000000000000114 ) ;
#1519 = CARTESIAN_POINT ( 'NONE',  ( -12.90097766771535781, -37.49013132577296403, 107.1000000000040302 ) ) ;
#1520 = VERTEX_POINT ( 'NONE', #890 ) ;
#1521 = DIRECTION ( 'NONE',  ( 0.7521899334783767044, -0.6589463589502526641, 0.000000000000000000 ) ) ;
#1522 = AXIS2_PLACEMENT_3D ( 'NONE', #610, #428, #1616 ) ;
#1523 = VECTOR ( 'NONE', #1338, 1000.000000000000114 ) ;
#1524 = VECTOR ( 'NONE', #1391, 1000.000000000000227 ) ;
#1525 = FACE_OUTER_BOUND ( 'NONE', #2473, .T. ) ;
#1526 = EDGE_LOOP ( 'NONE', ( #1996, #471, #1042, #2168 ) ) ;
#1527 = CARTESIAN_POINT ( 'NONE',  ( -35.30146261012596653, -25.57629249101365332, 102.1000000000040160 ) ) ;
#1528 = EDGE_CURVE ( 'NONE', #227, #34, #492, .T. ) ;
#1529 = PRODUCT_DEFINITION_CONTEXT ( 'detailed design', #397, 'design' ) ;
#1530 = FACE_OUTER_BOUND ( 'NONE', #1200, .T. ) ;
#1531 = ADVANCED_FACE ( 'NONE', ( #2093 ), #713, .T. ) ;
#1532 = CARTESIAN_POINT ( 'NONE',  ( -26.35785435801004795, -30.08759733913511525, -10.00000000000000000 ) ) ;
#1533 = EDGE_LOOP ( 'NONE', ( #268, #2192 ) ) ;
#1534 = ORIENTED_EDGE ( 'NONE', *, *, #2056, .T. ) ;
#1535 = CARTESIAN_POINT ( 'NONE',  ( 8.992651277427802015, -33.13747460206624140, 107.1000000000040160 ) ) ;
#1536 = DIRECTION ( 'NONE',  ( -0.000000000000000000, 0.000000000000000000, 1.000000000000000000 ) ) ;
#1537 = ORIENTED_EDGE ( 'NONE', *, *, #495, .F. ) ;
#1538 = CYLINDRICAL_SURFACE ( 'NONE', #857, 2.399999999999995914 ) ;
#1539 = AXIS2_PLACEMENT_3D ( 'NONE', #1532, #1139, #2312 ) ;
#1540 = CARTESIAN_POINT ( 'NONE',  ( -32.99827102242674925, -28.25869971407871262, 45.60000000000400888 ) ) ;
#1541 = EDGE_LOOP ( 'NONE', ( #845, #2396, #1470, #1948 ) ) ;
#1542 = DIRECTION ( 'NONE',  ( 0.6589463589502521090, 0.7521899334783773705, -8.492177858282334722E-17 ) ) ;
#1543 = CARTESIAN_POINT ( 'NONE',  ( -16.47365897375581056, -18.80474833695889814, 7.011901457722983113E-16 ) ) ;
#1544 = CARTESIAN_POINT ( 'NONE',  ( -3.288984293172614759, 3.699335388858906448, -0.5000000000000000000 ) ) ;
#1545 = ORIENTED_EDGE ( 'NONE', *, *, #144, .T. ) ;
#1546 = ORIENTED_EDGE ( 'NONE', *, *, #1104, .T. ) ;
#1547 = AXIS2_PLACEMENT_3D ( 'NONE', #572, #1554, #2363 ) ;
#1548 = LINE ( 'NONE', #1323, #2025 ) ;
#1549 = EDGE_CURVE ( 'NONE', #1079, #238, #870, .T. ) ;
#1550 = CARTESIAN_POINT ( 'NONE',  ( -35.30146261012595943, -25.57629249101365687, 102.1000000000040160 ) ) ;
#1551 = ORIENTED_EDGE ( 'NONE', *, *, #2310, .T. ) ;
#1552 = ADVANCED_FACE ( 'NONE', ( #1489 ), #729, .F. ) ;
#1553 = DIRECTION ( 'NONE',  ( 0.000000000000000000, 0.000000000000000000, 1.000000000000000000 ) ) ;
#1554 = DIRECTION ( 'NONE',  ( -0.6589463589502514429, -0.7521899334783780366, 0.000000000000000000 ) ) ;
#1555 = ORIENTED_EDGE ( 'NONE', *, *, #1891, .T. ) ;
#1556 = AXIS2_PLACEMENT_3D ( 'NONE', #1909, #2154, #2102 ) ;
#1557 = DIRECTION ( 'NONE',  ( 0.000000000000000000, 0.000000000000000000, -1.000000000000000000 ) ) ;
#1558 = CARTESIAN_POINT ( 'NONE',  ( -19.78259525048040146, 17.33028924039179586, 107.1000000000040302 ) ) ;
#1559 = ORIENTED_EDGE ( 'NONE', *, *, #2329, .T. ) ;
#1560 = CARTESIAN_POINT ( 'NONE',  ( -12.90097766771535959, -37.49013132577296403, -0.000000000000000000 ) ) ;
#1561 = DIRECTION ( 'NONE',  ( -0.000000000000000000, -0.000000000000000000, -1.000000000000000000 ) ) ;
#1562 = ADVANCED_FACE ( 'NONE', ( #506 ), #1098, .F. ) ;
#1563 =( LENGTH_UNIT ( ) NAMED_UNIT ( * ) SI_UNIT ( .MILLI., .METRE. ) );
#1564 = ORIENTED_EDGE ( 'NONE', *, *, #480, .T. ) ;
#1565 = CARTESIAN_POINT ( 'NONE',  ( -35.30146261012595943, -25.57629249101366042, 45.60000000000400888 ) ) ;
#1566 = EDGE_CURVE ( 'NONE', #554, #1842, #1700, .T. ) ;
#1567 = AXIS2_PLACEMENT_3D ( 'NONE', #1901, #1871, #1487 ) ;
#1568 = LINE ( 'NONE', #2159, #1523 ) ;
#1569 = VERTEX_POINT ( 'NONE', #1767 ) ;
#1570 = CIRCLE ( 'NONE', #2010, 2.250000000000002220 ) ;
#1571 = DIRECTION ( 'NONE',  ( 0.7521899334783775926, -0.6589463589502516649, 0.000000000000000000 ) ) ;
#1572 = VECTOR ( 'NONE', #465, 1000.000000000000114 ) ;
#1573 = CARTESIAN_POINT ( 'NONE',  ( -51.44474865819140774, 15.81958131292761749, 107.1000000000040302 ) ) ;
#1574 = FACE_OUTER_BOUND ( 'NONE', #2175, .T. ) ;
#1575 = VERTEX_POINT ( 'NONE', #1331 ) ;
#1576 = EDGE_CURVE ( 'NONE', #932, #1118, #948, .T. ) ;
#1577 = DIRECTION ( 'NONE',  ( 0.7521899334783777036, -0.6589463589502515539, 0.000000000000000000 ) ) ;
#1578 = EDGE_LOOP ( 'NONE', ( #1023, #2196, #869, #2137 ) ) ;
#1579 = PLANE ( 'NONE',  #2100 ) ;
#1580 = DIRECTION ( 'NONE',  ( 0.7473404825977583155, 0.6644412713480023491, 0.000000000000000000 ) ) ;
#1581 = ORIENTED_EDGE ( 'NONE', *, *, #1622, .T. ) ;
#1582 = DIRECTION ( 'NONE',  ( -0.6589463589502516649, -0.7521899334783777036, -0.000000000000000000 ) ) ;
#1583 = COLOUR_RGB ( '',1.000000000000000000, 0.5019607843137254832, 0.000000000000000000 ) ;
#1584 = DIRECTION ( 'NONE',  ( -0.6589463589502514429, -0.7521899334783778146, 0.000000000000000000 ) ) ;
#1585 = VERTEX_POINT ( 'NONE', #1544 ) ;
#1586 = DIRECTION ( 'NONE',  ( -0.6589463589502514429, -0.7521899334783780366, 0.000000000000000000 ) ) ;
#1587 = AXIS2_PLACEMENT_3D ( 'NONE', #2457, #1293, #864 ) ;
#1588 = CIRCLE ( 'NONE', #1828, 2.249999999999998224 ) ;
#1589 = ORIENTED_EDGE ( 'NONE', *, *, #1610, .F. ) ;
#1590 = CARTESIAN_POINT ( 'NONE',  ( -5.190809971579446014, -28.68894372121326697, 102.0250000000013131 ) ) ;
#1591 = ADVANCED_FACE ( 'NONE', ( #1574 ), #1978, .F. ) ;
#1592 = CARTESIAN_POINT ( 'NONE',  ( -33.49620676977785649, -27.15776375249426522, 45.60000000000400888 ) ) ;
#1593 = ORIENTED_EDGE ( 'NONE', *, *, #102, .T. ) ;
#1594 = CARTESIAN_POINT ( 'NONE',  ( -37.64070336018572505, -20.20340195488136104, 107.1000000000040302 ) ) ;
#1595 = ORIENTED_EDGE ( 'NONE', *, *, #822, .F. ) ;
#1596 = ADVANCED_FACE ( 'NONE', ( #755 ), #181, .F. ) ;
#1597 = EDGE_LOOP ( 'NONE', ( #957, #667 ) ) ;
#1598 = AXIS2_PLACEMENT_3D ( 'NONE', #260, #1243, #511 ) ;
#1599 = ORIENTED_EDGE ( 'NONE', *, *, #1671, .T. ) ;
#1600 = LINE ( 'NONE', #1994, #945 ) ;
#1601 = CARTESIAN_POINT ( 'NONE',  ( 0.4552955324483272670, -25.65843342798101290, 102.0250000000013131 ) ) ;
#1602 = ORIENTED_EDGE ( 'NONE', *, *, #686, .T. ) ;
#1603 = CARTESIAN_POINT ( 'NONE',  ( -23.05319514429439920, -13.04082992992995571, 107.1000000000040302 ) ) ;
#1604 = AXIS2_PLACEMENT_3D ( 'NONE', #2221, #1639, #453 ) ;
#1605 = CYLINDRICAL_SURFACE ( 'NONE', #1981, 1.500000000000001110 ) ;
#1606 = VERTEX_POINT ( 'NONE', #989 ) ;
#1607 = CARTESIAN_POINT ( 'NONE',  ( 7.732783209376739464, -23.57320607535154977, 96.95000000000401030 ) ) ;
#1608 = ADVANCED_FACE ( 'NONE', ( #962 ), #166, .T. ) ;
#1609 = CIRCLE ( 'NONE', #1356, 1.500000000000001110 ) ;
#1610 = EDGE_CURVE ( 'NONE', #1760, #360, #769, .T. ) ;
#1611 = CIRCLE ( 'NONE', #2260, 3.999999999947370100 ) ;
#1612 = ORIENTED_EDGE ( 'NONE', *, *, #1275, .T. ) ;
#1613 = CARTESIAN_POINT ( 'NONE',  ( 22.45110886438222764, -48.91593838597592736, 86.80000000000401883 ) ) ;
#1614 = CARTESIAN_POINT ( 'NONE',  ( -2.182050237705740692, -31.32472915697940508, 102.0250000000013131 ) ) ;
#1615 = ORIENTED_EDGE ( 'NONE', *, *, #1084, .T. ) ;
#1616 = DIRECTION ( 'NONE',  ( 0.7521899334783778146, -0.6589463589502514429, 0.000000000000000000 ) ) ;
#1617 = CARTESIAN_POINT ( 'NONE',  ( -34.22534140384507850, -3.253614265733333344, 96.95000000000402451 ) ) ;
#1618 = VERTEX_POINT ( 'NONE', #975 ) ;
#1619 = DIRECTION ( 'NONE',  ( -0.7521899334783773705, 0.6589463589502519980, 0.000000000000000000 ) ) ;
#1620 = AXIS2_PLACEMENT_3D ( 'NONE', #1488, #728, #698 ) ;
#1621 = CARTESIAN_POINT ( 'NONE',  ( 2.956377131789238000, -19.38889669601762478, 102.0250000000013131 ) ) ;
#1622 = EDGE_CURVE ( 'NONE', #1343, #1252, #1073, .T. ) ;
#1623 = EDGE_CURVE ( 'NONE', #605, #923, #1246, .T. ) ;
#1624 = DIRECTION ( 'NONE',  ( -0.6589463589502514429, -0.7521899334783780366, 0.000000000000000000 ) ) ;
#1625 = EDGE_LOOP ( 'NONE', ( #2440, #251 ) ) ;
#1626 = CARTESIAN_POINT ( 'NONE',  ( -32.24850232699434116, -0.9970444652982000111, 96.95000000000402451 ) ) ;
#1627 = CARTESIAN_POINT ( 'NONE',  ( 5.231701610035897509, -29.84274280731500539, 96.95000000000401030 ) ) ;
#1628 = VERTEX_POINT ( 'NONE', #393 ) ;
#1629 = PLANE ( 'NONE',  #1809 ) ;
#1630 = PRODUCT_DEFINITION_SHAPE ( 'NONE', 'NONE',  #52 ) ;
#1631 = CIRCLE ( 'NONE', #358, 2.250000000000001776 ) ;
#1632 = CARTESIAN_POINT ( 'NONE',  ( -37.98629107123696258, 0.04111752901792128934, 107.1000000000040302 ) ) ;
#1633 = EDGE_CURVE ( 'NONE', #1924, #382, #1128, .T. ) ;
#1634 = LINE ( 'NONE', #1062, #1093 ) ;
#1635 = ORIENTED_EDGE ( 'NONE', *, *, #2513, .T. ) ;
#1636 = PLANE ( 'NONE',  #1229 ) ;
#1637 = CARTESIAN_POINT ( 'NONE',  ( -11.41181064928979083, -25.70282130428757483, 3.353174523457933542 ) ) ;
#1638 = EDGE_LOOP ( 'NONE', ( #1830, #1296, #1500, #1537 ) ) ;
#1639 = DIRECTION ( 'NONE',  ( -0.6589463589502516649, -0.7521899334783778146, 0.000000000000000000 ) ) ;
#1640 = ADVANCED_FACE ( 'NONE', ( #10 ), #796, .F. ) ;
#1641 =( LENGTH_UNIT ( ) NAMED_UNIT ( * ) SI_UNIT ( .MILLI., .METRE. ) );
#1642 = COLOUR_RGB ( '',1.000000000000000000, 0.5019607843137254832, 0.000000000000000000 ) ;
#1643 = AXIS2_PLACEMENT_3D ( 'NONE', #801, #630, #411 ) ;
#1644 = LINE ( 'NONE', #702, #1108 ) ;
#1645 = DIRECTION ( 'NONE',  ( 0.000000000000000000, 0.000000000000000000, 1.000000000000000000 ) ) ;
#1646 = VERTEX_POINT ( 'NONE', #848 ) ;
#1647 = CIRCLE ( 'NONE', #540, 3.999999999946595164 ) ;
#1648 = LINE ( 'NONE', #846, #821 ) ;
#1649 = CARTESIAN_POINT ( 'NONE',  ( -37.98629107123696258, 0.04111752901792128934, 107.1000000000040302 ) ) ;
#1650 = EDGE_LOOP ( 'NONE', ( #223, #578 ) ) ;
#1651 = FACE_OUTER_BOUND ( 'NONE', #2153, .T. ) ;
#1652 = UNCERTAINTY_MEASURE_WITH_UNIT (LENGTH_MEASURE( 1.000000000000000082E-05 ), #2339, 'distance_accuracy_value', 'NONE');
#1653 = FACE_OUTER_BOUND ( 'NONE', #537, .T. ) ;
#1654 = CARTESIAN_POINT ( 'NONE',  ( -35.63093578960108943, -25.95238745775284883, 45.60000000000400888 ) ) ;
#1655 = EDGE_CURVE ( 'NONE', #41, #886, #1377, .T. ) ;
#1656 = SURFACE_STYLE_USAGE ( .BOTH. , #659 ) ;
#1657 = VERTEX_POINT ( 'NONE', #28 ) ;
#1658 = VECTOR ( 'NONE', #127, 1000.000000000000114 ) ;
#1659 = DIRECTION ( 'NONE',  ( 0.000000000000000000, 0.000000000000000000, -1.000000000000000000 ) ) ;
#1660 = DIRECTION ( 'NONE',  ( 0.7521899334783772595, -0.6589463589502519980, 0.000000000000000000 ) ) ;
#1661 = ORIENTED_EDGE ( 'NONE', *, *, #2039, .T. ) ;
#1662 = FACE_OUTER_BOUND ( 'NONE', #347, .T. ) ;
#1663 = EDGE_CURVE ( 'NONE', #932, #1760, #808, .T. ) ;
#1664 = CARTESIAN_POINT ( 'NONE',  ( -20.70897790064543642, -38.35985185464853942, 45.60000000000400888 ) ) ;
#1665 = ORIENTED_EDGE ( 'NONE', *, *, #872, .T. ) ;
#1666 = DIRECTION ( 'NONE',  ( 0.7521899334783778146, -0.6589463589502514429, 0.000000000000000000 ) ) ;
#1667 = LINE ( 'NONE', #1680, #1375 ) ;
#1668 = EDGE_CURVE ( 'NONE', #777, #128, #1225, .T. ) ;
#1669 = DIRECTION ( 'NONE',  ( 0.7521899334783774815, -0.6589463589502518870, 1.488392742388100487E-15 ) ) ;
#1670 = EDGE_LOOP ( 'NONE', ( #355, #1159, #2486, #1491, #642, #710, #2034, #2292 ) ) ;
#1671 = EDGE_CURVE ( 'NONE', #1172, #766, #1588, .T. ) ;
#1672 = LINE ( 'NONE', #2276, #1156 ) ;
#1673 = DIRECTION ( 'NONE',  ( 0.7521899334783777036, -0.6589463589502515539, 0.000000000000000000 ) ) ;
#1674 = ORIENTED_EDGE ( 'NONE', *, *, #982, .T. ) ;
#1675 = DIRECTION ( 'NONE',  ( -0.6589463589502514429, -0.7521899334783780366, 0.000000000000000000 ) ) ;
#1676 = VECTOR ( 'NONE', #1759, 1000.000000000000114 ) ;
#1677 = FACE_OUTER_BOUND ( 'NONE', #178, .T. ) ;
#1678 = VERTEX_POINT ( 'NONE', #2011 ) ;
#1679 = DIRECTION ( 'NONE',  ( 0.6589463589502513319, 0.7521899334783778146, -0.000000000000000000 ) ) ;
#1680 = CARTESIAN_POINT ( 'NONE',  ( 5.038973123726298908, -37.65061420293652361, 107.1000000000040160 ) ) ;
#1681 = DIRECTION ( 'NONE',  ( -0.6589463589502516649, -0.7521899334783778146, 0.000000000000000000 ) ) ;
#1682 = ORIENTED_EDGE ( 'NONE', *, *, #1398, .T. ) ;
#1683 = ORIENTED_EDGE ( 'NONE', *, *, #1825, .F. ) ;
#1684 = AXIS2_PLACEMENT_3D ( 'NONE', #1180, #1968, #1792 ) ;
#1685 = EDGE_CURVE ( 'NONE', #2268, #1791, #831, .T. ) ;
#1686 = CIRCLE ( 'NONE', #2418, 3.500000000000002665 ) ;
#1687 = CARTESIAN_POINT ( 'NONE',  ( 0.000000000000000000, 0.000000000000000000, 5.000000000000000000 ) ) ;
#1688 = AXIS2_PLACEMENT_3D ( 'NONE', #1196, #1984, #35 ) ;
#1689 = LINE ( 'NONE', #2465, #1925 ) ;
#1690 = EDGE_LOOP ( 'NONE', ( #264, #401 ) ) ;
#1691 = FACE_BOUND ( 'NONE', #2383, .T. ) ;
#1692 = CARTESIAN_POINT ( 'NONE',  ( -34.22534140384507850, -3.253614265733333344, 96.95000000000402451 ) ) ;
#1693 = VERTEX_POINT ( 'NONE', #2419 ) ;
#1694 = CARTESIAN_POINT ( 'NONE',  ( 9.425210559703085522, -25.05583538298961344, 96.95000000000401030 ) ) ;
#1695 = DIRECTION ( 'NONE',  ( -0.6589463589502514429, -0.7521899334783780366, 0.000000000000000000 ) ) ;
#1696 = CARTESIAN_POINT ( 'NONE',  ( -21.88765550217366851, -18.51909472230020626, 107.1000000000040160 ) ) ;
#1697 = ORIENTED_EDGE ( 'NONE', *, *, #409, .F. ) ;
#1698 = VERTEX_POINT ( 'NONE', #241 ) ;
#1699 = LINE ( 'NONE', #2290, #826 ) ;
#1700 = CIRCLE ( 'NONE', #1205, 3.500000000000000000 ) ;
#1701 = CARTESIAN_POINT ( 'NONE',  ( 0.000000000000000000, 0.000000000000000000, -10.00000000000000000 ) ) ;
#1702 = ORIENTED_EDGE ( 'NONE', *, *, #1254, .F. ) ;
#1703 = VECTOR ( 'NONE', #2531, 1000.000000000000114 ) ;
#1704 = DIRECTION ( 'NONE',  ( 0.6589463589502514429, 0.7521899334783777036, -0.000000000000000000 ) ) ;
#1705 = ADVANCED_FACE ( 'NONE', ( #250 ), #1396, .F. ) ;
#1706 = EDGE_CURVE ( 'NONE', #1520, #637, #1999, .T. ) ;
#1707 = DIRECTION ( 'NONE',  ( 0.7521899334783775926, -0.6589463589502516649, 0.000000000000000000 ) ) ;
#1708 = VERTEX_POINT ( 'NONE', #2200 ) ;
#1709 = DIRECTION ( 'NONE',  ( 0.6589463589502514429, 0.7521899334783779256, 0.000000000000000000 ) ) ;
#1710 = AXIS2_PLACEMENT_3D ( 'NONE', #18, #2401, #611 ) ;
#1711 = CARTESIAN_POINT ( 'NONE',  ( -21.03845108012054865, -38.73594682138769940, 102.1000000000040160 ) ) ;
#1712 = CARTESIAN_POINT ( 'NONE',  ( -19.60932087256231782, 0.3794940724901200158, 102.0250000000013131 ) ) ;
#1713 = ORIENTED_EDGE ( 'NONE', *, *, #135, .F. ) ;
#1714 = VERTEX_POINT ( 'NONE', #646 ) ;
#1715 = CARTESIAN_POINT ( 'NONE',  ( -31.91192690653321762, -20.56894312093068322, 8.673617379884035472E-15 ) ) ;
#1716 = ADVANCED_FACE ( 'NONE', ( #206 ), #1034, .T. ) ;
#1717 = DIRECTION ( 'NONE',  ( 0.6589463589502521090, 0.7521899334783773705, -8.492177858282334722E-17 ) ) ;
#1718 = ORIENTED_EDGE ( 'NONE', *, *, #670, .T. ) ;
#1719 = CARTESIAN_POINT ( 'NONE',  ( -34.78238161296789599, -22.70739811889231774, 102.1000000000040160 ) ) ;
#1720 = EDGE_CURVE ( 'NONE', #950, #1585, #1434, .T. ) ;
#1721 = EDGE_CURVE ( 'NONE', #559, #26, #1423, .T. ) ;
#1722 = PLANE ( 'NONE',  #2325 ) ;
#1723 = VERTEX_POINT ( 'NONE', #1800 ) ;
#1724 = AXIS2_PLACEMENT_3D ( 'NONE', #1347, #222, #2345 ) ;
#1725 = CARTESIAN_POINT ( 'NONE',  ( 3.254862533185147733, -32.09931260775013584, 96.95000000000401030 ) ) ;
#1726 = MECHANICAL_DESIGN_GEOMETRIC_PRESENTATION_REPRESENTATION (  '', ( #2038 ), #732 ) ;
#1727 = PLANE ( 'NONE',  #2067 ) ;
#1728 = ORIENTED_EDGE ( 'NONE', *, *, #1854, .T. ) ;
#1729 = AXIS2_PLACEMENT_3D ( 'NONE', #1694, #1857, #516 ) ;
#1730 = DIRECTION ( 'NONE',  ( -0.000000000000000000, -0.000000000000000000, 1.000000000000000000 ) ) ;
#1731 = CARTESIAN_POINT ( 'NONE',  ( -37.10671845047406947, -23.99482122953305563, 45.60000000000400888 ) ) ;
#1732 = ORIENTED_EDGE ( 'NONE', *, *, #2382, .T. ) ;
#1733 = DIRECTION ( 'NONE',  ( -0.6589463589502514429, -0.7521899334783780366, 0.000000000000000000 ) ) ;
#1734 = AXIS2_PLACEMENT_3D ( 'NONE', #2365, #1542, #1571 ) ;
#1735 = CIRCLE ( 'NONE', #2053, 2.249999999999998224 ) ;
#1736 = VECTOR ( 'NONE', #1349, 1000.000000000000000 ) ;
#1737 = CARTESIAN_POINT ( 'NONE',  ( 0.2461027993118144463, -29.46352717198430327, 96.95000000000401030 ) ) ;
#1738 = ORIENTED_EDGE ( 'NONE', *, *, #2194, .F. ) ;
#1739 = LINE ( 'NONE', #1926, #1314 ) ;
#1740 = DIRECTION ( 'NONE',  ( 0.7521899334783777036, -0.6589463589502515539, 0.000000000000000000 ) ) ;
#1741 = ORIENTED_EDGE ( 'NONE', *, *, #2146, .T. ) ;
#1742 = EDGE_LOOP ( 'NONE', ( #676, #1900, #207, #1447 ) ) ;
#1743 = EDGE_CURVE ( 'NONE', #679, #2007, #2026, .T. ) ;
#1744 = DIRECTION ( 'NONE',  ( 0.6589463589502513319, 0.7521899334783778146, -0.000000000000000000 ) ) ;
#1745 = CARTESIAN_POINT ( 'NONE',  ( -21.03845108012054865, -38.73594682138769940, 102.1000000000040160 ) ) ;
#1746 = ORIENTED_EDGE ( 'NONE', *, *, #2146, .F. ) ;
#1747 = DIRECTION ( 'NONE',  ( 0.7521899334783778146, -0.6589463589502514429, 0.000000000000000000 ) ) ;
#1748 = CIRCLE ( 'NONE', #1451, 3.999999999946595164 ) ;
#1749 = VECTOR ( 'NONE', #2270, 1000.000000000000114 ) ;
#1750 = CARTESIAN_POINT ( 'NONE',  ( -35.63093578960107521, -25.95238745775283107, 45.60000000000400888 ) ) ;
#1751 = ORIENTED_EDGE ( 'NONE', *, *, #1416, .F. ) ;
#1752 = SURFACE_STYLE_FILL_AREA ( #560 ) ;
#1753 = DIRECTION ( 'NONE',  ( -0.6589463589502515539, -0.7521899334783778146, 0.000000000000000000 ) ) ;
#1754 = DIRECTION ( 'NONE',  ( -0.7521899334783774815, 0.6589463589502519980, 0.000000000000000000 ) ) ;
#1755 = ORIENTED_EDGE ( 'NONE', *, *, #2080, .F. ) ;
#1756 = DIRECTION ( 'NONE',  ( 0.7521899334783778146, -0.6589463589502514429, 0.000000000000000000 ) ) ;
#1757 = EDGE_CURVE ( 'NONE', #68, #128, #1832, .T. ) ;
#1758 = EDGE_CURVE ( 'NONE', #1244, #777, #460, .T. ) ;
#1759 = DIRECTION ( 'NONE',  ( -0.6589463589502516649, -0.7521899334783775926, -1.126196766778757420E-16 ) ) ;
#1760 = VERTEX_POINT ( 'NONE', #656 ) ;
#1761 = CARTESIAN_POINT ( 'NONE',  ( -35.30146261012595943, -25.57629249101365687, 102.1000000000040160 ) ) ;
#1762 = DIRECTION ( 'NONE',  ( -0.7521899334783777036, 0.6589463589502515539, 0.000000000000000000 ) ) ;
#1763 = EDGE_LOOP ( 'NONE', ( #303, #1784, #2245, #1191 ) ) ;
#1764 = CARTESIAN_POINT ( 'NONE',  ( -16.42894723609545338, -38.78568927727844340, 45.60000000000400888 ) ) ;
#1765 = VECTOR ( 'NONE', #1105, 999.9999999999998863 ) ;
#1766 = DIRECTION ( 'NONE',  ( -0.7521899334783777036, 0.6589463589502515539, 0.000000000000000000 ) ) ;
#1767 = CARTESIAN_POINT ( 'NONE',  ( -33.82567994925298649, -27.53385871923345007, 102.1000000000040160 ) ) ;
#1768 = ORIENTED_EDGE ( 'NONE', *, *, #422, .T. ) ;
#1769 = DIRECTION ( 'NONE',  ( -0.000000000000000000, -0.000000000000000000, 1.000000000000000000 ) ) ;
#1770 = AXIS2_PLACEMENT_3D ( 'NONE', #747, #1536, #2319 ) ;
#1771 = EDGE_LOOP ( 'NONE', ( #2429, #1154 ) ) ;
#1772 = CYLINDRICAL_SURFACE ( 'NONE', #823, 3.500000000000002665 ) ;
#1773 = VECTOR ( 'NONE', #1679, 1000.000000000000114 ) ;
#1774 = DIRECTION ( 'NONE',  ( 0.7521899334783772595, -0.6589463589502518870, 0.000000000000000000 ) ) ;
#1775 = ORIENTED_EDGE ( 'NONE', *, *, #407, .F. ) ;
#1776 = CIRCLE ( 'NONE', #2456, 2.249999999999998224 ) ;
#1777 = CARTESIAN_POINT ( 'NONE',  ( -30.76526770980492387, -6.284767516939200327, 102.0250000000013131 ) ) ;
#1778 = VECTOR ( 'NONE', #969, 1000.000000000000227 ) ;
#1779 = PLANE ( 'NONE',  #1412 ) ;
#1780 = DIRECTION ( 'NONE',  ( 0.7521899334783775926, -0.6589463589502516649, 0.000000000000000000 ) ) ;
#1781 = ORIENTED_EDGE ( 'NONE', *, *, #285, .F. ) ;
#1782 = CARTESIAN_POINT ( 'NONE',  ( -18.40578631294622269, -41.04225907771358806, 45.60000000000400888 ) ) ;
#1783 = VECTOR ( 'NONE', #1276, 1000.000000000000114 ) ;
#1784 = ORIENTED_EDGE ( 'NONE', *, *, #944, .F. ) ;
#1785 = FILL_AREA_STYLE_COLOUR ( '', #1029 ) ;
#1786 = CARTESIAN_POINT ( 'NONE',  ( -19.60932087256231782, 0.3794940724901200158, 102.0250000000013131 ) ) ;
#1787 = ORIENTED_EDGE ( 'NONE', *, *, #2331, .T. ) ;
#1788 = ADVANCED_FACE ( 'NONE', ( #60 ), #1605, .F. ) ;
#1789 = AXIS2_PLACEMENT_3D ( 'NONE', #1083, #1903, #2286 ) ;
#1790 = FACE_OUTER_BOUND ( 'NONE', #1339, .T. ) ;
#1791 = VERTEX_POINT ( 'NONE', #1247 ) ;
#1792 = DIRECTION ( 'NONE',  ( 0.7521899334783783697, -0.6589463589502505547, 0.000000000000000000 ) ) ;
#1793 = VECTOR ( 'NONE', #636, 1000.000000000000000 ) ;
#1794 = ORIENTED_EDGE ( 'NONE', *, *, #1061, .F. ) ;
#1795 = FACE_OUTER_BOUND ( 'NONE', #990, .T. ) ;
#1796 = LINE ( 'NONE', #432, #645 ) ;
#1797 = ORIENTED_EDGE ( 'NONE', *, *, #2179, .T. ) ;
#1798 = FACE_OUTER_BOUND ( 'NONE', #2491, .T. ) ;
#1799 = ADVANCED_FACE ( 'NONE', ( #1790 ), #840, .F. ) ;
#1800 = CARTESIAN_POINT ( 'NONE',  ( -20.18989690348735522, -35.49095748252719318, 45.60000000000400888 ) ) ;
#1801 = EDGE_LOOP ( 'NONE', ( #2542, #1222, #1768, #2019 ) ) ;
#1802 = CARTESIAN_POINT ( 'NONE',  ( -19.58069300042787475, -39.34827139307390809, 102.1000000000040160 ) ) ;
#1803 = CIRCLE ( 'NONE', #107, 3.500000000000002665 ) ;
#1804 = EDGE_LOOP ( 'NONE', ( #1404, #483, #879, #2012 ) ) ;
#1805 = FACE_OUTER_BOUND ( 'NONE', #1638, .T. ) ;
#1806 = CYLINDRICAL_SURFACE ( 'NONE', #2083, 1.499999999999998446 ) ;
#1807 = ORIENTED_EDGE ( 'NONE', *, *, #92, .F. ) ;
#1808 = DIRECTION ( 'NONE',  ( 1.000000000000000000, 0.000000000000000000, 0.000000000000000000 ) ) ;
#1809 = AXIS2_PLACEMENT_3D ( 'NONE', #2411, #850, #1436 ) ;
#1810 = VECTOR ( 'NONE', #624, 1000.000000000000000 ) ;
#1811 = CARTESIAN_POINT ( 'NONE',  ( -35.63093578960107521, -25.95238745775283107, 45.60000000000400888 ) ) ;
#1812 = ORIENTED_EDGE ( 'NONE', *, *, #859, .F. ) ;
#1813 = FACE_OUTER_BOUND ( 'NONE', #629, .T. ) ;
#1814 = ADVANCED_FACE ( 'NONE', ( #1485 ), #860, .F. ) ;
#1815 = CARTESIAN_POINT ( 'NONE',  ( -34.03261291753547368, 4.554257129888200417, 86.80000000000401883 ) ) ;
#1816 = CARTESIAN_POINT ( 'NONE',  ( -21.03845108012054510, -38.73594682138770651, 45.60000000000400888 ) ) ;
#1817 = ORIENTED_EDGE ( 'NONE', *, *, #2427, .F. ) ;
#1818 = CYLINDRICAL_SURFACE ( 'NONE', #2098, 2.400000000000001243 ) ;
#1819 = DIRECTION ( 'NONE',  ( -0.000000000000000000, -0.000000000000000000, 1.000000000000000000 ) ) ;
#1820 = ORIENTED_EDGE ( 'NONE', *, *, #2280, .F. ) ;
#1821 = LINE ( 'NONE', #42, #1395 ) ;
#1822 = AXIS2_PLACEMENT_3D ( 'NONE', #1573, #2173, #589 ) ;
#1823 = EDGE_CURVE ( 'NONE', #2111, #493, #863, .T. ) ;
#1824 = CIRCLE ( 'NONE', #1497, 1.500000000000001110 ) ;
#1825 = EDGE_CURVE ( 'NONE', #874, #2059, #2087, .T. ) ;
#1826 = EDGE_CURVE ( 'NONE', #923, #605, #205, .T. ) ;
#1827 = CARTESIAN_POINT ( 'NONE',  ( -34.21823916285909917, -23.20160788810500918, 8.673617379884035472E-15 ) ) ;
#1828 = AXIS2_PLACEMENT_3D ( 'NONE', #1989, #2189, #2379 ) ;
#1829 = CARTESIAN_POINT ( 'NONE',  ( -36.75922068981864044, -24.96396791932745529, 45.60000000000400888 ) ) ;
#1830 = ORIENTED_EDGE ( 'NONE', *, *, #2037, .T. ) ;
#1831 = LINE ( 'NONE', #1987, #1151 ) ;
#1832 = LINE ( 'NONE', #1002, #2372 ) ;
#1833 = ORIENTED_EDGE ( 'NONE', *, *, #1402, .F. ) ;
#1834 = DIRECTION ( 'NONE',  ( 0.7521899334783779256, -0.6589463589502513319, 0.000000000000000000 ) ) ;
#1835 = CIRCLE ( 'NONE', #188, 3.500000000000002665 ) ;
#1836 = CARTESIAN_POINT ( 'NONE',  ( -35.63093578960108232, -25.95238745775282752, 102.1000000000040160 ) ) ;
#1837 = CIRCLE ( 'NONE', #2493, 3.999999999947370100 ) ;
#1838 = CARTESIAN_POINT ( 'NONE',  ( -26.34792693904613969, -16.80177959732239756, 107.1000000000040302 ) ) ;
#1839 = ORIENTED_EDGE ( 'NONE', *, *, #209, .T. ) ;
#1840 = FACE_OUTER_BOUND ( 'NONE', #1367, .T. ) ;
#1841 = DIRECTION ( 'NONE',  ( 0.6589463589502514429, 0.7521899334783777036, -0.000000000000000000 ) ) ;
#1842 = VERTEX_POINT ( 'NONE', #1260 ) ;
#1843 = DIRECTION ( 'NONE',  ( -0.6589463589502516649, -0.7521899334783777036, -0.000000000000000000 ) ) ;
#1844 = CIRCLE ( 'NONE', #197, 1.500000000000001110 ) ;
#1845 = FACE_OUTER_BOUND ( 'NONE', #512, .T. ) ;
#1846 = ORIENTED_EDGE ( 'NONE', *, *, #1870, .F. ) ;
#1847 = VECTOR ( 'NONE', #599, 1000.000000000000000 ) ;
#1848 = AXIS2_PLACEMENT_3D ( 'NONE', #1836, #82, #2477 ) ;
#1849 = ADVANCED_FACE ( 'NONE', ( #2428 ), #1290, .F. ) ;
#1850 = DIRECTION ( 'NONE',  ( -0.6589463589502516649, -0.7521899334783778146, 0.000000000000000000 ) ) ;
#1851 = CARTESIAN_POINT ( 'NONE',  ( 4.286783190207732019, -36.99166784395107044, 96.95000000000401030 ) ) ;
#1852 = ORIENTED_EDGE ( 'NONE', *, *, #1144, .F. ) ;
#1853 = CYLINDRICAL_SURFACE ( 'NONE', #2188, 2.399999999999998579 ) ;
#1854 = EDGE_CURVE ( 'NONE', #1693, #1071, #2452, .T. ) ;
#1855 = DIRECTION ( 'NONE',  ( -0.7521899334783774815, 0.6589463589502519980, 0.000000000000000000 ) ) ;
#1856 = ORIENTED_EDGE ( 'NONE', *, *, #2463, .T. ) ;
#1857 = DIRECTION ( 'NONE',  ( -0.6589463589502516649, -0.7521899334783777036, -1.126196766778757667E-16 ) ) ;
#1858 = PRODUCT ( '009_013_Spin_bearing_lock', '009_013_Spin_bearing_lock', '', ( #254 ) ) ;
#1859 = DIRECTION ( 'NONE',  ( -0.6589463589502513319, -0.7521899334783779256, -0.000000000000000000 ) ) ;
#1860 = DIRECTION ( 'NONE',  ( 0.05861859442972274653, 0.9982804517704850777, -0.000000000000000000 ) ) ;
#1861 = ORIENTED_EDGE ( 'NONE', *, *, #759, .T. ) ;
#1862 = CARTESIAN_POINT ( 'NONE',  ( 5.038973123726306014, -37.65061420293653072, 86.80000000000401883 ) ) ;
#1863 = FACE_OUTER_BOUND ( 'NONE', #1075, .T. ) ;
#1864 = ORIENTED_EDGE ( 'NONE', *, *, #184, .T. ) ;
#1865 = CARTESIAN_POINT ( 'NONE',  ( -34.78238161296788888, -22.70739811889232129, 45.60000000000400888 ) ) ;
#1866 = ADVANCED_FACE ( 'NONE', ( #2073 ), #2043, .F. ) ;
#1867 = VECTOR ( 'NONE', #98, 1000.000000000000114 ) ;
#1868 = DIRECTION ( 'NONE',  ( -0.6589463589502515539, -0.7521899334783777036, 0.000000000000000000 ) ) ;
#1869 = VERTEX_POINT ( 'NONE', #694 ) ;
#1870 = EDGE_CURVE ( 'NONE', #1657, #685, #1647, .T. ) ;
#1871 = DIRECTION ( 'NONE',  ( 0.6589463589502513319, 0.7521899334783779256, -0.000000000000000000 ) ) ;
#1872 = CYLINDRICAL_SURFACE ( 'NONE', #1620, 3.999999999947370100 ) ;
#1873 = CARTESIAN_POINT ( 'NONE',  ( -9.894122803217186402, -24.56866674398783701, 107.1000000000040160 ) ) ;
#1874 = ORIENTED_EDGE ( 'NONE', *, *, #2101, .F. ) ;
#1875 = CARTESIAN_POINT ( 'NONE',  ( -35.63093578960108232, -25.95238745775282752, 102.1000000000040160 ) ) ;
#1876 = CIRCLE ( 'NONE', #772, 1.500000000000001110 ) ;
#1877 = LINE ( 'NONE', #109, #1017 ) ;
#1878 = ORIENTED_EDGE ( 'NONE', *, *, #2166, .T. ) ;
#1879 = CARTESIAN_POINT ( 'NONE',  ( -23.80282982222949073, -4.407413351835255177, 102.0250000000013131 ) ) ;
#1880 = VECTOR ( 'NONE', #359, 999.9999999999998863 ) ;
#1881 = PRODUCT_RELATED_PRODUCT_CATEGORY ( 'part', '', ( #1858 ) ) ;
#1882 = DIRECTION ( 'NONE',  ( 0.7521899334783778146, -0.6589463589502514429, 0.000000000000000000 ) ) ;
#1883 = EDGE_LOOP ( 'NONE', ( #1431, #550, #363, #981 ) ) ;
#1884 = CARTESIAN_POINT ( 'NONE',  ( -20.70897790064543642, -38.35985185464853942, 45.60000000000400888 ) ) ;
#1885 = CYLINDRICAL_SURFACE ( 'NONE', #1587, 2.249999999999996891 ) ;
#1886 = DIRECTION ( 'NONE',  ( 0.6589463589502519980, 0.7521899334783772595, 0.000000000000000000 ) ) ;
#1887 = ORIENTED_EDGE ( 'NONE', *, *, #670, .F. ) ;
#1888 = ORIENTED_EDGE ( 'NONE', *, *, #565, .T. ) ;
#1889 = VECTOR ( 'NONE', #1769, 1000.000000000000000 ) ;
#1890 = CIRCLE ( 'NONE', #1734, 2.249999999999900968 ) ;
#1891 = EDGE_CURVE ( 'NONE', #2459, #1011, #487, .T. ) ;
#1892 = CARTESIAN_POINT ( 'NONE',  ( -15.07500535583439216, -39.97179272338889433, 107.1000000000040302 ) ) ;
#1893 = EDGE_CURVE ( 'NONE', #1618, #238, #112, .T. ) ;
#1894 = VECTOR ( 'NONE', #1282, 1000.000000000000000 ) ;
#1895 = DIRECTION ( 'NONE',  ( 1.000000000000000000, 0.000000000000000000, 0.000000000000000000 ) ) ;
#1896 = EDGE_LOOP ( 'NONE', ( #1960, #1963 ) ) ;
#1897 = DIRECTION ( 'NONE',  ( -0.6589463589502515539, -0.7521899334783775926, -0.000000000000000000 ) ) ;
#1898 = AXIS2_PLACEMENT_3D ( 'NONE', #1664, #2282, #74 ) ;
#1899 = CARTESIAN_POINT ( 'NONE',  ( -21.03845108012054865, -38.73594682138769940, 102.1000000000040160 ) ) ;
#1900 = ORIENTED_EDGE ( 'NONE', *, *, #1104, .F. ) ;
#1901 = CARTESIAN_POINT ( 'NONE',  ( -21.03845108012054510, -38.73594682138770651, 45.60000000000400888 ) ) ;
#1902 = DIRECTION ( 'NONE',  ( -0.7521899334783777036, 0.6589463589502515539, 0.000000000000000000 ) ) ;
#1903 = DIRECTION ( 'NONE',  ( 0.6589463589502514429, 0.7521899334783777036, -0.000000000000000000 ) ) ;
#1904 = ORIENTED_EDGE ( 'NONE', *, *, #307, .T. ) ;
#1905 = ORIENTED_EDGE ( 'NONE', *, *, #2352, .F. ) ;
#1906 = EDGE_CURVE ( 'NONE', #856, #798, #2238, .T. ) ;
#1907 = EDGE_CURVE ( 'NONE', #1698, #34, #998, .T. ) ;
#1908 = ADVANCED_FACE ( 'NONE', ( #1677 ), #873, .F. ) ;
#1909 = CARTESIAN_POINT ( 'NONE',  ( -24.05154210168418771, -27.45493257196079639, 0.000000000000000000 ) ) ;
#1910 = ORIENTED_EDGE ( 'NONE', *, *, #170, .T. ) ;
#1911 = DIRECTION ( 'NONE',  ( 0.6589463589502514429, 0.7521899334783779256, 0.000000000000000000 ) ) ;
#1912 = LINE ( 'NONE', #1540, #1964 ) ;
#1913 = ORIENTED_EDGE ( 'NONE', *, *, #1182, .T. ) ;
#1914 = CARTESIAN_POINT ( 'NONE',  ( 8.992651277427819778, -33.13747460206626272, 86.80000000000399041 ) ) ;
#1915 = VECTOR ( 'NONE', #1819, 1000.000000000000000 ) ;
#1916 = DIRECTION ( 'NONE',  ( 0.000000000000000000, 0.000000000000000000, 1.000000000000000000 ) ) ;
#1917 = DIRECTION ( 'NONE',  ( -0.6589463589502516649, -0.7521899334783777036, -0.000000000000000000 ) ) ;
#1918 = ORIENTED_EDGE ( 'NONE', *, *, #1721, .F. ) ;
#1919 = CARTESIAN_POINT ( 'NONE',  ( -23.67111584729486751, -36.42963456506182496, 45.60000000000400888 ) ) ;
#1920 = DIRECTION ( 'NONE',  ( 0.7521899334783775926, -0.6589463589502516649, 0.000000000000000000 ) ) ;
#1921 = ORIENTED_EDGE ( 'NONE', *, *, #1415, .T. ) ;
#1922 = PLANE ( 'NONE',  #486 ) ;
#1923 = DIRECTION ( 'NONE',  ( 1.000000000000000000, 0.000000000000000000, 0.000000000000000000 ) ) ;
#1924 = VERTEX_POINT ( 'NONE', #678 ) ;
#1925 = VECTOR ( 'NONE', #868, 1000.000000000000000 ) ;
#1926 = CARTESIAN_POINT ( 'NONE',  ( -4.950000000000000178, 0.000000000000000000, 5.000000000000000000 ) ) ;
#1927 = EDGE_CURVE ( 'NONE', #756, #2263, #970, .T. ) ;
#1928 = FACE_BOUND ( 'NONE', #2370, .T. ) ;
#1929 = SURFACE_SIDE_STYLE ('',( #2122 ) ) ;
#1930 = ORIENTED_EDGE ( 'NONE', *, *, #1927, .T. ) ;
#1931 = ORIENTED_EDGE ( 'NONE', *, *, #1655, .T. ) ;
#1932 = AXIS2_PLACEMENT_3D ( 'NONE', #322, #2063, #2455 ) ;
#1933 = CARTESIAN_POINT ( 'NONE',  ( -15.07500535583439216, -39.97179272338889433, 107.1000000000040302 ) ) ;
#1934 = CIRCLE ( 'NONE', #580, 2.249999999999997335 ) ;
#1935 = DIRECTION ( 'NONE',  ( 1.000000000000000000, 0.000000000000000000, 0.000000000000000000 ) ) ;
#1936 = ORIENTED_EDGE ( 'NONE', *, *, #276, .F. ) ;
#1937 = DIRECTION ( 'NONE',  ( -0.6589463589502516649, -0.7521899334783778146, -1.126196766778757913E-16 ) ) ;
#1938 = VECTOR ( 'NONE', #1380, 1000.000000000000000 ) ;
#1939 = AXIS2_PLACEMENT_3D ( 'NONE', #1875, #1048, #892 ) ;
#1940 = DIRECTION ( 'NONE',  ( -0.6589463589502514429, -0.7521899334783778146, -0.000000000000000000 ) ) ;
#1941 = VERTEX_POINT ( 'NONE', #2294 ) ;
#1942 = CARTESIAN_POINT ( 'NONE',  ( -23.80282982222949073, -4.407413351835255177, 102.0250000000013131 ) ) ;
#1943 = FACE_BOUND ( 'NONE', #1771, .T. ) ;
#1944 = ORIENTED_EDGE ( 'NONE', *, *, #697, .F. ) ;
#1945 = ORIENTED_EDGE ( 'NONE', *, *, #2463, .F. ) ;
#1946 = DIRECTION ( 'NONE',  ( 0.7521899334783767044, -0.6589463589502526641, 0.000000000000000000 ) ) ;
#1947 = CARTESIAN_POINT ( 'NONE',  ( -17.93332710305222832, -37.46779655937794473, 102.1000000000040160 ) ) ;
#1948 = ORIENTED_EDGE ( 'NONE', *, *, #2316, .T. ) ;
#1949 = DIRECTION ( 'NONE',  ( -0.6589463589502515539, -0.7521899334783778146, 0.000000000000000000 ) ) ;
#1950 = CIRCLE ( 'NONE', #1164, 3.500000000000002665 ) ;
#1951 = MECHANICAL_DESIGN_GEOMETRIC_PRESENTATION_REPRESENTATION (  '', ( #296 ), #916 ) ;
#1952 = DIRECTION ( 'NONE',  ( 0.6589463589502521090, 0.7521899334783773705, -8.492177858282334722E-17 ) ) ;
#1953 = VERTEX_POINT ( 'NONE', #1499 ) ;
#1954 = FACE_OUTER_BOUND ( 'NONE', #1670, .T. ) ;
#1955 = DIRECTION ( 'NONE',  ( 0.7521899334783775926, -0.6589463589502514429, 0.000000000000000000 ) ) ;
#1956 = ADVANCED_FACE ( 'NONE', ( #2252 ), #2481, .F. ) ;
#1957 = DIRECTION ( 'NONE',  ( 0.6589463589502514429, 0.7521899334783777036, -0.000000000000000000 ) ) ;
#1958 = EDGE_LOOP ( 'NONE', ( #1861, #199 ) ) ;
#1959 = CARTESIAN_POINT ( 'NONE',  ( -33.65409671275030945, -23.69581765731767931, 102.1000000000040160 ) ) ;
#1960 = ORIENTED_EDGE ( 'NONE', *, *, #2316, .F. ) ;
#1961 = LINE ( 'NONE', #1160, #1938 ) ;
#1962 = DIRECTION ( 'NONE',  ( 0.6589463589502515539, 0.7521899334783777036, -2.411754930323955486E-16 ) ) ;
#1963 = ORIENTED_EDGE ( 'NONE', *, *, #24, .F. ) ;
#1964 = VECTOR ( 'NONE', #2322, 1000.000000000000114 ) ;
#1965 = CARTESIAN_POINT ( 'NONE',  ( -35.63093578960107521, -25.95238745775283107, 45.60000000000400888 ) ) ;
#1966 = DIRECTION ( 'NONE',  ( 0.1894620779631680518, -0.9818880389402236952, -0.000000000000000000 ) ) ;
#1967 = ORIENTED_EDGE ( 'NONE', *, *, #1240, .T. ) ;
#1968 = DIRECTION ( 'NONE',  ( -0.6589463589502516649, -0.7521899334783778146, 0.000000000000000000 ) ) ;
#1969 = EDGE_CURVE ( 'NONE', #1005, #1261, #527, .T. ) ;
#1970 = ORIENTED_EDGE ( 'NONE', *, *, #1126, .F. ) ;
#1971 = FACE_BOUND ( 'NONE', #2081, .T. ) ;
#1972 = AXIS2_PLACEMENT_3D ( 'NONE', #208, #2371, #977 ) ;
#1973 = CARTESIAN_POINT ( 'NONE',  ( -4.899824101404444576, 7.681316526593065852, 112.3490877160509172 ) ) ;
#1974 = ORIENTED_EDGE ( 'NONE', *, *, #1250, .T. ) ;
#1975 = CIRCLE ( 'NONE', #371, 4.950000000000000178 ) ;
#1976 = CARTESIAN_POINT ( 'NONE',  ( 8.992651277427826884, -33.13747460206625561, 86.80000000000401883 ) ) ;
#1977 = AXIS2_PLACEMENT_3D ( 'NONE', #300, #1659, #674 ) ;
#1978 = PLANE ( 'NONE',  #1539 ) ;
#1979 = VERTEX_POINT ( 'NONE', #885 ) ;
#1980 = LINE ( 'NONE', #1560, #1889 ) ;
#1981 = AXIS2_PLACEMENT_3D ( 'NONE', #1811, #50, #40 ) ;
#1982 = EDGE_CURVE ( 'NONE', #828, #2304, #557, .T. ) ;
#1983 = VERTEX_POINT ( 'NONE', #971 ) ;
#1984 = DIRECTION ( 'NONE',  ( -0.6589463589502516649, -0.7521899334783777036, -1.126196766778757667E-16 ) ) ;
#1985 = LINE ( 'NONE', #214, #2004 ) ;
#1986 = ORIENTED_EDGE ( 'NONE', *, *, #2125, .F. ) ;
#1987 = CARTESIAN_POINT ( 'NONE',  ( -24.38572695015005110, 4.563803451824255397, 96.95000000000402451 ) ) ;
#1988 = AXIS2_PLACEMENT_3D ( 'NONE', #1654, #1681, #1307 ) ;
#1989 = CARTESIAN_POINT ( 'NONE',  ( 3.254862533185147733, -32.09931260775013584, 96.95000000000401030 ) ) ;
#1990 = ORIENTED_EDGE ( 'NONE', *, *, #480, .F. ) ;
#1991 = DIRECTION ( 'NONE',  ( -0.6589463589502514429, -0.7521899334783778146, 0.000000000000000000 ) ) ;
#1992 = DIRECTION ( 'NONE',  ( 0.7521899334783777036, -0.6589463589502515539, 0.000000000000000000 ) ) ;
#1993 = ORIENTED_EDGE ( 'NONE', *, *, #1254, .T. ) ;
#1994 = CARTESIAN_POINT ( 'NONE',  ( -5.940444649515701059, -20.05552714311756901, 107.1000000000040160 ) ) ;
#1995 = CARTESIAN_POINT ( 'NONE',  ( -31.91192690653321762, -20.56894312093068322, 8.673617379884035472E-15 ) ) ;
#1996 = ORIENTED_EDGE ( 'NONE', *, *, #1706, .F. ) ;
#1997 = CARTESIAN_POINT ( 'NONE',  ( -21.83726280086300520, -37.37143231622316364, 45.60000000000400888 ) ) ;
#1998 = ADVANCED_FACE ( 'NONE', ( #2494 ), #1327, .F. ) ;
#1999 = LINE ( 'NONE', #2021, #464 ) ;
#2000 = ORIENTED_EDGE ( 'NONE', *, *, #2266, .T. ) ;
#2001 = DIRECTION ( 'NONE',  ( -0.6589463589502516649, -0.7521899334783775926, -1.126196766778757420E-16 ) ) ;
#2002 = ADVANCED_FACE ( 'NONE', ( #737, #5 ), #1722, .F. ) ;
#2003 = DIRECTION ( 'NONE',  ( 0.000000000000000000, 0.000000000000000000, 1.000000000000000000 ) ) ;
#2004 = VECTOR ( 'NONE', #2386, 1000.000000000000000 ) ;
#2005 = CARTESIAN_POINT ( 'NONE',  ( -18.90372206029733704, -39.94132311612913355, 102.1000000000040160 ) ) ;
#2006 = DIRECTION ( 'NONE',  ( 0.6589463589502515539, 0.7521899334783778146, -0.000000000000000000 ) ) ;
#2007 = VERTEX_POINT ( 'NONE', #2537 ) ;
#2008 = FACE_BOUND ( 'NONE', #1344, .T. ) ;
#2009 = AXIS2_PLACEMENT_3D ( 'NONE', #100, #280, #125 ) ;
#2010 = AXIS2_PLACEMENT_3D ( 'NONE', #1879, #97, #924 ) ;
#2011 = CARTESIAN_POINT ( 'NONE',  ( -21.83726280086301230, -37.37143231622315653, 102.1000000000040160 ) ) ;
#2012 = ORIENTED_EDGE ( 'NONE', *, *, #422, .F. ) ;
#2013 = EDGE_CURVE ( 'NONE', #1261, #950, #1161, .T. ) ;
#2014 = CARTESIAN_POINT ( 'NONE',  ( -38.26360055677540117, -23.64607520142695307, 45.60000000000400888 ) ) ;
#2015 = EDGE_CURVE ( 'NONE', #1628, #215, #1316, .T. ) ;
#2016 = EDGE_CURVE ( 'NONE', #1618, #1869, #2526, .T. ) ;
#2017 = DIRECTION ( 'NONE',  ( 0.000000000000000000, 0.000000000000000000, -1.000000000000000000 ) ) ;
#2018 = DIRECTION ( 'NONE',  ( 0.6589463589502515539, 0.7521899334783778146, -0.000000000000000000 ) ) ;
#2019 = ORIENTED_EDGE ( 'NONE', *, *, #258, .F. ) ;
#2020 = DIRECTION ( 'NONE',  ( 0.7521899334783783697, -0.6589463589502505547, 0.000000000000000000 ) ) ;
#2021 = CARTESIAN_POINT ( 'NONE',  ( -18.40578631294622625, -41.04225907771358095, 102.1000000000040160 ) ) ;
#2022 = ORIENTED_EDGE ( 'NONE', *, *, #169, .F. ) ;
#2023 = CARTESIAN_POINT ( 'NONE',  ( -33.94092967732068900, 0.4855848423398634872, 96.95000000000402451 ) ) ;
#2024 = AXIS2_PLACEMENT_3D ( 'NONE', #2369, #2541, #601 ) ;
#2025 = VECTOR ( 'NONE', #2112, 1000.000000000000000 ) ;
#2026 = CIRCLE ( 'NONE', #920, 2.249999999999997780 ) ;
#2027 = CARTESIAN_POINT ( 'NONE',  ( -32.24850232699432695, -0.9970444652982000111, 96.95000000000402451 ) ) ;
#2028 = ORIENTED_EDGE ( 'NONE', *, *, #759, .F. ) ;
#2029 = DIRECTION ( 'NONE',  ( -0.6589463589502516649, -0.7521899334783777036, -0.000000000000000000 ) ) ;
#2030 = CARTESIAN_POINT ( 'NONE',  ( -21.73530242639434107, -11.53645006297371012, 86.80000000000401883 ) ) ;
#2031 = VERTEX_POINT ( 'NONE', #750 ) ;
#2032 = DIRECTION ( 'NONE',  ( -0.6589463589502514429, -0.7521899334783780366, 0.000000000000000000 ) ) ;
#2033 = ADVANCED_FACE ( 'NONE', ( #1525 ), #1135, .F. ) ;
#2034 = ORIENTED_EDGE ( 'NONE', *, *, #1757, .F. ) ;
#2035 = AXIS2_PLACEMENT_3D ( 'NONE', #1495, #120, #1335 ) ;
#2036 = CARTESIAN_POINT ( 'NONE',  ( -33.65409671275032366, -23.69581765731769352, 102.1000000000040160 ) ) ;
#2037 = EDGE_CURVE ( 'NONE', #1869, #1618, #1735, .T. ) ;
#2038 = STYLED_ITEM ( 'NONE', ( #851 ), #566 ) ;
#2039 = EDGE_CURVE ( 'NONE', #1257, #477, #533, .T. ) ;
#2040 = FACE_BOUND ( 'NONE', #861, .T. ) ;
#2041 = ORIENTED_EDGE ( 'NONE', *, *, #802, .F. ) ;
#2042 = FACE_BOUND ( 'NONE', #919, .T. ) ;
#2043 = CYLINDRICAL_SURFACE ( 'NONE', #331, 3.999999999946590723 ) ;
#2044 = ORIENTED_EDGE ( 'NONE', *, *, #980, .F. ) ;
#2045 = AXIS2_PLACEMENT_3D ( 'NONE', #1227, #1237, #2394 ) ;
#2046 = PLANE ( 'NONE',  #1932 ) ;
#2047 = AXIS2_PLACEMENT_3D ( 'NONE', #2120, #352, #1163 ) ;
#2048 = CARTESIAN_POINT ( 'NONE',  ( 1.278023456334396624, -34.35588240818525207, 96.95000000000401030 ) ) ;
#2049 = FACE_OUTER_BOUND ( 'NONE', #883, .T. ) ;
#2050 = ORIENTED_EDGE ( 'NONE', *, *, #2280, .T. ) ;
#2051 = ORIENTED_EDGE ( 'NONE', *, *, #1013, .F. ) ;
#2052 = AXIS2_PLACEMENT_3D ( 'NONE', #2359, #1949, #749 ) ;
#2053 = AXIS2_PLACEMENT_3D ( 'NONE', #362, #1952, #177 ) ;
#2054 = CIRCLE ( 'NONE', #1194, 1.499999999999998446 ) ;
#2055 = DIRECTION ( 'NONE',  ( -0.6589463589502515539, -0.7521899334783777036, -0.000000000000000000 ) ) ;
#2056 = EDGE_CURVE ( 'NONE', #493, #1723, #1568, .T. ) ;
#2057 = EDGE_CURVE ( 'NONE', #1842, #554, #1502, .T. ) ;
#2058 = DIRECTION ( 'NONE',  ( 0.7521899334783777036, -0.6589463589502515539, 0.000000000000000000 ) ) ;
#2059 = VERTEX_POINT ( 'NONE', #2349 ) ;
#2060 = FACE_OUTER_BOUND ( 'NONE', #1291, .T. ) ;
#2061 = CARTESIAN_POINT ( 'NONE',  ( 11.71811547797231157, 0.1017906524906179999, 86.80000000000401883 ) ) ;
#2062 = VERTEX_POINT ( 'NONE', #388 ) ;
#2063 = DIRECTION ( 'NONE',  ( -0.6589463589502513319, -0.7521899334783779256, 0.000000000000000000 ) ) ;
#2064 = CARTESIAN_POINT ( 'NONE',  ( 4.947289883511493791, -33.58194191538819950, 96.95000000000401030 ) ) ;
#2065 = DIRECTION ( 'NONE',  ( 0.6589463589502515539, 0.7521899334783778146, -0.000000000000000000 ) ) ;
#2066 = ORIENTED_EDGE ( 'NONE', *, *, #65, .F. ) ;
#2067 = AXIS2_PLACEMENT_3D ( 'NONE', #1543, #2500, #974 ) ;
#2068 = AXIS2_PLACEMENT_3D ( 'NONE', #1711, #309, #505 ) ;
#2069 = CYLINDRICAL_SURFACE ( 'NONE', #1848, 3.500000000000002665 ) ;
#2070 = DIRECTION ( 'NONE',  ( -0.6589463589502516649, -0.7521899334783778146, -1.126196766778757913E-16 ) ) ;
#2071 = ORIENTED_EDGE ( 'NONE', *, *, #441, .F. ) ;
#2072 = PLANE ( 'NONE',  #1400 ) ;
#2073 = FACE_OUTER_BOUND ( 'NONE', #2278, .T. ) ;
#2074 = EDGE_LOOP ( 'NONE', ( #6, #1435 ) ) ;
#2075 = DIRECTION ( 'NONE',  ( 0.7521899334783772595, -0.6589463589502519980, 0.000000000000000000 ) ) ;
#2076 = EDGE_CURVE ( 'NONE', #2450, #167, #1378, .T. ) ;
#2077 = CARTESIAN_POINT ( 'NONE',  ( 4.648804482115513892, -20.87152600365562449, 102.0250000000013131 ) ) ;
#2078 = CARTESIAN_POINT ( 'NONE',  ( -13.09816627898363706, -37.71522292295376388, -10.00000000000000000 ) ) ;
#2079 = VERTEX_POINT ( 'NONE', #149 ) ;
#2080 = EDGE_CURVE ( 'NONE', #954, #559, #984, .T. ) ;
#2081 = EDGE_LOOP ( 'NONE', ( #2272, #1099 ) ) ;
#2082 = DIRECTION ( 'NONE',  ( -0.6589463589502514429, -0.7521899334783780366, 0.000000000000000000 ) ) ;
#2083 = AXIS2_PLACEMENT_3D ( 'NONE', #1816, #57, #37 ) ;
#2084 = DIRECTION ( 'NONE',  ( -0.6589463589502513319, -0.7521899334783779256, 0.000000000000000000 ) ) ;
#2085 = VERTEX_POINT ( 'NONE', #1737 ) ;
#2086 = FACE_BOUND ( 'NONE', #117, .T. ) ;
#2087 = LINE ( 'NONE', #1649, #1443 ) ;
#2088 = EDGE_LOOP ( 'NONE', ( #446, #2399, #2051, #1332, #1496, #1775 ) ) ;
#2089 = FACE_OUTER_BOUND ( 'NONE', #785, .T. ) ;
#2090 = EDGE_CURVE ( 'NONE', #477, #1842, #1912, .T. ) ;
#2091 = CARTESIAN_POINT ( 'NONE',  ( 1.263949781462962330, -17.90626738837962506, 102.0250000000013131 ) ) ;
#2092 = EDGE_CURVE ( 'NONE', #26, #508, #558, .T. ) ;
#2093 = FACE_OUTER_BOUND ( 'NONE', #175, .T. ) ;
#2094 = ORIENTED_EDGE ( 'NONE', *, *, #1181, .T. ) ;
#2095 = EDGE_LOOP ( 'NONE', ( #1506, #623 ) ) ;
#2096 = ADVANCED_FACE ( 'NONE', ( #162 ), #956, .T. ) ;
#2097 = CIRCLE ( 'NONE', #2183, 3.500000000000002665 ) ;
#2098 = AXIS2_PLACEMENT_3D ( 'NONE', #248, #2029, #2020 ) ;
#2099 = CARTESIAN_POINT ( 'NONE',  ( -13.18885459796893045, -28.32961641138027176, 6.499999999999977796 ) ) ;
#2100 = AXIS2_PLACEMENT_3D ( 'NONE', #200, #595, #2117 ) ;
#2101 = EDGE_CURVE ( 'NONE', #1628, #1708, #847, .T. ) ;
#2102 = DIRECTION ( 'NONE',  ( 0.7521899334783778146, -0.6589463589502515539, 0.000000000000000000 ) ) ;
#2103 = EDGE_LOOP ( 'NONE', ( #1407, #704, #1918, #591 ) ) ;
#2104 = FACE_BOUND ( 'NONE', #797, .T. ) ;
#2105 = CARTESIAN_POINT ( 'NONE',  ( -19.06161200326979710, -36.47937702095256896, 102.1000000000040160 ) ) ;
#2106 = EDGE_LOOP ( 'NONE', ( #1236, #1136, #1, #1807 ) ) ;
#2107 = CARTESIAN_POINT ( 'NONE',  ( -35.30146261012595943, -25.57629249101365687, 102.1000000000040160 ) ) ;
#2108 = FACE_OUTER_BOUND ( 'NONE', #1801, .T. ) ;
#2109 = CARTESIAN_POINT ( 'NONE',  ( -20.70897790064543642, -38.35985185464853942, 45.60000000000400888 ) ) ;
#2110 = ORIENTED_EDGE ( 'NONE', *, *, #2315, .T. ) ;
#2111 = VERTEX_POINT ( 'NONE', #1007 ) ;
#2112 = DIRECTION ( 'NONE',  ( -0.6589463589502515539, -0.7521899334783775926, -0.000000000000000000 ) ) ;
#2113 = AXIS2_PLACEMENT_3D ( 'NONE', #1965, #947, #1766 ) ;
#2114 = CARTESIAN_POINT ( 'NONE',  ( -22.16673598033811743, -37.74752728296232362, 102.1000000000040160 ) ) ;
#2115 = ORIENTED_EDGE ( 'NONE', *, *, #1743, .F. ) ;
#2116 = EDGE_CURVE ( 'NONE', #1983, #1714, #933, .T. ) ;
#2117 = DIRECTION ( 'NONE',  ( 0.7521899334783779256, -0.6589463589502513319, 0.000000000000000000 ) ) ;
#2118 = CARTESIAN_POINT ( 'NONE',  ( -21.03845108012054865, -38.73594682138769940, 102.1000000000040160 ) ) ;
#2119 = ORIENTED_EDGE ( 'NONE', *, *, #1494, .T. ) ;
#2120 = CARTESIAN_POINT ( 'NONE',  ( 0.000000000000000000, 0.000000000000000000, 5.000000000000000000 ) ) ;
#2121 = CARTESIAN_POINT ( 'NONE',  ( -34.22534140384507850, -3.253614265733333344, 96.95000000000402451 ) ) ;
#2122 = SURFACE_STYLE_FILL_AREA ( #354 ) ;
#2123 = ORIENTED_EDGE ( 'NONE', *, *, #891, .T. ) ;
#2124 = ORIENTED_EDGE ( 'NONE', *, *, #1084, .F. ) ;
#2125 = EDGE_CURVE ( 'NONE', #1708, #1628, #1876, .T. ) ;
#2126 = CARTESIAN_POINT ( 'NONE',  ( -1.440956863104896790, 11.62962746654849866, 107.1000000000040302 ) ) ;
#2127 = EDGE_CURVE ( 'NONE', #1708, #662, #1419, .T. ) ;
#2128 = DIRECTION ( 'NONE',  ( -0.6589463589502516649, -0.7521899334783778146, 0.000000000000000000 ) ) ;
#2129 = ORIENTED_EDGE ( 'NONE', *, *, #2464, .T. ) ;
#2130 = PLANE ( 'NONE',  #1270 ) ;
#2131 = EDGE_CURVE ( 'NONE', #1057, #326, #1406, .T. ) ;
#2132 = CARTESIAN_POINT ( 'NONE',  ( -34.50265088938350999, -26.94080699617821040, 45.60000000000400888 ) ) ;
#2133 = ORIENTED_EDGE ( 'NONE', *, *, #2131, .F. ) ;
#2134 = CARTESIAN_POINT ( 'NONE',  ( -35.66386428333497349, -17.94683215444622704, 107.1000000000040302 ) ) ;
#2135 = FACE_OUTER_BOUND ( 'NONE', #515, .T. ) ;
#2136 =( NAMED_UNIT ( * ) SI_UNIT ( $, .STERADIAN. ) SOLID_ANGLE_UNIT ( ) );
#2137 = ORIENTED_EDGE ( 'NONE', *, *, #209, .F. ) ;
#2138 = DIRECTION ( 'NONE',  ( 0.7521899334783782587, -0.6589463589502509988, 0.000000000000000000 ) ) ;
#2139 = FILL_AREA_STYLE_COLOUR ( '', #1286 ) ;
#2140 = PRESENTATION_LAYER_ASSIGNMENT (  '', '', ( #275 ) ) ;
#2141 = EDGE_CURVE ( 'NONE', #2304, #828, #1835, .T. ) ;
#2142 = DIRECTION ( 'NONE',  ( 0.7521899334783777036, -0.6589463589502515539, 0.000000000000000000 ) ) ;
#2143 = ORIENTED_EDGE ( 'NONE', *, *, #66, .F. ) ;
#2144 = FACE_OUTER_BOUND ( 'NONE', #525, .T. ) ;
#2145 = AXIS2_PLACEMENT_3D ( 'NONE', #1590, #424, #1006 ) ;
#2146 = EDGE_CURVE ( 'NONE', #1110, #68, #633, .T. ) ;
#2147 = CARTESIAN_POINT ( 'NONE',  ( -30.27166325014356829, 1.259525335136949531, 96.95000000000402451 ) ) ;
#2148 = VERTEX_POINT ( 'NONE', #1601 ) ;
#2149 =( NAMED_UNIT ( * ) SI_UNIT ( $, .STERADIAN. ) SOLID_ANGLE_UNIT ( ) );
#2150 = CARTESIAN_POINT ( 'NONE',  ( -31.91192690653321762, -20.56894312093068322, 8.673617379884035472E-15 ) ) ;
#2151 = DIRECTION ( 'NONE',  ( -0.000000000000000000, -0.000000000000000000, 1.000000000000000000 ) ) ;
#2152 = ORIENTED_EDGE ( 'NONE', *, *, #959, .F. ) ;
#2153 = EDGE_LOOP ( 'NONE', ( #427, #11, #1121, #1599 ) ) ;
#2154 = DIRECTION ( 'NONE',  ( -0.6589463589502515539, -0.7521899334783778146, 0.000000000000000000 ) ) ;
#2155 = ORIENTED_EDGE ( 'NONE', *, *, #807, .F. ) ;
#2156 = CARTESIAN_POINT ( 'NONE',  ( -21.03845108012054865, -38.73594682138769940, 102.1000000000040160 ) ) ;
#2157 = VECTOR ( 'NONE', #310, 1000.000000000000114 ) ;
#2158 = VECTOR ( 'NONE', #669, 1000.000000000000114 ) ;
#2159 = CARTESIAN_POINT ( 'NONE',  ( -22.16673598033811032, -37.74752728296233073, 45.60000000000400888 ) ) ;
#2160 = EDGE_LOOP ( 'NONE', ( #1820, #2313, #1635, #38 ) ) ;
#2161 = CARTESIAN_POINT ( 'NONE',  ( -32.99827102242674925, -28.25869971407871262, 45.60000000000400888 ) ) ;
#2162 = FACE_OUTER_BOUND ( 'NONE', #137, .T. ) ;
#2163 = DIRECTION ( 'NONE',  ( 0.7521899334783779256, -0.6589463589502513319, 0.000000000000000000 ) ) ;
#2164 = ORIENTED_EDGE ( 'NONE', *, *, #170, .F. ) ;
#2165 = ORIENTED_EDGE ( 'NONE', *, *, #1081, .F. ) ;
#2166 = EDGE_CURVE ( 'NONE', #167, #2450, #2488, .T. ) ;
#2167 = EDGE_CURVE ( 'NONE', #2466, #508, #2195, .T. ) ;
#2168 = ORIENTED_EDGE ( 'NONE', *, *, #614, .T. ) ;
#2169 = FACE_OUTER_BOUND ( 'NONE', #1690, .T. ) ;
#2170 = CARTESIAN_POINT ( 'NONE',  ( -20.70897790064543642, -38.35985185464853942, 45.60000000000400888 ) ) ;
#2171 = ORIENTED_EDGE ( 'NONE', *, *, #1250, .F. ) ;
#2172 = CIRCLE ( 'NONE', #567, 3.999999999946591611 ) ;
#2173 = DIRECTION ( 'NONE',  ( 0.6589463589502515539, 0.7521899334783777036, -2.411754930323955486E-16 ) ) ;
#2174 = DIRECTION ( 'NONE',  ( -0.6589463589502516649, -0.7521899334783777036, -1.126196766778757667E-16 ) ) ;
#2175 = EDGE_LOOP ( 'NONE', ( #1913, #1839 ) ) ;
#2176 = VERTEX_POINT ( 'NONE', #1592 ) ;
#2177 = ADVANCED_FACE ( 'NONE', ( #1000 ), #2398, .F. ) ;
#2178 = PRODUCT_DEFINITION_FORMATION_WITH_SPECIFIED_SOURCE ( 'ANY', '', #1858, .NOT_KNOWN. ) ;
#2179 = EDGE_CURVE ( 'NONE', #1071, #1110, #1019, .T. ) ;
#2180 = EDGE_CURVE ( 'NONE', #594, #874, #1796, .T. ) ;
#2181 = ORIENTED_EDGE ( 'NONE', *, *, #2353, .T. ) ;
#2182 = PLANE ( 'NONE',  #1643 ) ;
#2183 = AXIS2_PLACEMENT_3D ( 'NONE', #1004, #1204, #613 ) ;
#2184 = DIRECTION ( 'NONE',  ( -0.6589463589502516649, -0.7521899334783777036, -1.126196766778757667E-16 ) ) ;
#2185 = VERTEX_POINT ( 'NONE', #1199 ) ;
#2186 = AXIS2_PLACEMENT_3D ( 'NONE', #1455, #289, #1467 ) ;
#2187 = LINE ( 'NONE', #816, #1439 ) ;
#2188 = AXIS2_PLACEMENT_3D ( 'NONE', #2480, #85, #1077 ) ;
#2189 = DIRECTION ( 'NONE',  ( -0.6589463589502516649, -0.7521899334783778146, -1.126196766778757913E-16 ) ) ;
#2190 = ORIENTED_EDGE ( 'NONE', *, *, #1187, .T. ) ;
#2191 = EDGE_LOOP ( 'NONE', ( #811, #2323, #1167, #1150 ) ) ;
#2192 = ORIENTED_EDGE ( 'NONE', *, *, #2057, .F. ) ;
#2193 = SURFACE_STYLE_USAGE ( .BOTH. , #2224 ) ;
#2194 = EDGE_CURVE ( 'NONE', #2059, #247, #1985, .T. ) ;
#2195 = LINE ( 'NONE', #400, #681 ) ;
#2196 = ORIENTED_EDGE ( 'NONE', *, *, #2101, .T. ) ;
#2197 = VECTOR ( 'NONE', #1966, 1000.000000000000227 ) ;
#2198 = DIRECTION ( 'NONE',  ( -0.7521899334783775926, 0.6589463589502514429, 0.000000000000000000 ) ) ;
#2199 = AXIS2_PLACEMENT_3D ( 'NONE', #392, #193, #795 ) ;
#2200 = CARTESIAN_POINT ( 'NONE',  ( -36.42974751034353176, -24.58787295258828109, 45.60000000000400888 ) ) ;
#2201 = VERTEX_POINT ( 'NONE', #426 ) ;
#2202 = LINE ( 'NONE', #76, #2544 ) ;
#2203 = VECTOR ( 'NONE', #1580, 1000.000000000000114 ) ;
#2204 = EDGE_CURVE ( 'NONE', #2506, #2062, #1221, .T. ) ;
#2205 = DIRECTION ( 'NONE',  ( -0.7521899334783778146, 0.6589463589502515539, -0.000000000000000000 ) ) ;
#2206 = VERTEX_POINT ( 'NONE', #1232 ) ;
#2207 = CARTESIAN_POINT ( 'NONE',  ( -21.69427677044410174, -34.17306476462668030, 45.60000000000400888 ) ) ;
#2208 = DIRECTION ( 'NONE',  ( 0.6589463589502514429, 0.7521899334783777036, -0.000000000000000000 ) ) ;
#2209 = ORIENTED_EDGE ( 'NONE', *, *, #1478, .T. ) ;
#2210 = FACE_BOUND ( 'NONE', #1650, .T. ) ;
#2211 = VECTOR ( 'NONE', #1188, 1000.000000000000114 ) ;
#2212 = CIRCLE ( 'NONE', #314, 3.500000000000002665 ) ;
#2213 = LINE ( 'NONE', #812, #654 ) ;
#2214 = CARTESIAN_POINT ( 'NONE',  ( -37.10671845047406947, -23.99482122953305918, 45.60000000000400888 ) ) ;
#2215 = ORIENTED_EDGE ( 'NONE', *, *, #1906, .T. ) ;
#2216 = FACE_OUTER_BOUND ( 'NONE', #2106, .T. ) ;
#2217 = AXIS2_PLACEMENT_3D ( 'NONE', #1411, #1047, #2403 ) ;
#2218 = CIRCLE ( 'NONE', #277, 4.950000000000001954 ) ;
#2219 = DIRECTION ( 'NONE',  ( -0.000000000000000000, -0.000000000000000000, -1.000000000000000000 ) ) ;
#2220 = EDGE_LOOP ( 'NONE', ( #2226, #1697, #1195, #1379 ) ) ;
#2221 = CARTESIAN_POINT ( 'NONE',  ( -21.03845108012056997, -38.73594682138772072, 102.1000000000040160 ) ) ;
#2222 = AXIS2_PLACEMENT_3D ( 'NONE', #270, #1850, #2462 ) ;
#2223 = FILL_AREA_STYLE ('',( #865 ) ) ;
#2224 = SURFACE_SIDE_STYLE ('',( #639 ) ) ;
#2225 = DIRECTION ( 'NONE',  ( -0.6589463589502515539, -0.7521899334783778146, 0.000000000000000000 ) ) ;
#2226 = ORIENTED_EDGE ( 'NONE', *, *, #1685, .F. ) ;
#2227 = CARTESIAN_POINT ( 'NONE',  ( -16.47365897375579280, -18.80474833695888037, -7.011901457722987057E-16 ) ) ;
#2228 = CARTESIAN_POINT ( 'NONE',  ( -3.288984293172612094, 3.699335388858906004, -10.00000000000000000 ) ) ;
#2229 = VERTEX_POINT ( 'NONE', #1995 ) ;
#2230 = DIRECTION ( 'NONE',  ( -0.7473404825977583155, -0.6644412713480023491, 0.000000000000000000 ) ) ;
#2231 = AXIS2_PLACEMENT_3D ( 'NONE', #1712, #103, #1070 ) ;
#2232 = ORIENTED_EDGE ( 'NONE', *, *, #2039, .F. ) ;
#2233 = EDGE_CURVE ( 'NONE', #685, #810, #827, .T. ) ;
#2234 = DIRECTION ( 'NONE',  ( -0.6589463589502514429, -0.7521899334783780366, 0.000000000000000000 ) ) ;
#2235 = CARTESIAN_POINT ( 'NONE',  ( -18.49746955316100383, -36.97358679016526395, 8.673617379884035472E-15 ) ) ;
#2236 = ORIENTED_EDGE ( 'NONE', *, *, #1969, .T. ) ;
#2237 = FACE_BOUND ( 'NONE', #926, .T. ) ;
#2238 = LINE ( 'NONE', #1511, #8 ) ;
#2239 = EDGE_LOOP ( 'NONE', ( #1299, #19 ) ) ;
#2240 = CARTESIAN_POINT ( 'NONE',  ( -32.24850232699432695, -0.9970444652982000111, 96.95000000000402451 ) ) ;
#2241 = UNCERTAINTY_MEASURE_WITH_UNIT (LENGTH_MEASURE( 1.000000000000000082E-05 ), #952, 'distance_accuracy_value', 'NONE');
#2242 = DIRECTION ( 'NONE',  ( 0.7521899334783777036, -0.6589463589502515539, 0.000000000000000000 ) ) ;
#2243 = ADVANCED_FACE ( 'NONE', ( #1031 ), #1806, .F. ) ;
#2244 = DIRECTION ( 'NONE',  ( 0.000000000000000000, 0.000000000000000000, 1.000000000000000000 ) ) ;
#2245 = ORIENTED_EDGE ( 'NONE', *, *, #421, .T. ) ;
#2246 = EDGE_CURVE ( 'NONE', #2263, #382, #445, .T. ) ;
#2247 = CIRCLE ( 'NONE', #1142, 1.500000000000001110 ) ;
#2248 = CARTESIAN_POINT ( 'NONE',  ( -19.06161200326979355, -36.47937702095257606, 45.60000000000400888 ) ) ;
#2249 = CARTESIAN_POINT ( 'NONE',  ( -3.213970894728700678, -26.43237392077814363, 102.0250000000013131 ) ) ;
#2250 = EDGE_LOOP ( 'NONE', ( #1336, #941, #1970, #1741 ) ) ;
#2251 = CARTESIAN_POINT ( 'NONE',  ( -36.75922068981864754, -24.96396791932745174, 102.1000000000040160 ) ) ;
#2252 = FACE_OUTER_BOUND ( 'NONE', #1233, .T. ) ;
#2253 = ORIENTED_EDGE ( 'NONE', *, *, #1823, .T. ) ;
#2254 = AXIS2_PLACEMENT_3D ( 'NONE', #405, #1586, #2138 ) ;
#2255 = DIRECTION ( 'NONE',  ( 0.7521899334783777036, -0.6589463589502515539, 0.000000000000000000 ) ) ;
#2256 =( GEOMETRIC_REPRESENTATION_CONTEXT ( 3 ) GLOBAL_UNCERTAINTY_ASSIGNED_CONTEXT ( ( #1652 ) ) GLOBAL_UNIT_ASSIGNED_CONTEXT ( ( #2339, #574, #2149 ) ) REPRESENTATION_CONTEXT ( 'NONE', 'WORKASPACE' ) );
#2257 = CARTESIAN_POINT ( 'NONE',  ( -32.52581181253275844, -24.68423719574307285, 102.1000000000040160 ) ) ;
#2258 = ORIENTED_EDGE ( 'NONE', *, *, #1685, .T. ) ;
#2259 = AXIS2_PLACEMENT_3D ( 'NONE', #1147, #1937, #543 ) ;
#2260 = AXIS2_PLACEMENT_3D ( 'NONE', #259, #64, #853 ) ;
#2261 = DIRECTION ( 'NONE',  ( 0.6589463589502513319, 0.7521899334783779256, -0.000000000000000000 ) ) ;
#2262 = DIRECTION ( 'NONE',  ( 0.000000000000000000, 0.000000000000000000, -1.000000000000000000 ) ) ;
#2263 = VERTEX_POINT ( 'NONE', #844 ) ;
#2264 = DIRECTION ( 'NONE',  ( -0.000000000000000000, -0.000000000000000000, -1.000000000000000000 ) ) ;
#2265 = EDGE_CURVE ( 'NONE', #508, #849, #1634, .T. ) ;
#2266 = EDGE_CURVE ( 'NONE', #1657, #1979, #2277, .T. ) ;
#2267 = DIRECTION ( 'NONE',  ( -0.7521899334783777036, 0.6589463589502515539, 0.000000000000000000 ) ) ;
#2268 = VERTEX_POINT ( 'NONE', #1050 ) ;
#2269 = CARTESIAN_POINT ( 'NONE',  ( -26.35785435801004795, -30.08759733913511525, -10.00000000000000000 ) ) ;
#2270 = DIRECTION ( 'NONE',  ( 0.6589463589502513319, 0.7521899334783778146, -0.000000000000000000 ) ) ;
#2271 = DIRECTION ( 'NONE',  ( 0.7521899334783772595, -0.6589463589502519980, 0.000000000000000000 ) ) ;
#2272 = ORIENTED_EDGE ( 'NONE', *, *, #2366, .F. ) ;
#2273 = ORIENTED_EDGE ( 'NONE', *, *, #2513, .F. ) ;
#2274 = CIRCLE ( 'NONE', #2199, 3.500000000000002665 ) ;
#2275 = PRESENTATION_LAYER_ASSIGNMENT (  '', '', ( #296 ) ) ;
#2276 = CARTESIAN_POINT ( 'NONE',  ( -38.26360055677540828, -23.64607520142694597, 102.1000000000040160 ) ) ;
#2277 = LINE ( 'NONE', #895, #1765 ) ;
#2278 = EDGE_LOOP ( 'NONE', ( #1974, #2050, #2028, #2273 ) ) ;
#2279 = LINE ( 'NONE', #2251, #617 ) ;
#2280 = EDGE_CURVE ( 'NONE', #2524, #141, #882, .T. ) ;
#2281 = EDGE_CURVE ( 'NONE', #1118, #904, #2291, .T. ) ;
#2282 = DIRECTION ( 'NONE',  ( -0.6589463589502516649, -0.7521899334783778146, 0.000000000000000000 ) ) ;
#2283 = ORIENTED_EDGE ( 'NONE', *, *, #1101, .F. ) ;
#2284 = CARTESIAN_POINT ( 'NONE',  ( -20.70897790064543642, -38.35985185464853942, 45.60000000000400888 ) ) ;
#2285 = LINE ( 'NONE', #338, #504 ) ;
#2286 = DIRECTION ( 'NONE',  ( -0.7521899334783778146, 0.6589463589502514429, 0.000000000000000000 ) ) ;
#2287 = VERTEX_POINT ( 'NONE', #1838 ) ;
#2288 = ORIENTED_EDGE ( 'NONE', *, *, #2127, .F. ) ;
#2289 = ADVANCED_FACE ( 'NONE', ( #2040, #497 ), #661, .T. ) ;
#2290 = CARTESIAN_POINT ( 'NONE',  ( -19.91016617990297988, -39.72436635981308228, 102.1000000000040160 ) ) ;
#2291 = CIRCLE ( 'NONE', #1598, 4.950000000000003730 ) ;
#2292 = ORIENTED_EDGE ( 'NONE', *, *, #961, .F. ) ;
#2293 = FACE_BOUND ( 'NONE', #2239, .T. ) ;
#2294 = CARTESIAN_POINT ( 'NONE',  ( 4.950000000000000178, 6.062001655779398511E-16, 5.000000000000000000 ) ) ;
#2295 = ORIENTED_EDGE ( 'NONE', *, *, #1445, .T. ) ;
#2296 = CARTESIAN_POINT ( 'NONE',  ( -26.35785435801004795, -30.08759733913511525, -10.00000000000000000 ) ) ;
#2297 = PLANE ( 'NONE',  #384 ) ;
#2298 = DIRECTION ( 'NONE',  ( -0.6589463589502512209, -0.7521899334783779256, 0.000000000000000000 ) ) ;
#2299 = VERTEX_POINT ( 'NONE', #1256 ) ;
#2300 = EDGE_LOOP ( 'NONE', ( #2425, #1141, #1602, #2515 ) ) ;
#2301 = CIRCLE ( 'NONE', #2186, 2.400000000000001243 ) ;
#2302 = AXIS2_PLACEMENT_3D ( 'NONE', #1565, #584, #1428 ) ;
#2303 = PLANE ( 'NONE',  #1184 ) ;
#2304 = VERTEX_POINT ( 'NONE', #1481 ) ;
#2305 = CARTESIAN_POINT ( 'NONE',  ( -8.199569705453152224, -26.05315828544713241, 102.0250000000013131 ) ) ;
#2306 = AXIS2_PLACEMENT_3D ( 'NONE', #1899, #123, #2267 ) ;
#2307 = CARTESIAN_POINT ( 'NONE',  ( -35.63093578960107521, -25.95238745775283107, 45.60000000000400888 ) ) ;
#2308 = EDGE_LOOP ( 'NONE', ( #2410, #1051, #800, #2482 ) ) ;
#2309 = CARTESIAN_POINT ( 'NONE',  ( -15.15576625585574178, -17.30036847000264544, -0.5000000000000000000 ) ) ;
#2310 = EDGE_CURVE ( 'NONE', #68, #1693, #1689, .T. ) ;
#2311 = PLANE ( 'NONE',  #171 ) ;
#2312 = DIRECTION ( 'NONE',  ( -0.7521899334783778146, 0.6589463589502513319, 0.000000000000000000 ) ) ;
#2313 = ORIENTED_EDGE ( 'NONE', *, *, #148, .T. ) ;
#2314 = ORIENTED_EDGE ( 'NONE', *, *, #1826, .F. ) ;
#2315 = EDGE_CURVE ( 'NONE', #1569, #326, #813, .T. ) ;
#2316 = EDGE_CURVE ( 'NONE', #587, #414, #1427, .T. ) ;
#2317 = LINE ( 'NONE', #2099, #2390 ) ;
#2318 = VECTOR ( 'NONE', #918, 1000.000000000000114 ) ;
#2319 = DIRECTION ( 'NONE',  ( 1.000000000000000000, 0.000000000000000000, 0.000000000000000000 ) ) ;
#2320 = ORIENTED_EDGE ( 'NONE', *, *, #1134, .T. ) ;
#2321 = DIRECTION ( 'NONE',  ( 0.6589463589502513319, 0.7521899334783779256, -0.000000000000000000 ) ) ;
#2322 = DIRECTION ( 'NONE',  ( 0.6589463589502513319, 0.7521899334783778146, -0.000000000000000000 ) ) ;
#2323 = ORIENTED_EDGE ( 'NONE', *, *, #1721, .T. ) ;
#2324 = CARTESIAN_POINT ( 'NONE',  ( -22.51423374099353936, -36.77838059316793817, 45.60000000000400888 ) ) ;
#2325 = AXIS2_PLACEMENT_3D ( 'NONE', #586, #1962, #2508 ) ;
#2326 = FACE_OUTER_BOUND ( 'NONE', #1742, .T. ) ;
#2327 = ORIENTED_EDGE ( 'NONE', *, *, #1239, .T. ) ;
#2328 = DIRECTION ( 'NONE',  ( -0.6589463589502513319, -0.7521899334783779256, -0.000000000000000000 ) ) ;
#2329 = EDGE_CURVE ( 'NONE', #810, #1979, #1468, .T. ) ;
#2330 = DIRECTION ( 'NONE',  ( -0.6589463589502518870, -0.7521899334783773705, 0.000000000000000000 ) ) ;
#2331 = EDGE_CURVE ( 'NONE', #1252, #1343, #1631, .T. ) ;
#2332 = DIRECTION ( 'NONE',  ( 0.6589463589502515539, 0.7521899334783778146, -0.000000000000000000 ) ) ;
#2333 = ORIENTED_EDGE ( 'NONE', *, *, #891, .F. ) ;
#2334 = CARTESIAN_POINT ( 'NONE',  ( 1.562435182858800120, -30.61668330011206862, 96.95000000000401030 ) ) ;
#2335 = AXIS2_PLACEMENT_3D ( 'NONE', #1324, #1717, #1920 ) ;
#2336 = DIRECTION ( 'NONE',  ( -0.7521899334783782587, 0.6589463589502509988, 0.000000000000000000 ) ) ;
#2337 = ORIENTED_EDGE ( 'NONE', *, *, #213, .T. ) ;
#2338 = CIRCLE ( 'NONE', #2335, 2.249999999999900968 ) ;
#2339 =( LENGTH_UNIT ( ) NAMED_UNIT ( * ) SI_UNIT ( .MILLI., .METRE. ) );
#2340 = LINE ( 'NONE', #1165, #1493 ) ;
#2341 = CARTESIAN_POINT ( 'NONE',  ( -12.80859657141138008, -37.96889675714703571, -10.00000000000000000 ) ) ;
#2342 = EDGE_LOOP ( 'NONE', ( #2453, #626 ) ) ;
#2343 = ORIENTED_EDGE ( 'NONE', *, *, #1758, .T. ) ;
#2344 = AXIS2_PLACEMENT_3D ( 'NONE', #1459, #2032, #1217 ) ;
#2345 = DIRECTION ( 'NONE',  ( 0.7521899334783767044, -0.6589463589502526641, 0.000000000000000000 ) ) ;
#2346 = ORIENTED_EDGE ( 'NONE', *, *, #1426, .F. ) ;
#2347 = PLANE ( 'NONE',  #2302 ) ;
#2348 =( GEOMETRIC_REPRESENTATION_CONTEXT ( 3 ) GLOBAL_UNCERTAINTY_ASSIGNED_CONTEXT ( ( #727 ) ) GLOBAL_UNIT_ASSIGNED_CONTEXT ( ( #2384, #1418, #1039 ) ) REPRESENTATION_CONTEXT ( 'NONE', 'WORKASPACE' ) );
#2349 = CARTESIAN_POINT ( 'NONE',  ( -37.98629107123696969, 0.04111752901792822823, 86.80000000000401883 ) ) ;
#2350 = ORIENTED_EDGE ( 'NONE', *, *, #2464, .F. ) ;
#2351 = LINE ( 'NONE', #2324, #323 ) ;
#2352 = EDGE_CURVE ( 'NONE', #715, #1941, #888, .T. ) ;
#2353 = EDGE_CURVE ( 'NONE', #815, #1520, #1803, .T. ) ;
#2354 = DIRECTION ( 'NONE',  ( -0.7521899334783778146, 0.6589463589502513319, 0.000000000000000000 ) ) ;
#2355 = DIRECTION ( 'NONE',  ( -1.000000000000000000, 0.000000000000000000, 0.000000000000000000 ) ) ;
#2356 = ORIENTED_EDGE ( 'NONE', *, *, #1182, .F. ) ;
#2357 = VERTEX_POINT ( 'NONE', #272 ) ;
#2358 = VERTEX_POINT ( 'NONE', #1465 ) ;
#2359 = CARTESIAN_POINT ( 'NONE',  ( 3.254862533185151285, -32.09931260775012163, 96.95000000000401030 ) ) ;
#2360 = VECTOR ( 'NONE', #1515, 999.9999999999998863 ) ;
#2361 = EDGE_CURVE ( 'NONE', #2357, #1505, #2247, .T. ) ;
#2362 = AXIS2_PLACEMENT_3D ( 'NONE', #682, #1859, #297 ) ;
#2363 = DIRECTION ( 'NONE',  ( 0.7521899334783775926, -0.6589463589502514429, 0.000000000000000000 ) ) ;
#2364 = VERTEX_POINT ( 'NONE', #2235 ) ;
#2365 = CARTESIAN_POINT ( 'NONE',  ( -1.237131817877947570, -24.17580412034301318, 102.0250000000013131 ) ) ;
#2366 = EDGE_CURVE ( 'NONE', #13, #385, #63, .T. ) ;
#2367 = EDGE_CURVE ( 'NONE', #141, #2085, #2172, .T. ) ;
#2368 = DIRECTION ( 'NONE',  ( 0.7521899334783778146, -0.6589463589502515539, 0.000000000000000000 ) ) ;
#2369 = CARTESIAN_POINT ( 'NONE',  ( -25.77966889908025649, -6.663983152270399835, 102.0250000000013131 ) ) ;
#2370 = EDGE_LOOP ( 'NONE', ( #2171, #910 ) ) ;
#2371 = DIRECTION ( 'NONE',  ( 0.6589463589502513319, 0.7521899334783779256, -0.000000000000000000 ) ) ;
#2372 = VECTOR ( 'NONE', #2219, 1000.000000000000000 ) ;
#2373 = EDGE_CURVE ( 'NONE', #247, #594, #2415, .T. ) ;
#2374 = ORIENTED_EDGE ( 'NONE', *, *, #2281, .F. ) ;
#2375 = PLANE ( 'NONE',  #1479 ) ;
#2376 = DIRECTION ( 'NONE',  ( -0.6589463589502516649, -0.7521899334783778146, 0.000000000000000000 ) ) ;
#2377 = ORIENTED_EDGE ( 'NONE', *, *, #70, .F. ) ;
#2378 = VECTOR ( 'NONE', #2006, 999.9999999999998863 ) ;
#2379 = DIRECTION ( 'NONE',  ( 0.7521899334783769264, -0.6589463589502525531, 0.000000000000000000 ) ) ;
#2380 = ORIENTED_EDGE ( 'NONE', *, *, #802, .T. ) ;
#2381 = ORIENTED_EDGE ( 'NONE', *, *, #2315, .F. ) ;
#2382 = EDGE_CURVE ( 'NONE', #954, #2364, #1877, .T. ) ;
#2383 = EDGE_LOOP ( 'NONE', ( #1132, #2115 ) ) ;
#2384 =( LENGTH_UNIT ( ) NAMED_UNIT ( * ) SI_UNIT ( .MILLI., .METRE. ) );
#2385 = AXIS2_PLACEMENT_3D ( 'NONE', #2309, #546, #1666 ) ;
#2386 = DIRECTION ( 'NONE',  ( 0.7521899334783777036, -0.6589463589502515539, 0.000000000000000000 ) ) ;
#2387 = ORIENTED_EDGE ( 'NONE', *, *, #1025, .F. ) ;
#2388 = VECTOR ( 'NONE', #1897, 1000.000000000000000 ) ;
#2389 = DIRECTION ( 'NONE',  ( -0.6589463589502516649, -0.7521899334783775926, -1.126196766778757420E-16 ) ) ;
#2390 = VECTOR ( 'NONE', #760, 1000.000000000000114 ) ;
#2391 = DIRECTION ( 'NONE',  ( -0.6589463589502516649, -0.7521899334783778146, 0.000000000000000000 ) ) ;
#2392 = ORIENTED_EDGE ( 'NONE', *, *, #2534, .T. ) ;
#2393 = ADVANCED_FACE ( 'NONE', ( #1863 ), #703, .F. ) ;
#2394 = DIRECTION ( 'NONE',  ( 0.7521899334783774815, -0.6589463589502518870, 0.000000000000000000 ) ) ;
#2395 = ADVANCED_FACE ( 'NONE', ( #967, #346 ), #2490, .T. ) ;
#2396 = ORIENTED_EDGE ( 'NONE', *, *, #1398, .F. ) ;
#2397 = CARTESIAN_POINT ( 'NONE',  ( -22.84370692046866580, -37.15447555990712658, 45.60000000000400888 ) ) ;
#2398 = CYLINDRICAL_SURFACE ( 'NONE', #731, 2.250000000000001776 ) ;
#2399 = ORIENTED_EDGE ( 'NONE', *, *, #673, .T. ) ;
#2400 = DIRECTION ( 'NONE',  ( -0.6589463589502515539, -0.7521899334783775926, -0.000000000000000000 ) ) ;
#2401 = DIRECTION ( 'NONE',  ( -0.6589463589502516649, -0.7521899334783777036, -1.126196766778757667E-16 ) ) ;
#2402 = ORIENTED_EDGE ( 'NONE', *, *, #2281, .T. ) ;
#2403 = DIRECTION ( 'NONE',  ( 0.7521899334783775926, -0.6589463589502516649, 0.000000000000000000 ) ) ;
#2404 = ADVANCED_FACE ( 'NONE', ( #1508 ), #734, .T. ) ;
#2405 = CARTESIAN_POINT ( 'NONE',  ( -23.34627226933969624, 16.64265314910035798, 107.1000000000040302 ) ) ;
#2406 = DIRECTION ( 'NONE',  ( 0.6589463589502513319, 0.7521899334783778146, -0.000000000000000000 ) ) ;
#2407 = ORIENTED_EDGE ( 'NONE', *, *, #307, .F. ) ;
#2408 = FACE_OUTER_BOUND ( 'NONE', #1308, .T. ) ;
#2409 = CARTESIAN_POINT ( 'NONE',  ( -21.03845108012056286, -38.73594682138772782, 45.60000000000400888 ) ) ;
#2410 = ORIENTED_EDGE ( 'NONE', *, *, #2180, .T. ) ;
#2411 = CARTESIAN_POINT ( 'NONE',  ( -20.70897790064543642, -38.35985185464853942, 45.60000000000400888 ) ) ;
#2412 = AXIS2_PLACEMENT_3D ( 'NONE', #1750, #2523, #2336 ) ;
#2413 =( GEOMETRIC_REPRESENTATION_CONTEXT ( 3 ) GLOBAL_UNCERTAINTY_ASSIGNED_CONTEXT ( ( #2442 ) ) GLOBAL_UNIT_ASSIGNED_CONTEXT ( ( #1563, #1014, #1266 ) ) REPRESENTATION_CONTEXT ( 'NONE', 'WORKASPACE' ) );
#2414 = FILL_AREA_STYLE ('',( #1785 ) ) ;
#2415 = LINE ( 'NONE', #482, #2536 ) ;
#2416 = VERTEX_POINT ( 'NONE', #541 ) ;
#2417 = DIRECTION ( 'NONE',  ( -0.6589463589502515539, -0.7521899334783778146, -3.187227935328738949E-17 ) ) ;
#2418 = AXIS2_PLACEMENT_3D ( 'NONE', #134, #1274, #677 ) ;
#2419 = CARTESIAN_POINT ( 'NONE',  ( -8.576230085317128271, -23.06428687703158431, 86.80000000000401883 ) ) ;
#2420 = ORIENTED_EDGE ( 'NONE', *, *, #1870, .T. ) ;
#2421 = CARTESIAN_POINT ( 'NONE',  ( -23.67111584729486751, -36.42963456506182496, 45.60000000000400888 ) ) ;
#2422 = AXIS2_PLACEMENT_3D ( 'NONE', #666, #1066, #1457 ) ;
#2423 = DIRECTION ( 'NONE',  ( 0.7521899334783777036, -0.6589463589502515539, 0.000000000000000000 ) ) ;
#2424 = CARTESIAN_POINT ( 'NONE',  ( -21.03845108012054865, -38.73594682138769940, 102.1000000000040160 ) ) ;
#2425 = ORIENTED_EDGE ( 'NONE', *, *, #2204, .F. ) ;
#2426 = CYLINDRICAL_SURFACE ( 'NONE', #72, 3.999999999947082330 ) ;
#2427 = EDGE_CURVE ( 'NONE', #2007, #1172, #1206, .T. ) ;
#2428 = FACE_OUTER_BOUND ( 'NONE', #721, .T. ) ;
#2429 = ORIENTED_EDGE ( 'NONE', *, *, #1927, .F. ) ;
#2430 = EDGE_CURVE ( 'NONE', #1248, #2148, #2338, .T. ) ;
#2431 = CYLINDRICAL_SURFACE ( 'NONE', #1729, 2.249999999999996891 ) ;
#2432 = DIRECTION ( 'NONE',  ( -0.6589463589502519980, -0.7521899334783772595, 2.315898774403960196E-18 ) ) ;
#2433 = DIRECTION ( 'NONE',  ( 0.000000000000000000, 0.000000000000000000, -1.000000000000000000 ) ) ;
#2434 = ORIENTED_EDGE ( 'NONE', *, *, #2448, .T. ) ;
#2435 = DIRECTION ( 'NONE',  ( 0.7521899334783772595, -0.6589463589502519980, 0.000000000000000000 ) ) ;
#2436 = DIRECTION ( 'NONE',  ( -0.6589463589502514429, -0.7521899334783780366, 0.000000000000000000 ) ) ;
#2437 = ORIENTED_EDGE ( 'NONE', *, *, #614, .F. ) ;
#2438 = PLANE ( 'NONE',  #532 ) ;
#2439 = DIRECTION ( 'NONE',  ( 0.7473404825977583155, 0.6644412713480023491, 0.000000000000000000 ) ) ;
#2440 = ORIENTED_EDGE ( 'NONE', *, *, #1549, .F. ) ;
#2441 = FACE_OUTER_BOUND ( 'NONE', #2300, .T. ) ;
#2442 = UNCERTAINTY_MEASURE_WITH_UNIT (LENGTH_MEASURE( 1.000000000000000082E-05 ), #1563, 'distance_accuracy_value', 'NONE');
#2443 = CARTESIAN_POINT ( 'NONE',  ( -38.26360055677540117, -23.64607520142695307, 45.60000000000400888 ) ) ;
#2444 = LINE ( 'NONE', #339, #2318 ) ;
#2445 = ORIENTED_EDGE ( 'NONE', *, *, #1240, .F. ) ;
#2446 = VECTOR ( 'NONE', #2406, 1000.000000000000114 ) ;
#2447 = FACE_OUTER_BOUND ( 'NONE', #521, .T. ) ;
#2448 = EDGE_CURVE ( 'NONE', #2007, #679, #435, .T. ) ;
#2449 = DIRECTION ( 'NONE',  ( 0.6589463589502515539, 0.7521899334783778146, -0.000000000000000000 ) ) ;
#2450 = VERTEX_POINT ( 'NONE', #1947 ) ;
#2451 = DIRECTION ( 'NONE',  ( 0.7521899334783777036, -0.6589463589502515539, 0.000000000000000000 ) ) ;
#2452 = LINE ( 'NONE', #2030, #791 ) ;
#2453 = ORIENTED_EDGE ( 'NONE', *, *, #719, .T. ) ;
#2454 = AXIS2_PLACEMENT_3D ( 'NONE', #2240, #220, #252 ) ;
#2455 = DIRECTION ( 'NONE',  ( 0.7521899334783779256, -0.6589463589502513319, 0.000000000000000000 ) ) ;
#2456 = AXIS2_PLACEMENT_3D ( 'NONE', #1725, #308, #1094 ) ;
#2457 = CARTESIAN_POINT ( 'NONE',  ( 9.425210559703085522, -25.05583538298961344, 96.95000000000401030 ) ) ;
#2458 = DIRECTION ( 'NONE',  ( 0.9818880389402238063, 0.1894620779631680796, 0.000000000000000000 ) ) ;
#2459 = VERTEX_POINT ( 'NONE', #1519 ) ;
#2460 = EDGE_LOOP ( 'NONE', ( #780, #146, #1393, #340 ) ) ;
#2461 = AXIS2_PLACEMENT_3D ( 'NONE', #1107, #1300, #111 ) ;
#2462 = DIRECTION ( 'NONE',  ( 0.7521899334783772595, -0.6589463589502519980, 0.000000000000000000 ) ) ;
#2463 = EDGE_CURVE ( 'NONE', #1678, #167, #922, .T. ) ;
#2464 = EDGE_CURVE ( 'NONE', #1678, #210, #269, .T. ) ;
#2465 = CARTESIAN_POINT ( 'NONE',  ( 1.570942696327709553, -11.48124811227035025, 102.1990877160510252 ) ) ;
#2466 = VERTEX_POINT ( 'NONE', #582 ) ;
#2467 = CARTESIAN_POINT ( 'NONE',  ( -31.21658166997174177, -5.889399701499148598, 96.95000000000402451 ) ) ;
#2468 = DIRECTION ( 'NONE',  ( 0.6644412713480023491, -0.7473404825977583155, 0.000000000000000000 ) ) ;
#2469 = EDGE_LOOP ( 'NONE', ( #841, #2253, #1534, #2044 ) ) ;
#2470 = LINE ( 'NONE', #1111, #1228 ) ;
#2471 = CARTESIAN_POINT ( 'NONE',  ( -35.46667567206669958, -17.72174055726543429, -0.000000000000000000 ) ) ;
#2472 = CARTESIAN_POINT ( 'NONE',  ( -24.74774824205707446, -11.55633838847185046, 102.0250000000013131 ) ) ;
#2473 = EDGE_LOOP ( 'NONE', ( #1728, #87, #1738, #1410, #2215, #463, #1781, #2495 ) ) ;
#2474 = ORIENTED_EDGE ( 'NONE', *, *, #1025, .T. ) ;
#2475 = MECHANICAL_DESIGN_GEOMETRIC_PRESENTATION_REPRESENTATION (  '', ( #291 ), #14 ) ;
#2476 = VECTOR ( 'NONE', #712, 1000.000000000000114 ) ;
#2477 = DIRECTION ( 'NONE',  ( -0.7521899334783775926, 0.6589463589502514429, 0.000000000000000000 ) ) ;
#2478 = CARTESIAN_POINT ( 'NONE',  ( 4.286783190207733796, -36.99166784395107044, 96.95000000000401030 ) ) ;
#2479 = ORIENTED_EDGE ( 'NONE', *, *, #2166, .F. ) ;
#2480 = CARTESIAN_POINT ( 'NONE',  ( -20.70897790064544353, -38.35985185464853231, 102.1000000000040160 ) ) ;
#2481 = PLANE ( 'NONE',  #880 ) ;
#2482 = ORIENTED_EDGE ( 'NONE', *, *, #2373, .T. ) ;
#2483 = FACE_BOUND ( 'NONE', #1597, .T. ) ;
#2484 = DIRECTION ( 'NONE',  ( -0.000000000000000000, -0.000000000000000000, -1.000000000000000000 ) ) ;
#2485 = DIRECTION ( 'NONE',  ( -0.6589463589502516649, -0.7521899334783778146, -1.126196766778757913E-16 ) ) ;
#2486 = ORIENTED_EDGE ( 'NONE', *, *, #1663, .F. ) ;
#2487 = ORIENTED_EDGE ( 'NONE', *, *, #2076, .T. ) ;
#2488 = CIRCLE ( 'NONE', #1220, 1.500000000000001110 ) ;
#2489 = EDGE_CURVE ( 'NONE', #227, #2201, #1837, .T. ) ;
#2490 = PLANE ( 'NONE',  #266 ) ;
#2491 = EDGE_LOOP ( 'NONE', ( #725, #1360, #356, #1852 ) ) ;
#2492 = CARTESIAN_POINT ( 'NONE',  ( -22.84370692046867646, -37.15447555990711948, 102.1000000000040160 ) ) ;
#2493 = AXIS2_PLACEMENT_3D ( 'NONE', #1131, #132, #420 ) ;
#2494 = FACE_OUTER_BOUND ( 'NONE', #1003, .T. ) ;
#2495 = ORIENTED_EDGE ( 'NONE', *, *, #1101, .T. ) ;
#2496 = PLANE ( 'NONE',  #2385 ) ;
#2497 = ADVANCED_FACE ( 'NONE', ( #2520 ), #2303, .T. ) ;
#2498 = UNCERTAINTY_MEASURE_WITH_UNIT (LENGTH_MEASURE( 1.000000000000000082E-05 ), #1641, 'distance_accuracy_value', 'NONE');
#2499 = VECTOR ( 'NONE', #2530, 999.9999999999998863 ) ;
#2500 = DIRECTION ( 'NONE',  ( -0.6589463589502516649, -0.7521899334783777036, 3.187227935328734019E-17 ) ) ;
#2501 = CARTESIAN_POINT ( 'NONE',  ( 1.278023456334396624, -34.35588240818525207, 96.95000000000401030 ) ) ;
#2502 = ORIENTED_EDGE ( 'NONE', *, *, #365, .T. ) ;
#2503 = CARTESIAN_POINT ( 'NONE',  ( -21.73530242639433752, -11.53645006297371367, 86.80000000000401883 ) ) ;
#2504 = CIRCLE ( 'NONE', #1977, 4.950000000000001954 ) ;
#2505 = PLANE ( 'NONE',  #1770 ) ;
#2506 = VERTEX_POINT ( 'NONE', #1731 ) ;
#2507 = FACE_OUTER_BOUND ( 'NONE', #914, .T. ) ;
#2508 = DIRECTION ( 'NONE',  ( -0.7521899334783777036, 0.6589463589502515539, 0.000000000000000000 ) ) ;
#2509 = ORIENTED_EDGE ( 'NONE', *, *, #994, .F. ) ;
#2510 = LINE ( 'NONE', #1976, #2546 ) ;
#2511 = ADVANCED_FACE ( 'NONE', ( #2532 ), #2505, .F. ) ;
#2512 = LINE ( 'NONE', #754, #47 ) ;
#2513 = EDGE_CURVE ( 'NONE', #528, #2085, #1362, .T. ) ;
#2514 =( NAMED_UNIT ( * ) PLANE_ANGLE_UNIT ( ) SI_UNIT ( $, .RADIAN. ) );
#2515 = ORIENTED_EDGE ( 'NONE', *, *, #70, .T. ) ;
#2516 = CARTESIAN_POINT ( 'NONE',  ( -31.91192690653321762, -20.56894312093068322, 8.673617379884035472E-15 ) ) ;
#2517 = AXIS2_PLACEMENT_3D ( 'NONE', #2109, #1917, #2271 ) ;
#2518 = FACE_OUTER_BOUND ( 'NONE', #430, .T. ) ;
#2519 = CIRCLE ( 'NONE', #2362, 3.500000000000002665 ) ;
#2520 = FACE_OUTER_BOUND ( 'NONE', #690, .T. ) ;
#2521 = ORIENTED_EDGE ( 'NONE', *, *, #1478, .F. ) ;
#2522 = FACE_BOUND ( 'NONE', #583, .T. ) ;
#2523 = DIRECTION ( 'NONE',  ( 0.6589463589502513319, 0.7521899334783779256, -0.000000000000000000 ) ) ;
#2524 = VERTEX_POINT ( 'NONE', #2478 ) ;
#2525 = SURFACE_SIDE_STYLE ('',( #1752 ) ) ;
#2526 = CIRCLE ( 'NONE', #1420, 2.249999999999998224 ) ;
#2527 = DIRECTION ( 'NONE',  ( -0.7521899334783767044, 0.6589463589502526641, 0.000000000000000000 ) ) ;
#2528 = CARTESIAN_POINT ( 'NONE',  ( 0.000000000000000000, 0.000000000000000000, 5.000000000000000000 ) ) ;
#2529 = VERTEX_POINT ( 'NONE', #776 ) ;
#2530 = DIRECTION ( 'NONE',  ( 0.7521899334783778146, -0.6589463589502515539, 0.000000000000000000 ) ) ;
#2531 = DIRECTION ( 'NONE',  ( -0.6589463589502514429, -0.7521899334783778146, -0.000000000000000000 ) ) ;
#2532 = FACE_OUTER_BOUND ( 'NONE', #2103, .T. ) ;
#2533 = VERTEX_POINT ( 'NONE', #553 ) ;
#2534 = EDGE_CURVE ( 'NONE', #1520, #815, #2212, .T. ) ;
#2535 = CARTESIAN_POINT ( 'NONE',  ( -38.26360055677540828, -23.64607520142694597, 102.1000000000040160 ) ) ;
#2536 = VECTOR ( 'NONE', #1271, 1000.000000000000000 ) ;
#2537 = CARTESIAN_POINT ( 'NONE',  ( 6.924128960362244456, -31.32537211495307261, 96.95000000000401030 ) ) ;
#2538 = ORIENTED_EDGE ( 'NONE', *, *, #2016, .T. ) ;
#2539 = CARTESIAN_POINT ( 'NONE',  ( -18.83595502322626913, -36.67706092863762990, -10.00000000000000000 ) ) ;
#2540 = CARTESIAN_POINT ( 'NONE',  ( -34.21823916285909917, -23.20160788810500918, 8.673617379884035472E-15 ) ) ;
#2541 = DIRECTION ( 'NONE',  ( -0.6589463589502516649, -0.7521899334783778146, -1.126196766778757913E-16 ) ) ;
#2542 = ORIENTED_EDGE ( 'NONE', *, *, #1528, .F. ) ;
#2543 = CARTESIAN_POINT ( 'NONE',  ( -20.70897790064544353, -38.35985185464853231, 102.1000000000040160 ) ) ;
#2544 = VECTOR ( 'NONE', #431, 1000.000000000000000 ) ;
#2545 = EDGE_CURVE ( 'NONE', #904, #1585, #1095, .T. ) ;
#2546 = VECTOR ( 'NONE', #752, 1000.000000000000000 ) ;
#2547 = EDGE_CURVE ( 'NONE', #247, #1071, #953, .T. ) ;
ENDSEC;
END-ISO-10303-21;
