ISO-10303-21;
HEADER;
FILE_DESCRIPTION (( 'STEP AP214' ),
    '1' );
FILE_NAME ('009_009_Spin_servo_mount_1.STEP',
    '2024-07-21T08:27:52',
    ( '' ),
    ( '' ),
    'SwSTEP 2.0',
    'SolidWorks 2019',
    '' );
FILE_SCHEMA (( 'AUTOMOTIVE_DESIGN' ));
ENDSEC;

DATA;
#1 = CIRCLE ( 'NONE', #43, 1.899999999999999023 ) ;
#2 = ORIENTED_EDGE ( 'NONE', *, *, #912, .F. ) ;
#3 = ORIENTED_EDGE ( 'NONE', *, *, #310, .T. ) ;
#4 = EDGE_CURVE ( 'NONE', #717, #2088, #1898, .T. ) ;
#5 = DIRECTION ( 'NONE',  ( 0.000000000000000000, 1.000000000000000000, -3.286844480798162405E-14 ) ) ;
#6 = CARTESIAN_POINT ( 'NONE',  ( -10.14999999999999858, -6.999999999999999112, -12.40000000000000036 ) ) ;
#7 = CARTESIAN_POINT ( 'NONE',  ( 7.500000000010193624, 23.31000000000000227, -42.00000000000305533 ) ) ;
#8 = ORIENTED_EDGE ( 'NONE', *, *, #1172, .T. ) ;
#9 = DIRECTION ( 'NONE',  ( 0.000000000000000000, 1.000000000000000000, -3.238150488490068519E-14 ) ) ;
#10 = CYLINDRICAL_SURFACE ( 'NONE', #1700, 3.250000000000002665 ) ;
#11 = CARTESIAN_POINT ( 'NONE',  ( -10.14999999999999858, -7.500000000000000000, -13.50000000000000000 ) ) ;
#12 = CARTESIAN_POINT ( 'NONE',  ( 10.05000000001003180, 4.500000000000000888, -32.00000000000190425 ) ) ;
#13 = ORIENTED_EDGE ( 'NONE', *, *, #522, .T. ) ;
#14 = AXIS2_PLACEMENT_3D ( 'NONE', #1688, #2268, #1321 ) ;
#15 = ORIENTED_EDGE ( 'NONE', *, *, #476, .F. ) ;
#16 = DIRECTION ( 'NONE',  ( -4.163336342344337815E-15, 3.238150488490068519E-14, 1.000000000000000000 ) ) ;
#17 = CARTESIAN_POINT ( 'NONE',  ( -7.499999999989827693, 7.360000000000165521, -37.00000000000260769 ) ) ;
#18 = DIRECTION ( 'NONE',  ( 4.163336342344337815E-15, -3.238150488490068519E-14, -1.000000000000000000 ) ) ;
#19 = VERTEX_POINT ( 'NONE', #293 ) ;
#20 = CARTESIAN_POINT ( 'NONE',  ( 2.679059490240776801E-16, -4.500000000000000000, -57.75000000000224532 ) ) ;
#21 = ADVANCED_FACE ( 'NONE', ( #2391 ), #686, .F. ) ;
#22 = CARTESIAN_POINT ( 'NONE',  ( 7.500000000010189183, 7.360000000000026077, -41.25000000000254374 ) ) ;
#23 = CARTESIAN_POINT ( 'NONE',  ( 10.15000000000000391, -7.500000000000000000, -24.27999999999999758 ) ) ;
#24 = ADVANCED_FACE ( 'NONE', ( #484 ), #2003, .F. ) ;
#25 = CARTESIAN_POINT ( 'NONE',  ( 10.15000000000000213, -7.500000000000000000, -9.999999999999998224 ) ) ;
#26 = ORIENTED_EDGE ( 'NONE', *, *, #1367, .F. ) ;
#27 = CIRCLE ( 'NONE', #1451, 3.500000000000003109 ) ;
#28 = ORIENTED_EDGE ( 'NONE', *, *, #1554, .F. ) ;
#29 = AXIS2_PLACEMENT_3D ( 'NONE', #2203, #1635, #1821 ) ;
#30 = DIRECTION ( 'NONE',  ( 0.000000000000000000, 1.000000000000000000, -3.238150488490068519E-14 ) ) ;
#31 = DIRECTION ( 'NONE',  ( 4.163336342344337815E-15, -3.238150488490068519E-14, -1.000000000000000000 ) ) ;
#32 = AXIS2_PLACEMENT_3D ( 'NONE', #2108, #410, #1166 ) ;
#33 = EDGE_LOOP ( 'NONE', ( #407, #450 ) ) ;
#34 = CARTESIAN_POINT ( 'NONE',  ( -14.99999999999040590, -4.499999999999993783, -42.00000000000225242 ) ) ;
#35 = CIRCLE ( 'NONE', #351, 3.549999999999997602 ) ;
#36 = LINE ( 'NONE', #657, #1932 ) ;
#37 = CARTESIAN_POINT ( 'NONE',  ( 2.247215307067212089E-16, 2.359999999999119247, -48.75000000000247269 ) ) ;
#38 = AXIS2_PLACEMENT_3D ( 'NONE', #1400, #1814, #1035 ) ;
#39 = DIRECTION ( 'NONE',  ( 0.000000000000000000, -0.000000000000000000, -1.000000000000000000 ) ) ;
#40 = CIRCLE ( 'NONE', #1065, 3.549999999999999378 ) ;
#41 = ORIENTED_EDGE ( 'NONE', *, *, #1966, .T. ) ;
#42 = ORIENTED_EDGE ( 'NONE', *, *, #778, .F. ) ;
#43 = AXIS2_PLACEMENT_3D ( 'NONE', #2264, #16, #5 ) ;
#44 = ORIENTED_EDGE ( 'NONE', *, *, #1370, .T. ) ;
#45 = AXIS2_PLACEMENT_3D ( 'NONE', #1878, #1278, #1518 ) ;
#46 = DIRECTION ( 'NONE',  ( 1.000000000000000000, 0.000000000000000000, 0.000000000000000000 ) ) ;
#47 = DIRECTION ( 'NONE',  ( 0.000000000000000000, 1.000000000000000000, -3.238150488490068519E-14 ) ) ;
#48 = ORIENTED_EDGE ( 'NONE', *, *, #1727, .T. ) ;
#49 = ADVANCED_FACE ( 'NONE', ( #697 ), #1808, .T. ) ;
#50 = DIRECTION ( 'NONE',  ( 2.891205793308218138E-17, 1.000000000000000000, -3.238150488490068519E-14 ) ) ;
#51 = DIRECTION ( 'NONE',  ( 1.000000000000000000, 0.000000000000000000, -0.000000000000000000 ) ) ;
#52 = LINE ( 'NONE', #1226, #348 ) ;
#53 = ORIENTED_EDGE ( 'NONE', *, *, #2442, .T. ) ;
#54 = ORIENTED_EDGE ( 'NONE', *, *, #315, .T. ) ;
#55 = EDGE_CURVE ( 'NONE', #352, #1923, #1032, .T. ) ;
#56 = EDGE_CURVE ( 'NONE', #1991, #652, #101, .T. ) ;
#57 = EDGE_CURVE ( 'NONE', #2229, #1873, #659, .T. ) ;
#58 = VERTEX_POINT ( 'NONE', #497 ) ;
#59 = CARTESIAN_POINT ( 'NONE',  ( -10.14999999999999858, -7.500000000000000000, -10.00000000000000000 ) ) ;
#60 = AXIS2_PLACEMENT_3D ( 'NONE', #556, #2437, #733 ) ;
#61 = CARTESIAN_POINT ( 'NONE',  ( -1.301042606988258002E-16, -4.500000000000000000, -47.00000000000224532 ) ) ;
#62 = EDGE_LOOP ( 'NONE', ( #1879, #2429 ) ) ;
#63 = CARTESIAN_POINT ( 'NONE',  ( 10.15000000000000391, -4.500000000000000000, -27.77999999999999403 ) ) ;
#64 = DIRECTION ( 'NONE',  ( 1.000000000000000000, 0.000000000000000000, 0.000000000000000000 ) ) ;
#65 = LINE ( 'NONE', #1386, #2415 ) ;
#66 = CIRCLE ( 'NONE', #1768, 3.549999999999999378 ) ;
#67 = ORIENTED_EDGE ( 'NONE', *, *, #223, .T. ) ;
#68 = VECTOR ( 'NONE', #1552, 1000.000000000000000 ) ;
#69 = EDGE_LOOP ( 'NONE', ( #2215, #1449 ) ) ;
#70 = AXIS2_PLACEMENT_3D ( 'NONE', #914, #745, #2269 ) ;
#71 = EDGE_CURVE ( 'NONE', #1873, #1340, #941, .T. ) ;
#72 = DIRECTION ( 'NONE',  ( -0.000000000000000000, 1.000000000000000000, -0.000000000000000000 ) ) ;
#73 = DIRECTION ( 'NONE',  ( -1.659100374445940448E-16, -2.602085213965206405E-18, 1.000000000000000000 ) ) ;
#74 = ORIENTED_EDGE ( 'NONE', *, *, #1413, .T. ) ;
#75 = CIRCLE ( 'NONE', #1177, 1.899999999999999689 ) ;
#76 = DIRECTION ( 'NONE',  ( 0.000000000000000000, -3.235926484033656621E-14, -1.000000000000000000 ) ) ;
#77 = CIRCLE ( 'NONE', #1408, 2.399999999999999467 ) ;
#78 = CARTESIAN_POINT ( 'NONE',  ( -7.499999999989825916, 26.86000000000016641, -37.00000000000324007 ) ) ;
#79 = VECTOR ( 'NONE', #2015, 1000.000000000000000 ) ;
#80 = CARTESIAN_POINT ( 'NONE',  ( 10.15000000000000213, -4.500000000000000000, -9.999999999999998224 ) ) ;
#81 = ORIENTED_EDGE ( 'NONE', *, *, #1204, .T. ) ;
#82 = DIRECTION ( 'NONE',  ( -0.000000000000000000, -1.000000000000000000, -0.000000000000000000 ) ) ;
#83 = VECTOR ( 'NONE', #1988, 1000.000000000000000 ) ;
#84 = ORIENTED_EDGE ( 'NONE', *, *, #595, .T. ) ;
#85 = CARTESIAN_POINT ( 'NONE',  ( 15.00000000000969003, 2.359999999998560138, -66.00000000000234479 ) ) ;
#86 = CARTESIAN_POINT ( 'NONE',  ( 7.500000000010182966, 24.96000000000016428, -37.00000000000311218 ) ) ;
#87 = EDGE_CURVE ( 'NONE', #260, #58, #1658, .T. ) ;
#88 = ORIENTED_EDGE ( 'NONE', *, *, #2464, .T. ) ;
#89 = DIRECTION ( 'NONE',  ( 0.000000000000000000, -1.000000000000000000, 0.000000000000000000 ) ) ;
#90 = CARTESIAN_POINT ( 'NONE',  ( 10.05000000001003535, 4.499999999999997335, 3.885780586188047891E-13 ) ) ;
#91 = DIRECTION ( 'NONE',  ( 0.000000000000000000, -1.000000000000000000, 0.000000000000000000 ) ) ;
#92 = CARTESIAN_POINT ( 'NONE',  ( -10.14999999999999680, -6.999999999999999112, -27.77999999999999758 ) ) ;
#93 = VERTEX_POINT ( 'NONE', #1227 ) ;
#94 = DIRECTION ( 'NONE',  ( 0.000000000000000000, -1.000000000000000000, 0.000000000000000000 ) ) ;
#95 = DIRECTION ( 'NONE',  ( -4.163336342344337815E-15, 3.238150488490068519E-14, 1.000000000000000000 ) ) ;
#96 = EDGE_LOOP ( 'NONE', ( #1089, #1026, #1959, #2416 ) ) ;
#97 = FACE_BOUND ( 'NONE', #1113, .T. ) ;
#98 = DIRECTION ( 'NONE',  ( 0.000000000000000000, 1.000000000000000000, -3.322850601871069359E-14 ) ) ;
#99 = ADVANCED_FACE ( 'NONE', ( #301 ), #1043, .T. ) ;
#100 = CARTESIAN_POINT ( 'NONE',  ( -7.499999999989827693, 9.260000000000164988, -37.00000000000267164 ) ) ;
#101 = LINE ( 'NONE', #650, #79 ) ;
#102 = ADVANCED_FACE ( 'NONE', ( #672 ), #117, .T. ) ;
#103 = VERTEX_POINT ( 'NONE', #2194 ) ;
#104 = EDGE_CURVE ( 'NONE', #2288, #798, #1979, .T. ) ;
#105 = DIRECTION ( 'NONE',  ( 0.000000000000000000, -1.000000000000000000, 0.000000000000000000 ) ) ;
#106 = CARTESIAN_POINT ( 'NONE',  ( 7.500000000010172307, 7.360000000000163745, -37.00000000000254374 ) ) ;
#107 = ORIENTED_EDGE ( 'NONE', *, *, #1163, .T. ) ;
#108 = ADVANCED_FACE ( 'NONE', ( #1883 ), #1844, .T. ) ;
#109 = AXIS2_PLACEMENT_3D ( 'NONE', #1176, #227, #51 ) ;
#110 = DIRECTION ( 'NONE',  ( 0.000000000000000000, 0.000000000000000000, -1.000000000000000000 ) ) ;
#111 = AXIS2_PLACEMENT_3D ( 'NONE', #263, #1562, #2349 ) ;
#112 = CARTESIAN_POINT ( 'NONE',  ( 10.15000000000000213, -6.999999999999999112, -9.999999999999998224 ) ) ;
#113 = VECTOR ( 'NONE', #953, 1000.000000000000000 ) ;
#114 = EDGE_CURVE ( 'NONE', #1941, #2039, #1059, .T. ) ;
#115 = DIRECTION ( 'NONE',  ( 0.000000000000000000, 0.000000000000000000, 1.000000000000000000 ) ) ;
#116 = AXIS2_PLACEMENT_3D ( 'NONE', #1336, #400, #964 ) ;
#117 = PLANE ( 'NONE',  #198 ) ;
#118 = AXIS2_PLACEMENT_3D ( 'NONE', #1484, #2305, #1511 ) ;
#119 = EDGE_LOOP ( 'NONE', ( #649, #81 ) ) ;
#120 = DIRECTION ( 'NONE',  ( 0.000000000000000000, 0.000000000000000000, -1.000000000000000000 ) ) ;
#121 = CARTESIAN_POINT ( 'NONE',  ( -1.301042606988118965E-16, -1.640000000001382796, -64.25000000000224532 ) ) ;
#122 = VECTOR ( 'NONE', #1379, 1000.000000000000000 ) ;
#123 = VERTEX_POINT ( 'NONE', #2451 ) ;
#124 = CARTESIAN_POINT ( 'NONE',  ( 2.247215307067166237E-16, -1.640000000000880531, -48.75000000000233769 ) ) ;
#125 = AXIS2_PLACEMENT_3D ( 'NONE', #752, #1134, #1489 ) ;
#126 = CARTESIAN_POINT ( 'NONE',  ( 7.500000000010172307, 7.360000000000163745, -37.00000000000254374 ) ) ;
#127 = VERTEX_POINT ( 'NONE', #1499 ) ;
#128 = CIRCLE ( 'NONE', #1194, 1.499999999999997780 ) ;
#129 = DIRECTION ( 'NONE',  ( -6.707597440443656202E-14, -1.000000000000000000, 0.000000000000000000 ) ) ;
#130 = EDGE_LOOP ( 'NONE', ( #209, #1265, #916, #1158 ) ) ;
#131 = EDGE_CURVE ( 'NONE', #2454, #2240, #154, .T. ) ;
#132 = VERTEX_POINT ( 'NONE', #904 ) ;
#133 = FACE_OUTER_BOUND ( 'NONE', #1560, .T. ) ;
#134 = EDGE_CURVE ( 'NONE', #911, #2336, #2440, .T. ) ;
#135 = DIRECTION ( 'NONE',  ( 0.000000000000000000, 0.000000000000000000, -1.000000000000000000 ) ) ;
#136 = ORIENTED_EDGE ( 'NONE', *, *, #1943, .T. ) ;
#137 = LINE ( 'NONE', #1254, #2028 ) ;
#138 = CARTESIAN_POINT ( 'NONE',  ( -7.499999999989804600, 26.86000000000000298, -42.00000000000323297 ) ) ;
#139 = ORIENTED_EDGE ( 'NONE', *, *, #1076, .F. ) ;
#140 = FACE_OUTER_BOUND ( 'NONE', #119, .T. ) ;
#141 = CIRCLE ( 'NONE', #693, 2.399999999999999467 ) ;
#142 = DIRECTION ( 'NONE',  ( 4.163336342344337815E-15, -3.238150488490068519E-14, -1.000000000000000000 ) ) ;
#143 = ORIENTED_EDGE ( 'NONE', *, *, #1520, .F. ) ;
#144 = CYLINDRICAL_SURFACE ( 'NONE', #1942, 3.549999999999997602 ) ;
#145 = PLANE ( 'NONE',  #429 ) ;
#146 = CIRCLE ( 'NONE', #1882, 1.899999999999999689 ) ;
#147 = ORIENTED_EDGE ( 'NONE', *, *, #799, .T. ) ;
#148 = DIRECTION ( 'NONE',  ( 4.163336342344337815E-15, -3.238150488490068519E-14, -1.000000000000000000 ) ) ;
#149 = DIRECTION ( 'NONE',  ( 0.000000000000000000, 1.000000000000000000, -3.322850601871069359E-14 ) ) ;
#150 = CYLINDRICAL_SURFACE ( 'NONE', #186, 1.899999999999999023 ) ;
#151 = ORIENTED_EDGE ( 'NONE', *, *, #1341, .F. ) ;
#152 = AXIS2_PLACEMENT_3D ( 'NONE', #1867, #187, #1684 ) ;
#153 = DIRECTION ( 'NONE',  ( -1.659100374445940695E-16, 0.000000000000000000, 1.000000000000000000 ) ) ;
#154 = LINE ( 'NONE', #2467, #787 ) ;
#155 = VECTOR ( 'NONE', #1277, 1000.000000000000000 ) ;
#156 = AXIS2_PLACEMENT_3D ( 'NONE', #1375, #2143, #2166 ) ;
#157 = ORIENTED_EDGE ( 'NONE', *, *, #1836, .F. ) ;
#158 = EDGE_CURVE ( 'NONE', #550, #1001, #2281, .T. ) ;
#159 = SURFACE_SIDE_STYLE ('',( #1680 ) ) ;
#160 = DIRECTION ( 'NONE',  ( 4.163336342344337815E-15, -3.238150488490068519E-14, -1.000000000000000000 ) ) ;
#161 = VERTEX_POINT ( 'NONE', #2413 ) ;
#162 = VECTOR ( 'NONE', #880, 1000.000000000000000 ) ;
#163 = FACE_BOUND ( 'NONE', #1614, .T. ) ;
#164 = ADVANCED_FACE ( 'NONE', ( #925, #915, #2231, #2428, #1649, #2067, #723 ), #1677, .T. ) ;
#165 = AXIS2_PLACEMENT_3D ( 'NONE', #822, #2314, #999 ) ;
#166 = DIRECTION ( 'NONE',  ( 0.000000000000000000, 1.000000000000000000, -3.286844480798161143E-14 ) ) ;
#167 = PLANE ( 'NONE',  #362 ) ;
#168 = EDGE_LOOP ( 'NONE', ( #932, #53, #316, #1056 ) ) ;
#169 = EDGE_CURVE ( 'NONE', #1157, #2053, #393, .T. ) ;
#170 = CARTESIAN_POINT ( 'NONE',  ( -10.14999999999999680, -7.500000000000000000, -27.77999999999999758 ) ) ;
#171 = DIRECTION ( 'NONE',  ( -0.000000000000000000, -1.000000000000000000, -0.000000000000000000 ) ) ;
#172 = VERTEX_POINT ( 'NONE', #889 ) ;
#173 = EDGE_LOOP ( 'NONE', ( #1221, #1376, #1182, #1240 ) ) ;
#174 = DIRECTION ( 'NONE',  ( 0.000000000000000000, -1.000000000000000000, 0.000000000000000000 ) ) ;
#175 = CARTESIAN_POINT ( 'NONE',  ( 7.500000000010190959, 26.86000000000002430, -41.25000000000317613 ) ) ;
#176 = LINE ( 'NONE', #1895, #698 ) ;
#177 = VERTEX_POINT ( 'NONE', #2242 ) ;
#178 = CARTESIAN_POINT ( 'NONE',  ( -7.499999999989808153, 26.86000000000002785, -41.25000000000323297 ) ) ;
#179 = DIRECTION ( 'NONE',  ( 1.000000000000000000, 2.289834988289385365E-16, -1.926627260506741379E-16 ) ) ;
#180 = CARTESIAN_POINT ( 'NONE',  ( 10.15000000000000213, -6.999999999999999112, -9.999999999999998224 ) ) ;
#181 = EDGE_CURVE ( 'NONE', #788, #1315, #545, .T. ) ;
#182 = VERTEX_POINT ( 'NONE', #1311 ) ;
#183 =( NAMED_UNIT ( * ) SI_UNIT ( $, .STERADIAN. ) SOLID_ANGLE_UNIT ( ) );
#184 = ORIENTED_EDGE ( 'NONE', *, *, #4, .T. ) ;
#185 = DIRECTION ( 'NONE',  ( 4.163336342344337815E-15, -3.238150488490068519E-14, -1.000000000000000000 ) ) ;
#186 = AXIS2_PLACEMENT_3D ( 'NONE', #898, #506, #1989 ) ;
#187 = DIRECTION ( 'NONE',  ( 2.891205793308218754E-17, 1.000000000000000000, -3.238150488490068519E-14 ) ) ;
#188 = LINE ( 'NONE', #960, #1305 ) ;
#189 = EDGE_CURVE ( 'NONE', #798, #1077, #1690, .T. ) ;
#190 = ORIENTED_EDGE ( 'NONE', *, *, #71, .F. ) ;
#191 = VECTOR ( 'NONE', #1961, 1000.000000000000000 ) ;
#192 = LINE ( 'NONE', #398, #1320 ) ;
#193 = CARTESIAN_POINT ( 'NONE',  ( -1.301042606988118965E-16, 11.55238815542429798, -61.00000000000224532 ) ) ;
#194 = CARTESIAN_POINT ( 'NONE',  ( 10.15000000000000391, -6.999999999999999112, -30.17999999999999616 ) ) ;
#195 = CIRCLE ( 'NONE', #306, 3.499999999999999556 ) ;
#196 = ORIENTED_EDGE ( 'NONE', *, *, #2184, .T. ) ;
#197 = VERTEX_POINT ( 'NONE', #1323 ) ;
#198 = AXIS2_PLACEMENT_3D ( 'NONE', #1246, #1050, #863 ) ;
#199 = VECTOR ( 'NONE', #599, 1000.000000000000000 ) ;
#200 = LINE ( 'NONE', #1893, #2254 ) ;
#201 = FACE_OUTER_BOUND ( 'NONE', #2162, .T. ) ;
#202 = ORIENTED_EDGE ( 'NONE', *, *, #1459, .F. ) ;
#203 = DIRECTION ( 'NONE',  ( -0.000000000000000000, -0.000000000000000000, 1.000000000000000000 ) ) ;
#204 = AXIS2_PLACEMENT_3D ( 'NONE', #1175, #1358, #2163 ) ;
#205 = DIRECTION ( 'NONE',  ( 0.000000000000000000, 1.000000000000000000, -3.238150488490068519E-14 ) ) ;
#206 = LINE ( 'NONE', #952, #349 ) ;
#207 = DIRECTION ( 'NONE',  ( 9.222765780247858665E-16, 2.515349040166347484E-17, -1.000000000000000000 ) ) ;
#208 = ORIENTED_EDGE ( 'NONE', *, *, #104, .T. ) ;
#209 = ORIENTED_EDGE ( 'NONE', *, *, #1163, .F. ) ;
#210 = ORIENTED_EDGE ( 'NONE', *, *, #536, .F. ) ;
#211 = CARTESIAN_POINT ( 'NONE',  ( -10.14999999999999858, -4.500000000000000000, -10.00000000000000000 ) ) ;
#212 = DIRECTION ( 'NONE',  ( 0.000000000000000000, 0.000000000000000000, -1.000000000000000000 ) ) ;
#213 = FACE_OUTER_BOUND ( 'NONE', #841, .T. ) ;
#214 = ORIENTED_EDGE ( 'NONE', *, *, #2379, .T. ) ;
#215 = ADVANCED_FACE ( 'NONE', ( #532 ), #1128, .F. ) ;
#216 = LINE ( 'NONE', #1494, #770 ) ;
#217 = CARTESIAN_POINT ( 'NONE',  ( -4.553649124439118623E-15, 31.86000000000004206, 0.000000000000000000 ) ) ;
#218 = DIRECTION ( 'NONE',  ( 1.000000000000000000, -6.707597440443656202E-14, 4.171596930325491842E-15 ) ) ;
#219 = CYLINDRICAL_SURFACE ( 'NONE', #1811, 3.499999999999999556 ) ;
#220 = VERTEX_POINT ( 'NONE', #1833 ) ;
#221 = ORIENTED_EDGE ( 'NONE', *, *, #595, .F. ) ;
#222 = CARTESIAN_POINT ( 'NONE',  ( -1.301042606988258002E-16, -4.500000000000000000, -47.00000000000224532 ) ) ;
#223 = EDGE_CURVE ( 'NONE', #1044, #1716, #1282, .T. ) ;
#224 = CARTESIAN_POINT ( 'NONE',  ( 7.500000000010174084, 28.76000000000016144, -37.00000000000324007 ) ) ;
#225 = ORIENTED_EDGE ( 'NONE', *, *, #290, .T. ) ;
#226 = PLANE ( 'NONE',  #204 ) ;
#227 = DIRECTION ( 'NONE',  ( 0.000000000000000000, 0.000000000000000000, 1.000000000000000000 ) ) ;
#228 = DIRECTION ( 'NONE',  ( 6.707597440443656202E-14, 1.000000000000000000, 0.000000000000000000 ) ) ;
#229 = CARTESIAN_POINT ( 'NONE',  ( -7.749999999994689581, 0.4999999999916810434, -9.000000000000000000 ) ) ;
#230 = ORIENTED_EDGE ( 'NONE', *, *, #442, .F. ) ;
#231 = ORIENTED_EDGE ( 'NONE', *, *, #780, .T. ) ;
#232 = CIRCLE ( 'NONE', #1845, 2.750000000000000000 ) ;
#233 = EDGE_CURVE ( 'NONE', #562, #1209, #1270, .T. ) ;
#234 = ORIENTED_EDGE ( 'NONE', *, *, #2024, .F. ) ;
#235 = AXIS2_PLACEMENT_3D ( 'NONE', #1080, #1324, #1901 ) ;
#236 = CARTESIAN_POINT ( 'NONE',  ( -7.499999999989809041, 3.810000000000028919, -41.25000000000248690 ) ) ;
#237 = DIRECTION ( 'NONE',  ( 4.163336342344337815E-15, -3.238150488490068519E-14, -1.000000000000000000 ) ) ;
#238 = AXIS2_PLACEMENT_3D ( 'NONE', #2356, #2169, #1434 ) ;
#239 = EDGE_LOOP ( 'NONE', ( #272, #438 ) ) ;
#240 = EDGE_CURVE ( 'NONE', #788, #2454, #631, .T. ) ;
#241 = FACE_OUTER_BOUND ( 'NONE', #329, .T. ) ;
#242 = CIRCLE ( 'NONE', #1297, 3.549999999999997602 ) ;
#243 = CARTESIAN_POINT ( 'NONE',  ( 15.00000000000969003, 2.359999999998560138, -66.00000000000234479 ) ) ;
#244 = EDGE_CURVE ( 'NONE', #2462, #161, #2180, .T. ) ;
#245 = EDGE_CURVE ( 'NONE', #906, #574, #510, .T. ) ;
#246 = CIRCLE ( 'NONE', #671, 1.499999999999997780 ) ;
#247 = DIRECTION ( 'NONE',  ( -0.000000000000000000, -1.000000000000000000, -0.000000000000000000 ) ) ;
#248 = CIRCLE ( 'NONE', #1621, 2.399999999999999467 ) ;
#249 = ORIENTED_EDGE ( 'NONE', *, *, #2363, .T. ) ;
#250 = AXIS2_PLACEMENT_3D ( 'NONE', #1058, #148, #1232 ) ;
#251 = ORIENTED_EDGE ( 'NONE', *, *, #1570, .T. ) ;
#252 = CIRCLE ( 'NONE', #60, 2.399999999999999467 ) ;
#253 = CARTESIAN_POINT ( 'NONE',  ( -10.14999999999999680, -7.500000000000000000, -25.37999999999999901 ) ) ;
#254 = DIRECTION ( 'NONE',  ( -0.000000000000000000, -1.000000000000000000, -0.000000000000000000 ) ) ;
#255 = ORIENTED_EDGE ( 'NONE', *, *, #1115, .T. ) ;
#256 = CARTESIAN_POINT ( 'NONE',  ( -1.301042606988118965E-16, 11.55238815542429798, -61.00000000000224532 ) ) ;
#257 = CARTESIAN_POINT ( 'NONE',  ( -10.14999999999999680, -6.999999999999999112, -25.37999999999999901 ) ) ;
#258 = CARTESIAN_POINT ( 'NONE',  ( -7.499999999989808153, 26.86000000000002785, -41.25000000000323297 ) ) ;
#259 = ADVANCED_FACE ( 'NONE', ( #1737 ), #974, .F. ) ;
#260 = VERTEX_POINT ( 'NONE', #1360 ) ;
#261 = VERTEX_POINT ( 'NONE', #11 ) ;
#262 = LINE ( 'NONE', #2348, #1502 ) ;
#263 = CARTESIAN_POINT ( 'NONE',  ( -10.04999999999000693, 31.86000000000004206, 1.137978600240785454E-12 ) ) ;
#264 = VERTEX_POINT ( 'NONE', #37 ) ;
#265 = CARTESIAN_POINT ( 'NONE',  ( 10.05000000001003180, 31.85999999999999943, -32.00000000000190425 ) ) ;
#266 = CYLINDRICAL_SURFACE ( 'NONE', #499, 1.499999999999997780 ) ;
#267 = DIRECTION ( 'NONE',  ( 0.000000000000000000, 1.000000000000000000, -3.322850601871067466E-14 ) ) ;
#268 = ORIENTED_EDGE ( 'NONE', *, *, #799, .F. ) ;
#269 = ORIENTED_EDGE ( 'NONE', *, *, #1802, .T. ) ;
#270 = AXIS2_PLACEMENT_3D ( 'NONE', #1773, #828, #973 ) ;
#271 = EDGE_CURVE ( 'NONE', #791, #313, #2417, .T. ) ;
#272 = ORIENTED_EDGE ( 'NONE', *, *, #356, .T. ) ;
#273 = CARTESIAN_POINT ( 'NONE',  ( 15.00000000000958877, 2.359999999999337295, -42.00000000000234479 ) ) ;
#274 = CARTESIAN_POINT ( 'NONE',  ( 10.15000000000000391, -6.999999999999999112, -27.77999999999999403 ) ) ;
#275 = ORIENTED_EDGE ( 'NONE', *, *, #982, .T. ) ;
#276 = CARTESIAN_POINT ( 'NONE',  ( 6.823245672209413204E-17, 2.359999999999176090, -47.00000000000247269 ) ) ;
#277 = CIRCLE ( 'NONE', #2300, 2.750000000000000000 ) ;
#278 = LINE ( 'NONE', #794, #1572 ) ;
#279 = AXIS2_PLACEMENT_3D ( 'NONE', #735, #1666, #1512 ) ;
#280 = FACE_OUTER_BOUND ( 'NONE', #627, .T. ) ;
#281 = AXIS2_PLACEMENT_3D ( 'NONE', #1826, #2223, #2006 ) ;
#282 = CARTESIAN_POINT ( 'NONE',  ( -4.741577501023459347E-17, -1.640000000000823910, -47.00000000000233769 ) ) ;
#283 = AXIS2_PLACEMENT_3D ( 'NONE', #1921, #1218, #1450 ) ;
#284 = VECTOR ( 'NONE', #1960, 1000.000000000000000 ) ;
#285 = EDGE_LOOP ( 'NONE', ( #1156, #1369, #367, #234 ) ) ;
#286 = FACE_OUTER_BOUND ( 'NONE', #2431, .T. ) ;
#287 = DIRECTION ( 'NONE',  ( 1.000000000000000000, 0.000000000000000000, 0.000000000000000000 ) ) ;
#288 = ORIENTED_EDGE ( 'NONE', *, *, #336, .F. ) ;
#289 = CARTESIAN_POINT ( 'NONE',  ( -7.499999999989805488, 23.31000000000002359, -41.25000000000311928 ) ) ;
#290 = EDGE_CURVE ( 'NONE', #2350, #899, #1220, .T. ) ;
#291 = FACE_OUTER_BOUND ( 'NONE', #168, .T. ) ;
#292 = FACE_OUTER_BOUND ( 'NONE', #1767, .T. ) ;
#293 = CARTESIAN_POINT ( 'NONE',  ( 10.15000000000000391, -6.999999999999999112, -29.27999999999999403 ) ) ;
#294 = ORIENTED_EDGE ( 'NONE', *, *, #366, .T. ) ;
#295 = DIRECTION ( 'NONE',  ( 0.000000000000000000, 0.000000000000000000, -1.000000000000000000 ) ) ;
#296 = DIRECTION ( 'NONE',  ( 0.000000000000000000, 0.000000000000000000, -1.000000000000000000 ) ) ;
#297 = VERTEX_POINT ( 'NONE', #1724 ) ;
#298 = DIRECTION ( 'NONE',  ( 9.130123557772674004E-16, 1.000000000000000000, -3.286844480798162405E-14 ) ) ;
#299 = FACE_OUTER_BOUND ( 'NONE', #69, .T. ) ;
#300 = DIRECTION ( 'NONE',  ( 0.000000000000000000, 0.000000000000000000, -1.000000000000000000 ) ) ;
#301 = FACE_OUTER_BOUND ( 'NONE', #922, .T. ) ;
#302 = ORIENTED_EDGE ( 'NONE', *, *, #765, .T. ) ;
#303 = DIRECTION ( 'NONE',  ( 4.163336342344337815E-15, -3.238150488490068519E-14, -1.000000000000000000 ) ) ;
#304 = DIRECTION ( 'NONE',  ( 0.000000000000000000, -1.000000000000000000, 0.000000000000000000 ) ) ;
#305 = ORIENTED_EDGE ( 'NONE', *, *, #972, .F. ) ;
#306 = AXIS2_PLACEMENT_3D ( 'NONE', #1349, #569, #558 ) ;
#307 = DIRECTION ( 'NONE',  ( -0.000000000000000000, -1.000000000000000000, -0.000000000000000000 ) ) ;
#308 = CARTESIAN_POINT ( 'NONE',  ( 10.15000000000000391, -4.500000000000000000, -26.27999999999999758 ) ) ;
#309 = EDGE_LOOP ( 'NONE', ( #1478, #214 ) ) ;
#310 = EDGE_CURVE ( 'NONE', #1077, #1972, #472, .T. ) ;
#311 = DIRECTION ( 'NONE',  ( 0.000000000000000000, -1.000000000000000000, 0.000000000000000000 ) ) ;
#312 = VECTOR ( 'NONE', #523, 1000.000000000000000 ) ;
#313 = VERTEX_POINT ( 'NONE', #1553 ) ;
#314 = AXIS2_PLACEMENT_3D ( 'NONE', #963, #1723, #1701 ) ;
#315 = EDGE_CURVE ( 'NONE', #652, #1812, #611, .T. ) ;
#316 = ORIENTED_EDGE ( 'NONE', *, *, #490, .F. ) ;
#317 = PLANE ( 'NONE',  #38 ) ;
#318 = FACE_OUTER_BOUND ( 'NONE', #130, .T. ) ;
#319 = EDGE_LOOP ( 'NONE', ( #1783, #979, #1908, #1556 ) ) ;
#320 = DIRECTION ( 'NONE',  ( 0.000000000000000000, 0.000000000000000000, 1.000000000000000000 ) ) ;
#321 = FACE_BOUND ( 'NONE', #998, .T. ) ;
#322 = ORIENTED_EDGE ( 'NONE', *, *, #233, .T. ) ;
#323 = PLANE ( 'NONE',  #468 ) ;
#324 = DIRECTION ( 'NONE',  ( 0.000000000000000000, 0.000000000000000000, 1.000000000000000000 ) ) ;
#325 = ADVANCED_FACE ( 'NONE', ( #1141 ), #2119, .F. ) ;
#326 = ORIENTED_EDGE ( 'NONE', *, *, #1008, .T. ) ;
#327 =( LENGTH_UNIT ( ) NAMED_UNIT ( * ) SI_UNIT ( .MILLI., .METRE. ) );
#328 = CARTESIAN_POINT ( 'NONE',  ( -1.301042606988258002E-16, -1.640000000000928271, -50.25000000000225242 ) ) ;
#329 = EDGE_LOOP ( 'NONE', ( #810, #489 ) ) ;
#330 = DIRECTION ( 'NONE',  ( 0.000000000000000000, 1.000000000000000000, -3.286844480798161143E-14 ) ) ;
#331 = DIRECTION ( 'NONE',  ( 0.000000000000000000, -1.000000000000000000, 0.000000000000000000 ) ) ;
#332 = ORIENTED_EDGE ( 'NONE', *, *, #1057, .F. ) ;
#333 = DIRECTION ( 'NONE',  ( -0.000000000000000000, -0.000000000000000000, 1.000000000000000000 ) ) ;
#334 = CARTESIAN_POINT ( 'NONE',  ( 10.15000000000000391, -6.999999999999999112, -27.77999999999999403 ) ) ;
#335 = ORIENTED_EDGE ( 'NONE', *, *, #2426, .F. ) ;
#336 = EDGE_CURVE ( 'NONE', #655, #371, #206, .T. ) ;
#337 = ADVANCED_FACE ( 'NONE', ( #1525 ), #1154, .T. ) ;
#338 = PRODUCT_CONTEXT ( 'NONE', #985, 'mechanical' ) ;
#339 = DIRECTION ( 'NONE',  ( 4.163336342344337815E-15, -3.238150488490068519E-14, -1.000000000000000000 ) ) ;
#340 = ORIENTED_EDGE ( 'NONE', *, *, #2133, .F. ) ;
#341 = DIRECTION ( 'NONE',  ( -2.891205793308218138E-17, -1.000000000000000000, 3.238150488490068519E-14 ) ) ;
#342 = FACE_OUTER_BOUND ( 'NONE', #1693, .T. ) ;
#343 = DIRECTION ( 'NONE',  ( -0.000000000000000000, 1.000000000000000000, -0.000000000000000000 ) ) ;
#344 = EDGE_LOOP ( 'NONE', ( #1471, #2167, #1978, #288 ) ) ;
#345 = CIRCLE ( 'NONE', #2414, 1.500000000000001332 ) ;
#346 = FACE_OUTER_BOUND ( 'NONE', #1170, .T. ) ;
#347 = DIRECTION ( 'NONE',  ( 0.000000000000000000, -1.000000000000000000, 0.000000000000000000 ) ) ;
#348 = VECTOR ( 'NONE', #247, 1000.000000000000000 ) ;
#349 = VECTOR ( 'NONE', #769, 1000.000000000000000 ) ;
#350 = ORIENTED_EDGE ( 'NONE', *, *, #336, .T. ) ;
#351 = AXIS2_PLACEMENT_3D ( 'NONE', #2086, #1290, #149 ) ;
#352 = VERTEX_POINT ( 'NONE', #23 ) ;
#353 = PRESENTATION_LAYER_ASSIGNMENT (  '', '', ( #2381 ) ) ;
#354 = DIRECTION ( 'NONE',  ( 0.000000000000000000, 0.000000000000000000, -1.000000000000000000 ) ) ;
#355 = CARTESIAN_POINT ( 'NONE',  ( -7.499999999989809929, 7.360000000000027853, -41.25000000000260059 ) ) ;
#356 = EDGE_CURVE ( 'NONE', #954, #870, #666, .T. ) ;
#357 = ORIENTED_EDGE ( 'NONE', *, *, #2410, .F. ) ;
#358 = DIRECTION ( 'NONE',  ( -0.000000000000000000, -0.000000000000000000, 1.000000000000000000 ) ) ;
#359 = AXIS2_PLACEMENT_3D ( 'NONE', #2298, #762, #1909 ) ;
#360 = LINE ( 'NONE', #217, #1181 ) ;
#361 = DIRECTION ( 'NONE',  ( -0.000000000000000000, -1.000000000000000000, -0.000000000000000000 ) ) ;
#362 = AXIS2_PLACEMENT_3D ( 'NONE', #539, #910, #731 ) ;
#363 = ADVANCED_FACE ( 'NONE', ( #1672, #342 ), #2286, .T. ) ;
#364 = ORIENTED_EDGE ( 'NONE', *, *, #2259, .F. ) ;
#365 =( NAMED_UNIT ( * ) SI_UNIT ( $, .STERADIAN. ) SOLID_ANGLE_UNIT ( ) );
#366 = EDGE_CURVE ( 'NONE', #397, #1018, #1469, .T. ) ;
#367 = ORIENTED_EDGE ( 'NONE', *, *, #651, .T. ) ;
#368 = DIRECTION ( 'NONE',  ( 0.000000000000000000, -1.000000000000000000, 0.000000000000000000 ) ) ;
#369 = DIRECTION ( 'NONE',  ( 4.163336342344337815E-15, -3.238150488490068519E-14, -1.000000000000000000 ) ) ;
#370 = CYLINDRICAL_SURFACE ( 'NONE', #871, 1.500000000000001332 ) ;
#371 = VERTEX_POINT ( 'NONE', #2422 ) ;
#372 = DIRECTION ( 'NONE',  ( 0.000000000000000000, 0.000000000000000000, -1.000000000000000000 ) ) ;
#373 = DIRECTION ( 'NONE',  ( 0.000000000000000000, -1.000000000000000000, 0.000000000000000000 ) ) ;
#374 = CARTESIAN_POINT ( 'NONE',  ( -10.14999999999999858, -7.500000000000000000, -8.499999999999998224 ) ) ;
#375 = CIRCLE ( 'NONE', #1398, 1.499999999999997780 ) ;
#376 = EDGE_LOOP ( 'NONE', ( #414, #1533 ) ) ;
#377 = EDGE_LOOP ( 'NONE', ( #1819, #143 ) ) ;
#378 =( NAMED_UNIT ( * ) PLANE_ANGLE_UNIT ( ) SI_UNIT ( $, .RADIAN. ) );
#379 = CARTESIAN_POINT ( 'NONE',  ( -7.499999999989807264, 23.31000000000002359, -41.25000000000311928 ) ) ;
#380 = CYLINDRICAL_SURFACE ( 'NONE', #2071, 3.549999999999999378 ) ;
#381 = ORIENTED_EDGE ( 'NONE', *, *, #114, .F. ) ;
#382 = VECTOR ( 'NONE', #1189, 1000.000000000000000 ) ;
#383 = DIRECTION ( 'NONE',  ( -4.163336342344419857E-15, 3.236801821064596394E-14, 1.000000000000000000 ) ) ;
#384 = CARTESIAN_POINT ( 'NONE',  ( -5.889845640582497647E-17, -9.449747468306403775, -62.75000000000208189 ) ) ;
#385 = DIRECTION ( 'NONE',  ( 0.000000000000000000, 0.000000000000000000, -1.000000000000000000 ) ) ;
#386 = CIRCLE ( 'NONE', #1889, 1.500000000000001332 ) ;
#387 = EDGE_CURVE ( 'NONE', #1248, #520, #2142, .T. ) ;
#388 = DIRECTION ( 'NONE',  ( -0.000000000000000000, 1.000000000000000000, -0.000000000000000000 ) ) ;
#389 = CIRCLE ( 'NONE', #783, 3.250000000000002665 ) ;
#390 = EDGE_LOOP ( 'NONE', ( #2345, #1831 ) ) ;
#391 = VECTOR ( 'NONE', #1274, 1000.000000000000000 ) ;
#392 = ORIENTED_EDGE ( 'NONE', *, *, #1312, .F. ) ;
#393 = CIRCLE ( 'NONE', #2106, 2.750000000000000000 ) ;
#394 = CARTESIAN_POINT ( 'NONE',  ( 10.15000000000000213, -6.999999999999999112, -9.999999999999998224 ) ) ;
#395 = CARTESIAN_POINT ( 'NONE',  ( 10.15000000000000213, -7.500000000000000000, -11.50000000000000000 ) ) ;
#396 = DIRECTION ( 'NONE',  ( 4.163336342344337815E-15, -3.238150488490068519E-14, -1.000000000000000000 ) ) ;
#397 = VERTEX_POINT ( 'NONE', #730 ) ;
#398 = CARTESIAN_POINT ( 'NONE',  ( 10.15000000000000213, -7.500000000000000000, -8.499999999999996447 ) ) ;
#399 = FACE_OUTER_BOUND ( 'NONE', #732, .T. ) ;
#400 = DIRECTION ( 'NONE',  ( -0.000000000000000000, 1.000000000000000000, -0.000000000000000000 ) ) ;
#401 = CARTESIAN_POINT ( 'NONE',  ( 10.15000000000000213, -6.999999999999999112, -8.499999999999996447 ) ) ;
#402 = ORIENTED_EDGE ( 'NONE', *, *, #1500, .F. ) ;
#403 = EDGE_CURVE ( 'NONE', #1965, #937, #242, .T. ) ;
#404 = ORIENTED_EDGE ( 'NONE', *, *, #2184, .F. ) ;
#405 = DIRECTION ( 'NONE',  ( 0.000000000000000000, 0.000000000000000000, -1.000000000000000000 ) ) ;
#406 = FACE_BOUND ( 'NONE', #1020, .T. ) ;
#407 = ORIENTED_EDGE ( 'NONE', *, *, #1733, .F. ) ;
#408 = CARTESIAN_POINT ( 'NONE',  ( 2.747801985947394714E-13, -2.136612882084822711E-12, -66.00000000000233058 ) ) ;
#409 = FACE_OUTER_BOUND ( 'NONE', #2069, .T. ) ;
#410 = DIRECTION ( 'NONE',  ( -0.000000000000000000, 1.000000000000000000, -0.000000000000000000 ) ) ;
#411 = EDGE_CURVE ( 'NONE', #801, #1365, #1304, .T. ) ;
#412 = CYLINDRICAL_SURFACE ( 'NONE', #978, 3.499999999999999556 ) ;
#413 = ORIENTED_EDGE ( 'NONE', *, *, #1786, .F. ) ;
#414 = ORIENTED_EDGE ( 'NONE', *, *, #536, .T. ) ;
#415 = EDGE_CURVE ( 'NONE', #19, #297, #2247, .T. ) ;
#416 = ORIENTED_EDGE ( 'NONE', *, *, #1261, .T. ) ;
#417 = FACE_BOUND ( 'NONE', #2385, .T. ) ;
#418 = EDGE_CURVE ( 'NONE', #526, #2331, #2074, .T. ) ;
#419 = CARTESIAN_POINT ( 'NONE',  ( 10.15000000000000213, -6.999999999999999112, -7.599999999999998757 ) ) ;
#420 = ADVANCED_FACE ( 'NONE', ( #1096, #2047, #1330 ), #1709, .T. ) ;
#421 = ORIENTED_EDGE ( 'NONE', *, *, #1686, .F. ) ;
#422 = CARTESIAN_POINT ( 'NONE',  ( 1.808449223705821396E-13, 31.85999999999999943, -42.00000000000247979 ) ) ;
#423 = CYLINDRICAL_SURFACE ( 'NONE', #699, 2.399999999999999467 ) ;
#424 = CARTESIAN_POINT ( 'NONE',  ( -10.14999999999999680, -7.500000000000000000, -26.28000000000000114 ) ) ;
#425 = ORIENTED_EDGE ( 'NONE', *, *, #1570, .F. ) ;
#426 = EDGE_LOOP ( 'NONE', ( #335, #676 ) ) ;
#427 = VECTOR ( 'NONE', #1011, 1000.000000000000000 ) ;
#428 = ORIENTED_EDGE ( 'NONE', *, *, #490, .T. ) ;
#429 = AXIS2_PLACEMENT_3D ( 'NONE', #1669, #893, #39 ) ;
#430 = DIRECTION ( 'NONE',  ( 0.000000000000000000, 0.000000000000000000, -1.000000000000000000 ) ) ;
#431 = CARTESIAN_POINT ( 'NONE',  ( 10.15000000000000213, -4.500000000000000000, -6.499999999999999112 ) ) ;
#432 = AXIS2_PLACEMENT_3D ( 'NONE', #282, #1406, #1236 ) ;
#433 = ORIENTED_EDGE ( 'NONE', *, *, #169, .F. ) ;
#434 = FACE_BOUND ( 'NONE', #1244, .T. ) ;
#435 = EDGE_CURVE ( 'NONE', #2085, #967, #1415, .T. ) ;
#436 = LINE ( 'NONE', #1565, #191 ) ;
#437 = DIRECTION ( 'NONE',  ( 0.000000000000000000, -1.000000000000000000, 0.000000000000000000 ) ) ;
#438 = ORIENTED_EDGE ( 'NONE', *, *, #546, .T. ) ;
#439 = VECTOR ( 'NONE', #718, 1000.000000000000000 ) ;
#440 = EDGE_CURVE ( 'NONE', #1691, #520, #1317, .T. ) ;
#441 = ORIENTED_EDGE ( 'NONE', *, *, #366, .F. ) ;
#442 = EDGE_CURVE ( 'NONE', #956, #1001, #35, .T. ) ;
#443 = DIRECTION ( 'NONE',  ( 0.000000000000000000, -1.000000000000000000, 0.000000000000000000 ) ) ;
#444 = DIRECTION ( 'NONE',  ( 0.000000000000000000, 1.000000000000000000, -3.286844480798161143E-14 ) ) ;
#445 = ORIENTED_EDGE ( 'NONE', *, *, #448, .F. ) ;
#446 = DIRECTION ( 'NONE',  ( 4.163336342344337815E-15, -3.238150488490068519E-14, -1.000000000000000000 ) ) ;
#447 = CARTESIAN_POINT ( 'NONE',  ( 2.168404344971008868E-15, 31.85999999999999943, -32.00000000000180478 ) ) ;
#448 = EDGE_CURVE ( 'NONE', #2005, #956, #920, .T. ) ;
#449 = DIRECTION ( 'NONE',  ( 4.163336342344337815E-15, -3.238150488490068519E-14, -1.000000000000000000 ) ) ;
#450 = ORIENTED_EDGE ( 'NONE', *, *, #2352, .F. ) ;
#451 = ORIENTED_EDGE ( 'NONE', *, *, #2258, .T. ) ;
#452 = EDGE_LOOP ( 'NONE', ( #2411, #1955, #451, #517 ) ) ;
#453 = LINE ( 'NONE', #1547, #475 ) ;
#454 = VECTOR ( 'NONE', #1392, 1000.000000000000000 ) ;
#455 = DIRECTION ( 'NONE',  ( 0.000000000000000000, 0.000000000000000000, 1.000000000000000000 ) ) ;
#456 = ORIENTED_EDGE ( 'NONE', *, *, #1559, .F. ) ;
#457 = CARTESIAN_POINT ( 'NONE',  ( 10.05000000001003180, 31.85999999999999943, -32.00000000000190425 ) ) ;
#458 = DIRECTION ( 'NONE',  ( 0.000000000000000000, -1.000000000000000000, 0.000000000000000000 ) ) ;
#459 = CARTESIAN_POINT ( 'NONE',  ( -14.99999999999005595, 31.86000000000008114, 1.110223024625156540E-12 ) ) ;
#460 = ORIENTED_EDGE ( 'NONE', *, *, #975, .T. ) ;
#461 = ADVANCED_FACE ( 'NONE', ( #1110 ), #739, .F. ) ;
#462 = ORIENTED_EDGE ( 'NONE', *, *, #1966, .F. ) ;
#463 = FACE_OUTER_BOUND ( 'NONE', #1205, .T. ) ;
#464 = EDGE_CURVE ( 'NONE', #1458, #132, #553, .T. ) ;
#465 = AXIS2_PLACEMENT_3D ( 'NONE', #1161, #237, #47 ) ;
#466 = CARTESIAN_POINT ( 'NONE',  ( -10.14999999999999858, -6.999999999999999112, -8.499999999999998224 ) ) ;
#467 = ORIENTED_EDGE ( 'NONE', *, *, #403, .F. ) ;
#468 = AXIS2_PLACEMENT_3D ( 'NONE', #1832, #1843, #129 ) ;
#469 = PLANE ( 'NONE',  #1987 ) ;
#470 = VECTOR ( 'NONE', #818, 1000.000000000000000 ) ;
#471 = PLANE ( 'NONE',  #109 ) ;
#472 = CIRCLE ( 'NONE', #116, 1.500000000000001332 ) ;
#473 = LINE ( 'NONE', #424, #2455 ) ;
#474 = DIRECTION ( 'NONE',  ( 0.000000000000000000, 3.246411076470879234E-14, 1.000000000000000000 ) ) ;
#475 = VECTOR ( 'NONE', #834, 1000.000000000000000 ) ;
#476 = EDGE_CURVE ( 'NONE', #1130, #2392, #200, .T. ) ;
#477 = ORIENTED_EDGE ( 'NONE', *, *, #1353, .T. ) ;
#478 = CARTESIAN_POINT ( 'NONE',  ( 7.500000000010190959, 26.86000000000002430, -41.25000000000317613 ) ) ;
#479 = CARTESIAN_POINT ( 'NONE',  ( 1.040834085593345937E-17, -1.640000000000767288, -45.25000000000233769 ) ) ;
#480 = ORIENTED_EDGE ( 'NONE', *, *, #1599, .T. ) ;
#481 = CYLINDRICAL_SURFACE ( 'NONE', #829, 1.899999999999999689 ) ;
#482 = DIRECTION ( 'NONE',  ( 0.000000000000000000, -3.234020194499616145E-14, -1.000000000000000000 ) ) ;
#483 = DIRECTION ( 'NONE',  ( -4.163336342344337815E-15, 3.238150488490068519E-14, 1.000000000000000000 ) ) ;
#484 = FACE_OUTER_BOUND ( 'NONE', #579, .T. ) ;
#485 = ADVANCED_FACE ( 'NONE', ( #1149 ), #719, .T. ) ;
#486 = ORIENTED_EDGE ( 'NONE', *, *, #131, .F. ) ;
#487 =( NAMED_UNIT ( * ) PLANE_ANGLE_UNIT ( ) SI_UNIT ( $, .RADIAN. ) );
#488 = CARTESIAN_POINT ( 'NONE',  ( 10.15000000000000213, -4.500000000000000000, -8.499999999999996447 ) ) ;
#489 = ORIENTED_EDGE ( 'NONE', *, *, #403, .T. ) ;
#490 = EDGE_CURVE ( 'NONE', #313, #791, #586, .T. ) ;
#491 = EDGE_CURVE ( 'NONE', #1365, #1209, #232, .T. ) ;
#492 = FACE_OUTER_BOUND ( 'NONE', #1162, .T. ) ;
#493 = CARTESIAN_POINT ( 'NONE',  ( 10.15000000000000391, -7.500000000000000000, -27.77999999999999403 ) ) ;
#494 = EDGE_CURVE ( 'NONE', #1018, #1816, #1933, .T. ) ;
#495 = ORIENTED_EDGE ( 'NONE', *, *, #2433, .F. ) ;
#496 = CYLINDRICAL_SURFACE ( 'NONE', #29, 3.250000000000002665 ) ;
#497 = CARTESIAN_POINT ( 'NONE',  ( 2.247215307067219485E-16, 2.359999999998665832, -62.75000000000247269 ) ) ;
#498 = CIRCLE ( 'NONE', #816, 1.499999999999997780 ) ;
#499 = AXIS2_PLACEMENT_3D ( 'NONE', #1385, #1373, #2318 ) ;
#500 = ORIENTED_EDGE ( 'NONE', *, *, #2290, .F. ) ;
#501 = DIRECTION ( 'NONE',  ( 0.000000000000000000, 3.271192840413404779E-14, 1.000000000000000000 ) ) ;
#502 = CARTESIAN_POINT ( 'NONE',  ( 10.15000000000000213, -7.500000000000000000, -6.499999999999999112 ) ) ;
#503 = EDGE_LOOP ( 'NONE', ( #805, #1503 ) ) ;
#504 = DIRECTION ( 'NONE',  ( 4.163336342344337815E-15, -3.238150488490068519E-14, -1.000000000000000000 ) ) ;
#505 = VECTOR ( 'NONE', #1746, 1000.000000000000000 ) ;
#506 = DIRECTION ( 'NONE',  ( 4.163336342344337815E-15, -3.238150488490068519E-14, -1.000000000000000000 ) ) ;
#507 = ORIENTED_EDGE ( 'NONE', *, *, #2133, .T. ) ;
#508 = VECTOR ( 'NONE', #1513, 1000.000000000000000 ) ;
#509 = DIRECTION ( 'NONE',  ( -4.163336342344337815E-15, 3.238150488490068519E-14, 1.000000000000000000 ) ) ;
#510 = CIRCLE ( 'NONE', #1813, 2.399999999999999467 ) ;
#511 = ORIENTED_EDGE ( 'NONE', *, *, #1237, .F. ) ;
#512 = EDGE_LOOP ( 'NONE', ( #1641, #1439 ) ) ;
#513 = AXIS2_PLACEMENT_3D ( 'NONE', #514, #94, #120 ) ;
#514 = CARTESIAN_POINT ( 'NONE',  ( -10.14999999999999858, -6.999999999999999112, -10.00000000000000000 ) ) ;
#515 = VECTOR ( 'NONE', #1210, 1000.000000000000000 ) ;
#516 = CARTESIAN_POINT ( 'NONE',  ( -7.499999999989808153, 26.86000000000002785, -41.25000000000323297 ) ) ;
#517 = ORIENTED_EDGE ( 'NONE', *, *, #928, .F. ) ;
#518 = FACE_BOUND ( 'NONE', #377, .T. ) ;
#519 = PLANE ( 'NONE',  #1969 ) ;
#520 = VERTEX_POINT ( 'NONE', #1948 ) ;
#521 = CARTESIAN_POINT ( 'NONE',  ( -10.14999999999999680, -7.500000000000000000, -27.77999999999999758 ) ) ;
#522 = EDGE_CURVE ( 'NONE', #123, #1052, #2136, .T. ) ;
#523 = DIRECTION ( 'NONE',  ( -0.000000000000000000, -1.000000000000000000, -0.000000000000000000 ) ) ;
#524 = ORIENTED_EDGE ( 'NONE', *, *, #675, .F. ) ;
#525 = CARTESIAN_POINT ( 'NONE',  ( 2.679059490240640722E-16, 11.55238815542429798, -43.75000000000224532 ) ) ;
#526 = VERTEX_POINT ( 'NONE', #592 ) ;
#527 = CYLINDRICAL_SURFACE ( 'NONE', #994, 2.399999999999999467 ) ;
#528 = DIRECTION ( 'NONE',  ( 0.000000000000000000, -0.000000000000000000, -1.000000000000000000 ) ) ;
#529 = CARTESIAN_POINT ( 'NONE',  ( -10.04999999999000693, 31.86000000000004206, 1.137978600240785454E-12 ) ) ;
#530 = ORIENTED_EDGE ( 'NONE', *, *, #2338, .T. ) ;
#531 = DIRECTION ( 'NONE',  ( -1.000000000000000000, 0.000000000000000000, -1.659100374445940695E-16 ) ) ;
#532 = FACE_OUTER_BOUND ( 'NONE', #452, .T. ) ;
#533 = VERTEX_POINT ( 'NONE', #431 ) ;
#534 = EDGE_CURVE ( 'NONE', #846, #2132, #706, .T. ) ;
#535 = ORIENTED_EDGE ( 'NONE', *, *, #778, .T. ) ;
#536 = EDGE_CURVE ( 'NONE', #550, #2005, #2337, .T. ) ;
#537 = SURFACE_STYLE_FILL_AREA ( #2246 ) ;
#538 = CARTESIAN_POINT ( 'NONE',  ( 10.15000000000000391, -7.500000000000000000, -29.27999999999999403 ) ) ;
#539 = CARTESIAN_POINT ( 'NONE',  ( -9.500000000000001776, 4.499999999999999112, -53.02379604163095905 ) ) ;
#540 = ORIENTED_EDGE ( 'NONE', *, *, #1231, .F. ) ;
#541 = DIRECTION ( 'NONE',  ( -0.000000000000000000, 1.000000000000000000, -0.000000000000000000 ) ) ;
#542 = ADVANCED_FACE ( 'NONE', ( #1346 ), #2315, .T. ) ;
#543 = AXIS2_PLACEMENT_3D ( 'NONE', #2198, #1971, #1827 ) ;
#544 = DIRECTION ( 'NONE',  ( 2.891205793308218754E-17, 1.000000000000000000, -3.238150488490068519E-14 ) ) ;
#545 = LINE ( 'NONE', #194, #2222 ) ;
#546 = EDGE_CURVE ( 'NONE', #870, #954, #75, .T. ) ;
#547 = AXIS2_PLACEMENT_3D ( 'NONE', #1088, #347, #1872 ) ;
#548 = AXIS2_PLACEMENT_3D ( 'NONE', #1689, #544, #2465 ) ;
#549 = EDGE_LOOP ( 'NONE', ( #1354, #540 ) ) ;
#550 = VERTEX_POINT ( 'NONE', #988 ) ;
#551 = FACE_BOUND ( 'NONE', #1919, .T. ) ;
#552 = CIRCLE ( 'NONE', #1744, 1.500000000000001332 ) ;
#553 = LINE ( 'NONE', #395, #1288 ) ;
#554 = DIRECTION ( 'NONE',  ( -0.000000000000000000, 1.000000000000000000, -0.000000000000000000 ) ) ;
#555 = ORIENTED_EDGE ( 'NONE', *, *, #87, .T. ) ;
#556 = CARTESIAN_POINT ( 'NONE',  ( 10.15000000000000213, -6.999999999999999112, -9.999999999999998224 ) ) ;
#557 = AXIS2_PLACEMENT_3D ( 'NONE', #394, #1866, #1148 ) ;
#558 = DIRECTION ( 'NONE',  ( 0.000000000000000000, 0.000000000000000000, -1.000000000000000000 ) ) ;
#559 = DIRECTION ( 'NONE',  ( 0.000000000000000000, 0.000000000000000000, -1.000000000000000000 ) ) ;
#560 = AXIS2_PLACEMENT_3D ( 'NONE', #2248, #754, #2287 ) ;
#561 = ORIENTED_EDGE ( 'NONE', *, *, #1006, .F. ) ;
#562 = VERTEX_POINT ( 'NONE', #775 ) ;
#563 = DIRECTION ( 'NONE',  ( 2.891205793308218138E-17, 1.000000000000000000, -3.238150488490068519E-14 ) ) ;
#564 = CARTESIAN_POINT ( 'NONE',  ( -10.14999999999999858, -4.500000000000000000, -10.00000000000000000 ) ) ;
#565 = DIRECTION ( 'NONE',  ( 0.000000000000000000, 0.000000000000000000, -1.000000000000000000 ) ) ;
#566 = EDGE_LOOP ( 'NONE', ( #1493, #1203, #1381, #2146 ) ) ;
#567 = ADVANCED_FACE ( 'NONE', ( #2115, #406 ), #824, .T. ) ;
#568 = CYLINDRICAL_SURFACE ( 'NONE', #1436, 2.750000000000000000 ) ;
#569 = DIRECTION ( 'NONE',  ( 0.000000000000000000, -1.000000000000000000, 0.000000000000000000 ) ) ;
#570 = CARTESIAN_POINT ( 'NONE',  ( -7.499999999989808153, 30.41000000000002856, -41.25000000000335376 ) ) ;
#571 = AXIS2_PLACEMENT_3D ( 'NONE', #743, #2063, #962 ) ;
#572 = CARTESIAN_POINT ( 'NONE',  ( 10.15000000000000213, -6.999999999999999112, -12.39999999999999858 ) ) ;
#573 = EDGE_LOOP ( 'NONE', ( #42, #2302, #225, #1022 ) ) ;
#574 = VERTEX_POINT ( 'NONE', #419 ) ;
#575 = FACE_BOUND ( 'NONE', #1993, .T. ) ;
#576 = AXIS2_PLACEMENT_3D ( 'NONE', #2214, #720, #2027 ) ;
#577 = DIRECTION ( 'NONE',  ( 4.163336342344337815E-15, -3.238150488490068519E-14, -1.000000000000000000 ) ) ;
#578 = LINE ( 'NONE', #1331, #1952 ) ;
#579 = EDGE_LOOP ( 'NONE', ( #632, #402, #477, #2347 ) ) ;
#580 = VECTOR ( 'NONE', #2353, 1000.000000000000000 ) ;
#581 = CARTESIAN_POINT ( 'NONE',  ( 10.15000000000000391, -4.500000000000000000, -31.27999999999999403 ) ) ;
#582 = CARTESIAN_POINT ( 'NONE',  ( 10.05000000001003535, 31.85999999999999943, 3.885780586188047891E-13 ) ) ;
#583 = DIRECTION ( 'NONE',  ( 0.000000000000000000, -1.000000000000000000, 0.000000000000000000 ) ) ;
#584 = EDGE_CURVE ( 'NONE', #261, #1248, #1000, .T. ) ;
#585 = DIRECTION ( 'NONE',  ( 0.000000000000000000, -1.000000000000000000, 0.000000000000000000 ) ) ;
#586 = CIRCLE ( 'NONE', #2016, 1.900000000000000577 ) ;
#587 = ORIENTED_EDGE ( 'NONE', *, *, #131, .T. ) ;
#588 = VERTEX_POINT ( 'NONE', #224 ) ;
#589 = AXIS2_PLACEMENT_3D ( 'NONE', #1752, #1395, #1590 ) ;
#590 = ORIENTED_EDGE ( 'NONE', *, *, #957, .T. ) ;
#591 = DIRECTION ( 'NONE',  ( 0.000000000000000000, -1.000000000000000000, 0.000000000000000000 ) ) ;
#592 = CARTESIAN_POINT ( 'NONE',  ( -10.14999999999999858, -6.999999999999999112, -12.40000000000000036 ) ) ;
#593 = AXIS2_PLACEMENT_3D ( 'NONE', #1800, #303, #1791 ) ;
#594 = ORIENTED_EDGE ( 'NONE', *, *, #2389, .T. ) ;
#595 = EDGE_CURVE ( 'NONE', #1965, #1634, #1356, .T. ) ;
#596 = CARTESIAN_POINT ( 'NONE',  ( -10.04999999998997851, 4.500000000000017764, -32.00000000000250111 ) ) ;
#597 = CIRCLE ( 'NONE', #1420, 3.549999999999999378 ) ;
#598 = VECTOR ( 'NONE', #2339, 1000.000000000000000 ) ;
#599 = DIRECTION ( 'NONE',  ( 2.891205793308218754E-17, 1.000000000000000000, -3.238150488490068519E-14 ) ) ;
#600 = CARTESIAN_POINT ( 'NONE',  ( -10.14999999999999680, -7.500000000000000000, -27.77999999999999758 ) ) ;
#601 = EDGE_CURVE ( 'NONE', #103, #2255, #389, .T. ) ;
#602 = DIRECTION ( 'NONE',  ( 1.000000000000000000, 0.000000000000000000, -0.000000000000000000 ) ) ;
#603 = VERTEX_POINT ( 'NONE', #803 ) ;
#604 = EDGE_CURVE ( 'NONE', #2085, #2462, #1380, .T. ) ;
#605 = ORIENTED_EDGE ( 'NONE', *, *, #223, .F. ) ;
#606 = DIRECTION ( 'NONE',  ( 4.163336342344337815E-15, -3.238150488490068519E-14, -1.000000000000000000 ) ) ;
#607 = CARTESIAN_POINT ( 'NONE',  ( -10.14999999999999858, -7.500000000000000000, -13.50000000000000000 ) ) ;
#608 = EDGE_LOOP ( 'NONE', ( #1828, #891, #2322, #886 ) ) ;
#609 = CARTESIAN_POINT ( 'NONE',  ( -7.499999999989806376, 10.91000000000000369, -42.00000000000272138 ) ) ;
#610 = DIRECTION ( 'NONE',  ( 4.163336342344337815E-15, -3.238150488490068519E-14, -1.000000000000000000 ) ) ;
#611 = LINE ( 'NONE', #782, #2183 ) ;
#612 = CARTESIAN_POINT ( 'NONE',  ( 2.679059490240837444E-16, -1.640000000001172520, -57.75000000000224532 ) ) ;
#613 = EDGE_LOOP ( 'NONE', ( #1779, #1627, #1344, #1731 ) ) ;
#614 = EDGE_LOOP ( 'NONE', ( #997, #340, #1119, #555 ) ) ;
#615 = ADVANCED_FACE ( 'NONE', ( #1198 ), #2161, .F. ) ;
#616 = DIRECTION ( 'NONE',  ( 0.000000000000000000, 0.000000000000000000, -1.000000000000000000 ) ) ;
#617 = CARTESIAN_POINT ( 'NONE',  ( 5.000000000005310419, 0.4999999999910145765, 0.000000000000000000 ) ) ;
#618 = ORIENTED_EDGE ( 'NONE', *, *, #2389, .F. ) ;
#619 = LINE ( 'NONE', #34, #1587 ) ;
#620 = DIRECTION ( 'NONE',  ( -0.000000000000000000, 1.000000000000000000, -0.000000000000000000 ) ) ;
#621 = AXIS2_PLACEMENT_3D ( 'NONE', #447, #1644, #1041 ) ;
#622 = ADVANCED_FACE ( 'NONE', ( #1583 ), #2324, .T. ) ;
#623 = CARTESIAN_POINT ( 'NONE',  ( -10.14999999999999680, -7.500000000000000000, -31.28000000000000114 ) ) ;
#624 = AXIS2_PLACEMENT_3D ( 'NONE', #2439, #1296, #1310 ) ;
#625 = EDGE_CURVE ( 'NONE', #989, #603, #1536, .T. ) ;
#626 = ORIENTED_EDGE ( 'NONE', *, *, #1980, .F. ) ;
#627 = EDGE_LOOP ( 'NONE', ( #2425, #1793, #1545, #772 ) ) ;
#628 = AXIS2_PLACEMENT_3D ( 'NONE', #521, #1859, #115 ) ;
#629 = DIRECTION ( 'NONE',  ( 0.000000000000000000, 0.000000000000000000, 1.000000000000000000 ) ) ;
#630 = DIRECTION ( 'NONE',  ( 0.000000000000000000, 1.000000000000000000, -3.322850601871066204E-14 ) ) ;
#631 = CIRCLE ( 'NONE', #2261, 2.399999999999999467 ) ;
#632 = ORIENTED_EDGE ( 'NONE', *, *, #927, .F. ) ;
#633 = CIRCLE ( 'NONE', #314, 3.250000000000002665 ) ;
#634 = LINE ( 'NONE', #1382, #284 ) ;
#635 = DIRECTION ( 'NONE',  ( 0.000000000000000000, 0.000000000000000000, 1.000000000000000000 ) ) ;
#636 = COLOUR_RGB ( '',1.000000000000000000, 0.000000000000000000, 0.000000000000000000 ) ;
#637 = VECTOR ( 'NONE', #1632, 1000.000000000000000 ) ;
#638 = LINE ( 'NONE', #1213, #470 ) ;
#639 = ORIENTED_EDGE ( 'NONE', *, *, #651, .F. ) ;
#640 = ORIENTED_EDGE ( 'NONE', *, *, #271, .T. ) ;
#641 = VERTEX_POINT ( 'NONE', #121 ) ;
#642 = DIRECTION ( 'NONE',  ( 4.163336342344337815E-15, -3.238150488490068519E-14, -1.000000000000000000 ) ) ;
#643 = CARTESIAN_POINT ( 'NONE',  ( 10.15000000000000213, -7.500000000000000000, -9.999999999999998224 ) ) ;
#644 = ORIENTED_EDGE ( 'NONE', *, *, #2232, .F. ) ;
#645 = CARTESIAN_POINT ( 'NONE',  ( -1.301042606988258002E-16, -1.640000000000823022, -47.00000000000224532 ) ) ;
#646 = LINE ( 'NONE', #90, #1327 ) ;
#647 = ADVANCED_FACE ( 'NONE', ( #1438, #2394 ), #1037, .T. ) ;
#648 = DIRECTION ( 'NONE',  ( 0.000000000000000000, 1.000000000000000000, -3.322850601871066204E-14 ) ) ;
#649 = ORIENTED_EDGE ( 'NONE', *, *, #1159, .T. ) ;
#650 = CARTESIAN_POINT ( 'NONE',  ( 2.168404344971008868E-15, 31.85999999999999943, -32.00000000000180478 ) ) ;
#651 = EDGE_CURVE ( 'NONE', #2112, #1146, #2187, .T. ) ;
#652 = VERTEX_POINT ( 'NONE', #1996 ) ;
#653 = DIRECTION ( 'NONE',  ( 4.163336342344337815E-15, -3.238150488490068519E-14, -1.000000000000000000 ) ) ;
#654 = CARTESIAN_POINT ( 'NONE',  ( 10.15000000000000391, -6.999999999999999112, -30.17999999999999616 ) ) ;
#655 = VERTEX_POINT ( 'NONE', #869 ) ;
#656 = FACE_BOUND ( 'NONE', #2170, .T. ) ;
#657 = CARTESIAN_POINT ( 'NONE',  ( 10.05000000001003535, 31.85999999999999943, 3.885780586188047891E-13 ) ) ;
#658 = FACE_OUTER_BOUND ( 'NONE', #1741, .T. ) ;
#659 = LINE ( 'NONE', #2205, #825 ) ;
#660 = ORIENTED_EDGE ( 'NONE', *, *, #1660, .F. ) ;
#661 = CYLINDRICAL_SURFACE ( 'NONE', #1857, 3.499999999999999556 ) ;
#662 = LINE ( 'NONE', #680, #1094 ) ;
#663 = VERTEX_POINT ( 'NONE', #1025 ) ;
#664 = AXIS2_PLACEMENT_3D ( 'NONE', #1042, #851, #2320 ) ;
#665 = CARTESIAN_POINT ( 'NONE',  ( -10.14999999999999680, -4.500000000000000000, -26.28000000000000114 ) ) ;
#666 = CIRCLE ( 'NONE', #2057, 1.899999999999999689 ) ;
#667 = DIRECTION ( 'NONE',  ( 0.000000000000000000, 0.000000000000000000, -1.000000000000000000 ) ) ;
#668 = EDGE_CURVE ( 'NONE', #967, #2085, #27, .T. ) ;
#669 = VECTOR ( 'NONE', #1517, 1000.000000000000000 ) ;
#670 = CARTESIAN_POINT ( 'NONE',  ( -10.14999999999999680, -7.500000000000000000, -31.28000000000000114 ) ) ;
#671 = AXIS2_PLACEMENT_3D ( 'NONE', #1068, #1628, #2021 ) ;
#672 = FACE_OUTER_BOUND ( 'NONE', #1668, .T. ) ;
#673 = EDGE_CURVE ( 'NONE', #1146, #836, #2052, .T. ) ;
#674 = AXIS2_PLACEMENT_3D ( 'NONE', #1947, #2160, #46 ) ;
#675 = EDGE_CURVE ( 'NONE', #1046, #533, #1605, .T. ) ;
#676 = ORIENTED_EDGE ( 'NONE', *, *, #1215, .F. ) ;
#677 = EDGE_CURVE ( 'NONE', #917, #1458, #345, .T. ) ;
#678 = AXIS2_PLACEMENT_3D ( 'NONE', #1329, #174, #2445 ) ;
#679 = DIRECTION ( 'NONE',  ( 0.000000000000000000, 0.000000000000000000, -1.000000000000000000 ) ) ;
#680 = CARTESIAN_POINT ( 'NONE',  ( 2.250000000005310419, 0.4999999999910149096, -9.000000000000000000 ) ) ;
#681 = ORIENTED_EDGE ( 'NONE', *, *, #1599, .F. ) ;
#682 = CIRCLE ( 'NONE', #1111, 2.399999999999999467 ) ;
#683 = FACE_OUTER_BOUND ( 'NONE', #1268, .T. ) ;
#684 = DIRECTION ( 'NONE',  ( 0.000000000000000000, 0.000000000000000000, 1.000000000000000000 ) ) ;
#685 = CARTESIAN_POINT ( 'NONE',  ( 10.05000000001003535, 31.85999999999999943, 3.885780586188047891E-13 ) ) ;
#686 = CYLINDRICAL_SURFACE ( 'NONE', #1778, 2.399999999999999467 ) ;
#687 = EDGE_LOOP ( 'NONE', ( #28, #381 ) ) ;
#688 = CARTESIAN_POINT ( 'NONE',  ( -2.732116462566126814E-16, -9.449747468305892184, -47.00000000000208900 ) ) ;
#689 = DIRECTION ( 'NONE',  ( 2.891205793308218754E-17, 1.000000000000000000, -3.238150488490068519E-14 ) ) ;
#690 = ORIENTED_EDGE ( 'NONE', *, *, #1271, .T. ) ;
#691 = EDGE_CURVE ( 'NONE', #663, #1180, #1809, .T. ) ;
#692 = FACE_OUTER_BOUND ( 'NONE', #1929, .T. ) ;
#693 = AXIS2_PLACEMENT_3D ( 'NONE', #1699, #1535, #1870 ) ;
#694 = FACE_OUTER_BOUND ( 'NONE', #613, .T. ) ;
#695 = ORIENTED_EDGE ( 'NONE', *, *, #2177, .F. ) ;
#696 = DIRECTION ( 'NONE',  ( 0.000000000000000000, 3.271192840413404779E-14, 1.000000000000000000 ) ) ;
#697 = FACE_OUTER_BOUND ( 'NONE', #1217, .T. ) ;
#698 = VECTOR ( 'NONE', #948, 1000.000000000000000 ) ;
#699 = AXIS2_PLACEMENT_3D ( 'NONE', #1938, #1751, #817 ) ;
#700 = ORIENTED_EDGE ( 'NONE', *, *, #2312, .F. ) ;
#701 = DIRECTION ( 'NONE',  ( 0.000000000000000000, 1.000000000000000000, -3.286844480798162405E-14 ) ) ;
#702 = CARTESIAN_POINT ( 'NONE',  ( -10.14999999999999680, -7.500000000000000000, -27.77999999999999758 ) ) ;
#703 = VERTEX_POINT ( 'NONE', #86 ) ;
#704 = CARTESIAN_POINT ( 'NONE',  ( -1.301042606988118965E-16, -1.640000000001277547, -61.00000000000224532 ) ) ;
#705 = EDGE_CURVE ( 'NONE', #562, #801, #1334, .T. ) ;
#706 = CIRCLE ( 'NONE', #1694, 1.749999999999994671 ) ;
#707 = CARTESIAN_POINT ( 'NONE',  ( 10.15000000000000213, -6.999999999999999112, -11.50000000000000000 ) ) ;
#708 = ORIENTED_EDGE ( 'NONE', *, *, #1682, .T. ) ;
#709 = AXIS2_PLACEMENT_3D ( 'NONE', #80, #91, #1577 ) ;
#710 = CARTESIAN_POINT ( 'NONE',  ( -10.14999999999999858, -7.500000000000000000, -10.00000000000000000 ) ) ;
#711 = AXIS2_PLACEMENT_3D ( 'NONE', #2181, #2218, #1424 ) ;
#712 = DIRECTION ( 'NONE',  ( -0.000000000000000000, 1.000000000000000000, -0.000000000000000000 ) ) ;
#713 = ORIENTED_EDGE ( 'NONE', *, *, #705, .F. ) ;
#714 = MECHANICAL_DESIGN_GEOMETRIC_PRESENTATION_REPRESENTATION (  '', ( #2381 ), #905 ) ;
#715 = AXIS2_PLACEMENT_3D ( 'NONE', #837, #2317, #1222 ) ;
#716 = FACE_OUTER_BOUND ( 'NONE', #2019, .T. ) ;
#717 = VERTEX_POINT ( 'NONE', #479 ) ;
#718 = DIRECTION ( 'NONE',  ( -0.000000000000000000, -1.000000000000000000, -0.000000000000000000 ) ) ;
#719 = PLANE ( 'NONE',  #1139 ) ;
#720 = DIRECTION ( 'NONE',  ( -2.891205793308218138E-17, -1.000000000000000000, 3.238150488490068519E-14 ) ) ;
#721 = VERTEX_POINT ( 'NONE', #855 ) ;
#722 = CYLINDRICAL_SURFACE ( 'NONE', #1540, 2.750000000000000000 ) ;
#723 = FACE_OUTER_BOUND ( 'NONE', #344, .T. ) ;
#724 = EDGE_CURVE ( 'NONE', #1157, #603, #662, .T. ) ;
#725 = EDGE_CURVE ( 'NONE', #717, #980, #1815, .T. ) ;
#726 = ORIENTED_EDGE ( 'NONE', *, *, #2043, .F. ) ;
#727 = FACE_OUTER_BOUND ( 'NONE', #62, .T. ) ;
#728 = ORIENTED_EDGE ( 'NONE', *, *, #901, .T. ) ;
#729 = DIRECTION ( 'NONE',  ( 0.000000000000000000, -3.238150488490068519E-14, -1.000000000000000000 ) ) ;
#730 = CARTESIAN_POINT ( 'NONE',  ( -14.99999999998980549, 31.85999999999999943, -42.00000000000247979 ) ) ;
#731 = DIRECTION ( 'NONE',  ( 0.000000000000000000, -0.000000000000000000, 1.000000000000000000 ) ) ;
#732 = EDGE_LOOP ( 'NONE', ( #605, #1846, #1755, #708 ) ) ;
#733 = DIRECTION ( 'NONE',  ( 0.000000000000000000, 0.000000000000000000, -1.000000000000000000 ) ) ;
#734 = DIRECTION ( 'NONE',  ( 0.000000000000000000, -3.235926484033656621E-14, -1.000000000000000000 ) ) ;
#735 = CARTESIAN_POINT ( 'NONE',  ( -7.499999999989825916, 26.86000000000016641, -37.00000000000324007 ) ) ;
#736 = ADVANCED_FACE ( 'NONE', ( #318 ), #2383, .T. ) ;
#737 = ORIENTED_EDGE ( 'NONE', *, *, #1754, .F. ) ;
#738 = EDGE_LOOP ( 'NONE', ( #326, #1887, #2297, #1529 ) ) ;
#739 = CYLINDRICAL_SURFACE ( 'NONE', #152, 1.750000000000001554 ) ;
#740 = LINE ( 'NONE', #2087, #1624 ) ;
#741 = ORIENTED_EDGE ( 'NONE', *, *, #1657, .T. ) ;
#742 = AXIS2_PLACEMENT_3D ( 'NONE', #1899, #1015, #64 ) ;
#743 = CARTESIAN_POINT ( 'NONE',  ( -7.499999999989827693, 7.360000000000165521, -37.00000000000260769 ) ) ;
#744 = AXIS2_PLACEMENT_3D ( 'NONE', #274, #1414, #135 ) ;
#745 = DIRECTION ( 'NONE',  ( -0.000000000000000000, 1.000000000000000000, -0.000000000000000000 ) ) ;
#746 = DIRECTION ( 'NONE',  ( -0.000000000000000000, 1.000000000000000000, -0.000000000000000000 ) ) ;
#747 = VECTOR ( 'NONE', #1193, 1000.000000000000000 ) ;
#748 = AXIS2_PLACEMENT_3D ( 'NONE', #852, #1448, #324 ) ;
#749 = ORIENTED_EDGE ( 'NONE', *, *, #1862, .F. ) ;
#750 = EDGE_CURVE ( 'NONE', #123, #526, #1732, .T. ) ;
#751 = ORIENTED_EDGE ( 'NONE', *, *, #1802, .F. ) ;
#752 = CARTESIAN_POINT ( 'NONE',  ( -7.499999999989809929, 7.360000000000027853, -41.25000000000260059 ) ) ;
#753 = DIRECTION ( 'NONE',  ( -5.442830431148770859E-15, -1.040834085586080097E-17, 1.000000000000000000 ) ) ;
#754 = DIRECTION ( 'NONE',  ( 0.000000000000000000, -1.000000000000000000, 0.000000000000000000 ) ) ;
#755 = EDGE_LOOP ( 'NONE', ( #1509, #196 ) ) ;
#756 = PLANE ( 'NONE',  #1750 ) ;
#757 = AXIS2_PLACEMENT_3D ( 'NONE', #1316, #341, #729 ) ;
#758 = FACE_OUTER_BOUND ( 'NONE', #755, .T. ) ;
#759 = DIRECTION ( 'NONE',  ( -0.000000000000000000, -1.000000000000000000, -0.000000000000000000 ) ) ;
#760 = VERTEX_POINT ( 'NONE', #488 ) ;
#761 = EDGE_LOOP ( 'NONE', ( #1865, #2173, #2104, #1396 ) ) ;
#762 = DIRECTION ( 'NONE',  ( -4.163336342344337815E-15, 3.238150488490068519E-14, 1.000000000000000000 ) ) ;
#763 = DIRECTION ( 'NONE',  ( -0.000000000000000000, 0.000000000000000000, 1.000000000000000000 ) ) ;
#764 = CARTESIAN_POINT ( 'NONE',  ( -10.14999999999999680, -6.999999999999999112, -27.77999999999999758 ) ) ;
#765 = EDGE_CURVE ( 'NONE', #2454, #788, #976, .T. ) ;
#766 = ORIENTED_EDGE ( 'NONE', *, *, #691, .T. ) ;
#767 = DIRECTION ( 'NONE',  ( -0.000000000000000000, 1.000000000000000000, -0.000000000000000000 ) ) ;
#768 = CARTESIAN_POINT ( 'NONE',  ( 10.05000000001003357, 4.499999999999999112, 0.000000000000000000 ) ) ;
#769 = DIRECTION ( 'NONE',  ( 4.171596930324965672E-15, -7.847558581799440951E-15, -1.000000000000000000 ) ) ;
#770 = VECTOR ( 'NONE', #1675, 1000.000000000000000 ) ;
#771 = CARTESIAN_POINT ( 'NONE',  ( 5.000000000005310419, 0.4999999999910145765, -9.000000000000000000 ) ) ;
#772 = ORIENTED_EDGE ( 'NONE', *, *, #57, .F. ) ;
#773 = ORIENTED_EDGE ( 'NONE', *, *, #926, .T. ) ;
#774 = PLANE ( 'NONE',  #757 ) ;
#775 = CARTESIAN_POINT ( 'NONE',  ( -2.249999999994690469, 0.4999999999916807103, -9.000000000000000000 ) ) ;
#776 = CYLINDRICAL_SURFACE ( 'NONE', #1864, 2.399999999999999467 ) ;
#777 = ORIENTED_EDGE ( 'NONE', *, *, #189, .F. ) ;
#778 = EDGE_CURVE ( 'NONE', #1363, #1199, #2372, .T. ) ;
#779 = FACE_OUTER_BOUND ( 'NONE', #96, .T. ) ;
#780 = EDGE_CURVE ( 'NONE', #2083, #1185, #2138, .T. ) ;
#781 = DIRECTION ( 'NONE',  ( 4.163336342344337815E-15, -3.238150488490068519E-14, -1.000000000000000000 ) ) ;
#782 = CARTESIAN_POINT ( 'NONE',  ( -10.04999999998997851, 31.86000000000001364, -32.00000000000250111 ) ) ;
#783 = AXIS2_PLACEMENT_3D ( 'NONE', #61, #813, #212 ) ;
#784 = DIRECTION ( 'NONE',  ( 0.000000000000000000, 0.000000000000000000, 1.000000000000000000 ) ) ;
#785 = AXIS2_PLACEMENT_3D ( 'NONE', #771, #1725, #602 ) ;
#786 = EDGE_LOOP ( 'NONE', ( #2329, #1681 ) ) ;
#787 = VECTOR ( 'NONE', #759, 1000.000000000000000 ) ;
#788 = VERTEX_POINT ( 'NONE', #654 ) ;
#789 = CARTESIAN_POINT ( 'NONE',  ( 10.15000000000000391, -6.999999999999999112, -27.77999999999999403 ) ) ;
#790 = DIRECTION ( 'NONE',  ( 4.163336342344337815E-15, -3.238150488490068519E-14, -1.000000000000000000 ) ) ;
#791 = VERTEX_POINT ( 'NONE', #1401 ) ;
#792 = FACE_OUTER_BOUND ( 'NONE', #1856, .T. ) ;
#793 = AXIS2_PLACEMENT_3D ( 'NONE', #1479, #368, #1122 ) ;
#794 = CARTESIAN_POINT ( 'NONE',  ( 7.500000000010190071, 3.810000000000026699, -41.25000000000242295 ) ) ;
#795 = DIRECTION ( 'NONE',  ( 9.130123557772666115E-16, 1.000000000000000000, -3.286844480798159880E-14 ) ) ;
#796 = DIRECTION ( 'NONE',  ( -0.000000000000000000, 1.000000000000000000, -0.000000000000000000 ) ) ;
#797 = CIRCLE ( 'NONE', #996, 1.500000000000001332 ) ;
#798 = VERTEX_POINT ( 'NONE', #466 ) ;
#799 = EDGE_CURVE ( 'NONE', #2088, #264, #1055, .T. ) ;
#800 = ORIENTED_EDGE ( 'NONE', *, *, #1862, .T. ) ;
#801 = VERTEX_POINT ( 'NONE', #229 ) ;
#802 = CARTESIAN_POINT ( 'NONE',  ( -10.14999999999999680, -7.500000000000000000, -27.77999999999999758 ) ) ;
#803 = CARTESIAN_POINT ( 'NONE',  ( 2.250000000005310419, 0.4999999999910149096, 0.000000000000000000 ) ) ;
#804 = EDGE_CURVE ( 'NONE', #801, #562, #277, .T. ) ;
#805 = ORIENTED_EDGE ( 'NONE', *, *, #705, .T. ) ;
#806 = DIRECTION ( 'NONE',  ( -0.000000000000000000, -1.000000000000000000, -0.000000000000000000 ) ) ;
#807 = EDGE_CURVE ( 'NONE', #1364, #1046, #1936, .T. ) ;
#808 = DIRECTION ( 'NONE',  ( 0.000000000000000000, 1.000000000000000000, -3.286844480798162405E-14 ) ) ;
#809 = CARTESIAN_POINT ( 'NONE',  ( -7.499999999989804600, 30.41000000000000014, -42.00000000000335376 ) ) ;
#810 = ORIENTED_EDGE ( 'NONE', *, *, #1468, .T. ) ;
#811 = EDGE_LOOP ( 'NONE', ( #2056, #1070 ) ) ;
#812 = CARTESIAN_POINT ( 'NONE',  ( -10.14999999999999680, -6.999999999999999112, -30.17999999999999972 ) ) ;
#813 = DIRECTION ( 'NONE',  ( 0.000000000000000000, -1.000000000000000000, 0.000000000000000000 ) ) ;
#814 = ORIENTED_EDGE ( 'NONE', *, *, #2468, .T. ) ;
#815 = CARTESIAN_POINT ( 'NONE',  ( 10.15000000000000391, -4.500000000000000000, -24.27999999999999758 ) ) ;
#816 = AXIS2_PLACEMENT_3D ( 'NONE', #1470, #2373, #667 ) ;
#817 = DIRECTION ( 'NONE',  ( 0.000000000000000000, 0.000000000000000000, -1.000000000000000000 ) ) ;
#818 = DIRECTION ( 'NONE',  ( 4.163336342344337815E-15, -3.238150488490068519E-14, -1.000000000000000000 ) ) ;
#819 = ORIENTED_EDGE ( 'NONE', *, *, #1367, .T. ) ;
#820 = ORIENTED_EDGE ( 'NONE', *, *, #411, .F. ) ;
#821 = AXIS2_PLACEMENT_3D ( 'NONE', #2282, #1916, #2430 ) ;
#822 = CARTESIAN_POINT ( 'NONE',  ( -7.499999999989806376, 7.360000000000003872, -42.00000000000260769 ) ) ;
#823 = EDGE_CURVE ( 'NONE', #2132, #260, #1653, .T. ) ;
#824 = PLANE ( 'NONE',  #465 ) ;
#825 = VECTOR ( 'NONE', #1611, 1000.000000000000000 ) ;
#826 = ORIENTED_EDGE ( 'NONE', *, *, #1907, .F. ) ;
#827 = DIRECTION ( 'NONE',  ( 0.000000000000000000, -0.000000000000000000, -1.000000000000000000 ) ) ;
#828 = DIRECTION ( 'NONE',  ( 0.000000000000000000, -1.000000000000000000, 0.000000000000000000 ) ) ;
#829 = AXIS2_PLACEMENT_3D ( 'NONE', #1999, #1242, #330 ) ;
#830 = CARTESIAN_POINT ( 'NONE',  ( 7.500000000010191847, 3.810000000000003162, -42.00000000000242295 ) ) ;
#831 = VERTEX_POINT ( 'NONE', #328 ) ;
#832 = DIRECTION ( 'NONE',  ( 2.891205793308218138E-17, 1.000000000000000000, -3.238150488490068519E-14 ) ) ;
#833 = ORIENTED_EDGE ( 'NONE', *, *, #673, .F. ) ;
#834 = DIRECTION ( 'NONE',  ( -1.000000000000000000, -0.000000000000000000, -0.000000000000000000 ) ) ;
#835 = CARTESIAN_POINT ( 'NONE',  ( -10.14999999999999680, -6.999999999999999112, -27.77999999999999758 ) ) ;
#836 = VERTEX_POINT ( 'NONE', #2044 ) ;
#837 = CARTESIAN_POINT ( 'NONE',  ( 7.500000000010189183, 7.360000000000026077, -41.25000000000254374 ) ) ;
#838 = ADVANCED_FACE ( 'NONE', ( #1849 ), #412, .T. ) ;
#839 = DIRECTION ( 'NONE',  ( 0.000000000000000000, 0.000000000000000000, -1.000000000000000000 ) ) ;
#840 = DIRECTION ( 'NONE',  ( 4.163336342344337815E-15, -3.238150488490068519E-14, -1.000000000000000000 ) ) ;
#841 = EDGE_LOOP ( 'NONE', ( #305, #751, #942, #255 ) ) ;
#842 = EDGE_LOOP ( 'NONE', ( #878, #1964, #866, #1606 ) ) ;
#843 = CARTESIAN_POINT ( 'NONE',  ( 10.15000000000000213, -7.500000000000000000, -7.599999999999998757 ) ) ;
#844 = DIRECTION ( 'NONE',  ( 0.000000000000000000, 1.000000000000000000, -3.286844480798162405E-14 ) ) ;
#845 = EDGE_CURVE ( 'NONE', #703, #2309, #1155, .T. ) ;
#846 = VERTEX_POINT ( 'NONE', #1555 ) ;
#847 = DIRECTION ( 'NONE',  ( 1.000000000000000000, -2.891205793294736628E-17, 4.163336342344420646E-15 ) ) ;
#848 = FACE_OUTER_BOUND ( 'NONE', #842, .T. ) ;
#849 = ADVANCED_FACE ( 'NONE', ( #727 ), #145, .T. ) ;
#850 = ADVANCED_FACE ( 'NONE', ( #1167 ), #2235, .F. ) ;
#851 = DIRECTION ( 'NONE',  ( -0.000000000000000000, -1.000000000000000000, -0.000000000000000000 ) ) ;
#852 = CARTESIAN_POINT ( 'NONE',  ( -10.14999999999999680, -7.500000000000000000, -27.77999999999999758 ) ) ;
#853 = ORIENTED_EDGE ( 'NONE', *, *, #845, .T. ) ;
#854 = AXIS2_PLACEMENT_3D ( 'NONE', #2299, #31, #630 ) ;
#855 = CARTESIAN_POINT ( 'NONE',  ( 10.15000000000000213, -7.500000000000000000, -12.39999999999999858 ) ) ;
#856 = VERTEX_POINT ( 'NONE', #2294 ) ;
#857 = AXIS2_PLACEMENT_3D ( 'NONE', #2328, #449, #267 ) ;
#858 = CARTESIAN_POINT ( 'NONE',  ( 10.15000000000000213, -6.999999999999999112, -7.599999999999998757 ) ) ;
#859 = AXIS2_PLACEMENT_3D ( 'NONE', #1118, #171, #2092 ) ;
#860 = DIRECTION ( 'NONE',  ( 0.000000000000000000, -1.000000000000000000, 0.000000000000000000 ) ) ;
#861 = CIRCLE ( 'NONE', #2262, 3.250000000000002665 ) ;
#862 = DIRECTION ( 'NONE',  ( 0.000000000000000000, 0.000000000000000000, -1.000000000000000000 ) ) ;
#863 = DIRECTION ( 'NONE',  ( 0.000000000000000000, -0.000000000000000000, -1.000000000000000000 ) ) ;
#864 = COLOUR_RGB ( '',1.000000000000000000, 0.000000000000000000, 0.000000000000000000 ) ;
#865 = EDGE_CURVE ( 'NONE', #1286, #2255, #1264, .T. ) ;
#866 = ORIENTED_EDGE ( 'NONE', *, *, #440, .T. ) ;
#867 = AXIS2_PLACEMENT_3D ( 'NONE', #1455, #504, #895 ) ;
#868 = CARTESIAN_POINT ( 'NONE',  ( 10.15000000000000213, -7.500000000000000000, -9.999999999999998224 ) ) ;
#869 = CARTESIAN_POINT ( 'NONE',  ( 15.00000000000941469, -4.500000000000333955, 2.082657505654559958E-14 ) ) ;
#870 = VERTEX_POINT ( 'NONE', #1092 ) ;
#871 = AXIS2_PLACEMENT_3D ( 'NONE', #1124, #767, #1294 ) ;
#872 = FACE_OUTER_BOUND ( 'NONE', #1645, .T. ) ;
#873 = ADVANCED_FACE ( 'NONE', ( #716 ), #1543, .F. ) ;
#874 = CYLINDRICAL_SURFACE ( 'NONE', #1445, 1.899999999999999689 ) ;
#875 = ORIENTED_EDGE ( 'NONE', *, *, #2177, .T. ) ;
#876 = ADVANCED_FACE ( 'NONE', ( #2307 ), #219, .T. ) ;
#877 = FACE_OUTER_BOUND ( 'NONE', #1073, .T. ) ;
#878 = ORIENTED_EDGE ( 'NONE', *, *, #584, .F. ) ;
#879 = EDGE_LOOP ( 'NONE', ( #1903, #1748, #1486, #54 ) ) ;
#880 = DIRECTION ( 'NONE',  ( 4.163336342344337815E-15, -3.238150488490068519E-14, -1.000000000000000000 ) ) ;
#881 = CARTESIAN_POINT ( 'NONE',  ( -10.14999999999999680, -6.999999999999999112, -27.77999999999999758 ) ) ;
#882 = VERTEX_POINT ( 'NONE', #12 ) ;
#883 = CARTESIAN_POINT ( 'NONE',  ( -7.499999999989808153, 26.86000000000002785, -41.25000000000323297 ) ) ;
#884 = AXIS2_PLACEMENT_3D ( 'NONE', #178, #1924, #1510 ) ;
#885 = CARTESIAN_POINT ( 'NONE',  ( 7.500000000010194512, 26.85999999999999943, -42.00000000000317613 ) ) ;
#886 = ORIENTED_EDGE ( 'NONE', *, *, #1114, .T. ) ;
#887 = APPLICATION_CONTEXT ( 'automotive_design' ) ;
#888 = DIRECTION ( 'NONE',  ( 1.000000000000000000, 0.000000000000000000, 0.000000000000000000 ) ) ;
#889 = CARTESIAN_POINT ( 'NONE',  ( -14.99999999998970601, -4.500000000001440625, -66.00000000000224532 ) ) ;
#890 = CIRCLE ( 'NONE', #1326, 2.399999999999999467 ) ;
#891 = ORIENTED_EDGE ( 'NONE', *, *, #1370, .F. ) ;
#892 = CARTESIAN_POINT ( 'NONE',  ( -7.499999999989827693, 5.460000000000166054, -37.00000000000254374 ) ) ;
#893 = DIRECTION ( 'NONE',  ( 0.000000000000000000, -1.000000000000000000, 0.000000000000000000 ) ) ;
#894 = ORIENTED_EDGE ( 'NONE', *, *, #1520, .T. ) ;
#895 = DIRECTION ( 'NONE',  ( 0.000000000000000000, 1.000000000000000000, -3.322850601871069359E-14 ) ) ;
#896 = CARTESIAN_POINT ( 'NONE',  ( -9.500000000000000000, -4.500000000000000000, -53.02379604163095905 ) ) ;
#897 = VECTOR ( 'NONE', #2149, 1000.000000000000000 ) ;
#898 = CARTESIAN_POINT ( 'NONE',  ( -7.499999999989825916, 26.86000000000016641, -37.00000000000324007 ) ) ;
#899 = VERTEX_POINT ( 'NONE', #965 ) ;
#900 = VECTOR ( 'NONE', #2365, 1000.000000000000000 ) ;
#901 = EDGE_CURVE ( 'NONE', #603, #989, #1894, .T. ) ;
#902 = CARTESIAN_POINT ( 'NONE',  ( 7.500000000010189183, 10.91000000000002501, -41.25000000000265743 ) ) ;
#903 = VECTOR ( 'NONE', #142, 1000.000000000000000 ) ;
#904 = CARTESIAN_POINT ( 'NONE',  ( 10.15000000000000213, -4.500000000000000000, -11.50000000000000000 ) ) ;
#905 =( GEOMETRIC_REPRESENTATION_CONTEXT ( 3 ) GLOBAL_UNCERTAINTY_ASSIGNED_CONTEXT ( ( #1839 ) ) GLOBAL_UNIT_ASSIGNED_CONTEXT ( ( #1477, #1847, #365 ) ) REPRESENTATION_CONTEXT ( 'NONE', 'WORKASPACE' ) );
#906 = VERTEX_POINT ( 'NONE', #572 ) ;
#907 = DIRECTION ( 'NONE',  ( 0.000000000000000000, 1.000000000000000000, -3.322850601871066204E-14 ) ) ;
#908 = ORIENTED_EDGE ( 'NONE', *, *, #845, .F. ) ;
#909 = CARTESIAN_POINT ( 'NONE',  ( -10.14999999999999858, -7.500000000000000000, -6.500000000000000888 ) ) ;
#910 = DIRECTION ( 'NONE',  ( 0.000000000000000000, 1.000000000000000000, 0.000000000000000000 ) ) ;
#911 = VERTEX_POINT ( 'NONE', #2095 ) ;
#912 = EDGE_CURVE ( 'NONE', #127, #1812, #1339, .T. ) ;
#913 = CARTESIAN_POINT ( 'NONE',  ( 10.15000000000000391, -6.999999999999999112, -26.27999999999999758 ) ) ;
#914 = CARTESIAN_POINT ( 'NONE',  ( -10.14999999999999858, -7.500000000000000000, -10.00000000000000000 ) ) ;
#915 = FACE_BOUND ( 'NONE', #1563, .T. ) ;
#916 = ORIENTED_EDGE ( 'NONE', *, *, #604, .T. ) ;
#917 = VERTEX_POINT ( 'NONE', #401 ) ;
#918 =( NAMED_UNIT ( * ) SI_UNIT ( $, .STERADIAN. ) SOLID_ANGLE_UNIT ( ) );
#919 = ADVANCED_FACE ( 'NONE', ( #1715 ), #1837, .T. ) ;
#920 = LINE ( 'NONE', #379, #155 ) ;
#921 = DIRECTION ( 'NONE',  ( 0.000000000000000000, -1.000000000000000000, 0.000000000000000000 ) ) ;
#922 = EDGE_LOOP ( 'NONE', ( #495, #157 ) ) ;
#923 = DIRECTION ( 'NONE',  ( 0.000000000000000000, 1.000000000000000000, -3.286844480798162405E-14 ) ) ;
#924 = DIRECTION ( 'NONE',  ( -0.000000000000000000, -1.000000000000000000, -0.000000000000000000 ) ) ;
#925 = FACE_BOUND ( 'NONE', #1662, .T. ) ;
#926 = EDGE_CURVE ( 'NONE', #1315, #2240, #2220, .T. ) ;
#927 = EDGE_CURVE ( 'NONE', #663, #1328, #638, .T. ) ;
#928 = EDGE_CURVE ( 'NONE', #831, #103, #52, .T. ) ;
#929 = ORIENTED_EDGE ( 'NONE', *, *, #1307, .T. ) ;
#930 = SURFACE_STYLE_USAGE ( .BOTH. , #159 ) ;
#931 = AXIS2_PLACEMENT_3D ( 'NONE', #2010, #1255, #684 ) ;
#932 = ORIENTED_EDGE ( 'NONE', *, *, #546, .F. ) ;
#933 = DIRECTION ( 'NONE',  ( 0.000000000000000000, 1.000000000000000000, -3.286844480798162405E-14 ) ) ;
#934 = DIRECTION ( 'NONE',  ( 1.000000000000000000, 0.000000000000000000, 0.000000000000000000 ) ) ;
#935 = FACE_BOUND ( 'NONE', #1679, .T. ) ;
#936 = CIRCLE ( 'NONE', #1247, 3.499999999999999556 ) ;
#937 = VERTEX_POINT ( 'NONE', #1202 ) ;
#938 = PLANE ( 'NONE',  #571 ) ;
#939 = DIRECTION ( 'NONE',  ( 0.000000000000000000, 0.000000000000000000, -1.000000000000000000 ) ) ;
#940 = DIRECTION ( 'NONE',  ( 1.000000000000000000, -2.891205793294736628E-17, 4.163336342344420646E-15 ) ) ;
#941 = CIRCLE ( 'NONE', #711, 3.549999999999999378 ) ;
#942 = ORIENTED_EDGE ( 'NONE', *, *, #2233, .T. ) ;
#943 = ADVANCED_FACE ( 'NONE', ( #280 ), #2156, .F. ) ;
#944 = ORIENTED_EDGE ( 'NONE', *, *, #724, .T. ) ;
#945 = AXIS2_PLACEMENT_3D ( 'NONE', #1829, #2371, #110 ) ;
#946 = DIRECTION ( 'NONE',  ( -0.000000000000000000, 1.000000000000000000, -0.000000000000000000 ) ) ;
#947 = DIRECTION ( 'NONE',  ( -0.000000000000000000, -0.000000000000000000, 1.000000000000000000 ) ) ;
#948 = DIRECTION ( 'NONE',  ( -1.000000000000000000, 0.000000000000000000, -4.163336342344420646E-15 ) ) ;
#949 = VERTEX_POINT ( 'NONE', #1775 ) ;
#950 = DIRECTION ( 'NONE',  ( 0.000000000000000000, -1.000000000000000000, 0.000000000000000000 ) ) ;
#951 = CARTESIAN_POINT ( 'NONE',  ( -2.249999999994690469, 0.4999999999916807103, 0.000000000000000000 ) ) ;
#952 = CARTESIAN_POINT ( 'NONE',  ( 15.00000000000941469, -4.500000000000333955, 2.082657505654559958E-14 ) ) ;
#953 = DIRECTION ( 'NONE',  ( 2.891205793308218754E-17, 1.000000000000000000, -3.238150488490068519E-14 ) ) ;
#954 = VERTEX_POINT ( 'NONE', #100 ) ;
#955 = ORIENTED_EDGE ( 'NONE', *, *, #625, .T. ) ;
#956 = VERTEX_POINT ( 'NONE', #1405 ) ;
#957 = EDGE_CURVE ( 'NONE', #533, #1342, #1142, .T. ) ;
#958 =( LENGTH_UNIT ( ) NAMED_UNIT ( * ) SI_UNIT ( .MILLI., .METRE. ) );
#959 = DIRECTION ( 'NONE',  ( -4.163336342344337815E-15, 3.238150488490068519E-14, 1.000000000000000000 ) ) ;
#960 = CARTESIAN_POINT ( 'NONE',  ( 15.00000000001002221, 31.85999999999995680, 2.498001805406602216E-13 ) ) ;
#961 = ORIENTED_EDGE ( 'NONE', *, *, #4, .F. ) ;
#962 = DIRECTION ( 'NONE',  ( 0.000000000000000000, 1.000000000000000000, -3.238150488490068519E-14 ) ) ;
#963 = CARTESIAN_POINT ( 'NONE',  ( -1.301042606988258002E-16, -1.640000000000823022, -47.00000000000224532 ) ) ;
#964 = DIRECTION ( 'NONE',  ( 0.000000000000000000, 0.000000000000000000, -1.000000000000000000 ) ) ;
#965 = CARTESIAN_POINT ( 'NONE',  ( -10.14999999999999680, -7.500000000000000000, -30.17999999999999972 ) ) ;
#966 = EDGE_LOOP ( 'NONE', ( #74, #350, #626, #44, #1515, #1687 ) ) ;
#967 = VERTEX_POINT ( 'NONE', #623 ) ;
#968 = DIRECTION ( 'NONE',  ( 4.163336342344337815E-15, -3.238150488490068519E-14, -1.000000000000000000 ) ) ;
#969 = CARTESIAN_POINT ( 'NONE',  ( -4.999999999994690469, 0.4999999999916807103, 0.000000000000000000 ) ) ;
#970 = ORIENTED_EDGE ( 'NONE', *, *, #158, .F. ) ;
#971 = DIRECTION ( 'NONE',  ( 4.163336342344337815E-15, -3.238150488490068519E-14, -1.000000000000000000 ) ) ;
#972 = EDGE_CURVE ( 'NONE', #1363, #2350, #1362, .T. ) ;
#973 = DIRECTION ( 'NONE',  ( 0.000000000000000000, 0.000000000000000000, -1.000000000000000000 ) ) ;
#974 = CYLINDRICAL_SURFACE ( 'NONE', #2020, 1.500000000000001332 ) ;
#975 = EDGE_CURVE ( 'NONE', #1005, #2392, #1337, .T. ) ;
#976 = CIRCLE ( 'NONE', #744, 2.399999999999999467 ) ;
#977 = CARTESIAN_POINT ( 'NONE',  ( -4.999999999994690469, 0.4999999999916807103, -9.000000000000000000 ) ) ;
#978 = AXIS2_PLACEMENT_3D ( 'NONE', #1464, #796, #784 ) ;
#979 = ORIENTED_EDGE ( 'NONE', *, *, #1585, .T. ) ;
#980 = VERTEX_POINT ( 'NONE', #1797 ) ;
#981 = AXIS2_PLACEMENT_3D ( 'NONE', #2276, #1659, #1696 ) ;
#982 = EDGE_CURVE ( 'NONE', #2083, #2039, #473, .T. ) ;
#983 = ORIENTED_EDGE ( 'NONE', *, *, #464, .T. ) ;
#984 = VECTOR ( 'NONE', #1123, 1000.000000000000000 ) ;
#985 = APPLICATION_CONTEXT ( 'automotive_design' ) ;
#986 = EDGE_CURVE ( 'NONE', #2005, #550, #2178, .T. ) ;
#987 = FACE_OUTER_BOUND ( 'NONE', #309, .T. ) ;
#988 = CARTESIAN_POINT ( 'NONE',  ( -7.499999999989808153, 30.41000000000002856, -41.25000000000335376 ) ) ;
#989 = VERTEX_POINT ( 'NONE', #1940 ) ;
#990 = FACE_OUTER_BOUND ( 'NONE', #1061, .T. ) ;
#991 = CIRCLE ( 'NONE', #1300, 1.499999999999997780 ) ;
#992 = EDGE_CURVE ( 'NONE', #58, #260, #1655, .T. ) ;
#993 = FACE_OUTER_BOUND ( 'NONE', #738, .T. ) ;
#994 = AXIS2_PLACEMENT_3D ( 'NONE', #2190, #307, #1840 ) ;
#995 = DIRECTION ( 'NONE',  ( 0.000000000000000000, 1.000000000000000000, -3.322850601871067466E-14 ) ) ;
#996 = AXIS2_PLACEMENT_3D ( 'NONE', #2079, #541, #372 ) ;
#997 = ORIENTED_EDGE ( 'NONE', *, *, #1285, .F. ) ;
#998 = EDGE_LOOP ( 'NONE', ( #2295, #230 ) ) ;
#999 = DIRECTION ( 'NONE',  ( 0.000000000000000000, 1.000000000000000000, -3.322850601871067466E-14 ) ) ;
#1000 = LINE ( 'NONE', #607, #1250 ) ;
#1001 = VERTEX_POINT ( 'NONE', #809 ) ;
#1002 = CARTESIAN_POINT ( 'NONE',  ( -10.14999999999999680, -4.500000000000000000, -29.27999999999999758 ) ) ;
#1003 = CARTESIAN_POINT ( 'NONE',  ( 10.15000000000000213, -7.500000000000000000, -13.49999999999999822 ) ) ;
#1004 = DIRECTION ( 'NONE',  ( 4.163336342344337815E-15, -3.238150488490068519E-14, -1.000000000000000000 ) ) ;
#1005 = VERTEX_POINT ( 'NONE', #830 ) ;
#1006 = EDGE_CURVE ( 'NONE', #2288, #1972, #65, .T. ) ;
#1007 = AXIS2_PLACEMENT_3D ( 'NONE', #645, #2152, #76 ) ;
#1008 = EDGE_CURVE ( 'NONE', #1726, #19, #2102, .T. ) ;
#1009 = ORIENTED_EDGE ( 'NONE', *, *, #2000, .T. ) ;
#1010 = CARTESIAN_POINT ( 'NONE',  ( 2.679059490240637764E-16, -4.500000000000000000, -43.75000000000224532 ) ) ;
#1011 = DIRECTION ( 'NONE',  ( 1.000000000000000000, 1.346145417358002305E-15, -1.123423186075167557E-15 ) ) ;
#1012 = ORIENTED_EDGE ( 'NONE', *, *, #1810, .F. ) ;
#1013 = LINE ( 'NONE', #1186, #2111 ) ;
#1014 = AXIS2_PLACEMENT_3D ( 'NONE', #2423, #1608, #482 ) ;
#1015 = DIRECTION ( 'NONE',  ( 0.000000000000000000, 0.000000000000000000, 1.000000000000000000 ) ) ;
#1016 = VECTOR ( 'NONE', #1060, 1000.000000000000000 ) ;
#1017 = LINE ( 'NONE', #1600, #900 ) ;
#1018 = VERTEX_POINT ( 'NONE', #459 ) ;
#1019 = VECTOR ( 'NONE', #1099, 1000.000000000000000 ) ;
#1020 = EDGE_LOOP ( 'NONE', ( #428, #640 ) ) ;
#1021 = AXIS2_PLACEMENT_3D ( 'NONE', #617, #1910, #287 ) ;
#1022 = ORIENTED_EDGE ( 'NONE', *, *, #2233, .F. ) ;
#1023 = EDGE_CURVE ( 'NONE', #588, #703, #1977, .T. ) ;
#1024 = FACE_OUTER_BOUND ( 'NONE', #1997, .T. ) ;
#1025 = CARTESIAN_POINT ( 'NONE',  ( 7.500000000010181189, 5.460000000000164277, -37.00000000000247979 ) ) ;
#1026 = ORIENTED_EDGE ( 'NONE', *, *, #411, .T. ) ;
#1027 = PRODUCT_DEFINITION_CONTEXT ( 'detailed design', #887, 'design' ) ;
#1028 = DIRECTION ( 'NONE',  ( -4.171596930324957784E-15, 7.826907111847321079E-15, 1.000000000000000000 ) ) ;
#1029 = CARTESIAN_POINT ( 'NONE',  ( 2.168404344971008868E-15, 4.500000000000003553, -32.00000000000180478 ) ) ;
#1030 = CIRCLE ( 'NONE', #715, 1.900000000000000577 ) ;
#1031 = CYLINDRICAL_SURFACE ( 'NONE', #857, 3.549999999999999378 ) ;
#1032 = LINE ( 'NONE', #1789, #1338 ) ;
#1033 = ADVANCED_FACE ( 'NONE', ( #292 ), #1031, .F. ) ;
#1034 = ORIENTED_EDGE ( 'NONE', *, *, #522, .F. ) ;
#1035 = DIRECTION ( 'NONE',  ( 0.000000000000000000, -0.000000000000000000, -1.000000000000000000 ) ) ;
#1036 = EDGE_CURVE ( 'NONE', #177, #655, #1017, .T. ) ;
#1037 = PLANE ( 'NONE',  #2219 ) ;
#1038 = ADVANCED_FACE ( 'NONE', ( #658 ), #2179, .F. ) ;
#1039 = EDGE_LOOP ( 'NONE', ( #1581, #147, #800, #1869 ) ) ;
#1040 = DIRECTION ( 'NONE',  ( 2.891205793308218138E-17, 1.000000000000000000, -3.238150488490068519E-14 ) ) ;
#1041 = DIRECTION ( 'NONE',  ( 1.000000000000000000, 0.000000000000000000, -5.475220971051797392E-17 ) ) ;
#1042 = CARTESIAN_POINT ( 'NONE',  ( -10.14999999999999858, -6.999999999999999112, -10.00000000000000000 ) ) ;
#1043 = PLANE ( 'NONE',  #2376 ) ;
#1044 = VERTEX_POINT ( 'NONE', #612 ) ;
#1045 = DIRECTION ( 'NONE',  ( 0.000000000000000000, -0.000000000000000000, -1.000000000000000000 ) ) ;
#1046 = VERTEX_POINT ( 'NONE', #2230 ) ;
#1047 = FACE_OUTER_BOUND ( 'NONE', #2029, .T. ) ;
#1048 = FACE_BOUND ( 'NONE', #1674, .T. ) ;
#1049 = DIRECTION ( 'NONE',  ( 9.130123557772666115E-16, 1.000000000000000000, -3.286844480798159880E-14 ) ) ;
#1050 = DIRECTION ( 'NONE',  ( 0.000000000000000000, -1.000000000000000000, 0.000000000000000000 ) ) ;
#1051 = CIRCLE ( 'NONE', #742, 2.750000000000000000 ) ;
#1052 = VERTEX_POINT ( 'NONE', #1806 ) ;
#1053 = ADVANCED_FACE ( 'NONE', ( #2040 ), #722, .F. ) ;
#1054 = AXIS2_PLACEMENT_3D ( 'NONE', #835, #304, #1595 ) ;
#1055 = LINE ( 'NONE', #1219, #113 ) ;
#1056 = ORIENTED_EDGE ( 'NONE', *, *, #1629, .F. ) ;
#1057 = EDGE_CURVE ( 'NONE', #1342, #533, #1851, .T. ) ;
#1058 = CARTESIAN_POINT ( 'NONE',  ( -7.499999999989808153, 26.86000000000002785, -41.25000000000323297 ) ) ;
#1059 = CIRCLE ( 'NONE', #1542, 1.499999999999997780 ) ;
#1060 = DIRECTION ( 'NONE',  ( 9.222765780247858665E-16, 2.515349040166347484E-17, -1.000000000000000000 ) ) ;
#1061 = EDGE_LOOP ( 'NONE', ( #1596, #67, #530, #660 ) ) ;
#1062 = FACE_OUTER_BOUND ( 'NONE', #614, .T. ) ;
#1063 = CIRCLE ( 'NONE', #593, 3.550000000000001155 ) ;
#1064 = DIRECTION ( 'NONE',  ( 0.000000000000000000, 0.000000000000000000, -1.000000000000000000 ) ) ;
#1065 = AXIS2_PLACEMENT_3D ( 'NONE', #1780, #1183, #1345 ) ;
#1066 = ORIENTED_EDGE ( 'NONE', *, *, #1474, .F. ) ;
#1067 = AXIS2_PLACEMENT_3D ( 'NONE', #704, #1040, #2213 ) ;
#1068 = CARTESIAN_POINT ( 'NONE',  ( 10.15000000000000391, -4.500000000000000000, -27.77999999999999403 ) ) ;
#1069 = DIRECTION ( 'NONE',  ( -0.000000000000000000, 1.000000000000000000, -0.000000000000000000 ) ) ;
#1070 = ORIENTED_EDGE ( 'NONE', *, *, #290, .F. ) ;
#1071 = CYLINDRICAL_SURFACE ( 'NONE', #125, 3.549999999999999378 ) ;
#1072 = DIRECTION ( 'NONE',  ( 4.163336342344337815E-15, -3.238150488490068519E-14, -1.000000000000000000 ) ) ;
#1073 = EDGE_LOOP ( 'NONE', ( #2370, #1968, #275, #1357 ) ) ;
#1074 = DIRECTION ( 'NONE',  ( -0.000000000000000000, -1.000000000000000000, -0.000000000000000000 ) ) ;
#1075 = DIRECTION ( 'NONE',  ( 0.000000000000000000, 0.000000000000000000, 1.000000000000000000 ) ) ;
#1076 = EDGE_CURVE ( 'NONE', #1228, #1252, #1087, .T. ) ;
#1077 = VERTEX_POINT ( 'NONE', #1258 ) ;
#1078 = CARTESIAN_POINT ( 'NONE',  ( 10.15000000000000391, -6.999999999999999112, -25.37999999999999545 ) ) ;
#1079 = ADVANCED_FACE ( 'NONE', ( #1245 ), #323, .T. ) ;
#1080 = CARTESIAN_POINT ( 'NONE',  ( 5.000000000005310419, 0.4999999999910145765, 0.000000000000000000 ) ) ;
#1081 = ORIENTED_EDGE ( 'NONE', *, *, #1858, .F. ) ;
#1082 = ADVANCED_FACE ( 'NONE', ( #2217 ), #496, .F. ) ;
#1083 = FACE_OUTER_BOUND ( 'NONE', #1151, .T. ) ;
#1084 = CIRCLE ( 'NONE', #1007, 3.250000000000002665 ) ;
#1085 = DIRECTION ( 'NONE',  ( 4.163336342344337815E-15, -3.238150488490068519E-14, -1.000000000000000000 ) ) ;
#1086 = EDGE_LOOP ( 'NONE', ( #1416, #766 ) ) ;
#1087 = LINE ( 'NONE', #685, #1179 ) ;
#1088 = CARTESIAN_POINT ( 'NONE',  ( -10.14999999999999680, -4.500000000000000000, -27.77999999999999758 ) ) ;
#1089 = ORIENTED_EDGE ( 'NONE', *, *, #804, .F. ) ;
#1090 = APPLICATION_PROTOCOL_DEFINITION ( 'draft international standard', 'automotive_design', 1998, #985 ) ;
#1091 = PRODUCT_RELATED_PRODUCT_CATEGORY ( 'part', '', ( #2004 ) ) ;
#1092 = CARTESIAN_POINT ( 'NONE',  ( -7.499999999989818811, 5.460000000000166054, -37.00000000000254374 ) ) ;
#1093 = ORIENTED_EDGE ( 'NONE', *, *, #2312, .T. ) ;
#1094 = VECTOR ( 'NONE', #1239, 1000.000000000000000 ) ;
#1095 = DIRECTION ( 'NONE',  ( 0.000000000000000000, 0.000000000000000000, -1.000000000000000000 ) ) ;
#1096 = FACE_BOUND ( 'NONE', #2443, .T. ) ;
#1097 = CARTESIAN_POINT ( 'NONE',  ( -10.14999999999999858, -7.500000000000000000, -6.500000000000000888 ) ) ;
#1098 = ORIENTED_EDGE ( 'NONE', *, *, #677, .T. ) ;
#1099 = DIRECTION ( 'NONE',  ( -0.000000000000000000, 1.000000000000000000, -0.000000000000000000 ) ) ;
#1100 = AXIS2_PLACEMENT_3D ( 'NONE', #2446, #1853, #2101 ) ;
#1101 = CARTESIAN_POINT ( 'NONE',  ( -2.249999999994690469, 0.4999999999916807103, -9.000000000000000000 ) ) ;
#1102 = CIRCLE ( 'NONE', #1663, 1.899999999999999023 ) ;
#1103 = ORIENTED_EDGE ( 'NONE', *, *, #189, .T. ) ;
#1104 = ADVANCED_FACE ( 'NONE', ( #1433, #140 ), #1648, .T. ) ;
#1105 = AXIS2_PLACEMENT_3D ( 'NONE', #222, #591, #616 ) ;
#1106 = EDGE_LOOP ( 'NONE', ( #1593, #2211, #2283, #524 ) ) ;
#1107 = AXIS2_PLACEMENT_3D ( 'NONE', #1431, #2025, #320 ) ;
#1108 = DIRECTION ( 'NONE',  ( 4.163336342344337815E-15, -3.238150488490068519E-14, -1.000000000000000000 ) ) ;
#1109 = ADVANCED_FACE ( 'NONE', ( #877 ), #1460, .F. ) ;
#1110 = FACE_OUTER_BOUND ( 'NONE', #1799, .T. ) ;
#1111 = AXIS2_PLACEMENT_3D ( 'NONE', #2279, #950, #1897 ) ;
#1112 = DIRECTION ( 'NONE',  ( 0.000000000000000000, 1.000000000000000000, -3.322850601871067466E-14 ) ) ;
#1113 = EDGE_LOOP ( 'NONE', ( #2045, #1834 ) ) ;
#1114 = EDGE_CURVE ( 'NONE', #911, #1637, #1622, .T. ) ;
#1115 = EDGE_CURVE ( 'NONE', #899, #2350, #77, .T. ) ;
#1116 = DIRECTION ( 'NONE',  ( 1.000000000000000000, 0.000000000000000000, 0.000000000000000000 ) ) ;
#1117 = DIRECTION ( 'NONE',  ( 2.891205793308218138E-17, 1.000000000000000000, -3.238150488490068519E-14 ) ) ;
#1118 = CARTESIAN_POINT ( 'NONE',  ( -1.301042606988258002E-16, 11.55238815542429798, -47.00000000000224532 ) ) ;
#1119 = ORIENTED_EDGE ( 'NONE', *, *, #823, .T. ) ;
#1120 = DIRECTION ( 'NONE',  ( 0.000000000000000000, 0.000000000000000000, 1.000000000000000000 ) ) ;
#1121 = ORIENTED_EDGE ( 'NONE', *, *, #2000, .F. ) ;
#1122 = DIRECTION ( 'NONE',  ( 0.000000000000000000, -0.000000000000000000, -1.000000000000000000 ) ) ;
#1123 = DIRECTION ( 'NONE',  ( -0.000000000000000000, -1.000000000000000000, -0.000000000000000000 ) ) ;
#1124 = CARTESIAN_POINT ( 'NONE',  ( 10.15000000000000213, -7.500000000000000000, -9.999999999999998224 ) ) ;
#1125 = ORIENTED_EDGE ( 'NONE', *, *, #1261, .F. ) ;
#1126 = CARTESIAN_POINT ( 'NONE',  ( 7.500000000010174084, 26.86000000000016286, -37.00000000000317613 ) ) ;
#1127 = DIRECTION ( 'NONE',  ( 0.000000000000000000, 0.000000000000000000, -1.000000000000000000 ) ) ;
#1128 = CYLINDRICAL_SURFACE ( 'NONE', #859, 3.250000000000002665 ) ;
#1129 = ADVANCED_FACE ( 'NONE', ( #346 ), #2030, .T. ) ;
#1130 = VERTEX_POINT ( 'NONE', #902 ) ;
#1131 = AXIS2_PLACEMENT_3D ( 'NONE', #2061, #921, #1685 ) ;
#1132 = CIRCLE ( 'NONE', #270, 2.399999999999999467 ) ;
#1133 = ORIENTED_EDGE ( 'NONE', *, *, #315, .F. ) ;
#1134 = DIRECTION ( 'NONE',  ( 4.163336342344337815E-15, -3.238150488490068519E-14, -1.000000000000000000 ) ) ;
#1135 = CARTESIAN_POINT ( 'NONE',  ( -14.99999999999004530, 31.86000000000008114, 1.054711873393898713E-12 ) ) ;
#1136 = CARTESIAN_POINT ( 'NONE',  ( 6.823245672209413204E-17, 2.359999999999176090, -47.00000000000247269 ) ) ;
#1137 = EDGE_LOOP ( 'NONE', ( #737, #2419, #1586, #1121 ) ) ;
#1138 = FACE_OUTER_BOUND ( 'NONE', #1086, .T. ) ;
#1139 = AXIS2_PLACEMENT_3D ( 'NONE', #896, #2238, #528 ) ;
#1140 = CARTESIAN_POINT ( 'NONE',  ( 2.679059490240698408E-16, -1.640000000000717995, -43.75000000000224532 ) ) ;
#1141 = FACE_OUTER_BOUND ( 'NONE', #566, .T. ) ;
#1142 = CIRCLE ( 'NONE', #709, 3.499999999999999556 ) ;
#1143 = VECTOR ( 'NONE', #2041, 1000.000000000000000 ) ;
#1144 = DIRECTION ( 'NONE',  ( 0.000000000000000000, 0.000000000000000000, 1.000000000000000000 ) ) ;
#1145 = ADVANCED_FACE ( 'NONE', ( #1062 ), #1610, .F. ) ;
#1146 = VERTEX_POINT ( 'NONE', #1473 ) ;
#1147 = ORIENTED_EDGE ( 'NONE', *, *, #668, .F. ) ;
#1148 = DIRECTION ( 'NONE',  ( 0.000000000000000000, 0.000000000000000000, -1.000000000000000000 ) ) ;
#1149 = FACE_OUTER_BOUND ( 'NONE', #687, .T. ) ;
#1150 = LINE ( 'NONE', #1911, #1425 ) ;
#1151 = EDGE_LOOP ( 'NONE', ( #2023, #2072 ) ) ;
#1152 = DIRECTION ( 'NONE',  ( 1.000000000000000000, 0.000000000000000000, 0.000000000000000000 ) ) ;
#1153 = DIRECTION ( 'NONE',  ( 0.000000000000000000, 0.000000000000000000, -1.000000000000000000 ) ) ;
#1154 = PLANE ( 'NONE',  #1738 ) ;
#1155 = LINE ( 'NONE', #1927, #1454 ) ;
#1156 = ORIENTED_EDGE ( 'NONE', *, *, #2127, .F. ) ;
#1157 = VERTEX_POINT ( 'NONE', #2375 ) ;
#1158 = ORIENTED_EDGE ( 'NONE', *, *, #244, .T. ) ;
#1159 = EDGE_CURVE ( 'NONE', #1691, #261, #936, .T. ) ;
#1160 = CYLINDRICAL_SURFACE ( 'NONE', #283, 2.399999999999999467 ) ;
#1161 = CARTESIAN_POINT ( 'NONE',  ( -7.499999999989809929, 7.360000000000027853, -41.25000000000260059 ) ) ;
#1162 = EDGE_LOOP ( 'NONE', ( #500, #425, #1557, #1930 ) ) ;
#1163 = EDGE_CURVE ( 'NONE', #967, #161, #2050, .T. ) ;
#1164 = DIRECTION ( 'NONE',  ( 0.000000000000000000, -1.000000000000000000, 3.236801821064596394E-14 ) ) ;
#1165 = DIRECTION ( 'NONE',  ( 0.000000000000000000, 1.000000000000000000, -3.322850601871067466E-14 ) ) ;
#1166 = DIRECTION ( 'NONE',  ( 0.000000000000000000, 0.000000000000000000, 1.000000000000000000 ) ) ;
#1167 = FACE_OUTER_BOUND ( 'NONE', #2380, .T. ) ;
#1168 = ORIENTED_EDGE ( 'NONE', *, *, #181, .T. ) ;
#1169 = ORIENTED_EDGE ( 'NONE', *, *, #56, .F. ) ;
#1170 = EDGE_LOOP ( 'NONE', ( #1803, #139, #1453, #1912 ) ) ;
#1171 = CARTESIAN_POINT ( 'NONE',  ( 7.500000000010182966, 24.96000000000002217, -41.25000000000311218 ) ) ;
#1172 = EDGE_CURVE ( 'NONE', #1328, #93, #2452, .T. ) ;
#1173 = CARTESIAN_POINT ( 'NONE',  ( -10.14999999999999680, -7.500000000000000000, -24.28000000000000114 ) ) ;
#1174 = ORIENTED_EDGE ( 'NONE', *, *, #912, .T. ) ;
#1175 = CARTESIAN_POINT ( 'NONE',  ( 7.500000000010190959, 26.86000000000002430, -41.25000000000317613 ) ) ;
#1176 = CARTESIAN_POINT ( 'NONE',  ( -4.999999999994690469, 0.4999999999916807103, -9.000000000000000000 ) ) ;
#1177 = AXIS2_PLACEMENT_3D ( 'NONE', #17, #790, #444 ) ;
#1178 = CARTESIAN_POINT ( 'NONE',  ( -10.14999999999999680, -6.999999999999999112, -25.37999999999999901 ) ) ;
#1179 = VECTOR ( 'NONE', #1074, 1000.000000000000000 ) ;
#1180 = VERTEX_POINT ( 'NONE', #2002 ) ;
#1181 = VECTOR ( 'NONE', #179, 1000.000000000000000 ) ;
#1182 = ORIENTED_EDGE ( 'NONE', *, *, #1629, .T. ) ;
#1183 = DIRECTION ( 'NONE',  ( 4.163336342344337815E-15, -3.238150488490068519E-14, -1.000000000000000000 ) ) ;
#1184 = CARTESIAN_POINT ( 'NONE',  ( -2.797241605012601440E-14, 31.86000000000027654, 0.000000000000000000 ) ) ;
#1185 = VERTEX_POINT ( 'NONE', #2450 ) ;
#1186 = CARTESIAN_POINT ( 'NONE',  ( 10.15000000000000391, -7.500000000000000000, -26.27999999999999758 ) ) ;
#1187 = VECTOR ( 'NONE', #606, 1000.000000000000000 ) ;
#1188 = EDGE_CURVE ( 'NONE', #2144, #352, #195, .T. ) ;
#1189 = DIRECTION ( 'NONE',  ( -4.163336342344337815E-15, 3.238150488490068519E-14, 1.000000000000000000 ) ) ;
#1190 = ADVANCED_FACE ( 'NONE', ( #1538 ), #1871, .T. ) ;
#1191 = CIRCLE ( 'NONE', #1067, 3.250000000000002665 ) ;
#1192 = EDGE_CURVE ( 'NONE', #760, #132, #386, .T. ) ;
#1193 = DIRECTION ( 'NONE',  ( -0.000000000000000000, -1.000000000000000000, -0.000000000000000000 ) ) ;
#1194 = AXIS2_PLACEMENT_3D ( 'NONE', #764, #2461, #1481 ) ;
#1195 = ORIENTED_EDGE ( 'NONE', *, *, #584, .T. ) ;
#1196 = ORIENTED_EDGE ( 'NONE', *, *, #2182, .T. ) ;
#1197 = DIRECTION ( 'NONE',  ( 0.000000000000000000, 0.000000000000000000, -1.000000000000000000 ) ) ;
#1198 = FACE_OUTER_BOUND ( 'NONE', #2062, .T. ) ;
#1199 = VERTEX_POINT ( 'NONE', #2065 ) ;
#1200 = CARTESIAN_POINT ( 'NONE',  ( -7.499999999989825916, 26.86000000000016641, -37.00000000000324007 ) ) ;
#1201 = CARTESIAN_POINT ( 'NONE',  ( -7.499999999989807264, 3.810000000000005382, -42.00000000000248690 ) ) ;
#1202 = CARTESIAN_POINT ( 'NONE',  ( 7.500000000010190959, 30.41000000000002146, -41.25000000000328981 ) ) ;
#1203 = ORIENTED_EDGE ( 'NONE', *, *, #2334, .T. ) ;
#1204 = EDGE_CURVE ( 'NONE', #261, #1691, #2216, .T. ) ;
#1205 = EDGE_LOOP ( 'NONE', ( #421, #2221, #2122, #590 ) ) ;
#1206 = VERTEX_POINT ( 'NONE', #1524 ) ;
#1207 = CARTESIAN_POINT ( 'NONE',  ( -1.301042606988118965E-16, -4.500000000000000000, -61.00000000000224532 ) ) ;
#1208 = CARTESIAN_POINT ( 'NONE',  ( -7.499999999989808153, 26.86000000000002785, -41.25000000000323297 ) ) ;
#1209 = VERTEX_POINT ( 'NONE', #951 ) ;
#1210 = DIRECTION ( 'NONE',  ( -1.000000000000000000, -2.185751579730776939E-16, -4.012388294880042672E-15 ) ) ;
#1211 = AXIS2_PLACEMENT_3D ( 'NONE', #112, #860, #2388 ) ;
#1212 = CYLINDRICAL_SURFACE ( 'NONE', #1446, 1.899999999999999023 ) ;
#1213 = CARTESIAN_POINT ( 'NONE',  ( 7.500000000010172307, 5.460000000000164277, -37.00000000000247979 ) ) ;
#1214 = ORIENTED_EDGE ( 'NONE', *, *, #601, .F. ) ;
#1215 = EDGE_CURVE ( 'NONE', #1760, #1923, #1692, .T. ) ;
#1216 = ADVANCED_FACE ( 'NONE', ( #758 ), #2251, .T. ) ;
#1217 = EDGE_LOOP ( 'NONE', ( #1147, #107, #814, #1753 ) ) ;
#1218 = DIRECTION ( 'NONE',  ( -0.000000000000000000, -1.000000000000000000, -0.000000000000000000 ) ) ;
#1219 = CARTESIAN_POINT ( 'NONE',  ( -5.889845640582574068E-17, -9.449747468305949027, -48.75000000000208900 ) ) ;
#1220 = CIRCLE ( 'NONE', #1411, 2.399999999999999467 ) ;
#1221 = ORIENTED_EDGE ( 'NONE', *, *, #2442, .F. ) ;
#1222 = DIRECTION ( 'NONE',  ( 0.000000000000000000, 1.000000000000000000, -3.286844480798159880E-14 ) ) ;
#1223 =( GEOMETRIC_REPRESENTATION_CONTEXT ( 3 ) GLOBAL_UNCERTAINTY_ASSIGNED_CONTEXT ( ( #1287 ) ) GLOBAL_UNIT_ASSIGNED_CONTEXT ( ( #327, #487, #183 ) ) REPRESENTATION_CONTEXT ( 'NONE', 'WORKASPACE' ) );
#1224 = CARTESIAN_POINT ( 'NONE',  ( -10.14999999999999858, -4.500000000000000000, -10.00000000000000000 ) ) ;
#1225 = MECHANICAL_DESIGN_GEOMETRIC_PRESENTATION_REPRESENTATION (  '', ( #1820 ), #1945 ) ;
#1226 = CARTESIAN_POINT ( 'NONE',  ( -1.301042606988258002E-16, 11.55238815542429798, -50.25000000000225242 ) ) ;
#1227 = CARTESIAN_POINT ( 'NONE',  ( 7.500000000010189183, 9.260000000000026432, -41.25000000000260059 ) ) ;
#1228 = VERTEX_POINT ( 'NONE', #582 ) ;
#1229 = DIRECTION ( 'NONE',  ( 0.000000000000000000, 1.000000000000000000, -3.322850601871069359E-14 ) ) ;
#1230 = CARTESIAN_POINT ( 'NONE',  ( 10.15000000000000213, -6.999999999999999112, -9.999999999999998224 ) ) ;
#1231 = EDGE_CURVE ( 'NONE', #1044, #641, #861, .T. ) ;
#1232 = DIRECTION ( 'NONE',  ( 0.000000000000000000, 1.000000000000000000, -3.238150488490068519E-14 ) ) ;
#1233 = FACE_BOUND ( 'NONE', #1465, .T. ) ;
#1234 = DIRECTION ( 'NONE',  ( 0.000000000000000000, -0.000000000000000000, -1.000000000000000000 ) ) ;
#1235 = ADVANCED_FACE ( 'NONE', ( #409 ), #1322, .F. ) ;
#1236 = DIRECTION ( 'NONE',  ( 0.000000000000000000, -3.234020194499616145E-14, -1.000000000000000000 ) ) ;
#1237 = EDGE_CURVE ( 'NONE', #1816, #127, #2107, .T. ) ;
#1238 = EDGE_LOOP ( 'NONE', ( #1944, #441, #1313, #2344, #2243, #2457 ) ) ;
#1239 = DIRECTION ( 'NONE',  ( -0.000000000000000000, -0.000000000000000000, 1.000000000000000000 ) ) ;
#1240 = ORIENTED_EDGE ( 'NONE', *, *, #271, .F. ) ;
#1241 = PRODUCT_DEFINITION_SHAPE ( 'NONE', 'NONE',  #1537 ) ;
#1242 = DIRECTION ( 'NONE',  ( 4.163336342344337815E-15, -3.238150488490068519E-14, -1.000000000000000000 ) ) ;
#1243 = FACE_BOUND ( 'NONE', #390, .T. ) ;
#1244 = EDGE_LOOP ( 'NONE', ( #1388, #875 ) ) ;
#1245 = FACE_OUTER_BOUND ( 'NONE', #1238, .T. ) ;
#1246 = CARTESIAN_POINT ( 'NONE',  ( -9.500000000000000000, -4.500000000000000000, -53.02379604163095905 ) ) ;
#1247 = AXIS2_PLACEMENT_3D ( 'NONE', #2241, #2427, #1280 ) ;
#1248 = VERTEX_POINT ( 'NONE', #2118 ) ;
#1249 = DIRECTION ( 'NONE',  ( 4.163336342344337815E-15, -3.238150488490068519E-14, -1.000000000000000000 ) ) ;
#1250 = VECTOR ( 'NONE', #1548, 1000.000000000000000 ) ;
#1251 = DIRECTION ( 'NONE',  ( -0.000000000000000000, 1.000000000000000000, -0.000000000000000000 ) ) ;
#1252 = VERTEX_POINT ( 'NONE', #768 ) ;
#1253 = AXIS2_PLACEMENT_3D ( 'NONE', #1351, #437, #2343 ) ;
#1254 = CARTESIAN_POINT ( 'NONE',  ( 15.00000000000958877, 2.359999999999337295, -42.00000000000234479 ) ) ;
#1255 = DIRECTION ( 'NONE',  ( -0.000000000000000000, 1.000000000000000000, -0.000000000000000000 ) ) ;
#1256 = ORIENTED_EDGE ( 'NONE', *, *, #1204, .F. ) ;
#1257 = ADVANCED_FACE ( 'NONE', ( #399 ), #10, .F. ) ;
#1258 = CARTESIAN_POINT ( 'NONE',  ( -10.14999999999999858, -4.500000000000000000, -8.499999999999998224 ) ) ;
#1259 = CARTESIAN_POINT ( 'NONE',  ( 6.823245672209489625E-17, 2.359999999998722675, -61.00000000000246558 ) ) ;
#1260 = AXIS2_PLACEMENT_3D ( 'NONE', #883, #2420, #298 ) ;
#1261 = EDGE_CURVE ( 'NONE', #1228, #1743, #360, .T. ) ;
#1262 = ORIENTED_EDGE ( 'NONE', *, *, #387, .F. ) ;
#1263 = FACE_BOUND ( 'NONE', #786, .T. ) ;
#1264 = LINE ( 'NONE', #525, #508 ) ;
#1265 = ORIENTED_EDGE ( 'NONE', *, *, #435, .F. ) ;
#1266 = DIRECTION ( 'NONE',  ( 0.000000000000000000, -1.000000000000000000, 0.000000000000000000 ) ) ;
#1267 = CARTESIAN_POINT ( 'NONE',  ( 7.500000000010190959, 26.86000000000002430, -41.25000000000317613 ) ) ;
#1268 = EDGE_LOOP ( 'NONE', ( #1098, #983, #48, #2113 ) ) ;
#1269 = CARTESIAN_POINT ( 'NONE',  ( -14.99999999998970601, 2.359999999998561027, -66.00000000000247269 ) ) ;
#1270 = LINE ( 'NONE', #1101, #1143 ) ;
#1271 = EDGE_CURVE ( 'NONE', #1286, #831, #633, .T. ) ;
#1272 = ORIENTED_EDGE ( 'NONE', *, *, #2168, .T. ) ;
#1273 = SHAPE_DEFINITION_REPRESENTATION ( #1241, #2018 ) ;
#1274 = DIRECTION ( 'NONE',  ( 2.891205793308218754E-17, 1.000000000000000000, -3.238150488490068519E-14 ) ) ;
#1275 = ORIENTED_EDGE ( 'NONE', *, *, #1459, .T. ) ;
#1276 = CARTESIAN_POINT ( 'NONE',  ( 7.500000000010174084, 26.86000000000016286, -37.00000000000317613 ) ) ;
#1277 = DIRECTION ( 'NONE',  ( 4.163336342344337815E-15, -3.238150488490068519E-14, -1.000000000000000000 ) ) ;
#1278 = DIRECTION ( 'NONE',  ( -2.891205793308218138E-17, -1.000000000000000000, 3.238150488490068519E-14 ) ) ;
#1279 = ORIENTED_EDGE ( 'NONE', *, *, #87, .F. ) ;
#1280 = DIRECTION ( 'NONE',  ( 0.000000000000000000, 0.000000000000000000, -1.000000000000000000 ) ) ;
#1281 = EDGE_CURVE ( 'NONE', #1130, #856, #2342, .T. ) ;
#1282 = LINE ( 'NONE', #1461, #312 ) ;
#1283 = ORIENTED_EDGE ( 'NONE', *, *, #992, .F. ) ;
#1284 = ADVANCED_FACE ( 'NONE', ( #1498 ), #2081, .F. ) ;
#1285 = EDGE_CURVE ( 'NONE', #846, #58, #2280, .T. ) ;
#1286 = VERTEX_POINT ( 'NONE', #1140 ) ;
#1287 = UNCERTAINTY_MEASURE_WITH_UNIT (LENGTH_MEASURE( 1.000000000000000082E-05 ), #327, 'distance_accuracy_value', 'NONE');
#1288 = VECTOR ( 'NONE', #1490, 1000.000000000000000 ) ;
#1289 = CARTESIAN_POINT ( 'NONE',  ( -4.741577501023377379E-17, -1.640000000001276659, -61.00000000000233769 ) ) ;
#1290 = DIRECTION ( 'NONE',  ( 4.163336342344337815E-15, -3.238150488490068519E-14, -1.000000000000000000 ) ) ;
#1291 = VECTOR ( 'NONE', #207, 1000.000000000000000 ) ;
#1292 = CARTESIAN_POINT ( 'NONE',  ( 15.00000000001019806, 31.85999999999999943, -42.00000000000270006 ) ) ;
#1293 = ORIENTED_EDGE ( 'NONE', *, *, #1413, .F. ) ;
#1294 = DIRECTION ( 'NONE',  ( 0.000000000000000000, 0.000000000000000000, 1.000000000000000000 ) ) ;
#1295 = VECTOR ( 'NONE', #753, 1000.000000000000000 ) ;
#1296 = DIRECTION ( 'NONE',  ( 0.000000000000000000, -1.000000000000000000, 0.000000000000000000 ) ) ;
#1297 = AXIS2_PLACEMENT_3D ( 'NONE', #175, #369, #2460 ) ;
#1298 = CARTESIAN_POINT ( 'NONE',  ( 15.00000000000969003, 2.359999999998560138, -66.00000000000234479 ) ) ;
#1299 = ORIENTED_EDGE ( 'NONE', *, *, #780, .F. ) ;
#1300 = AXIS2_PLACEMENT_3D ( 'NONE', #789, #2135, #430 ) ;
#1301 = EDGE_LOOP ( 'NONE', ( #2185, #1721 ) ) ;
#1302 = AXIS2_PLACEMENT_3D ( 'NONE', #211, #946, #1095 ) ;
#1303 = FACE_OUTER_BOUND ( 'NONE', #1482, .T. ) ;
#1304 = LINE ( 'NONE', #1480, #1739 ) ;
#1305 = VECTOR ( 'NONE', #1318, 1000.000000000000000 ) ;
#1306 = DIRECTION ( 'NONE',  ( -0.000000000000000000, -1.000000000000000000, -0.000000000000000000 ) ) ;
#1307 = EDGE_CURVE ( 'NONE', #2053, #1157, #1051, .T. ) ;
#1308 = ORIENTED_EDGE ( 'NONE', *, *, #494, .T. ) ;
#1309 = CARTESIAN_POINT ( 'NONE',  ( -4.999999999994690469, 0.4999999999916807103, -9.000000000000000000 ) ) ;
#1310 = DIRECTION ( 'NONE',  ( 0.000000000000000000, 0.000000000000000000, -1.000000000000000000 ) ) ;
#1311 = CARTESIAN_POINT ( 'NONE',  ( -7.499999999989807264, 3.810000000000028919, -41.25000000000248690 ) ) ;
#1312 = EDGE_CURVE ( 'NONE', #1228, #1991, #36, .T. ) ;
#1313 = ORIENTED_EDGE ( 'NONE', *, *, #1642, .T. ) ;
#1314 = ADVANCED_FACE ( 'NONE', ( #2327 ), #471, .T. ) ;
#1315 = VERTEX_POINT ( 'NONE', #1404 ) ;
#1316 = CARTESIAN_POINT ( 'NONE',  ( 15.00000000000969003, 2.359999999998560138, -66.00000000000234479 ) ) ;
#1317 = LINE ( 'NONE', #909, #2059 ) ;
#1318 = DIRECTION ( 'NONE',  ( 4.352963302312044652E-15, 6.938893903907217592E-18, -1.000000000000000000 ) ) ;
#1319 = ORIENTED_EDGE ( 'NONE', *, *, #2410, .T. ) ;
#1320 = VECTOR ( 'NONE', #1712, 1000.000000000000000 ) ;
#1321 = DIRECTION ( 'NONE',  ( 0.000000000000000000, 0.000000000000000000, -1.000000000000000000 ) ) ;
#1322 = CYLINDRICAL_SURFACE ( 'NONE', #118, 1.899999999999999023 ) ;
#1323 = CARTESIAN_POINT ( 'NONE',  ( 7.500000000010194512, 30.41000000000000014, -42.00000000000328981 ) ) ;
#1324 = DIRECTION ( 'NONE',  ( 0.000000000000000000, 0.000000000000000000, 1.000000000000000000 ) ) ;
#1325 = EDGE_LOOP ( 'NONE', ( #929, #2159 ) ) ;
#1326 = AXIS2_PLACEMENT_3D ( 'NONE', #493, #331, #1818 ) ;
#1327 = VECTOR ( 'NONE', #2362, 1000.000000000000000 ) ;
#1328 = VERTEX_POINT ( 'NONE', #1576 ) ;
#1329 = CARTESIAN_POINT ( 'NONE',  ( 10.15000000000000213, -7.500000000000000000, -9.999999999999998224 ) ) ;
#1330 = FACE_OUTER_BOUND ( 'NONE', #2360, .T. ) ;
#1331 = CARTESIAN_POINT ( 'NONE',  ( 10.15000000000000213, -7.500000000000000000, -13.49999999999999822 ) ) ;
#1332 = ORIENTED_EDGE ( 'NONE', *, *, #982, .F. ) ;
#1333 = CYLINDRICAL_SURFACE ( 'NONE', #2284, 2.750000000000000000 ) ;
#1334 = CIRCLE ( 'NONE', #1652, 2.750000000000000000 ) ;
#1335 = DIRECTION ( 'NONE',  ( 4.163336342344337815E-15, -3.238150488490068519E-14, -1.000000000000000000 ) ) ;
#1336 = CARTESIAN_POINT ( 'NONE',  ( -10.14999999999999858, -4.500000000000000000, -10.00000000000000000 ) ) ;
#1337 = CIRCLE ( 'NONE', #1613, 3.549999999999999378 ) ;
#1338 = VECTOR ( 'NONE', #2032, 1000.000000000000000 ) ;
#1339 = LINE ( 'NONE', #1740, #1291 ) ;
#1340 = VERTEX_POINT ( 'NONE', #1201 ) ;
#1341 = EDGE_CURVE ( 'NONE', #520, #1248, #1487, .T. ) ;
#1342 = VERTEX_POINT ( 'NONE', #2176 ) ;
#1343 = ADVANCED_FACE ( 'NONE', ( #1787 ), #1212, .F. ) ;
#1344 = ORIENTED_EDGE ( 'NONE', *, *, #1943, .F. ) ;
#1345 = DIRECTION ( 'NONE',  ( 0.000000000000000000, 1.000000000000000000, -3.322850601871067466E-14 ) ) ;
#1346 = FACE_OUTER_BOUND ( 'NONE', #1631, .T. ) ;
#1347 = ORIENTED_EDGE ( 'NONE', *, *, #677, .F. ) ;
#1348 = CARTESIAN_POINT ( 'NONE',  ( -10.04999999999000693, 31.86000000000004206, 1.137978600240785454E-12 ) ) ;
#1349 = CARTESIAN_POINT ( 'NONE',  ( 10.15000000000000391, -7.500000000000000000, -27.77999999999999403 ) ) ;
#1350 = DIRECTION ( 'NONE',  ( -4.163336342344337815E-15, 3.238150488490068519E-14, 1.000000000000000000 ) ) ;
#1351 = CARTESIAN_POINT ( 'NONE',  ( 10.15000000000000391, -7.500000000000000000, -27.77999999999999403 ) ) ;
#1352 = ORIENTED_EDGE ( 'NONE', *, *, #724, .F. ) ;
#1353 = EDGE_CURVE ( 'NONE', #1180, #93, #436, .T. ) ;
#1354 = ORIENTED_EDGE ( 'NONE', *, *, #2070, .F. ) ;
#1355 = DIRECTION ( 'NONE',  ( 0.000000000000000000, -1.000000000000000000, 0.000000000000000000 ) ) ;
#1356 = LINE ( 'NONE', #2125, #505 ) ;
#1357 = ORIENTED_EDGE ( 'NONE', *, *, #1554, .T. ) ;
#1358 = DIRECTION ( 'NONE',  ( 4.163336342344337815E-15, -3.238150488490068519E-14, -1.000000000000000000 ) ) ;
#1359 = CYLINDRICAL_SURFACE ( 'NONE', #2212, 1.500000000000001332 ) ;
#1360 = CARTESIAN_POINT ( 'NONE',  ( 6.823245672209489625E-17, 2.359999999998779519, -59.25000000000246558 ) ) ;
#1361 = ADVANCED_FACE ( 'NONE', ( #993 ), #266, .F. ) ;
#1362 = LINE ( 'NONE', #1178, #747 ) ;
#1363 = VERTEX_POINT ( 'NONE', #257 ) ;
#1364 = VERTEX_POINT ( 'NONE', #1003 ) ;
#1365 = VERTEX_POINT ( 'NONE', #2164 ) ;
#1366 = CARTESIAN_POINT ( 'NONE',  ( 10.15000000000000213, -6.999999999999999112, -9.999999999999998224 ) ) ;
#1367 = EDGE_CURVE ( 'NONE', #721, #2395, #1132, .T. ) ;
#1368 = CARTESIAN_POINT ( 'NONE',  ( -10.14999999999999858, -6.999999999999999112, -7.600000000000000533 ) ) ;
#1369 = ORIENTED_EDGE ( 'NONE', *, *, #2464, .F. ) ;
#1370 = EDGE_CURVE ( 'NONE', #2336, #2267, #1735, .T. ) ;
#1371 = DIRECTION ( 'NONE',  ( 0.000000000000000000, 3.246411076470879234E-14, 1.000000000000000000 ) ) ;
#1372 = AXIS2_PLACEMENT_3D ( 'NONE', #2291, #373, #1153 ) ;
#1373 = DIRECTION ( 'NONE',  ( -0.000000000000000000, 1.000000000000000000, -0.000000000000000000 ) ) ;
#1374 = AXIS2_PLACEMENT_3D ( 'NONE', #881, #2007, #1640 ) ;
#1375 = CARTESIAN_POINT ( 'NONE',  ( -7.499999999989809929, 7.360000000000027853, -41.25000000000260059 ) ) ;
#1376 = ORIENTED_EDGE ( 'NONE', *, *, #356, .F. ) ;
#1377 = VECTOR ( 'NONE', #712, 1000.000000000000000 ) ;
#1378 = ORIENTED_EDGE ( 'NONE', *, *, #2252, .T. ) ;
#1379 = DIRECTION ( 'NONE',  ( -0.000000000000000000, -1.000000000000000000, -0.000000000000000000 ) ) ;
#1380 = LINE ( 'NONE', #1173, #897 ) ;
#1381 = ORIENTED_EDGE ( 'NONE', *, *, #1937, .T. ) ;
#1382 = CARTESIAN_POINT ( 'NONE',  ( -14.99999999998970601, -4.500000000001440625, -66.00000000000224532 ) ) ;
#1383 = PRESENTATION_LAYER_ASSIGNMENT (  '', '', ( #1820 ) ) ;
#1384 = EDGE_CURVE ( 'NONE', #882, #1812, #1974, .T. ) ;
#1385 = CARTESIAN_POINT ( 'NONE',  ( 10.15000000000000391, -7.500000000000000000, -27.77999999999999403 ) ) ;
#1386 = CARTESIAN_POINT ( 'NONE',  ( -10.14999999999999858, -7.500000000000000000, -11.50000000000000178 ) ) ;
#1387 = ORIENTED_EDGE ( 'NONE', *, *, #534, .T. ) ;
#1388 = ORIENTED_EDGE ( 'NONE', *, *, #2130, .T. ) ;
#1389 = ORIENTED_EDGE ( 'NONE', *, *, #491, .F. ) ;
#1390 = DIRECTION ( 'NONE',  ( 0.000000000000000000, -1.000000000000000000, 0.000000000000000000 ) ) ;
#1391 = DIRECTION ( 'NONE',  ( -0.000000000000000000, 1.000000000000000000, -0.000000000000000000 ) ) ;
#1392 = DIRECTION ( 'NONE',  ( -0.000000000000000000, -1.000000000000000000, -0.000000000000000000 ) ) ;
#1393 = FACE_OUTER_BOUND ( 'NONE', #1137, .T. ) ;
#1394 = EDGE_CURVE ( 'NONE', #856, #1005, #278, .T. ) ;
#1395 = DIRECTION ( 'NONE',  ( 0.000000000000000000, -1.000000000000000000, 0.000000000000000000 ) ) ;
#1396 = ORIENTED_EDGE ( 'NONE', *, *, #1192, .T. ) ;
#1397 = DIRECTION ( 'NONE',  ( 0.000000000000000000, -1.000000000000000000, 0.000000000000000000 ) ) ;
#1398 = AXIS2_PLACEMENT_3D ( 'NONE', #63, #2128, #1403 ) ;
#1399 = ORIENTED_EDGE ( 'NONE', *, *, #2256, .T. ) ;
#1400 = CARTESIAN_POINT ( 'NONE',  ( 10.15000000000000391, -6.999999999999999112, -27.77999999999999403 ) ) ;
#1401 = CARTESIAN_POINT ( 'NONE',  ( -7.499999999989818811, 5.460000000000028386, -41.25000000000254374 ) ) ;
#1402 = ORIENTED_EDGE ( 'NONE', *, *, #1076, .T. ) ;
#1403 = DIRECTION ( 'NONE',  ( 0.000000000000000000, 0.000000000000000000, -1.000000000000000000 ) ) ;
#1404 = CARTESIAN_POINT ( 'NONE',  ( 10.15000000000000391, -7.500000000000000000, -30.17999999999999616 ) ) ;
#1405 = CARTESIAN_POINT ( 'NONE',  ( -7.499999999989805488, 23.31000000000000583, -42.00000000000311928 ) ) ;
#1406 = DIRECTION ( 'NONE',  ( 2.891205793308218138E-17, 1.000000000000000000, -3.238150488490068519E-14 ) ) ;
#1407 = AXIS2_PLACEMENT_3D ( 'NONE', #1452, #1069, #1429 ) ;
#1408 = AXIS2_PLACEMENT_3D ( 'NONE', #170, #2014, #300 ) ;
#1409 = EDGE_CURVE ( 'NONE', #1252, #882, #646, .T. ) ;
#1410 = ORIENTED_EDGE ( 'NONE', *, *, #1733, .T. ) ;
#1411 = AXIS2_PLACEMENT_3D ( 'NONE', #600, #1539, #385 ) ;
#1412 = FACE_OUTER_BOUND ( 'NONE', #2157, .T. ) ;
#1413 = EDGE_CURVE ( 'NONE', #1743, #655, #2141, .T. ) ;
#1414 = DIRECTION ( 'NONE',  ( 0.000000000000000000, -1.000000000000000000, 0.000000000000000000 ) ) ;
#1415 = CIRCLE ( 'NONE', #1100, 3.500000000000003109 ) ;
#1416 = ORIENTED_EDGE ( 'NONE', *, *, #1500, .T. ) ;
#1417 = LINE ( 'NONE', #2408, #83 ) ;
#1418 = ADVANCED_FACE ( 'NONE', ( #1763 ), #1359, .F. ) ;
#1419 = FACE_OUTER_BOUND ( 'NONE', #285, .T. ) ;
#1420 = AXIS2_PLACEMENT_3D ( 'NONE', #1970, #968, #1582 ) ;
#1421 = ADVANCED_FACE ( 'NONE', ( #1393 ), #423, .F. ) ;
#1422 = CARTESIAN_POINT ( 'NONE',  ( 7.500000000010189183, 7.360000000000026077, -41.25000000000254374 ) ) ;
#1423 = CIRCLE ( 'NONE', #1504, 1.749999999999994671 ) ;
#1424 = DIRECTION ( 'NONE',  ( 0.000000000000000000, 1.000000000000000000, -3.322850601871067466E-14 ) ) ;
#1425 = VECTOR ( 'NONE', #1306, 1000.000000000000000 ) ;
#1426 = ADVANCED_FACE ( 'NONE', ( #2341 ), #2154, .T. ) ;
#1427 = ORIENTED_EDGE ( 'NONE', *, *, #2352, .T. ) ;
#1428 = DIRECTION ( 'NONE',  ( 4.163336342344337815E-15, -3.238150488490068519E-14, -1.000000000000000000 ) ) ;
#1429 = DIRECTION ( 'NONE',  ( 0.000000000000000000, 0.000000000000000000, 1.000000000000000000 ) ) ;
#1430 = ORIENTED_EDGE ( 'NONE', *, *, #2080, .F. ) ;
#1431 = CARTESIAN_POINT ( 'NONE',  ( 10.15000000000000213, -7.500000000000000000, -9.999999999999998224 ) ) ;
#1432 = FACE_BOUND ( 'NONE', #1636, .T. ) ;
#1433 = FACE_BOUND ( 'NONE', #33, .T. ) ;
#1434 = DIRECTION ( 'NONE',  ( 0.000000000000000000, 0.000000000000000000, -1.000000000000000000 ) ) ;
#1435 = ORIENTED_EDGE ( 'NONE', *, *, #494, .F. ) ;
#1436 = AXIS2_PLACEMENT_3D ( 'NONE', #1309, #358, #1116 ) ;
#1437 = CARTESIAN_POINT ( 'NONE',  ( -7.499999999989825916, 26.86000000000016641, -37.00000000000324007 ) ) ;
#1438 = FACE_BOUND ( 'NONE', #811, .T. ) ;
#1439 = ORIENTED_EDGE ( 'NONE', *, *, #2468, .F. ) ;
#1440 = EDGE_CURVE ( 'NONE', #1001, #956, #2094, .T. ) ;
#1441 = CARTESIAN_POINT ( 'NONE',  ( 10.15000000000000213, -6.999999999999999112, -12.39999999999999858 ) ) ;
#1442 = DIRECTION ( 'NONE',  ( 4.163336342344337815E-15, -3.238150488490068519E-14, -1.000000000000000000 ) ) ;
#1443 = ADVANCED_FACE ( 'NONE', ( #848 ), #1620, .T. ) ;
#1444 = ORIENTED_EDGE ( 'NONE', *, *, #1625, .T. ) ;
#1445 = AXIS2_PLACEMENT_3D ( 'NONE', #2397, #1085, #1841 ) ;
#1446 = AXIS2_PLACEMENT_3D ( 'NONE', #78, #610, #808 ) ;
#1447 = DIRECTION ( 'NONE',  ( 0.000000000000000000, -1.000000000000000000, 0.000000000000000000 ) ) ;
#1448 = DIRECTION ( 'NONE',  ( -0.000000000000000000, 1.000000000000000000, -0.000000000000000000 ) ) ;
#1449 = ORIENTED_EDGE ( 'NONE', *, *, #1754, .T. ) ;
#1450 = DIRECTION ( 'NONE',  ( 0.000000000000000000, 0.000000000000000000, -1.000000000000000000 ) ) ;
#1451 = AXIS2_PLACEMENT_3D ( 'NONE', #702, #1792, #2403 ) ;
#1452 = CARTESIAN_POINT ( 'NONE',  ( -10.14999999999999680, -7.500000000000000000, -27.77999999999999758 ) ) ;
#1453 = ORIENTED_EDGE ( 'NONE', *, *, #1312, .T. ) ;
#1454 = VECTOR ( 'NONE', #160, 1000.000000000000000 ) ;
#1455 = CARTESIAN_POINT ( 'NONE',  ( 7.500000000010190959, 26.86000000000002430, -41.25000000000317613 ) ) ;
#1456 = AXIS2_PLACEMENT_3D ( 'NONE', #1485, #2253, #2271 ) ;
#1457 = DIRECTION ( 'NONE',  ( 0.000000000000000000, 1.000000000000000000, -3.322850601871066204E-14 ) ) ;
#1458 = VERTEX_POINT ( 'NONE', #707 ) ;
#1459 = EDGE_CURVE ( 'NONE', #1816, #652, #2001, .T. ) ;
#1460 = CYLINDRICAL_SURFACE ( 'NONE', #628, 1.499999999999997780 ) ;
#1461 = CARTESIAN_POINT ( 'NONE',  ( 2.679059490240779759E-16, 11.55238815542429798, -57.75000000000224532 ) ) ;
#1462 = CIRCLE ( 'NONE', #2424, 1.899999999999999023 ) ;
#1463 = EDGE_LOOP ( 'NONE', ( #462, #2296, #833, #639 ) ) ;
#1464 = CARTESIAN_POINT ( 'NONE',  ( 10.15000000000000391, -7.500000000000000000, -27.77999999999999403 ) ) ;
#1465 = EDGE_LOOP ( 'NONE', ( #1347, #364 ) ) ;
#1466 = UNCERTAINTY_MEASURE_WITH_UNIT (LENGTH_MEASURE( 1.000000000000000082E-05 ), #958, 'distance_accuracy_value', 'NONE');
#1467 = CYLINDRICAL_SURFACE ( 'NONE', #1107, 1.500000000000001332 ) ;
#1468 = EDGE_CURVE ( 'NONE', #937, #1965, #2330, .T. ) ;
#1469 = LINE ( 'NONE', #1135, #1295 ) ;
#1470 = CARTESIAN_POINT ( 'NONE',  ( -10.14999999999999680, -4.500000000000000000, -27.77999999999999758 ) ) ;
#1471 = ORIENTED_EDGE ( 'NONE', *, *, #1036, .F. ) ;
#1472 = ADVANCED_FACE ( 'NONE', ( #2038, #1432 ), #1796, .T. ) ;
#1473 = CARTESIAN_POINT ( 'NONE',  ( -7.499999999989808153, 28.76000000000002643, -41.25000000000329692 ) ) ;
#1474 = EDGE_CURVE ( 'NONE', #197, #1634, #1569, .T. ) ;
#1475 = CARTESIAN_POINT ( 'NONE',  ( 5.000000000005310419, 0.4999999999910145765, -9.000000000000000000 ) ) ;
#1476 = ORIENTED_EDGE ( 'NONE', *, *, #1907, .T. ) ;
#1477 =( LENGTH_UNIT ( ) NAMED_UNIT ( * ) SI_UNIT ( .MILLI., .METRE. ) );
#1478 = ORIENTED_EDGE ( 'NONE', *, *, #1281, .T. ) ;
#1479 = CARTESIAN_POINT ( 'NONE',  ( -10.14999999999999680, -6.999999999999999112, -27.77999999999999758 ) ) ;
#1480 = CARTESIAN_POINT ( 'NONE',  ( -7.749999999994689581, 0.4999999999916810434, -9.000000000000000000 ) ) ;
#1481 = DIRECTION ( 'NONE',  ( 0.000000000000000000, 0.000000000000000000, -1.000000000000000000 ) ) ;
#1482 = EDGE_LOOP ( 'NONE', ( #269, #535 ) ) ;
#1483 = DIRECTION ( 'NONE',  ( 4.163336342344337815E-15, -3.238150488490068519E-14, -1.000000000000000000 ) ) ;
#1484 = CARTESIAN_POINT ( 'NONE',  ( 7.500000000010174084, 26.86000000000016286, -37.00000000000317613 ) ) ;
#1485 = CARTESIAN_POINT ( 'NONE',  ( -9.500000000000000000, -4.500000000000000000, -53.02379604163095905 ) ) ;
#1486 = ORIENTED_EDGE ( 'NONE', *, *, #56, .T. ) ;
#1487 = CIRCLE ( 'NONE', #1647, 3.499999999999999556 ) ;
#1488 = EDGE_LOOP ( 'NONE', ( #1838, #1650 ) ) ;
#1489 = DIRECTION ( 'NONE',  ( 0.000000000000000000, 1.000000000000000000, -3.322850601871067466E-14 ) ) ;
#1490 = DIRECTION ( 'NONE',  ( -0.000000000000000000, 1.000000000000000000, -0.000000000000000000 ) ) ;
#1491 = AXIS2_PLACEMENT_3D ( 'NONE', #710, #311, #1234 ) ;
#1492 = DIRECTION ( 'NONE',  ( 0.000000000000000000, 1.000000000000000000, -3.322850601871067466E-14 ) ) ;
#1493 = ORIENTED_EDGE ( 'NONE', *, *, #415, .F. ) ;
#1494 = CARTESIAN_POINT ( 'NONE',  ( -14.99999999999058353, -4.499999999999665157, -2.082657505654688069E-14 ) ) ;
#1495 = AXIS2_PLACEMENT_3D ( 'NONE', #1822, #2366, #1601 ) ;
#1496 = ADVANCED_FACE ( 'NONE', ( #694, #1243, #2202, #321, #1048 ), #519, .T. ) ;
#1497 = AXIS2_PLACEMENT_3D ( 'NONE', #22, #781, #1165 ) ;
#1498 = FACE_OUTER_BOUND ( 'NONE', #1934, .T. ) ;
#1499 = CARTESIAN_POINT ( 'NONE',  ( -10.04999999998999272, 4.499999999999999112, 0.000000000000000000 ) ) ;
#1500 = EDGE_CURVE ( 'NONE', #1180, #663, #146, .T. ) ;
#1501 = EDGE_LOOP ( 'NONE', ( #445, #210, #1544, #2444 ) ) ;
#1502 = VECTOR ( 'NONE', #642, 1000.000000000000000 ) ;
#1503 = ORIENTED_EDGE ( 'NONE', *, *, #804, .T. ) ;
#1504 = AXIS2_PLACEMENT_3D ( 'NONE', #1289, #563, #2058 ) ;
#1505 = FILL_AREA_STYLE_COLOUR ( '', #864 ) ;
#1506 = CARTESIAN_POINT ( 'NONE',  ( -7.499999999989827693, 7.360000000000165521, -37.00000000000260769 ) ) ;
#1507 = CIRCLE ( 'NONE', #560, 3.250000000000002665 ) ;
#1508 = DIRECTION ( 'NONE',  ( 0.000000000000000000, 3.246411076470879234E-14, 1.000000000000000000 ) ) ;
#1509 = ORIENTED_EDGE ( 'NONE', *, *, #1023, .T. ) ;
#1510 = DIRECTION ( 'NONE',  ( 0.000000000000000000, 1.000000000000000000, -3.322850601871066204E-14 ) ) ;
#1511 = DIRECTION ( 'NONE',  ( 0.000000000000000000, 1.000000000000000000, -3.286844480798162405E-14 ) ) ;
#1512 = DIRECTION ( 'NONE',  ( 0.000000000000000000, 1.000000000000000000, -3.238150488490068519E-14 ) ) ;
#1513 = DIRECTION ( 'NONE',  ( -0.000000000000000000, -1.000000000000000000, -0.000000000000000000 ) ) ;
#1514 = ORIENTED_EDGE ( 'NONE', *, *, #2310, .T. ) ;
#1515 = ORIENTED_EDGE ( 'NONE', *, *, #1992, .T. ) ;
#1516 = FACE_OUTER_BOUND ( 'NONE', #608, .T. ) ;
#1517 = DIRECTION ( 'NONE',  ( -0.000000000000000000, 1.000000000000000000, -0.000000000000000000 ) ) ;
#1518 = DIRECTION ( 'NONE',  ( 0.000000000000000000, -3.238150488490068519E-14, -1.000000000000000000 ) ) ;
#1519 = VERTEX_POINT ( 'NONE', #308 ) ;
#1520 = EDGE_CURVE ( 'NONE', #2240, #1315, #890, .T. ) ;
#1521 = CIRCLE ( 'NONE', #14, 3.499999999999999556 ) ;
#1522 = CYLINDRICAL_SURFACE ( 'NONE', #2192, 1.899999999999999023 ) ;
#1523 = ADVANCED_FACE ( 'NONE', ( #291 ), #874, .F. ) ;
#1524 = CARTESIAN_POINT ( 'NONE',  ( -7.499999999989817034, 24.96000000000016783, -37.00000000000317613 ) ) ;
#1525 = FACE_OUTER_BOUND ( 'NONE', #966, .T. ) ;
#1526 = DIRECTION ( 'NONE',  ( 0.000000000000000000, 0.000000000000000000, -1.000000000000000000 ) ) ;
#1527 = ORIENTED_EDGE ( 'NONE', *, *, #750, .T. ) ;
#1528 = ORIENTED_EDGE ( 'NONE', *, *, #1036, .T. ) ;
#1529 = ORIENTED_EDGE ( 'NONE', *, *, #1937, .F. ) ;
#1530 = CARTESIAN_POINT ( 'NONE',  ( 10.15000000000000391, -7.500000000000000000, -31.27999999999999403 ) ) ;
#1531 = DIRECTION ( 'NONE',  ( 1.000000000000000000, 0.000000000000000000, 0.000000000000000000 ) ) ;
#1532 = DIRECTION ( 'NONE',  ( -0.000000000000000000, -1.000000000000000000, -0.000000000000000000 ) ) ;
#1533 = ORIENTED_EDGE ( 'NONE', *, *, #986, .T. ) ;
#1534 = VECTOR ( 'NONE', #1251, 1000.000000000000000 ) ;
#1535 = DIRECTION ( 'NONE',  ( 0.000000000000000000, -1.000000000000000000, 0.000000000000000000 ) ) ;
#1536 = CIRCLE ( 'NONE', #1021, 2.750000000000000000 ) ;
#1537 = PRODUCT_DEFINITION ( 'UNKNOWN', '', #2064, #1027 ) ;
#1538 = FACE_OUTER_BOUND ( 'NONE', #1592, .T. ) ;
#1539 = DIRECTION ( 'NONE',  ( 0.000000000000000000, -1.000000000000000000, 0.000000000000000000 ) ) ;
#1540 = AXIS2_PLACEMENT_3D ( 'NONE', #2412, #333, #888 ) ;
#1541 = ADVANCED_FACE ( 'NONE', ( #1419 ), #150, .F. ) ;
#1542 = AXIS2_PLACEMENT_3D ( 'NONE', #1702, #746, #559 ) ;
#1543 = CYLINDRICAL_SURFACE ( 'NONE', #821, 1.899999999999999689 ) ;
#1544 = ORIENTED_EDGE ( 'NONE', *, *, #158, .T. ) ;
#1545 = ORIENTED_EDGE ( 'NONE', *, *, #2232, .T. ) ;
#1546 = CIRCLE ( 'NONE', #1985, 1.899999999999999023 ) ;
#1547 = CARTESIAN_POINT ( 'NONE',  ( -9.500000000000001776, 4.499999999999999112, 0.000000000000000000 ) ) ;
#1548 = DIRECTION ( 'NONE',  ( -0.000000000000000000, 1.000000000000000000, -0.000000000000000000 ) ) ;
#1549 = EDGE_LOOP ( 'NONE', ( #404, #853, #2448, #2234 ) ) ;
#1550 = EDGE_CURVE ( 'NONE', #2088, #717, #2292, .T. ) ;
#1551 = LINE ( 'NONE', #422, #515 ) ;
#1552 = DIRECTION ( 'NONE',  ( -6.707597440443656202E-14, -1.000000000000000000, -1.390093435415498632E-28 ) ) ;
#1553 = CARTESIAN_POINT ( 'NONE',  ( -7.499999999989809929, 9.260000000000028209, -41.25000000000266454 ) ) ;
#1554 = EDGE_CURVE ( 'NONE', #2039, #1941, #498, .T. ) ;
#1555 = CARTESIAN_POINT ( 'NONE',  ( 2.247215307067184479E-16, -1.640000000001333280, -62.75000000000233058 ) ) ;
#1556 = ORIENTED_EDGE ( 'NONE', *, *, #134, .T. ) ;
#1557 = ORIENTED_EDGE ( 'NONE', *, *, #57, .T. ) ;
#1558 = ADVANCED_FACE ( 'NONE', ( #1233, #299 ), #1805, .T. ) ;
#1559 = EDGE_CURVE ( 'NONE', #798, #2288, #2210, .T. ) ;
#1560 = EDGE_LOOP ( 'NONE', ( #467, #84, #594, #2245 ) ) ;
#1561 = LINE ( 'NONE', #1931, #2188 ) ;
#1562 = DIRECTION ( 'NONE',  ( -1.000000000000000000, 0.000000000000000000, -9.222765780247858665E-16 ) ) ;
#1563 = EDGE_LOOP ( 'NONE', ( #1756, #332 ) ) ;
#1564 = DIRECTION ( 'NONE',  ( 0.000000000000000000, 0.000000000000000000, -1.000000000000000000 ) ) ;
#1565 = CARTESIAN_POINT ( 'NONE',  ( 7.500000000010172307, 9.260000000000163212, -37.00000000000260769 ) ) ;
#1566 = CARTESIAN_POINT ( 'NONE',  ( 7.500000000010174084, 26.86000000000016286, -37.00000000000317613 ) ) ;
#1567 = ORIENTED_EDGE ( 'NONE', *, *, #691, .F. ) ;
#1568 = ORIENTED_EDGE ( 'NONE', *, *, #387, .T. ) ;
#1569 = CIRCLE ( 'NONE', #1646, 3.550000000000001155 ) ;
#1570 = EDGE_CURVE ( 'NONE', #2229, #182, #66, .T. ) ;
#1571 = CYLINDRICAL_SURFACE ( 'NONE', #2308, 1.499999999999997780 ) ;
#1572 = VECTOR ( 'NONE', #1589, 1000.000000000000000 ) ;
#1573 = CARTESIAN_POINT ( 'NONE',  ( -7.499999999989809929, 7.360000000000027853, -41.25000000000260059 ) ) ;
#1574 = ORIENTED_EDGE ( 'NONE', *, *, #476, .T. ) ;
#1575 = CARTESIAN_POINT ( 'NONE',  ( 15.00000000000969003, -4.500000000001440625, -66.00000000000213163 ) ) ;
#1576 = CARTESIAN_POINT ( 'NONE',  ( 7.500000000010181189, 5.460000000000026610, -41.25000000000247979 ) ) ;
#1577 = DIRECTION ( 'NONE',  ( 0.000000000000000000, 0.000000000000000000, -1.000000000000000000 ) ) ;
#1578 = AXIS2_PLACEMENT_3D ( 'NONE', #516, #339, #907 ) ;
#1579 = ORIENTED_EDGE ( 'NONE', *, *, #2206, .T. ) ;
#1580 = VECTOR ( 'NONE', #940, 1000.000000000000000 ) ;
#1581 = ORIENTED_EDGE ( 'NONE', *, *, #1550, .F. ) ;
#1582 = DIRECTION ( 'NONE',  ( 0.000000000000000000, 1.000000000000000000, -3.322850601871067466E-14 ) ) ;
#1583 = FACE_OUTER_BOUND ( 'NONE', #1106, .T. ) ;
#1584 = AXIS2_PLACEMENT_3D ( 'NONE', #1983, #1249, #2368 ) ;
#1585 = EDGE_CURVE ( 'NONE', #371, #172, #176, .T. ) ;
#1586 = ORIENTED_EDGE ( 'NONE', *, *, #1886, .T. ) ;
#1587 = VECTOR ( 'NONE', #1028, 1000.000000000000000 ) ;
#1588 = CARTESIAN_POINT ( 'NONE',  ( 15.00000000000958877, -4.500000000000663469, -42.00000000000212452 ) ) ;
#1589 = DIRECTION ( 'NONE',  ( 4.163336342344337815E-15, -3.238150488490068519E-14, -1.000000000000000000 ) ) ;
#1590 = DIRECTION ( 'NONE',  ( 0.000000000000000000, 0.000000000000000000, -1.000000000000000000 ) ) ;
#1591 = VERTEX_POINT ( 'NONE', #1292 ) ;
#1592 = EDGE_LOOP ( 'NONE', ( #1256, #1195, #1568, #2321 ) ) ;
#1593 = ORIENTED_EDGE ( 'NONE', *, *, #807, .F. ) ;
#1594 = CARTESIAN_POINT ( 'NONE',  ( 10.15000000000000391, -7.500000000000000000, -25.37999999999999545 ) ) ;
#1595 = DIRECTION ( 'NONE',  ( 0.000000000000000000, 0.000000000000000000, -1.000000000000000000 ) ) ;
#1596 = ORIENTED_EDGE ( 'NONE', *, *, #2070, .T. ) ;
#1597 = CARTESIAN_POINT ( 'NONE',  ( 10.15000000000000213, -7.500000000000000000, -9.999999999999998224 ) ) ;
#1598 = CARTESIAN_POINT ( 'NONE',  ( -10.14999999999999858, -7.500000000000000000, -10.00000000000000000 ) ) ;
#1599 = EDGE_CURVE ( 'NONE', #980, #264, #2404, .T. ) ;
#1600 = CARTESIAN_POINT ( 'NONE',  ( -9.500000000000000000, -4.500000000000000000, 0.000000000000000000 ) ) ;
#1601 = DIRECTION ( 'NONE',  ( 0.000000000000000000, 1.000000000000000000, -3.286844480798161143E-14 ) ) ;
#1602 = ADVANCED_FACE ( 'NONE', ( #1710 ), #380, .F. ) ;
#1603 = ORIENTED_EDGE ( 'NONE', *, *, #310, .F. ) ;
#1604 = DIRECTION ( 'NONE',  ( -0.000000000000000000, 1.000000000000000000, -0.000000000000000000 ) ) ;
#1605 = LINE ( 'NONE', #502, #1534 ) ;
#1606 = ORIENTED_EDGE ( 'NONE', *, *, #1341, .T. ) ;
#1607 = PLANE ( 'NONE',  #250 ) ;
#1608 = DIRECTION ( 'NONE',  ( 2.891205793308218138E-17, 1.000000000000000000, -3.238150488490068519E-14 ) ) ;
#1609 = ADVANCED_FACE ( 'NONE', ( #213 ), #776, .F. ) ;
#1610 = CYLINDRICAL_SURFACE ( 'NONE', #2097, 1.750000000000001554 ) ;
#1611 = DIRECTION ( 'NONE',  ( 4.163336342344337815E-15, -3.238150488490068519E-14, -1.000000000000000000 ) ) ;
#1612 = AXIS2_PLACEMENT_3D ( 'NONE', #643, #1391, #455 ) ;
#1613 = AXIS2_PLACEMENT_3D ( 'NONE', #1954, #1004, #995 ) ;
#1614 = EDGE_LOOP ( 'NONE', ( #1279, #1283 ) ) ;
#1615 = CARTESIAN_POINT ( 'NONE',  ( -2.732116462566126814E-16, -9.449747468305835341, -45.25000000000208900 ) ) ;
#1616 = AXIS2_PLACEMENT_3D ( 'NONE', #2434, #763, #934 ) ;
#1617 = ORIENTED_EDGE ( 'NONE', *, *, #55, .T. ) ;
#1618 = LINE ( 'NONE', #1441, #1904 ) ;
#1619 = AXIS2_PLACEMENT_3D ( 'NONE', #2402, #1639, #679 ) ;
#1620 = CYLINDRICAL_SURFACE ( 'NONE', #931, 3.499999999999999556 ) ;
#1621 = AXIS2_PLACEMENT_3D ( 'NONE', #59, #443, #1197 ) ;
#1622 = LINE ( 'NONE', #1269, #2017 ) ;
#1623 = CARTESIAN_POINT ( 'NONE',  ( -9.500000000000000000, -4.500000000000000000, -53.02379604163095905 ) ) ;
#1624 = VECTOR ( 'NONE', #554, 1000.000000000000000 ) ;
#1625 = EDGE_CURVE ( 'NONE', #1743, #1591, #188, .T. ) ;
#1626 = ADVANCED_FACE ( 'NONE', ( #201, #935 ), #2301, .T. ) ;
#1627 = ORIENTED_EDGE ( 'NONE', *, *, #1642, .F. ) ;
#1628 = DIRECTION ( 'NONE',  ( -0.000000000000000000, 1.000000000000000000, -0.000000000000000000 ) ) ;
#1629 = EDGE_CURVE ( 'NONE', #954, #313, #2103, .T. ) ;
#1630 = DIRECTION ( 'NONE',  ( 0.000000000000000000, 1.000000000000000000, -3.286844480798161143E-14 ) ) ;
#1631 = EDGE_LOOP ( 'NONE', ( #392, #416, #1444, #136, #294, #1308, #1275, #1169 ) ) ;
#1632 = DIRECTION ( 'NONE',  ( 6.707597440443656202E-14, 1.000000000000000000, -3.238150488490040751E-14 ) ) ;
#1633 = DIRECTION ( 'NONE',  ( 4.163336342344337815E-15, -3.238150488490068519E-14, -1.000000000000000000 ) ) ;
#1634 = VERTEX_POINT ( 'NONE', #7 ) ;
#1635 = DIRECTION ( 'NONE',  ( -0.000000000000000000, -1.000000000000000000, -0.000000000000000000 ) ) ;
#1636 = EDGE_LOOP ( 'NONE', ( #507, #1387 ) ) ;
#1637 = VERTEX_POINT ( 'NONE', #1673 ) ;
#1638 = CIRCLE ( 'NONE', #2084, 1.750000000000001554 ) ;
#1639 = DIRECTION ( 'NONE',  ( 0.000000000000000000, -1.000000000000000000, 0.000000000000000000 ) ) ;
#1640 = DIRECTION ( 'NONE',  ( 0.000000000000000000, 0.000000000000000000, -1.000000000000000000 ) ) ;
#1641 = ORIENTED_EDGE ( 'NONE', *, *, #244, .F. ) ;
#1642 = EDGE_CURVE ( 'NONE', #397, #1637, #2447, .T. ) ;
#1643 = PLANE ( 'NONE',  #2228 ) ;
#1644 = DIRECTION ( 'NONE',  ( 5.475220971051797392E-17, -0.000000000000000000, 1.000000000000000000 ) ) ;
#1645 = EDGE_LOOP ( 'NONE', ( #221, #2357, #2049, #2249 ) ) ;
#1646 = AXIS2_PLACEMENT_3D ( 'NONE', #885, #1072, #1457 ) ;
#1647 = AXIS2_PLACEMENT_3D ( 'NONE', #1224, #458, #839 ) ;
#1648 = PLANE ( 'NONE',  #1491 ) ;
#1649 = FACE_BOUND ( 'NONE', #1488, .T. ) ;
#1650 = ORIENTED_EDGE ( 'NONE', *, *, #2338, .F. ) ;
#1651 = PRESENTATION_STYLE_ASSIGNMENT (( #930 ) ) ;
#1652 = AXIS2_PLACEMENT_3D ( 'NONE', #2224, #2172, #2359 ) ;
#1653 = LINE ( 'NONE', #2109, #391 ) ;
#1654 = ORIENTED_EDGE ( 'NONE', *, *, #1353, .F. ) ;
#1655 = CIRCLE ( 'NONE', #2257, 1.750000000000001554 ) ;
#1656 = DIRECTION ( 'NONE',  ( 0.000000000000000000, -0.000000000000000000, -1.000000000000000000 ) ) ;
#1657 = EDGE_CURVE ( 'NONE', #1185, #1941, #740, .T. ) ;
#1658 = CIRCLE ( 'NONE', #1939, 1.750000000000001554 ) ;
#1659 = DIRECTION ( 'NONE',  ( 0.000000000000000000, -1.000000000000000000, 0.000000000000000000 ) ) ;
#1660 = EDGE_CURVE ( 'NONE', #641, #949, #1150, .T. ) ;
#1661 = DIRECTION ( 'NONE',  ( 4.163336342344337815E-15, -3.238150488490068519E-14, -1.000000000000000000 ) ) ;
#1662 = EDGE_LOOP ( 'NONE', ( #151, #1262 ) ) ;
#1663 = AXIS2_PLACEMENT_3D ( 'NONE', #1437, #1428, #701 ) ;
#1664 = CARTESIAN_POINT ( 'NONE',  ( -2.732116462566118925E-16, -9.449747468306346931, -61.00000000000208900 ) ) ;
#1665 = CIRCLE ( 'NONE', #1584, 3.549999999999999378 ) ;
#1666 = DIRECTION ( 'NONE',  ( 4.163336342344337815E-15, -3.238150488490068519E-14, -1.000000000000000000 ) ) ;
#1667 = AXIS2_PLACEMENT_3D ( 'NONE', #256, #806, #1564 ) ;
#1668 = EDGE_LOOP ( 'NONE', ( #1603, #2076 ) ) ;
#1669 = CARTESIAN_POINT ( 'NONE',  ( -9.500000000000000000, -4.500000000000000000, -53.02379604163095905 ) ) ;
#1670 = ORIENTED_EDGE ( 'NONE', *, *, #1409, .T. ) ;
#1671 = CARTESIAN_POINT ( 'NONE',  ( -7.499999999989825916, 24.96000000000016783, -37.00000000000317613 ) ) ;
#1672 = FACE_BOUND ( 'NONE', #2036, .T. ) ;
#1673 = CARTESIAN_POINT ( 'NONE',  ( -14.99999999998994760, 2.359999999999337739, -42.00000000000247269 ) ) ;
#1674 = EDGE_LOOP ( 'NONE', ( #1066, #618 ) ) ;
#1675 = DIRECTION ( 'NONE',  ( 6.707597440443656202E-14, 1.000000000000000000, 1.390093435415498632E-28 ) ) ;
#1676 = CARTESIAN_POINT ( 'NONE',  ( 10.15000000000000213, -4.500000000000000000, -9.999999999999998224 ) ) ;
#1677 = PLANE ( 'NONE',  #1456 ) ;
#1678 = EDGE_CURVE ( 'NONE', #1185, #2083, #128, .T. ) ;
#1679 = EDGE_LOOP ( 'NONE', ( #184, #2126 ) ) ;
#1680 = SURFACE_STYLE_FILL_AREA ( #1906 ) ;
#1681 = ORIENTED_EDGE ( 'NONE', *, *, #2334, .F. ) ;
#1682 = EDGE_CURVE ( 'NONE', #949, #1716, #1507, .T. ) ;
#1683 = LINE ( 'NONE', #1671, #2068 ) ;
#1684 = DIRECTION ( 'NONE',  ( 0.000000000000000000, 3.271192840413404779E-14, 1.000000000000000000 ) ) ;
#1685 = DIRECTION ( 'NONE',  ( 0.000000000000000000, 0.000000000000000000, -1.000000000000000000 ) ) ;
#1686 = EDGE_CURVE ( 'NONE', #1364, #1342, #578, .T. ) ;
#1687 = ORIENTED_EDGE ( 'NONE', *, *, #1625, .F. ) ;
#1688 = CARTESIAN_POINT ( 'NONE',  ( 10.15000000000000391, -7.500000000000000000, -27.77999999999999403 ) ) ;
#1689 = CARTESIAN_POINT ( 'NONE',  ( -2.732116462566118925E-16, -9.449747468306346931, -61.00000000000208900 ) ) ;
#1690 = LINE ( 'NONE', #374, #1377 ) ;
#1691 = VERTEX_POINT ( 'NONE', #1097 ) ;
#1692 = CIRCLE ( 'NONE', #624, 3.499999999999999556 ) ;
#1693 = EDGE_LOOP ( 'NONE', ( #1272, #1777 ) ) ;
#1694 = AXIS2_PLACEMENT_3D ( 'NONE', #2335, #1718, #1922 ) ;
#1695 = SURFACE_SIDE_STYLE ('',( #537 ) ) ;
#1696 = DIRECTION ( 'NONE',  ( 0.000000000000000000, -0.000000000000000000, -1.000000000000000000 ) ) ;
#1697 = CARTESIAN_POINT ( 'NONE',  ( -14.99999999998980194, 4.500000000000004441, -42.00000000000254374 ) ) ;
#1698 = EDGE_LOOP ( 'NONE', ( #1430, #2400, #1009, #819 ) ) ;
#1699 = CARTESIAN_POINT ( 'NONE',  ( -10.14999999999999680, -6.999999999999999112, -27.77999999999999758 ) ) ;
#1700 = AXIS2_PLACEMENT_3D ( 'NONE', #193, #1914, #939 ) ;
#1701 = DIRECTION ( 'NONE',  ( 0.000000000000000000, -3.235926484033656621E-14, -1.000000000000000000 ) ) ;
#1702 = CARTESIAN_POINT ( 'NONE',  ( -10.14999999999999680, -4.500000000000000000, -27.77999999999999758 ) ) ;
#1703 = CIRCLE ( 'NONE', #1619, 3.499999999999999556 ) ;
#1704 = ORIENTED_EDGE ( 'NONE', *, *, #1394, .F. ) ;
#1705 = ADVANCED_FACE ( 'NONE', ( #1854 ), #167, .T. ) ;
#1706 = ORIENTED_EDGE ( 'NONE', *, *, #725, .T. ) ;
#1707 = ADVANCED_FACE ( 'NONE', ( #2075 ), #370, .F. ) ;
#1708 = SURFACE_STYLE_USAGE ( .BOTH. , #1695 ) ;
#1709 = PLANE ( 'NONE',  #1616 ) ;
#1710 = FACE_OUTER_BOUND ( 'NONE', #1776, .T. ) ;
#1711 = ORIENTED_EDGE ( 'NONE', *, *, #1384, .T. ) ;
#1712 = DIRECTION ( 'NONE',  ( -0.000000000000000000, 1.000000000000000000, -0.000000000000000000 ) ) ;
#1713 = CARTESIAN_POINT ( 'NONE',  ( -10.04999999999000693, 31.86000000000004206, 1.137978600240785454E-12 ) ) ;
#1714 = DIRECTION ( 'NONE',  ( 0.000000000000000000, 0.000000000000000000, 1.000000000000000000 ) ) ;
#1715 = FACE_OUTER_BOUND ( 'NONE', #1325, .T. ) ;
#1716 = VERTEX_POINT ( 'NONE', #20 ) ;
#1717 = ORIENTED_EDGE ( 'NONE', *, *, #448, .T. ) ;
#1718 = DIRECTION ( 'NONE',  ( 2.891205793308218138E-17, 1.000000000000000000, -3.238150488490068519E-14 ) ) ;
#1719 = DIRECTION ( 'NONE',  ( 4.163336342344337815E-15, -3.238150488490068519E-14, -1.000000000000000000 ) ) ;
#1720 = ADVANCED_FACE ( 'NONE', ( #1138 ), #756, .T. ) ;
#1721 = ORIENTED_EDGE ( 'NONE', *, *, #668, .T. ) ;
#1722 = FACE_OUTER_BOUND ( 'NONE', #1875, .T. ) ;
#1723 = DIRECTION ( 'NONE',  ( 2.891205793308218138E-17, 1.000000000000000000, -3.238150488490068519E-14 ) ) ;
#1724 = CARTESIAN_POINT ( 'NONE',  ( 10.15000000000000391, -4.500000000000000000, -29.27999999999999403 ) ) ;
#1725 = DIRECTION ( 'NONE',  ( 0.000000000000000000, 0.000000000000000000, 1.000000000000000000 ) ) ;
#1726 = VERTEX_POINT ( 'NONE', #913 ) ;
#1727 = EDGE_CURVE ( 'NONE', #132, #760, #797, .T. ) ;
#1728 = EDGE_LOOP ( 'NONE', ( #2207, #1378, #1742, #1863 ) ) ;
#1729 = CARTESIAN_POINT ( 'NONE',  ( 7.500000000010189183, 7.360000000000026077, -41.25000000000254374 ) ) ;
#1730 = DIRECTION ( 'NONE',  ( 0.000000000000000000, 1.000000000000000000, -3.286844480798159880E-14 ) ) ;
#1731 = ORIENTED_EDGE ( 'NONE', *, *, #1992, .F. ) ;
#1732 = CIRCLE ( 'NONE', #543, 2.399999999999999467 ) ;
#1733 = EDGE_CURVE ( 'NONE', #2331, #1052, #682, .T. ) ;
#1734 = DIRECTION ( 'NONE',  ( 0.000000000000000000, 0.000000000000000000, -1.000000000000000000 ) ) ;
#1735 = LINE ( 'NONE', #243, #382 ) ;
#1736 = ADVANCED_FACE ( 'NONE', ( #2289 ), #1522, .F. ) ;
#1737 = FACE_OUTER_BOUND ( 'NONE', #1928, .T. ) ;
#1738 = AXIS2_PLACEMENT_3D ( 'NONE', #1926, #218, #228 ) ;
#1739 = VECTOR ( 'NONE', #947, 1000.000000000000000 ) ;
#1740 = CARTESIAN_POINT ( 'NONE',  ( -10.04999999999000693, 4.500000000000039080, 1.137978600240785454E-12 ) ) ;
#1741 = EDGE_LOOP ( 'NONE', ( #1034, #357, #2096, #1410 ) ) ;
#1742 = ORIENTED_EDGE ( 'NONE', *, *, #1215, .T. ) ;
#1743 = VERTEX_POINT ( 'NONE', #2449 ) ;
#1744 = AXIS2_PLACEMENT_3D ( 'NONE', #1366, #1390, #1957 ) ;
#1745 = DIRECTION ( 'NONE',  ( 4.163336342344337815E-15, -3.238150488490068519E-14, -1.000000000000000000 ) ) ;
#1746 = DIRECTION ( 'NONE',  ( 4.163336342344337815E-15, -3.238150488490068519E-14, -1.000000000000000000 ) ) ;
#1747 = CIRCLE ( 'NONE', #1302, 1.500000000000001332 ) ;
#1748 = ORIENTED_EDGE ( 'NONE', *, *, #1855, .F. ) ;
#1749 = CYLINDRICAL_SURFACE ( 'NONE', #1667, 3.250000000000002665 ) ;
#1750 = AXIS2_PLACEMENT_3D ( 'NONE', #1913, #1880, #9 ) ;
#1751 = DIRECTION ( 'NONE',  ( -0.000000000000000000, -1.000000000000000000, -0.000000000000000000 ) ) ;
#1752 = CARTESIAN_POINT ( 'NONE',  ( 10.15000000000000391, -6.999999999999999112, -27.77999999999999403 ) ) ;
#1753 = ORIENTED_EDGE ( 'NONE', *, *, #604, .F. ) ;
#1754 = EDGE_CURVE ( 'NONE', #574, #906, #252, .T. ) ;
#1755 = ORIENTED_EDGE ( 'NONE', *, *, #1660, .T. ) ;
#1756 = ORIENTED_EDGE ( 'NONE', *, *, #957, .F. ) ;
#1757 = PLANE ( 'NONE',  #2147 ) ;
#1758 = DIRECTION ( 'NONE',  ( 0.000000000000000000, 0.000000000000000000, 1.000000000000000000 ) ) ;
#1759 = EDGE_CURVE ( 'NONE', #917, #760, #192, .T. ) ;
#1760 = VERTEX_POINT ( 'NONE', #581 ) ;
#1761 = LINE ( 'NONE', #1575, #598 ) ;
#1762 = ADVANCED_FACE ( 'NONE', ( #2250 ), #938, .T. ) ;
#1763 = FACE_OUTER_BOUND ( 'NONE', #1766, .T. ) ;
#1764 = VECTOR ( 'NONE', #446, 1000.000000000000000 ) ;
#1765 = DIRECTION ( 'NONE',  ( 2.891205793308218138E-17, 1.000000000000000000, -3.238150488490068519E-14 ) ) ;
#1766 = EDGE_LOOP ( 'NONE', ( #561, #208, #1103, #3 ) ) ;
#1767 = EDGE_LOOP ( 'NONE', ( #1704, #2008, #1574, #1514 ) ) ;
#1768 = AXIS2_PLACEMENT_3D ( 'NONE', #355, #18, #1492 ) ;
#1769 = LINE ( 'NONE', #812, #122 ) ;
#1770 = CARTESIAN_POINT ( 'NONE',  ( -4.553649124439118623E-15, 31.86000000000004206, 0.000000000000000000 ) ) ;
#1771 = ORIENTED_EDGE ( 'NONE', *, *, #1307, .F. ) ;
#1772 = LINE ( 'NONE', #1588, #637 ) ;
#1773 = CARTESIAN_POINT ( 'NONE',  ( 10.15000000000000213, -7.500000000000000000, -9.999999999999998224 ) ) ;
#1774 = AXIS2_PLACEMENT_3D ( 'NONE', #1208, #95, #844 ) ;
#1775 = CARTESIAN_POINT ( 'NONE',  ( -1.301042606988118965E-16, -4.500000000000000000, -64.25000000000224532 ) ) ;
#1776 = EDGE_LOOP ( 'NONE', ( #2042, #2033, #460, #15 ) ) ;
#1777 = ORIENTED_EDGE ( 'NONE', *, *, #807, .T. ) ;
#1778 = AXIS2_PLACEMENT_3D ( 'NONE', #92, #82, #1064 ) ;
#1779 = ORIENTED_EDGE ( 'NONE', *, *, #1998, .F. ) ;
#1780 = CARTESIAN_POINT ( 'NONE',  ( 7.500000000010192736, 7.360000000000002096, -42.00000000000254374 ) ) ;
#1781 = DIRECTION ( 'NONE',  ( 0.000000000000000000, -1.000000000000000000, 0.000000000000000000 ) ) ;
#1782 = AXIS2_PLACEMENT_3D ( 'NONE', #1888, #1120, #1874 ) ;
#1783 = ORIENTED_EDGE ( 'NONE', *, *, #1980, .T. ) ;
#1784 = ADVANCED_FACE ( 'NONE', ( #779 ), #1333, .F. ) ;
#1785 = LINE ( 'NONE', #457, #454 ) ;
#1786 = EDGE_CURVE ( 'NONE', #177, #1018, #216, .T. ) ;
#1787 = FACE_OUTER_BOUND ( 'NONE', #1463, .T. ) ;
#1788 = DIRECTION ( 'NONE',  ( -0.000000000000000000, 1.000000000000000000, -0.000000000000000000 ) ) ;
#1789 = CARTESIAN_POINT ( 'NONE',  ( 10.15000000000000391, -7.500000000000000000, -24.27999999999999758 ) ) ;
#1790 = ORIENTED_EDGE ( 'NONE', *, *, #1285, .T. ) ;
#1791 = DIRECTION ( 'NONE',  ( 0.000000000000000000, 1.000000000000000000, -3.322850601871066204E-14 ) ) ;
#1792 = DIRECTION ( 'NONE',  ( 0.000000000000000000, -1.000000000000000000, 0.000000000000000000 ) ) ;
#1793 = ORIENTED_EDGE ( 'NONE', *, *, #2290, .T. ) ;
#1794 = ADVANCED_FACE ( 'NONE', ( #1722 ), #568, .F. ) ;
#1795 = FACE_OUTER_BOUND ( 'NONE', #376, .T. ) ;
#1796 = PLANE ( 'NONE',  #576 ) ;
#1797 = CARTESIAN_POINT ( 'NONE',  ( 6.823245672209413204E-17, 2.359999999999232934, -45.25000000000246558 ) ) ;
#1798 = EDGE_LOOP ( 'NONE', ( #88, #41 ) ) ;
#1799 = EDGE_LOOP ( 'NONE', ( #268, #961, #1706, #480 ) ) ;
#1800 = CARTESIAN_POINT ( 'NONE',  ( 7.500000000010194512, 26.85999999999999943, -42.00000000000317613 ) ) ;
#1801 = CARTESIAN_POINT ( 'NONE',  ( -7.499999999989825916, 28.76000000000016499, -37.00000000000330402 ) ) ;
#1802 = EDGE_CURVE ( 'NONE', #1199, #1363, #141, .T. ) ;
#1803 = ORIENTED_EDGE ( 'NONE', *, *, #1409, .F. ) ;
#1804 = CYLINDRICAL_SURFACE ( 'NONE', #867, 3.549999999999997602 ) ;
#1805 = PLANE ( 'NONE',  #1211 ) ;
#1806 = CARTESIAN_POINT ( 'NONE',  ( -10.14999999999999858, -7.500000000000000000, -7.600000000000000533 ) ) ;
#1807 = ADVANCED_FACE ( 'NONE', ( #2463 ), #2303, .F. ) ;
#1808 = CYLINDRICAL_SURFACE ( 'NONE', #748, 3.499999999999999556 ) ;
#1809 = CIRCLE ( 'NONE', #2175, 1.899999999999999689 ) ;
#1810 = EDGE_CURVE ( 'NONE', #352, #2144, #1521, .T. ) ;
#1811 = AXIS2_PLACEMENT_3D ( 'NONE', #2035, #388, #1144 ) ;
#1812 = VERTEX_POINT ( 'NONE', #596 ) ;
#1813 = AXIS2_PLACEMENT_3D ( 'NONE', #180, #583, #2293 ) ;
#1814 = DIRECTION ( 'NONE',  ( 0.000000000000000000, -1.000000000000000000, 0.000000000000000000 ) ) ;
#1815 = LINE ( 'NONE', #1615, #1975 ) ;
#1816 = VERTEX_POINT ( 'NONE', #1348 ) ;
#1817 = LINE ( 'NONE', #858, #439 ) ;
#1818 = DIRECTION ( 'NONE',  ( 0.000000000000000000, 0.000000000000000000, -1.000000000000000000 ) ) ;
#1819 = ORIENTED_EDGE ( 'NONE', *, *, #926, .F. ) ;
#1820 = STYLED_ITEM ( 'NONE', ( #2459 ), #2195 ) ;
#1821 = DIRECTION ( 'NONE',  ( 0.000000000000000000, 0.000000000000000000, -1.000000000000000000 ) ) ;
#1822 = CARTESIAN_POINT ( 'NONE',  ( 7.500000000010172307, 7.360000000000163745, -37.00000000000254374 ) ) ;
#1823 = VECTOR ( 'NONE', #1868, 1000.000000000000000 ) ;
#1824 = ADVANCED_FACE ( 'NONE', ( #2117 ), #2089, .F. ) ;
#1825 = ORIENTED_EDGE ( 'NONE', *, *, #2252, .F. ) ;
#1826 = CARTESIAN_POINT ( 'NONE',  ( 5.000000000005310419, 0.4999999999910145765, -9.000000000000000000 ) ) ;
#1827 = DIRECTION ( 'NONE',  ( 0.000000000000000000, 0.000000000000000000, -1.000000000000000000 ) ) ;
#1828 = ORIENTED_EDGE ( 'NONE', *, *, #1998, .T. ) ;
#1829 = CARTESIAN_POINT ( 'NONE',  ( 10.15000000000000391, -6.999999999999999112, -27.77999999999999403 ) ) ;
#1830 = CARTESIAN_POINT ( 'NONE',  ( 1.750737142064515435E-13, -1.365146421831619616E-12, -42.00000000000233058 ) ) ;
#1831 = ORIENTED_EDGE ( 'NONE', *, *, #975, .F. ) ;
#1832 = CARTESIAN_POINT ( 'NONE',  ( -14.99999999999028155, 1.005578722141996183E-12, -6.254254435975962504E-14 ) ) ;
#1833 = CARTESIAN_POINT ( 'NONE',  ( 7.500000000010190959, 28.76000000000002288, -41.25000000000323297 ) ) ;
#1834 = ORIENTED_EDGE ( 'NONE', *, *, #2024, .T. ) ;
#1835 = CIRCLE ( 'NONE', #2165, 2.399999999999999467 ) ;
#1836 = EDGE_CURVE ( 'NONE', #297, #1519, #375, .T. ) ;
#1837 = PLANE ( 'NONE',  #785 ) ;
#1838 = ORIENTED_EDGE ( 'NONE', *, *, #1682, .F. ) ;
#1839 = UNCERTAINTY_MEASURE_WITH_UNIT (LENGTH_MEASURE( 1.000000000000000082E-05 ), #1477, 'distance_accuracy_value', 'NONE');
#1840 = DIRECTION ( 'NONE',  ( 0.000000000000000000, 0.000000000000000000, -1.000000000000000000 ) ) ;
#1841 = DIRECTION ( 'NONE',  ( 0.000000000000000000, 1.000000000000000000, -3.286844480798161143E-14 ) ) ;
#1842 = ORIENTED_EDGE ( 'NONE', *, *, #750, .F. ) ;
#1843 = DIRECTION ( 'NONE',  ( -1.000000000000000000, 6.707597440443656202E-14, -4.171596930325454766E-15 ) ) ;
#1844 = PLANE ( 'NONE',  #279 ) ;
#1845 = AXIS2_PLACEMENT_3D ( 'NONE', #969, #1758, #1531 ) ;
#1846 = ORIENTED_EDGE ( 'NONE', *, *, #1231, .T. ) ;
#1847 =( NAMED_UNIT ( * ) PLANE_ANGLE_UNIT ( ) SI_UNIT ( $, .RADIAN. ) );
#1848 = AXIS2_PLACEMENT_3D ( 'NONE', #2390, #1447, #862 ) ;
#1849 = FACE_OUTER_BOUND ( 'NONE', #2285, .T. ) ;
#1850 = ORIENTED_EDGE ( 'NONE', *, *, #992, .T. ) ;
#1851 = CIRCLE ( 'NONE', #1848, 3.499999999999999556 ) ;
#1852 = CLOSED_SHELL ( 'NONE', ( #2204, #1361, #2093, #259, #21, #1995, #1421, #2046, #1190, #622, #876, #49, #1967, #215, #1736, #1523, #1343, #873, #2456, #943, #850, #1602, #1784, #2441, #2438, #1284, #1145, #461, #1705, #164, #420, #1053, #919, #1794, #1314, #1496, #337, #1079, #1129, #615, #1426, #542, #2263, #1033, #2077, #1807, #567, #2110, #1920, #2078, #1720, #24, #108, #1541, #1762, #2013, #1216, #1235, #2155, #1824, #1626, #1082, #1472, #1257, #647, #736, #2031, #838, #363, #2406, #1104, #1443, #1038, #1946, #2153, #1558, #2364, #2387, #1609, #2200, #102, #1418, #849, #1707, #99, #325, #485, #1109 ) ) ;
#1853 = DIRECTION ( 'NONE',  ( 0.000000000000000000, -1.000000000000000000, 0.000000000000000000 ) ) ;
#1854 = FACE_OUTER_BOUND ( 'NONE', #1986, .T. ) ;
#1855 = EDGE_CURVE ( 'NONE', #1991, #882, #1785, .T. ) ;
#1856 = EDGE_LOOP ( 'NONE', ( #1319, #1527 ) ) ;
#1857 = AXIS2_PLACEMENT_3D ( 'NONE', #868, #1604, #2358 ) ;
#1858 = EDGE_CURVE ( 'NONE', #831, #1286, #1084, .T. ) ;
#1859 = DIRECTION ( 'NONE',  ( -0.000000000000000000, 1.000000000000000000, -0.000000000000000000 ) ) ;
#1860 = CIRCLE ( 'NONE', #1105, 3.250000000000002665 ) ;
#1861 = DIRECTION ( 'NONE',  ( 0.000000000000000000, 0.000000000000000000, -1.000000000000000000 ) ) ;
#1862 = EDGE_CURVE ( 'NONE', #264, #980, #1638, .T. ) ;
#1863 = ORIENTED_EDGE ( 'NONE', *, *, #55, .F. ) ;
#1864 = AXIS2_PLACEMENT_3D ( 'NONE', #2266, #1532, #565 ) ;
#1865 = ORIENTED_EDGE ( 'NONE', *, *, #464, .F. ) ;
#1866 = DIRECTION ( 'NONE',  ( -0.000000000000000000, -1.000000000000000000, -0.000000000000000000 ) ) ;
#1867 = CARTESIAN_POINT ( 'NONE',  ( -2.732116462566126814E-16, -9.449747468305892184, -47.00000000000208900 ) ) ;
#1868 = DIRECTION ( 'NONE',  ( -6.707597440443656202E-14, -1.000000000000000000, 3.238150488490040751E-14 ) ) ;
#1869 = ORIENTED_EDGE ( 'NONE', *, *, #725, .F. ) ;
#1870 = DIRECTION ( 'NONE',  ( 0.000000000000000000, 0.000000000000000000, -1.000000000000000000 ) ) ;
#1871 = CYLINDRICAL_SURFACE ( 'NONE', #70, 3.499999999999999556 ) ;
#1872 = DIRECTION ( 'NONE',  ( 0.000000000000000000, 0.000000000000000000, -1.000000000000000000 ) ) ;
#1873 = VERTEX_POINT ( 'NONE', #609 ) ;
#1874 = DIRECTION ( 'NONE',  ( 1.000000000000000000, 0.000000000000000000, 0.000000000000000000 ) ) ;
#1875 = EDGE_LOOP ( 'NONE', ( #820, #713, #322, #1093 ) ) ;
#1876 = CYLINDRICAL_SURFACE ( 'NONE', #557, 2.399999999999999467 ) ;
#1877 = DIRECTION ( 'NONE',  ( -0.000000000000000000, 1.000000000000000000, -0.000000000000000000 ) ) ;
#1878 = CARTESIAN_POINT ( 'NONE',  ( 15.00000000000969003, -1.640000000001439862, -66.00000000000221689 ) ) ;
#1879 = ORIENTED_EDGE ( 'NONE', *, *, #1192, .F. ) ;
#1880 = DIRECTION ( 'NONE',  ( 4.163336342344337815E-15, -3.238150488490068519E-14, -1.000000000000000000 ) ) ;
#1881 = CARTESIAN_POINT ( 'NONE',  ( 7.500000000010174084, 26.86000000000016286, -37.00000000000317613 ) ) ;
#1882 = AXIS2_PLACEMENT_3D ( 'NONE', #126, #2239, #2227 ) ;
#1883 = FACE_OUTER_BOUND ( 'NONE', #1798, .T. ) ;
#1884 = EDGE_CURVE ( 'NONE', #937, #197, #2174, .T. ) ;
#1885 = AXIS2_PLACEMENT_3D ( 'NONE', #138, #1442, #98 ) ;
#1886 = EDGE_CURVE ( 'NONE', #2395, #721, #1835, .T. ) ;
#1887 = ORIENTED_EDGE ( 'NONE', *, *, #415, .T. ) ;
#1888 = CARTESIAN_POINT ( 'NONE',  ( 0.000000000000000000, 0.000000000000000000, 0.000000000000000000 ) ) ;
#1889 = AXIS2_PLACEMENT_3D ( 'NONE', #1676, #1925, #1127 ) ;
#1890 = ORIENTED_EDGE ( 'NONE', *, *, #1006, .T. ) ;
#1891 = VECTOR ( 'NONE', #254, 1000.000000000000000 ) ;
#1892 = FACE_OUTER_BOUND ( 'NONE', #2123, .T. ) ;
#1893 = CARTESIAN_POINT ( 'NONE',  ( 7.500000000010189183, 10.91000000000002501, -41.25000000000265743 ) ) ;
#1894 = CIRCLE ( 'NONE', #235, 2.750000000000000000 ) ;
#1895 = CARTESIAN_POINT ( 'NONE',  ( 15.00000000000969003, -4.500000000001440625, -66.00000000000213163 ) ) ;
#1896 = ORIENTED_EDGE ( 'NONE', *, *, #534, .F. ) ;
#1897 = DIRECTION ( 'NONE',  ( 0.000000000000000000, 0.000000000000000000, -1.000000000000000000 ) ) ;
#1898 = CIRCLE ( 'NONE', #432, 1.750000000000001554 ) ;
#1899 = CARTESIAN_POINT ( 'NONE',  ( 5.000000000005310419, 0.4999999999910145765, -9.000000000000000000 ) ) ;
#1900 = DIRECTION ( 'NONE',  ( -0.000000000000000000, 1.000000000000000000, -0.000000000000000000 ) ) ;
#1901 = DIRECTION ( 'NONE',  ( 1.000000000000000000, 0.000000000000000000, 0.000000000000000000 ) ) ;
#1902 = CIRCLE ( 'NONE', #513, 2.399999999999999467 ) ;
#1903 = ORIENTED_EDGE ( 'NONE', *, *, #1384, .F. ) ;
#1904 = VECTOR ( 'NONE', #2037, 1000.000000000000000 ) ;
#1905 = EDGE_LOOP ( 'NONE', ( #190, #644 ) ) ;
#1906 = FILL_AREA_STYLE ('',( #2054 ) ) ;
#1907 = EDGE_CURVE ( 'NONE', #93, #1328, #1030, .T. ) ;
#1908 = ORIENTED_EDGE ( 'NONE', *, *, #1982, .T. ) ;
#1909 = DIRECTION ( 'NONE',  ( 9.130123557772674004E-16, 1.000000000000000000, -3.286844480798162405E-14 ) ) ;
#1910 = DIRECTION ( 'NONE',  ( 0.000000000000000000, 0.000000000000000000, 1.000000000000000000 ) ) ;
#1911 = CARTESIAN_POINT ( 'NONE',  ( -1.301042606988118965E-16, 11.55238815542429798, -64.25000000000224532 ) ) ;
#1912 = ORIENTED_EDGE ( 'NONE', *, *, #1855, .T. ) ;
#1913 = CARTESIAN_POINT ( 'NONE',  ( 7.500000000010172307, 7.360000000000163745, -37.00000000000254374 ) ) ;
#1914 = DIRECTION ( 'NONE',  ( -0.000000000000000000, -1.000000000000000000, -0.000000000000000000 ) ) ;
#1915 = DIRECTION ( 'NONE',  ( -0.000000000000000000, -1.000000000000000000, -0.000000000000000000 ) ) ;
#1916 = DIRECTION ( 'NONE',  ( 4.163336342344337815E-15, -3.238150488490068519E-14, -1.000000000000000000 ) ) ;
#1917 = ORIENTED_EDGE ( 'NONE', *, *, #104, .F. ) ;
#1918 = EDGE_CURVE ( 'NONE', #172, #177, #619, .T. ) ;
#1919 = EDGE_LOOP ( 'NONE', ( #1299, #2367 ) ) ;
#1920 = ADVANCED_FACE ( 'NONE', ( #241, #434 ), #226, .T. ) ;
#1921 = CARTESIAN_POINT ( 'NONE',  ( 10.15000000000000391, -6.999999999999999112, -27.77999999999999403 ) ) ;
#1922 = DIRECTION ( 'NONE',  ( 0.000000000000000000, -3.234020194499628767E-14, -1.000000000000000000 ) ) ;
#1923 = VERTEX_POINT ( 'NONE', #815 ) ;
#1924 = DIRECTION ( 'NONE',  ( 4.163336342344337815E-15, -3.238150488490068519E-14, -1.000000000000000000 ) ) ;
#1925 = DIRECTION ( 'NONE',  ( -0.000000000000000000, 1.000000000000000000, -0.000000000000000000 ) ) ;
#1926 = CARTESIAN_POINT ( 'NONE',  ( 15.00000000000971667, -1.005578722143300163E-12, 6.254254435984107335E-14 ) ) ;
#1927 = CARTESIAN_POINT ( 'NONE',  ( 7.500000000010174084, 24.96000000000016428, -37.00000000000311218 ) ) ;
#1928 = EDGE_LOOP ( 'NONE', ( #2436, #1890, #1196, #777 ) ) ;
#1929 = EDGE_LOOP ( 'NONE', ( #1842, #13, #1427, #2151 ) ) ;
#1930 = ORIENTED_EDGE ( 'NONE', *, *, #71, .T. ) ;
#1931 = CARTESIAN_POINT ( 'NONE',  ( 10.15000000000000391, -7.500000000000000000, -31.27999999999999403 ) ) ;
#1932 = VECTOR ( 'NONE', #1953, 1000.000000000000000 ) ;
#1933 = LINE ( 'NONE', #1184, #427 ) ;
#1934 = EDGE_LOOP ( 'NONE', ( #1896, #1790, #1850, #2011 ) ) ;
#1935 = CARTESIAN_POINT ( 'NONE',  ( -10.14999999999999858, -6.999999999999999112, -10.00000000000000000 ) ) ;
#1936 = CIRCLE ( 'NONE', #2340, 3.499999999999999556 ) ;
#1937 = EDGE_CURVE ( 'NONE', #1726, #1519, #1013, .T. ) ;
#1938 = CARTESIAN_POINT ( 'NONE',  ( 10.15000000000000213, -6.999999999999999112, -9.999999999999998224 ) ) ;
#1939 = AXIS2_PLACEMENT_3D ( 'NONE', #1259, #832, #474 ) ;
#1940 = CARTESIAN_POINT ( 'NONE',  ( 7.750000000005309531, 0.4999999999910145765, 0.000000000000000000 ) ) ;
#1941 = VERTEX_POINT ( 'NONE', #1002 ) ;
#1942 = AXIS2_PLACEMENT_3D ( 'NONE', #478, #653, #1229 ) ;
#1943 = EDGE_CURVE ( 'NONE', #1591, #397, #1551, .T. ) ;
#1944 = ORIENTED_EDGE ( 'NONE', *, *, #1786, .T. ) ;
#1945 =( GEOMETRIC_REPRESENTATION_CONTEXT ( 3 ) GLOBAL_UNCERTAINTY_ASSIGNED_CONTEXT ( ( #1466 ) ) GLOBAL_UNIT_ASSIGNED_CONTEXT ( ( #958, #378, #918 ) ) REPRESENTATION_CONTEXT ( 'NONE', 'WORKASPACE' ) );
#1946 = ADVANCED_FACE ( 'NONE', ( #656, #792 ), #469, .T. ) ;
#1947 = CARTESIAN_POINT ( 'NONE',  ( -4.999999999994690469, 0.4999999999916807103, 0.000000000000000000 ) ) ;
#1948 = CARTESIAN_POINT ( 'NONE',  ( -10.14999999999999858, -4.500000000000000000, -6.500000000000000888 ) ) ;
#1949 = CIRCLE ( 'NONE', #678, 3.499999999999999556 ) ;
#1950 = ORIENTED_EDGE ( 'NONE', *, *, #1271, .F. ) ;
#1951 = DIRECTION ( 'NONE',  ( 0.000000000000000000, 1.000000000000000000, -3.286844480798162405E-14 ) ) ;
#1952 = VECTOR ( 'NONE', #343, 1000.000000000000000 ) ;
#1953 = DIRECTION ( 'NONE',  ( 1.659100374445940695E-16, 2.602085213965206790E-18, -1.000000000000000000 ) ) ;
#1954 = CARTESIAN_POINT ( 'NONE',  ( 7.500000000010192736, 7.360000000000002096, -42.00000000000254374 ) ) ;
#1955 = ORIENTED_EDGE ( 'NONE', *, *, #865, .T. ) ;
#1956 = ORIENTED_EDGE ( 'NONE', *, *, #240, .F. ) ;
#1957 = DIRECTION ( 'NONE',  ( 0.000000000000000000, 0.000000000000000000, -1.000000000000000000 ) ) ;
#1958 = DIRECTION ( 'NONE',  ( 2.185751579730773734E-16, 1.000000000000000000, 2.602085213965242612E-18 ) ) ;
#1959 = ORIENTED_EDGE ( 'NONE', *, *, #491, .T. ) ;
#1960 = DIRECTION ( 'NONE',  ( 0.000000000000000000, 1.000000000000000000, -3.236801821064595763E-14 ) ) ;
#1961 = DIRECTION ( 'NONE',  ( 4.163336342344337815E-15, -3.238150488490068519E-14, -1.000000000000000000 ) ) ;
#1962 = AXIS2_PLACEMENT_3D ( 'NONE', #408, #383, #1164 ) ;
#1963 = DIRECTION ( 'NONE',  ( 0.000000000000000000, 3.246411076470879234E-14, 1.000000000000000000 ) ) ;
#1964 = ORIENTED_EDGE ( 'NONE', *, *, #1159, .F. ) ;
#1965 = VERTEX_POINT ( 'NONE', #2361 ) ;
#1966 = EDGE_CURVE ( 'NONE', #1206, #2112, #1462, .T. ) ;
#1967 = ADVANCED_FACE ( 'NONE', ( #990 ), #1749, .F. ) ;
#1968 = ORIENTED_EDGE ( 'NONE', *, *, #1678, .T. ) ;
#1969 = AXIS2_PLACEMENT_3D ( 'NONE', #1830, #1633, #2191 ) ;
#1970 = CARTESIAN_POINT ( 'NONE',  ( -7.499999999989809929, 7.360000000000027853, -41.25000000000260059 ) ) ;
#1971 = DIRECTION ( 'NONE',  ( 0.000000000000000000, -1.000000000000000000, 0.000000000000000000 ) ) ;
#1972 = VERTEX_POINT ( 'NONE', #2139 ) ;
#1973 = DIRECTION ( 'NONE',  ( -0.000000000000000000, 1.000000000000000000, -0.000000000000000000 ) ) ;
#1974 = LINE ( 'NONE', #1029, #580 ) ;
#1975 = VECTOR ( 'NONE', #689, 1000.000000000000000 ) ;
#1976 = DIRECTION ( 'NONE',  ( 0.000000000000000000, 1.000000000000000000, -3.286844480798162405E-14 ) ) ;
#1977 = CIRCLE ( 'NONE', #2374, 1.899999999999999023 ) ;
#1978 = ORIENTED_EDGE ( 'NONE', *, *, #1585, .F. ) ;
#1979 = CIRCLE ( 'NONE', #238, 1.500000000000001332 ) ;
#1980 = EDGE_CURVE ( 'NONE', #2336, #371, #1761, .T. ) ;
#1981 = ORIENTED_EDGE ( 'NONE', *, *, #2258, .F. ) ;
#1982 = EDGE_CURVE ( 'NONE', #172, #911, #634, .T. ) ;
#1983 = CARTESIAN_POINT ( 'NONE',  ( 7.500000000010189183, 7.360000000000026077, -41.25000000000254374 ) ) ;
#1984 = DIRECTION ( 'NONE',  ( 0.000000000000000000, -1.000000000000000000, 0.000000000000000000 ) ) ;
#1985 = AXIS2_PLACEMENT_3D ( 'NONE', #1276, #185, #933 ) ;
#1986 = EDGE_LOOP ( 'NONE', ( #2355, #1670, #1711, #2 ) ) ;
#1987 = AXIS2_PLACEMENT_3D ( 'NONE', #1935, #89, #827 ) ;
#1988 = DIRECTION ( 'NONE',  ( -0.000000000000000000, -0.000000000000000000, 1.000000000000000000 ) ) ;
#1989 = DIRECTION ( 'NONE',  ( 0.000000000000000000, 1.000000000000000000, -3.286844480798162405E-14 ) ) ;
#1990 = DIRECTION ( 'NONE',  ( 4.163336342344337815E-15, -3.238150488490068519E-14, -1.000000000000000000 ) ) ;
#1991 = VERTEX_POINT ( 'NONE', #265 ) ;
#1992 = EDGE_CURVE ( 'NONE', #2267, #1591, #1772, .T. ) ;
#1993 = EDGE_LOOP ( 'NONE', ( #681, #749 ) ) ;
#1994 = CARTESIAN_POINT ( 'NONE',  ( -10.14999999999999680, -4.500000000000000000, -24.28000000000000114 ) ) ;
#1995 = ADVANCED_FACE ( 'NONE', ( #1047 ), #2226, .F. ) ;
#1996 = CARTESIAN_POINT ( 'NONE',  ( -10.04999999998997851, 31.86000000000001364, -32.00000000000250111 ) ) ;
#1997 = EDGE_LOOP ( 'NONE', ( #486, #1956, #1168, #773 ) ) ;
#1998 = EDGE_CURVE ( 'NONE', #1637, #2267, #137, .T. ) ;
#1999 = CARTESIAN_POINT ( 'NONE',  ( -7.499999999989827693, 7.360000000000165521, -37.00000000000260769 ) ) ;
#2000 = EDGE_CURVE ( 'NONE', #906, #721, #1618, .T. ) ;
#2001 = LINE ( 'NONE', #529, #1016 ) ;
#2002 = CARTESIAN_POINT ( 'NONE',  ( 7.500000000010172307, 9.260000000000163212, -37.00000000000260769 ) ) ;
#2003 = CYLINDRICAL_SURFACE ( 'NONE', #1495, 1.899999999999999689 ) ;
#2004 = PRODUCT ( '009_009_Spin_servo_mount_1', '009_009_Spin_servo_mount_1', '', ( #338 ) ) ;
#2005 = VERTEX_POINT ( 'NONE', #289 ) ;
#2006 = DIRECTION ( 'NONE',  ( 1.000000000000000000, 0.000000000000000000, 0.000000000000000000 ) ) ;
#2007 = DIRECTION ( 'NONE',  ( 0.000000000000000000, -1.000000000000000000, 0.000000000000000000 ) ) ;
#2008 = ORIENTED_EDGE ( 'NONE', *, *, #1281, .F. ) ;
#2009 = CARTESIAN_POINT ( 'NONE',  ( 7.750000000005309531, 0.4999999999910145765, -9.000000000000000000 ) ) ;
#2010 = CARTESIAN_POINT ( 'NONE',  ( -10.14999999999999858, -7.500000000000000000, -10.00000000000000000 ) ) ;
#2011 = ORIENTED_EDGE ( 'NONE', *, *, #823, .F. ) ;
#2012 = AXIS2_PLACEMENT_3D ( 'NONE', #1881, #1335, #205 ) ;
#2013 = ADVANCED_FACE ( 'NONE', ( #2396 ), #481, .F. ) ;
#2014 = DIRECTION ( 'NONE',  ( 0.000000000000000000, -1.000000000000000000, 0.000000000000000000 ) ) ;
#2015 = DIRECTION ( 'NONE',  ( -1.000000000000000000, -6.245004513516505540E-17, 5.475220971051797392E-17 ) ) ;
#2016 = AXIS2_PLACEMENT_3D ( 'NONE', #1573, #959, #1730 ) ;
#2017 = VECTOR ( 'NONE', #509, 1000.000000000000000 ) ;
#2018 = ADVANCED_BREP_SHAPE_REPRESENTATION ( '009_009_Spin_servo_mount_1', ( #2195, #1782 ), #1223 ) ;
#2019 = EDGE_LOOP ( 'NONE', ( #1567, #2398, #826, #1654 ) ) ;
#2020 = AXIS2_PLACEMENT_3D ( 'NONE', #2319, #1900, #1714 ) ;
#2021 = DIRECTION ( 'NONE',  ( 0.000000000000000000, 0.000000000000000000, -1.000000000000000000 ) ) ;
#2022 = DIRECTION ( 'NONE',  ( 4.163336342344337815E-15, -3.238150488490068519E-14, -1.000000000000000000 ) ) ;
#2023 = ORIENTED_EDGE ( 'NONE', *, *, #1810, .T. ) ;
#2024 = EDGE_CURVE ( 'NONE', #836, #1146, #2346, .T. ) ;
#2025 = DIRECTION ( 'NONE',  ( -0.000000000000000000, 1.000000000000000000, -0.000000000000000000 ) ) ;
#2026 = AXIS2_PLACEMENT_3D ( 'NONE', #688, #2197, #501 ) ;
#2027 = DIRECTION ( 'NONE',  ( 0.000000000000000000, -3.238150488490068519E-14, -1.000000000000000000 ) ) ;
#2028 = VECTOR ( 'NONE', #847, 1000.000000000000000 ) ;
#2029 = EDGE_LOOP ( 'NONE', ( #2325, #587, #894, #2098 ) ) ;
#2030 = PLANE ( 'NONE',  #2055 ) ;
#2031 = ADVANCED_FACE ( 'NONE', ( #518, #1083 ), #1643, .T. ) ;
#2032 = DIRECTION ( 'NONE',  ( -0.000000000000000000, 1.000000000000000000, -0.000000000000000000 ) ) ;
#2033 = ORIENTED_EDGE ( 'NONE', *, *, #1394, .T. ) ;
#2034 = LINE ( 'NONE', #892, #162 ) ;
#2035 = CARTESIAN_POINT ( 'NONE',  ( 10.15000000000000391, -7.500000000000000000, -27.77999999999999403 ) ) ;
#2036 = EDGE_LOOP ( 'NONE', ( #26, #2260 ) ) ;
#2037 = DIRECTION ( 'NONE',  ( -0.000000000000000000, -1.000000000000000000, -0.000000000000000000 ) ) ;
#2038 = FACE_OUTER_BOUND ( 'NONE', #549, .T. ) ;
#2039 = VERTEX_POINT ( 'NONE', #665 ) ;
#2040 = FACE_OUTER_BOUND ( 'NONE', #2116, .T. ) ;
#2041 = DIRECTION ( 'NONE',  ( -0.000000000000000000, -0.000000000000000000, 1.000000000000000000 ) ) ;
#2042 = ORIENTED_EDGE ( 'NONE', *, *, #2379, .F. ) ;
#2043 = EDGE_CURVE ( 'NONE', #2053, #989, #1417, .T. ) ;
#2044 = CARTESIAN_POINT ( 'NONE',  ( -7.499999999989817034, 24.96000000000002572, -41.25000000000317613 ) ) ;
#2045 = ORIENTED_EDGE ( 'NONE', *, *, #673, .T. ) ;
#2046 = ADVANCED_FACE ( 'NONE', ( #692 ), #527, .F. ) ;
#2047 = FACE_BOUND ( 'NONE', #2196, .T. ) ;
#2048 = CARTESIAN_POINT ( 'NONE',  ( -7.499999999989827693, 9.260000000000164988, -37.00000000000267164 ) ) ;
#2049 = ORIENTED_EDGE ( 'NONE', *, *, #1884, .T. ) ;
#2050 = LINE ( 'NONE', #670, #1019 ) ;
#2051 = DIRECTION ( 'NONE',  ( 0.000000000000000000, -1.000000000000000000, 0.000000000000000000 ) ) ;
#2052 = CIRCLE ( 'NONE', #1774, 1.899999999999999023 ) ;
#2053 = VERTEX_POINT ( 'NONE', #2009 ) ;
#2054 = FILL_AREA_STYLE_COLOUR ( '', #636 ) ;
#2055 = AXIS2_PLACEMENT_3D ( 'NONE', #2193, #531, #153 ) ;
#2056 = ORIENTED_EDGE ( 'NONE', *, *, #1115, .F. ) ;
#2057 = AXIS2_PLACEMENT_3D ( 'NONE', #1506, #577, #166 ) ;
#2058 = DIRECTION ( 'NONE',  ( 0.000000000000000000, -3.234020194499628767E-14, -1.000000000000000000 ) ) ;
#2059 = VECTOR ( 'NONE', #1877, 1000.000000000000000 ) ;
#2060 = DIRECTION ( 'NONE',  ( 0.000000000000000000, -1.000000000000000000, 0.000000000000000000 ) ) ;
#2061 = CARTESIAN_POINT ( 'NONE',  ( -10.14999999999999858, -6.999999999999999112, -10.00000000000000000 ) ) ;
#2062 = EDGE_LOOP ( 'NONE', ( #1174, #1133, #202, #2401 ) ) ;
#2063 = DIRECTION ( 'NONE',  ( 4.163336342344337815E-15, -3.238150488490068519E-14, -1.000000000000000000 ) ) ;
#2064 = PRODUCT_DEFINITION_FORMATION_WITH_SPECIFIED_SOURCE ( 'ANY', '', #2004, .NOT_KNOWN. ) ;
#2065 = CARTESIAN_POINT ( 'NONE',  ( -10.14999999999999680, -6.999999999999999112, -30.17999999999999972 ) ) ;
#2066 = CIRCLE ( 'NONE', #2384, 3.250000000000002665 ) ;
#2067 = FACE_BOUND ( 'NONE', #2199, .T. ) ;
#2068 = VECTOR ( 'NONE', #1108, 1000.000000000000000 ) ;
#2069 = EDGE_LOOP ( 'NONE', ( #908, #2278, #249, #695 ) ) ;
#2070 = EDGE_CURVE ( 'NONE', #641, #1044, #1191, .T. ) ;
#2071 = AXIS2_PLACEMENT_3D ( 'NONE', #2435, #1719, #1112 ) ;
#2072 = ORIENTED_EDGE ( 'NONE', *, *, #1188, .T. ) ;
#2073 = PLANE ( 'NONE',  #793 ) ;
#2074 = LINE ( 'NONE', #6, #984 ) ;
#2075 = FACE_OUTER_BOUND ( 'NONE', #761, .T. ) ;
#2076 = ORIENTED_EDGE ( 'NONE', *, *, #2182, .F. ) ;
#2077 = ADVANCED_FACE ( 'NONE', ( #1795, #97 ), #1607, .T. ) ;
#2078 = ADVANCED_FACE ( 'NONE', ( #872 ), #1804, .F. ) ;
#2079 = CARTESIAN_POINT ( 'NONE',  ( 10.15000000000000213, -4.500000000000000000, -9.999999999999998224 ) ) ;
#2080 = EDGE_CURVE ( 'NONE', #574, #2395, #1817, .T. ) ;
#2081 = CYLINDRICAL_SURFACE ( 'NONE', #548, 1.750000000000001554 ) ;
#2082 = DIRECTION ( 'NONE',  ( 1.000000000000000000, 0.000000000000000000, 0.000000000000000000 ) ) ;
#2083 = VERTEX_POINT ( 'NONE', #2201 ) ;
#2084 = AXIS2_PLACEMENT_3D ( 'NONE', #276, #50, #1371 ) ;
#2085 = VERTEX_POINT ( 'NONE', #2386 ) ;
#2086 = CARTESIAN_POINT ( 'NONE',  ( -7.499999999989804600, 26.86000000000000298, -42.00000000000323297 ) ) ;
#2087 = CARTESIAN_POINT ( 'NONE',  ( -10.14999999999999680, -7.500000000000000000, -29.27999999999999758 ) ) ;
#2088 = VERTEX_POINT ( 'NONE', #124 ) ;
#2089 = PLANE ( 'NONE',  #1962 ) ;
#2090 = CARTESIAN_POINT ( 'NONE',  ( -1.301042606988118965E-16, -1.640000000001277547, -61.00000000000224532 ) ) ;
#2091 = AXIS2_PLACEMENT_3D ( 'NONE', #1136, #2277, #1508 ) ;
#2092 = DIRECTION ( 'NONE',  ( 0.000000000000000000, 0.000000000000000000, -1.000000000000000000 ) ) ;
#2093 = ADVANCED_FACE ( 'NONE', ( #683 ), #1467, .F. ) ;
#2094 = CIRCLE ( 'NONE', #1885, 3.549999999999997602 ) ;
#2095 = CARTESIAN_POINT ( 'NONE',  ( -14.99999999998970601, 2.359999999998561027, -66.00000000000247269 ) ) ;
#2096 = ORIENTED_EDGE ( 'NONE', *, *, #418, .T. ) ;
#2097 = AXIS2_PLACEMENT_3D ( 'NONE', #1664, #2399, #696 ) ;
#2098 = ORIENTED_EDGE ( 'NONE', *, *, #181, .F. ) ;
#2099 = AXIS2_PLACEMENT_3D ( 'NONE', #1770, #1958, #73 ) ;
#2100 = CARTESIAN_POINT ( 'NONE',  ( -7.499999999989825916, 28.76000000000016499, -37.00000000000330402 ) ) ;
#2101 = DIRECTION ( 'NONE',  ( 0.000000000000000000, 0.000000000000000000, -1.000000000000000000 ) ) ;
#2102 = CIRCLE ( 'NONE', #589, 1.499999999999997780 ) ;
#2103 = LINE ( 'NONE', #2048, #2273 ) ;
#2104 = ORIENTED_EDGE ( 'NONE', *, *, #1759, .T. ) ;
#2105 = CARTESIAN_POINT ( 'NONE',  ( -4.999999999994690469, 0.4999999999916807103, -9.000000000000000000 ) ) ;
#2106 = AXIS2_PLACEMENT_3D ( 'NONE', #1475, #1075, #2082 ) ;
#2107 = LINE ( 'NONE', #1713, #2458 ) ;
#2108 = CARTESIAN_POINT ( 'NONE',  ( 10.15000000000000391, -7.500000000000000000, -27.77999999999999403 ) ) ;
#2109 = CARTESIAN_POINT ( 'NONE',  ( -2.732116462566118925E-16, -9.449747468306290088, -59.25000000000208900 ) ) ;
#2110 = ADVANCED_FACE ( 'NONE', ( #492 ), #1071, .F. ) ;
#2111 = VECTOR ( 'NONE', #1973, 1000.000000000000000 ) ;
#2112 = VERTEX_POINT ( 'NONE', #2100 ) ;
#2113 = ORIENTED_EDGE ( 'NONE', *, *, #1759, .F. ) ;
#2114 = CARTESIAN_POINT ( 'NONE',  ( -10.14999999999999858, -7.500000000000000000, -12.40000000000000036 ) ) ;
#2115 = FACE_OUTER_BOUND ( 'NONE', #2137, .T. ) ;
#2116 = EDGE_LOOP ( 'NONE', ( #1352, #1771, #2158, #955 ) ) ;
#2117 = FACE_OUTER_BOUND ( 'NONE', #319, .T. ) ;
#2118 = CARTESIAN_POINT ( 'NONE',  ( -10.14999999999999858, -4.500000000000000000, -13.50000000000000000 ) ) ;
#2119 = CYLINDRICAL_SURFACE ( 'NONE', #32, 1.499999999999997780 ) ;
#2120 = DIRECTION ( 'NONE',  ( 0.000000000000000000, 0.000000000000000000, 1.000000000000000000 ) ) ;
#2121 = ORIENTED_EDGE ( 'NONE', *, *, #625, .F. ) ;
#2122 = ORIENTED_EDGE ( 'NONE', *, *, #675, .T. ) ;
#2123 = EDGE_LOOP ( 'NONE', ( #231, #741, #2274, #1332 ) ) ;
#2124 = CARTESIAN_POINT ( 'NONE',  ( -7.499999999989809929, 10.91000000000002679, -41.25000000000272138 ) ) ;
#2125 = CARTESIAN_POINT ( 'NONE',  ( 7.500000000010191847, 23.31000000000002359, -41.25000000000305533 ) ) ;
#2126 = ORIENTED_EDGE ( 'NONE', *, *, #1550, .T. ) ;
#2127 = EDGE_CURVE ( 'NONE', #1206, #836, #1683, .T. ) ;
#2128 = DIRECTION ( 'NONE',  ( -0.000000000000000000, 1.000000000000000000, -0.000000000000000000 ) ) ;
#2129 = CARTESIAN_POINT ( 'NONE',  ( 15.00000000001001865, 4.499999999999664269, 2.082657505654685229E-14 ) ) ;
#2130 = EDGE_CURVE ( 'NONE', #220, #2309, #1, .T. ) ;
#2131 = DIRECTION ( 'NONE',  ( -0.000000000000000000, 1.000000000000000000, -0.000000000000000000 ) ) ;
#2132 = VERTEX_POINT ( 'NONE', #2275 ) ;
#2133 = EDGE_CURVE ( 'NONE', #2132, #846, #1423, .T. ) ;
#2134 = ORIENTED_EDGE ( 'NONE', *, *, #865, .F. ) ;
#2135 = DIRECTION ( 'NONE',  ( 0.000000000000000000, -1.000000000000000000, 0.000000000000000000 ) ) ;
#2136 = LINE ( 'NONE', #1368, #1891 ) ;
#2137 = EDGE_LOOP ( 'NONE', ( #251, #1399 ) ) ;
#2138 = CIRCLE ( 'NONE', #1054, 1.499999999999997780 ) ;
#2139 = CARTESIAN_POINT ( 'NONE',  ( -10.14999999999999858, -4.500000000000000000, -11.50000000000000178 ) ) ;
#2140 = AXIS2_PLACEMENT_3D ( 'NONE', #258, #840, #648 ) ;
#2141 = LINE ( 'NONE', #2129, #68 ) ;
#2142 = CIRCLE ( 'NONE', #2378, 3.499999999999999556 ) ;
#2143 = DIRECTION ( 'NONE',  ( 4.163336342344337815E-15, -3.238150488490068519E-14, -1.000000000000000000 ) ) ;
#2144 = VERTEX_POINT ( 'NONE', #1530 ) ;
#2145 = CIRCLE ( 'NONE', #2421, 3.500000000000003109 ) ;
#2146 = ORIENTED_EDGE ( 'NONE', *, *, #2433, .T. ) ;
#2147 = AXIS2_PLACEMENT_3D ( 'NONE', #1729, #1745, #30 ) ;
#2148 = LINE ( 'NONE', #236, #1187 ) ;
#2149 = DIRECTION ( 'NONE',  ( -0.000000000000000000, 1.000000000000000000, -0.000000000000000000 ) ) ;
#2150 = CIRCLE ( 'NONE', #359, 1.899999999999999023 ) ;
#2151 = ORIENTED_EDGE ( 'NONE', *, *, #418, .F. ) ;
#2152 = DIRECTION ( 'NONE',  ( 2.891205793308218138E-17, 1.000000000000000000, -3.238150488490068519E-14 ) ) ;
#2153 = ADVANCED_FACE ( 'NONE', ( #2432 ), #1876, .F. ) ;
#2154 = PLANE ( 'NONE',  #621 ) ;
#2155 = ADVANCED_FACE ( 'NONE', ( #575, #163, #1516 ), #774, .F. ) ;
#2156 = CYLINDRICAL_SURFACE ( 'NONE', #156, 3.549999999999999378 ) ;
#2157 = EDGE_LOOP ( 'NONE', ( #433, #944, #728, #726 ) ) ;
#2158 = ORIENTED_EDGE ( 'NONE', *, *, #2043, .T. ) ;
#2159 = ORIENTED_EDGE ( 'NONE', *, *, #169, .T. ) ;
#2160 = DIRECTION ( 'NONE',  ( 0.000000000000000000, 0.000000000000000000, 1.000000000000000000 ) ) ;
#2161 = PLANE ( 'NONE',  #111 ) ;
#2162 = EDGE_LOOP ( 'NONE', ( #1081, #1950 ) ) ;
#2163 = DIRECTION ( 'NONE',  ( 0.000000000000000000, 1.000000000000000000, -3.238150488490068519E-14 ) ) ;
#2164 = CARTESIAN_POINT ( 'NONE',  ( -7.749999999994689581, 0.4999999999916810434, 0.000000000000000000 ) ) ;
#2165 = AXIS2_PLACEMENT_3D ( 'NONE', #1597, #2351, #1734 ) ;
#2166 = DIRECTION ( 'NONE',  ( 0.000000000000000000, 1.000000000000000000, -3.322850601871067466E-14 ) ) ;
#2167 = ORIENTED_EDGE ( 'NONE', *, *, #1918, .F. ) ;
#2168 = EDGE_CURVE ( 'NONE', #1046, #1364, #1949, .T. ) ;
#2169 = DIRECTION ( 'NONE',  ( 0.000000000000000000, -1.000000000000000000, 0.000000000000000000 ) ) ;
#2170 = EDGE_LOOP ( 'NONE', ( #456, #1917 ) ) ;
#2171 = FACE_OUTER_BOUND ( 'NONE', #1039, .T. ) ;
#2172 = DIRECTION ( 'NONE',  ( 0.000000000000000000, 0.000000000000000000, 1.000000000000000000 ) ) ;
#2173 = ORIENTED_EDGE ( 'NONE', *, *, #2259, .T. ) ;
#2174 = LINE ( 'NONE', #2326, #1764 ) ;
#2175 = AXIS2_PLACEMENT_3D ( 'NONE', #106, #2022, #1630 ) ;
#2176 = CARTESIAN_POINT ( 'NONE',  ( 10.15000000000000213, -4.500000000000000000, -13.49999999999999822 ) ) ;
#2177 = EDGE_CURVE ( 'NONE', #2309, #220, #2150, .T. ) ;
#2178 = CIRCLE ( 'NONE', #2140, 3.550000000000001155 ) ;
#2179 = CYLINDRICAL_SURFACE ( 'NONE', #664, 2.399999999999999467 ) ;
#2180 = CIRCLE ( 'NONE', #547, 3.500000000000003109 ) ;
#2181 = CARTESIAN_POINT ( 'NONE',  ( -7.499999999989806376, 7.360000000000003872, -42.00000000000260769 ) ) ;
#2182 = EDGE_CURVE ( 'NONE', #1972, #1077, #1747, .T. ) ;
#2183 = VECTOR ( 'NONE', #1915, 1000.000000000000000 ) ;
#2184 = EDGE_CURVE ( 'NONE', #703, #588, #1546, .T. ) ;
#2185 = ORIENTED_EDGE ( 'NONE', *, *, #435, .T. ) ;
#2186 = CYLINDRICAL_SURFACE ( 'NONE', #281, 2.750000000000000000 ) ;
#2187 = LINE ( 'NONE', #1801, #2453 ) ;
#2188 = VECTOR ( 'NONE', #2333, 1000.000000000000000 ) ;
#2189 = ORIENTED_EDGE ( 'NONE', *, *, #928, .T. ) ;
#2190 = CARTESIAN_POINT ( 'NONE',  ( -10.14999999999999858, -6.999999999999999112, -10.00000000000000000 ) ) ;
#2191 = DIRECTION ( 'NONE',  ( 0.000000000000000000, 1.000000000000000000, -3.238150488490068519E-14 ) ) ;
#2192 = AXIS2_PLACEMENT_3D ( 'NONE', #1126, #1483, #923 ) ;
#2193 = CARTESIAN_POINT ( 'NONE',  ( 10.05000000001003535, 31.85999999999999943, 3.885780586188047891E-13 ) ) ;
#2194 = CARTESIAN_POINT ( 'NONE',  ( -1.301042606988258002E-16, -4.500000000000000000, -50.25000000000225242 ) ) ;
#2195 = MANIFOLD_SOLID_BREP ( 'Wytnij-wyci¹gniêcie6', #1852 ) ;
#2196 = EDGE_LOOP ( 'NONE', ( #2121, #2313 ) ) ;
#2197 = DIRECTION ( 'NONE',  ( 2.891205793308218754E-17, 1.000000000000000000, -3.238150488490068519E-14 ) ) ;
#2198 = CARTESIAN_POINT ( 'NONE',  ( -10.14999999999999858, -6.999999999999999112, -10.00000000000000000 ) ) ;
#2199 = EDGE_LOOP ( 'NONE', ( #1214, #1981 ) ) ;
#2200 = ADVANCED_FACE ( 'NONE', ( #551, #1303 ), #2073, .T. ) ;
#2201 = CARTESIAN_POINT ( 'NONE',  ( -10.14999999999999680, -6.999999999999999112, -26.28000000000000114 ) ) ;
#2202 = FACE_BOUND ( 'NONE', #1905, .T. ) ;
#2203 = CARTESIAN_POINT ( 'NONE',  ( -1.301042606988258002E-16, 11.55238815542429798, -47.00000000000224532 ) ) ;
#2204 = ADVANCED_FACE ( 'NONE', ( #1892 ), #1571, .F. ) ;
#2205 = CARTESIAN_POINT ( 'NONE',  ( -7.499999999989809929, 10.91000000000002679, -41.25000000000272138 ) ) ;
#2206 = EDGE_CURVE ( 'NONE', #1252, #127, #453, .T. ) ;
#2207 = ORIENTED_EDGE ( 'NONE', *, *, #1188, .F. ) ;
#2208 = CARTESIAN_POINT ( 'NONE',  ( -10.14999999999999680, -4.500000000000000000, -27.77999999999999758 ) ) ;
#2209 = CARTESIAN_POINT ( 'NONE',  ( -10.14999999999999680, -7.500000000000000000, -27.77999999999999758 ) ) ;
#2210 = CIRCLE ( 'NONE', #1131, 1.500000000000001332 ) ;
#2211 = ORIENTED_EDGE ( 'NONE', *, *, #1686, .T. ) ;
#2212 = AXIS2_PLACEMENT_3D ( 'NONE', #1598, #620, #635 ) ;
#2213 = DIRECTION ( 'NONE',  ( 0.000000000000000000, -3.235926484033656621E-14, -1.000000000000000000 ) ) ;
#2214 = CARTESIAN_POINT ( 'NONE',  ( 15.00000000000969003, -1.640000000001439862, -66.00000000000221689 ) ) ;
#2215 = ORIENTED_EDGE ( 'NONE', *, *, #245, .T. ) ;
#2216 = CIRCLE ( 'NONE', #1372, 3.499999999999999556 ) ;
#2217 = FACE_OUTER_BOUND ( 'NONE', #2311, .T. ) ;
#2218 = DIRECTION ( 'NONE',  ( 4.163336342344337815E-15, -3.238150488490068519E-14, -1.000000000000000000 ) ) ;
#2219 = AXIS2_PLACEMENT_3D ( 'NONE', #2209, #1984, #1045 ) ;
#2220 = CIRCLE ( 'NONE', #1253, 2.399999999999999467 ) ;
#2221 = ORIENTED_EDGE ( 'NONE', *, *, #2168, .F. ) ;
#2222 = VECTOR ( 'NONE', #361, 1000.000000000000000 ) ;
#2223 = DIRECTION ( 'NONE',  ( -0.000000000000000000, -0.000000000000000000, 1.000000000000000000 ) ) ;
#2224 = CARTESIAN_POINT ( 'NONE',  ( -4.999999999994690469, 0.4999999999916807103, -9.000000000000000000 ) ) ;
#2225 = ORIENTED_EDGE ( 'NONE', *, *, #240, .T. ) ;
#2226 = CYLINDRICAL_SURFACE ( 'NONE', #945, 2.399999999999999467 ) ;
#2227 = DIRECTION ( 'NONE',  ( 0.000000000000000000, 1.000000000000000000, -3.286844480798161143E-14 ) ) ;
#2228 = AXIS2_PLACEMENT_3D ( 'NONE', #2237, #1266, #1656 ) ;
#2229 = VERTEX_POINT ( 'NONE', #2124 ) ;
#2230 = CARTESIAN_POINT ( 'NONE',  ( 10.15000000000000213, -7.500000000000000000, -6.499999999999999112 ) ) ;
#2231 = FACE_BOUND ( 'NONE', #426, .T. ) ;
#2232 = EDGE_CURVE ( 'NONE', #1340, #1873, #2270, .T. ) ;
#2233 = EDGE_CURVE ( 'NONE', #1199, #899, #1769, .T. ) ;
#2234 = ORIENTED_EDGE ( 'NONE', *, *, #2363, .F. ) ;
#2235 = CYLINDRICAL_SURFACE ( 'NONE', #1578, 3.550000000000001155 ) ;
#2236 = ORIENTED_EDGE ( 'NONE', *, *, #442, .T. ) ;
#2237 = CARTESIAN_POINT ( 'NONE',  ( 10.15000000000000391, -7.500000000000000000, -27.77999999999999403 ) ) ;
#2238 = DIRECTION ( 'NONE',  ( 0.000000000000000000, -1.000000000000000000, 0.000000000000000000 ) ) ;
#2239 = DIRECTION ( 'NONE',  ( 4.163336342344337815E-15, -3.238150488490068519E-14, -1.000000000000000000 ) ) ;
#2240 = VERTEX_POINT ( 'NONE', #1594 ) ;
#2241 = CARTESIAN_POINT ( 'NONE',  ( -10.14999999999999858, -7.500000000000000000, -10.00000000000000000 ) ) ;
#2242 = CARTESIAN_POINT ( 'NONE',  ( -14.99999999999058353, -4.499999999999665157, -2.082657505654688069E-14 ) ) ;
#2243 = ORIENTED_EDGE ( 'NONE', *, *, #1982, .F. ) ;
#2244 = APPLICATION_PROTOCOL_DEFINITION ( 'draft international standard', 'automotive_design', 1998, #887 ) ;
#2245 = ORIENTED_EDGE ( 'NONE', *, *, #1884, .F. ) ;
#2246 = FILL_AREA_STYLE ('',( #1505 ) ) ;
#2247 = LINE ( 'NONE', #538, #669 ) ;
#2248 = CARTESIAN_POINT ( 'NONE',  ( -1.301042606988118965E-16, -4.500000000000000000, -61.00000000000224532 ) ) ;
#2249 = ORIENTED_EDGE ( 'NONE', *, *, #1474, .T. ) ;
#2250 = FACE_OUTER_BOUND ( 'NONE', #239, .T. ) ;
#2251 = PLANE ( 'NONE',  #2012 ) ;
#2252 = EDGE_CURVE ( 'NONE', #2144, #1760, #1561, .T. ) ;
#2253 = DIRECTION ( 'NONE',  ( 0.000000000000000000, -1.000000000000000000, 0.000000000000000000 ) ) ;
#2254 = VECTOR ( 'NONE', #2265, 1000.000000000000000 ) ;
#2255 = VERTEX_POINT ( 'NONE', #1010 ) ;
#2256 = EDGE_CURVE ( 'NONE', #182, #2229, #597, .T. ) ;
#2257 = AXIS2_PLACEMENT_3D ( 'NONE', #2354, #1765, #1963 ) ;
#2258 = EDGE_CURVE ( 'NONE', #2255, #103, #1860, .T. ) ;
#2259 = EDGE_CURVE ( 'NONE', #1458, #917, #552, .T. ) ;
#2260 = ORIENTED_EDGE ( 'NONE', *, *, #1886, .F. ) ;
#2261 = AXIS2_PLACEMENT_3D ( 'NONE', #334, #2051, #1861 ) ;
#2262 = AXIS2_PLACEMENT_3D ( 'NONE', #2090, #1117, #734 ) ;
#2263 = ADVANCED_FACE ( 'NONE', ( #987, #417 ), #1757, .T. ) ;
#2264 = CARTESIAN_POINT ( 'NONE',  ( 7.500000000010190959, 26.86000000000002430, -41.25000000000317613 ) ) ;
#2265 = DIRECTION ( 'NONE',  ( 4.163336342344337815E-15, -3.238150488490068519E-14, -1.000000000000000000 ) ) ;
#2266 = CARTESIAN_POINT ( 'NONE',  ( -10.14999999999999680, -6.999999999999999112, -27.77999999999999758 ) ) ;
#2267 = VERTEX_POINT ( 'NONE', #273 ) ;
#2268 = DIRECTION ( 'NONE',  ( 0.000000000000000000, -1.000000000000000000, 0.000000000000000000 ) ) ;
#2269 = DIRECTION ( 'NONE',  ( 0.000000000000000000, 0.000000000000000000, 1.000000000000000000 ) ) ;
#2270 = CIRCLE ( 'NONE', #165, 3.549999999999999378 ) ;
#2271 = DIRECTION ( 'NONE',  ( 0.000000000000000000, -0.000000000000000000, -1.000000000000000000 ) ) ;
#2272 = ORIENTED_EDGE ( 'NONE', *, *, #986, .F. ) ;
#2273 = VECTOR ( 'NONE', #396, 1000.000000000000000 ) ;
#2274 = ORIENTED_EDGE ( 'NONE', *, *, #114, .T. ) ;
#2275 = CARTESIAN_POINT ( 'NONE',  ( 1.040834085593427750E-17, -1.640000000001220037, -59.25000000000233769 ) ) ;
#2276 = CARTESIAN_POINT ( 'NONE',  ( 10.15000000000000213, -7.500000000000000000, -9.999999999999998224 ) ) ;
#2277 = DIRECTION ( 'NONE',  ( 2.891205793308218138E-17, 1.000000000000000000, -3.238150488490068519E-14 ) ) ;
#2278 = ORIENTED_EDGE ( 'NONE', *, *, #1023, .F. ) ;
#2279 = CARTESIAN_POINT ( 'NONE',  ( -10.14999999999999858, -7.500000000000000000, -10.00000000000000000 ) ) ;
#2280 = LINE ( 'NONE', #384, #199 ) ;
#2281 = LINE ( 'NONE', #570, #903 ) ;
#2282 = CARTESIAN_POINT ( 'NONE',  ( 7.500000000010172307, 7.360000000000163745, -37.00000000000254374 ) ) ;
#2283 = ORIENTED_EDGE ( 'NONE', *, *, #1057, .T. ) ;
#2284 = AXIS2_PLACEMENT_3D ( 'NONE', #2105, #203, #1152 ) ;
#2285 = EDGE_LOOP ( 'NONE', ( #1825, #1012, #1617, #2316 ) ) ;
#2286 = PLANE ( 'NONE',  #981 ) ;
#2287 = DIRECTION ( 'NONE',  ( 0.000000000000000000, 0.000000000000000000, -1.000000000000000000 ) ) ;
#2288 = VERTEX_POINT ( 'NONE', #2323 ) ;
#2289 = FACE_OUTER_BOUND ( 'NONE', #1549, .T. ) ;
#2290 = EDGE_CURVE ( 'NONE', #182, #1340, #2148, .T. ) ;
#2291 = CARTESIAN_POINT ( 'NONE',  ( -10.14999999999999858, -7.500000000000000000, -10.00000000000000000 ) ) ;
#2292 = CIRCLE ( 'NONE', #1014, 1.750000000000001554 ) ;
#2293 = DIRECTION ( 'NONE',  ( 0.000000000000000000, 0.000000000000000000, -1.000000000000000000 ) ) ;
#2294 = CARTESIAN_POINT ( 'NONE',  ( 7.500000000010191847, 3.810000000000026699, -41.25000000000242295 ) ) ;
#2295 = ORIENTED_EDGE ( 'NONE', *, *, #1440, .F. ) ;
#2296 = ORIENTED_EDGE ( 'NONE', *, *, #2127, .T. ) ;
#2297 = ORIENTED_EDGE ( 'NONE', *, *, #1836, .T. ) ;
#2298 = CARTESIAN_POINT ( 'NONE',  ( 7.500000000010190959, 26.86000000000002430, -41.25000000000317613 ) ) ;
#2299 = CARTESIAN_POINT ( 'NONE',  ( -7.499999999989808153, 26.86000000000002785, -41.25000000000323297 ) ) ;
#2300 = AXIS2_PLACEMENT_3D ( 'NONE', #977, #2120, #2418 ) ;
#2301 = PLANE ( 'NONE',  #45 ) ;
#2302 = ORIENTED_EDGE ( 'NONE', *, *, #972, .T. ) ;
#2303 = CYLINDRICAL_SURFACE ( 'NONE', #884, 3.550000000000001155 ) ;
#2304 = AXIS2_PLACEMENT_3D ( 'NONE', #2306, #1350, #795 ) ;
#2305 = DIRECTION ( 'NONE',  ( 4.163336342344337815E-15, -3.238150488490068519E-14, -1.000000000000000000 ) ) ;
#2306 = CARTESIAN_POINT ( 'NONE',  ( -7.499999999989809929, 7.360000000000027853, -41.25000000000260059 ) ) ;
#2307 = FACE_OUTER_BOUND ( 'NONE', #1728, .T. ) ;
#2308 = AXIS2_PLACEMENT_3D ( 'NONE', #802, #72, #629 ) ;
#2309 = VERTEX_POINT ( 'NONE', #1171 ) ;
#2310 = EDGE_CURVE ( 'NONE', #2392, #1005, #40, .T. ) ;
#2311 = EDGE_LOOP ( 'NONE', ( #2134, #690, #2189, #2405 ) ) ;
#2312 = EDGE_CURVE ( 'NONE', #1209, #1365, #2466, .T. ) ;
#2313 = ORIENTED_EDGE ( 'NONE', *, *, #901, .F. ) ;
#2314 = DIRECTION ( 'NONE',  ( 4.163336342344337815E-15, -3.238150488490068519E-14, -1.000000000000000000 ) ) ;
#2315 = PLANE ( 'NONE',  #2099 ) ;
#2316 = ORIENTED_EDGE ( 'NONE', *, *, #2426, .T. ) ;
#2317 = DIRECTION ( 'NONE',  ( -4.163336342344337815E-15, 3.238150488490068519E-14, 1.000000000000000000 ) ) ;
#2318 = DIRECTION ( 'NONE',  ( 0.000000000000000000, 0.000000000000000000, 1.000000000000000000 ) ) ;
#2319 = CARTESIAN_POINT ( 'NONE',  ( -10.14999999999999858, -7.500000000000000000, -10.00000000000000000 ) ) ;
#2320 = DIRECTION ( 'NONE',  ( 0.000000000000000000, 0.000000000000000000, -1.000000000000000000 ) ) ;
#2321 = ORIENTED_EDGE ( 'NONE', *, *, #440, .F. ) ;
#2322 = ORIENTED_EDGE ( 'NONE', *, *, #134, .F. ) ;
#2323 = CARTESIAN_POINT ( 'NONE',  ( -10.14999999999999858, -6.999999999999999112, -11.50000000000000178 ) ) ;
#2324 = CYLINDRICAL_SURFACE ( 'NONE', #1612, 3.499999999999999556 ) ;
#2325 = ORIENTED_EDGE ( 'NONE', *, *, #765, .F. ) ;
#2326 = CARTESIAN_POINT ( 'NONE',  ( 7.500000000010190959, 30.41000000000002146, -41.25000000000328981 ) ) ;
#2327 = FACE_OUTER_BOUND ( 'NONE', #503, .T. ) ;
#2328 = CARTESIAN_POINT ( 'NONE',  ( 7.500000000010189183, 7.360000000000026077, -41.25000000000254374 ) ) ;
#2329 = ORIENTED_EDGE ( 'NONE', *, *, #1008, .F. ) ;
#2330 = CIRCLE ( 'NONE', #2407, 3.549999999999997602 ) ;
#2331 = VERTEX_POINT ( 'NONE', #2114 ) ;
#2332 = AXIS2_PLACEMENT_3D ( 'NONE', #1422, #483, #1049 ) ;
#2333 = DIRECTION ( 'NONE',  ( -0.000000000000000000, 1.000000000000000000, -0.000000000000000000 ) ) ;
#2334 = EDGE_CURVE ( 'NONE', #19, #1726, #991, .T. ) ;
#2335 = CARTESIAN_POINT ( 'NONE',  ( -4.741577501023377379E-17, -1.640000000001276659, -61.00000000000233769 ) ) ;
#2336 = VERTEX_POINT ( 'NONE', #85 ) ;
#2337 = CIRCLE ( 'NONE', #854, 3.550000000000001155 ) ;
#2338 = EDGE_CURVE ( 'NONE', #1716, #949, #2066, .T. ) ;
#2339 = DIRECTION ( 'NONE',  ( -0.000000000000000000, -1.000000000000000000, 3.236801821064596394E-14 ) ) ;
#2340 = AXIS2_PLACEMENT_3D ( 'NONE', #25, #585, #1526 ) ;
#2341 = FACE_OUTER_BOUND ( 'NONE', #879, .T. ) ;
#2342 = CIRCLE ( 'NONE', #1497, 3.549999999999999378 ) ;
#2343 = DIRECTION ( 'NONE',  ( 0.000000000000000000, 0.000000000000000000, -1.000000000000000000 ) ) ;
#2344 = ORIENTED_EDGE ( 'NONE', *, *, #1114, .F. ) ;
#2345 = ORIENTED_EDGE ( 'NONE', *, *, #2310, .F. ) ;
#2346 = CIRCLE ( 'NONE', #1260, 1.899999999999999023 ) ;
#2347 = ORIENTED_EDGE ( 'NONE', *, *, #1172, .F. ) ;
#2348 = CARTESIAN_POINT ( 'NONE',  ( 7.500000000010174084, 28.76000000000016144, -37.00000000000324007 ) ) ;
#2349 = DIRECTION ( 'NONE',  ( -9.222765780247858665E-16, 0.000000000000000000, 1.000000000000000000 ) ) ;
#2350 = VERTEX_POINT ( 'NONE', #253 ) ;
#2351 = DIRECTION ( 'NONE',  ( 0.000000000000000000, -1.000000000000000000, 0.000000000000000000 ) ) ;
#2352 = EDGE_CURVE ( 'NONE', #1052, #2331, #248, .T. ) ;
#2353 = DIRECTION ( 'NONE',  ( -1.000000000000000000, -6.245004513516505540E-17, 5.475220971051797392E-17 ) ) ;
#2354 = CARTESIAN_POINT ( 'NONE',  ( 6.823245672209489625E-17, 2.359999999998722675, -61.00000000000246558 ) ) ;
#2355 = ORIENTED_EDGE ( 'NONE', *, *, #2206, .F. ) ;
#2356 = CARTESIAN_POINT ( 'NONE',  ( -10.14999999999999858, -6.999999999999999112, -10.00000000000000000 ) ) ;
#2357 = ORIENTED_EDGE ( 'NONE', *, *, #1468, .F. ) ;
#2358 = DIRECTION ( 'NONE',  ( 0.000000000000000000, 0.000000000000000000, 1.000000000000000000 ) ) ;
#2359 = DIRECTION ( 'NONE',  ( 1.000000000000000000, 0.000000000000000000, 0.000000000000000000 ) ) ;
#2360 = EDGE_LOOP ( 'NONE', ( #1528, #1293, #1125, #1402, #1579, #511, #1435, #413 ) ) ;
#2361 = CARTESIAN_POINT ( 'NONE',  ( 7.500000000010193624, 23.31000000000002359, -41.25000000000305533 ) ) ;
#2362 = DIRECTION ( 'NONE',  ( 1.659100374445940695E-16, 2.602085213965206790E-18, -1.000000000000000000 ) ) ;
#2363 = EDGE_CURVE ( 'NONE', #588, #220, #262, .T. ) ;
#2364 = ADVANCED_FACE ( 'NONE', ( #1024 ), #1160, .F. ) ;
#2365 = DIRECTION ( 'NONE',  ( 1.000000000000000000, 0.000000000000000000, 0.000000000000000000 ) ) ;
#2366 = DIRECTION ( 'NONE',  ( 4.163336342344337815E-15, -3.238150488490068519E-14, -1.000000000000000000 ) ) ;
#2367 = ORIENTED_EDGE ( 'NONE', *, *, #1678, .F. ) ;
#2368 = DIRECTION ( 'NONE',  ( 0.000000000000000000, 1.000000000000000000, -3.322850601871067466E-14 ) ) ;
#2369 = DIRECTION ( 'NONE',  ( 4.163336342344337815E-15, -3.238150488490068519E-14, -1.000000000000000000 ) ) ;
#2370 = ORIENTED_EDGE ( 'NONE', *, *, #1657, .F. ) ;
#2371 = DIRECTION ( 'NONE',  ( -0.000000000000000000, -1.000000000000000000, -0.000000000000000000 ) ) ;
#2372 = CIRCLE ( 'NONE', #1374, 2.399999999999999467 ) ;
#2373 = DIRECTION ( 'NONE',  ( -0.000000000000000000, 1.000000000000000000, -0.000000000000000000 ) ) ;
#2374 = AXIS2_PLACEMENT_3D ( 'NONE', #1566, #1990, #1976 ) ;
#2375 = CARTESIAN_POINT ( 'NONE',  ( 2.250000000005310419, 0.4999999999910149096, -9.000000000000000000 ) ) ;
#2376 = AXIS2_PLACEMENT_3D ( 'NONE', #1623, #1397, #2377 ) ;
#2377 = DIRECTION ( 'NONE',  ( 0.000000000000000000, -0.000000000000000000, -1.000000000000000000 ) ) ;
#2378 = AXIS2_PLACEMENT_3D ( 'NONE', #564, #2060, #354 ) ;
#2379 = EDGE_CURVE ( 'NONE', #856, #1130, #1665, .T. ) ;
#2380 = EDGE_LOOP ( 'NONE', ( #2272, #1717, #2236, #970 ) ) ;
#2381 = STYLED_ITEM ( 'NONE', ( #1651 ), #2018 ) ;
#2382 = CARTESIAN_POINT ( 'NONE',  ( 7.500000000010192736, 10.91000000000000192, -42.00000000000265743 ) ) ;
#2383 = CYLINDRICAL_SURFACE ( 'NONE', #1407, 3.499999999999999556 ) ;
#2384 = AXIS2_PLACEMENT_3D ( 'NONE', #1207, #1355, #405 ) ;
#2385 = EDGE_LOOP ( 'NONE', ( #1476, #8 ) ) ;
#2386 = CARTESIAN_POINT ( 'NONE',  ( -10.14999999999999680, -7.500000000000000000, -24.28000000000000114 ) ) ;
#2387 = ADVANCED_FACE ( 'NONE', ( #1263, #286 ), #317, .T. ) ;
#2388 = DIRECTION ( 'NONE',  ( 0.000000000000000000, -0.000000000000000000, -1.000000000000000000 ) ) ;
#2389 = EDGE_CURVE ( 'NONE', #1634, #197, #1063, .T. ) ;
#2390 = CARTESIAN_POINT ( 'NONE',  ( 10.15000000000000213, -4.500000000000000000, -9.999999999999998224 ) ) ;
#2391 = FACE_OUTER_BOUND ( 'NONE', #573, .T. ) ;
#2392 = VERTEX_POINT ( 'NONE', #2382 ) ;
#2393 = CYLINDRICAL_SURFACE ( 'NONE', #2026, 1.750000000000001554 ) ;
#2394 = FACE_OUTER_BOUND ( 'NONE', #1301, .T. ) ;
#2395 = VERTEX_POINT ( 'NONE', #843 ) ;
#2396 = FACE_OUTER_BOUND ( 'NONE', #173, .T. ) ;
#2397 = CARTESIAN_POINT ( 'NONE',  ( -7.499999999989827693, 7.360000000000165521, -37.00000000000260769 ) ) ;
#2398 = ORIENTED_EDGE ( 'NONE', *, *, #927, .T. ) ;
#2399 = DIRECTION ( 'NONE',  ( 2.891205793308218754E-17, 1.000000000000000000, -3.238150488490068519E-14 ) ) ;
#2400 = ORIENTED_EDGE ( 'NONE', *, *, #245, .F. ) ;
#2401 = ORIENTED_EDGE ( 'NONE', *, *, #1237, .T. ) ;
#2402 = CARTESIAN_POINT ( 'NONE',  ( 10.15000000000000391, -4.500000000000000000, -27.77999999999999403 ) ) ;
#2403 = DIRECTION ( 'NONE',  ( 0.000000000000000000, 0.000000000000000000, -1.000000000000000000 ) ) ;
#2404 = CIRCLE ( 'NONE', #2091, 1.750000000000001554 ) ;
#2405 = ORIENTED_EDGE ( 'NONE', *, *, #601, .T. ) ;
#2406 = ADVANCED_FACE ( 'NONE', ( #463 ), #661, .T. ) ;
#2407 = AXIS2_PLACEMENT_3D ( 'NONE', #1267, #1661, #2409 ) ;
#2408 = CARTESIAN_POINT ( 'NONE',  ( 7.750000000005309531, 0.4999999999910145765, -9.000000000000000000 ) ) ;
#2409 = DIRECTION ( 'NONE',  ( 0.000000000000000000, 1.000000000000000000, -3.322850601871069359E-14 ) ) ;
#2410 = EDGE_CURVE ( 'NONE', #526, #123, #1902, .T. ) ;
#2411 = ORIENTED_EDGE ( 'NONE', *, *, #1858, .T. ) ;
#2412 = CARTESIAN_POINT ( 'NONE',  ( 5.000000000005310419, 0.4999999999910145765, -9.000000000000000000 ) ) ;
#2413 = CARTESIAN_POINT ( 'NONE',  ( -10.14999999999999680, -4.500000000000000000, -31.28000000000000114 ) ) ;
#2414 = AXIS2_PLACEMENT_3D ( 'NONE', #1230, #1781, #296 ) ;
#2415 = VECTOR ( 'NONE', #2131, 1000.000000000000000 ) ;
#2416 = ORIENTED_EDGE ( 'NONE', *, *, #233, .F. ) ;
#2417 = CIRCLE ( 'NONE', #2304, 1.900000000000000577 ) ;
#2418 = DIRECTION ( 'NONE',  ( 1.000000000000000000, 0.000000000000000000, 0.000000000000000000 ) ) ;
#2419 = ORIENTED_EDGE ( 'NONE', *, *, #2080, .T. ) ;
#2420 = DIRECTION ( 'NONE',  ( -4.163336342344337815E-15, 3.238150488490068519E-14, 1.000000000000000000 ) ) ;
#2421 = AXIS2_PLACEMENT_3D ( 'NONE', #2208, #105, #295 ) ;
#2422 = CARTESIAN_POINT ( 'NONE',  ( 15.00000000000969003, -4.500000000001440625, -66.00000000000213163 ) ) ;
#2423 = CARTESIAN_POINT ( 'NONE',  ( -4.741577501023459347E-17, -1.640000000000823910, -47.00000000000233769 ) ) ;
#2424 = AXIS2_PLACEMENT_3D ( 'NONE', #1200, #971, #1951 ) ;
#2425 = ORIENTED_EDGE ( 'NONE', *, *, #2256, .F. ) ;
#2426 = EDGE_CURVE ( 'NONE', #1923, #1760, #1703, .T. ) ;
#2427 = DIRECTION ( 'NONE',  ( 0.000000000000000000, -1.000000000000000000, 0.000000000000000000 ) ) ;
#2428 = FACE_BOUND ( 'NONE', #512, .T. ) ;
#2429 = ORIENTED_EDGE ( 'NONE', *, *, #1727, .F. ) ;
#2430 = DIRECTION ( 'NONE',  ( 0.000000000000000000, 1.000000000000000000, -3.286844480798161143E-14 ) ) ;
#2431 = EDGE_LOOP ( 'NONE', ( #2225, #302 ) ) ;
#2432 = FACE_OUTER_BOUND ( 'NONE', #1698, .T. ) ;
#2433 = EDGE_CURVE ( 'NONE', #1519, #297, #246, .T. ) ;
#2434 = CARTESIAN_POINT ( 'NONE',  ( 0.000000000000000000, 0.000000000000000000, 0.000000000000000000 ) ) ;
#2435 = CARTESIAN_POINT ( 'NONE',  ( 7.500000000010189183, 7.360000000000026077, -41.25000000000254374 ) ) ;
#2436 = ORIENTED_EDGE ( 'NONE', *, *, #1559, .T. ) ;
#2437 = DIRECTION ( 'NONE',  ( 0.000000000000000000, -1.000000000000000000, 0.000000000000000000 ) ) ;
#2438 = ADVANCED_FACE ( 'NONE', ( #2171 ), #2393, .F. ) ;
#2439 = CARTESIAN_POINT ( 'NONE',  ( 10.15000000000000391, -4.500000000000000000, -27.77999999999999403 ) ) ;
#2440 = LINE ( 'NONE', #1298, #1580 ) ;
#2441 = ADVANCED_FACE ( 'NONE', ( #1412 ), #2186, .F. ) ;
#2442 = EDGE_CURVE ( 'NONE', #870, #791, #2034, .T. ) ;
#2443 = EDGE_LOOP ( 'NONE', ( #700, #1389 ) ) ;
#2444 = ORIENTED_EDGE ( 'NONE', *, *, #1440, .T. ) ;
#2445 = DIRECTION ( 'NONE',  ( 0.000000000000000000, 0.000000000000000000, -1.000000000000000000 ) ) ;
#2446 = CARTESIAN_POINT ( 'NONE',  ( -10.14999999999999680, -7.500000000000000000, -27.77999999999999758 ) ) ;
#2447 = LINE ( 'NONE', #1697, #1823 ) ;
#2448 = ORIENTED_EDGE ( 'NONE', *, *, #2130, .F. ) ;
#2449 = CARTESIAN_POINT ( 'NONE',  ( 15.00000000001002398, 31.85999999999997101, 1.942890293094023946E-13 ) ) ;
#2450 = CARTESIAN_POINT ( 'NONE',  ( -10.14999999999999680, -6.999999999999999112, -29.27999999999999758 ) ) ;
#2451 = CARTESIAN_POINT ( 'NONE',  ( -10.14999999999999858, -6.999999999999999112, -7.600000000000000533 ) ) ;
#2452 = CIRCLE ( 'NONE', #2332, 1.900000000000000577 ) ;
#2453 = VECTOR ( 'NONE', #2369, 1000.000000000000000 ) ;
#2454 = VERTEX_POINT ( 'NONE', #1078 ) ;
#2455 = VECTOR ( 'NONE', #1788, 1000.000000000000000 ) ;
#2456 = ADVANCED_FACE ( 'NONE', ( #133 ), #144, .F. ) ;
#2457 = ORIENTED_EDGE ( 'NONE', *, *, #1918, .T. ) ;
#2458 = VECTOR ( 'NONE', #924, 1000.000000000000000 ) ;
#2459 = PRESENTATION_STYLE_ASSIGNMENT (( #1708 ) ) ;
#2460 = DIRECTION ( 'NONE',  ( 0.000000000000000000, 1.000000000000000000, -3.322850601871069359E-14 ) ) ;
#2461 = DIRECTION ( 'NONE',  ( 0.000000000000000000, -1.000000000000000000, 0.000000000000000000 ) ) ;
#2462 = VERTEX_POINT ( 'NONE', #1994 ) ;
#2463 = FACE_OUTER_BOUND ( 'NONE', #1501, .T. ) ;
#2464 = EDGE_CURVE ( 'NONE', #2112, #1206, #1102, .T. ) ;
#2465 = DIRECTION ( 'NONE',  ( 0.000000000000000000, 3.271192840413404779E-14, 1.000000000000000000 ) ) ;
#2466 = CIRCLE ( 'NONE', #674, 2.750000000000000000 ) ;
#2467 = CARTESIAN_POINT ( 'NONE',  ( 10.15000000000000391, -6.999999999999999112, -25.37999999999999545 ) ) ;
#2468 = EDGE_CURVE ( 'NONE', #161, #2462, #2145, .T. ) ;
ENDSEC;
END-ISO-10303-21;
