ISO-10303-21;
HEADER;
FILE_DESCRIPTION (( 'STEP AP214' ),
    '1' );
FILE_NAME ('010_002_Front_back_servo_mount_1.STEP',
    '2024-07-21T08:32:28',
    ( '' ),
    ( '' ),
    'SwSTEP 2.0',
    'SolidWorks 2019',
    '' );
FILE_SCHEMA (( 'AUTOMOTIVE_DESIGN' ));
ENDSEC;

DATA;
#1 = ORIENTED_EDGE ( 'NONE', *, *, #819, .T. ) ;
#2 = PLANE ( 'NONE',  #1617 ) ;
#3 = CARTESIAN_POINT ( 'NONE',  ( 1.470283216747640392E-15, -5.200000000000000178, 4.979684464207636846E-31 ) ) ;
#4 = CARTESIAN_POINT ( 'NONE',  ( 2.610287666325547207, -13.85705393449218903, 2.299999999999999822 ) ) ;
#5 = ORIENTED_EDGE ( 'NONE', *, *, #1528, .T. ) ;
#6 = CARTESIAN_POINT ( 'NONE',  ( -6.625000000000182965, -11.47483660014792939, -8.374011537024829366 ) ) ;
#7 = DIRECTION ( 'NONE',  ( 4.276423536147513034E-48, -2.465190328815661892E-32, -1.000000000000000000 ) ) ;
#8 = APPLICATION_PROTOCOL_DEFINITION ( 'draft international standard', 'automotive_design', 1998, #2088 ) ;
#9 = LINE ( 'NONE', #546, #1310 ) ;
#10 = VERTEX_POINT ( 'NONE', #1362 ) ;
#11 = EDGE_CURVE ( 'NONE', #378, #1122, #1373, .T. ) ;
#12 = CARTESIAN_POINT ( 'NONE',  ( -28.07500000000000639, -17.60000000000000497, 28.89999999999999503 ) ) ;
#13 = FACE_BOUND ( 'NONE', #1965, .T. ) ;
#14 = EDGE_CURVE ( 'NONE', #231, #233, #2339, .T. ) ;
#15 = CIRCLE ( 'NONE', #1073, 2.649999999999997691 ) ;
#16 = CIRCLE ( 'NONE', #318, 1.899999999999098632 ) ;
#17 = DIRECTION ( 'NONE',  ( -0.000000000000000000, -0.000000000000000000, 1.000000000000000000 ) ) ;
#18 = VERTEX_POINT ( 'NONE', #479 ) ;
#19 = VECTOR ( 'NONE', #505, 1000.000000000000227 ) ;
#20 = CIRCLE ( 'NONE', #676, 3.550000000000001155 ) ;
#21 = EDGE_CURVE ( 'NONE', #233, #1175, #1043, .T. ) ;
#22 = AXIS2_PLACEMENT_3D ( 'NONE', #406, #1169, #1882 ) ;
#23 = FACE_OUTER_BOUND ( 'NONE', #651, .T. ) ;
#24 = EDGE_CURVE ( 'NONE', #691, #1740, #1102, .T. ) ;
#25 = LINE ( 'NONE', #1079, #298 ) ;
#26 = AXIS2_PLACEMENT_3D ( 'NONE', #1672, #2414, #556 ) ;
#27 = CARTESIAN_POINT ( 'NONE',  ( -29.00000000000000000, -5.200000000000006395, -3.000000000000002665 ) ) ;
#28 = VERTEX_POINT ( 'NONE', #2196 ) ;
#29 = DIRECTION ( 'NONE',  ( 0.000000000000000000, 0.000000000000000000, 1.000000000000000000 ) ) ;
#30 = LINE ( 'NONE', #735, #221 ) ;
#31 = ORIENTED_EDGE ( 'NONE', *, *, #859, .F. ) ;
#32 = VECTOR ( 'NONE', #2192, 1000.000000000000000 ) ;
#33 = AXIS2_PLACEMENT_3D ( 'NONE', #660, #1947, #988 ) ;
#34 = ADVANCED_FACE ( 'NONE', ( #1823 ), #2209, .F. ) ;
#35 = ORIENTED_EDGE ( 'NONE', *, *, #366, .F. ) ;
#36 = VECTOR ( 'NONE', #526, 1000.000000000000114 ) ;
#37 = CARTESIAN_POINT ( 'NONE',  ( 8.525000000002393108, -11.47483660014370344, -3.000000000000000000 ) ) ;
#38 = CARTESIAN_POINT ( 'NONE',  ( 24.00000000000003908, -20.99999999999999645, 21.10000000000006182 ) ) ;
#39 = DIRECTION ( 'NONE',  ( -2.016023975600421011E-16, 1.000000000000000000, -1.232595164407830946E-32 ) ) ;
#40 = EDGE_LOOP ( 'NONE', ( #2351, #623, #1636, #154 ) ) ;
#41 = FACE_OUTER_BOUND ( 'NONE', #794, .T. ) ;
#42 = DIRECTION ( 'NONE',  ( -0.7668107407455120317, 0.6418732646537936848, 0.000000000000000000 ) ) ;
#43 = EDGE_CURVE ( 'NONE', #1599, #1175, #723, .T. ) ;
#44 = ORIENTED_EDGE ( 'NONE', *, *, #649, .T. ) ;
#45 = ORIENTED_EDGE ( 'NONE', *, *, #1820, .T. ) ;
#46 = LINE ( 'NONE', #2289, #653 ) ;
#47 = DIRECTION ( 'NONE',  ( 0.000000000000000000, 0.000000000000000000, 1.000000000000000000 ) ) ;
#48 = DIRECTION ( 'NONE',  ( -0.000000000000000000, -0.000000000000000000, 1.000000000000000000 ) ) ;
#49 = AXIS2_PLACEMENT_3D ( 'NONE', #158, #670, #864 ) ;
#50 = EDGE_LOOP ( 'NONE', ( #733, #2032, #350, #737 ) ) ;
#51 = PLANE ( 'NONE',  #2322 ) ;
#52 = DIRECTION ( 'NONE',  ( -0.000000000000000000, -0.000000000000000000, 1.000000000000000000 ) ) ;
#53 = EDGE_CURVE ( 'NONE', #991, #1263, #917, .T. ) ;
#54 = VERTEX_POINT ( 'NONE', #1613 ) ;
#55 = CARTESIAN_POINT ( 'NONE',  ( -23.99999999999996092, -20.99999999999999645, 11.10000000000005471 ) ) ;
#56 = ORIENTED_EDGE ( 'NONE', *, *, #211, .F. ) ;
#57 = EDGE_LOOP ( 'NONE', ( #2041, #1414, #1386, #1411 ) ) ;
#58 = DIRECTION ( 'NONE',  ( 1.000000000000000000, 0.000000000000000000, 0.000000000000000000 ) ) ;
#59 = VECTOR ( 'NONE', #396, 1000.000000000000000 ) ;
#60 = VECTOR ( 'NONE', #1521, 1000.000000000000114 ) ;
#61 = DIRECTION ( 'NONE',  ( -0.000000000000000000, -1.000000000000000000, -0.000000000000000000 ) ) ;
#62 = CARTESIAN_POINT ( 'NONE',  ( 20.00000000000000000, -5.199999999999996625, 8.799999999999981171 ) ) ;
#63 = EDGE_CURVE ( 'NONE', #510, #804, #1442, .T. ) ;
#64 = AXIS2_PLACEMENT_3D ( 'NONE', #310, #873, #1623 ) ;
#65 = ORIENTED_EDGE ( 'NONE', *, *, #1459, .F. ) ;
#66 = DIRECTION ( 'NONE',  ( -1.000000000000000000, 1.636531581110195607E-15, 0.000000000000000000 ) ) ;
#67 = CARTESIAN_POINT ( 'NONE',  ( 24.00000000000003908, -20.99999999999999645, 13.84999999999999076 ) ) ;
#68 = ORIENTED_EDGE ( 'NONE', *, *, #1032, .F. ) ;
#69 = DIRECTION ( 'NONE',  ( -0.000000000000000000, -0.000000000000000000, 1.000000000000000000 ) ) ;
#70 = ORIENTED_EDGE ( 'NONE', *, *, #629, .T. ) ;
#71 = ORIENTED_EDGE ( 'NONE', *, *, #1819, .T. ) ;
#72 = DIRECTION ( 'NONE',  ( 2.016023975600421011E-16, -1.000000000000000000, 1.232595164407830946E-32 ) ) ;
#73 = VECTOR ( 'NONE', #1731, 1000.000000000000000 ) ;
#74 = VECTOR ( 'NONE', #872, 1000.000000000000000 ) ;
#75 = CARTESIAN_POINT ( 'NONE',  ( 20.97499999999999076, -17.60000000000001563, 28.14999999999999503 ) ) ;
#76 = DIRECTION ( 'NONE',  ( -1.000000000000000000, 0.000000000000000000, 0.000000000000000000 ) ) ;
#77 = EDGE_CURVE ( 'NONE', #926, #1256, #152, .T. ) ;
#78 = ORIENTED_EDGE ( 'NONE', *, *, #1943, .F. ) ;
#79 = DIRECTION ( 'NONE',  ( -0.000000000000000000, -0.000000000000000000, 1.000000000000000000 ) ) ;
#80 = DIRECTION ( 'NONE',  ( 0.000000000000000000, -1.000000000000000000, 0.000000000000000000 ) ) ;
#81 = ORIENTED_EDGE ( 'NONE', *, *, #1082, .F. ) ;
#82 = VERTEX_POINT ( 'NONE', #2167 ) ;
#83 = ORIENTED_EDGE ( 'NONE', *, *, #1029, .F. ) ;
#84 = DIRECTION ( 'NONE',  ( -0.000000000000000000, -1.000000000000000000, -0.000000000000000000 ) ) ;
#85 = CARTESIAN_POINT ( 'NONE',  ( 28.07499999999999218, -17.60000000000001563, 28.89999999999999503 ) ) ;
#86 = DIRECTION ( 'NONE',  ( 0.9392839235730117142, -0.3431409490534300666, 0.000000000000000000 ) ) ;
#87 = ORIENTED_EDGE ( 'NONE', *, *, #388, .F. ) ;
#88 = CARTESIAN_POINT ( 'NONE',  ( 7.729159201800657186, 1.055159106790048984E-12, -42.93251095273883777 ) ) ;
#89 = CARTESIAN_POINT ( 'NONE',  ( 6.874999999998321343, 11.90784930203709280, -3.000000000000000000 ) ) ;
#90 = ADVANCED_FACE ( 'NONE', ( #2350, #867, #697, #1287, #892, #1066 ), #1983, .T. ) ;
#91 = ORIENTED_EDGE ( 'NONE', *, *, #606, .T. ) ;
#92 = PLANE ( 'NONE',  #913 ) ;
#93 = ADVANCED_FACE ( 'NONE', ( #313 ), #524, .F. ) ;
#94 = VERTEX_POINT ( 'NONE', #2383 ) ;
#95 = ORIENTED_EDGE ( 'NONE', *, *, #1608, .T. ) ;
#96 = LINE ( 'NONE', #75, #457 ) ;
#97 = CARTESIAN_POINT ( 'NONE',  ( -20.00000000000000000, -2.449293598294706513E-15, -53.00000000000000711 ) ) ;
#98 = EDGE_CURVE ( 'NONE', #1092, #1881, #1614, .T. ) ;
#99 = CIRCLE ( 'NONE', #1540, 5.000000000000000000 ) ;
#100 = ORIENTED_EDGE ( 'NONE', *, *, #11, .T. ) ;
#101 = LINE ( 'NONE', #844, #707 ) ;
#102 = VECTOR ( 'NONE', #79, 1000.000000000000000 ) ;
#103 = VERTEX_POINT ( 'NONE', #1848 ) ;
#104 = DIRECTION ( 'NONE',  ( -0.000000000000000000, -0.000000000000000000, 1.000000000000000000 ) ) ;
#105 = EDGE_LOOP ( 'NONE', ( #1911, #2101, #1049, #2298 ) ) ;
#106 = EDGE_CURVE ( 'NONE', #1759, #324, #1536, .T. ) ;
#107 = ORIENTED_EDGE ( 'NONE', *, *, #1799, .F. ) ;
#108 = EDGE_CURVE ( 'NONE', #1835, #510, #1851, .T. ) ;
#109 = DIRECTION ( 'NONE',  ( -1.000000000000000000, 0.000000000000000000, 0.000000000000000000 ) ) ;
#110 = AXIS2_PLACEMENT_3D ( 'NONE', #1448, #1462, #2225 ) ;
#111 = ORIENTED_EDGE ( 'NONE', *, *, #399, .F. ) ;
#112 = LINE ( 'NONE', #1408, #871 ) ;
#113 = DIRECTION ( 'NONE',  ( 0.000000000000000000, 0.000000000000000000, 1.000000000000000000 ) ) ;
#114 = AXIS2_PLACEMENT_3D ( 'NONE', #427, #2108, #1941 ) ;
#115 = ORIENTED_EDGE ( 'NONE', *, *, #449, .F. ) ;
#116 = CARTESIAN_POINT ( 'NONE',  ( 11.60474041071149109, 6.700000000000736478, 0.000000000000000000 ) ) ;
#117 = DIRECTION ( 'NONE',  ( 0.000000000000000000, 1.000000000000000000, 0.000000000000000000 ) ) ;
#118 = ORIENTED_EDGE ( 'NONE', *, *, #1264, .T. ) ;
#119 = DIRECTION ( 'NONE',  ( -0.000000000000000000, -0.000000000000000000, 1.000000000000000000 ) ) ;
#120 = ORIENTED_EDGE ( 'NONE', *, *, #2327, .F. ) ;
#121 = CARTESIAN_POINT ( 'NONE',  ( -13.30570456204346108, 4.667951537024054076, 2.299999999999999822 ) ) ;
#122 = PLANE ( 'NONE',  #49 ) ;
#123 = ORIENTED_EDGE ( 'NONE', *, *, #2162, .T. ) ;
#124 = DIRECTION ( 'NONE',  ( 0.7668107407454950453, 0.6418732646538141129, 0.000000000000000000 ) ) ;
#125 = CARTESIAN_POINT ( 'NONE',  ( -7.729159201799991052, -3.485303408726214691E-13, 2.299999999999999822 ) ) ;
#126 = VERTEX_POINT ( 'NONE', #1078 ) ;
#127 = AXIS2_PLACEMENT_3D ( 'NONE', #1573, #644, #404 ) ;
#128 = DIRECTION ( 'NONE',  ( -2.016023975600421011E-16, 1.000000000000000000, -1.232595164407830946E-32 ) ) ;
#129 = VECTOR ( 'NONE', #559, 1000.000000000000000 ) ;
#130 = DIRECTION ( 'NONE',  ( 0.000000000000000000, 0.000000000000000000, 1.000000000000000000 ) ) ;
#131 = ORIENTED_EDGE ( 'NONE', *, *, #1728, .F. ) ;
#132 = ADVANCED_FACE ( 'NONE', ( #502 ), #1275, .F. ) ;
#133 = DIRECTION ( 'NONE',  ( 0.000000000000000000, 0.000000000000000000, 1.000000000000000000 ) ) ;
#134 = CIRCLE ( 'NONE', #599, 5.000000000000000000 ) ;
#135 = ORIENTED_EDGE ( 'NONE', *, *, #1243, .T. ) ;
#136 = CIRCLE ( 'NONE', #2201, 1.899999999999999023 ) ;
#137 = CARTESIAN_POINT ( 'NONE',  ( 0.000000000000000000, 0.000000000000000000, -2.999999999999999112 ) ) ;
#138 = DIRECTION ( 'NONE',  ( 1.000000000000000000, 0.000000000000000000, 0.000000000000000000 ) ) ;
#139 = LINE ( 'NONE', #1444, #183 ) ;
#140 = AXIS2_PLACEMENT_3D ( 'NONE', #2267, #1318, #200 ) ;
#141 = ORIENTED_EDGE ( 'NONE', *, *, #1894, .T. ) ;
#142 = ADVANCED_FACE ( 'NONE', ( #2372 ), #512, .T. ) ;
#143 = FACE_BOUND ( 'NONE', #2337, .T. ) ;
#144 = DIRECTION ( 'NONE',  ( -2.016023975600421011E-16, 1.000000000000000000, -1.232595164407830946E-32 ) ) ;
#145 = SHAPE_DEFINITION_REPRESENTATION ( #1601, #1206 ) ;
#146 = DIRECTION ( 'NONE',  ( 0.000000000000000000, 0.000000000000000000, 1.000000000000000000 ) ) ;
#147 = ADVANCED_FACE ( 'NONE', ( #1090, #1837, #161, #1467, #1872 ), #584, .T. ) ;
#148 = AXIS2_PLACEMENT_3D ( 'NONE', #189, #47, #1353 ) ;
#149 = AXIS2_PLACEMENT_3D ( 'NONE', #825, #1572, #2315 ) ;
#150 = ORIENTED_EDGE ( 'NONE', *, *, #204, .F. ) ;
#151 = PLANE ( 'NONE',  #209 ) ;
#152 = LINE ( 'NONE', #125, #1495 ) ;
#153 = CARTESIAN_POINT ( 'NONE',  ( 4.724999999997396394, -11.47483660014370344, -3.000000000000000000 ) ) ;
#154 = ORIENTED_EDGE ( 'NONE', *, *, #98, .F. ) ;
#155 = DIRECTION ( 'NONE',  ( -1.000000000000000000, -2.443272501375783973E-16, 0.000000000000000000 ) ) ;
#156 = EDGE_CURVE ( 'NONE', #1041, #167, #780, .T. ) ;
#157 = CARTESIAN_POINT ( 'NONE',  ( -8.524999999999280931, -11.47483660014792939, 2.299999999999999822 ) ) ;
#158 = CARTESIAN_POINT ( 'NONE',  ( -24.52500000000000568, -17.60000000000000497, 24.39999999999999503 ) ) ;
#159 = EDGE_LOOP ( 'NONE', ( #1596, #291 ) ) ;
#160 = CARTESIAN_POINT ( 'NONE',  ( 0.000000000000000000, 13.40000000000000036, 2.299999999999999822 ) ) ;
#161 = FACE_BOUND ( 'NONE', #332, .T. ) ;
#162 = FACE_OUTER_BOUND ( 'NONE', #1939, .T. ) ;
#163 = ORIENTED_EDGE ( 'NONE', *, *, #1330, .F. ) ;
#164 = VECTOR ( 'NONE', #1028, 1000.000000000000000 ) ;
#165 = DIRECTION ( 'NONE',  ( 1.000000000000000000, 0.000000000000000000, 0.000000000000000000 ) ) ;
#166 = CARTESIAN_POINT ( 'NONE',  ( -2.610287666324261568, 13.85705393449289780, 0.000000000000000000 ) ) ;
#167 = VERTEX_POINT ( 'NONE', #1309 ) ;
#168 = CARTESIAN_POINT ( 'NONE',  ( 24.00000000000003908, -20.99999999999999645, 23.84999999999999432 ) ) ;
#169 = EDGE_LOOP ( 'NONE', ( #1556, #855, #1561, #570 ) ) ;
#170 = CARTESIAN_POINT ( 'NONE',  ( -3.864579600899062495, -6.693648218653594384, 2.299999999999999822 ) ) ;
#171 = CARTESIAN_POINT ( 'NONE',  ( -23.99999999999996092, -20.99999999999999645, 13.84999999999998543 ) ) ;
#172 = AXIS2_PLACEMENT_3D ( 'NONE', #1796, #1054, #1421 ) ;
#173 = AXIS2_PLACEMENT_3D ( 'NONE', #1385, #2262, #2273 ) ;
#174 = LINE ( 'NONE', #2199, #1085 ) ;
#175 = ORIENTED_EDGE ( 'NONE', *, *, #14, .F. ) ;
#176 = EDGE_CURVE ( 'NONE', #972, #2274, #750, .T. ) ;
#177 = PLANE ( 'NONE',  #677 ) ;
#178 = CARTESIAN_POINT ( 'NONE',  ( 20.00000000000000355, -20.19999999999999574, 8.799999999999995381 ) ) ;
#179 = CARTESIAN_POINT ( 'NONE',  ( -23.99999999999996092, -30.00000000000000000, 16.59999999999991616 ) ) ;
#180 = ORIENTED_EDGE ( 'NONE', *, *, #933, .F. ) ;
#181 = CARTESIAN_POINT ( 'NONE',  ( 6.624999999999895195, -11.47483660014370344, -8.374011537024829366 ) ) ;
#182 = DIRECTION ( 'NONE',  ( 1.000000000000000000, 0.000000000000000000, 0.000000000000000000 ) ) ;
#183 = VECTOR ( 'NONE', #1377, 1000.000000000000000 ) ;
#184 = LINE ( 'NONE', #4, #36 ) ;
#185 = EDGE_LOOP ( 'NONE', ( #2282, #857, #1476, #2348 ) ) ;
#186 = DIRECTION ( 'NONE',  ( 1.000000000000000000, -7.752954082577896804E-16, 0.000000000000000000 ) ) ;
#187 = AXIS2_PLACEMENT_3D ( 'NONE', #1396, #474, #309 ) ;
#188 = EDGE_CURVE ( 'NONE', #1331, #991, #16, .T. ) ;
#189 = CARTESIAN_POINT ( 'NONE',  ( -24.52500000000000568, -17.60000000000000497, 28.14999999999999503 ) ) ;
#190 = DIRECTION ( 'NONE',  ( 0.7668107407454776148, -0.6418732646538348741, 0.000000000000000000 ) ) ;
#191 = ORIENTED_EDGE ( 'NONE', *, *, #1316, .F. ) ;
#192 = LINE ( 'NONE', #2062, #951 ) ;
#193 = FACE_OUTER_BOUND ( 'NONE', #1033, .T. ) ;
#194 = ADVANCED_FACE ( 'NONE', ( #13, #1675 ), #1699, .T. ) ;
#195 = ORIENTED_EDGE ( 'NONE', *, *, #1766, .F. ) ;
#196 = DIRECTION ( 'NONE',  ( 1.734723475976807094E-16, -1.000000000000000000, 0.000000000000000000 ) ) ;
#197 = EDGE_LOOP ( 'NONE', ( #141, #1587 ) ) ;
#198 = DIRECTION ( 'NONE',  ( -0.1724731828275082590, 0.9850142137072687154, 0.000000000000000000 ) ) ;
#199 = CARTESIAN_POINT ( 'NONE',  ( 3.864579600901408174, -6.693648218652620940, 2.299999999999999822 ) ) ;
#200 = DIRECTION ( 'NONE',  ( 1.000000000000000000, 0.000000000000000000, 0.000000000000000000 ) ) ;
#201 = ORIENTED_EDGE ( 'NONE', *, *, #1597, .T. ) ;
#202 = DIRECTION ( 'NONE',  ( 0.000000000000000000, 0.000000000000000000, 1.000000000000000000 ) ) ;
#203 = CARTESIAN_POINT ( 'NONE',  ( 29.00000000000000355, -30.00000000000000000, -3.000000000000002665 ) ) ;
#204 = EDGE_CURVE ( 'NONE', #2392, #244, #963, .T. ) ;
#205 = CARTESIAN_POINT ( 'NONE',  ( -6.625000000000182965, -11.47483660014792939, -8.374011537024829366 ) ) ;
#206 = VERTEX_POINT ( 'NONE', #2272 ) ;
#207 = VECTOR ( 'NONE', #1763, 1000.000000000000000 ) ;
#208 = ORIENTED_EDGE ( 'NONE', *, *, #24, .F. ) ;
#209 = AXIS2_PLACEMENT_3D ( 'NONE', #523, #1274, #2015 ) ;
#210 = FACE_OUTER_BOUND ( 'NONE', #2185, .T. ) ;
#211 = EDGE_CURVE ( 'NONE', #1582, #2309, #30, .T. ) ;
#212 = LINE ( 'NONE', #2059, #2408 ) ;
#213 = CARTESIAN_POINT ( 'NONE',  ( 24.00000000000003908, -20.99999999999999645, 26.59999999999992326 ) ) ;
#214 = ORIENTED_EDGE ( 'NONE', *, *, #1129, .F. ) ;
#215 = CARTESIAN_POINT ( 'NONE',  ( 3.864579600901408174, -6.693648218652620940, -42.93251095273883777 ) ) ;
#216 = DIRECTION ( 'NONE',  ( -1.000000000000000000, -2.016023975600421011E-16, 0.000000000000000000 ) ) ;
#217 = LINE ( 'NONE', #1530, #2198 ) ;
#218 = PRODUCT_RELATED_PRODUCT_CATEGORY ( 'part', '', ( #2343 ) ) ;
#219 = VERTEX_POINT ( 'NONE', #374 ) ;
#220 = VECTOR ( 'NONE', #2314, 1000.000000000000114 ) ;
#221 = VECTOR ( 'NONE', #2051, 1000.000000000000000 ) ;
#222 = ORIENTED_EDGE ( 'NONE', *, *, #1777, .F. ) ;
#223 = AXIS2_PLACEMENT_3D ( 'NONE', #1652, #196, #745 ) ;
#224 = DIRECTION ( 'NONE',  ( 0.000000000000000000, -0.000000000000000000, 1.000000000000000000 ) ) ;
#225 = CARTESIAN_POINT ( 'NONE',  ( 24.00000000000003908, -20.99999999999999645, 21.10000000000006182 ) ) ;
#226 = CYLINDRICAL_SURFACE ( 'NONE', #1744, 1.900000000000000577 ) ;
#227 = ADVANCED_FACE ( 'NONE', ( #1686 ), #407, .F. ) ;
#228 = ORIENTED_EDGE ( 'NONE', *, *, #874, .T. ) ;
#229 = CARTESIAN_POINT ( 'NONE',  ( -20.97500000000000497, -17.60000000000000497, 28.14999999999999503 ) ) ;
#230 = DIRECTION ( 'NONE',  ( -1.000000000000000000, 0.000000000000000000, 0.000000000000000000 ) ) ;
#231 = VERTEX_POINT ( 'NONE', #2221 ) ;
#232 = DIRECTION ( 'NONE',  ( -1.156482317317871478E-16, 1.000000000000000000, 0.000000000000000000 ) ) ;
#233 = VERTEX_POINT ( 'NONE', #203 ) ;
#234 = ORIENTED_EDGE ( 'NONE', *, *, #294, .F. ) ;
#235 = DIRECTION ( 'NONE',  ( 0.000000000000000000, 0.000000000000000000, 1.000000000000000000 ) ) ;
#236 = CARTESIAN_POINT ( 'NONE',  ( -5.000000000000000000, 6.123233995736766282E-16, -17.14213562373095101 ) ) ;
#237 = DIRECTION ( 'NONE',  ( 1.000000000000000000, 0.000000000000000000, 0.000000000000000000 ) ) ;
#238 = ORIENTED_EDGE ( 'NONE', *, *, #741, .T. ) ;
#239 = LINE ( 'NONE', #254, #441 ) ;
#240 = PLANE ( 'NONE',  #33 ) ;
#241 = VECTOR ( 'NONE', #119, 1000.000000000000000 ) ;
#242 = VERTEX_POINT ( 'NONE', #766 ) ;
#243 = CARTESIAN_POINT ( 'NONE',  ( -20.97500000000000497, -17.60000000000000497, 28.89999999999999503 ) ) ;
#244 = VERTEX_POINT ( 'NONE', #2039 ) ;
#245 = ORIENTED_EDGE ( 'NONE', *, *, #1897, .F. ) ;
#246 = EDGE_CURVE ( 'NONE', #1881, #1835, #597, .T. ) ;
#247 = DIRECTION ( 'NONE',  ( 0.000000000000000000, 0.000000000000000000, 1.000000000000000000 ) ) ;
#248 = EDGE_CURVE ( 'NONE', #2189, #1812, #1860, .T. ) ;
#249 = LINE ( 'NONE', #2134, #1203 ) ;
#250 = ADVANCED_FACE ( 'NONE', ( #193 ), #939, .F. ) ;
#251 = DIRECTION ( 'NONE',  ( -0.000000000000000000, -1.000000000000000000, -0.000000000000000000 ) ) ;
#252 = VECTOR ( 'NONE', #1120, 1000.000000000000000 ) ;
#253 = ORIENTED_EDGE ( 'NONE', *, *, #1584, .T. ) ;
#254 = CARTESIAN_POINT ( 'NONE',  ( 20.00000000000000000, -5.199999999999996625, -3.000000000000002665 ) ) ;
#255 = PLANE ( 'NONE',  #2268 ) ;
#256 = VERTEX_POINT ( 'NONE', #2246 ) ;
#257 = DIRECTION ( 'NONE',  ( 0.000000000000000000, 0.000000000000000000, -1.000000000000000000 ) ) ;
#258 = ORIENTED_EDGE ( 'NONE', *, *, #2261, .T. ) ;
#259 = ORIENTED_EDGE ( 'NONE', *, *, #803, .T. ) ;
#260 = DIRECTION ( 'NONE',  ( -0.9850142137072687154, 0.1724731828275083145, 0.000000000000000000 ) ) ;
#261 = CIRCLE ( 'NONE', #2210, 2.649999999999999467 ) ;
#262 = CIRCLE ( 'NONE', #2140, 1.899999999999999023 ) ;
#263 = DIRECTION ( 'NONE',  ( -0.000000000000000000, -1.000000000000000000, -0.000000000000000000 ) ) ;
#264 = CARTESIAN_POINT ( 'NONE',  ( 10.69541689572048959, -9.189102397467369343, -42.93251095273883777 ) ) ;
#265 = ADVANCED_FACE ( 'NONE', ( #1503 ), #1488, .F. ) ;
#266 = ADVANCED_FACE ( 'NONE', ( #2231 ), #1134, .F. ) ;
#267 = ORIENTED_EDGE ( 'NONE', *, *, #440, .F. ) ;
#268 = LINE ( 'NONE', #1016, #2145 ) ;
#269 = DIRECTION ( 'NONE',  ( 1.000000000000000000, 0.000000000000000000, 0.000000000000000000 ) ) ;
#270 = EDGE_LOOP ( 'NONE', ( #1875, #450, #1924, #1000 ) ) ;
#271 = EDGE_CURVE ( 'NONE', #1246, #1893, #1333, .T. ) ;
#272 = ORIENTED_EDGE ( 'NONE', *, *, #1701, .T. ) ;
#273 = EDGE_LOOP ( 'NONE', ( #1004, #1241, #2311, #2105 ) ) ;
#274 = CARTESIAN_POINT ( 'NONE',  ( -28.99999999999999645, -30.00000000000000355, 28.89999999999999503 ) ) ;
#275 = EDGE_CURVE ( 'NONE', #1367, #1976, #654, .T. ) ;
#276 = DIRECTION ( 'NONE',  ( -0.000000000000000000, -0.000000000000000000, 1.000000000000000000 ) ) ;
#277 = DIRECTION ( 'NONE',  ( 1.000000000000000000, 0.000000000000000000, 0.000000000000000000 ) ) ;
#278 = ORIENTED_EDGE ( 'NONE', *, *, #1567, .F. ) ;
#279 = AXIS2_PLACEMENT_3D ( 'NONE', #2183, #1647, #1062 ) ;
#280 = CARTESIAN_POINT ( 'NONE',  ( 0.000000000000000000, 13.40000000000000036, 0.000000000000000000 ) ) ;
#281 = CARTESIAN_POINT ( 'NONE',  ( 13.30570456204473651, -4.667951537023343533, 2.299999999999999822 ) ) ;
#282 = ORIENTED_EDGE ( 'NONE', *, *, #1337, .T. ) ;
#283 = CARTESIAN_POINT ( 'NONE',  ( 0.000000000000000000, 0.000000000000000000, -2.999999999999999112 ) ) ;
#284 = VERTEX_POINT ( 'NONE', #281 ) ;
#285 = EDGE_CURVE ( 'NONE', #2049, #1646, #2151, .T. ) ;
#286 = EDGE_LOOP ( 'NONE', ( #1753, #876, #1160, #547 ) ) ;
#287 = DIRECTION ( 'NONE',  ( -0.000000000000000000, -0.000000000000000000, 1.000000000000000000 ) ) ;
#288 = VECTOR ( 'NONE', #612, 1000.000000000000000 ) ;
#289 = AXIS2_PLACEMENT_3D ( 'NONE', #1140, #379, #1876 ) ;
#290 = DIRECTION ( 'NONE',  ( -1.000000000000000000, -2.016023975600421011E-16, 0.000000000000000000 ) ) ;
#291 = ORIENTED_EDGE ( 'NONE', *, *, #759, .T. ) ;
#292 = FACE_OUTER_BOUND ( 'NONE', #671, .T. ) ;
#293 = ORIENTED_EDGE ( 'NONE', *, *, #2022, .F. ) ;
#294 = EDGE_CURVE ( 'NONE', #1405, #489, #1084, .T. ) ;
#295 = VERTEX_POINT ( 'NONE', #830 ) ;
#296 = AXIS2_PLACEMENT_3D ( 'NONE', #1720, #618, #237 ) ;
#297 = FACE_OUTER_BOUND ( 'NONE', #2168, .T. ) ;
#298 = VECTOR ( 'NONE', #2007, 1000.000000000000000 ) ;
#299 = VERTEX_POINT ( 'NONE', #419 ) ;
#300 = DIRECTION ( 'NONE',  ( -1.000000000000000000, 0.000000000000000000, 0.000000000000000000 ) ) ;
#301 = CARTESIAN_POINT ( 'NONE',  ( -4.725000000001084111, -11.47483660014792939, 2.299999999999999822 ) ) ;
#302 = ORIENTED_EDGE ( 'NONE', *, *, #1399, .T. ) ;
#303 = DIRECTION ( 'NONE',  ( -0.9850142137072597226, -0.1724731828275601064, 0.000000000000000000 ) ) ;
#304 = CARTESIAN_POINT ( 'NONE',  ( 0.000000000000000000, 0.000000000000000000, -3.000000000000000000 ) ) ;
#305 = ORIENTED_EDGE ( 'NONE', *, *, #1550, .T. ) ;
#306 = ADVANCED_FACE ( 'NONE', ( #1772 ), #240, .T. ) ;
#307 = DIRECTION ( 'NONE',  ( -0.000000000000000000, -0.000000000000000000, 1.000000000000000000 ) ) ;
#308 = CYLINDRICAL_SURFACE ( 'NONE', #1668, 2.749999999999931166 ) ;
#309 = DIRECTION ( 'NONE',  ( 1.000000000000000000, 0.000000000000000000, 0.000000000000000000 ) ) ;
#310 = CARTESIAN_POINT ( 'NONE',  ( -6.874999999999909406, 11.90784930203598968, -8.374011537024829366 ) ) ;
#311 = ORIENTED_EDGE ( 'NONE', *, *, #2312, .F. ) ;
#312 = PLANE ( 'NONE',  #520 ) ;
#313 = FACE_OUTER_BOUND ( 'NONE', #1007, .T. ) ;
#314 = FACE_OUTER_BOUND ( 'NONE', #435, .T. ) ;
#315 = ORIENTED_EDGE ( 'NONE', *, *, #271, .F. ) ;
#316 = EDGE_CURVE ( 'NONE', #1557, #467, #534, .T. ) ;
#317 = DIRECTION ( 'NONE',  ( 0.000000000000000000, 0.000000000000000000, 1.000000000000000000 ) ) ;
#318 = AXIS2_PLACEMENT_3D ( 'NONE', #928, #1883, #230 ) ;
#319 = ADVANCED_FACE ( 'NONE', ( #2112 ), #463, .F. ) ;
#320 = DIRECTION ( 'NONE',  ( 1.000000000000000000, 0.000000000000000000, -0.000000000000000000 ) ) ;
#321 = CARTESIAN_POINT ( 'NONE',  ( 0.000000000000000000, 0.000000000000000000, 0.000000000000000000 ) ) ;
#322 = DIRECTION ( 'NONE',  ( 0.000000000000000000, -0.000000000000000000, -1.000000000000000000 ) ) ;
#323 = CIRCLE ( 'NONE', #494, 2.649999999999997691 ) ;
#324 = VERTEX_POINT ( 'NONE', #818 ) ;
#325 = CIRCLE ( 'NONE', #642, 1.899999999999999023 ) ;
#326 = DIRECTION ( 'NONE',  ( -0.6418732646538348741, -0.7668107407454777258, 0.000000000000000000 ) ) ;
#327 = CARTESIAN_POINT ( 'NONE',  ( 0.000000000000000000, 0.000000000000000000, 2.299999999999999822 ) ) ;
#328 = FACE_OUTER_BOUND ( 'NONE', #1059, .T. ) ;
#329 = ORIENTED_EDGE ( 'NONE', *, *, #2068, .T. ) ;
#330 = CARTESIAN_POINT ( 'NONE',  ( 14.25474041071149145, 6.700000000000736478, 2.299999999999999822 ) ) ;
#331 = DIRECTION ( 'NONE',  ( 1.000000000000000000, 0.000000000000000000, 0.000000000000000000 ) ) ;
#332 = EDGE_LOOP ( 'NONE', ( #1738, #433 ) ) ;
#333 =( LENGTH_UNIT ( ) NAMED_UNIT ( * ) SI_UNIT ( .MILLI., .METRE. ) );
#334 = CARTESIAN_POINT ( 'NONE',  ( -20.00000000000000000, -2.449293598294706513E-15, 2.299999999999999822 ) ) ;
#335 = EDGE_CURVE ( 'NONE', #661, #1449, #1577, .T. ) ;
#336 = AXIS2_PLACEMENT_3D ( 'NONE', #1205, #72, #602 ) ;
#337 = EDGE_CURVE ( 'NONE', #242, #389, #1170, .T. ) ;
#338 = VECTOR ( 'NONE', #2407, 1000.000000000000000 ) ;
#339 = AXIS2_PLACEMENT_3D ( 'NONE', #205, #563, #2019 ) ;
#340 = VERTEX_POINT ( 'NONE', #793 ) ;
#341 = DIRECTION ( 'NONE',  ( 4.276423536147513034E-48, -2.465190328815661892E-32, -1.000000000000000000 ) ) ;
#342 = CARTESIAN_POINT ( 'NONE',  ( 20.00000000000000000, 2.449293598294706513E-15, 2.299999999999999822 ) ) ;
#343 = CARTESIAN_POINT ( 'NONE',  ( -4.725000000001084111, -11.47483660014792939, -8.374011537024829366 ) ) ;
#344 = ORIENTED_EDGE ( 'NONE', *, *, #574, .T. ) ;
#345 = EDGE_CURVE ( 'NONE', #1449, #233, #1919, .T. ) ;
#346 = CARTESIAN_POINT ( 'NONE',  ( 6.874999999998321343, 11.90784930203709280, -8.374011537024829366 ) ) ;
#347 = CARTESIAN_POINT ( 'NONE',  ( -24.51250000000001350, -5.200000000000004619, 12.94999999999998863 ) ) ;
#348 = ORIENTED_EDGE ( 'NONE', *, *, #2203, .T. ) ;
#349 = CARTESIAN_POINT ( 'NONE',  ( -24.51250000000000995, -9.700000000000004619, 12.94999999999998863 ) ) ;
#350 = ORIENTED_EDGE ( 'NONE', *, *, #248, .T. ) ;
#351 = CARTESIAN_POINT ( 'NONE',  ( -20.00000000000000000, -2.449293598294706513E-15, -3.000000000000002665 ) ) ;
#352 = DIRECTION ( 'NONE',  ( -0.000000000000000000, -0.000000000000000000, 1.000000000000000000 ) ) ;
#353 = CARTESIAN_POINT ( 'NONE',  ( -3.864579600900125200, 6.693648218653342141, -42.93251095273883777 ) ) ;
#354 = VERTEX_POINT ( 'NONE', #1761 ) ;
#355 = CYLINDRICAL_SURFACE ( 'NONE', #993, 1.900000000002498579 ) ;
#356 = DIRECTION ( 'NONE',  ( -1.000000000000000000, -2.443272501375783973E-16, 0.000000000000000000 ) ) ;
#357 = SURFACE_SIDE_STYLE ('',( #669 ) ) ;
#358 = CARTESIAN_POINT ( 'NONE',  ( 29.00000000000000355, -30.00000000000000000, 28.89999999999999503 ) ) ;
#359 = ORIENTED_EDGE ( 'NONE', *, *, #727, .T. ) ;
#360 = DIRECTION ( 'NONE',  ( -2.016023975600421011E-16, 1.000000000000000000, -1.232595164407830946E-32 ) ) ;
#361 = DIRECTION ( 'NONE',  ( -0.000000000000000000, -0.000000000000000000, 1.000000000000000000 ) ) ;
#362 = COLOUR_RGB ( '',1.000000000000000000, 0.000000000000000000, 1.000000000000000000 ) ;
#363 = AXIS2_PLACEMENT_3D ( 'NONE', #6, #957, #1301 ) ;
#364 = DIRECTION ( 'NONE',  ( 1.000000000000000000, 0.000000000000000000, 0.000000000000000000 ) ) ;
#365 = ORIENTED_EDGE ( 'NONE', *, *, #1670, .T. ) ;
#366 = EDGE_CURVE ( 'NONE', #564, #929, #1214, .T. ) ;
#367 = AXIS2_PLACEMENT_3D ( 'NONE', #349, #39, #1879 ) ;
#368 = CARTESIAN_POINT ( 'NONE',  ( -13.30570456204346286, 4.667951537024054076, 2.299999999999999822 ) ) ;
#369 = EDGE_CURVE ( 'NONE', #2092, #1812, #1724, .T. ) ;
#370 = CARTESIAN_POINT ( 'NONE',  ( -20.05000000000003268, -20.20000000000000284, 4.979684464207636846E-31 ) ) ;
#371 = CARTESIAN_POINT ( 'NONE',  ( 20.00000000000000355, -20.19999999999999574, 2.299999999999998046 ) ) ;
#372 = VERTEX_POINT ( 'NONE', #609 ) ;
#373 = DIRECTION ( 'NONE',  ( 0.000000000000000000, 0.000000000000000000, -1.000000000000000000 ) ) ;
#374 = CARTESIAN_POINT ( 'NONE',  ( -22.62500000000000711, -17.60000000000000497, 24.39999999999999503 ) ) ;
#375 = CIRCLE ( 'NONE', #1863, 3.550000000000001155 ) ;
#376 = AXIS2_PLACEMENT_3D ( 'NONE', #2188, #1641, #656 ) ;
#377 = CARTESIAN_POINT ( 'NONE',  ( -24.51250000000001350, -5.950000000000004619, 12.94999999999998863 ) ) ;
#378 = VERTEX_POINT ( 'NONE', #1734 ) ;
#379 = DIRECTION ( 'NONE',  ( 0.000000000000000000, -1.000000000000000000, 0.000000000000000000 ) ) ;
#380 = ADVANCED_FACE ( 'NONE', ( #2296 ), #255, .T. ) ;
#381 = CARTESIAN_POINT ( 'NONE',  ( 24.52499999999999147, -17.60000000000001563, 28.14999999999999503 ) ) ;
#382 = FACE_OUTER_BOUND ( 'NONE', #1974, .T. ) ;
#383 = ORIENTED_EDGE ( 'NONE', *, *, #900, .F. ) ;
#384 = DIRECTION ( 'NONE',  ( 0.000000000000000000, 0.000000000000000000, 1.000000000000000000 ) ) ;
#385 = DIRECTION ( 'NONE',  ( 0.000000000000000000, -1.000000000000000000, 0.000000000000000000 ) ) ;
#386 = CARTESIAN_POINT ( 'NONE',  ( 14.25474041071149145, 6.700000000000736478, 0.000000000000000000 ) ) ;
#387 = ORIENTED_EDGE ( 'NONE', *, *, #2312, .T. ) ;
#388 = EDGE_CURVE ( 'NONE', #242, #1400, #668, .T. ) ;
#389 = VERTEX_POINT ( 'NONE', #2307 ) ;
#390 = FACE_OUTER_BOUND ( 'NONE', #2146, .T. ) ;
#391 = CARTESIAN_POINT ( 'NONE',  ( 5.000000000000000000, 0.000000000000000000, -2.999999999999999112 ) ) ;
#392 = CARTESIAN_POINT ( 'NONE',  ( 20.04999999999995808, -5.199999999999996625, 8.799999999999981171 ) ) ;
#393 = VERTEX_POINT ( 'NONE', #2139 ) ;
#394 = PLANE ( 'NONE',  #2083 ) ;
#395 = CARTESIAN_POINT ( 'NONE',  ( -20.97500000000000497, -17.60000000000000497, 28.14999999999999503 ) ) ;
#396 = DIRECTION ( 'NONE',  ( -0.000000000000000000, -0.000000000000000000, 1.000000000000000000 ) ) ;
#397 = ORIENTED_EDGE ( 'NONE', *, *, #2161, .F. ) ;
#398 = AXIS2_PLACEMENT_3D ( 'NONE', #1898, #1149, #586 ) ;
#399 = EDGE_CURVE ( 'NONE', #244, #28, #1554, .T. ) ;
#400 = ORIENTED_EDGE ( 'NONE', *, *, #1571, .F. ) ;
#401 = CIRCLE ( 'NONE', #1461, 2.649999999999999467 ) ;
#402 = CARTESIAN_POINT ( 'NONE',  ( -2.610287666324261124, 13.85705393449289780, -42.93251095273883777 ) ) ;
#403 = DIRECTION ( 'NONE',  ( -0.9392839235729935066, -0.3431409490534798046, 0.000000000000000000 ) ) ;
#404 = DIRECTION ( 'NONE',  ( 0.000000000000000000, 0.000000000000000000, -1.000000000000000000 ) ) ;
#405 = ORIENTED_EDGE ( 'NONE', *, *, #1628, .F. ) ;
#406 = CARTESIAN_POINT ( 'NONE',  ( -24.52500000000000568, -17.60000000000000497, 28.14999999999999503 ) ) ;
#407 = CYLINDRICAL_SURFACE ( 'NONE', #1707, 3.550000000000001155 ) ;
#408 = CARTESIAN_POINT ( 'NONE',  ( 20.00000000000000000, 2.449293598294706513E-15, 2.299999999999999822 ) ) ;
#409 = EDGE_LOOP ( 'NONE', ( #2389, #2341, #56, #2385 ) ) ;
#410 = VECTOR ( 'NONE', #1437, 1000.000000000000000 ) ;
#411 = VERTEX_POINT ( 'NONE', #622 ) ;
#412 = AXIS2_PLACEMENT_3D ( 'NONE', #1012, #1630, #2329 ) ;
#413 = CARTESIAN_POINT ( 'NONE',  ( 20.00000000000000355, -30.00000000000000000, 8.799999999999995381 ) ) ;
#414 = CARTESIAN_POINT ( 'NONE',  ( -23.99999999999996092, -30.00000000000000000, 21.10000000000005471 ) ) ;
#415 = DIRECTION ( 'NONE',  ( -0.000000000000000000, -0.000000000000000000, 1.000000000000000000 ) ) ;
#416 = MECHANICAL_DESIGN_GEOMETRIC_PRESENTATION_REPRESENTATION (  '', ( #2340 ), #2257 ) ;
#417 = EDGE_LOOP ( 'NONE', ( #1844, #1022 ) ) ;
#418 = CARTESIAN_POINT ( 'NONE',  ( 11.60474041071149109, 6.700000000000736478, 0.000000000000000000 ) ) ;
#419 = CARTESIAN_POINT ( 'NONE',  ( 13.30570456204473651, -4.667951537023345310, 0.000000000000000000 ) ) ;
#420 = EDGE_CURVE ( 'NONE', #2117, #2325, #101, .T. ) ;
#421 = ORIENTED_EDGE ( 'NONE', *, *, #285, .F. ) ;
#422 = CARTESIAN_POINT ( 'NONE',  ( -23.99999999999996092, -20.99999999999999645, 16.59999999999991616 ) ) ;
#423 = ORIENTED_EDGE ( 'NONE', *, *, #664, .T. ) ;
#424 = ADVANCED_FACE ( 'NONE', ( #2335, #1969 ), #1539, .T. ) ;
#425 = ORIENTED_EDGE ( 'NONE', *, *, #1877, .T. ) ;
#426 = CARTESIAN_POINT ( 'NONE',  ( -23.99999999999996092, -20.99999999999999645, 13.84999999999998543 ) ) ;
#427 = CARTESIAN_POINT ( 'NONE',  ( 8.756016744992933809E-13, 1.675309196924601451E-12, 8.799999999999997158 ) ) ;
#428 = LINE ( 'NONE', #815, #1979 ) ;
#429 = ORIENTED_EDGE ( 'NONE', *, *, #1374, .F. ) ;
#430 = CARTESIAN_POINT ( 'NONE',  ( 24.00000000000003908, -20.99999999999999645, 13.84999999999999076 ) ) ;
#431 = CARTESIAN_POINT ( 'NONE',  ( -24.52500000000000568, -17.60000000000000497, 28.89999999999999503 ) ) ;
#432 = AXIS2_PLACEMENT_3D ( 'NONE', #1416, #317, #1988 ) ;
#433 = ORIENTED_EDGE ( 'NONE', *, *, #1752, .F. ) ;
#434 = DIRECTION ( 'NONE',  ( -0.000000000000000000, -1.000000000000000000, -0.000000000000000000 ) ) ;
#435 = EDGE_LOOP ( 'NONE', ( #937, #1096, #468, #598 ) ) ;
#436 = ORIENTED_EDGE ( 'NONE', *, *, #574, .F. ) ;
#437 = CIRCLE ( 'NONE', #1070, 2.749999999999931166 ) ;
#438 = LINE ( 'NONE', #1570, #1232 ) ;
#439 = AXIS2_PLACEMENT_3D ( 'NONE', #877, #662, #2371 ) ;
#440 = EDGE_CURVE ( 'NONE', #1812, #2092, #1765, .T. ) ;
#441 = VECTOR ( 'NONE', #987, 1000.000000000000000 ) ;
#442 = FACE_OUTER_BOUND ( 'NONE', #2237, .T. ) ;
#443 = DIRECTION ( 'NONE',  ( -1.000000000000000000, -1.156482317317871478E-16, 0.000000000000000000 ) ) ;
#444 = EDGE_CURVE ( 'NONE', #1653, #1104, #1087, .T. ) ;
#445 = VECTOR ( 'NONE', #2256, 1000.000000000000000 ) ;
#446 = VERTEX_POINT ( 'NONE', #509 ) ;
#447 = FILL_AREA_STYLE_COLOUR ( '', #1479 ) ;
#448 = DIRECTION ( 'NONE',  ( 0.000000000000000000, 0.000000000000000000, 1.000000000000000000 ) ) ;
#449 = EDGE_CURVE ( 'NONE', #1252, #103, #1635, .T. ) ;
#450 = ORIENTED_EDGE ( 'NONE', *, *, #900, .T. ) ;
#451 = CARTESIAN_POINT ( 'NONE',  ( 24.00000000000003908, -20.99999999999999645, 13.84999999999999076 ) ) ;
#452 = VERTEX_POINT ( 'NONE', #301 ) ;
#453 = VERTEX_POINT ( 'NONE', #1782 ) ;
#454 = DIRECTION ( 'NONE',  ( 1.000000000000000000, 0.000000000000000000, -0.000000000000000000 ) ) ;
#455 = AXIS2_PLACEMENT_3D ( 'NONE', #1390, #224, #454 ) ;
#456 = VECTOR ( 'NONE', #2321, 1000.000000000000000 ) ;
#457 = VECTOR ( 'NONE', #1262, 1000.000000000000000 ) ;
#458 = CARTESIAN_POINT ( 'NONE',  ( 6.874999999998321343, 11.90784930203709280, 2.299999999999999822 ) ) ;
#459 = DIRECTION ( 'NONE',  ( 0.000000000000000000, 0.000000000000000000, 1.000000000000000000 ) ) ;
#460 = ORIENTED_EDGE ( 'NONE', *, *, #772, .T. ) ;
#461 = DIRECTION ( 'NONE',  ( -0.1724731828275082313, 0.9850142137072687154, 0.000000000000000000 ) ) ;
#462 = EDGE_CURVE ( 'NONE', #1583, #552, #719, .T. ) ;
#463 = CYLINDRICAL_SURFACE ( 'NONE', #885, 3.550000000000001155 ) ;
#464 = CIRCLE ( 'NONE', #1869, 2.649999999999999467 ) ;
#465 = ORIENTED_EDGE ( 'NONE', *, *, #773, .F. ) ;
#466 = DIRECTION ( 'NONE',  ( -1.000000000000000000, 0.000000000000000000, 0.000000000000000000 ) ) ;
#467 = VERTEX_POINT ( 'NONE', #2012 ) ;
#468 = ORIENTED_EDGE ( 'NONE', *, *, #1995, .T. ) ;
#469 = ADVANCED_FACE ( 'NONE', ( #1418, #1805 ), #1990, .T. ) ;
#470 = DIRECTION ( 'NONE',  ( 0.000000000000000000, 0.000000000000000000, -1.000000000000000000 ) ) ;
#471 = FACE_OUTER_BOUND ( 'NONE', #1486, .T. ) ;
#472 = VERTEX_POINT ( 'NONE', #1600 ) ;
#473 = AXIS2_PLACEMENT_3D ( 'NONE', #1793, #1834, #1040 ) ;
#474 = DIRECTION ( 'NONE',  ( -0.000000000000000000, -0.000000000000000000, 1.000000000000000000 ) ) ;
#475 = DIRECTION ( 'NONE',  ( 1.000000000000000000, 0.000000000000000000, 0.000000000000000000 ) ) ;
#476 = EDGE_CURVE ( 'NONE', #295, #746, #1334, .T. ) ;
#477 = VERTEX_POINT ( 'NONE', #1257 ) ;
#478 = CARTESIAN_POINT ( 'NONE',  ( 7.729159201800657186, 1.055159106790048984E-12, -42.93251095273883777 ) ) ;
#479 = CARTESIAN_POINT ( 'NONE',  ( 10.69541689572048959, -9.189102397467369343, 2.299999999999999822 ) ) ;
#480 = ORIENTED_EDGE ( 'NONE', *, *, #1820, .F. ) ;
#481 = ADVANCED_FACE ( 'NONE', ( #1248 ), #1450, .T. ) ;
#482 = AXIS2_PLACEMENT_3D ( 'NONE', #171, #491, #686 ) ;
#483 = PLANE ( 'NONE',  #1801 ) ;
#484 = CIRCLE ( 'NONE', #1735, 2.649999999999999467 ) ;
#485 = VECTOR ( 'NONE', #84, 1000.000000000000000 ) ;
#486 = ORIENTED_EDGE ( 'NONE', *, *, #2391, .T. ) ;
#487 = FACE_OUTER_BOUND ( 'NONE', #409, .T. ) ;
#488 = DIRECTION ( 'NONE',  ( -2.016023975600421011E-16, 1.000000000000000000, -1.232595164407830946E-32 ) ) ;
#489 = VERTEX_POINT ( 'NONE', #1284 ) ;
#490 = CARTESIAN_POINT ( 'NONE',  ( 24.00000000000003908, -20.99999999999999645, 16.59999999999991971 ) ) ;
#491 = DIRECTION ( 'NONE',  ( 0.000000000000000000, -1.000000000000000000, 0.000000000000000000 ) ) ;
#492 = EDGE_CURVE ( 'NONE', #446, #1168, #2355, .T. ) ;
#493 = EDGE_LOOP ( 'NONE', ( #1189, #95, #1230, #1300 ) ) ;
#494 = AXIS2_PLACEMENT_3D ( 'NONE', #2066, #1855, #1888 ) ;
#495 = CARTESIAN_POINT ( 'NONE',  ( -2.610287666324261124, 13.85705393449289780, 2.299999999999999822 ) ) ;
#496 = CIRCLE ( 'NONE', #376, 2.749999999999929390 ) ;
#497 = ORIENTED_EDGE ( 'NONE', *, *, #1023, .T. ) ;
#498 = DIRECTION ( 'NONE',  ( -0.000000000000000000, -0.000000000000000000, 1.000000000000000000 ) ) ;
#499 = CYLINDRICAL_SURFACE ( 'NONE', #64, 1.899999999999999689 ) ;
#500 = EDGE_LOOP ( 'NONE', ( #1469, #778, #2399, #2182 ) ) ;
#501 = CARTESIAN_POINT ( 'NONE',  ( 6.624999999999895195, -11.47483660014370344, 2.299999999999999822 ) ) ;
#502 = FACE_OUTER_BOUND ( 'NONE', #2173, .T. ) ;
#503 = ADVANCED_FACE ( 'NONE', ( #1051 ), #2000, .T. ) ;
#504 = EDGE_LOOP ( 'NONE', ( #1732, #1666 ) ) ;
#505 = DIRECTION ( 'NONE',  ( -0.7668107407454598512, -0.6418732646538558573, 0.000000000000000000 ) ) ;
#506 = DIRECTION ( 'NONE',  ( 0.000000000000000000, -1.000000000000000000, 0.000000000000000000 ) ) ;
#507 = ORIENTED_EDGE ( 'NONE', *, *, #1584, .F. ) ;
#508 = PRODUCT_CONTEXT ( 'NONE', #1496, 'mechanical' ) ;
#509 = CARTESIAN_POINT ( 'NONE',  ( -26.41250000000000853, -9.700000000000004619, 12.94999999999998863 ) ) ;
#510 = VERTEX_POINT ( 'NONE', #334 ) ;
#511 = CARTESIAN_POINT ( 'NONE',  ( -3.864579600900125200, 6.693648218653342141, -42.93251095273883777 ) ) ;
#512 = CYLINDRICAL_SURFACE ( 'NONE', #1183, 20.00000000000000000 ) ;
#513 = DIRECTION ( 'NONE',  ( -1.000000000000000000, 0.000000000000000000, 0.000000000000000000 ) ) ;
#514 = ORIENTED_EDGE ( 'NONE', *, *, #1966, .T. ) ;
#515 = ADVANCED_FACE ( 'NONE', ( #2160 ), #122, .T. ) ;
#516 = EDGE_CURVE ( 'NONE', #986, #1767, #2155, .T. ) ;
#517 = DIRECTION ( 'NONE',  ( -4.276423536147513034E-48, 2.465190328815661892E-32, 1.000000000000000000 ) ) ;
#518 = DIRECTION ( 'NONE',  ( -2.016023975600421011E-16, 1.000000000000000000, -2.465190328815661892E-32 ) ) ;
#519 = DIRECTION ( 'NONE',  ( 0.000000000000000000, -1.000000000000000000, 0.000000000000000000 ) ) ;
#520 = AXIS2_PLACEMENT_3D ( 'NONE', #1065, #1807, #538 ) ;
#521 = ORIENTED_EDGE ( 'NONE', *, *, #399, .T. ) ;
#522 = CIRCLE ( 'NONE', #2009, 1.899999999999999689 ) ;
#523 = CARTESIAN_POINT ( 'NONE',  ( -20.04999999999998295, -30.00000000000001066, 28.89999999999999503 ) ) ;
#524 = CYLINDRICAL_SURFACE ( 'NONE', #1342, 2.649999999999999467 ) ;
#525 = EDGE_CURVE ( 'NONE', #1646, #898, #1610, .T. ) ;
#526 = DIRECTION ( 'NONE',  ( 0.1724731828275075929, 0.9850142137072688264, 0.000000000000000000 ) ) ;
#527 = ORIENTED_EDGE ( 'NONE', *, *, #2230, .T. ) ;
#528 = LINE ( 'NONE', #368, #1306 ) ;
#529 = ADVANCED_FACE ( 'NONE', ( #2170 ), #499, .F. ) ;
#530 = CARTESIAN_POINT ( 'NONE',  ( 20.05000000000000782, -30.00000000000007105, 28.89999999999999503 ) ) ;
#531 = ORIENTED_EDGE ( 'NONE', *, *, #664, .F. ) ;
#532 = CARTESIAN_POINT ( 'NONE',  ( 1.284469037195706312E-12, -13.39999999999929159, 2.299999999999999822 ) ) ;
#533 = VECTOR ( 'NONE', #2011, 1000.000000000000000 ) ;
#534 = CIRCLE ( 'NONE', #1202, 2.749999999999931166 ) ;
#535 = EDGE_CURVE ( 'NONE', #890, #94, #1425, .T. ) ;
#536 = AXIS2_PLACEMENT_3D ( 'NONE', #2247, #1849, #576 ) ;
#537 = ORIENTED_EDGE ( 'NONE', *, *, #2361, .F. ) ;
#538 = DIRECTION ( 'NONE',  ( 0.000000000000000000, -0.000000000000000000, -1.000000000000000000 ) ) ;
#539 = CARTESIAN_POINT ( 'NONE',  ( -8.524999999999280931, -11.47483660014792939, -8.374011537024829366 ) ) ;
#540 = DIRECTION ( 'NONE',  ( 1.000000000000000000, 0.000000000000000000, 0.000000000000000000 ) ) ;
#541 = ORIENTED_EDGE ( 'NONE', *, *, #1766, .T. ) ;
#542 = PRESENTATION_LAYER_ASSIGNMENT (  '', '', ( #2340 ) ) ;
#543 = CYLINDRICAL_SURFACE ( 'NONE', #363, 1.899999999999098632 ) ;
#544 = LINE ( 'NONE', #530, #811 ) ;
#545 = ORIENTED_EDGE ( 'NONE', *, *, #1894, .F. ) ;
#546 = CARTESIAN_POINT ( 'NONE',  ( 20.00000000000000000, -5.199999999999996625, 8.799999999999981171 ) ) ;
#547 = ORIENTED_EDGE ( 'NONE', *, *, #1350, .F. ) ;
#548 = CARTESIAN_POINT ( 'NONE',  ( 13.30570456204409702, 4.667951537025174069, -42.93251095273883777 ) ) ;
#549 = DIRECTION ( 'NONE',  ( 0.000000000000000000, 0.000000000000000000, -1.000000000000000000 ) ) ;
#550 = EDGE_CURVE ( 'NONE', #1976, #1367, #1192, .T. ) ;
#551 = CARTESIAN_POINT ( 'NONE',  ( 20.05000000000000782, -30.00000000000007105, 28.89999999999999503 ) ) ;
#552 = VERTEX_POINT ( 'NONE', #1857 ) ;
#553 = DIRECTION ( 'NONE',  ( 1.734723475976806848E-16, -1.000000000000000000, -0.000000000000000000 ) ) ;
#554 = CIRCLE ( 'NONE', #754, 2.749999999999931166 ) ;
#555 = CARTESIAN_POINT ( 'NONE',  ( -20.05000000000003624, -5.200000000000002842, 2.300000000000001599 ) ) ;
#556 = DIRECTION ( 'NONE',  ( 1.000000000000000000, 0.000000000000000000, 0.000000000000000000 ) ) ;
#557 = EDGE_LOOP ( 'NONE', ( #807, #1434, #71, #1030, #1803, #1937, #1100 ) ) ;
#558 = DIRECTION ( 'NONE',  ( 1.000000000000000000, 0.000000000000000000, 0.000000000000000000 ) ) ;
#559 = DIRECTION ( 'NONE',  ( -0.000000000000000000, -0.000000000000000000, 1.000000000000000000 ) ) ;
#560 = AXIS2_PLACEMENT_3D ( 'NONE', #451, #434, #257 ) ;
#561 = CIRCLE ( 'NONE', #1500, 2.749999999999931166 ) ;
#562 = EDGE_LOOP ( 'NONE', ( #1858, #2131, #531, #1273 ) ) ;
#563 = DIRECTION ( 'NONE',  ( -0.000000000000000000, -0.000000000000000000, 1.000000000000000000 ) ) ;
#564 = VERTEX_POINT ( 'NONE', #392 ) ;
#565 = EDGE_CURVE ( 'NONE', #1582, #340, #960, .T. ) ;
#566 = CIRCLE ( 'NONE', #996, 1.900000000002498579 ) ;
#567 = DIRECTION ( 'NONE',  ( 0.9850142137072688264, 0.1724731828275082868, 0.000000000000000000 ) ) ;
#568 = DIRECTION ( 'NONE',  ( 0.9850142137072689374, -0.1724731828275076206, 0.000000000000000000 ) ) ;
#569 = LINE ( 'NONE', #213, #252 ) ;
#570 = ORIENTED_EDGE ( 'NONE', *, *, #1243, .F. ) ;
#571 = DIRECTION ( 'NONE',  ( -0.000000000000000000, -0.000000000000000000, 1.000000000000000000 ) ) ;
#572 = CARTESIAN_POINT ( 'NONE',  ( 24.52499999999999147, -17.60000000000001563, 24.39999999999999503 ) ) ;
#573 = AXIS2_PLACEMENT_3D ( 'NONE', #1074, #1816, #331 ) ;
#574 = EDGE_CURVE ( 'NONE', #1976, #2333, #569, .T. ) ;
#575 = CIRCLE ( 'NONE', #850, 3.550000000000001155 ) ;
#576 = DIRECTION ( 'NONE',  ( -1.000000000000000000, -2.016023975600421011E-16, 0.000000000000000000 ) ) ;
#577 = EDGE_LOOP ( 'NONE', ( #2258, #2305 ) ) ;
#578 = EDGE_CURVE ( 'NONE', #219, #1463, #1868, .T. ) ;
#579 = LINE ( 'NONE', #1093, #1656 ) ;
#580 = CARTESIAN_POINT ( 'NONE',  ( -3.864579600900125200, 6.693648218653342141, 0.000000000000000000 ) ) ;
#581 = DIRECTION ( 'NONE',  ( -1.000000000000000000, 0.000000000000000000, 0.000000000000000000 ) ) ;
#582 = ORIENTED_EDGE ( 'NONE', *, *, #11, .F. ) ;
#583 = CARTESIAN_POINT ( 'NONE',  ( 0.000000000000000000, 0.000000000000000000, 0.000000000000000000 ) ) ;
#584 = PLANE ( 'NONE',  #2233 ) ;
#585 = ADVANCED_FACE ( 'NONE', ( #1131 ), #1708, .F. ) ;
#586 = DIRECTION ( 'NONE',  ( -1.000000000000000000, 0.000000000000000000, 0.000000000000000000 ) ) ;
#587 = ORIENTED_EDGE ( 'NONE', *, *, #1023, .F. ) ;
#588 = AXIS2_PLACEMENT_3D ( 'NONE', #1236, #519, #322 ) ;
#589 = ORIENTED_EDGE ( 'NONE', *, *, #2116, .T. ) ;
#590 = LINE ( 'NONE', #1729, #220 ) ;
#591 = EDGE_CURVE ( 'NONE', #372, #219, #1739, .T. ) ;
#592 = EDGE_CURVE ( 'NONE', #771, #564, #9, .T. ) ;
#593 = FACE_OUTER_BOUND ( 'NONE', #2149, .T. ) ;
#594 = DIRECTION ( 'NONE',  ( 0.000000000000000000, 0.000000000000000000, -1.000000000000000000 ) ) ;
#595 = ORIENTED_EDGE ( 'NONE', *, *, #840, .T. ) ;
#596 = DIRECTION ( 'NONE',  ( -0.000000000000000000, -0.000000000000000000, 1.000000000000000000 ) ) ;
#597 = LINE ( 'NONE', #1112, #1825 ) ;
#598 = ORIENTED_EDGE ( 'NONE', *, *, #1399, .F. ) ;
#599 = AXIS2_PLACEMENT_3D ( 'NONE', #137, #2142, #466 ) ;
#600 = VECTOR ( 'NONE', #186, 1000.000000000000000 ) ;
#601 = ORIENTED_EDGE ( 'NONE', *, *, #449, .T. ) ;
#602 = DIRECTION ( 'NONE',  ( -1.000000000000000000, 0.000000000000000000, 0.000000000000000000 ) ) ;
#603 = DIRECTION ( 'NONE',  ( 1.000000000000000000, 0.000000000000000000, 0.000000000000000000 ) ) ;
#604 = LINE ( 'NONE', #985, #611 ) ;
#605 = EDGE_CURVE ( 'NONE', #1525, #1080, #566, .T. ) ;
#606 = EDGE_CURVE ( 'NONE', #231, #774, #763, .T. ) ;
#607 = VERTEX_POINT ( 'NONE', #2048 ) ;
#608 = CYLINDRICAL_SURFACE ( 'NONE', #2126, 3.550000000000001155 ) ;
#609 = CARTESIAN_POINT ( 'NONE',  ( -26.42500000000000426, -17.60000000000000497, 24.39999999999999503 ) ) ;
#610 = EDGE_LOOP ( 'NONE', ( #729, #1702 ) ) ;
#611 = VECTOR ( 'NONE', #86, 1000.000000000000000 ) ;
#612 = DIRECTION ( 'NONE',  ( -0.000000000000000000, -1.000000000000000000, -0.000000000000000000 ) ) ;
#613 = VERTEX_POINT ( 'NONE', #1524 ) ;
#614 = AXIS2_PLACEMENT_3D ( 'NONE', #2069, #1166, #959 ) ;
#615 = ORIENTED_EDGE ( 'NONE', *, *, #2191, .F. ) ;
#616 = DIRECTION ( 'NONE',  ( 1.000000000000000000, 8.673617379884033007E-17, -0.000000000000000000 ) ) ;
#617 = CARTESIAN_POINT ( 'NONE',  ( 4.724999999997396394, -11.47483660014370344, 2.299999999999999822 ) ) ;
#618 = DIRECTION ( 'NONE',  ( 0.000000000000000000, 0.000000000000000000, 1.000000000000000000 ) ) ;
#619 = AXIS2_PLACEMENT_3D ( 'NONE', #1977, #1760, #300 ) ;
#620 = ORIENTED_EDGE ( 'NONE', *, *, #492, .F. ) ;
#621 = CARTESIAN_POINT ( 'NONE',  ( -4.974999999999909939, 11.90784930203598968, -8.374011537024829366 ) ) ;
#622 = CARTESIAN_POINT ( 'NONE',  ( -20.05000000000003268, -20.20000000000000284, 8.799999999999998934 ) ) ;
#623 = ORIENTED_EDGE ( 'NONE', *, *, #108, .F. ) ;
#624 = DIRECTION ( 'NONE',  ( -0.000000000000000000, -0.000000000000000000, 1.000000000000000000 ) ) ;
#625 = ADVANCED_FACE ( 'NONE', ( #2404 ), #1499, .F. ) ;
#626 = ORIENTED_EDGE ( 'NONE', *, *, #1056, .T. ) ;
#627 = VERTEX_POINT ( 'NONE', #1682 ) ;
#628 = FACE_OUTER_BOUND ( 'NONE', #557, .T. ) ;
#629 = EDGE_CURVE ( 'NONE', #1677, #2333, #1938, .T. ) ;
#630 = CARTESIAN_POINT ( 'NONE',  ( 24.00000000000003908, -20.99999999999999645, 23.84999999999999432 ) ) ;
#631 = CARTESIAN_POINT ( 'NONE',  ( -28.99999999999999645, -1.040834085586084257E-15, 0.000000000000000000 ) ) ;
#632 = ORIENTED_EDGE ( 'NONE', *, *, #1323, .T. ) ;
#633 = CARTESIAN_POINT ( 'NONE',  ( 24.00000000000003908, -30.00000000000000000, 16.59999999999991971 ) ) ;
#634 = DIRECTION ( 'NONE',  ( 4.956352788505124811E-15, -1.000000000000000000, -0.000000000000000000 ) ) ;
#635 = EDGE_LOOP ( 'NONE', ( #2301, #365, #2113, #111 ) ) ;
#636 = FILL_AREA_STYLE_COLOUR ( '', #362 ) ;
#637 = DIRECTION ( 'NONE',  ( 1.000000000000000000, 2.016023975600421257E-16, 0.000000000000000000 ) ) ;
#638 = VERTEX_POINT ( 'NONE', #1098 ) ;
#639 = VECTOR ( 'NONE', #2352, 1000.000000000000000 ) ;
#640 = FACE_BOUND ( 'NONE', #1195, .T. ) ;
#641 = AXIS2_PLACEMENT_3D ( 'NONE', #2382, #1674, #709 ) ;
#642 = AXIS2_PLACEMENT_3D ( 'NONE', #2271, #1368, #1357 ) ;
#643 = CARTESIAN_POINT ( 'NONE',  ( -24.51250000000001350, -5.200000000000004619, 12.94999999999998863 ) ) ;
#644 = DIRECTION ( 'NONE',  ( -0.000000000000000000, -1.000000000000000000, -0.000000000000000000 ) ) ;
#645 = ORIENTED_EDGE ( 'NONE', *, *, #248, .F. ) ;
#646 = DIRECTION ( 'NONE',  ( -1.000000000000000000, 9.819189486661174428E-16, 0.000000000000000000 ) ) ;
#647 = DIRECTION ( 'NONE',  ( 0.000000000000000000, 0.000000000000000000, 1.000000000000000000 ) ) ;
#648 = ORIENTED_EDGE ( 'NONE', *, *, #2077, .F. ) ;
#649 = EDGE_CURVE ( 'NONE', #804, #1292, #935, .T. ) ;
#650 = CARTESIAN_POINT ( 'NONE',  ( -28.06250000000001421, -5.200000000000005507, 12.94999999999998863 ) ) ;
#651 = EDGE_LOOP ( 'NONE', ( #195, #293, #486, #425 ) ) ;
#652 = ORIENTED_EDGE ( 'NONE', *, *, #369, .T. ) ;
#653 = VECTOR ( 'NONE', #1376, 1000.000000000000227 ) ;
#654 = CIRCLE ( 'NONE', #1511, 2.749999999999929390 ) ;
#655 = CIRCLE ( 'NONE', #149, 2.649999999999997691 ) ;
#656 = DIRECTION ( 'NONE',  ( 0.000000000000000000, 0.000000000000000000, -1.000000000000000000 ) ) ;
#657 = LINE ( 'NONE', #2363, #19 ) ;
#658 = ORIENTED_EDGE ( 'NONE', *, *, #1135, .F. ) ;
#659 = DIRECTION ( 'NONE',  ( -2.016023975600421011E-16, 1.000000000000000000, -1.232595164407830946E-32 ) ) ;
#660 = CARTESIAN_POINT ( 'NONE',  ( 20.00000000000000000, 2.449293598294706513E-15, -53.00000000000000711 ) ) ;
#661 = VERTEX_POINT ( 'NONE', #27 ) ;
#662 = DIRECTION ( 'NONE',  ( -0.000000000000000000, -0.000000000000000000, 1.000000000000000000 ) ) ;
#663 = ORIENTED_EDGE ( 'NONE', *, *, #2281, .T. ) ;
#664 = EDGE_CURVE ( 'NONE', #340, #926, #1845, .T. ) ;
#665 = ORIENTED_EDGE ( 'NONE', *, *, #606, .F. ) ;
#666 = FACE_BOUND ( 'NONE', #1660, .T. ) ;
#667 = ORIENTED_EDGE ( 'NONE', *, *, #1574, .T. ) ;
#668 = CIRCLE ( 'NONE', #2071, 1.900000000000000577 ) ;
#669 = SURFACE_STYLE_FILL_AREA ( #1781 ) ;
#670 = DIRECTION ( 'NONE',  ( 0.000000000000000000, 0.000000000000000000, 1.000000000000000000 ) ) ;
#671 = EDGE_LOOP ( 'NONE', ( #1945, #359, #1920, #2223 ) ) ;
#672 = CARTESIAN_POINT ( 'NONE',  ( -13.30570456204346286, 4.667951537024054076, -42.93251095273883777 ) ) ;
#673 = DIRECTION ( 'NONE',  ( 0.000000000000000000, 0.000000000000000000, -1.000000000000000000 ) ) ;
#674 = VERTEX_POINT ( 'NONE', #179 ) ;
#675 = FACE_BOUND ( 'NONE', #417, .T. ) ;
#676 = AXIS2_PLACEMENT_3D ( 'NONE', #2338, #856, #2349 ) ;
#677 = AXIS2_PLACEMENT_3D ( 'NONE', #1865, #567, #198 ) ;
#678 = EDGE_LOOP ( 'NONE', ( #259, #721 ) ) ;
#679 = CYLINDRICAL_SURFACE ( 'NONE', #187, 2.649999999999997691 ) ;
#680 = CARTESIAN_POINT ( 'NONE',  ( 14.25474041071213627, -6.699999999998910383, -42.93251095273883777 ) ) ;
#681 = ADVANCED_FACE ( 'NONE', ( #1329 ), #2060, .F. ) ;
#682 = ADVANCED_FACE ( 'NONE', ( #382 ), #1694, .F. ) ;
#683 = AXIS2_PLACEMENT_3D ( 'NONE', #749, #777, #740 ) ;
#684 = EDGE_LOOP ( 'NONE', ( #1110, #222, #888, #1762, #2037, #1417, #1360, #648 ) ) ;
#685 = DIRECTION ( 'NONE',  ( -0.000000000000000000, -0.000000000000000000, 1.000000000000000000 ) ) ;
#686 = DIRECTION ( 'NONE',  ( 0.000000000000000000, 0.000000000000000000, -1.000000000000000000 ) ) ;
#687 = EDGE_LOOP ( 'NONE', ( #718, #841 ) ) ;
#688 = CYLINDRICAL_SURFACE ( 'NONE', #949, 3.550000000000001155 ) ;
#689 = AXIS2_PLACEMENT_3D ( 'NONE', #1719, #1534, #2279 ) ;
#690 = LINE ( 'NONE', #1634, #1944 ) ;
#691 = VERTEX_POINT ( 'NONE', #371 ) ;
#692 = UNCERTAINTY_MEASURE_WITH_UNIT (LENGTH_MEASURE( 1.000000000000000082E-05 ), #853, 'distance_accuracy_value', 'NONE');
#693 = CARTESIAN_POINT ( 'NONE',  ( 28.07499999999999218, -17.60000000000001563, 28.14999999999999503 ) ) ;
#694 = DIRECTION ( 'NONE',  ( -2.016023975600421011E-16, 1.000000000000000000, -1.232595164407830946E-32 ) ) ;
#695 = VERTEX_POINT ( 'NONE', #1560 ) ;
#696 = CARTESIAN_POINT ( 'NONE',  ( 20.00000000000000000, 2.449293598294706513E-15, -3.000000000000002665 ) ) ;
#697 = FACE_BOUND ( 'NONE', #678, .T. ) ;
#698 = EDGE_CURVE ( 'NONE', #28, #1312, #604, .T. ) ;
#699 = EDGE_CURVE ( 'NONE', #1312, #18, #1586, .T. ) ;
#700 = CYLINDRICAL_SURFACE ( 'NONE', #1121, 1.899999999999999023 ) ;
#701 = ORIENTED_EDGE ( 'NONE', *, *, #1930, .T. ) ;
#702 = ADVANCED_FACE ( 'NONE', ( #1354 ), #1026, .F. ) ;
#703 = DIRECTION ( 'NONE',  ( -0.000000000000000000, -0.000000000000000000, 1.000000000000000000 ) ) ;
#704 = EDGE_LOOP ( 'NONE', ( #1991, #1171, #1544, #2152 ) ) ;
#705 = DIRECTION ( 'NONE',  ( 1.000000000000000000, 0.000000000000000000, 0.000000000000000000 ) ) ;
#706 = EDGE_CURVE ( 'NONE', #82, #1246, #1551, .T. ) ;
#707 = VECTOR ( 'NONE', #1589, 1000.000000000000000 ) ;
#708 = ORIENTED_EDGE ( 'NONE', *, *, #77, .F. ) ;
#709 = DIRECTION ( 'NONE',  ( -1.000000000000000000, 0.000000000000000000, 0.000000000000000000 ) ) ;
#710 = DIRECTION ( 'NONE',  ( -0.000000000000000000, -0.000000000000000000, -1.000000000000000000 ) ) ;
#711 = DIRECTION ( 'NONE',  ( -4.956352788505124811E-15, 1.000000000000000000, 0.000000000000000000 ) ) ;
#712 = UNCERTAINTY_MEASURE_WITH_UNIT (LENGTH_MEASURE( 1.000000000000000082E-05 ), #979, 'distance_accuracy_value', 'NONE');
#713 = ORIENTED_EDGE ( 'NONE', *, *, #1698, .F. ) ;
#714 = DIRECTION ( 'NONE',  ( -0.000000000000000000, -0.000000000000000000, 1.000000000000000000 ) ) ;
#715 = ADVANCED_FACE ( 'NONE', ( #802 ), #226, .F. ) ;
#716 = VECTOR ( 'NONE', #1173, 1000.000000000000000 ) ;
#717 = CARTESIAN_POINT ( 'NONE',  ( 1.470283216747640392E-15, -5.200000000000000178, 4.979684464207636846E-31 ) ) ;
#718 = ORIENTED_EDGE ( 'NONE', *, *, #1877, .F. ) ;
#719 = LINE ( 'NONE', #680, #1529 ) ;
#720 = VECTOR ( 'NONE', #990, 1000.000000000000000 ) ;
#721 = ORIENTED_EDGE ( 'NONE', *, *, #388, .T. ) ;
#722 = DIRECTION ( 'NONE',  ( 1.000000000000000000, 0.000000000000000000, 0.000000000000000000 ) ) ;
#723 = LINE ( 'NONE', #904, #1069 ) ;
#724 = DIRECTION ( 'NONE',  ( 1.000000000000000000, 0.000000000000000000, 0.000000000000000000 ) ) ;
#725 = ORIENTED_EDGE ( 'NONE', *, *, #1955, .F. ) ;
#726 = CYLINDRICAL_SURFACE ( 'NONE', #2278, 5.000000000000000000 ) ;
#727 = EDGE_CURVE ( 'NONE', #372, #695, #428, .T. ) ;
#728 = CARTESIAN_POINT ( 'NONE',  ( -28.06250000000001421, -5.950000000000005507, 12.94999999999998863 ) ) ;
#729 = ORIENTED_EDGE ( 'NONE', *, *, #1094, .T. ) ;
#730 = CARTESIAN_POINT ( 'NONE',  ( -7.729159201799991052, -3.485303408726214691E-13, -42.93251095273883777 ) ) ;
#731 = CIRCLE ( 'NONE', #1980, 2.749999999999929390 ) ;
#732 = VECTOR ( 'NONE', #2064, 1000.000000000000114 ) ;
#733 = ORIENTED_EDGE ( 'NONE', *, *, #2042, .F. ) ;
#734 = CARTESIAN_POINT ( 'NONE',  ( -24.51250000000000995, -9.700000000000004619, 12.94999999999998863 ) ) ;
#735 = CARTESIAN_POINT ( 'NONE',  ( -13.30570456204346108, 4.667951537024054076, -42.93251095273883777 ) ) ;
#736 = CARTESIAN_POINT ( 'NONE',  ( 24.00000000000003908, -30.00000000000000000, 21.10000000000006182 ) ) ;
#737 = ORIENTED_EDGE ( 'NONE', *, *, #440, .T. ) ;
#738 = LINE ( 'NONE', #2045, #1854 ) ;
#739 = CARTESIAN_POINT ( 'NONE',  ( -3.864579600900125200, 6.693648218653342141, 2.299999999999999822 ) ) ;
#740 = DIRECTION ( 'NONE',  ( 1.000000000000000000, 0.000000000000000000, 0.000000000000000000 ) ) ;
#741 = EDGE_CURVE ( 'NONE', #256, #1602, #375, .T. ) ;
#742 = ORIENTED_EDGE ( 'NONE', *, *, #2308, .F. ) ;
#743 = LINE ( 'NONE', #351, #2357 ) ;
#744 = DIRECTION ( 'NONE',  ( -0.000000000000000000, -0.000000000000000000, 1.000000000000000000 ) ) ;
#745 = DIRECTION ( 'NONE',  ( 1.000000000000000000, 1.734723475976807094E-16, 0.000000000000000000 ) ) ;
#746 = VERTEX_POINT ( 'NONE', #1194 ) ;
#747 = CARTESIAN_POINT ( 'NONE',  ( -8.524999999999280931, -11.47483660014792939, -3.000000000000000000 ) ) ;
#748 = CARTESIAN_POINT ( 'NONE',  ( 20.00000000000000355, -20.19999999999999574, 8.799999999999981171 ) ) ;
#749 = CARTESIAN_POINT ( 'NONE',  ( -24.52500000000000568, -17.60000000000000497, 24.39999999999999503 ) ) ;
#750 = CIRCLE ( 'NONE', #2120, 2.749999999999929390 ) ;
#751 = EDGE_LOOP ( 'NONE', ( #1055, #2141, #1797, #282, #1180, #100 ) ) ;
#753 = ADVANCED_FACE ( 'NONE', ( #2121 ), #1179, .T. ) ;
#752 = LINE ( 'NONE', #548, #1305 ) ;
#754 = AXIS2_PLACEMENT_3D ( 'NONE', #2157, #1244, #2180 ) ;
#755 = DIRECTION ( 'NONE',  ( -0.000000000000000000, -0.000000000000000000, 1.000000000000000000 ) ) ;
#756 = VECTOR ( 'NONE', #685, 1000.000000000000000 ) ;
#757 = VECTOR ( 'NONE', #1213, 1000.000000000000000 ) ;
#758 = CARTESIAN_POINT ( 'NONE',  ( -6.625000000000182965, -11.47483660014792939, 2.299999999999999822 ) ) ;
#759 = EDGE_CURVE ( 'NONE', #1041, #206, #1355, .T. ) ;
#760 = ORIENTED_EDGE ( 'NONE', *, *, #271, .T. ) ;
#761 = DIRECTION ( 'NONE',  ( -0.000000000000000000, -0.000000000000000000, 1.000000000000000000 ) ) ;
#762 = CARTESIAN_POINT ( 'NONE',  ( -20.96250000000001279, -5.200000000000003730, 12.94999999999998863 ) ) ;
#763 = LINE ( 'NONE', #358, #875 ) ;
#764 = ORIENTED_EDGE ( 'NONE', *, *, #444, .T. ) ;
#765 = DIRECTION ( 'NONE',  ( 1.000000000000000000, 0.000000000000000000, 0.000000000000000000 ) ) ;
#766 = CARTESIAN_POINT ( 'NONE',  ( 4.974999999998320988, 11.90784930203709280, -3.000000000000000000 ) ) ;
#767 = CIRCLE ( 'NONE', #573, 3.550000000000001155 ) ;
#768 = AXIS2_PLACEMENT_3D ( 'NONE', #1145, #1157, #42 ) ;
#769 = CIRCLE ( 'NONE', #1787, 1.899999999999098632 ) ;
#770 = CARTESIAN_POINT ( 'NONE',  ( 8.774999999998321698, 11.90784930203709280, 2.299999999999999822 ) ) ;
#771 = VERTEX_POINT ( 'NONE', #62 ) ;
#772 = EDGE_CURVE ( 'NONE', #2392, #295, #2317, .T. ) ;
#773 = EDGE_CURVE ( 'NONE', #489, #1405, #2171, .T. ) ;
#774 = VERTEX_POINT ( 'NONE', #1928 ) ;
#775 = LINE ( 'NONE', #1925, #60 ) ;
#776 = CARTESIAN_POINT ( 'NONE',  ( 8.774999999998321698, 11.90784930203709280, -3.000000000000000000 ) ) ;
#777 = DIRECTION ( 'NONE',  ( 0.000000000000000000, 0.000000000000000000, 1.000000000000000000 ) ) ;
#778 = ORIENTED_EDGE ( 'NONE', *, *, #1094, .F. ) ;
#779 = CARTESIAN_POINT ( 'NONE',  ( -23.99999999999996092, -20.99999999999999645, 26.59999999999991616 ) ) ;
#780 = LINE ( 'NONE', #1297, #129 ) ;
#781 = ADVANCED_FACE ( 'NONE', ( #839 ), #1154, .F. ) ;
#782 = ORIENTED_EDGE ( 'NONE', *, *, #1128, .F. ) ;
#783 = LINE ( 'NONE', #1921, #1423 ) ;
#784 = VERTEX_POINT ( 'NONE', #1208 ) ;
#785 = AXIS2_PLACEMENT_3D ( 'NONE', #532, #1438, #2347 ) ;
#786 = ORIENTED_EDGE ( 'NONE', *, *, #759, .F. ) ;
#787 = FACE_OUTER_BOUND ( 'NONE', #1155, .T. ) ;
#788 = CARTESIAN_POINT ( 'NONE',  ( 2.610287666325547207, -13.85705393449218903, -42.93251095273883777 ) ) ;
#789 = CARTESIAN_POINT ( 'NONE',  ( 24.00000000000003908, -20.99999999999999645, 13.84999999999999076 ) ) ;
#790 = ADVANCED_FACE ( 'NONE', ( #1957 ), #998, .F. ) ;
#791 = ORIENTED_EDGE ( 'NONE', *, *, #1517, .F. ) ;
#792 = DIRECTION ( 'NONE',  ( 0.000000000000000000, 0.000000000000000000, -1.000000000000000000 ) ) ;
#793 = CARTESIAN_POINT ( 'NONE',  ( -7.729159201799991941, -3.478120569333498224E-13, 0.000000000000000000 ) ) ;
#794 = EDGE_LOOP ( 'NONE', ( #1212, #1913, #2205, #1989, #1088, #701, #1605, #1621, #1320, #601, #1126, #834, #1775, #1, #1520, #1688, #955, #1371, #521, #1703 ) ) ;
#795 = SURFACE_STYLE_FILL_AREA ( #1200 ) ;
#796 = ORIENTED_EDGE ( 'NONE', *, *, #1683, .T. ) ;
#797 = AXIS2_PLACEMENT_3D ( 'NONE', #1836, #2220, #1637 ) ;
#798 = CIRCLE ( 'NONE', #1109, 2.749999999999931166 ) ;
#799 = ORIENTED_EDGE ( 'NONE', *, *, #1984, .T. ) ;
#800 = DIRECTION ( 'NONE',  ( 0.000000000000000000, 0.000000000000000000, 1.000000000000000000 ) ) ;
#801 = DIRECTION ( 'NONE',  ( 0.1724731828275075929, 0.9850142137072688264, 0.000000000000000000 ) ) ;
#802 = FACE_OUTER_BOUND ( 'NONE', #1046, .T. ) ;
#803 = EDGE_CURVE ( 'NONE', #1400, #242, #808, .T. ) ;
#804 = VERTEX_POINT ( 'NONE', #1535 ) ;
#805 = CARTESIAN_POINT ( 'NONE',  ( -6.874999999999909406, 11.90784930203598968, 2.299999999999999822 ) ) ;
#806 = DIRECTION ( 'NONE',  ( 1.000000000000000000, 0.000000000000000000, -0.000000000000000000 ) ) ;
#807 = ORIENTED_EDGE ( 'NONE', *, *, #2297, .F. ) ;
#808 = CIRCLE ( 'NONE', #923, 1.900000000000000577 ) ;
#809 = ADVANCED_FACE ( 'NONE', ( #2280 ), #1758, .F. ) ;
#810 = ORIENTED_EDGE ( 'NONE', *, *, #1409, .T. ) ;
#811 = VECTOR ( 'NONE', #1303, 1000.000000000000000 ) ;
#812 = ORIENTED_EDGE ( 'NONE', *, *, #2107, .F. ) ;
#813 = DIRECTION ( 'NONE',  ( 1.000000000000000000, 0.000000000000000000, 0.000000000000000000 ) ) ;
#814 = DIRECTION ( 'NONE',  ( -0.1724731828275083145, -0.9850142137072687154, 0.000000000000000000 ) ) ;
#815 = CARTESIAN_POINT ( 'NONE',  ( -26.42500000000000426, -17.60000000000000497, 24.39999999999999503 ) ) ;
#816 = VERTEX_POINT ( 'NONE', #1394 ) ;
#817 = CARTESIAN_POINT ( 'NONE',  ( -3.864579600900125200, 6.693648218653342141, 2.299999999999999822 ) ) ;
#818 = CARTESIAN_POINT ( 'NONE',  ( -23.99999999999996092, -20.99999999999999645, 11.10000000000005471 ) ) ;
#819 = EDGE_CURVE ( 'NONE', #340, #1249, #657, .T. ) ;
#820 = ORIENTED_EDGE ( 'NONE', *, *, #1752, .T. ) ;
#821 = LINE ( 'NONE', #1006, #1384 ) ;
#822 = ORIENTED_EDGE ( 'NONE', *, *, #2197, .F. ) ;
#823 = ORIENTED_EDGE ( 'NONE', *, *, #176, .F. ) ;
#824 = LINE ( 'NONE', #274, #485 ) ;
#825 = CARTESIAN_POINT ( 'NONE',  ( -11.60474041071020679, -6.700000000000029488, 2.299999999999999822 ) ) ;
#826 = CARTESIAN_POINT ( 'NONE',  ( -2.610287666322975486, -13.85705393449220679, -42.93251095273883777 ) ) ;
#827 = EDGE_CURVE ( 'NONE', #1252, #858, #1968, .T. ) ;
#828 = ORIENTED_EDGE ( 'NONE', *, *, #2144, .T. ) ;
#829 = CARTESIAN_POINT ( 'NONE',  ( -20.04999999999998295, -30.00000000000001066, 8.799999999999997158 ) ) ;
#830 = CARTESIAN_POINT ( 'NONE',  ( -2.610287666322975486, -13.85705393449220679, 2.299999999999999822 ) ) ;
#831 = EDGE_CURVE ( 'NONE', #661, #378, #1800, .T. ) ;
#832 = ORIENTED_EDGE ( 'NONE', *, *, #1799, .T. ) ;
#833 = DIRECTION ( 'NONE',  ( 0.1724731828275600787, -0.9850142137072596116, 0.000000000000000000 ) ) ;
#834 = ORIENTED_EDGE ( 'NONE', *, *, #1780, .T. ) ;
#835 = ORIENTED_EDGE ( 'NONE', *, *, #77, .T. ) ;
#836 = CIRCLE ( 'NONE', #797, 1.899999999999999689 ) ;
#837 = AXIS2_PLACEMENT_3D ( 'NONE', #1295, #927, #558 ) ;
#838 = DIRECTION ( 'NONE',  ( -1.000000000000000000, -2.443272501375783973E-16, 0.000000000000000000 ) ) ;
#839 = FACE_OUTER_BOUND ( 'NONE', #1887, .T. ) ;
#840 = EDGE_CURVE ( 'NONE', #2049, #94, #1407, .T. ) ;
#841 = ORIENTED_EDGE ( 'NONE', *, *, #1409, .F. ) ;
#842 = PRODUCT_DEFINITION_CONTEXT ( 'detailed design', #2088, 'design' ) ;
#843 = FACE_OUTER_BOUND ( 'NONE', #1514, .T. ) ;
#844 = CARTESIAN_POINT ( 'NONE',  ( 7.729159201800657186, 1.055159106790048984E-12, 2.299999999999999822 ) ) ;
#845 = EDGE_LOOP ( 'NONE', ( #1885, #1285, #1726, #201 ) ) ;
#846 = DIRECTION ( 'NONE',  ( 1.000000000000000000, 0.000000000000000000, 0.000000000000000000 ) ) ;
#847 = CARTESIAN_POINT ( 'NONE',  ( 1.470283216747640392E-15, -5.200000000000000178, 28.89999999999999503 ) ) ;
#848 = ORIENTED_EDGE ( 'NONE', *, *, #2328, .F. ) ;
#849 = CIRCLE ( 'NONE', #2172, 2.749999999999931166 ) ;
#850 = AXIS2_PLACEMENT_3D ( 'NONE', #643, #2303, #838 ) ;
#851 = LINE ( 'NONE', #1598, #2005 ) ;
#852 = ORIENTED_EDGE ( 'NONE', *, *, #1574, .F. ) ;
#853 =( LENGTH_UNIT ( ) NAMED_UNIT ( * ) SI_UNIT ( .MILLI., .METRE. ) );
#854 = DIRECTION ( 'NONE',  ( 1.000000000000000000, 0.000000000000000000, -0.000000000000000000 ) ) ;
#855 = ORIENTED_EDGE ( 'NONE', *, *, #1210, .T. ) ;
#856 = DIRECTION ( 'NONE',  ( -2.016023975600421011E-16, 1.000000000000000000, -1.232595164407830946E-32 ) ) ;
#857 = ORIENTED_EDGE ( 'NONE', *, *, #1897, .T. ) ;
#858 = VERTEX_POINT ( 'NONE', #495 ) ;
#859 = EDGE_CURVE ( 'NONE', #244, #746, #1222, .T. ) ;
#860 = CYLINDRICAL_SURFACE ( 'NONE', #1607, 1.899999999999999689 ) ;
#861 = EDGE_CURVE ( 'NONE', #816, #1168, #1923, .T. ) ;
#862 = ORIENTED_EDGE ( 'NONE', *, *, #883, .F. ) ;
#863 = DIRECTION ( 'NONE',  ( -0.000000000000000000, -0.000000000000000000, 1.000000000000000000 ) ) ;
#864 = DIRECTION ( 'NONE',  ( 1.000000000000000000, 0.000000000000000000, -0.000000000000000000 ) ) ;
#865 = EDGE_LOOP ( 'NONE', ( #786, #2313, #1951, #1961 ) ) ;
#866 = CARTESIAN_POINT ( 'NONE',  ( -3.864579600899062495, -6.693648218653594384, 2.299999999999999822 ) ) ;
#867 = FACE_BOUND ( 'NONE', #941, .T. ) ;
#868 = ORIENTED_EDGE ( 'NONE', *, *, #1908, .F. ) ;
#869 = STYLED_ITEM ( 'NONE', ( #1950 ), #1828 ) ;
#870 = DIRECTION ( 'NONE',  ( -0.000000000000000000, -0.000000000000000000, 1.000000000000000000 ) ) ;
#871 = VECTOR ( 'NONE', #1576, 1000.000000000000000 ) ;
#872 = DIRECTION ( 'NONE',  ( -0.000000000000000000, -1.000000000000000000, -0.000000000000000000 ) ) ;
#873 = DIRECTION ( 'NONE',  ( -0.000000000000000000, -0.000000000000000000, 1.000000000000000000 ) ) ;
#874 = EDGE_CURVE ( 'NONE', #1400, #1771, #2376, .T. ) ;
#875 = VECTOR ( 'NONE', #1142, 1000.000000000000000 ) ;
#876 = ORIENTED_EDGE ( 'NONE', *, *, #2197, .T. ) ;
#877 = CARTESIAN_POINT ( 'NONE',  ( -6.625000000000182965, -11.47483660014792939, -3.000000000000000000 ) ) ;
#878 = DIRECTION ( 'NONE',  ( 1.000000000000000000, 0.000000000000000000, 0.000000000000000000 ) ) ;
#879 = ADVANCED_FACE ( 'NONE', ( #1831 ), #688, .F. ) ;
#880 = CARTESIAN_POINT ( 'NONE',  ( 14.25474041071213627, -6.699999999998910383, 0.000000000000000000 ) ) ;
#881 = VERTEX_POINT ( 'NONE', #896 ) ;
#882 = VECTOR ( 'NONE', #1878, 1000.000000000000114 ) ;
#883 = EDGE_CURVE ( 'NONE', #299, #284, #851, .T. ) ;
#884 = DIRECTION ( 'NONE',  ( 1.000000000000000000, 0.000000000000000000, 0.000000000000000000 ) ) ;
#885 = AXIS2_PLACEMENT_3D ( 'NONE', #1410, #1723, #475 ) ;
#886 = VECTOR ( 'NONE', #17, 1000.000000000000000 ) ;
#887 = CARTESIAN_POINT ( 'NONE',  ( -4.725000000001084111, -11.47483660014792939, -3.000000000000000000 ) ) ;
#888 = ORIENTED_EDGE ( 'NONE', *, *, #43, .T. ) ;
#889 = DIRECTION ( 'NONE',  ( 1.000000000000000000, 0.000000000000000000, 0.000000000000000000 ) ) ;
#890 = VERTEX_POINT ( 'NONE', #330 ) ;
#891 = LINE ( 'NONE', #1089, #1347 ) ;
#892 = FACE_BOUND ( 'NONE', #1542, .T. ) ;
#893 = FACE_OUTER_BOUND ( 'NONE', #1727, .T. ) ;
#894 = ORIENTED_EDGE ( 'NONE', *, *, #1608, .F. ) ;
#895 = EDGE_CURVE ( 'NONE', #467, #1557, #554, .T. ) ;
#896 = CARTESIAN_POINT ( 'NONE',  ( -10.69541689571921417, 9.189102397468072780, 0.000000000000000000 ) ) ;
#897 = FACE_BOUND ( 'NONE', #2061, .T. ) ;
#898 = VERTEX_POINT ( 'NONE', #1424 ) ;
#899 = CARTESIAN_POINT ( 'NONE',  ( -24.51250000000001350, -5.950000000000004619, 12.94999999999998863 ) ) ;
#900 = EDGE_CURVE ( 'NONE', #1379, #18, #1254, .T. ) ;
#901 = VECTOR ( 'NONE', #2390, 1000.000000000000000 ) ;
#902 = ORIENTED_EDGE ( 'NONE', *, *, #827, .T. ) ;
#903 = CYLINDRICAL_SURFACE ( 'NONE', #2043, 1.900000000002498579 ) ;
#904 = CARTESIAN_POINT ( 'NONE',  ( 20.00000000000000000, -5.199999999999996625, -3.000000000000002665 ) ) ;
#905 = PLANE ( 'NONE',  #536 ) ;
#906 = ORIENTED_EDGE ( 'NONE', *, *, #1567, .T. ) ;
#907 = ADVANCED_FACE ( 'NONE', ( #143, #2344, #675, #2148, #666, #471 ), #1997, .T. ) ;
#908 = DIRECTION ( 'NONE',  ( 0.000000000000000000, -1.000000000000000000, 0.000000000000000000 ) ) ;
#909 = VECTOR ( 'NONE', #637, 1000.000000000000000 ) ;
#910 = DIRECTION ( 'NONE',  ( -0.000000000000000000, -1.000000000000000000, -0.000000000000000000 ) ) ;
#911 = EDGE_LOOP ( 'NONE', ( #267, #1336 ) ) ;
#912 = DIRECTION ( 'NONE',  ( 0.000000000000000000, 0.000000000000000000, -1.000000000000000000 ) ) ;
#913 = AXIS2_PLACEMENT_3D ( 'NONE', #1238, #303, #833 ) ;
#914 = CIRCLE ( 'NONE', #2166, 1.899999999999999023 ) ;
#915 = ADVANCED_FACE ( 'NONE', ( #1072 ), #483, .F. ) ;
#916 = DIRECTION ( 'NONE',  ( -0.000000000000000000, -0.000000000000000000, 1.000000000000000000 ) ) ;
#917 = LINE ( 'NONE', #539, #2277 ) ;
#918 = EDGE_LOOP ( 'NONE', ( #1480, #615, #2158, #497 ) ) ;
#919 = FACE_OUTER_BOUND ( 'NONE', #273, .T. ) ;
#920 = ORIENTED_EDGE ( 'NONE', *, *, #1032, .T. ) ;
#921 = CARTESIAN_POINT ( 'NONE',  ( -28.99999999999999645, -30.00000000000000355, 28.89999999999999503 ) ) ;
#922 = ADVANCED_FACE ( 'NONE', ( #297 ), #860, .F. ) ;
#923 = AXIS2_PLACEMENT_3D ( 'NONE', #1743, #1013, #76 ) ;
#924 = CARTESIAN_POINT ( 'NONE',  ( 24.52499999999999147, -17.60000000000001563, 28.14999999999999503 ) ) ;
#925 = DIRECTION ( 'NONE',  ( 0.000000000000000000, -1.000000000000000000, 0.000000000000000000 ) ) ;
#926 = VERTEX_POINT ( 'NONE', #1048 ) ;
#927 = DIRECTION ( 'NONE',  ( -0.000000000000000000, -0.000000000000000000, 1.000000000000000000 ) ) ;
#928 = CARTESIAN_POINT ( 'NONE',  ( -6.625000000000182965, -11.47483660014792939, -3.000000000000000000 ) ) ;
#929 = VERTEX_POINT ( 'NONE', #1789 ) ;
#930 = CARTESIAN_POINT ( 'NONE',  ( -23.99999999999996092, -30.00000000000000000, 26.59999999999991616 ) ) ;
#931 = EDGE_LOOP ( 'NONE', ( #902, #667, #2130, #115 ) ) ;
#932 = FACE_OUTER_BOUND ( 'NONE', #1349, .T. ) ;
#933 = EDGE_CURVE ( 'NONE', #674, #54, #437, .T. ) ;
#934 = LINE ( 'NONE', #370, #965 ) ;
#935 = LINE ( 'NONE', #1512, #1504 ) ;
#936 = ADVANCED_FACE ( 'NONE', ( #1494 ), #1460, .F. ) ;
#937 = ORIENTED_EDGE ( 'NONE', *, *, #156, .F. ) ;
#938 = DIRECTION ( 'NONE',  ( -1.000000000000000000, 0.000000000000000000, 0.000000000000000000 ) ) ;
#939 = PLANE ( 'NONE',  #768 ) ;
#940 = CARTESIAN_POINT ( 'NONE',  ( 6.874999999998321343, 11.90784930203709280, 2.299999999999999822 ) ) ;
#941 = EDGE_LOOP ( 'NONE', ( #2072, #2200 ) ) ;
#942 = CARTESIAN_POINT ( 'NONE',  ( -10.69541689571855159, -9.189102397468486672, -42.93251095273883777 ) ) ;
#943 = DIRECTION ( 'NONE',  ( -0.3431409490534798601, 0.9392839235729936176, 0.000000000000000000 ) ) ;
#944 = CARTESIAN_POINT ( 'NONE',  ( 24.00000000000003908, -30.00000000000000000, 23.84999999999999432 ) ) ;
#945 = AXIS2_PLACEMENT_3D ( 'NONE', #1993, #1808, #878 ) ;
#946 = ORIENTED_EDGE ( 'NONE', *, *, #2067, .F. ) ;
#947 = ADVANCED_FACE ( 'NONE', ( #210 ), #1483, .F. ) ;
#948 = DIRECTION ( 'NONE',  ( 1.000000000000000000, 0.000000000000000000, 0.000000000000000000 ) ) ;
#949 = AXIS2_PLACEMENT_3D ( 'NONE', #2010, #128, #155 ) ;
#950 = DIRECTION ( 'NONE',  ( -2.016023975600421011E-16, 1.000000000000000000, -2.465190328815661892E-32 ) ) ;
#951 = VECTOR ( 'NONE', #1871, 1000.000000000000000 ) ;
#952 = EDGE_CURVE ( 'NONE', #1249, #1653, #323, .T. ) ;
#953 = VECTOR ( 'NONE', #2038, 1000.000000000000000 ) ;
#954 = LINE ( 'NONE', #1700, #1404 ) ;
#955 = ORIENTED_EDGE ( 'NONE', *, *, #1174, .T. ) ;
#956 = ORIENTED_EDGE ( 'NONE', *, *, #1018, .F. ) ;
#957 = DIRECTION ( 'NONE',  ( -0.000000000000000000, -0.000000000000000000, 1.000000000000000000 ) ) ;
#958 = ADVANCED_FACE ( 'NONE', ( #2411 ), #543, .F. ) ;
#959 = DIRECTION ( 'NONE',  ( 1.000000000000000000, 0.000000000000000000, 0.000000000000000000 ) ) ;
#960 = LINE ( 'NONE', #2218, #2047 ) ;
#961 = ORIENTED_EDGE ( 'NONE', *, *, #1316, .T. ) ;
#962 = DIRECTION ( 'NONE',  ( 1.000000000000000000, 0.000000000000000000, 0.000000000000000000 ) ) ;
#963 = CIRCLE ( 'NONE', #966, 2.650000000000000355 ) ;
#964 = DIRECTION ( 'NONE',  ( -0.000000000000000000, -0.000000000000000000, 1.000000000000000000 ) ) ;
#965 = VECTOR ( 'NONE', #7, 1000.000000000000000 ) ;
#966 = AXIS2_PLACEMENT_3D ( 'NONE', #1896, #361, #1664 ) ;
#967 = CIRCLE ( 'NONE', #2253, 2.649999999999999467 ) ;
#968 = EDGE_CURVE ( 'NONE', #2309, #926, #528, .T. ) ;
#969 = CARTESIAN_POINT ( 'NONE',  ( -23.99999999999996092, -20.99999999999999645, 23.84999999999998721 ) ) ;
#970 = ORIENTED_EDGE ( 'NONE', *, *, #2184, .F. ) ;
#971 = EDGE_CURVE ( 'NONE', #607, #774, #738, .T. ) ;
#972 = VERTEX_POINT ( 'NONE', #1314 ) ;
#973 = DIRECTION ( 'NONE',  ( -0.1724731828275082590, 0.9850142137072687154, 0.000000000000000000 ) ) ;
#974 = CARTESIAN_POINT ( 'NONE',  ( -28.99999999999999645, -30.00000000000000355, -3.000000000000002665 ) ) ;
#975 = CARTESIAN_POINT ( 'NONE',  ( 24.52499999999999147, -17.60000000000001563, 28.89999999999999503 ) ) ;
#976 = DIRECTION ( 'NONE',  ( -0.000000000000000000, -0.000000000000000000, 1.000000000000000000 ) ) ;
#977 = CARTESIAN_POINT ( 'NONE',  ( 10.69541689571983767, 9.189102397469193662, 0.000000000000000000 ) ) ;
#978 = ORIENTED_EDGE ( 'NONE', *, *, #1446, .T. ) ;
#979 =( LENGTH_UNIT ( ) NAMED_UNIT ( * ) SI_UNIT ( .MILLI., .METRE. ) );
#980 = ORIENTED_EDGE ( 'NONE', *, *, #727, .F. ) ;
#981 = ORIENTED_EDGE ( 'NONE', *, *, #1210, .F. ) ;
#982 = LINE ( 'NONE', #2094, #1158 ) ;
#983 = ADVANCED_FACE ( 'NONE', ( #390 ), #1508, .F. ) ;
#984 = PLANE ( 'NONE',  #689 ) ;
#985 = CARTESIAN_POINT ( 'NONE',  ( 3.864579600901408174, -6.693648218652620940, 0.000000000000000000 ) ) ;
#986 = VERTEX_POINT ( 'NONE', #2202 ) ;
#987 = DIRECTION ( 'NONE',  ( 0.000000000000000000, 0.000000000000000000, 1.000000000000000000 ) ) ;
#988 = DIRECTION ( 'NONE',  ( -1.156482317317871478E-16, 1.000000000000000000, 0.000000000000000000 ) ) ;
#989 = ORIENTED_EDGE ( 'NONE', *, *, #1966, .F. ) ;
#990 = DIRECTION ( 'NONE',  ( 4.276423536147513034E-48, -2.465190328815661892E-32, -1.000000000000000000 ) ) ;
#991 = VERTEX_POINT ( 'NONE', #747 ) ;
#992 = AXIS2_PLACEMENT_3D ( 'NONE', #160, #2229, #1859 ) ;
#993 = AXIS2_PLACEMENT_3D ( 'NONE', #1680, #2224, #2254 ) ;
#994 = ORIENTED_EDGE ( 'NONE', *, *, #63, .T. ) ;
#995 = FACE_OUTER_BOUND ( 'NONE', #931, .T. ) ;
#996 = AXIS2_PLACEMENT_3D ( 'NONE', #1485, #2226, #581 ) ;
#997 = CARTESIAN_POINT ( 'NONE',  ( -5.000000000000000000, 6.123233995736766282E-16, -2.999999999999999112 ) ) ;
#998 = CYLINDRICAL_SURFACE ( 'NONE', #1667, 1.899999999999999023 ) ;
#999 = ADVANCED_FACE ( 'NONE', ( #2058 ), #1105, .T. ) ;
#1000 = ORIENTED_EDGE ( 'NONE', *, *, #698, .F. ) ;
#1001 = DIRECTION ( 'NONE',  ( 0.000000000000000000, -1.000000000000000000, 0.000000000000000000 ) ) ;
#1002 = DIRECTION ( 'NONE',  ( 0.000000000000000000, 0.000000000000000000, -1.000000000000000000 ) ) ;
#1003 = VECTOR ( 'NONE', #1352, 1000.000000000000000 ) ;
#1004 = ORIENTED_EDGE ( 'NONE', *, *, #53, .F. ) ;
#1005 = AXIS2_PLACEMENT_3D ( 'NONE', #97, #443, #1341 ) ;
#1006 = CARTESIAN_POINT ( 'NONE',  ( 13.30570456204473651, -4.667951537023345310, 2.299999999999999822 ) ) ;
#1007 = EDGE_LOOP ( 'NONE', ( #2375, #2115, #1949, #1999 ) ) ;
#1008 = CIRCLE ( 'NONE', #110, 1.899999999999999023 ) ;
#1009 = EDGE_LOOP ( 'NONE', ( #1440, #2353 ) ) ;
#1010 = CARTESIAN_POINT ( 'NONE',  ( 5.000000000000000000, 0.000000000000000000, -17.14213562373095101 ) ) ;
#1011 = ADVANCED_FACE ( 'NONE', ( #1127 ), #177, .F. ) ;
#1012 = CARTESIAN_POINT ( 'NONE',  ( -6.874999999999909406, 11.90784930203598968, 2.299999999999999822 ) ) ;
#1013 = DIRECTION ( 'NONE',  ( -0.000000000000000000, -0.000000000000000000, 1.000000000000000000 ) ) ;
#1014 = ADVANCED_FACE ( 'NONE', ( #23 ), #355, .F. ) ;
#1015 = ORIENTED_EDGE ( 'NONE', *, *, #462, .T. ) ;
#1016 = CARTESIAN_POINT ( 'NONE',  ( 3.864579600900049261, 6.693648218653777349, 2.299999999999999822 ) ) ;
#1017 = DIRECTION ( 'NONE',  ( 1.000000000000000000, 0.000000000000000000, 0.000000000000000000 ) ) ;
#1018 = EDGE_CURVE ( 'NONE', #1292, #784, #579, .T. ) ;
#1019 = VERTEX_POINT ( 'NONE', #1841 ) ;
#1020 = LINE ( 'NONE', #2075, #59 ) ;
#1021 = ORIENTED_EDGE ( 'NONE', *, *, #591, .T. ) ;
#1022 = ORIENTED_EDGE ( 'NONE', *, *, #1683, .F. ) ;
#1023 = EDGE_CURVE ( 'NONE', #2325, #890, #1541, .T. ) ;
#1024 = AXIS2_PLACEMENT_3D ( 'NONE', #2366, #113, #854 ) ;
#1025 = CYLINDRICAL_SURFACE ( 'NONE', #1242, 2.749999999999929390 ) ;
#1026 = PLANE ( 'NONE',  #1045 ) ;
#1027 = ORIENTED_EDGE ( 'NONE', *, *, #1147, .F. ) ;
#1028 = DIRECTION ( 'NONE',  ( 0.1724731828275075929, 0.9850142137072688264, 0.000000000000000000 ) ) ;
#1029 = EDGE_CURVE ( 'NONE', #54, #674, #1348, .T. ) ;
#1030 = ORIENTED_EDGE ( 'NONE', *, *, #43, .F. ) ;
#1031 = DIRECTION ( 'NONE',  ( 1.000000000000000000, 0.000000000000000000, 0.000000000000000000 ) ) ;
#1032 = EDGE_CURVE ( 'NONE', #1344, #354, #2400, .T. ) ;
#1033 = EDGE_LOOP ( 'NONE', ( #1426, #832, #742, #2093 ) ) ;
#1034 = VECTOR ( 'NONE', #2360, 1000.000000000000000 ) ;
#1035 = ORIENTED_EDGE ( 'NONE', *, *, #275, .T. ) ;
#1036 = VECTOR ( 'NONE', #1226, 1000.000000000000000 ) ;
#1037 = VECTOR ( 'NONE', #2306, 1000.000000000000000 ) ;
#1038 = CARTESIAN_POINT ( 'NONE',  ( -29.00000000000000000, -5.200000000000006395, 4.979684464207636846E-31 ) ) ;
#1039 = APPLICATION_PROTOCOL_DEFINITION ( 'draft international standard', 'automotive_design', 1998, #1496 ) ;
#1040 = DIRECTION ( 'NONE',  ( 0.000000000000000000, 0.000000000000000000, -1.000000000000000000 ) ) ;
#1041 = VERTEX_POINT ( 'NONE', #2033 ) ;
#1042 = CYLINDRICAL_SURFACE ( 'NONE', #1580, 1.899999999999999023 ) ;
#1043 = LINE ( 'NONE', #1786, #1229 ) ;
#1044 = ADVANCED_FACE ( 'NONE', ( #932 ), #726, .F. ) ;
#1045 = AXIS2_PLACEMENT_3D ( 'NONE', #631, #2097, #2135 ) ;
#1046 = EDGE_LOOP ( 'NONE', ( #1277, #1679, #228, #2156 ) ) ;
#1047 = VECTOR ( 'NONE', #2241, 1000.000000000000000 ) ;
#1048 = CARTESIAN_POINT ( 'NONE',  ( -7.729159201799991052, -3.485303408726214691E-13, 2.299999999999999822 ) ) ;
#1049 = ORIENTED_EDGE ( 'NONE', *, *, #933, .T. ) ;
#1050 = LINE ( 'NONE', #2354, #1987 ) ;
#1051 = FACE_OUTER_BOUND ( 'NONE', #2085, .T. ) ;
#1052 = ORIENTED_EDGE ( 'NONE', *, *, #176, .T. ) ;
#1053 = FACE_OUTER_BOUND ( 'NONE', #57, .T. ) ;
#1054 = DIRECTION ( 'NONE',  ( -0.000000000000000000, -0.000000000000000000, 1.000000000000000000 ) ) ;
#1055 = ORIENTED_EDGE ( 'NONE', *, *, #2030, .T. ) ;
#1056 = EDGE_CURVE ( 'NONE', #378, #1344, #824, .T. ) ;
#1057 = DIRECTION ( 'NONE',  ( 0.000000000000000000, -1.000000000000000000, 0.000000000000000000 ) ) ;
#1058 = DIRECTION ( 'NONE',  ( 0.000000000000000000, 0.000000000000000000, -1.000000000000000000 ) ) ;
#1059 = EDGE_LOOP ( 'NONE', ( #1492, #344, #820, #1164 ) ) ;
#1060 = UNCERTAINTY_MEASURE_WITH_UNIT (LENGTH_MEASURE( 1.000000000000000082E-05 ), #333, 'distance_accuracy_value', 'NONE');
#1061 = DIRECTION ( 'NONE',  ( -0.000000000000000000, -0.000000000000000000, 1.000000000000000000 ) ) ;
#1062 = DIRECTION ( 'NONE',  ( 1.000000000000000000, 0.000000000000000000, 0.000000000000000000 ) ) ;
#1063 = EDGE_CURVE ( 'NONE', #219, #372, #914, .T. ) ;
#1064 = EDGE_LOOP ( 'NONE', ( #1289, #541, #810, #1395 ) ) ;
#1065 = CARTESIAN_POINT ( 'NONE',  ( 24.00000000000003908, -20.99999999999999645, 23.84999999999999432 ) ) ;
#1066 = FACE_OUTER_BOUND ( 'NONE', #684, .T. ) ;
#1067 = DIRECTION ( 'NONE',  ( 1.000000000000000000, 0.000000000000000000, 0.000000000000000000 ) ) ;
#1068 = VERTEX_POINT ( 'NONE', #1176 ) ;
#1069 = VECTOR ( 'NONE', #2029, 1000.000000000000000 ) ;
#1070 = AXIS2_PLACEMENT_3D ( 'NONE', #1606, #1057, #1447 ) ;
#1071 = AXIS2_PLACEMENT_3D ( 'NONE', #1335, #69, #1566 ) ;
#1072 = FACE_OUTER_BOUND ( 'NONE', #1642, .T. ) ;
#1073 = AXIS2_PLACEMENT_3D ( 'NONE', #1697, #202, #948 ) ;
#1074 = CARTESIAN_POINT ( 'NONE',  ( 24.52499999999999147, -17.60000000000001563, 28.89999999999999503 ) ) ;
#1075 = CARTESIAN_POINT ( 'NONE',  ( 0.000000000000000000, 0.000000000000000000, 0.000000000000000000 ) ) ;
#1076 = ORIENTED_EDGE ( 'NONE', *, *, #1018, .T. ) ;
#1077 = FACE_OUTER_BOUND ( 'NONE', #1064, .T. ) ;
#1078 = CARTESIAN_POINT ( 'NONE',  ( -22.61250000000001137, -9.700000000000004619, 12.94999999999998863 ) ) ;
#1079 = CARTESIAN_POINT ( 'NONE',  ( -10.69541689571921417, 9.189102397468072780, -42.93251095273883777 ) ) ;
#1080 = VERTEX_POINT ( 'NONE', #37 ) ;
#1081 = AXIS2_PLACEMENT_3D ( 'NONE', #788, #568, #801 ) ;
#1082 = EDGE_CURVE ( 'NONE', #1646, #2076, #438, .T. ) ;
#1083 = CARTESIAN_POINT ( 'NONE',  ( -2.610287666324261124, 13.85705393449289780, -42.93251095273883777 ) ) ;
#1084 = CIRCLE ( 'NONE', #2332, 3.550000000000001155 ) ;
#1085 = VECTOR ( 'NONE', #1113, 1000.000000000000000 ) ;
#1086 = PLANE ( 'NONE',  #1749 ) ;
#1087 = LINE ( 'NONE', #1272, #901 ) ;
#1088 = ORIENTED_EDGE ( 'NONE', *, *, #2191, .T. ) ;
#1089 = CARTESIAN_POINT ( 'NONE',  ( -28.07500000000000639, -17.60000000000000497, 28.14999999999999503 ) ) ;
#1090 = FACE_BOUND ( 'NONE', #1351, .T. ) ;
#1091 = CARTESIAN_POINT ( 'NONE',  ( 24.52499999999999147, -17.60000000000001563, 28.14999999999999503 ) ) ;
#1092 = VERTEX_POINT ( 'NONE', #1191 ) ;
#1093 = CARTESIAN_POINT ( 'NONE',  ( -20.05000000000003624, -5.200000000000002842, 2.300000000000001599 ) ) ;
#1094 = EDGE_CURVE ( 'NONE', #324, #1759, #798, .T. ) ;
#1095 = LINE ( 'NONE', #1671, #32 ) ;
#1096 = ORIENTED_EDGE ( 'NONE', *, *, #2179, .F. ) ;
#1097 =( NAMED_UNIT ( * ) SI_UNIT ( $, .STERADIAN. ) SOLID_ANGLE_UNIT ( ) );
#1098 = CARTESIAN_POINT ( 'NONE',  ( -8.774999999999909761, 11.90784930203598968, 2.299999999999999822 ) ) ;
#1099 = AXIS2_PLACEMENT_3D ( 'NONE', #1075, #133, #889 ) ;
#1100 = ORIENTED_EDGE ( 'NONE', *, *, #592, .T. ) ;
#1101 = LINE ( 'NONE', #2195, #953 ) ;
#1102 = LINE ( 'NONE', #342, #1578 ) ;
#1103 = DIRECTION ( 'NONE',  ( 0.3431409490534277351, 0.9392839235730126024, 0.000000000000000000 ) ) ;
#1104 = VERTEX_POINT ( 'NONE', #1741 ) ;
#1105 = PLANE ( 'NONE',  #289 ) ;
#1106 = DIRECTION ( 'NONE',  ( -2.016023975600421011E-16, 1.000000000000000000, -1.232595164407830946E-32 ) ) ;
#1107 = DIRECTION ( 'NONE',  ( -1.000000000000000000, -2.016023975600421257E-16, 0.000000000000000000 ) ) ;
#1108 = CIRCLE ( 'NONE', #1071, 1.899999999999999689 ) ;
#1109 = AXIS2_PLACEMENT_3D ( 'NONE', #426, #2133, #1364 ) ;
#1110 = ORIENTED_EDGE ( 'NONE', *, *, #98, .T. ) ;
#1111 = FACE_BOUND ( 'NONE', #911, .T. ) ;
#1112 = CARTESIAN_POINT ( 'NONE',  ( 20.00000000000000000, 2.449293598294706513E-15, -53.00000000000000711 ) ) ;
#1113 = DIRECTION ( 'NONE',  ( 1.000000000000000000, 8.140601786706808111E-15, -0.000000000000000000 ) ) ;
#1114 = EDGE_LOOP ( 'NONE', ( #1981, #1565, #1027, #1905 ) ) ;
#1115 = EDGE_CURVE ( 'NONE', #299, #453, #775, .T. ) ;
#1116 = EDGE_CURVE ( 'NONE', #94, #898, #1954, .T. ) ;
#1117 = CARTESIAN_POINT ( 'NONE',  ( 1.284469037195706312E-12, -13.39999999999929159, -42.93251095273883777 ) ) ;
#1118 = AXIS2_PLACEMENT_3D ( 'NONE', #2070, #1304, #1891 ) ;
#1119 = LINE ( 'NONE', #1498, #1047 ) ;
#1120 = DIRECTION ( 'NONE',  ( -0.000000000000000000, -1.000000000000000000, -0.000000000000000000 ) ) ;
#1121 = AXIS2_PLACEMENT_3D ( 'NONE', #1406, #1207, #1067 ) ;
#1122 = VERTEX_POINT ( 'NONE', #1704 ) ;
#1123 = CARTESIAN_POINT ( 'NONE',  ( -20.05000000000003624, -5.200000000000002842, 4.979684464207636846E-31 ) ) ;
#1124 = DIRECTION ( 'NONE',  ( 1.000000000000000000, 0.000000000000000000, 0.000000000000000000 ) ) ;
#1125 = FACE_OUTER_BOUND ( 'NONE', #1850, .T. ) ;
#1126 = ORIENTED_EDGE ( 'NONE', *, *, #1350, .T. ) ;
#1127 = FACE_OUTER_BOUND ( 'NONE', #1839, .T. ) ;
#1128 = EDGE_CURVE ( 'NONE', #1653, #627, #590, .T. ) ;
#1129 = EDGE_CURVE ( 'NONE', #1375, #1767, #2118, .T. ) ;
#1130 = FACE_OUTER_BOUND ( 'NONE', #635, .T. ) ;
#1131 = FACE_OUTER_BOUND ( 'NONE', #2378, .T. ) ;
#1132 = EDGE_LOOP ( 'NONE', ( #2098, #2163 ) ) ;
#1133 = LINE ( 'NONE', #2259, #1776 ) ;
#1134 = CYLINDRICAL_SURFACE ( 'NONE', #1594, 2.649999999999997691 ) ;
#1135 = EDGE_CURVE ( 'NONE', #1449, #1344, #1165, .T. ) ;
#1136 = CYLINDRICAL_SURFACE ( 'NONE', #1829, 3.550000000000001155 ) ;
#1137 = ORIENTED_EDGE ( 'NONE', *, *, #592, .F. ) ;
#1138 = ADVANCED_FACE ( 'NONE', ( #995 ), #2079, .F. ) ;
#1139 = ORIENTED_EDGE ( 'NONE', *, *, #246, .T. ) ;
#1140 = CARTESIAN_POINT ( 'NONE',  ( -23.99999999999996092, -20.99999999999999645, 23.84999999999998721 ) ) ;
#1141 = LINE ( 'NONE', #580, #882 ) ;
#1142 = DIRECTION ( 'NONE',  ( 0.000000000000000000, 1.000000000000000000, 0.000000000000000000 ) ) ;
#1143 = EDGE_LOOP ( 'NONE', ( #1917, #65, #2217, #1593 ) ) ;
#1144 = CARTESIAN_POINT ( 'NONE',  ( -4.974999999999909939, 11.90784930203598968, 2.299999999999999822 ) ) ;
#1145 = CARTESIAN_POINT ( 'NONE',  ( 13.30570456204473651, -4.667951537023345310, -42.93251095273883777 ) ) ;
#1146 = MECHANICAL_DESIGN_GEOMETRIC_PRESENTATION_REPRESENTATION (  '', ( #869 ), #1889 ) ;
#1147 = EDGE_CURVE ( 'NONE', #1092, #510, #1152, .T. ) ;
#1148 = AXIS2_PLACEMENT_3D ( 'NONE', #215, #1906, #2295 ) ;
#1149 = DIRECTION ( 'NONE',  ( -0.000000000000000000, -0.000000000000000000, 1.000000000000000000 ) ) ;
#1150 = ORIENTED_EDGE ( 'NONE', *, *, #1343, .F. ) ;
#1151 = VERTEX_POINT ( 'NONE', #1914 ) ;
#1152 = LINE ( 'NONE', #1718, #1590 ) ;
#1153 = LINE ( 'NONE', #225, #2017 ) ;
#1154 = CYLINDRICAL_SURFACE ( 'NONE', #2290, 2.749999999999931166 ) ;
#1155 = EDGE_LOOP ( 'NONE', ( #91, #1575, #1234, #1163 ) ) ;
#1156 = LINE ( 'NONE', #817, #1934 ) ;
#1157 = DIRECTION ( 'NONE',  ( 0.6418732646537937958, 0.7668107407455121427, 0.000000000000000000 ) ) ;
#1158 = VECTOR ( 'NONE', #1558, 1000.000000000000000 ) ;
#1159 = CIRCLE ( 'NONE', #173, 2.749999999999929390 ) ;
#1160 = ORIENTED_EDGE ( 'NONE', *, *, #1472, .F. ) ;
#1161 = CARTESIAN_POINT ( 'NONE',  ( -20.00000000000000000, -5.200000000000002842, -3.000000000000002665 ) ) ;
#1162 = ADVANCED_FACE ( 'NONE', ( #640, #787 ), #1546, .T. ) ;
#1163 = ORIENTED_EDGE ( 'NONE', *, *, #1628, .T. ) ;
#1164 = ORIENTED_EDGE ( 'NONE', *, *, #1446, .F. ) ;
#1165 = LINE ( 'NONE', #1339, #1279 ) ;
#1166 = DIRECTION ( 'NONE',  ( 0.000000000000000000, 0.000000000000000000, 1.000000000000000000 ) ) ;
#1167 = DIRECTION ( 'NONE',  ( 0.000000000000000000, 0.000000000000000000, 1.000000000000000000 ) ) ;
#1168 = VERTEX_POINT ( 'NONE', #1901 ) ;
#1169 = DIRECTION ( 'NONE',  ( -0.000000000000000000, -0.000000000000000000, -1.000000000000000000 ) ) ;
#1170 = LINE ( 'NONE', #1933, #1281 ) ;
#1171 = ORIENTED_EDGE ( 'NONE', *, *, #895, .F. ) ;
#1172 = CARTESIAN_POINT ( 'NONE',  ( 29.00000000000000000, -5.199999999999993072, 4.979684464207636846E-31 ) ) ;
#1173 = DIRECTION ( 'NONE',  ( -0.000000000000000000, -0.000000000000000000, -1.000000000000000000 ) ) ;
#1174 = EDGE_CURVE ( 'NONE', #627, #2392, #46, .T. ) ;
#1175 = VERTEX_POINT ( 'NONE', #2276 ) ;
#1176 = CARTESIAN_POINT ( 'NONE',  ( 2.610287666324261568, 13.85705393449289957, 2.299999999999999822 ) ) ;
#1177 = CARTESIAN_POINT ( 'NONE',  ( 2.610287666324261568, 13.85705393449289957, -42.93251095273883777 ) ) ;
#1178 = AXIS2_PLACEMENT_3D ( 'NONE', #1618, #2190, #109 ) ;
#1179 = PLANE ( 'NONE',  #1005 ) ;
#1180 = ORIENTED_EDGE ( 'NONE', *, *, #831, .T. ) ;
#1181 = CARTESIAN_POINT ( 'NONE',  ( -6.625000000000182965, -11.47483660014792939, 2.299999999999999822 ) ) ;
#1182 = CARTESIAN_POINT ( 'NONE',  ( -28.99999999999999645, -30.00000000000000355, -3.000000000000002665 ) ) ;
#1183 = AXIS2_PLACEMENT_3D ( 'NONE', #327, #710, #2016 ) ;
#1184 = EDGE_LOOP ( 'NONE', ( #1870, #1725 ) ) ;
#1185 = AXIS2_PLACEMENT_3D ( 'NONE', #1543, #2286, #1612 ) ;
#1186 =( NAMED_UNIT ( * ) PLANE_ANGLE_UNIT ( ) SI_UNIT ( $, .RADIAN. ) );
#1187 = EDGE_LOOP ( 'NONE', ( #1778, #1021 ) ) ;
#1188 = CIRCLE ( 'NONE', #1892, 1.899999999999098632 ) ;
#1189 = ORIENTED_EDGE ( 'NONE', *, *, #1432, .T. ) ;
#1190 = EDGE_CURVE ( 'NONE', #1168, #816, #1359, .T. ) ;
#1191 = CARTESIAN_POINT ( 'NONE',  ( -20.00000000000000000, 0.000000000000000000, -3.000000000000000000 ) ) ;
#1192 = CIRCLE ( 'NONE', #1619, 2.749999999999929390 ) ;
#1193 = DIRECTION ( 'NONE',  ( 0.000000000000000000, -1.000000000000000000, 0.000000000000000000 ) ) ;
#1194 = CARTESIAN_POINT ( 'NONE',  ( 2.610287666325547207, -13.85705393449218903, 2.299999999999999822 ) ) ;
#1195 = EDGE_LOOP ( 'NONE', ( #1531, #1794 ) ) ;
#1196 = DIRECTION ( 'NONE',  ( -0.000000000000000000, -0.000000000000000000, 1.000000000000000000 ) ) ;
#1197 = CARTESIAN_POINT ( 'NONE',  ( 20.05000000000000782, -30.00000000000007105, 8.799999999999997158 ) ) ;
#1198 = CIRCLE ( 'NONE', #148, 3.550000000000001155 ) ;
#1199 = ORIENTED_EDGE ( 'NONE', *, *, #525, .F. ) ;
#1200 = FILL_AREA_STYLE ('',( #636 ) ) ;
#1201 = ORIENTED_EDGE ( 'NONE', *, *, #1571, .T. ) ;
#1202 = AXIS2_PLACEMENT_3D ( 'NONE', #67, #80, #1223 ) ;
#1203 = VECTOR ( 'NONE', #1221, 1000.000000000000000 ) ;
#1204 = ORIENTED_EDGE ( 'NONE', *, *, #1389, .T. ) ;
#1205 = CARTESIAN_POINT ( 'NONE',  ( -24.51250000000000995, -5.950000000000004619, 12.94999999999998863 ) ) ;
#1206 = ADVANCED_BREP_SHAPE_REPRESENTATION ( '010_002_Front_back_servo_mount_1', ( #1828, #1716 ), #2178 ) ;
#1207 = DIRECTION ( 'NONE',  ( -0.000000000000000000, -0.000000000000000000, 1.000000000000000000 ) ) ;
#1208 = CARTESIAN_POINT ( 'NONE',  ( -20.05000000000003268, -20.20000000000000284, 2.300000000000001599 ) ) ;
#1209 = CIRCLE ( 'NONE', #619, 1.899999999999999023 ) ;
#1210 = EDGE_CURVE ( 'NONE', #691, #784, #982, .T. ) ;
#1211 = EDGE_CURVE ( 'NONE', #477, #929, #2302, .T. ) ;
#1212 = ORIENTED_EDGE ( 'NONE', *, *, #2342, .T. ) ;
#1213 = DIRECTION ( 'NONE',  ( -4.956352788505156365E-15, 1.000000000000000000, 0.000000000000000000 ) ) ;
#1214 = LINE ( 'NONE', #1197, #1842 ) ;
#1215 = ORIENTED_EDGE ( 'NONE', *, *, #2342, .F. ) ;
#1216 = DIRECTION ( 'NONE',  ( 0.1724731828275600787, -0.9850142137072596116, 0.000000000000000000 ) ) ;
#1217 = EDGE_LOOP ( 'NONE', ( #83, #180 ) ) ;
#1218 = ORIENTED_EDGE ( 'NONE', *, *, #1550, .F. ) ;
#1219 = ADVANCED_FACE ( 'NONE', ( #628 ), #1086, .T. ) ;
#1220 = VECTOR ( 'NONE', #1464, 1000.000000000000000 ) ;
#1221 = DIRECTION ( 'NONE',  ( -4.956352788505156365E-15, 1.000000000000000000, 0.000000000000000000 ) ) ;
#1222 = LINE ( 'NONE', #1267, #2227 ) ;
#1223 = DIRECTION ( 'NONE',  ( 0.000000000000000000, 0.000000000000000000, -1.000000000000000000 ) ) ;
#1224 = EDGE_CURVE ( 'NONE', #804, #1750, #1095, .T. ) ;
#1225 = EDGE_LOOP ( 'NONE', ( #626, #920, #1201, #582 ) ) ;
#1226 = DIRECTION ( 'NONE',  ( -0.000000000000000000, -0.000000000000000000, 1.000000000000000000 ) ) ;
#1227 = ORIENTED_EDGE ( 'NONE', *, *, #2269, .F. ) ;
#1228 = EDGE_CURVE ( 'NONE', #1602, #256, #767, .T. ) ;
#1229 = VECTOR ( 'NONE', #117, 1000.000000000000000 ) ;
#1230 = ORIENTED_EDGE ( 'NONE', *, *, #444, .F. ) ;
#1231 = AXIS2_PLACEMENT_3D ( 'NONE', #672, #326, #1982 ) ;
#1232 = VECTOR ( 'NONE', #973, 1000.000000000000114 ) ;
#1233 = CARTESIAN_POINT ( 'NONE',  ( 20.00000000000000000, -5.199999999999996625, -3.000000000000002665 ) ) ;
#1234 = ORIENTED_EDGE ( 'NONE', *, *, #1240, .T. ) ;
#1235 = CARTESIAN_POINT ( 'NONE',  ( -8.774999999999909761, 11.90784930203598968, -3.000000000000000000 ) ) ;
#1236 = CARTESIAN_POINT ( 'NONE',  ( -23.99999999999996092, -20.99999999999999645, 13.84999999999998543 ) ) ;
#1237 = ORIENTED_EDGE ( 'NONE', *, *, #1116, .F. ) ;
#1238 = CARTESIAN_POINT ( 'NONE',  ( -3.864579600899062495, -6.693648218653594384, -42.93251095273883777 ) ) ;
#1239 = CARTESIAN_POINT ( 'NONE',  ( -20.00000000000000000, -2.449293598294706513E-15, 2.299999999999999822 ) ) ;
#1240 = EDGE_CURVE ( 'NONE', #607, #613, #544, .T. ) ;
#1241 = ORIENTED_EDGE ( 'NONE', *, *, #188, .F. ) ;
#1242 = AXIS2_PLACEMENT_3D ( 'NONE', #1826, #263, #1742 ) ;
#1243 = EDGE_CURVE ( 'NONE', #1356, #411, #1473, .T. ) ;
#1244 = DIRECTION ( 'NONE',  ( 0.000000000000000000, -1.000000000000000000, 0.000000000000000000 ) ) ;
#1245 = AXIS2_PLACEMENT_3D ( 'NONE', #1622, #659, #1946 ) ;
#1246 = VERTEX_POINT ( 'NONE', #728 ) ;
#1247 = DIRECTION ( 'NONE',  ( -0.000000000000000000, -0.000000000000000000, 1.000000000000000000 ) ) ;
#1248 = FACE_OUTER_BOUND ( 'NONE', #610, .T. ) ;
#1249 = VERTEX_POINT ( 'NONE', #2413 ) ;
#1250 = LINE ( 'NONE', #1420, #756 ) ;
#1251 = CARTESIAN_POINT ( 'NONE',  ( 11.60474041071149109, 6.700000000000736478, -42.93251095273883777 ) ) ;
#1252 = VERTEX_POINT ( 'NONE', #166 ) ;
#1253 = EDGE_CURVE ( 'NONE', #1759, #674, #1832, .T. ) ;
#1254 = LINE ( 'NONE', #2169, #2318 ) ;
#1255 = FACE_OUTER_BOUND ( 'NONE', #500, .T. ) ;
#1256 = VERTEX_POINT ( 'NONE', #1843 ) ;
#1257 = CARTESIAN_POINT ( 'NONE',  ( -20.05000000000001137, -30.00000000000000355, 8.799999999999995381 ) ) ;
#1258 = ORIENTED_EDGE ( 'NONE', *, *, #1955, .T. ) ;
#1259 = LINE ( 'NONE', #490, #207 ) ;
#1260 = DIRECTION ( 'NONE',  ( 1.000000000000000000, 0.000000000000000000, 0.000000000000000000 ) ) ;
#1261 = EDGE_CURVE ( 'NONE', #552, #284, #261, .T. ) ;
#1262 = DIRECTION ( 'NONE',  ( -0.000000000000000000, -0.000000000000000000, 1.000000000000000000 ) ) ;
#1263 = VERTEX_POINT ( 'NONE', #157 ) ;
#1264 = EDGE_CURVE ( 'NONE', #126, #816, #1291, .T. ) ;
#1265 = AXIS2_PLACEMENT_3D ( 'NONE', #1117, #714, #1689 ) ;
#1266 = CIRCLE ( 'NONE', #1302, 2.749999999999929390 ) ;
#1267 = CARTESIAN_POINT ( 'NONE',  ( 2.610287666325547207, -13.85705393449218903, -42.93251095273883777 ) ) ;
#1268 = CIRCLE ( 'NONE', #1387, 2.649999999999999467 ) ;
#1269 = CARTESIAN_POINT ( 'NONE',  ( 1.470283216747640392E-15, -5.200000000000000178, -3.000000000000002665 ) ) ;
#1270 = EDGE_LOOP ( 'NONE', ( #465, #305, #238, #120 ) ) ;
#1271 = SURFACE_STYLE_USAGE ( .BOTH. , #357 ) ;
#1272 = CARTESIAN_POINT ( 'NONE',  ( -10.69541689571855159, -9.189102397468486672, -42.93251095273883777 ) ) ;
#1273 = ORIENTED_EDGE ( 'NONE', *, *, #565, .F. ) ;
#1274 = DIRECTION ( 'NONE',  ( -1.000000000000000000, -4.956352788505157154E-15, 0.000000000000000000 ) ) ;
#1275 = CYLINDRICAL_SURFACE ( 'NONE', #945, 5.000000000000000000 ) ;
#1276 = LINE ( 'NONE', #343, #886 ) ;
#1277 = ORIENTED_EDGE ( 'NONE', *, *, #337, .F. ) ;
#1278 = EDGE_CURVE ( 'NONE', #1463, #695, #1008, .T. ) ;
#1279 = VECTOR ( 'NONE', #247, 1000.000000000000000 ) ;
#1280 = DIRECTION ( 'NONE',  ( 0.7668107407454776148, -0.6418732646538348741, 0.000000000000000000 ) ) ;
#1281 = VECTOR ( 'NONE', #52, 1000.000000000000000 ) ;
#1282 = CARTESIAN_POINT ( 'NONE',  ( -22.61250000000001137, -9.700000000000004619, 12.94999999999998863 ) ) ;
#1283 = VERTEX_POINT ( 'NONE', #739 ) ;
#1284 = CARTESIAN_POINT ( 'NONE',  ( 20.97499999999999076, -17.60000000000001563, 28.14999999999999503 ) ) ;
#1285 = ORIENTED_EDGE ( 'NONE', *, *, #1756, .F. ) ;
#1286 = CYLINDRICAL_SURFACE ( 'NONE', #837, 2.649999999999999467 ) ;
#1287 = FACE_BOUND ( 'NONE', #577, .T. ) ;
#1288 = CARTESIAN_POINT ( 'NONE',  ( 20.00000000000000000, -5.199999999999996625, 2.299999999999998046 ) ) ;
#1289 = ORIENTED_EDGE ( 'NONE', *, *, #605, .F. ) ;
#1290 = CARTESIAN_POINT ( 'NONE',  ( -23.99999999999996092, -30.00000000000000000, 13.84999999999998543 ) ) ;
#1291 = LINE ( 'NONE', #1282, #1824 ) ;
#1292 = VERTEX_POINT ( 'NONE', #555 ) ;
#1293 = DIRECTION ( 'NONE',  ( -0.000000000000000000, -0.000000000000000000, 1.000000000000000000 ) ) ;
#1294 = ORIENTED_EDGE ( 'NONE', *, *, #1439, .T. ) ;
#1296 = ADVANCED_FACE ( 'NONE', ( #2364, #897 ), #1659, .T. ) ;
#1295 = CARTESIAN_POINT ( 'NONE',  ( 11.60474041071149109, 6.700000000000736478, -42.93251095273883777 ) ) ;
#1297 = CARTESIAN_POINT ( 'NONE',  ( 22.62499999999999289, -17.60000000000001563, 24.39999999999999503 ) ) ;
#1298 = DIRECTION ( 'NONE',  ( 1.000000000000000000, 0.000000000000000000, 0.000000000000000000 ) ) ;
#1299 = ADVANCED_FACE ( 'NONE', ( #1255 ), #308, .F. ) ;
#1300 = ORIENTED_EDGE ( 'NONE', *, *, #952, .F. ) ;
#1301 = DIRECTION ( 'NONE',  ( 1.000000000000000000, 0.000000000000000000, 0.000000000000000000 ) ) ;
#1302 = AXIS2_PLACEMENT_3D ( 'NONE', #969, #1737, #1714 ) ;
#1303 = DIRECTION ( 'NONE',  ( 4.956352788505124811E-15, -1.000000000000000000, -0.000000000000000000 ) ) ;
#1304 = DIRECTION ( 'NONE',  ( -0.000000000000000000, -1.000000000000000000, -0.000000000000000000 ) ) ;
#1305 = VECTOR ( 'NONE', #571, 1000.000000000000000 ) ;
#1306 = VECTOR ( 'NONE', #1280, 1000.000000000000114 ) ;
#1307 = ORIENTED_EDGE ( 'NONE', *, *, #420, .F. ) ;
#1308 = FACE_OUTER_BOUND ( 'NONE', #105, .T. ) ;
#1309 = CARTESIAN_POINT ( 'NONE',  ( 22.62499999999999289, -17.60000000000001563, 28.14999999999999503 ) ) ;
#1310 = VECTOR ( 'NONE', #2243, 1000.000000000000000 ) ;
#1311 = LINE ( 'NONE', #1678, #732 ) ;
#1312 = VERTEX_POINT ( 'NONE', #2034 ) ;
#1313 = EDGE_CURVE ( 'NONE', #1893, #1402, #2250, .T. ) ;
#1314 = CARTESIAN_POINT ( 'NONE',  ( -23.99999999999996092, -20.99999999999999645, 21.10000000000005471 ) ) ;
#1315 = AXIS2_PLACEMENT_3D ( 'NONE', #402, #260, #1755 ) ;
#1316 = EDGE_CURVE ( 'NONE', #972, #1383, #690, .T. ) ;
#1317 = DIRECTION ( 'NONE',  ( -0.000000000000000000, -0.000000000000000000, 1.000000000000000000 ) ) ;
#1318 = DIRECTION ( 'NONE',  ( -0.000000000000000000, -0.000000000000000000, 1.000000000000000000 ) ) ;
#1319 = CIRCLE ( 'NONE', #1513, 1.900000000000000577 ) ;
#1320 = ORIENTED_EDGE ( 'NONE', *, *, #2412, .T. ) ;
#1321 = FACE_OUTER_BOUND ( 'NONE', #1791, .T. ) ;
#1322 = DIRECTION ( 'NONE',  ( 0.000000000000000000, -0.000000000000000000, -1.000000000000000000 ) ) ;
#1323 = EDGE_CURVE ( 'NONE', #691, #1356, #1484, .T. ) ;
#1324 = DIRECTION ( 'NONE',  ( 0.000000000000000000, 0.000000000000000000, 1.000000000000000000 ) ) ;
#1325 = ORIENTED_EDGE ( 'NONE', *, *, #21, .T. ) ;
#1326 = CIRCLE ( 'NONE', #1912, 2.649999999999999023 ) ;
#1327 = CARTESIAN_POINT ( 'NONE',  ( 11.60474041071149109, 6.700000000000736478, 2.299999999999999822 ) ) ;
#1328 = LINE ( 'NONE', #2096, #1629 ) ;
#1329 = FACE_OUTER_BOUND ( 'NONE', #1958, .T. ) ;
#1330 = EDGE_CURVE ( 'NONE', #1631, #1383, #731, .T. ) ;
#1331 = VERTEX_POINT ( 'NONE', #887 ) ;
#1332 = CARTESIAN_POINT ( 'NONE',  ( 20.00000000000000000, 2.449293598294706513E-15, 2.299999999999999822 ) ) ;
#1333 = LINE ( 'NONE', #1346, #338 ) ;
#1334 = CIRCLE ( 'NONE', #785, 2.650000000000000355 ) ;
#1335 = CARTESIAN_POINT ( 'NONE',  ( -6.874999999999909406, 11.90784930203598968, -3.000000000000000000 ) ) ;
#1336 = ORIENTED_EDGE ( 'NONE', *, *, #369, .F. ) ;
#1337 = EDGE_CURVE ( 'NONE', #1750, #661, #2377, .T. ) ;
#1338 = ORIENTED_EDGE ( 'NONE', *, *, #550, .T. ) ;
#1339 = CARTESIAN_POINT ( 'NONE',  ( -28.99999999999999645, -30.00000000000000355, -3.000000000000002665 ) ) ;
#1340 = DIRECTION ( 'NONE',  ( -0.000000000000000000, -0.000000000000000000, -1.000000000000000000 ) ) ;
#1341 = DIRECTION ( 'NONE',  ( 1.156482317317871478E-16, -1.000000000000000000, 0.000000000000000000 ) ) ;
#1342 = AXIS2_PLACEMENT_3D ( 'NONE', #1251, #352, #138 ) ;
#1343 = EDGE_CURVE ( 'NONE', #1104, #2014, #1328, .T. ) ;
#1344 = VERTEX_POINT ( 'NONE', #1902 ) ;
#1345 = FACE_BOUND ( 'NONE', #1413, .T. ) ;
#1346 = CARTESIAN_POINT ( 'NONE',  ( -28.06250000000001421, -5.950000000000005507, 12.94999999999998863 ) ) ;
#1347 = VECTOR ( 'NONE', #916, 1000.000000000000000 ) ;
#1348 = CIRCLE ( 'NONE', #2359, 2.749999999999931166 ) ;
#1349 = EDGE_LOOP ( 'NONE', ( #2035, #545, #2362, #2356 ) ) ;
#1350 = EDGE_CURVE ( 'NONE', #103, #881, #1141, .T. ) ;
#1351 = EDGE_LOOP ( 'NONE', ( #2234, #163 ) ) ;
#1352 = DIRECTION ( 'NONE',  ( -0.000000000000000000, -0.000000000000000000, 1.000000000000000000 ) ) ;
#1353 = DIRECTION ( 'NONE',  ( 1.000000000000000000, 0.000000000000000000, 0.000000000000000000 ) ) ;
#1354 = FACE_OUTER_BOUND ( 'NONE', #2002, .T. ) ;
#1355 = CIRCLE ( 'NONE', #296, 1.899999999999999023 ) ;
#1356 = VERTEX_POINT ( 'NONE', #748 ) ;
#1357 = DIRECTION ( 'NONE',  ( 1.000000000000000000, 0.000000000000000000, 0.000000000000000000 ) ) ;
#1358 = CARTESIAN_POINT ( 'NONE',  ( 24.52499999999999147, -17.60000000000001563, 28.14999999999999503 ) ) ;
#1359 = CIRCLE ( 'NONE', #336, 1.899999999999999023 ) ;
#1360 = ORIENTED_EDGE ( 'NONE', *, *, #1337, .F. ) ;
#1361 = FACE_OUTER_BOUND ( 'NONE', #50, .T. ) ;
#1362 = CARTESIAN_POINT ( 'NONE',  ( -4.974999999999909939, 11.90784930203598968, -3.000000000000000000 ) ) ;
#1363 = EDGE_LOOP ( 'NONE', ( #1258, #2008 ) ) ;
#1364 = DIRECTION ( 'NONE',  ( 0.000000000000000000, 0.000000000000000000, -1.000000000000000000 ) ) ;
#1365 = PLANE ( 'NONE',  #114 ) ;
#1366 = CARTESIAN_POINT ( 'NONE',  ( -24.51250000000001350, -5.950000000000004619, 12.94999999999998863 ) ) ;
#1367 = VERTEX_POINT ( 'NONE', #38 ) ;
#1368 = DIRECTION ( 'NONE',  ( 0.000000000000000000, 0.000000000000000000, 1.000000000000000000 ) ) ;
#1369 = DIRECTION ( 'NONE',  ( 0.000000000000000000, 0.000000000000000000, 1.000000000000000000 ) ) ;
#1370 = ADVANCED_FACE ( 'NONE', ( #1130 ), #1890, .F. ) ;
#1371 = ORIENTED_EDGE ( 'NONE', *, *, #204, .T. ) ;
#1372 = LINE ( 'NONE', #1172, #720 ) ;
#1373 = LINE ( 'NONE', #847, #909 ) ;
#1374 = EDGE_CURVE ( 'NONE', #1662, #2189, #1198, .T. ) ;
#1375 = VERTEX_POINT ( 'NONE', #391 ) ;
#1376 = DIRECTION ( 'NONE',  ( 0.1724731828275600787, -0.9850142137072596116, 0.000000000000000000 ) ) ;
#1377 = DIRECTION ( 'NONE',  ( -0.000000000000000000, -1.000000000000000000, -0.000000000000000000 ) ) ;
#1378 = DIRECTION ( 'NONE',  ( 1.000000000000000000, 0.000000000000000000, 0.000000000000000000 ) ) ;
#1379 = VERTEX_POINT ( 'NONE', #199 ) ;
#1380 = CARTESIAN_POINT ( 'NONE',  ( 24.00000000000003908, -30.00000000000000000, 11.10000000000006004 ) ) ;
#1381 = DIRECTION ( 'NONE',  ( 1.000000000000000000, 0.000000000000000000, 0.000000000000000000 ) ) ;
#1382 = AXIS2_PLACEMENT_3D ( 'NONE', #942, #2215, #2240 ) ;
#1383 = VERTEX_POINT ( 'NONE', #414 ) ;
#1384 = VECTOR ( 'NONE', #2129, 1000.000000000000000 ) ;
#1385 = CARTESIAN_POINT ( 'NONE',  ( 24.00000000000003908, -30.00000000000000000, 23.84999999999999432 ) ) ;
#1386 = ORIENTED_EDGE ( 'NONE', *, *, #2084, .F. ) ;
#1387 = AXIS2_PLACEMENT_3D ( 'NONE', #2208, #1477, #962 ) ;
#1388 = ORIENTED_EDGE ( 'NONE', *, *, #1698, .T. ) ;
#1389 = EDGE_CURVE ( 'NONE', #82, #1402, #1681, .T. ) ;
#1390 = CARTESIAN_POINT ( 'NONE',  ( 0.000000000000000000, 0.000000000000000000, 28.89999999999999503 ) ) ;
#1391 = EDGE_CURVE ( 'NONE', #28, #1379, #212, .T. ) ;
#1392 = AXIS2_PLACEMENT_3D ( 'NONE', #1818, #146, #705 ) ;
#1393 = CYLINDRICAL_SURFACE ( 'NONE', #2331, 2.749999999999929390 ) ;
#1394 = CARTESIAN_POINT ( 'NONE',  ( -22.61250000000001137, -5.950000000000004619, 12.94999999999998863 ) ) ;
#1395 = ORIENTED_EDGE ( 'NONE', *, *, #2391, .F. ) ;
#1396 = CARTESIAN_POINT ( 'NONE',  ( -11.60474041071085516, 6.699999999999613820, -42.93251095273883777 ) ) ;
#1397 = DIRECTION ( 'NONE',  ( -0.000000000000000000, -0.000000000000000000, 1.000000000000000000 ) ) ;
#1398 = CIRCLE ( 'NONE', #614, 1.900000000002498579 ) ;
#1399 = EDGE_CURVE ( 'NONE', #167, #1151, #2095, .T. ) ;
#1400 = VERTEX_POINT ( 'NONE', #776 ) ;
#1401 = CARTESIAN_POINT ( 'NONE',  ( -24.52500000000000568, -17.60000000000000497, 24.39999999999999503 ) ) ;
#1402 = VERTEX_POINT ( 'NONE', #762 ) ;
#1403 = VECTOR ( 'NONE', #2284, 1000.000000000000114 ) ;
#1404 = VECTOR ( 'NONE', #2398, 1000.000000000000000 ) ;
#1405 = VERTEX_POINT ( 'NONE', #2255 ) ;
#1406 = CARTESIAN_POINT ( 'NONE',  ( 24.52499999999999147, -17.60000000000001563, 24.39999999999999503 ) ) ;
#1407 = LINE ( 'NONE', #1779, #639 ) ;
#1408 = CARTESIAN_POINT ( 'NONE',  ( 20.04999999999995808, -5.199999999999996625, 4.979684464207636846E-31 ) ) ;
#1409 = EDGE_CURVE ( 'NONE', #1456, #393, #1398, .T. ) ;
#1410 = CARTESIAN_POINT ( 'NONE',  ( 24.52499999999999147, -17.60000000000001563, 28.14999999999999503 ) ) ;
#1411 = ORIENTED_EDGE ( 'NONE', *, *, #1648, .F. ) ;
#1412 = FACE_OUTER_BOUND ( 'NONE', #185, .T. ) ;
#1413 = EDGE_LOOP ( 'NONE', ( #78, #1773 ) ) ;
#1414 = ORIENTED_EDGE ( 'NONE', *, *, #420, .T. ) ;
#1415 = VECTOR ( 'NONE', #2379, 1000.000000000000000 ) ;
#1416 = CARTESIAN_POINT ( 'NONE',  ( 0.000000000000000000, 0.000000000000000000, 2.299999999999999822 ) ) ;
#1417 = ORIENTED_EDGE ( 'NONE', *, *, #335, .F. ) ;
#1418 = FACE_OUTER_BOUND ( 'NONE', #1363, .T. ) ;
#1419 = ORIENTED_EDGE ( 'NONE', *, *, #1264, .F. ) ;
#1420 = CARTESIAN_POINT ( 'NONE',  ( 26.42499999999999005, -17.60000000000001563, 24.39999999999999503 ) ) ;
#1421 = DIRECTION ( 'NONE',  ( 1.000000000000000000, 0.000000000000000000, 0.000000000000000000 ) ) ;
#1422 = ORIENTED_EDGE ( 'NONE', *, *, #108, .T. ) ;
#1423 = VECTOR ( 'NONE', #232, 1000.000000000000000 ) ;
#1424 = CARTESIAN_POINT ( 'NONE',  ( 3.864579600900049261, 6.693648218653777349, 2.299999999999999822 ) ) ;
#1425 = CIRCLE ( 'NONE', #1392, 2.649999999999999467 ) ;
#1426 = ORIENTED_EDGE ( 'NONE', *, *, #883, .T. ) ;
#1427 = CARTESIAN_POINT ( 'NONE',  ( -2.610287666322975486, -13.85705393449220679, 0.000000000000000000 ) ) ;
#1428 = CARTESIAN_POINT ( 'NONE',  ( 3.864579600900049261, 6.693648218653777349, -42.93251095273883777 ) ) ;
#1429 = ORIENTED_EDGE ( 'NONE', *, *, #2068, .F. ) ;
#1430 = CARTESIAN_POINT ( 'NONE',  ( 24.00000000000003908, -20.99999999999999645, 26.59999999999992326 ) ) ;
#1431 = CARTESIAN_POINT ( 'NONE',  ( 0.000000000000000000, 0.000000000000000000, 2.299999999999999822 ) ) ;
#1432 = EDGE_CURVE ( 'NONE', #1249, #1256, #1523, .T. ) ;
#1433 = AXIS2_PLACEMENT_3D ( 'NONE', #1366, #1769, #2304 ) ;
#1434 = ORIENTED_EDGE ( 'NONE', *, *, #971, .T. ) ;
#1435 = AXIS2_PLACEMENT_3D ( 'NONE', #347, #144, #356 ) ;
#1436 = CARTESIAN_POINT ( 'NONE',  ( 8.774999999998321698, 11.90784930203709280, -8.374011537024829366 ) ) ;
#1437 = DIRECTION ( 'NONE',  ( 0.000000000000000000, 0.000000000000000000, 1.000000000000000000 ) ) ;
#1438 = DIRECTION ( 'NONE',  ( 0.000000000000000000, 0.000000000000000000, 1.000000000000000000 ) ) ;
#1439 = EDGE_CURVE ( 'NONE', #1482, #986, #1915, .T. ) ;
#1440 = ORIENTED_EDGE ( 'NONE', *, *, #294, .T. ) ;
#1441 = DIRECTION ( 'NONE',  ( 0.000000000000000000, 0.000000000000000000, 1.000000000000000000 ) ) ;
#1442 = LINE ( 'NONE', #1239, #1034 ) ;
#1443 = ADVANCED_FACE ( 'NONE', ( #593 ), #1867, .F. ) ;
#1444 = CARTESIAN_POINT ( 'NONE',  ( 24.00000000000003908, -20.99999999999999645, 11.10000000000006004 ) ) ;
#1445 = ORIENTED_EDGE ( 'NONE', *, *, #706, .F. ) ;
#1446 = EDGE_CURVE ( 'NONE', #1367, #1677, #1153, .T. ) ;
#1447 = DIRECTION ( 'NONE',  ( 0.000000000000000000, 0.000000000000000000, -1.000000000000000000 ) ) ;
#1448 = CARTESIAN_POINT ( 'NONE',  ( -24.52500000000000568, -17.60000000000000497, 28.14999999999999503 ) ) ;
#1449 = VERTEX_POINT ( 'NONE', #974 ) ;
#1450 = PLANE ( 'NONE',  #588 ) ;
#1451 = ADVANCED_FACE ( 'NONE', ( #2292 ), #984, .F. ) ;
#1452 = ORIENTED_EDGE ( 'NONE', *, *, #1458, .T. ) ;
#1453 = DIRECTION ( 'NONE',  ( -0.000000000000000000, -1.000000000000000000, -0.000000000000000000 ) ) ;
#1454 = DIRECTION ( 'NONE',  ( -1.156482317317871478E-16, 1.000000000000000000, -0.000000000000000000 ) ) ;
#1455 = DIRECTION ( 'NONE',  ( 1.000000000000000000, 0.000000000000000000, 0.000000000000000000 ) ) ;
#1456 = VERTEX_POINT ( 'NONE', #617 ) ;
#1457 = CLOSED_SHELL ( 'NONE', ( #93, #681, #132, #2373, #1676, #265, #1852, #319, #227, #1493, #781, #1489, #2103, #2054, #983, #922, #958, #1658, #1564, #306, #753, #907, #142, #2249, #90, #147, #1640, #529, #715, #1014, #702, #503, #2132, #2128, #1654, #1162, #1299, #481, #809, #2006, #1770, #2251, #682, #999, #194, #1219, #915, #424, #1840, #1296, #2236, #515, #790, #380, #1522, #469, #879, #1709, #585, #1044, #34, #2176, #1370, #947, #1996, #936, #266, #1451, #1985, #2380, #1745, #1138, #625, #1011, #1443, #2089, #2001, #250 ) ) ;
#1458 = EDGE_CURVE ( 'NONE', #411, #784, #934, .T. ) ;
#1459 = EDGE_CURVE ( 'NONE', #613, #929, #1119, .T. ) ;
#1460 = PLANE ( 'NONE',  #1382 ) ;
#1461 = AXIS2_PLACEMENT_3D ( 'NONE', #418, #976, #66 ) ;
#1462 = DIRECTION ( 'NONE',  ( -0.000000000000000000, -0.000000000000000000, -1.000000000000000000 ) ) ;
#1463 = VERTEX_POINT ( 'NONE', #1693 ) ;
#1464 = DIRECTION ( 'NONE',  ( -0.1724731828275083145, -0.9850142137072687154, 0.000000000000000000 ) ) ;
#1465 = ORIENTED_EDGE ( 'NONE', *, *, #1313, .T. ) ;
#1466 = CARTESIAN_POINT ( 'NONE',  ( 0.000000000000000000, 0.000000000000000000, 28.89999999999999503 ) ) ;
#1467 = FACE_BOUND ( 'NONE', #1217, .T. ) ;
#1468 = FACE_OUTER_BOUND ( 'NONE', #169, .T. ) ;
#1469 = ORIENTED_EDGE ( 'NONE', *, *, #1253, .F. ) ;
#1470 = VECTOR ( 'NONE', #1547, 1000.000000000000000 ) ;
#1471 = DIRECTION ( 'NONE',  ( 1.000000000000000000, 0.000000000000000000, 0.000000000000000000 ) ) ;
#1472 = EDGE_CURVE ( 'NONE', #881, #472, #25, .T. ) ;
#1473 = LINE ( 'NONE', #178, #2367 ) ;
#1474 = EDGE_LOOP ( 'NONE', ( #131, #1579, #1139, #2219 ) ) ;
#1475 = DIRECTION ( 'NONE',  ( 0.000000000000000000, -1.000000000000000000, 0.000000000000000000 ) ) ;
#1476 = ORIENTED_EDGE ( 'NONE', *, *, #772, .F. ) ;
#1477 = DIRECTION ( 'NONE',  ( 0.000000000000000000, 0.000000000000000000, 1.000000000000000000 ) ) ;
#1478 = CARTESIAN_POINT ( 'NONE',  ( 24.00000000000003908, -20.99999999999999645, 23.84999999999999432 ) ) ;
#1479 = COLOUR_RGB ( '',1.000000000000000000, 0.000000000000000000, 1.000000000000000000 ) ;
#1480 = ORIENTED_EDGE ( 'NONE', *, *, #1798, .F. ) ;
#1481 = CYLINDRICAL_SURFACE ( 'NONE', #339, 1.899999999999098632 ) ;
#1482 = VERTEX_POINT ( 'NONE', #997 ) ;
#1483 = CYLINDRICAL_SURFACE ( 'NONE', #1265, 2.650000000000000355 ) ;
#1484 = LINE ( 'NONE', #2401, #410 ) ;
#1485 = CARTESIAN_POINT ( 'NONE',  ( 6.624999999999895195, -11.47483660014370344, -3.000000000000000000 ) ) ;
#1486 = EDGE_LOOP ( 'NONE', ( #994, #44, #1076, #981, #1568, #258, #1422 ) ) ;
#1487 = LINE ( 'NONE', #1123, #2164 ) ;
#1488 = CYLINDRICAL_SURFACE ( 'NONE', #2136, 1.899999999999999023 ) ;
#1489 = ADVANCED_FACE ( 'NONE', ( #328 ), #1393, .F. ) ;
#1490 = VECTOR ( 'NONE', #287, 1000.000000000000000 ) ;
#1491 = DIRECTION ( 'NONE',  ( -2.016023975600421011E-16, 1.000000000000000000, -1.232595164407830946E-32 ) ) ;
#1492 = ORIENTED_EDGE ( 'NONE', *, *, #550, .F. ) ;
#1493 = ADVANCED_FACE ( 'NONE', ( #893 ), #1025, .F. ) ;
#1494 = FACE_OUTER_BOUND ( 'NONE', #2365, .T. ) ;
#1495 = VECTOR ( 'NONE', #2004, 1000.000000000000227 ) ;
#1496 = APPLICATION_CONTEXT ( 'automotive_design' ) ;
#1497 = CIRCLE ( 'NONE', #1971, 5.000000000000000000 ) ;
#1498 = CARTESIAN_POINT ( 'NONE',  ( 20.05000000000000782, -30.00000000000007105, 28.89999999999999503 ) ) ;
#1499 = CYLINDRICAL_SURFACE ( 'NONE', #140, 2.649999999999999023 ) ;
#1500 = AXIS2_PLACEMENT_3D ( 'NONE', #1932, #2086, #1515 ) ;
#1501 = ORIENTED_EDGE ( 'NONE', *, *, #1343, .T. ) ;
#1502 = FACE_OUTER_BOUND ( 'NONE', #1225, .T. ) ;
#1503 = FACE_OUTER_BOUND ( 'NONE', #865, .T. ) ;
#1504 = VECTOR ( 'NONE', #1107, 1000.000000000000000 ) ;
#1505 = DIRECTION ( 'NONE',  ( -0.000000000000000000, -0.000000000000000000, -1.000000000000000000 ) ) ;
#1506 = ORIENTED_EDGE ( 'NONE', *, *, #1063, .F. ) ;
#1507 = EDGE_CURVE ( 'NONE', #467, #2264, #139, .T. ) ;
#1508 = CYLINDRICAL_SURFACE ( 'NONE', #2397, 1.900000000000000577 ) ;
#1509 = AXIS2_PLACEMENT_3D ( 'NONE', #381, #1340, #603 ) ;
#1510 = DIRECTION ( 'NONE',  ( -2.016023975600421011E-16, 1.000000000000000000, -1.232595164407830946E-32 ) ) ;
#1511 = AXIS2_PLACEMENT_3D ( 'NONE', #1478, #1748, #1002 ) ;
#1512 = CARTESIAN_POINT ( 'NONE',  ( 1.470283216747640392E-15, -5.200000000000000178, 2.300000000000001599 ) ) ;
#1513 = AXIS2_PLACEMENT_3D ( 'NONE', #458, #1956, #1455 ) ;
#1514 = EDGE_LOOP ( 'NONE', ( #1736, #118, #2027, #620 ) ) ;
#1515 = DIRECTION ( 'NONE',  ( 0.000000000000000000, 0.000000000000000000, -1.000000000000000000 ) ) ;
#1516 = CARTESIAN_POINT ( 'NONE',  ( -11.60474041071020679, -6.700000000000029488, -42.93251095273883777 ) ) ;
#1517 = EDGE_CURVE ( 'NONE', #2264, #2263, #849, .T. ) ;
#1518 = SURFACE_STYLE_USAGE ( .BOTH. , #2102 ) ;
#1519 = ORIENTED_EDGE ( 'NONE', *, *, #1261, .T. ) ;
#1520 = ORIENTED_EDGE ( 'NONE', *, *, #952, .T. ) ;
#1521 = DIRECTION ( 'NONE',  ( -0.7668107407455120317, 0.6418732646537936848, 0.000000000000000000 ) ) ;
#1522 = ADVANCED_FACE ( 'NONE', ( #314 ), #700, .F. ) ;
#1523 = LINE ( 'NONE', #2266, #1470 ) ;
#1524 = CARTESIAN_POINT ( 'NONE',  ( 20.05000000000000782, -30.00000000000007105, 28.89999999999999503 ) ) ;
#1525 = VERTEX_POINT ( 'NONE', #153 ) ;
#1526 = LINE ( 'NONE', #829, #757 ) ;
#1527 = CARTESIAN_POINT ( 'NONE',  ( -24.52500000000000568, -17.60000000000000497, 28.14999999999999503 ) ) ;
#1528 = EDGE_CURVE ( 'NONE', #1383, #1631, #496, .T. ) ;
#1529 = VECTOR ( 'NONE', #2193, 1000.000000000000000 ) ;
#1530 = CARTESIAN_POINT ( 'NONE',  ( 14.25474041071149145, 6.700000000000736478, -42.93251095273883777 ) ) ;
#1531 = ORIENTED_EDGE ( 'NONE', *, *, #1228, .F. ) ;
#1532 = EDGE_LOOP ( 'NONE', ( #436, #1649, #978, #70 ) ) ;
#1533 = DIRECTION ( 'NONE',  ( -0.000000000000000000, -0.000000000000000000, 1.000000000000000000 ) ) ;
#1534 = DIRECTION ( 'NONE',  ( -0.6418732646538559683, 0.7668107407454600732, 0.000000000000000000 ) ) ;
#1535 = CARTESIAN_POINT ( 'NONE',  ( -20.00000000000000000, -5.200000000000002842, 2.299999999999999822 ) ) ;
#1536 = CIRCLE ( 'NONE', #482, 2.749999999999931166 ) ;
#1537 = ORIENTED_EDGE ( 'NONE', *, *, #1819, .F. ) ;
#1538 = LINE ( 'NONE', #621, #102 ) ;
#1539 = PLANE ( 'NONE',  #1024 ) ;
#1540 = AXIS2_PLACEMENT_3D ( 'NONE', #283, #1592, #2003 ) ;
#1541 = CIRCLE ( 'NONE', #2044, 2.649999999999999467 ) ;
#1542 = EDGE_LOOP ( 'NONE', ( #2370, #514 ) ) ;
#1543 = CARTESIAN_POINT ( 'NONE',  ( -24.52500000000000568, -17.60000000000000497, 28.14999999999999503 ) ) ;
#1544 = ORIENTED_EDGE ( 'NONE', *, *, #1507, .T. ) ;
#1545 = ORIENTED_EDGE ( 'NONE', *, *, #462, .F. ) ;
#1546 = PLANE ( 'NONE',  #455 ) ;
#1547 = DIRECTION ( 'NONE',  ( -0.000000000000000000, -0.000000000000000000, 1.000000000000000000 ) ) ;
#1548 = CARTESIAN_POINT ( 'NONE',  ( 24.52499999999999147, -17.60000000000001563, 28.14999999999999503 ) ) ;
#1549 = EDGE_CURVE ( 'NONE', #1583, #299, #967, .T. ) ;
#1550 = EDGE_CURVE ( 'NONE', #489, #256, #96, .T. ) ;
#1551 = CIRCLE ( 'NONE', #1433, 3.550000000000001155 ) ;
#1552 = ORIENTED_EDGE ( 'NONE', *, *, #2232, .T. ) ;
#1553 = DIRECTION ( 'NONE',  ( 1.000000000000000000, 0.000000000000000000, 0.000000000000000000 ) ) ;
#1554 = LINE ( 'NONE', #1960, #164 ) ;
#1555 = ORIENTED_EDGE ( 'NONE', *, *, #2213, .F. ) ;
#1556 = ORIENTED_EDGE ( 'NONE', *, *, #1323, .F. ) ;
#1557 = VERTEX_POINT ( 'NONE', #1768 ) ;
#1558 = DIRECTION ( 'NONE',  ( -1.000000000000000000, -1.734723475976807094E-16, 0.000000000000000000 ) ) ;
#1559 = CARTESIAN_POINT ( 'NONE',  ( -13.30570456204346108, 4.667951537024054076, 0.000000000000000000 ) ) ;
#1560 = CARTESIAN_POINT ( 'NONE',  ( -26.42500000000000426, -17.60000000000000497, 28.14999999999999503 ) ) ;
#1561 = ORIENTED_EDGE ( 'NONE', *, *, #1458, .F. ) ;
#1562 = LINE ( 'NONE', #1332, #1037 ) ;
#1563 = CARTESIAN_POINT ( 'NONE',  ( 3.673940397442059178E-15, -30.00000000000000000, -3.000000000000002665 ) ) ;
#1564 = ADVANCED_FACE ( 'NONE', ( #442 ), #1365, .T. ) ;
#1565 = ORIENTED_EDGE ( 'NONE', *, *, #63, .F. ) ;
#1566 = DIRECTION ( 'NONE',  ( -1.000000000000000000, 0.000000000000000000, 0.000000000000000000 ) ) ;
#1567 = EDGE_CURVE ( 'NONE', #2076, #1068, #1926, .T. ) ;
#1568 = ORIENTED_EDGE ( 'NONE', *, *, #24, .T. ) ;
#1569 = EDGE_LOOP ( 'NONE', ( #1035, #1338 ) ) ;
#1570 = CARTESIAN_POINT ( 'NONE',  ( 3.864579600900049261, 6.693648218653777349, 0.000000000000000000 ) ) ;
#1571 = EDGE_CURVE ( 'NONE', #354, #1122, #249, .T. ) ;
#1572 = DIRECTION ( 'NONE',  ( 0.000000000000000000, 0.000000000000000000, 1.000000000000000000 ) ) ;
#1573 = CARTESIAN_POINT ( 'NONE',  ( 24.00000000000003908, -20.99999999999999645, 23.84999999999999432 ) ) ;
#1574 = EDGE_CURVE ( 'NONE', #858, #1283, #2119, .T. ) ;
#1575 = ORIENTED_EDGE ( 'NONE', *, *, #971, .F. ) ;
#1576 = DIRECTION ( 'NONE',  ( 4.276423536147513034E-48, -2.465190328815661892E-32, -1.000000000000000000 ) ) ;
#1577 = LINE ( 'NONE', #1182, #456 ) ;
#1578 = VECTOR ( 'NONE', #1454, 1000.000000000000000 ) ;
#1579 = ORIENTED_EDGE ( 'NONE', *, *, #1777, .T. ) ;
#1580 = AXIS2_PLACEMENT_3D ( 'NONE', #1401, #2165, #846 ) ;
#1581 = DIRECTION ( 'NONE',  ( 1.000000000000000000, 0.000000000000000000, 0.000000000000000000 ) ) ;
#1582 = VERTEX_POINT ( 'NONE', #1559 ) ;
#1583 = VERTEX_POINT ( 'NONE', #880 ) ;
#1584 = EDGE_CURVE ( 'NONE', #1402, #1893, #575, .T. ) ;
#1585 = DIRECTION ( 'NONE',  ( -0.000000000000000000, -0.000000000000000000, 1.000000000000000000 ) ) ;
#1586 = LINE ( 'NONE', #264, #73 ) ;
#1587 = ORIENTED_EDGE ( 'NONE', *, *, #1866, .T. ) ;
#1588 = CYLINDRICAL_SURFACE ( 'NONE', #1245, 1.899999999999999023 ) ;
#1589 = DIRECTION ( 'NONE',  ( 0.7668107407454949342, 0.6418732646538141129, 0.000000000000000000 ) ) ;
#1590 = VECTOR ( 'NONE', #800, 1000.000000000000000 ) ;
#1591 = ORIENTED_EDGE ( 'NONE', *, *, #516, .T. ) ;
#1592 = DIRECTION ( 'NONE',  ( -0.000000000000000000, -0.000000000000000000, 1.000000000000000000 ) ) ;
#1593 = ORIENTED_EDGE ( 'NONE', *, *, #2297, .T. ) ;
#1594 = AXIS2_PLACEMENT_3D ( 'NONE', #1516, #1713, #2260 ) ;
#1595 = CIRCLE ( 'NONE', #2369, 1.900000000000000577 ) ;
#1596 = ORIENTED_EDGE ( 'NONE', *, *, #2179, .T. ) ;
#1597 = EDGE_CURVE ( 'NONE', #2270, #638, #2021, .T. ) ;
#1598 = CARTESIAN_POINT ( 'NONE',  ( 13.30570456204473651, -4.667951537023345310, -42.93251095273883777 ) ) ;
#1599 = VERTEX_POINT ( 'NONE', #1757 ) ;
#1600 = CARTESIAN_POINT ( 'NONE',  ( -10.69541689571921417, 9.189102397468072780, 2.299999999999999822 ) ) ;
#1601 = PRODUCT_DEFINITION_SHAPE ( 'NONE', 'NONE',  #1880 ) ;
#1602 = VERTEX_POINT ( 'NONE', #85 ) ;
#1603 = CARTESIAN_POINT ( 'NONE',  ( 20.00000000000000000, -5.199999999999996625, 8.799999999999981171 ) ) ;
#1604 = EDGE_LOOP ( 'NONE', ( #906, #329, #1970, #2026 ) ) ;
#1605 = ORIENTED_EDGE ( 'NONE', *, *, #285, .T. ) ;
#1606 = CARTESIAN_POINT ( 'NONE',  ( -23.99999999999996092, -30.00000000000000000, 13.84999999999998543 ) ) ;
#1607 = AXIS2_PLACEMENT_3D ( 'NONE', #1814, #307, #884 ) ;
#1608 = EDGE_CURVE ( 'NONE', #1256, #1104, #655, .T. ) ;
#1609 = CARTESIAN_POINT ( 'NONE',  ( 24.00000000000003908, -30.00000000000000000, 26.59999999999992326 ) ) ;
#1610 = LINE ( 'NONE', #1428, #1415 ) ;
#1611 = ORIENTED_EDGE ( 'NONE', *, *, #2144, .F. ) ;
#1612 = DIRECTION ( 'NONE',  ( 1.000000000000000000, 0.000000000000000000, 0.000000000000000000 ) ) ;
#1613 = CARTESIAN_POINT ( 'NONE',  ( -23.99999999999996092, -30.00000000000000000, 11.10000000000005471 ) ) ;
#1614 = CIRCLE ( 'NONE', #1809, 20.00000000000000000 ) ;
#1615 = VECTOR ( 'NONE', #1216, 1000.000000000000227 ) ;
#1616 = ORIENTED_EDGE ( 'NONE', *, *, #476, .F. ) ;
#1617 = AXIS2_PLACEMENT_3D ( 'NONE', #1466, #373, #2245 ) ;
#1618 = CARTESIAN_POINT ( 'NONE',  ( -24.51250000000000995, -5.950000000000004619, 12.94999999999998863 ) ) ;
#1619 = AXIS2_PLACEMENT_3D ( 'NONE', #168, #1475, #912 ) ;
#1620 = DIRECTION ( 'NONE',  ( 1.000000000000000000, 0.000000000000000000, 0.000000000000000000 ) ) ;
#1621 = ORIENTED_EDGE ( 'NONE', *, *, #1082, .T. ) ;
#1622 = CARTESIAN_POINT ( 'NONE',  ( -24.51250000000000995, -9.700000000000004619, 12.94999999999998863 ) ) ;
#1623 = DIRECTION ( 'NONE',  ( 1.000000000000000000, 0.000000000000000000, 0.000000000000000000 ) ) ;
#1624 = EDGE_CURVE ( 'NONE', #1771, #389, #1319, .T. ) ;
#1625 = ORIENTED_EDGE ( 'NONE', *, *, #831, .F. ) ;
#1626 = LINE ( 'NONE', #511, #1036 ) ;
#1627 = CARTESIAN_POINT ( 'NONE',  ( 0.000000000000000000, 0.000000000000000000, -3.000000000000000000 ) ) ;
#1628 = EDGE_CURVE ( 'NONE', #613, #231, #174, .T. ) ;
#1629 = VECTOR ( 'NONE', #1706, 1000.000000000000227 ) ;
#1630 = DIRECTION ( 'NONE',  ( 0.000000000000000000, 0.000000000000000000, 1.000000000000000000 ) ) ;
#1631 = VERTEX_POINT ( 'NONE', #930 ) ;
#1632 = AXIS2_PLACEMENT_3D ( 'NONE', #551, #2235, #711 ) ;
#1633 = DIRECTION ( 'NONE',  ( 1.000000000000000000, 1.734723475976807094E-16, -0.000000000000000000 ) ) ;
#1634 = CARTESIAN_POINT ( 'NONE',  ( -23.99999999999996092, -20.99999999999999645, 21.10000000000005471 ) ) ;
#1635 = LINE ( 'NONE', #1978, #1220 ) ;
#1636 = ORIENTED_EDGE ( 'NONE', *, *, #246, .F. ) ;
#1637 = DIRECTION ( 'NONE',  ( -1.000000000000000000, 0.000000000000000000, 0.000000000000000000 ) ) ;
#1638 = DIRECTION ( 'NONE',  ( 0.000000000000000000, 0.000000000000000000, -1.000000000000000000 ) ) ;
#1639 = EDGE_CURVE ( 'NONE', #2189, #1662, #1948, .T. ) ;
#1640 = ADVANCED_FACE ( 'NONE', ( #919 ), #1481, .F. ) ;
#1641 = DIRECTION ( 'NONE',  ( 0.000000000000000000, -1.000000000000000000, 0.000000000000000000 ) ) ;
#1642 = EDGE_LOOP ( 'NONE', ( #208, #632, #868, #1555 ) ) ;
#1643 = DIRECTION ( 'NONE',  ( 0.9392839235730117142, -0.3431409490534300666, 0.000000000000000000 ) ) ;
#1644 = AXIS2_PLACEMENT_3D ( 'NONE', #431, #647, #1381 ) ;
#1645 = DIRECTION ( 'NONE',  ( 0.000000000000000000, 0.000000000000000000, -1.000000000000000000 ) ) ;
#1646 = VERTEX_POINT ( 'NONE', #1861 ) ;
#1647 = DIRECTION ( 'NONE',  ( 0.000000000000000000, 0.000000000000000000, 1.000000000000000000 ) ) ;
#1648 = EDGE_CURVE ( 'NONE', #453, #1019, #1311, .T. ) ;
#1649 = ORIENTED_EDGE ( 'NONE', *, *, #275, .F. ) ;
#1650 = FACE_OUTER_BOUND ( 'NONE', #918, .T. ) ;
#1651 = DIRECTION ( 'NONE',  ( -0.000000000000000000, -0.000000000000000000, 1.000000000000000000 ) ) ;
#1652 = CARTESIAN_POINT ( 'NONE',  ( 20.00000000000000355, -20.19999999999999574, 49.98300620401575856 ) ) ;
#1653 = VERTEX_POINT ( 'NONE', #2222 ) ;
#1654 = ADVANCED_FACE ( 'NONE', ( #2052 ), #2211, .F. ) ;
#1655 = CIRCLE ( 'NONE', #992, 2.649999999999999023 ) ;
#1656 = VECTOR ( 'NONE', #553, 1000.000000000000000 ) ;
#1657 = DIRECTION ( 'NONE',  ( 0.000000000000000000, 0.000000000000000000, -1.000000000000000000 ) ) ;
#1658 = ADVANCED_FACE ( 'NONE', ( #1468 ), #1874, .F. ) ;
#1659 = PLANE ( 'NONE',  #2055 ) ;
#1660 = EDGE_LOOP ( 'NONE', ( #397, #713 ) ) ;
#1661 = CARTESIAN_POINT ( 'NONE',  ( -22.62500000000000711, -17.60000000000000497, 24.39999999999999503 ) ) ;
#1662 = VERTEX_POINT ( 'NONE', #1838 ) ;
#1663 = CARTESIAN_POINT ( 'NONE',  ( 10.69541689571983589, 9.189102397469193662, 0.000000000000000000 ) ) ;
#1664 = DIRECTION ( 'NONE',  ( -1.000000000000000000, 0.000000000000000000, 0.000000000000000000 ) ) ;
#1665 = FACE_OUTER_BOUND ( 'NONE', #286, .T. ) ;
#1666 = ORIENTED_EDGE ( 'NONE', *, *, #1374, .T. ) ;
#1667 = AXIS2_PLACEMENT_3D ( 'NONE', #1942, #2082, #2330 ) ;
#1668 = AXIS2_PLACEMENT_3D ( 'NONE', #2204, #2024, #1058 ) ;
#1669 = CARTESIAN_POINT ( 'NONE',  ( 0.000000000000000000, 0.000000000000000000, -17.14213562373095101 ) ) ;
#1670 = EDGE_CURVE ( 'NONE', #746, #1379, #184, .T. ) ;
#1671 = CARTESIAN_POINT ( 'NONE',  ( -20.00000000000000000, -5.200000000000002842, 4.979684464207636846E-31 ) ) ;
#1672 = CARTESIAN_POINT ( 'NONE',  ( 11.60474041071213591, -6.699999999998910383, -42.93251095273883777 ) ) ;
#1673 = ORIENTED_EDGE ( 'NONE', *, *, #1135, .T. ) ;
#1674 = DIRECTION ( 'NONE',  ( -0.000000000000000000, -0.000000000000000000, 1.000000000000000000 ) ) ;
#1675 = FACE_OUTER_BOUND ( 'NONE', #751, .T. ) ;
#1676 = ADVANCED_FACE ( 'NONE', ( #1125 ), #1136, .F. ) ;
#1677 = VERTEX_POINT ( 'NONE', #736 ) ;
#1678 = CARTESIAN_POINT ( 'NONE',  ( 7.729159201800657186, 1.055159106790048984E-12, 0.000000000000000000 ) ) ;
#1679 = ORIENTED_EDGE ( 'NONE', *, *, #803, .F. ) ;
#1680 = CARTESIAN_POINT ( 'NONE',  ( 6.624999999999895195, -11.47483660014370344, -8.374011537024829366 ) ) ;
#1681 = LINE ( 'NONE', #2046, #1864 ) ;
#1682 = CARTESIAN_POINT ( 'NONE',  ( -3.864579600899062939, -6.693648218653594384, 0.000000000000000000 ) ) ;
#1683 = EDGE_CURVE ( 'NONE', #389, #1771, #1595, .T. ) ;
#1684 = ORIENTED_EDGE ( 'NONE', *, *, #525, .T. ) ;
#1685 = DIRECTION ( 'NONE',  ( -0.000000000000000000, -0.000000000000000000, 1.000000000000000000 ) ) ;
#1686 = FACE_OUTER_BOUND ( 'NONE', #1846, .T. ) ;
#1687 = DIRECTION ( 'NONE',  ( 0.000000000000000000, 0.000000000000000000, 1.000000000000000000 ) ) ;
#1688 = ORIENTED_EDGE ( 'NONE', *, *, #1128, .T. ) ;
#1689 = DIRECTION ( 'NONE',  ( 1.000000000000000000, 0.000000000000000000, 0.000000000000000000 ) ) ;
#1690 = VECTOR ( 'NONE', #517, 1000.000000000000000 ) ;
#1691 = EDGE_CURVE ( 'NONE', #1331, #452, #1276, .T. ) ;
#1692 = PRESENTATION_LAYER_ASSIGNMENT (  '', '', ( #869 ) ) ;
#1693 = CARTESIAN_POINT ( 'NONE',  ( -22.62500000000000711, -17.60000000000000497, 28.14999999999999503 ) ) ;
#1694 = CYLINDRICAL_SURFACE ( 'NONE', #1118, 2.749999999999929390 ) ;
#1695 = AXIS2_PLACEMENT_3D ( 'NONE', #2028, #1453, #2050 ) ;
#1696 = ORIENTED_EDGE ( 'NONE', *, *, #874, .F. ) ;
#1698 = EDGE_CURVE ( 'NONE', #1263, #452, #769, .T. ) ;
#1697 = CARTESIAN_POINT ( 'NONE',  ( -11.60474041071085516, 6.699999999999613820, 2.299999999999999822 ) ) ;
#1699 = PLANE ( 'NONE',  #2316 ) ;
#1700 = CARTESIAN_POINT ( 'NONE',  ( 20.00000000000000000, -5.199999999999996625, -3.000000000000002665 ) ) ;
#1701 = EDGE_CURVE ( 'NONE', #1151, #167, #262, .T. ) ;
#1702 = ORIENTED_EDGE ( 'NONE', *, *, #106, .T. ) ;
#1703 = ORIENTED_EDGE ( 'NONE', *, *, #698, .T. ) ;
#1704 = CARTESIAN_POINT ( 'NONE',  ( -20.05000000000003624, -5.200000000000002842, 28.89999999999999503 ) ) ;
#1705 = VECTOR ( 'NONE', #1730, 1000.000000000000000 ) ;
#1706 = DIRECTION ( 'NONE',  ( 0.9392839235730118252, 0.3431409490534294005, 0.000000000000000000 ) ) ;
#1707 = AXIS2_PLACEMENT_3D ( 'NONE', #1527, #744, #1124 ) ;
#1708 = CYLINDRICAL_SURFACE ( 'NONE', #367, 1.899999999999999023 ) ;
#1709 = ADVANCED_FACE ( 'NONE', ( #162 ), #905, .T. ) ;
#1710 = AXIS2_PLACEMENT_3D ( 'NONE', #353, #1103, #1751 ) ;
#1711 = ORIENTED_EDGE ( 'NONE', *, *, #2013, .F. ) ;
#1712 = DIRECTION ( 'NONE',  ( 1.000000000000000000, 0.000000000000000000, 0.000000000000000000 ) ) ;
#1713 = DIRECTION ( 'NONE',  ( -0.000000000000000000, -0.000000000000000000, 1.000000000000000000 ) ) ;
#1714 = DIRECTION ( 'NONE',  ( 0.000000000000000000, 0.000000000000000000, -1.000000000000000000 ) ) ;
#1715 = ORIENTED_EDGE ( 'NONE', *, *, #492, .T. ) ;
#1716 = AXIS2_PLACEMENT_3D ( 'NONE', #321, #1817, #2036 ) ;
#1717 = ORIENTED_EDGE ( 'NONE', *, *, #1228, .T. ) ;
#1718 = CARTESIAN_POINT ( 'NONE',  ( -20.00000000000000000, -2.449293598294706513E-15, -53.00000000000000711 ) ) ;
#1719 = CARTESIAN_POINT ( 'NONE',  ( -7.729159201799991052, -3.485303408726214691E-13, -42.93251095273883777 ) ) ;
#1720 = CARTESIAN_POINT ( 'NONE',  ( 24.52499999999999147, -17.60000000000001563, 24.39999999999999503 ) ) ;
#1721 = VERTEX_POINT ( 'NONE', #386 ) ;
#1722 = FACE_OUTER_BOUND ( 'NONE', #1827, .T. ) ;
#1723 = DIRECTION ( 'NONE',  ( -0.000000000000000000, -0.000000000000000000, 1.000000000000000000 ) ) ;
#1724 = CIRCLE ( 'NONE', #1644, 3.550000000000001155 ) ;
#1725 = ORIENTED_EDGE ( 'NONE', *, *, #861, .T. ) ;
#1726 = ORIENTED_EDGE ( 'NONE', *, *, #2184, .T. ) ;
#1727 = EDGE_LOOP ( 'NONE', ( #480, #1963, #2294, #191 ) ) ;
#1728 = EDGE_CURVE ( 'NONE', #1599, #1740, #954, .T. ) ;
#1729 = CARTESIAN_POINT ( 'NONE',  ( -10.69541689571855159, -9.189102397468486672, 0.000000000000000000 ) ) ;
#1730 = DIRECTION ( 'NONE',  ( -0.000000000000000000, -0.000000000000000000, 1.000000000000000000 ) ) ;
#1731 = DIRECTION ( 'NONE',  ( -0.000000000000000000, -0.000000000000000000, 1.000000000000000000 ) ) ;
#1732 = ORIENTED_EDGE ( 'NONE', *, *, #1639, .T. ) ;
#1733 = CARTESIAN_POINT ( 'NONE',  ( 24.52499999999999147, -17.60000000000001563, 28.14999999999999503 ) ) ;
#1734 = CARTESIAN_POINT ( 'NONE',  ( -29.00000000000000000, -5.200000000000006395, 28.89999999999999503 ) ) ;
#1735 = AXIS2_PLACEMENT_3D ( 'NONE', #116, #104, #2174 ) ;
#1736 = ORIENTED_EDGE ( 'NONE', *, *, #2116, .F. ) ;
#1737 = DIRECTION ( 'NONE',  ( 0.000000000000000000, -1.000000000000000000, 0.000000000000000000 ) ) ;
#1738 = ORIENTED_EDGE ( 'NONE', *, *, #629, .F. ) ;
#1739 = CIRCLE ( 'NONE', #683, 1.899999999999999023 ) ;
#1740 = VERTEX_POINT ( 'NONE', #1288 ) ;
#1741 = CARTESIAN_POINT ( 'NONE',  ( -10.69541689571855159, -9.189102397468486672, 2.299999999999999822 ) ) ;
#1742 = DIRECTION ( 'NONE',  ( 0.000000000000000000, 0.000000000000000000, -1.000000000000000000 ) ) ;
#1743 = CARTESIAN_POINT ( 'NONE',  ( 6.874999999998321343, 11.90784930203709280, -3.000000000000000000 ) ) ;
#1744 = AXIS2_PLACEMENT_3D ( 'NONE', #2109, #415, #1378 ) ;
#1745 = ADVANCED_FACE ( 'NONE', ( #1665 ), #2031, .F. ) ;
#1746 = ORIENTED_EDGE ( 'NONE', *, *, #578, .T. ) ;
#1747 = DIRECTION ( 'NONE',  ( 0.000000000000000000, -0.000000000000000000, -1.000000000000000000 ) ) ;
#1748 = DIRECTION ( 'NONE',  ( 0.000000000000000000, -1.000000000000000000, 0.000000000000000000 ) ) ;
#1749 = AXIS2_PLACEMENT_3D ( 'NONE', #717, #518, #2181 ) ;
#1750 = VERTEX_POINT ( 'NONE', #1161 ) ;
#1751 = DIRECTION ( 'NONE',  ( -0.9392839235730126024, 0.3431409490534277351, 0.000000000000000000 ) ) ;
#1752 = EDGE_CURVE ( 'NONE', #2333, #1677, #1159, .T. ) ;
#1753 = ORIENTED_EDGE ( 'NONE', *, *, #1886, .T. ) ;
#1754 = ORIENTED_EDGE ( 'NONE', *, *, #1459, .T. ) ;
#1755 = DIRECTION ( 'NONE',  ( -0.1724731828275083145, -0.9850142137072687154, 0.000000000000000000 ) ) ;
#1756 = EDGE_CURVE ( 'NONE', #10, #2405, #1108, .T. ) ;
#1757 = CARTESIAN_POINT ( 'NONE',  ( 20.00000000000000000, -5.199999999999996625, -3.000000000000002665 ) ) ;
#1758 = CYLINDRICAL_SURFACE ( 'NONE', #127, 2.749999999999929390 ) ;
#1759 = VERTEX_POINT ( 'NONE', #422 ) ;
#1760 = DIRECTION ( 'NONE',  ( -2.016023975600421011E-16, 1.000000000000000000, -1.232595164407830946E-32 ) ) ;
#1761 = CARTESIAN_POINT ( 'NONE',  ( -20.04999999999998295, -30.00000000000001066, 28.89999999999999503 ) ) ;
#1762 = ORIENTED_EDGE ( 'NONE', *, *, #21, .F. ) ;
#1763 = DIRECTION ( 'NONE',  ( -0.000000000000000000, -1.000000000000000000, -0.000000000000000000 ) ) ;
#1764 = EDGE_LOOP ( 'NONE', ( #2285, #2319 ) ) ;
#1765 = CIRCLE ( 'NONE', #279, 3.550000000000001155 ) ;
#1766 = EDGE_CURVE ( 'NONE', #1525, #1456, #1020, .T. ) ;
#1767 = VERTEX_POINT ( 'NONE', #1936 ) ;
#1768 = CARTESIAN_POINT ( 'NONE',  ( 24.00000000000003908, -20.99999999999999645, 16.59999999999991971 ) ) ;
#1769 = DIRECTION ( 'NONE',  ( -2.016023975600421011E-16, 1.000000000000000000, -1.232595164407830946E-32 ) ) ;
#1770 = ADVANCED_FACE ( 'NONE', ( #2310 ), #1910, .F. ) ;
#1771 = VERTEX_POINT ( 'NONE', #770 ) ;
#1772 = FACE_OUTER_BOUND ( 'NONE', #1474, .T. ) ;
#1773 = ORIENTED_EDGE ( 'NONE', *, *, #516, .F. ) ;
#1774 = LINE ( 'NONE', #1603, #1810 ) ;
#1775 = ORIENTED_EDGE ( 'NONE', *, *, #565, .T. ) ;
#1776 = VECTOR ( 'NONE', #596, 1000.000000000000000 ) ;
#1777 = EDGE_CURVE ( 'NONE', #1599, #1881, #783, .T. ) ;
#1778 = ORIENTED_EDGE ( 'NONE', *, *, #1063, .T. ) ;
#1779 = CARTESIAN_POINT ( 'NONE',  ( 10.69541689571983589, 9.189102397469193662, -42.93251095273883777 ) ) ;
#1780 = EDGE_CURVE ( 'NONE', #881, #1582, #1929, .T. ) ;
#1781 = FILL_AREA_STYLE ('',( #447 ) ) ;
#1782 = CARTESIAN_POINT ( 'NONE',  ( 7.729159201800657186, 1.055159106790048984E-12, 0.000000000000000000 ) ) ;
#1783 = AXIS2_PLACEMENT_3D ( 'NONE', #2081, #943, #403 ) ;
#1784 = ORIENTED_EDGE ( 'NONE', *, *, #968, .F. ) ;
#1785 = DIRECTION ( 'NONE',  ( 0.000000000000000000, 0.000000000000000000, 1.000000000000000000 ) ) ;
#1786 = CARTESIAN_POINT ( 'NONE',  ( 29.00000000000000355, -30.00000000000000000, -3.000000000000002665 ) ) ;
#1787 = AXIS2_PLACEMENT_3D ( 'NONE', #758, #2040, #1298 ) ;
#1788 = EDGE_LOOP ( 'NONE', ( #423, #835, #2300, #2137 ) ) ;
#1789 = CARTESIAN_POINT ( 'NONE',  ( 20.05000000000000782, -30.00000000000007105, 8.799999999999997158 ) ) ;
#1790 = PRODUCT_DEFINITION_FORMATION_WITH_SPECIFIED_SOURCE ( 'ANY', '', #2343, .NOT_KNOWN. ) ;
#1791 = EDGE_LOOP ( 'NONE', ( #663, #1452, #956, #2323, #400, #2326 ) ) ;
#1792 = CARTESIAN_POINT ( 'NONE',  ( 8.525000000002393108, -11.47483660014370344, -8.374011537024829366 ) ) ;
#1793 = CARTESIAN_POINT ( 'NONE',  ( 29.00000000000000355, 1.040834085586084257E-15, 0.000000000000000000 ) ) ;
#1794 = ORIENTED_EDGE ( 'NONE', *, *, #741, .F. ) ;
#1795 = DIRECTION ( 'NONE',  ( 1.734723475976806848E-16, -1.000000000000000000, -0.000000000000000000 ) ) ;
#1796 = CARTESIAN_POINT ( 'NONE',  ( 11.60474041071213591, -6.699999999998910383, -42.93251095273883777 ) ) ;
#1797 = ORIENTED_EDGE ( 'NONE', *, *, #1224, .T. ) ;
#1798 = EDGE_CURVE ( 'NONE', #1721, #890, #217, .T. ) ;
#1799 = EDGE_CURVE ( 'NONE', #284, #2117, #821, .T. ) ;
#1800 = LINE ( 'NONE', #1038, #1690 ) ;
#1801 = AXIS2_PLACEMENT_3D ( 'NONE', #1233, #1633, #1975 ) ;
#1802 = CARTESIAN_POINT ( 'NONE',  ( -23.99999999999996092, -30.00000000000000000, 23.84999999999998721 ) ) ;
#1803 = ORIENTED_EDGE ( 'NONE', *, *, #1728, .T. ) ;
#1804 =( NAMED_UNIT ( * ) SI_UNIT ( $, .STERADIAN. ) SOLID_ANGLE_UNIT ( ) );
#1805 = FACE_BOUND ( 'NONE', #1184, .T. ) ;
#1806 = ORIENTED_EDGE ( 'NONE', *, *, #1116, .T. ) ;
#1807 = DIRECTION ( 'NONE',  ( 0.000000000000000000, -1.000000000000000000, 0.000000000000000000 ) ) ;
#1808 = DIRECTION ( 'NONE',  ( -0.000000000000000000, -0.000000000000000000, 1.000000000000000000 ) ) ;
#1809 = AXIS2_PLACEMENT_3D ( 'NONE', #304, #673, #2394 ) ;
#1810 = VECTOR ( 'NONE', #1795, 1000.000000000000000 ) ;
#1811 = DIRECTION ( 'NONE',  ( -0.000000000000000000, -1.000000000000000000, -0.000000000000000000 ) ) ;
#1812 = VERTEX_POINT ( 'NONE', #243 ) ;
#1813 = CIRCLE ( 'NONE', #22, 1.899999999999999023 ) ;
#1814 = CARTESIAN_POINT ( 'NONE',  ( -6.874999999999909406, 11.90784930203598968, -8.374011537024829366 ) ) ;
#1815 = VECTOR ( 'NONE', #1293, 1000.000000000000000 ) ;
#1816 = DIRECTION ( 'NONE',  ( 0.000000000000000000, 0.000000000000000000, 1.000000000000000000 ) ) ;
#1817 = DIRECTION ( 'NONE',  ( 0.000000000000000000, 0.000000000000000000, 1.000000000000000000 ) ) ;
#1818 = CARTESIAN_POINT ( 'NONE',  ( 11.60474041071149109, 6.700000000000736478, 2.299999999999999822 ) ) ;
#1819 = EDGE_CURVE ( 'NONE', #774, #1175, #1372, .T. ) ;
#1820 = EDGE_CURVE ( 'NONE', #2274, #972, #1266, .T. ) ;
#1821 = ORIENTED_EDGE ( 'NONE', *, *, #2162, .F. ) ;
#1822 = CARTESIAN_POINT ( 'NONE',  ( 2.610287666324261568, 13.85705393449289957, 0.000000000000000000 ) ) ;
#1823 = FACE_OUTER_BOUND ( 'NONE', #2078, .T. ) ;
#1824 = VECTOR ( 'NONE', #1106, 1000.000000000000000 ) ;
#1825 = VECTOR ( 'NONE', #2074, 1000.000000000000000 ) ;
#1826 = CARTESIAN_POINT ( 'NONE',  ( -23.99999999999996092, -20.99999999999999645, 23.84999999999998721 ) ) ;
#1827 = EDGE_LOOP ( 'NONE', ( #1218, #234, #2248, #1717 ) ) ;
#1828 = MANIFOLD_SOLID_BREP ( 'Wytnij-wyci¹gniêcie10', #1457 ) ;
#1829 = AXIS2_PLACEMENT_3D ( 'NONE', #377, #1491, #1884 ) ;
#1830 = EDGE_CURVE ( 'NONE', #324, #54, #2091, .T. ) ;
#1831 = FACE_OUTER_BOUND ( 'NONE', #2244, .T. ) ;
#1832 = LINE ( 'NONE', #2388, #74 ) ;
#1833 = PRESENTATION_STYLE_ASSIGNMENT (( #1271 ) ) ;
#1834 = DIRECTION ( 'NONE',  ( 1.000000000000000000, 0.000000000000000000, 0.000000000000000000 ) ) ;
#1835 = VERTEX_POINT ( 'NONE', #408 ) ;
#1836 = CARTESIAN_POINT ( 'NONE',  ( -6.874999999999909406, 11.90784930203598968, -3.000000000000000000 ) ) ;
#1837 = FACE_BOUND ( 'NONE', #2110, .T. ) ;
#1838 = CARTESIAN_POINT ( 'NONE',  ( -28.07500000000000639, -17.60000000000000497, 28.14999999999999503 ) ) ;
#1839 = EDGE_LOOP ( 'NONE', ( #1684, #387, #278, #81 ) ) ;
#1840 = ADVANCED_FACE ( 'NONE', ( #1361 ), #2114, .F. ) ;
#1841 = CARTESIAN_POINT ( 'NONE',  ( 13.30570456204409702, 4.667951537025174957, 0.000000000000000000 ) ) ;
#1842 = VECTOR ( 'NONE', #634, 1000.000000000000000 ) ;
#1843 = CARTESIAN_POINT ( 'NONE',  ( -13.30570456204282870, -4.667951537024482178, 2.299999999999999822 ) ) ;
#1844 = ORIENTED_EDGE ( 'NONE', *, *, #1624, .F. ) ;
#1845 = LINE ( 'NONE', #730, #445 ) ;
#1846 = EDGE_LOOP ( 'NONE', ( #429, #1973, #652, #645 ) ) ;
#1847 = DIRECTION ( 'NONE',  ( 1.156482317317871478E-16, -1.000000000000000000, 0.000000000000000000 ) ) ;
#1848 = CARTESIAN_POINT ( 'NONE',  ( -3.864579600900125644, 6.693648218653342141, 0.000000000000000000 ) ) ;
#1849 = DIRECTION ( 'NONE',  ( -2.016023975600421011E-16, 1.000000000000000000, -1.232595164407830946E-32 ) ) ;
#1850 = EDGE_LOOP ( 'NONE', ( #1445, #1204, #253, #315 ) ) ;
#1851 = CIRCLE ( 'NONE', #1927, 20.00000000000000000 ) ;
#1852 = ADVANCED_FACE ( 'NONE', ( #292 ), #1042, .F. ) ;
#1853 = AXIS2_PLACEMENT_3D ( 'NONE', #478, #2153, #124 ) ;
#1854 = VECTOR ( 'NONE', #2023, 1000.000000000000000 ) ;
#1855 = DIRECTION ( 'NONE',  ( -0.000000000000000000, -0.000000000000000000, 1.000000000000000000 ) ) ;
#1856 = DIRECTION ( 'NONE',  ( 0.000000000000000000, 0.000000000000000000, 1.000000000000000000 ) ) ;
#1857 = CARTESIAN_POINT ( 'NONE',  ( 14.25474041071213627, -6.699999999998910383, 2.299999999999999822 ) ) ;
#1858 = ORIENTED_EDGE ( 'NONE', *, *, #211, .T. ) ;
#1859 = DIRECTION ( 'NONE',  ( 1.000000000000000000, 0.000000000000000000, 0.000000000000000000 ) ) ;
#1860 = LINE ( 'NONE', #395, #2018 ) ;
#1861 = CARTESIAN_POINT ( 'NONE',  ( 3.864579600900048373, 6.693648218653777349, 0.000000000000000000 ) ) ;
#1862 = ORIENTED_EDGE ( 'NONE', *, *, #535, .F. ) ;
#1863 = AXIS2_PLACEMENT_3D ( 'NONE', #975, #1167, #1916 ) ;
#1864 = VECTOR ( 'NONE', #1510, 1000.000000000000000 ) ;
#1865 = CARTESIAN_POINT ( 'NONE',  ( 3.864579600900049261, 6.693648218653777349, -42.93251095273883777 ) ) ;
#1866 = EDGE_CURVE ( 'NONE', #1482, #1375, #99, .T. ) ;
#1867 = PLANE ( 'NONE',  #1783 ) ;
#1868 = LINE ( 'NONE', #1661, #1815 ) ;
#1869 = AXIS2_PLACEMENT_3D ( 'NONE', #2320, #498, #646 ) ;
#1870 = ORIENTED_EDGE ( 'NONE', *, *, #1190, .T. ) ;
#1871 = DIRECTION ( 'NONE',  ( -0.000000000000000000, -1.000000000000000000, -0.000000000000000000 ) ) ;
#1872 = FACE_OUTER_BOUND ( 'NONE', #1900, .T. ) ;
#1873 = ORIENTED_EDGE ( 'NONE', *, *, #14, .T. ) ;
#1874 = PLANE ( 'NONE',  #223 ) ;
#1875 = ORIENTED_EDGE ( 'NONE', *, *, #1391, .T. ) ;
#1876 = DIRECTION ( 'NONE',  ( 0.000000000000000000, -0.000000000000000000, -1.000000000000000000 ) ) ;
#1877 = EDGE_CURVE ( 'NONE', #393, #1456, #2080, .T. ) ;
#1878 = DIRECTION ( 'NONE',  ( -0.9392839235730126024, 0.3431409490534277351, 0.000000000000000000 ) ) ;
#1879 = DIRECTION ( 'NONE',  ( -1.000000000000000000, 0.000000000000000000, 0.000000000000000000 ) ) ;
#1880 = PRODUCT_DEFINITION ( 'UNKNOWN', '', #1790, #842 ) ;
#1881 = VERTEX_POINT ( 'NONE', #696 ) ;
#1882 = DIRECTION ( 'NONE',  ( 1.000000000000000000, 0.000000000000000000, 0.000000000000000000 ) ) ;
#1883 = DIRECTION ( 'NONE',  ( -0.000000000000000000, -0.000000000000000000, 1.000000000000000000 ) ) ;
#1884 = DIRECTION ( 'NONE',  ( -1.000000000000000000, -2.443272501375783973E-16, 0.000000000000000000 ) ) ;
#1885 = ORIENTED_EDGE ( 'NONE', *, *, #2230, .F. ) ;
#1886 = EDGE_CURVE ( 'NONE', #103, #1283, #1626, .T. ) ;
#1887 = EDGE_LOOP ( 'NONE', ( #2381, #799, #123, #2287 ) ) ;
#1888 = DIRECTION ( 'NONE',  ( -1.000000000000000000, 0.000000000000000000, 0.000000000000000000 ) ) ;
#1889 =( GEOMETRIC_REPRESENTATION_CONTEXT ( 3 ) GLOBAL_UNCERTAINTY_ASSIGNED_CONTEXT ( ( #712 ) ) GLOBAL_UNIT_ASSIGNED_CONTEXT ( ( #979, #1186, #2299 ) ) REPRESENTATION_CONTEXT ( 'NONE', 'WORKASPACE' ) );
#1890 = PLANE ( 'NONE',  #1081 ) ;
#1891 = DIRECTION ( 'NONE',  ( 0.000000000000000000, 0.000000000000000000, -1.000000000000000000 ) ) ;
#1892 = AXIS2_PLACEMENT_3D ( 'NONE', #1181, #29, #765 ) ;
#1893 = VERTEX_POINT ( 'NONE', #650 ) ;
#1894 = EDGE_CURVE ( 'NONE', #1375, #1482, #134, .T. ) ;
#1895 = DIRECTION ( 'NONE',  ( -1.000000000000000000, 0.000000000000000000, -0.000000000000000000 ) ) ;
#1896 = CARTESIAN_POINT ( 'NONE',  ( 1.284469037195706312E-12, -13.39999999999929159, 0.000000000000000000 ) ) ;
#1897 = EDGE_CURVE ( 'NONE', #2014, #295, #2358, .T. ) ;
#1898 = CARTESIAN_POINT ( 'NONE',  ( -11.60474041071085516, 6.699999999999613820, 0.000000000000000000 ) ) ;
#1899 = ORIENTED_EDGE ( 'NONE', *, *, #345, .T. ) ;
#1900 = EDGE_LOOP ( 'NONE', ( #2207, #812, #68, #658, #1899, #175, #405, #1754 ) ) ;
#1901 = CARTESIAN_POINT ( 'NONE',  ( -26.41250000000000853, -5.950000000000004619, 12.94999999999998863 ) ) ;
#1902 = CARTESIAN_POINT ( 'NONE',  ( -28.99999999999999645, -30.00000000000000355, 28.89999999999999503 ) ) ;
#1903 = DIRECTION ( 'NONE',  ( -0.000000000000000000, -0.000000000000000000, 1.000000000000000000 ) ) ;
#1904 = VECTOR ( 'NONE', #1585, 1000.000000000000000 ) ;
#1905 = ORIENTED_EDGE ( 'NONE', *, *, #2077, .T. ) ;
#1906 = DIRECTION ( 'NONE',  ( -0.3431409490534300666, -0.9392839235730117142, 0.000000000000000000 ) ) ;
#1907 = CARTESIAN_POINT ( 'NONE',  ( -23.99999999999996092, -20.99999999999999645, 23.84999999999998721 ) ) ;
#1908 = EDGE_CURVE ( 'NONE', #771, #1356, #1774, .T. ) ;
#1909 = ORIENTED_EDGE ( 'NONE', *, *, #1670, .F. ) ;
#1910 = CYLINDRICAL_SURFACE ( 'NONE', #560, 2.749999999999931166 ) ;
#1911 = ORIENTED_EDGE ( 'NONE', *, *, #106, .F. ) ;
#1912 = AXIS2_PLACEMENT_3D ( 'NONE', #280, #2346, #2124 ) ;
#1913 = ORIENTED_EDGE ( 'NONE', *, *, #1549, .T. ) ;
#1914 = CARTESIAN_POINT ( 'NONE',  ( 26.42499999999999005, -17.60000000000001563, 28.14999999999999503 ) ) ;
#1915 = LINE ( 'NONE', #236, #1705 ) ;
#1916 = DIRECTION ( 'NONE',  ( 1.000000000000000000, 0.000000000000000000, 0.000000000000000000 ) ) ;
#1917 = ORIENTED_EDGE ( 'NONE', *, *, #366, .T. ) ;
#1918 = DIRECTION ( 'NONE',  ( -0.000000000000000000, -0.000000000000000000, 1.000000000000000000 ) ) ;
#1919 = LINE ( 'NONE', #1563, #2252 ) ;
#1920 = ORIENTED_EDGE ( 'NONE', *, *, #1278, .F. ) ;
#1921 = CARTESIAN_POINT ( 'NONE',  ( 20.00000000000000000, 2.449293598294706513E-15, -3.000000000000002665 ) ) ;
#1922 = ORIENTED_EDGE ( 'NONE', *, *, #1056, .F. ) ;
#1923 = CIRCLE ( 'NONE', #1178, 1.899999999999999023 ) ;
#1924 = ORIENTED_EDGE ( 'NONE', *, *, #699, .F. ) ;
#1925 = CARTESIAN_POINT ( 'NONE',  ( 13.30570456204473651, -4.667951537023345310, 0.000000000000000000 ) ) ;
#1926 = LINE ( 'NONE', #1177, #1904 ) ;
#1927 = AXIS2_PLACEMENT_3D ( 'NONE', #1431, #2175, #1260 ) ;
#1928 = CARTESIAN_POINT ( 'NONE',  ( 29.00000000000000000, -5.199999999999993072, 28.89999999999998082 ) ) ;
#1929 = CIRCLE ( 'NONE', #398, 2.649999999999997691 ) ;
#1930 = EDGE_CURVE ( 'NONE', #1721, #2049, #484, .T. ) ;
#1931 = ORIENTED_EDGE ( 'NONE', *, *, #1278, .T. ) ;
#1932 = CARTESIAN_POINT ( 'NONE',  ( 24.00000000000003908, -30.00000000000000000, 13.84999999999999076 ) ) ;
#1933 = CARTESIAN_POINT ( 'NONE',  ( 4.974999999998320988, 11.90784930203709280, -8.374011537024829366 ) ) ;
#1934 = VECTOR ( 'NONE', #2099, 1000.000000000000114 ) ;
#1935 = ORIENTED_EDGE ( 'NONE', *, *, #1549, .F. ) ;
#1936 = CARTESIAN_POINT ( 'NONE',  ( 5.000000000000000000, 0.000000000000000000, 0.000000000000000000 ) ) ;
#1937 = ORIENTED_EDGE ( 'NONE', *, *, #2213, .T. ) ;
#1938 = CIRCLE ( 'NONE', #2242, 2.749999999999929390 ) ;
#1939 = EDGE_LOOP ( 'NONE', ( #2053, #589 ) ) ;
#1940 = CARTESIAN_POINT ( 'NONE',  ( 10.69541689571983767, 9.189102397469193662, 2.299999999999999822 ) ) ;
#1941 = DIRECTION ( 'NONE',  ( 0.2947306635662971241, -0.9555803660361437135, 0.000000000000000000 ) ) ;
#1942 = CARTESIAN_POINT ( 'NONE',  ( -24.52500000000000568, -17.60000000000000497, 24.39999999999999503 ) ) ;
#1943 = EDGE_CURVE ( 'NONE', #1767, #986, #1497, .T. ) ;
#1944 = VECTOR ( 'NONE', #910, 1000.000000000000000 ) ;
#1945 = ORIENTED_EDGE ( 'NONE', *, *, #591, .F. ) ;
#1946 = DIRECTION ( 'NONE',  ( -1.000000000000000000, 0.000000000000000000, 0.000000000000000000 ) ) ;
#1947 = DIRECTION ( 'NONE',  ( 1.000000000000000000, 1.156482317317871478E-16, -0.000000000000000000 ) ) ;
#1948 = CIRCLE ( 'NONE', #2214, 3.550000000000001155 ) ;
#1949 = ORIENTED_EDGE ( 'NONE', *, *, #535, .T. ) ;
#1950 = PRESENTATION_STYLE_ASSIGNMENT (( #1518 ) ) ;
#1951 = ORIENTED_EDGE ( 'NONE', *, *, #1701, .F. ) ;
#1952 = VECTOR ( 'NONE', #863, 1000.000000000000000 ) ;
#1953 = ORIENTED_EDGE ( 'NONE', *, *, #1211, .T. ) ;
#1954 = LINE ( 'NONE', #1940, #2291 ) ;
#1955 = EDGE_CURVE ( 'NONE', #1246, #82, #20, .T. ) ;
#1956 = DIRECTION ( 'NONE',  ( 0.000000000000000000, 0.000000000000000000, 1.000000000000000000 ) ) ;
#1957 = FACE_OUTER_BOUND ( 'NONE', #2228, .T. ) ;
#1958 = EDGE_LOOP ( 'NONE', ( #1935, #1015, #1519, #862 ) ) ;
#1959 = LINE ( 'NONE', #1792, #2025 ) ;
#1960 = CARTESIAN_POINT ( 'NONE',  ( 2.610287666325547207, -13.85705393449218903, 0.000000000000000000 ) ) ;
#1961 = ORIENTED_EDGE ( 'NONE', *, *, #1995, .F. ) ;
#1962 = CARTESIAN_POINT ( 'NONE',  ( 0.000000000000000000, 0.000000000000000000, 0.000000000000000000 ) ) ;
#1963 = ORIENTED_EDGE ( 'NONE', *, *, #2067, .T. ) ;
#1964 = VECTOR ( 'NONE', #488, 1000.000000000000000 ) ;
#1965 = EDGE_LOOP ( 'NONE', ( #2212, #507 ) ) ;
#1966 = EDGE_CURVE ( 'NONE', #991, #1331, #2396, .T. ) ;
#1967 = CARTESIAN_POINT ( 'NONE',  ( -2.610287666324261124, 13.85705393449289780, 2.299999999999999822 ) ) ;
#1968 = LINE ( 'NONE', #1083, #1490 ) ;
#1969 = FACE_BOUND ( 'NONE', #2065, .T. ) ;
#1970 = ORIENTED_EDGE ( 'NONE', *, *, #827, .F. ) ;
#1971 = AXIS2_PLACEMENT_3D ( 'NONE', #1962, #1441, #1581 ) ;
#1972 = PLANE ( 'NONE',  #1231 ) ;
#1973 = ORIENTED_EDGE ( 'NONE', *, *, #2042, .T. ) ;
#1974 = EDGE_LOOP ( 'NONE', ( #946, #823, #961, #5 ) ) ;
#1975 = DIRECTION ( 'NONE',  ( -1.734723475976807094E-16, 1.000000000000000000, 0.000000000000000000 ) ) ;
#1976 = VERTEX_POINT ( 'NONE', #1430 ) ;
#1977 = CARTESIAN_POINT ( 'NONE',  ( -24.51250000000000995, -9.700000000000004619, 12.94999999999998863 ) ) ;
#1978 = CARTESIAN_POINT ( 'NONE',  ( -2.610287666324261124, 13.85705393449289780, 0.000000000000000000 ) ) ;
#1979 = VECTOR ( 'NONE', #1903, 1000.000000000000000 ) ;
#1980 = AXIS2_PLACEMENT_3D ( 'NONE', #1802, #506, #1645 ) ;
#1981 = ORIENTED_EDGE ( 'NONE', *, *, #1224, .F. ) ;
#1982 = DIRECTION ( 'NONE',  ( 0.7668107407454776148, -0.6418732646538347630, 0.000000000000000000 ) ) ;
#1983 = PLANE ( 'NONE',  #2395 ) ;
#1984 = EDGE_CURVE ( 'NONE', #1557, #2263, #1259, .T. ) ;
#1985 = ADVANCED_FACE ( 'NONE', ( #2186 ), #1972, .F. ) ;
#1986 = EDGE_LOOP ( 'NONE', ( #989, #2177, #1388, #2127 ) ) ;
#1987 = VECTOR ( 'NONE', #1247, 1000.000000000000000 ) ;
#1988 = DIRECTION ( 'NONE',  ( 1.000000000000000000, 0.000000000000000000, -0.000000000000000000 ) ) ;
#1989 = ORIENTED_EDGE ( 'NONE', *, *, #1648, .T. ) ;
#1990 = PLANE ( 'NONE',  #2386 ) ;
#1991 = ORIENTED_EDGE ( 'NONE', *, *, #1984, .F. ) ;
#1992 = FACE_OUTER_BOUND ( 'NONE', #1569, .T. ) ;
#1993 = CARTESIAN_POINT ( 'NONE',  ( 0.000000000000000000, 0.000000000000000000, -17.14213562373095101 ) ) ;
#1994 = ORIENTED_EDGE ( 'NONE', *, *, #337, .T. ) ;
#1995 = EDGE_CURVE ( 'NONE', #206, #1151, #1250, .T. ) ;
#1996 = ADVANCED_FACE ( 'NONE', ( #1412 ), #92, .F. ) ;
#1997 = PLANE ( 'NONE',  #432 ) ;
#1998 = DIRECTION ( 'NONE',  ( -1.000000000000000000, -1.734723475976807094E-16, 0.000000000000000000 ) ) ;
#1999 = ORIENTED_EDGE ( 'NONE', *, *, #840, .F. ) ;
#2000 = PLANE ( 'NONE',  #473 ) ;
#2001 = ADVANCED_FACE ( 'NONE', ( #1053 ), #2324, .F. ) ;
#2002 = EDGE_LOOP ( 'NONE', ( #2410, #1673, #1922, #1625 ) ) ;
#2003 = DIRECTION ( 'NONE',  ( -1.000000000000000000, 0.000000000000000000, 0.000000000000000000 ) ) ;
#2004 = DIRECTION ( 'NONE',  ( -0.7668107407454598512, -0.6418732646538558573, 0.000000000000000000 ) ) ;
#2005 = VECTOR ( 'NONE', #703, 1000.000000000000000 ) ;
#2006 = ADVANCED_FACE ( 'NONE', ( #1992 ), #312, .T. ) ;
#2007 = DIRECTION ( 'NONE',  ( -0.000000000000000000, -0.000000000000000000, 1.000000000000000000 ) ) ;
#2008 = ORIENTED_EDGE ( 'NONE', *, *, #706, .T. ) ;
#2009 = AXIS2_PLACEMENT_3D ( 'NONE', #805, #384, #1712 ) ;
#2010 = CARTESIAN_POINT ( 'NONE',  ( -24.51250000000001350, -5.950000000000004619, 12.94999999999998863 ) ) ;
#2011 = DIRECTION ( 'NONE',  ( -1.000000000000000000, -2.016023975600421257E-16, 0.000000000000000000 ) ) ;
#2012 = CARTESIAN_POINT ( 'NONE',  ( 24.00000000000003908, -20.99999999999999645, 11.10000000000006004 ) ) ;
#2013 = EDGE_CURVE ( 'NONE', #2405, #10, #836, .T. ) ;
#2014 = VERTEX_POINT ( 'NONE', #170 ) ;
#2015 = DIRECTION ( 'NONE',  ( 4.956352788505157154E-15, -1.000000000000000000, 0.000000000000000000 ) ) ;
#2016 = DIRECTION ( 'NONE',  ( -1.000000000000000000, 0.000000000000000000, 0.000000000000000000 ) ) ;
#2017 = VECTOR ( 'NONE', #61, 1000.000000000000000 ) ;
#2018 = VECTOR ( 'NONE', #755, 1000.000000000000000 ) ;
#2019 = DIRECTION ( 'NONE',  ( 1.000000000000000000, 0.000000000000000000, 0.000000000000000000 ) ) ;
#2020 = ORIENTED_EDGE ( 'NONE', *, *, #1866, .F. ) ;
#2021 = CIRCLE ( 'NONE', #412, 1.899999999999999689 ) ;
#2022 = EDGE_CURVE ( 'NONE', #1080, #1525, #2122, .T. ) ;
#2023 = DIRECTION ( 'NONE',  ( 1.000000000000000000, 2.016023975600421257E-16, 0.000000000000000000 ) ) ;
#2024 = DIRECTION ( 'NONE',  ( -0.000000000000000000, -1.000000000000000000, -0.000000000000000000 ) ) ;
#2025 = VECTOR ( 'NONE', #1061, 1000.000000000000000 ) ;
#2026 = ORIENTED_EDGE ( 'NONE', *, *, #2412, .F. ) ;
#2027 = ORIENTED_EDGE ( 'NONE', *, *, #1190, .F. ) ;
#2028 = CARTESIAN_POINT ( 'NONE',  ( -23.99999999999996092, -20.99999999999999645, 13.84999999999998543 ) ) ;
#2029 = DIRECTION ( 'NONE',  ( 1.000000000000000000, 0.000000000000000000, 0.000000000000000000 ) ) ;
#2030 = EDGE_CURVE ( 'NONE', #1122, #1292, #1487, .T. ) ;
#2031 = PLANE ( 'NONE',  #1710 ) ;
#2032 = ORIENTED_EDGE ( 'NONE', *, *, #1639, .F. ) ;
#2033 = CARTESIAN_POINT ( 'NONE',  ( 22.62499999999999289, -17.60000000000001563, 24.39999999999999503 ) ) ;
#2034 = CARTESIAN_POINT ( 'NONE',  ( 10.69541689572048782, -9.189102397467369343, 0.000000000000000000 ) ) ;
#2035 = ORIENTED_EDGE ( 'NONE', *, *, #1439, .F. ) ;
#2036 = DIRECTION ( 'NONE',  ( 1.000000000000000000, 0.000000000000000000, 0.000000000000000000 ) ) ;
#2037 = ORIENTED_EDGE ( 'NONE', *, *, #345, .F. ) ;
#2038 = DIRECTION ( 'NONE',  ( -0.000000000000000000, -0.000000000000000000, -1.000000000000000000 ) ) ;
#2039 = CARTESIAN_POINT ( 'NONE',  ( 2.610287666325547207, -13.85705393449218903, 0.000000000000000000 ) ) ;
#2040 = DIRECTION ( 'NONE',  ( 0.000000000000000000, 0.000000000000000000, 1.000000000000000000 ) ) ;
#2041 = ORIENTED_EDGE ( 'NONE', *, *, #2308, .T. ) ;
#2042 = EDGE_CURVE ( 'NONE', #1662, #2092, #891, .T. ) ;
#2043 = AXIS2_PLACEMENT_3D ( 'NONE', #181, #1685, #722 ) ;
#2044 = AXIS2_PLACEMENT_3D ( 'NONE', #1327, #2387, #165 ) ;
#2045 = CARTESIAN_POINT ( 'NONE',  ( 1.470283216747640392E-15, -5.200000000000000178, 28.89999999999999503 ) ) ;
#2046 = CARTESIAN_POINT ( 'NONE',  ( -20.96250000000001279, -5.950000000000003730, 12.94999999999998863 ) ) ;
#2047 = VECTOR ( 'NONE', #190, 999.9999999999998863 ) ;
#2048 = CARTESIAN_POINT ( 'NONE',  ( 20.04999999999995808, -5.199999999999996625, 28.89999999999999503 ) ) ;
#2049 = VERTEX_POINT ( 'NONE', #1663 ) ;
#2050 = DIRECTION ( 'NONE',  ( 0.000000000000000000, 0.000000000000000000, -1.000000000000000000 ) ) ;
#2051 = DIRECTION ( 'NONE',  ( -0.000000000000000000, -0.000000000000000000, 1.000000000000000000 ) ) ;
#2052 = FACE_OUTER_BOUND ( 'NONE', #1143, .T. ) ;
#2053 = ORIENTED_EDGE ( 'NONE', *, *, #2328, .T. ) ;
#2054 = ADVANCED_FACE ( 'NONE', ( #1077 ), #903, .F. ) ;
#2055 = AXIS2_PLACEMENT_3D ( 'NONE', #924, #1856, #320 ) ;
#2056 = VECTOR ( 'NONE', #48, 1000.000000000000000 ) ;
#2057 = VECTOR ( 'NONE', #616, 1000.000000000000000 ) ;
#2058 = FACE_OUTER_BOUND ( 'NONE', #2090, .T. ) ;
#2059 = CARTESIAN_POINT ( 'NONE',  ( 3.864579600901408174, -6.693648218652620940, -42.93251095273883777 ) ) ;
#2060 = CYLINDRICAL_SURFACE ( 'NONE', #26, 2.649999999999999467 ) ;
#2061 = EDGE_LOOP ( 'NONE', ( #272, #302 ) ) ;
#2062 = CARTESIAN_POINT ( 'NONE',  ( -23.99999999999996092, -20.99999999999999645, 26.59999999999991616 ) ) ;
#2063 = CARTESIAN_POINT ( 'NONE',  ( 3.673940397442059178E-15, -30.00000000000000000, -53.00000000000000711 ) ) ;
#2064 = DIRECTION ( 'NONE',  ( 0.7668107407454950453, 0.6418732646538141129, 0.000000000000000000 ) ) ;
#2065 = EDGE_LOOP ( 'NONE', ( #1931, #1552 ) ) ;
#2066 = CARTESIAN_POINT ( 'NONE',  ( -11.60474041071020679, -6.700000000000029488, 0.000000000000000000 ) ) ;
#2067 = EDGE_CURVE ( 'NONE', #2274, #1631, #192, .T. ) ;
#2068 = EDGE_CURVE ( 'NONE', #1068, #858, #1655, .T. ) ;
#2069 = CARTESIAN_POINT ( 'NONE',  ( 6.624999999999895195, -11.47483660014370344, 2.299999999999999822 ) ) ;
#2070 = CARTESIAN_POINT ( 'NONE',  ( -23.99999999999996092, -20.99999999999999645, 23.84999999999998721 ) ) ;
#2071 = AXIS2_PLACEMENT_3D ( 'NONE', #89, #1397, #2125 ) ;
#2072 = ORIENTED_EDGE ( 'NONE', *, *, #2022, .T. ) ;
#2073 = FACE_OUTER_BOUND ( 'NONE', #270, .T. ) ;
#2074 = DIRECTION ( 'NONE',  ( 0.000000000000000000, 0.000000000000000000, 1.000000000000000000 ) ) ;
#2075 = CARTESIAN_POINT ( 'NONE',  ( 4.724999999997396394, -11.47483660014370344, -8.374011537024829366 ) ) ;
#2076 = VERTEX_POINT ( 'NONE', #1822 ) ;
#2077 = EDGE_CURVE ( 'NONE', #1092, #1750, #743, .T. ) ;
#2078 = EDGE_LOOP ( 'NONE', ( #1545, #1215, #2194, #828 ) ) ;
#2079 = PLANE ( 'NONE',  #1315 ) ;
#2080 = CIRCLE ( 'NONE', #2238, 1.900000000002498579 ) ;
#2081 = CARTESIAN_POINT ( 'NONE',  ( 10.69541689571983767, 9.189102397469193662, -42.93251095273883777 ) ) ;
#2082 = DIRECTION ( 'NONE',  ( -0.000000000000000000, -0.000000000000000000, 1.000000000000000000 ) ) ;
#2083 = AXIS2_PLACEMENT_3D ( 'NONE', #430, #1001, #1747 ) ;
#2084 = EDGE_CURVE ( 'NONE', #1019, #2325, #752, .T. ) ;
#2085 = EDGE_LOOP ( 'NONE', ( #1325, #1537, #665, #1873 ) ) ;
#2086 = DIRECTION ( 'NONE',  ( 0.000000000000000000, -1.000000000000000000, 0.000000000000000000 ) ) ;
#2087 = DIRECTION ( 'NONE',  ( 0.000000000000000000, -1.000000000000000000, 0.000000000000000000 ) ) ;
#2088 = APPLICATION_CONTEXT ( 'automotive_design' ) ;
#2089 = ADVANCED_FACE ( 'NONE', ( #1650 ), #1286, .F. ) ;
#2090 = EDGE_LOOP ( 'NONE', ( #1052, #45 ) ) ;
#2091 = LINE ( 'NONE', #55, #288 ) ;
#2092 = VERTEX_POINT ( 'NONE', #12 ) ;
#2093 = ORIENTED_EDGE ( 'NONE', *, *, #1115, .F. ) ;
#2094 = CARTESIAN_POINT ( 'NONE',  ( 20.00000000000000355, -20.19999999999999574, 2.299999999999999822 ) ) ;
#2095 = CIRCLE ( 'NONE', #1509, 1.899999999999999023 ) ;
#2096 = CARTESIAN_POINT ( 'NONE',  ( -10.69541689571855159, -9.189102397468486672, 2.299999999999999822 ) ) ;
#2097 = DIRECTION ( 'NONE',  ( 1.000000000000000000, 0.000000000000000000, 0.000000000000000000 ) ) ;
#2098 = ORIENTED_EDGE ( 'NONE', *, *, #895, .T. ) ;
#2099 = DIRECTION ( 'NONE',  ( -0.9392839235730126024, 0.3431409490534277351, 0.000000000000000000 ) ) ;
#2100 = CARTESIAN_POINT ( 'NONE',  ( 24.52499999999999147, -17.60000000000001563, 24.39999999999999503 ) ) ;
#2101 = ORIENTED_EDGE ( 'NONE', *, *, #1253, .T. ) ;
#2102 = SURFACE_SIDE_STYLE ('',( #795 ) ) ;
#2103 = ADVANCED_FACE ( 'NONE', ( #1308 ), #2406, .F. ) ;
#2104 = ORIENTED_EDGE ( 'NONE', *, *, #2232, .F. ) ;
#2105 = ORIENTED_EDGE ( 'NONE', *, *, #2161, .T. ) ;
#2106 = CARTESIAN_POINT ( 'NONE',  ( -24.52500000000000568, -17.60000000000000497, 24.39999999999999503 ) ) ;
#2107 = EDGE_CURVE ( 'NONE', #354, #477, #1101, .T. ) ;
#2108 = DIRECTION ( 'NONE',  ( 0.000000000000000000, 0.000000000000000000, 1.000000000000000000 ) ) ;
#2109 = CARTESIAN_POINT ( 'NONE',  ( 6.874999999998321343, 11.90784930203709280, -8.374011537024829366 ) ) ;
#2110 = EDGE_LOOP ( 'NONE', ( #791, #1821 ) ) ;
#2111 = FACE_OUTER_BOUND ( 'NONE', #1132, .T. ) ;
#2112 = FACE_OUTER_BOUND ( 'NONE', #1270, .T. ) ;
#2113 = ORIENTED_EDGE ( 'NONE', *, *, #1391, .F. ) ;
#2114 = CYLINDRICAL_SURFACE ( 'NONE', #1185, 3.550000000000001155 ) ;
#2115 = ORIENTED_EDGE ( 'NONE', *, *, #1798, .T. ) ;
#2116 = EDGE_CURVE ( 'NONE', #126, #446, #136, .T. ) ;
#2117 = VERTEX_POINT ( 'NONE', #2393 ) ;
#2118 = LINE ( 'NONE', #1010, #1003 ) ;
#2119 = LINE ( 'NONE', #1967, #2336 ) ;
#2120 = AXIS2_PLACEMENT_3D ( 'NONE', #1907, #385, #549 ) ;
#2121 = FACE_OUTER_BOUND ( 'NONE', #1114, .T. ) ;
#2122 = CIRCLE ( 'NONE', #641, 1.900000000002498579 ) ;
#2123 = ORIENTED_EDGE ( 'NONE', *, *, #1261, .F. ) ;
#2124 = DIRECTION ( 'NONE',  ( -1.000000000000000000, 0.000000000000000000, 0.000000000000000000 ) ) ;
#2125 = DIRECTION ( 'NONE',  ( -1.000000000000000000, 0.000000000000000000, 0.000000000000000000 ) ) ;
#2126 = AXIS2_PLACEMENT_3D ( 'NONE', #1733, #1918, #1553 ) ;
#2127 = ORIENTED_EDGE ( 'NONE', *, *, #1691, .F. ) ;
#2128 = ADVANCED_FACE ( 'NONE', ( #1111, #1502 ), #2, .F. ) ;
#2129 = DIRECTION ( 'NONE',  ( -0.7668107407455121427, 0.6418732646537935738, 0.000000000000000000 ) ) ;
#2130 = ORIENTED_EDGE ( 'NONE', *, *, #1886, .F. ) ;
#2131 = ORIENTED_EDGE ( 'NONE', *, *, #968, .T. ) ;
#2132 = ADVANCED_FACE ( 'NONE', ( #1321 ), #151, .F. ) ;
#2133 = DIRECTION ( 'NONE',  ( 0.000000000000000000, -1.000000000000000000, 0.000000000000000000 ) ) ;
#2134 = CARTESIAN_POINT ( 'NONE',  ( -20.04999999999998295, -30.00000000000001066, 28.89999999999999503 ) ) ;
#2135 = DIRECTION ( 'NONE',  ( 0.000000000000000000, 0.000000000000000000, -1.000000000000000000 ) ) ;
#2136 = AXIS2_PLACEMENT_3D ( 'NONE', #572, #964, #182 ) ;
#2137 = ORIENTED_EDGE ( 'NONE', *, *, #819, .F. ) ;
#2138 = LINE ( 'NONE', #693, #1952 ) ;
#2139 = CARTESIAN_POINT ( 'NONE',  ( 8.525000000002393108, -11.47483660014370344, 2.299999999999999822 ) ) ;
#2140 = AXIS2_PLACEMENT_3D ( 'NONE', #1091, #1505, #540 ) ;
#2141 = ORIENTED_EDGE ( 'NONE', *, *, #649, .F. ) ;
#2142 = DIRECTION ( 'NONE',  ( -0.000000000000000000, -0.000000000000000000, 1.000000000000000000 ) ) ;
#2143 = ORIENTED_EDGE ( 'NONE', *, *, #861, .F. ) ;
#2144 = EDGE_CURVE ( 'NONE', #18, #552, #1268, .T. ) ;
#2145 = VECTOR ( 'NONE', #461, 1000.000000000000227 ) ;
#2146 = EDGE_LOOP ( 'NONE', ( #87, #1994, #796, #1696 ) ) ;
#2147 = DIRECTION ( 'NONE',  ( 0.000000000000000000, 0.000000000000000000, -1.000000000000000000 ) ) ;
#2148 = FACE_BOUND ( 'NONE', #1764, .T. ) ;
#2149 = EDGE_LOOP ( 'NONE', ( #595, #1806, #1199, #421 ) ) ;
#2150 = LINE ( 'NONE', #88, #2239 ) ;
#2151 = LINE ( 'NONE', #977, #1403 ) ;
#2152 = ORIENTED_EDGE ( 'NONE', *, *, #1517, .T. ) ;
#2153 = DIRECTION ( 'NONE',  ( 0.6418732646538141129, -0.7668107407454950453, 0.000000000000000000 ) ) ;
#2154 = CARTESIAN_POINT ( 'NONE',  ( 29.00000000000000355, -30.00000000000000000, -3.000000000000002665 ) ) ;
#2155 = CIRCLE ( 'NONE', #1099, 5.000000000000000000 ) ;
#2156 = ORIENTED_EDGE ( 'NONE', *, *, #1624, .T. ) ;
#2157 = CARTESIAN_POINT ( 'NONE',  ( 24.00000000000003908, -20.99999999999999645, 13.84999999999999076 ) ) ;
#2158 = ORIENTED_EDGE ( 'NONE', *, *, #2084, .T. ) ;
#2159 =( NAMED_UNIT ( * ) PLANE_ANGLE_UNIT ( ) SI_UNIT ( $, .RADIAN. ) );
#2160 = FACE_OUTER_BOUND ( 'NONE', #1187, .T. ) ;
#2161 = EDGE_CURVE ( 'NONE', #452, #1263, #1188, .T. ) ;
#2162 = EDGE_CURVE ( 'NONE', #2263, #2264, #561, .T. ) ;
#2163 = ORIENTED_EDGE ( 'NONE', *, *, #316, .T. ) ;
#2164 = VECTOR ( 'NONE', #341, 1000.000000000000000 ) ;
#2165 = DIRECTION ( 'NONE',  ( -0.000000000000000000, -0.000000000000000000, 1.000000000000000000 ) ) ;
#2166 = AXIS2_PLACEMENT_3D ( 'NONE', #2106, #235, #58 ) ;
#2167 = CARTESIAN_POINT ( 'NONE',  ( -20.96250000000001279, -5.950000000000003730, 12.94999999999998863 ) ) ;
#2168 = EDGE_LOOP ( 'NONE', ( #1711, #527, #348, #970 ) ) ;
#2169 = CARTESIAN_POINT ( 'NONE',  ( 3.864579600901408174, -6.693648218652620940, 2.299999999999999822 ) ) ;
#2170 = FACE_OUTER_BOUND ( 'NONE', #845, .T. ) ;
#2171 = CIRCLE ( 'NONE', #2368, 3.550000000000001155 ) ;
#2172 = AXIS2_PLACEMENT_3D ( 'NONE', #2374, #1193, #470 ) ;
#2173 = EDGE_LOOP ( 'NONE', ( #2020, #1294, #1591, #214 ) ) ;
#2174 = DIRECTION ( 'NONE',  ( -1.000000000000000000, 0.000000000000000000, 0.000000000000000000 ) ) ;
#2175 = DIRECTION ( 'NONE',  ( 0.000000000000000000, 0.000000000000000000, 1.000000000000000000 ) ) ;
#2176 = ADVANCED_FACE ( 'NONE', ( #2073 ), #2283, .F. ) ;
#2177 = ORIENTED_EDGE ( 'NONE', *, *, #53, .T. ) ;
#2178 =( GEOMETRIC_REPRESENTATION_CONTEXT ( 3 ) GLOBAL_UNCERTAINTY_ASSIGNED_CONTEXT ( ( #692 ) ) GLOBAL_UNIT_ASSIGNED_CONTEXT ( ( #853, #2159, #1804 ) ) REPRESENTATION_CONTEXT ( 'NONE', 'WORKASPACE' ) );
#2179 = EDGE_CURVE ( 'NONE', #206, #1041, #325, .T. ) ;
#2180 = DIRECTION ( 'NONE',  ( 0.000000000000000000, 0.000000000000000000, -1.000000000000000000 ) ) ;
#2181 = DIRECTION ( 'NONE',  ( -1.000000000000000000, -2.016023975600421011E-16, 0.000000000000000000 ) ) ;
#2182 = ORIENTED_EDGE ( 'NONE', *, *, #1029, .T. ) ;
#2183 = CARTESIAN_POINT ( 'NONE',  ( -24.52500000000000568, -17.60000000000000497, 28.89999999999999503 ) ) ;
#2184 = EDGE_CURVE ( 'NONE', #10, #2270, #1538, .T. ) ;
#2185 = EDGE_LOOP ( 'NONE', ( #460, #2402, #31, #150 ) ) ;
#2186 = FACE_OUTER_BOUND ( 'NONE', #562, .T. ) ;
#2187 = DIRECTION ( 'NONE',  ( -1.000000000000000000, 0.000000000000000000, -0.000000000000000000 ) ) ;
#2188 = CARTESIAN_POINT ( 'NONE',  ( -23.99999999999996092, -30.00000000000000000, 23.84999999999998721 ) ) ;
#2189 = VERTEX_POINT ( 'NONE', #229 ) ;
#2190 = DIRECTION ( 'NONE',  ( 2.016023975600421011E-16, -1.000000000000000000, 1.232595164407830946E-32 ) ) ;
#2191 = EDGE_CURVE ( 'NONE', #1019, #1721, #401, .T. ) ;
#2192 = DIRECTION ( 'NONE',  ( 4.276423536147513034E-48, -2.465190328815661892E-32, -1.000000000000000000 ) ) ;
#2193 = DIRECTION ( 'NONE',  ( -0.000000000000000000, -0.000000000000000000, 1.000000000000000000 ) ) ;
#2194 = ORIENTED_EDGE ( 'NONE', *, *, #699, .T. ) ;
#2195 = CARTESIAN_POINT ( 'NONE',  ( -20.04999999999998295, -30.00000000000001066, 28.89999999999999503 ) ) ;
#2196 = CARTESIAN_POINT ( 'NONE',  ( 3.864579600901408174, -6.693648218652620940, 0.000000000000000000 ) ) ;
#2197 = EDGE_CURVE ( 'NONE', #1283, #472, #1156, .T. ) ;
#2198 = VECTOR ( 'NONE', #624, 1000.000000000000000 ) ;
#2199 = CARTESIAN_POINT ( 'NONE',  ( 29.00000000000000355, -30.00000000000000000, 28.89999999999999503 ) ) ;
#2200 = ORIENTED_EDGE ( 'NONE', *, *, #605, .T. ) ;
#2201 = AXIS2_PLACEMENT_3D ( 'NONE', #734, #360, #938 ) ;
#2202 = CARTESIAN_POINT ( 'NONE',  ( -5.000000000000000000, 6.123233995736766282E-16, 0.000000000000000000 ) ) ;
#2203 = EDGE_CURVE ( 'NONE', #638, #2270, #522, .T. ) ;
#2204 = CARTESIAN_POINT ( 'NONE',  ( -23.99999999999996092, -20.99999999999999645, 13.84999999999998543 ) ) ;
#2205 = ORIENTED_EDGE ( 'NONE', *, *, #1115, .T. ) ;
#2206 = CARTESIAN_POINT ( 'NONE',  ( -26.41250000000000853, -9.700000000000004619, 12.94999999999998863 ) ) ;
#2207 = ORIENTED_EDGE ( 'NONE', *, *, #1211, .F. ) ;
#2208 = CARTESIAN_POINT ( 'NONE',  ( 11.60474041071213591, -6.699999999998910383, 2.299999999999999822 ) ) ;
#2209 = CYLINDRICAL_SURFACE ( 'NONE', #172, 2.649999999999999467 ) ;
#2210 = AXIS2_PLACEMENT_3D ( 'NONE', #2216, #130, #1620 ) ;
#2211 = PLANE ( 'NONE',  #1632 ) ;
#2212 = ORIENTED_EDGE ( 'NONE', *, *, #1313, .F. ) ;
#2213 = EDGE_CURVE ( 'NONE', #1740, #771, #239, .T. ) ;
#2214 = AXIS2_PLACEMENT_3D ( 'NONE', #2409, #1324, #364 ) ;
#2215 = DIRECTION ( 'NONE',  ( 0.3431409490534294005, -0.9392839235730119363, 0.000000000000000000 ) ) ;
#2216 = CARTESIAN_POINT ( 'NONE',  ( 11.60474041071213591, -6.699999999998910383, 2.299999999999999822 ) ) ;
#2217 = ORIENTED_EDGE ( 'NONE', *, *, #1240, .F. ) ;
#2218 = CARTESIAN_POINT ( 'NONE',  ( -13.30570456204346286, 4.667951537024054076, 0.000000000000000000 ) ) ;
#2219 = ORIENTED_EDGE ( 'NONE', *, *, #2261, .F. ) ;
#2220 = DIRECTION ( 'NONE',  ( -0.000000000000000000, -0.000000000000000000, 1.000000000000000000 ) ) ;
#2221 = CARTESIAN_POINT ( 'NONE',  ( 29.00000000000000355, -30.00000000000000000, 28.89999999999999503 ) ) ;
#2222 = CARTESIAN_POINT ( 'NONE',  ( -10.69541689571855159, -9.189102397468486672, 0.000000000000000000 ) ) ;
#2223 = ORIENTED_EDGE ( 'NONE', *, *, #578, .F. ) ;
#2224 = DIRECTION ( 'NONE',  ( -0.000000000000000000, -0.000000000000000000, 1.000000000000000000 ) ) ;
#2225 = DIRECTION ( 'NONE',  ( 1.000000000000000000, 0.000000000000000000, 0.000000000000000000 ) ) ;
#2226 = DIRECTION ( 'NONE',  ( -0.000000000000000000, -0.000000000000000000, 1.000000000000000000 ) ) ;
#2227 = VECTOR ( 'NONE', #870, 1000.000000000000000 ) ;
#2228 = EDGE_LOOP ( 'NONE', ( #980, #1506, #1746, #2104 ) ) ;
#2230 = EDGE_CURVE ( 'NONE', #2405, #638, #1133, .T. ) ;
#2229 = DIRECTION ( 'NONE',  ( 0.000000000000000000, 0.000000000000000000, 1.000000000000000000 ) ) ;
#2231 = FACE_OUTER_BOUND ( 'NONE', #493, .T. ) ;
#2232 = EDGE_CURVE ( 'NONE', #695, #1463, #1813, .T. ) ;
#2233 = AXIS2_PLACEMENT_3D ( 'NONE', #2063, #2087, #1322 ) ;
#2234 = ORIENTED_EDGE ( 'NONE', *, *, #1528, .F. ) ;
#2235 = DIRECTION ( 'NONE',  ( 1.000000000000000000, 4.956352788505124811E-15, -0.000000000000000000 ) ) ;
#2236 = ADVANCED_FACE ( 'NONE', ( #1722 ), #608, .F. ) ;
#2237 = EDGE_LOOP ( 'NONE', ( #1953, #35, #1137, #2275, #135, #2288 ) ) ;
#2238 = AXIS2_PLACEMENT_3D ( 'NONE', #501, #1785, #1031 ) ;
#2239 = VECTOR ( 'NONE', #1196, 1000.000000000000000 ) ;
#2240 = DIRECTION ( 'NONE',  ( 0.9392839235730119363, 0.3431409490534294005, 0.000000000000000000 ) ) ;
#2241 = DIRECTION ( 'NONE',  ( -0.000000000000000000, -0.000000000000000000, -1.000000000000000000 ) ) ;
#2242 = AXIS2_PLACEMENT_3D ( 'NONE', #944, #925, #594 ) ;
#2243 = DIRECTION ( 'NONE',  ( 1.000000000000000000, 0.000000000000000000, 0.000000000000000000 ) ) ;
#2244 = EDGE_LOOP ( 'NONE', ( #2345, #725, #760, #1465 ) ) ;
#2245 = DIRECTION ( 'NONE',  ( -1.000000000000000000, 0.000000000000000000, -0.000000000000000000 ) ) ;
#2246 = CARTESIAN_POINT ( 'NONE',  ( 20.97499999999999076, -17.60000000000001563, 28.89999999999999503 ) ) ;
#2247 = CARTESIAN_POINT ( 'NONE',  ( -24.51250000000000995, -9.700000000000004619, 12.94999999999998863 ) ) ;
#2248 = ORIENTED_EDGE ( 'NONE', *, *, #2327, .T. ) ;
#2249 = ADVANCED_FACE ( 'NONE', ( #1345, #41 ), #51, .F. ) ;
#2250 = CIRCLE ( 'NONE', #1435, 3.550000000000001155 ) ;
#2251 = ADVANCED_FACE ( 'NONE', ( #2111 ), #394, .T. ) ;
#2252 = VECTOR ( 'NONE', #1017, 1000.000000000000000 ) ;
#2253 = AXIS2_PLACEMENT_3D ( 'NONE', #2384, #276, #513 ) ;
#2254 = DIRECTION ( 'NONE',  ( 1.000000000000000000, 0.000000000000000000, 0.000000000000000000 ) ) ;
#2255 = CARTESIAN_POINT ( 'NONE',  ( 28.07499999999999218, -17.60000000000001563, 28.14999999999999503 ) ) ;
#2256 = DIRECTION ( 'NONE',  ( -0.000000000000000000, -0.000000000000000000, 1.000000000000000000 ) ) ;
#2257 =( GEOMETRIC_REPRESENTATION_CONTEXT ( 3 ) GLOBAL_UNCERTAINTY_ASSIGNED_CONTEXT ( ( #1060 ) ) GLOBAL_UNIT_ASSIGNED_CONTEXT ( ( #333, #2403, #1097 ) ) REPRESENTATION_CONTEXT ( 'NONE', 'WORKASPACE' ) );
#2258 = ORIENTED_EDGE ( 'NONE', *, *, #1756, .T. ) ;
#2259 = CARTESIAN_POINT ( 'NONE',  ( -8.774999999999909761, 11.90784930203598968, -8.374011537024829366 ) ) ;
#2260 = DIRECTION ( 'NONE',  ( 1.000000000000000000, 0.000000000000000000, 0.000000000000000000 ) ) ;
#2261 = EDGE_CURVE ( 'NONE', #1740, #1835, #1562, .T. ) ;
#2262 = DIRECTION ( 'NONE',  ( 0.000000000000000000, -1.000000000000000000, 0.000000000000000000 ) ) ;
#2263 = VERTEX_POINT ( 'NONE', #633 ) ;
#2264 = VERTEX_POINT ( 'NONE', #1380 ) ;
#2265 = DIRECTION ( 'NONE',  ( -0.9392839235729935066, -0.3431409490534798046, 0.000000000000000000 ) ) ;
#2266 = CARTESIAN_POINT ( 'NONE',  ( -13.30570456204282870, -4.667951537024482178, -42.93251095273883777 ) ) ;
#2267 = CARTESIAN_POINT ( 'NONE',  ( 0.000000000000000000, 13.40000000000000036, -42.93251095273883777 ) ) ;
#2268 = AXIS2_PLACEMENT_3D ( 'NONE', #2100, #448, #806 ) ;
#2269 = EDGE_CURVE ( 'NONE', #472, #2309, #15, .T. ) ;
#2270 = VERTEX_POINT ( 'NONE', #1144 ) ;
#2271 = CARTESIAN_POINT ( 'NONE',  ( 24.52499999999999147, -17.60000000000001563, 24.39999999999999503 ) ) ;
#2272 = CARTESIAN_POINT ( 'NONE',  ( 26.42499999999999005, -17.60000000000001563, 24.39999999999999503 ) ) ;
#2273 = DIRECTION ( 'NONE',  ( 0.000000000000000000, 0.000000000000000000, -1.000000000000000000 ) ) ;
#2274 = VERTEX_POINT ( 'NONE', #779 ) ;
#2275 = ORIENTED_EDGE ( 'NONE', *, *, #1908, .T. ) ;
#2276 = CARTESIAN_POINT ( 'NONE',  ( 29.00000000000000000, -5.199999999999993072, -3.000000000000002665 ) ) ;
#2277 = VECTOR ( 'NONE', #1651, 1000.000000000000000 ) ;
#2278 = AXIS2_PLACEMENT_3D ( 'NONE', #1669, #1533, #813 ) ;
#2279 = DIRECTION ( 'NONE',  ( -0.7668107407454598512, -0.6418732646538558573, 0.000000000000000000 ) ) ;
#2280 = FACE_OUTER_BOUND ( 'NONE', #1532, .T. ) ;
#2281 = EDGE_CURVE ( 'NONE', #477, #411, #1526, .T. ) ;
#2282 = ORIENTED_EDGE ( 'NONE', *, *, #2361, .T. ) ;
#2283 = PLANE ( 'NONE',  #1148 ) ;
#2284 = DIRECTION ( 'NONE',  ( -0.9392839235729935066, -0.3431409490534798046, 0.000000000000000000 ) ) ;
#2285 = ORIENTED_EDGE ( 'NONE', *, *, #1597, .F. ) ;
#2286 = DIRECTION ( 'NONE',  ( -0.000000000000000000, -0.000000000000000000, 1.000000000000000000 ) ) ;
#2287 = ORIENTED_EDGE ( 'NONE', *, *, #1507, .F. ) ;
#2288 = ORIENTED_EDGE ( 'NONE', *, *, #2281, .F. ) ;
#2289 = CARTESIAN_POINT ( 'NONE',  ( -3.864579600899062495, -6.693648218653594384, 0.000000000000000000 ) ) ;
#2290 = AXIS2_PLACEMENT_3D ( 'NONE', #789, #251, #2293 ) ;
#2291 = VECTOR ( 'NONE', #2265, 1000.000000000000227 ) ;
#2292 = FACE_OUTER_BOUND ( 'NONE', #1788, .T. ) ;
#2293 = DIRECTION ( 'NONE',  ( 0.000000000000000000, 0.000000000000000000, -1.000000000000000000 ) ) ;
#2294 = ORIENTED_EDGE ( 'NONE', *, *, #1330, .T. ) ;
#2295 = DIRECTION ( 'NONE',  ( 0.9392839235730117142, -0.3431409490534300666, 0.000000000000000000 ) ) ;
#2296 = FACE_OUTER_BOUND ( 'NONE', #159, .T. ) ;
#2297 = EDGE_CURVE ( 'NONE', #607, #564, #112, .T. ) ;
#2298 = ORIENTED_EDGE ( 'NONE', *, *, #1830, .F. ) ;
#2299 =( NAMED_UNIT ( * ) SI_UNIT ( $, .STERADIAN. ) SOLID_ANGLE_UNIT ( ) );
#2300 = ORIENTED_EDGE ( 'NONE', *, *, #1432, .F. ) ;
#2301 = ORIENTED_EDGE ( 'NONE', *, *, #859, .T. ) ;
#2302 = LINE ( 'NONE', #413, #2057 ) ;
#2303 = DIRECTION ( 'NONE',  ( -2.016023975600421011E-16, 1.000000000000000000, -1.232595164407830946E-32 ) ) ;
#2304 = DIRECTION ( 'NONE',  ( -1.000000000000000000, -2.443272501375783973E-16, 0.000000000000000000 ) ) ;
#2305 = ORIENTED_EDGE ( 'NONE', *, *, #2013, .T. ) ;
#2306 = DIRECTION ( 'NONE',  ( -1.156482317317871478E-16, 1.000000000000000000, -0.000000000000000000 ) ) ;
#2307 = CARTESIAN_POINT ( 'NONE',  ( 4.974999999998320988, 11.90784930203709280, 2.299999999999999822 ) ) ;
#2308 = EDGE_CURVE ( 'NONE', #453, #2117, #2150, .T. ) ;
#2309 = VERTEX_POINT ( 'NONE', #121 ) ;
#2310 = FACE_OUTER_BOUND ( 'NONE', #704, .T. ) ;
#2311 = ORIENTED_EDGE ( 'NONE', *, *, #1691, .T. ) ;
#2312 = EDGE_CURVE ( 'NONE', #898, #1068, #268, .T. ) ;
#2313 = ORIENTED_EDGE ( 'NONE', *, *, #156, .T. ) ;
#2314 = DIRECTION ( 'NONE',  ( 0.9392839235730119363, 0.3431409490534294005, 0.000000000000000000 ) ) ;
#2315 = DIRECTION ( 'NONE',  ( 1.000000000000000000, 0.000000000000000000, 0.000000000000000000 ) ) ;
#2316 = AXIS2_PLACEMENT_3D ( 'NONE', #3, #950, #216 ) ;
#2317 = LINE ( 'NONE', #826, #2056 ) ;
#2318 = VECTOR ( 'NONE', #1643, 1000.000000000000000 ) ;
#2319 = ORIENTED_EDGE ( 'NONE', *, *, #2203, .F. ) ;
#2320 = CARTESIAN_POINT ( 'NONE',  ( 11.60474041071213591, -6.699999999998910383, 0.000000000000000000 ) ) ;
#2321 = DIRECTION ( 'NONE',  ( -0.000000000000000000, -1.000000000000000000, -0.000000000000000000 ) ) ;
#2322 = AXIS2_PLACEMENT_3D ( 'NONE', #583, #792, #1895 ) ;
#2323 = ORIENTED_EDGE ( 'NONE', *, *, #2030, .F. ) ;
#2324 = PLANE ( 'NONE',  #1853 ) ;
#2325 = VERTEX_POINT ( 'NONE', #2334 ) ;
#2326 = ORIENTED_EDGE ( 'NONE', *, *, #2107, .T. ) ;
#2327 = EDGE_CURVE ( 'NONE', #1405, #1602, #2138, .T. ) ;
#2328 = EDGE_CURVE ( 'NONE', #446, #126, #1209, .T. ) ;
#2329 = DIRECTION ( 'NONE',  ( 1.000000000000000000, 0.000000000000000000, 0.000000000000000000 ) ) ;
#2330 = DIRECTION ( 'NONE',  ( 1.000000000000000000, 0.000000000000000000, 0.000000000000000000 ) ) ;
#2331 = AXIS2_PLACEMENT_3D ( 'NONE', #630, #1811, #2147 ) ;
#2332 = AXIS2_PLACEMENT_3D ( 'NONE', #1358, #1369, #269 ) ;
#2333 = VERTEX_POINT ( 'NONE', #1609 ) ;
#2334 = CARTESIAN_POINT ( 'NONE',  ( 13.30570456204409702, 4.667951537025174069, 2.299999999999999822 ) ) ;
#2335 = FACE_OUTER_BOUND ( 'NONE', #504, .T. ) ;
#2336 = VECTOR ( 'NONE', #814, 1000.000000000000000 ) ;
#2337 = EDGE_LOOP ( 'NONE', ( #1611, #383, #1909, #1616, #245, #1150, #894, #708, #1784, #1227, #822, #852, #1429, #311, #1237, #1862, #587, #1307, #107, #2123 ) ) ;
#2338 = CARTESIAN_POINT ( 'NONE',  ( -24.51250000000001350, -5.950000000000004619, 12.94999999999998863 ) ) ;
#2339 = LINE ( 'NONE', #2154, #716 ) ;
#2340 = STYLED_ITEM ( 'NONE', ( #1833 ), #1206 ) ;
#2341 = ORIENTED_EDGE ( 'NONE', *, *, #2269, .T. ) ;
#2342 = EDGE_CURVE ( 'NONE', #1312, #1583, #464, .T. ) ;
#2343 = PRODUCT ( '010_002_Front_back_servo_mount_1', '010_002_Front_back_servo_mount_1', '', ( #508 ) ) ;
#2344 = FACE_BOUND ( 'NONE', #687, .T. ) ;
#2345 = ORIENTED_EDGE ( 'NONE', *, *, #1389, .F. ) ;
#2346 = DIRECTION ( 'NONE',  ( -0.000000000000000000, -0.000000000000000000, 1.000000000000000000 ) ) ;
#2347 = DIRECTION ( 'NONE',  ( 1.000000000000000000, 0.000000000000000000, 0.000000000000000000 ) ) ;
#2348 = ORIENTED_EDGE ( 'NONE', *, *, #1174, .F. ) ;
#2349 = DIRECTION ( 'NONE',  ( -1.000000000000000000, -2.443272501375783973E-16, 0.000000000000000000 ) ) ;
#2350 = FACE_BOUND ( 'NONE', #197, .T. ) ;
#2351 = ORIENTED_EDGE ( 'NONE', *, *, #1147, .T. ) ;
#2352 = DIRECTION ( 'NONE',  ( -0.000000000000000000, -0.000000000000000000, 1.000000000000000000 ) ) ;
#2353 = ORIENTED_EDGE ( 'NONE', *, *, #773, .T. ) ;
#2354 = CARTESIAN_POINT ( 'NONE',  ( -3.864579600899062495, -6.693648218653594384, -42.93251095273883777 ) ) ;
#2355 = LINE ( 'NONE', #2206, #1964 ) ;
#2356 = ORIENTED_EDGE ( 'NONE', *, *, #1943, .T. ) ;
#2357 = VECTOR ( 'NONE', #1847, 1000.000000000000000 ) ;
#2358 = LINE ( 'NONE', #866, #1615 ) ;
#2359 = AXIS2_PLACEMENT_3D ( 'NONE', #1290, #908, #1657 ) ;
#2360 = DIRECTION ( 'NONE',  ( 1.156482317317871478E-16, -1.000000000000000000, 0.000000000000000000 ) ) ;
#2361 = EDGE_CURVE ( 'NONE', #627, #2014, #1050, .T. ) ;
#2362 = ORIENTED_EDGE ( 'NONE', *, *, #1129, .T. ) ;
#2363 = CARTESIAN_POINT ( 'NONE',  ( -7.729159201799991052, -3.485303408726214691E-13, 0.000000000000000000 ) ) ;
#2364 = FACE_OUTER_BOUND ( 'NONE', #1009, .T. ) ;
#2365 = EDGE_LOOP ( 'NONE', ( #764, #1501, #537, #782 ) ) ;
#2366 = CARTESIAN_POINT ( 'NONE',  ( -24.52500000000000568, -17.60000000000000497, 28.14999999999999503 ) ) ;
#2367 = VECTOR ( 'NONE', #1998, 1000.000000000000000 ) ;
#2368 = AXIS2_PLACEMENT_3D ( 'NONE', #1548, #459, #277 ) ;
#2369 = AXIS2_PLACEMENT_3D ( 'NONE', #940, #1687, #724 ) ;
#2370 = ORIENTED_EDGE ( 'NONE', *, *, #188, .T. ) ;
#2371 = DIRECTION ( 'NONE',  ( -1.000000000000000000, 0.000000000000000000, 0.000000000000000000 ) ) ;
#2372 = FACE_OUTER_BOUND ( 'NONE', #40, .T. ) ;
#2373 = ADVANCED_FACE ( 'NONE', ( #843 ), #1588, .F. ) ;
#2374 = CARTESIAN_POINT ( 'NONE',  ( 24.00000000000003908, -30.00000000000000000, 13.84999999999999076 ) ) ;
#2375 = ORIENTED_EDGE ( 'NONE', *, *, #1930, .F. ) ;
#2376 = LINE ( 'NONE', #1436, #241 ) ;
#2377 = LINE ( 'NONE', #1269, #533 ) ;
#2378 = EDGE_LOOP ( 'NONE', ( #1419, #848, #1715, #2143 ) ) ;
#2379 = DIRECTION ( 'NONE',  ( -0.000000000000000000, -0.000000000000000000, 1.000000000000000000 ) ) ;
#2380 = ADVANCED_FACE ( 'NONE', ( #487 ), #679, .F. ) ;
#2381 = ORIENTED_EDGE ( 'NONE', *, *, #316, .F. ) ;
#2382 = CARTESIAN_POINT ( 'NONE',  ( 6.624999999999895195, -11.47483660014370344, -3.000000000000000000 ) ) ;
#2383 = CARTESIAN_POINT ( 'NONE',  ( 10.69541689571983589, 9.189102397469193662, 2.299999999999999822 ) ) ;
#2384 = CARTESIAN_POINT ( 'NONE',  ( 11.60474041071213591, -6.699999999998910383, 0.000000000000000000 ) ) ;
#2385 = ORIENTED_EDGE ( 'NONE', *, *, #1780, .F. ) ;
#2386 = AXIS2_PLACEMENT_3D ( 'NONE', #899, #694, #290 ) ;
#2387 = DIRECTION ( 'NONE',  ( 0.000000000000000000, 0.000000000000000000, 1.000000000000000000 ) ) ;
#2388 = CARTESIAN_POINT ( 'NONE',  ( -23.99999999999996092, -20.99999999999999645, 16.59999999999991616 ) ) ;
#2389 = ORIENTED_EDGE ( 'NONE', *, *, #1472, .T. ) ;
#2390 = DIRECTION ( 'NONE',  ( -0.000000000000000000, -0.000000000000000000, 1.000000000000000000 ) ) ;
#2391 = EDGE_CURVE ( 'NONE', #1080, #393, #1959, .T. ) ;
#2392 = VERTEX_POINT ( 'NONE', #1427 ) ;
#2393 = CARTESIAN_POINT ( 'NONE',  ( 7.729159201800657186, 1.055159106790048984E-12, 2.299999999999999822 ) ) ;
#2394 = DIRECTION ( 'NONE',  ( -1.000000000000000000, 0.000000000000000000, 0.000000000000000000 ) ) ;
#2395 = AXIS2_PLACEMENT_3D ( 'NONE', #1627, #1638, #2187 ) ;
#2396 = CIRCLE ( 'NONE', #439, 1.899999999999098632 ) ;
#2397 = AXIS2_PLACEMENT_3D ( 'NONE', #346, #761, #1471 ) ;
#2398 = DIRECTION ( 'NONE',  ( 0.000000000000000000, 0.000000000000000000, 1.000000000000000000 ) ) ;
#2399 = ORIENTED_EDGE ( 'NONE', *, *, #1830, .T. ) ;
#2400 = LINE ( 'NONE', #921, #600 ) ;
#2401 = CARTESIAN_POINT ( 'NONE',  ( 20.00000000000000355, -20.19999999999999574, -3.000000000000002665 ) ) ;
#2402 = ORIENTED_EDGE ( 'NONE', *, *, #476, .T. ) ;
#2403 =( NAMED_UNIT ( * ) PLANE_ANGLE_UNIT ( ) SI_UNIT ( $, .RADIAN. ) );
#2404 = FACE_OUTER_BOUND ( 'NONE', #1604, .T. ) ;
#2405 = VERTEX_POINT ( 'NONE', #1235 ) ;
#2406 = CYLINDRICAL_SURFACE ( 'NONE', #1695, 2.749999999999931166 ) ;
#2407 = DIRECTION ( 'NONE',  ( -2.016023975600421011E-16, 1.000000000000000000, -1.232595164407830946E-32 ) ) ;
#2408 = VECTOR ( 'NONE', #1317, 1000.000000000000000 ) ;
#2409 = CARTESIAN_POINT ( 'NONE',  ( -24.52500000000000568, -17.60000000000000497, 28.14999999999999503 ) ) ;
#2410 = ORIENTED_EDGE ( 'NONE', *, *, #335, .T. ) ;
#2411 = FACE_OUTER_BOUND ( 'NONE', #1986, .T. ) ;
#2412 = EDGE_CURVE ( 'NONE', #2076, #1252, #1326, .T. ) ;
#2413 = CARTESIAN_POINT ( 'NONE',  ( -13.30570456204282870, -4.667951537024481290, 0.000000000000000000 ) ) ;
#2414 = DIRECTION ( 'NONE',  ( -0.000000000000000000, -0.000000000000000000, 1.000000000000000000 ) ) ;
ENDSEC;
END-ISO-10303-21;
