ISO-10303-21;
HEADER;
FILE_DESCRIPTION (( 'STEP AP214' ),
    '1' );
FILE_NAME ('010_004_Bearing_mount_1.STEP',
    '2024-07-21T08:33:12',
    ( '' ),
    ( '' ),
    'SwSTEP 2.0',
    'SolidWorks 2019',
    '' );
FILE_SCHEMA (( 'AUTOMOTIVE_DESIGN' ));
ENDSEC;

DATA;
#1 = ORIENTED_EDGE ( 'NONE', *, *, #846, .T. ) ;
#2 = DIRECTION ( 'NONE',  ( -1.000000000000000000, -1.060992951667772917E-16, 0.000000000000000000 ) ) ;
#3 =( GEOMETRIC_REPRESENTATION_CONTEXT ( 3 ) GLOBAL_UNCERTAINTY_ASSIGNED_CONTEXT ( ( #996 ) ) GLOBAL_UNIT_ASSIGNED_CONTEXT ( ( #782, #1102, #1312 ) ) REPRESENTATION_CONTEXT ( 'NONE', 'WORKASPACE' ) );
#4 = AXIS2_PLACEMENT_3D ( 'NONE', #745, #1292, #50 ) ;
#5 = AXIS2_PLACEMENT_3D ( 'NONE', #1351, #2, #803 ) ;
#6 = VECTOR ( 'NONE', #763, 1000.000000000000000 ) ;
#7 = EDGE_CURVE ( 'NONE', #873, #1162, #263, .T. ) ;
#8 = DIRECTION ( 'NONE',  ( 6.921589929084517392E-16, -1.000000000000000000, 0.000000000000000000 ) ) ;
#9 = CARTESIAN_POINT ( 'NONE',  ( 0.000000000000000000, 0.000000000000000000, 0.000000000000000000 ) ) ;
#10 =( GEOMETRIC_REPRESENTATION_CONTEXT ( 3 ) GLOBAL_UNCERTAINTY_ASSIGNED_CONTEXT ( ( #1432 ) ) GLOBAL_UNIT_ASSIGNED_CONTEXT ( ( #872, #468, #694 ) ) REPRESENTATION_CONTEXT ( 'NONE', 'WORKASPACE' ) );
#11 = EDGE_CURVE ( 'NONE', #297, #115, #185, .T. ) ;
#12 = ORIENTED_EDGE ( 'NONE', *, *, #302, .T. ) ;
#13 = CARTESIAN_POINT ( 'NONE',  ( 3.250000000000003109, -24.52500000000001990, 3.000000000000000000 ) ) ;
#14 = VERTEX_POINT ( 'NONE', #381 ) ;
#15 = CARTESIAN_POINT ( 'NONE',  ( -38.70000000000027285, 9.860000000000017195, -10.04999999999999005 ) ) ;
#16 = CARTESIAN_POINT ( 'NONE',  ( -34.70000000000027995, 9.860000000000018971, -10.04999999999999005 ) ) ;
#17 = ORIENTED_EDGE ( 'NONE', *, *, #1414, .F. ) ;
#18 = ADVANCED_FACE ( 'NONE', ( #490 ), #349, .T. ) ;
#19 = EDGE_LOOP ( 'NONE', ( #190, #340 ) ) ;
#20 = DIRECTION ( 'NONE',  ( -6.921589929084517392E-16, 1.000000000000000000, 0.000000000000000000 ) ) ;
#21 = CYLINDRICAL_SURFACE ( 'NONE', #938, 3.249999999999940492 ) ;
#22 = PLANE ( 'NONE',  #1146 ) ;
#23 = DIRECTION ( 'NONE',  ( 6.921589929084517392E-16, -1.000000000000000000, 0.000000000000000000 ) ) ;
#24 = VERTEX_POINT ( 'NONE', #131 ) ;
#25 = FACE_OUTER_BOUND ( 'NONE', #918, .T. ) ;
#26 = EDGE_CURVE ( 'NONE', #371, #170, #1354, .T. ) ;
#27 = VERTEX_POINT ( 'NONE', #1015 ) ;
#28 = AXIS2_PLACEMENT_3D ( 'NONE', #9, #456, #1342 ) ;
#29 = VECTOR ( 'NONE', #1276, 1000.000000000000000 ) ;
#30 = CARTESIAN_POINT ( 'NONE',  ( -12.39999999999999858, -26.26250000000007034, -15.95000000000000639 ) ) ;
#31 = VECTOR ( 'NONE', #130, 1000.000000000000000 ) ;
#32 = VECTOR ( 'NONE', #896, 1000.000000000000000 ) ;
#33 = LINE ( 'NONE', #491, #825 ) ;
#34 = VERTEX_POINT ( 'NONE', #797 ) ;
#35 = CARTESIAN_POINT ( 'NONE',  ( -8.050000000000011369, -3.167270996756291234E-15, 6.000000000000000000 ) ) ;
#36 = EDGE_CURVE ( 'NONE', #1362, #27, #242, .T. ) ;
#37 = CARTESIAN_POINT ( 'NONE',  ( -17.39999999999999147, -20.05000000000005045, -31.89999999999999858 ) ) ;
#38 = ORIENTED_EDGE ( 'NONE', *, *, #1324, .F. ) ;
#39 = DIRECTION ( 'NONE',  ( -0.000000000000000000, -0.000000000000000000, -1.000000000000000000 ) ) ;
#40 = ORIENTED_EDGE ( 'NONE', *, *, #1006, .F. ) ;
#41 = CARTESIAN_POINT ( 'NONE',  ( -38.70000000000027995, 23.04999999999994742, -10.04999999999999005 ) ) ;
#42 = VERTEX_POINT ( 'NONE', #1132 ) ;
#43 = PLANE ( 'NONE',  #121 ) ;
#44 = ADVANCED_FACE ( 'NONE', ( #579, #1019 ), #22, .F. ) ;
#45 = DIRECTION ( 'NONE',  ( -1.000000000000000000, 0.000000000000000000, 0.000000000000000000 ) ) ;
#46 = EDGE_LOOP ( 'NONE', ( #1082, #469, #272, #345 ) ) ;
#47 = CARTESIAN_POINT ( 'NONE',  ( -17.39999999999999147, -20.05000000000004690, 3.469446951953614189E-14 ) ) ;
#48 = CARTESIAN_POINT ( 'NONE',  ( -12.39999999999999858, -20.05000000000005045, -41.33941205796202922 ) ) ;
#49 = AXIS2_PLACEMENT_3D ( 'NONE', #753, #423, #335 ) ;
#50 = DIRECTION ( 'NONE',  ( 1.000000000000000000, 0.000000000000000000, 0.000000000000000000 ) ) ;
#51 = CARTESIAN_POINT ( 'NONE',  ( -1.750000000000063727, -24.52500000000001634, 3.000000000000000000 ) ) ;
#52 = AXIS2_PLACEMENT_3D ( 'NONE', #16, #806, #246 ) ;
#53 = EDGE_CURVE ( 'NONE', #160, #222, #377, .T. ) ;
#54 = AXIS2_PLACEMENT_3D ( 'NONE', #742, #290, #1180 ) ;
#55 = EDGE_LOOP ( 'NONE', ( #993, #508, #300, #452 ) ) ;
#56 = CARTESIAN_POINT ( 'NONE',  ( -17.39999999999999503, -3.144483163363840943E-15, 0.000000000000000000 ) ) ;
#57 = CARTESIAN_POINT ( 'NONE',  ( -34.69999999999998863, -10.37255995403532616, 5.999999999999998224 ) ) ;
#58 = FACE_OUTER_BOUND ( 'NONE', #944, .T. ) ;
#59 = DIRECTION ( 'NONE',  ( 0.000000000000000000, -0.000000000000000000, -1.000000000000000000 ) ) ;
#60 = ORIENTED_EDGE ( 'NONE', *, *, #224, .F. ) ;
#61 = DIRECTION ( 'NONE',  ( 1.000000000000000000, 0.000000000000000000, 0.000000000000000000 ) ) ;
#62 = ADVANCED_FACE ( 'NONE', ( #585 ), #411, .F. ) ;
#63 = ORIENTED_EDGE ( 'NONE', *, *, #1108, .F. ) ;
#64 = CYLINDRICAL_SURFACE ( 'NONE', #773, 9.550000000000036238 ) ;
#65 = LINE ( 'NONE', #1284, #940 ) ;
#66 = ORIENTED_EDGE ( 'NONE', *, *, #182, .T. ) ;
#67 = DIRECTION ( 'NONE',  ( -1.000000000000000000, 0.000000000000000000, 0.000000000000000000 ) ) ;
#68 = EDGE_CURVE ( 'NONE', #1435, #142, #1182, .T. ) ;
#69 = EDGE_LOOP ( 'NONE', ( #1343, #883, #974, #1024 ) ) ;
#70 = EDGE_CURVE ( 'NONE', #42, #550, #402, .T. ) ;
#71 = LINE ( 'NONE', #948, #29 ) ;
#72 = LINE ( 'NONE', #1062, #727 ) ;
#73 = AXIS2_PLACEMENT_3D ( 'NONE', #968, #636, #173 ) ;
#74 = VERTEX_POINT ( 'NONE', #1078 ) ;
#75 =( GEOMETRIC_REPRESENTATION_CONTEXT ( 3 ) GLOBAL_UNCERTAINTY_ASSIGNED_CONTEXT ( ( #503 ) ) GLOBAL_UNIT_ASSIGNED_CONTEXT ( ( #999, #217, #1323 ) ) REPRESENTATION_CONTEXT ( 'NONE', 'WORKASPACE' ) );
#76 = VECTOR ( 'NONE', #461, 1000.000000000000000 ) ;
#77 = CARTESIAN_POINT ( 'NONE',  ( -17.60000000000004761, -4.336808689942017736E-15, 6.000000000000000000 ) ) ;
#78 = VECTOR ( 'NONE', #20, 1000.000000000000000 ) ;
#79 = CIRCLE ( 'NONE', #189, 13.18999999999993022 ) ;
#80 = EDGE_CURVE ( 'NONE', #1094, #297, #71, .T. ) ;
#81 = CARTESIAN_POINT ( 'NONE',  ( -32.75784930203626999, -6.875000000000231815, -20.10000000000000142 ) ) ;
#82 = CARTESIAN_POINT ( 'NONE',  ( -17.39999999999999147, -20.05000000000005045, -31.89999999999999858 ) ) ;
#83 = VERTEX_POINT ( 'NONE', #1387 ) ;
#84 = CARTESIAN_POINT ( 'NONE',  ( 1.750000000000007105, 24.52499999999999503, 3.000000000000000000 ) ) ;
#85 = EDGE_LOOP ( 'NONE', ( #506, #1315, #964, #552 ) ) ;
#86 = PLANE ( 'NONE',  #354 ) ;
#87 = DIRECTION ( 'NONE',  ( -0.000000000000000000, -0.000000000000000000, 1.000000000000000000 ) ) ;
#88 = ORIENTED_EDGE ( 'NONE', *, *, #750, .F. ) ;
#89 = CARTESIAN_POINT ( 'NONE',  ( 3.469446951953614189E-15, -24.52500000000001990, 3.000000000000000000 ) ) ;
#90 = ORIENTED_EDGE ( 'NONE', *, *, #661, .T. ) ;
#91 = LINE ( 'NONE', #1083, #451 ) ;
#92 = CARTESIAN_POINT ( 'NONE',  ( -15.39999999999999147, -24.51250000000002061, -15.95000000000000639 ) ) ;
#93 = CARTESIAN_POINT ( 'NONE',  ( -12.39999999999999858, -29.00000000000000355, -31.89999999999999858 ) ) ;
#94 = ORIENTED_EDGE ( 'NONE', *, *, #282, .F. ) ;
#95 = CARTESIAN_POINT ( 'NONE',  ( -32.75784930203626999, -6.875000000000231815, -22.10000000000000142 ) ) ;
#96 = EDGE_CURVE ( 'NONE', #1134, #812, #962, .T. ) ;
#97 = ORIENTED_EDGE ( 'NONE', *, *, #26, .T. ) ;
#98 = DIRECTION ( 'NONE',  ( -1.000000000000000000, -6.921589929084518378E-16, 0.000000000000000000 ) ) ;
#99 = CIRCLE ( 'NONE', #1335, 3.249999999999944045 ) ;
#100 = CARTESIAN_POINT ( 'NONE',  ( -3.122502256758252770E-14, -24.52500000000001634, 3.000000000000000000 ) ) ;
#101 = ORIENTED_EDGE ( 'NONE', *, *, #795, .F. ) ;
#102 = DIRECTION ( 'NONE',  ( -1.000000000000000000, -6.921589929084518378E-16, 0.000000000000000000 ) ) ;
#103 = ORIENTED_EDGE ( 'NONE', *, *, #1238, .T. ) ;
#104 = CYLINDRICAL_SURFACE ( 'NONE', #519, 13.18999999999992845 ) ;
#105 = EDGE_CURVE ( 'NONE', #812, #1409, #1047, .T. ) ;
#106 = CARTESIAN_POINT ( 'NONE',  ( -34.70000000000027995, 9.860000000000018971, -10.04999999999999005 ) ) ;
#107 = ORIENTED_EDGE ( 'NONE', *, *, #795, .T. ) ;
#108 = FILL_AREA_STYLE_COLOUR ( '', #680 ) ;
#109 = ORIENTED_EDGE ( 'NONE', *, *, #141, .F. ) ;
#110 = CARTESIAN_POINT ( 'NONE',  ( -29.50784930203744949, 6.874999999998005151, -22.10000000000000142 ) ) ;
#111 = ADVANCED_FACE ( 'NONE', ( #525 ), #1393, .T. ) ;
#112 = ADVANCED_FACE ( 'NONE', ( #498 ), #1407, .F. ) ;
#113 = CARTESIAN_POINT ( 'NONE',  ( -12.39999999999999680, 28.99999999999999645, 0.000000000000000000 ) ) ;
#114 = SURFACE_STYLE_FILL_AREA ( #891 ) ;
#115 = VERTEX_POINT ( 'NONE', #81 ) ;
#116 = CARTESIAN_POINT ( 'NONE',  ( -34.69999999999998863, -10.37255995403532616, 23.85085000338218464 ) ) ;
#117 = ORIENTED_EDGE ( 'NONE', *, *, #785, .T. ) ;
#118 = FACE_OUTER_BOUND ( 'NONE', #1420, .T. ) ;
#119 = STYLED_ITEM ( 'NONE', ( #127 ), #1158 ) ;
#120 = AXIS2_PLACEMENT_3D ( 'NONE', #517, #1176, #967 ) ;
#121 = AXIS2_PLACEMENT_3D ( 'NONE', #972, #488, #604 ) ;
#122 = VECTOR ( 'NONE', #858, 1000.000000000000000 ) ;
#123 = DIRECTION ( 'NONE',  ( 0.000000000000000000, 0.000000000000000000, 1.000000000000000000 ) ) ;
#124 = EDGE_CURVE ( 'NONE', #34, #464, #701, .T. ) ;
#125 = VECTOR ( 'NONE', #943, 1000.000000000000000 ) ;
#126 = DIRECTION ( 'NONE',  ( 1.000000000000000000, 6.921589929084518378E-16, -0.000000000000000000 ) ) ;
#127 = PRESENTATION_STYLE_ASSIGNMENT (( #1126 ) ) ;
#128 = VERTEX_POINT ( 'NONE', #395 ) ;
#129 = DIRECTION ( 'NONE',  ( -1.000000000000000000, -1.060992951667772917E-16, 0.000000000000000000 ) ) ;
#130 = DIRECTION ( 'NONE',  ( -0.000000000000000000, -0.000000000000000000, -1.000000000000000000 ) ) ;
#131 = CARTESIAN_POINT ( 'NONE',  ( -34.70000000000027285, 0.3099999999999821787, -10.04999999999998828 ) ) ;
#132 = CARTESIAN_POINT ( 'NONE',  ( -34.70000000000028706, 20.04999999999993676, 6.000000000000000000 ) ) ;
#133 = ORIENTED_EDGE ( 'NONE', *, *, #875, .F. ) ;
#134 = DIRECTION ( 'NONE',  ( 0.000000000000000000, 0.000000000000000000, 1.000000000000000000 ) ) ;
#135 = ORIENTED_EDGE ( 'NONE', *, *, #1406, .F. ) ;
#136 = CARTESIAN_POINT ( 'NONE',  ( -12.39999999999999858, -20.05000000000005045, -31.89999999999999858 ) ) ;
#137 = DIRECTION ( 'NONE',  ( -1.000000000000000000, 0.000000000000000000, -0.000000000000000000 ) ) ;
#138 = LINE ( 'NONE', #1371, #638 ) ;
#139 = ORIENTED_EDGE ( 'NONE', *, *, #347, .F. ) ;
#140 = CARTESIAN_POINT ( 'NONE',  ( 12.40000000000000391, 28.99999999999999645, 0.000000000000000000 ) ) ;
#141 = EDGE_CURVE ( 'NONE', #1049, #265, #425, .T. ) ;
#142 = VERTEX_POINT ( 'NONE', #183 ) ;
#143 = VECTOR ( 'NONE', #562, 1000.000000000000227 ) ;
#144 = CARTESIAN_POINT ( 'NONE',  ( 12.40000000000000924, -29.00000000000000355, 3.000000000000000000 ) ) ;
#145 = CARTESIAN_POINT ( 'NONE',  ( -29.50784930203633749, -6.875000000000231815, -20.10000000000000142 ) ) ;
#146 = VECTOR ( 'NONE', #792, 1000.000000000000000 ) ;
#147 = DIRECTION ( 'NONE',  ( 1.000000000000000000, 0.000000000000000000, 0.000000000000000000 ) ) ;
#148 = ORIENTED_EDGE ( 'NONE', *, *, #1086, .F. ) ;
#149 = DIRECTION ( 'NONE',  ( -0.000000000000000000, -0.000000000000000000, -1.000000000000000000 ) ) ;
#150 = EDGE_CURVE ( 'NONE', #1389, #27, #1027, .T. ) ;
#151 = ORIENTED_EDGE ( 'NONE', *, *, #946, .F. ) ;
#152 = CARTESIAN_POINT ( 'NONE',  ( -15.39999999999998970, -24.51250000000002061, -15.94999999999995310 ) ) ;
#153 = LINE ( 'NONE', #132, #1329 ) ;
#154 = ORIENTED_EDGE ( 'NONE', *, *, #1336, .T. ) ;
#155 = DIRECTION ( 'NONE',  ( -1.000000000000000000, 0.000000000000000000, 0.000000000000000000 ) ) ;
#156 = FACE_OUTER_BOUND ( 'NONE', #1236, .T. ) ;
#157 = EDGE_CURVE ( 'NONE', #977, #1369, #1270, .T. ) ;
#158 = CARTESIAN_POINT ( 'NONE',  ( -12.39999999999999858, -22.76249999999997087, -15.95000000000000639 ) ) ;
#159 = PLANE ( 'NONE',  #540 ) ;
#160 = VERTEX_POINT ( 'NONE', #270 ) ;
#161 = FACE_BOUND ( 'NONE', #487, .T. ) ;
#162 = DIRECTION ( 'NONE',  ( 0.000000000000000000, -0.000000000000000000, 1.000000000000000000 ) ) ;
#163 = AXIS2_PLACEMENT_3D ( 'NONE', #688, #818, #828 ) ;
#164 = VECTOR ( 'NONE', #722, 1000.000000000000000 ) ;
#165 = ADVANCED_FACE ( 'NONE', ( #839 ), #504, .T. ) ;
#166 = CARTESIAN_POINT ( 'NONE',  ( -17.60000000000004761, -6.938893903907228378E-15, -31.89999999999999858 ) ) ;
#167 = FACE_OUTER_BOUND ( 'NONE', #1304, .T. ) ;
#168 = CIRCLE ( 'NONE', #1263, 3.249999999999944045 ) ;
#169 = AXIS2_PLACEMENT_3D ( 'NONE', #1022, #919, #1361 ) ;
#170 = VERTEX_POINT ( 'NONE', #158 ) ;
#171 = DIRECTION ( 'NONE',  ( -0.000000000000000000, -0.000000000000000000, 1.000000000000000000 ) ) ;
#172 = DIRECTION ( 'NONE',  ( 1.000000000000000000, 0.000000000000000000, 0.000000000000000000 ) ) ;
#173 = DIRECTION ( 'NONE',  ( 0.000000000000000000, -1.000000000000000000, 0.000000000000000000 ) ) ;
#174 = EDGE_LOOP ( 'NONE', ( #480, #1229 ) ) ;
#175 = CARTESIAN_POINT ( 'NONE',  ( -38.70000000000027285, 9.860000000000017195, -10.04999999999999005 ) ) ;
#176 = ORIENTED_EDGE ( 'NONE', *, *, #209, .F. ) ;
#177 = CARTESIAN_POINT ( 'NONE',  ( -7.450252531694022906, -24.51250000000002061, -15.95000000000000639 ) ) ;
#178 = LINE ( 'NONE', #1394, #799 ) ;
#179 = ORIENTED_EDGE ( 'NONE', *, *, #864, .F. ) ;
#180 = CARTESIAN_POINT ( 'NONE',  ( 1.387778780781445676E-14, 24.52499999999997726, 6.000000000000000000 ) ) ;
#181 = EDGE_LOOP ( 'NONE', ( #1385, #1002, #602, #1296 ) ) ;
#182 = EDGE_CURVE ( 'NONE', #1220, #977, #1283, .T. ) ;
#183 = CARTESIAN_POINT ( 'NONE',  ( -17.39999999999999147, -29.00000000000000355, -31.89999999999999858 ) ) ;
#184 = PLANE ( 'NONE',  #1196 ) ;
#185 = CIRCLE ( 'NONE', #868, 3.249999999999933387 ) ;
#186 = ORIENTED_EDGE ( 'NONE', *, *, #997, .T. ) ;
#187 = AXIS2_PLACEMENT_3D ( 'NONE', #1244, #771, #655 ) ;
#188 = LINE ( 'NONE', #624, #570 ) ;
#189 = AXIS2_PLACEMENT_3D ( 'NONE', #344, #102, #673 ) ;
#190 = ORIENTED_EDGE ( 'NONE', *, *, #1308, .F. ) ;
#191 = DIRECTION ( 'NONE',  ( -1.000000000000000000, -1.060992951667772917E-16, -0.000000000000000000 ) ) ;
#192 = AXIS2_PLACEMENT_3D ( 'NONE', #813, #463, #1255 ) ;
#193 = EDGE_CURVE ( 'NONE', #1306, #42, #1055, .T. ) ;
#194 = CARTESIAN_POINT ( 'NONE',  ( 1.750000000000007105, 24.52499999999999503, -4.949747468305953468 ) ) ;
#195 = DIRECTION ( 'NONE',  ( 0.000000000000000000, 0.000000000000000000, 1.000000000000000000 ) ) ;
#196 = VERTEX_POINT ( 'NONE', #388 ) ;
#197 = FACE_OUTER_BOUND ( 'NONE', #69, .T. ) ;
#198 = EDGE_LOOP ( 'NONE', ( #783, #695, #971, #521 ) ) ;
#199 = CARTESIAN_POINT ( 'NONE',  ( -7.450252531694022906, -24.51250000000002061, -15.95000000000000639 ) ) ;
#200 = CARTESIAN_POINT ( 'NONE',  ( 1.387778780781445676E-14, 24.52499999999997726, 3.000000000000000000 ) ) ;
#201 = PRODUCT_CONTEXT ( 'NONE', #228, 'mechanical' ) ;
#202 = ADVANCED_FACE ( 'NONE', ( #58 ), #64, .F. ) ;
#203 = EDGE_LOOP ( 'NONE', ( #255, #1441, #559, #316, #512 ) ) ;
#204 = CARTESIAN_POINT ( 'NONE',  ( -12.39999999999999680, 28.99999999999999645, 6.000000000000000000 ) ) ;
#205 = ORIENTED_EDGE ( 'NONE', *, *, #274, .F. ) ;
#206 = DIRECTION ( 'NONE',  ( -0.000000000000000000, -0.000000000000000000, 1.000000000000000000 ) ) ;
#207 = CARTESIAN_POINT ( 'NONE',  ( 3.250000000000013767, 24.52499999999997726, 3.000000000000000000 ) ) ;
#208 = DIRECTION ( 'NONE',  ( 1.000000000000000000, 6.921589929084518378E-16, -0.000000000000000000 ) ) ;
#209 = EDGE_CURVE ( 'NONE', #1049, #1339, #1217, .T. ) ;
#210 = ORIENTED_EDGE ( 'NONE', *, *, #589, .T. ) ;
#211 = CARTESIAN_POINT ( 'NONE',  ( -17.60000000000173515, 8.526165884426006869E-13, 23.85085000338218464 ) ) ;
#212 = ORIENTED_EDGE ( 'NONE', *, *, #482, .F. ) ;
#213 = CARTESIAN_POINT ( 'NONE',  ( -29.50784930203633749, -6.875000000000231815, -22.10000000000000142 ) ) ;
#214 = AXIS2_PLACEMENT_3D ( 'NONE', #1239, #241, #811 ) ;
#215 = VECTOR ( 'NONE', #842, 1000.000000000000000 ) ;
#216 = DIRECTION ( 'NONE',  ( -1.000000000000000000, -6.921589929084518378E-16, 0.000000000000000000 ) ) ;
#217 =( NAMED_UNIT ( * ) PLANE_ANGLE_UNIT ( ) SI_UNIT ( $, .RADIAN. ) );
#218 = PRODUCT ( '010_004_Bearing_mount_1', '010_004_Bearing_mount_1', '', ( #201 ) ) ;
#219 = ORIENTED_EDGE ( 'NONE', *, *, #617, .T. ) ;
#220 = DIRECTION ( 'NONE',  ( -5.260723202355773974E-16, 1.000000000000000000, 0.000000000000000000 ) ) ;
#221 = ADVANCED_FACE ( 'NONE', ( #882 ), #1109, .F. ) ;
#222 = VERTEX_POINT ( 'NONE', #1322 ) ;
#223 = DIRECTION ( 'NONE',  ( 0.000000000000000000, 0.000000000000000000, -1.000000000000000000 ) ) ;
#224 = EDGE_CURVE ( 'NONE', #576, #74, #1260, .T. ) ;
#225 = DIRECTION ( 'NONE',  ( -1.000000000000000000, 0.000000000000000000, 0.000000000000000000 ) ) ;
#226 = ORIENTED_EDGE ( 'NONE', *, *, #1093, .T. ) ;
#227 = PLANE ( 'NONE',  #571 ) ;
#228 = APPLICATION_CONTEXT ( 'automotive_design' ) ;
#229 = EDGE_LOOP ( 'NONE', ( #324, #1245, #639, #741 ) ) ;
#230 = LINE ( 'NONE', #1438, #682 ) ;
#231 = EDGE_CURVE ( 'NONE', #663, #1350, #1121, .T. ) ;
#232 = CARTESIAN_POINT ( 'NONE',  ( -1.750000000000063727, -24.52500000000001634, 0.000000000000000000 ) ) ;
#233 = SHAPE_DEFINITION_REPRESENTATION ( #417, #713 ) ;
#234 = CARTESIAN_POINT ( 'NONE',  ( -12.39999999999999858, -24.51250000000002061, -15.95000000000000639 ) ) ;
#235 = DIRECTION ( 'NONE',  ( 1.000000000000000000, 0.000000000000000000, 0.000000000000000000 ) ) ;
#236 = VERTEX_POINT ( 'NONE', #1440 ) ;
#237 = CARTESIAN_POINT ( 'NONE',  ( -15.39999999999999147, -26.26250000000007034, -15.95000000000000639 ) ) ;
#238 = VECTOR ( 'NONE', #39, 1000.000000000000000 ) ;
#239 = VECTOR ( 'NONE', #1297, 1000.000000000000000 ) ;
#240 = CIRCLE ( 'NONE', #1219, 3.250000000000000000 ) ;
#241 = DIRECTION ( 'NONE',  ( -1.000000000000000000, -6.921589929084518378E-16, 0.000000000000000000 ) ) ;
#242 = LINE ( 'NONE', #687, #657 ) ;
#243 = FACE_OUTER_BOUND ( 'NONE', #928, .T. ) ;
#244 = ORIENTED_EDGE ( 'NONE', *, *, #141, .T. ) ;
#245 = CARTESIAN_POINT ( 'NONE',  ( -26.25784930203750989, 6.874999999998005151, -20.10000000000000142 ) ) ;
#246 = DIRECTION ( 'NONE',  ( 7.265857491002304928E-16, -1.000000000000000000, 0.000000000000000000 ) ) ;
#247 = ADVANCED_FACE ( 'NONE', ( #1085 ), #555, .F. ) ;
#248 = DIRECTION ( 'NONE',  ( -1.000000000000000000, -6.921589929084518378E-16, 0.000000000000000000 ) ) ;
#249 = DIRECTION ( 'NONE',  ( -1.000000000000000000, -6.921589929084517392E-16, 0.000000000000000000 ) ) ;
#250 = VERTEX_POINT ( 'NONE', #1427 ) ;
#251 = DIRECTION ( 'NONE',  ( 0.000000000000000000, -1.000000000000000000, 0.000000000000000000 ) ) ;
#252 = EDGE_LOOP ( 'NONE', ( #905, #1301, #535, #448, #1327, #1156, #1106 ) ) ;
#253 = CARTESIAN_POINT ( 'NONE',  ( -19.70000000000001350, 23.04999999999994387, -22.10000000000000142 ) ) ;
#254 = ADVANCED_FACE ( 'NONE', ( #973, #327 ), #761, .T. ) ;
#255 = ORIENTED_EDGE ( 'NONE', *, *, #1084, .T. ) ;
#256 = DIRECTION ( 'NONE',  ( -1.000000000000000000, 0.000000000000000000, 0.000000000000000000 ) ) ;
#257 = ORIENTED_EDGE ( 'NONE', *, *, #581, .F. ) ;
#258 = VECTOR ( 'NONE', #389, 1000.000000000000000 ) ;
#259 = VECTOR ( 'NONE', #1311, 1000.000000000000000 ) ;
#260 = AXIS2_PLACEMENT_3D ( 'NONE', #110, #223, #669 ) ;
#261 = DIRECTION ( 'NONE',  ( -1.730397482271129348E-16, -1.000000000000000000, 0.000000000000000000 ) ) ;
#262 = VECTOR ( 'NONE', #551, 1000.000000000000000 ) ;
#263 = LINE ( 'NONE', #709, #916 ) ;
#264 = AXIS2_PLACEMENT_3D ( 'NONE', #89, #536, #852 ) ;
#265 = VERTEX_POINT ( 'NONE', #445 ) ;
#266 = LINE ( 'NONE', #47, #614 ) ;
#267 = ORIENTED_EDGE ( 'NONE', *, *, #581, .T. ) ;
#268 = EDGE_CURVE ( 'NONE', #24, #343, #980, .T. ) ;
#269 = CARTESIAN_POINT ( 'NONE',  ( -19.69999999999999218, -19.88944443668535200, 23.85085000338218464 ) ) ;
#270 = CARTESIAN_POINT ( 'NONE',  ( -38.70000000000026574, 0.3099999999999786815, -10.04999999999998828 ) ) ;
#271 = CARTESIAN_POINT ( 'NONE',  ( -34.70000000000027285, -2.401791705392346216E-14, -9.605635632854155361E-30 ) ) ;
#272 = ORIENTED_EDGE ( 'NONE', *, *, #182, .F. ) ;
#273 = DIRECTION ( 'NONE',  ( -1.555805808050927783E-16, 1.000000000000000000, 0.000000000000000000 ) ) ;
#274 = EDGE_CURVE ( 'NONE', #873, #308, #998, .T. ) ;
#275 = DIRECTION ( 'NONE',  ( -0.000000000000000000, -0.000000000000000000, -1.000000000000000000 ) ) ;
#276 = DIRECTION ( 'NONE',  ( 0.000000000000000000, -0.000000000000000000, 1.000000000000000000 ) ) ;
#277 = CARTESIAN_POINT ( 'NONE',  ( -29.50784930203744949, 6.874999999998005151, -22.10000000000000142 ) ) ;
#278 = ORIENTED_EDGE ( 'NONE', *, *, #432, .T. ) ;
#279 = DIRECTION ( 'NONE',  ( -1.000000000000000000, 0.000000000000000000, 0.000000000000000000 ) ) ;
#280 = ORIENTED_EDGE ( 'NONE', *, *, #605, .T. ) ;
#281 = DIRECTION ( 'NONE',  ( 0.000000000000000000, 0.000000000000000000, 1.000000000000000000 ) ) ;
#282 = EDGE_CURVE ( 'NONE', #27, #1389, #1402, .T. ) ;
#283 = AXIS2_PLACEMENT_3D ( 'NONE', #1242, #1145, #147 ) ;
#284 = VECTOR ( 'NONE', #321, 1000.000000000000000 ) ;
#285 = CARTESIAN_POINT ( 'NONE',  ( -15.39999999999998970, -29.00000000000000355, 6.000000000000000000 ) ) ;
#286 = CARTESIAN_POINT ( 'NONE',  ( -15.39999999999999147, -22.76249999999997087, -15.95000000000000639 ) ) ;
#287 = AXIS2_PLACEMENT_3D ( 'NONE', #1025, #1253, #912 ) ;
#288 = VECTOR ( 'NONE', #1300, 1000.000000000000000 ) ;
#289 = ORIENTED_EDGE ( 'NONE', *, *, #911, .T. ) ;
#290 = DIRECTION ( 'NONE',  ( -0.000000000000000000, -0.000000000000000000, -1.000000000000000000 ) ) ;
#291 = ORIENTED_EDGE ( 'NONE', *, *, #1023, .T. ) ;
#292 = DIRECTION ( 'NONE',  ( 2.220446049250312588E-16, -1.000000000000000000, 0.000000000000000000 ) ) ;
#293 = CARTESIAN_POINT ( 'NONE',  ( -7.450252531694022906, -26.26250000000007034, -15.95000000000000639 ) ) ;
#294 = EDGE_CURVE ( 'NONE', #160, #24, #766, .T. ) ;
#295 = ORIENTED_EDGE ( 'NONE', *, *, #676, .F. ) ;
#296 = DIRECTION ( 'NONE',  ( 1.000000000000000000, 1.060992951667773040E-16, -0.000000000000000000 ) ) ;
#297 = VERTEX_POINT ( 'NONE', #671 ) ;
#298 = DIRECTION ( 'NONE',  ( 0.9555803660361440466, 0.2947306635662957364, 0.000000000000000000 ) ) ;
#299 = FACE_OUTER_BOUND ( 'NONE', #1415, .T. ) ;
#300 = ORIENTED_EDGE ( 'NONE', *, *, #643, .T. ) ;
#301 = DIRECTION ( 'NONE',  ( -0.000000000000000000, -0.000000000000000000, 1.000000000000000000 ) ) ;
#302 = EDGE_CURVE ( 'NONE', #409, #1369, #1115, .T. ) ;
#303 = VERTEX_POINT ( 'NONE', #207 ) ;
#304 = DIRECTION ( 'NONE',  ( 5.260723202355772988E-16, -1.000000000000000000, 0.000000000000000000 ) ) ;
#305 = CARTESIAN_POINT ( 'NONE',  ( -3.122502256758252770E-14, -24.52500000000001634, -4.949747468305953468 ) ) ;
#306 = AXIS2_PLACEMENT_3D ( 'NONE', #1344, #878, #220 ) ;
#307 = VECTOR ( 'NONE', #1061, 1000.000000000000000 ) ;
#308 = VERTEX_POINT ( 'NONE', #415 ) ;
#309 = AXIS2_PLACEMENT_3D ( 'NONE', #199, #191, #1307 ) ;
#310 = CARTESIAN_POINT ( 'NONE',  ( 3.469446951953614189E-15, -24.52500000000001990, 6.000000000000000000 ) ) ;
#311 = CIRCLE ( 'NONE', #264, 3.250000000000000000 ) ;
#312 = ORIENTED_EDGE ( 'NONE', *, *, #767, .T. ) ;
#313 = CYLINDRICAL_SURFACE ( 'NONE', #776, 3.249999999999999556 ) ;
#314 = AXIS2_PLACEMENT_3D ( 'NONE', #1429, #1211, #1338 ) ;
#315 = CARTESIAN_POINT ( 'NONE',  ( -34.70000000000028706, 19.41000000000006054, -10.04999999999999005 ) ) ;
#316 = ORIENTED_EDGE ( 'NONE', *, *, #1345, .F. ) ;
#317 = DIRECTION ( 'NONE',  ( 1.000000000000000000, 0.000000000000000000, 0.000000000000000000 ) ) ;
#318 = ORIENTED_EDGE ( 'NONE', *, *, #326, .F. ) ;
#319 = LINE ( 'NONE', #1208, #1100 ) ;
#320 = EDGE_CURVE ( 'NONE', #303, #383, #958, .T. ) ;
#321 = DIRECTION ( 'NONE',  ( -1.730397482271129348E-16, -1.000000000000000000, 0.000000000000000000 ) ) ;
#322 = EDGE_LOOP ( 'NONE', ( #500, #1087, #1038, #390 ) ) ;
#323 = DIRECTION ( 'NONE',  ( 1.000000000000000000, 0.000000000000000000, 0.000000000000000000 ) ) ;
#324 = ORIENTED_EDGE ( 'NONE', *, *, #686, .F. ) ;
#325 = DIRECTION ( 'NONE',  ( 0.000000000000000000, 0.000000000000000000, -1.000000000000000000 ) ) ;
#326 = EDGE_CURVE ( 'NONE', #1000, #623, #800, .T. ) ;
#327 = FACE_OUTER_BOUND ( 'NONE', #1034, .T. ) ;
#328 = EDGE_CURVE ( 'NONE', #83, #898, #1204, .T. ) ;
#329 = EDGE_LOOP ( 'NONE', ( #689, #492, #1110, #674 ) ) ;
#330 = FACE_OUTER_BOUND ( 'NONE', #203, .T. ) ;
#331 = VECTOR ( 'NONE', #1067, 1000.000000000000227 ) ;
#332 = EDGE_LOOP ( 'NONE', ( #289, #1207, #757, #1325, #658 ) ) ;
#333 = CARTESIAN_POINT ( 'NONE',  ( -1.750000000000076605, 24.52499999999999503, -4.949747468305953468 ) ) ;
#334 = VECTOR ( 'NONE', #588, 1000.000000000000000 ) ;
#335 = DIRECTION ( 'NONE',  ( 1.000000000000000000, 0.000000000000000000, 0.000000000000000000 ) ) ;
#336 = SURFACE_SIDE_STYLE ('',( #114 ) ) ;
#337 = ORIENTED_EDGE ( 'NONE', *, *, #26, .F. ) ;
#338 = FACE_OUTER_BOUND ( 'NONE', #1423, .T. ) ;
#339 = EDGE_CURVE ( 'NONE', #374, #576, #869, .T. ) ;
#340 = ORIENTED_EDGE ( 'NONE', *, *, #373, .F. ) ;
#341 = CARTESIAN_POINT ( 'NONE',  ( -15.39999999999998970, -21.26250000000002061, -15.94999999999995310 ) ) ;
#342 = CARTESIAN_POINT ( 'NONE',  ( -3.249999999999985789, 24.52499999999997726, 3.000000000000000000 ) ) ;
#343 = VERTEX_POINT ( 'NONE', #315 ) ;
#344 = CARTESIAN_POINT ( 'NONE',  ( -34.70000000000027995, 9.860000000000018971, -10.04999999999999005 ) ) ;
#345 = ORIENTED_EDGE ( 'NONE', *, *, #482, .T. ) ;
#346 = CARTESIAN_POINT ( 'NONE',  ( -29.50784930203633749, -6.875000000000231815, -22.10000000000000142 ) ) ;
#347 = EDGE_CURVE ( 'NONE', #1395, #196, #681, .T. ) ;
#348 = DIRECTION ( 'NONE',  ( -1.000000000000000000, 0.000000000000000000, 0.000000000000000000 ) ) ;
#349 = CYLINDRICAL_SURFACE ( 'NONE', #541, 13.18999999999992845 ) ;
#350 = DIRECTION ( 'NONE',  ( 0.000000000000000000, 0.000000000000000000, 1.000000000000000000 ) ) ;
#351 = ORIENTED_EDGE ( 'NONE', *, *, #364, .F. ) ;
#352 = CARTESIAN_POINT ( 'NONE',  ( -17.39999999999999147, -27.76250000000002061, -15.94999999999995310 ) ) ;
#353 = AXIS2_PLACEMENT_3D ( 'NONE', #305, #412, #1293 ) ;
#354 = AXIS2_PLACEMENT_3D ( 'NONE', #730, #1090, #978 ) ;
#355 = ADVANCED_FACE ( 'NONE', ( #697 ), #21, .F. ) ;
#356 = VECTOR ( 'NONE', #830, 1000.000000000000000 ) ;
#357 = CARTESIAN_POINT ( 'NONE',  ( 0.000000000000000000, 0.000000000000000000, 0.000000000000000000 ) ) ;
#358 = DIRECTION ( 'NONE',  ( -0.000000000000000000, 0.000000000000000000, 1.000000000000000000 ) ) ;
#359 = FACE_OUTER_BOUND ( 'NONE', #528, .T. ) ;
#360 = ORIENTED_EDGE ( 'NONE', *, *, #53, .F. ) ;
#361 = CARTESIAN_POINT ( 'NONE',  ( -3.122502256758252770E-14, -24.52500000000001634, 3.000000000000000000 ) ) ;
#362 = EDGE_LOOP ( 'NONE', ( #109, #770 ) ) ;
#363 = PLANE ( 'NONE',  #1288 ) ;
#364 = EDGE_CURVE ( 'NONE', #1162, #374, #708, .T. ) ;
#365 = FACE_OUTER_BOUND ( 'NONE', #934, .T. ) ;
#366 = ORIENTED_EDGE ( 'NONE', *, *, #320, .T. ) ;
#367 = LINE ( 'NONE', #924, #755 ) ;
#368 = ORIENTED_EDGE ( 'NONE', *, *, #893, .F. ) ;
#369 = DIRECTION ( 'NONE',  ( -0.000000000000000000, -0.000000000000000000, 1.000000000000000000 ) ) ;
#370 = ADVANCED_FACE ( 'NONE', ( #817 ), #1259, .F. ) ;
#371 = VERTEX_POINT ( 'NONE', #30 ) ;
#372 = CYLINDRICAL_SURFACE ( 'NONE', #163, 9.550000000000034461 ) ;
#373 = EDGE_CURVE ( 'NONE', #1021, #737, #543, .T. ) ;
#374 = VERTEX_POINT ( 'NONE', #455 ) ;
#375 = DIRECTION ( 'NONE',  ( 0.000000000000000000, -1.087600925377307357E-16, -1.000000000000000000 ) ) ;
#376 = STYLED_ITEM ( 'NONE', ( #440 ), #713 ) ;
#377 = CIRCLE ( 'NONE', #1050, 9.550000000000038014 ) ;
#378 = VECTOR ( 'NONE', #275, 1000.000000000000000 ) ;
#379 = LINE ( 'NONE', #838, #1356 ) ;
#380 = CIRCLE ( 'NONE', #1076, 1.750000000000032641 ) ;
#381 = CARTESIAN_POINT ( 'NONE',  ( -34.70000000000026574, -10.37255995403511655, -22.10000000000000142 ) ) ;
#382 = CYLINDRICAL_SURFACE ( 'NONE', #283, 3.249999999999933387 ) ;
#383 = VERTEX_POINT ( 'NONE', #342 ) ;
#384 = LINE ( 'NONE', #822, #897 ) ;
#385 = ADVANCED_FACE ( 'NONE', ( #1014 ), #796, .F. ) ;
#386 = ORIENTED_EDGE ( 'NONE', *, *, #1023, .F. ) ;
#387 = DIRECTION ( 'NONE',  ( 0.000000000000000000, 1.000000000000000000, 0.000000000000000000 ) ) ;
#388 = CARTESIAN_POINT ( 'NONE',  ( 1.750000000000001332, -24.52500000000001634, 3.000000000000000000 ) ) ;
#389 = DIRECTION ( 'NONE',  ( -1.000000000000000000, -0.000000000000000000, -0.000000000000000000 ) ) ;
#390 = ORIENTED_EDGE ( 'NONE', *, *, #846, .F. ) ;
#391 = CARTESIAN_POINT ( 'NONE',  ( -32.75784930203739265, 6.874999999998005151, -22.10000000000000142 ) ) ;
#392 = PRODUCT_RELATED_PRODUCT_CATEGORY ( 'part', '', ( #218 ) ) ;
#393 = ORIENTED_EDGE ( 'NONE', *, *, #524, .F. ) ;
#394 = DIRECTION ( 'NONE',  ( 1.000000000000000000, 1.060992951667773040E-16, -0.000000000000000000 ) ) ;
#395 = CARTESIAN_POINT ( 'NONE',  ( -3.249999999999985789, 24.52499999999997726, 6.000000000000000000 ) ) ;
#396 = DIRECTION ( 'NONE',  ( 1.000000000000000000, 6.921589929084518378E-16, -0.000000000000000000 ) ) ;
#397 = ORIENTED_EDGE ( 'NONE', *, *, #1057, .T. ) ;
#398 = CARTESIAN_POINT ( 'NONE',  ( -17.39999999999999147, -29.00000000000000355, -9.396394131380580106 ) ) ;
#399 = EDGE_LOOP ( 'NONE', ( #749, #458, #514, #205, #295, #12, #700, #1372, #38, #1069 ) ) ;
#400 = EDGE_CURVE ( 'NONE', #1409, #1193, #1246, .T. ) ;
#401 = AXIS2_PLACEMENT_3D ( 'NONE', #166, #716, #292 ) ;
#402 = LINE ( 'NONE', #848, #450 ) ;
#403 = CARTESIAN_POINT ( 'NONE',  ( -32.75784930203739265, 6.874999999998005151, -22.10000000000000142 ) ) ;
#404 = AXIS2_PLACEMENT_3D ( 'NONE', #613, #642, #531 ) ;
#405 = AXIS2_PLACEMENT_3D ( 'NONE', #929, #1390, #836 ) ;
#406 = ORIENTED_EDGE ( 'NONE', *, *, #599, .T. ) ;
#407 = CARTESIAN_POINT ( 'NONE',  ( -34.70000000000028706, 23.04999999999994387, -22.10000000000000142 ) ) ;
#408 = APPLICATION_CONTEXT ( 'automotive_design' ) ;
#409 = VERTEX_POINT ( 'NONE', #907 ) ;
#410 = EDGE_CURVE ( 'NONE', #1065, #898, #1216, .T. ) ;
#411 = CYLINDRICAL_SURFACE ( 'NONE', #1286, 1.750000000000050182 ) ;
#412 = DIRECTION ( 'NONE',  ( -0.000000000000000000, -0.000000000000000000, 1.000000000000000000 ) ) ;
#413 = ORIENTED_EDGE ( 'NONE', *, *, #1345, .T. ) ;
#414 = CARTESIAN_POINT ( 'NONE',  ( 1.750000000000001332, -24.52500000000001634, -4.949747468305953468 ) ) ;
#415 = CARTESIAN_POINT ( 'NONE',  ( -19.70000000000002061, -19.88944443668535200, 0.000000000000000000 ) ) ;
#416 = CYLINDRICAL_SURFACE ( 'NONE', #566, 3.249999999999999556 ) ;
#417 = PRODUCT_DEFINITION_SHAPE ( 'NONE', 'NONE',  #1231 ) ;
#418 = ORIENTED_EDGE ( 'NONE', *, *, #767, .F. ) ;
#419 = DIRECTION ( 'NONE',  ( 5.260723202355772988E-16, -1.000000000000000000, 0.000000000000000000 ) ) ;
#420 = EDGE_CURVE ( 'NONE', #923, #1036, #427, .T. ) ;
#421 = EDGE_LOOP ( 'NONE', ( #462, #1 ) ) ;
#422 = DIRECTION ( 'NONE',  ( -1.000000000000000000, 0.000000000000000000, 0.000000000000000000 ) ) ;
#423 = DIRECTION ( 'NONE',  ( 0.000000000000000000, 0.000000000000000000, 1.000000000000000000 ) ) ;
#424 = AXIS2_PLACEMENT_3D ( 'NONE', #1319, #1111, #235 ) ;
#425 = CIRCLE ( 'NONE', #1192, 3.250000000000000000 ) ;
#426 = EDGE_LOOP ( 'NONE', ( #859, #280, #885, #1357 ) ) ;
#427 = CIRCLE ( 'NONE', #845, 13.18999999999993022 ) ;
#428 = CARTESIAN_POINT ( 'NONE',  ( -34.70000000000027285, 4.495897092709940424, -22.10000000000000142 ) ) ;
#429 = CIRCLE ( 'NONE', #707, 3.250000000000000000 ) ;
#430 = EDGE_LOOP ( 'NONE', ( #641, #406, #436, #698 ) ) ;
#431 = CARTESIAN_POINT ( 'NONE',  ( -12.39999999999999858, -29.00000000000000355, 0.000000000000000000 ) ) ;
#432 = EDGE_CURVE ( 'NONE', #1320, #142, #1033, .T. ) ;
#433 = CARTESIAN_POINT ( 'NONE',  ( -3.469446951953614189E-14, 24.52499999999999503, -4.949747468305953468 ) ) ;
#434 = ORIENTED_EDGE ( 'NONE', *, *, #36, .T. ) ;
#435 = DIRECTION ( 'NONE',  ( -1.000000000000000000, 0.000000000000000000, 0.000000000000000000 ) ) ;
#436 = ORIENTED_EDGE ( 'NONE', *, *, #1093, .F. ) ;
#437 = FACE_OUTER_BOUND ( 'NONE', #1250, .T. ) ;
#438 = ADVANCED_FACE ( 'NONE', ( #1232 ), #363, .T. ) ;
#439 = CARTESIAN_POINT ( 'NONE',  ( 0.000000000000000000, 0.000000000000000000, 3.000000000000000000 ) ) ;
#440 = PRESENTATION_STYLE_ASSIGNMENT (( #446 ) ) ;
#441 = VERTEX_POINT ( 'NONE', #136 ) ;
#442 = CARTESIAN_POINT ( 'NONE',  ( -26.25784930203640144, -6.875000000000231815, -22.10000000000000142 ) ) ;
#443 = ORIENTED_EDGE ( 'NONE', *, *, #1370, .T. ) ;
#444 = DIRECTION ( 'NONE',  ( 1.000000000000000000, 6.921589929084518378E-16, -0.000000000000000000 ) ) ;
#445 = CARTESIAN_POINT ( 'NONE',  ( 3.250000000000003109, -24.52500000000001990, 6.000000000000000000 ) ) ;
#446 = SURFACE_STYLE_USAGE ( .BOTH. , #336 ) ;
#447 = ADVANCED_FACE ( 'NONE', ( #1349, #1153, #476 ), #921, .F. ) ;
#448 = ORIENTED_EDGE ( 'NONE', *, *, #68, .F. ) ;
#449 = CARTESIAN_POINT ( 'NONE',  ( -12.39999999999999858, -24.51250000000002061, -15.95000000000000639 ) ) ;
#450 = VECTOR ( 'NONE', #635, 1000.000000000000000 ) ;
#451 = VECTOR ( 'NONE', #281, 1000.000000000000000 ) ;
#452 = ORIENTED_EDGE ( 'NONE', *, *, #326, .T. ) ;
#453 = CARTESIAN_POINT ( 'NONE',  ( -34.70000000000025864, -20.05000000000006111, -22.10000000000000142 ) ) ;
#454 = VECTOR ( 'NONE', #1010, 1000.000000000000227 ) ;
#455 = CARTESIAN_POINT ( 'NONE',  ( -34.70000000000028706, 23.04999999999994387, -22.10000000000000142 ) ) ;
#456 = DIRECTION ( 'NONE',  ( 0.000000000000000000, 0.000000000000000000, 1.000000000000000000 ) ) ;
#457 = EDGE_CURVE ( 'NONE', #786, #1313, #592, .T. ) ;
#458 = ORIENTED_EDGE ( 'NONE', *, *, #1046, .F. ) ;
#459 = CARTESIAN_POINT ( 'NONE',  ( -17.39999999999999503, -3.144483163363840943E-15, 0.000000000000000000 ) ) ;
#460 = EDGE_LOOP ( 'NONE', ( #1201, #360 ) ) ;
#461 = DIRECTION ( 'NONE',  ( -0.000000000000000000, -0.000000000000000000, 1.000000000000000000 ) ) ;
#462 = ORIENTED_EDGE ( 'NONE', *, *, #11, .T. ) ;
#463 = DIRECTION ( 'NONE',  ( 0.000000000000000000, 0.000000000000000000, -1.000000000000000000 ) ) ;
#464 = VERTEX_POINT ( 'NONE', #232 ) ;
#465 = DIRECTION ( 'NONE',  ( 1.000000000000000000, 1.555805808050927783E-16, 0.000000000000000000 ) ) ;
#466 = EDGE_CURVE ( 'NONE', #343, #24, #1028, .T. ) ;
#467 = CARTESIAN_POINT ( 'NONE',  ( -29.50784930203744949, 6.874999999998005151, -22.10000000000000142 ) ) ;
#468 =( NAMED_UNIT ( * ) PLANE_ANGLE_UNIT ( ) SI_UNIT ( $, .RADIAN. ) );
#469 = ORIENTED_EDGE ( 'NONE', *, *, #157, .F. ) ;
#470 = LINE ( 'NONE', #1037, #546 ) ;
#471 = VECTOR ( 'NONE', #208, 1000.000000000000000 ) ;
#472 = AXIS2_PLACEMENT_3D ( 'NONE', #439, #1317, #1419 ) ;
#473 = EDGE_CURVE ( 'NONE', #83, #862, #1074, .T. ) ;
#474 = AXIS2_PLACEMENT_3D ( 'NONE', #1122, #1143, #261 ) ;
#475 = AXIS2_PLACEMENT_3D ( 'NONE', #1266, #273, #1149 ) ;
#476 = FACE_BOUND ( 'NONE', #718, .T. ) ;
#477 = DIRECTION ( 'NONE',  ( 6.921589929084517392E-16, -1.000000000000000000, 0.000000000000000000 ) ) ;
#478 = ORIENTED_EDGE ( 'NONE', *, *, #36, .F. ) ;
#479 = CARTESIAN_POINT ( 'NONE',  ( -26.25784930203750989, 6.874999999998005151, -22.10000000000000142 ) ) ;
#480 = ORIENTED_EDGE ( 'NONE', *, *, #1391, .F. ) ;
#481 = DIRECTION ( 'NONE',  ( 1.938238520644487020E-16, -1.000000000000000000, 0.000000000000000000 ) ) ;
#482 = EDGE_CURVE ( 'NONE', #1220, #1227, #1137, .T. ) ;
#483 = ORIENTED_EDGE ( 'NONE', *, *, #1075, .T. ) ;
#484 = PLANE ( 'NONE',  #1268 ) ;
#485 = ORIENTED_EDGE ( 'NONE', *, *, #1370, .F. ) ;
#486 = DIRECTION ( 'NONE',  ( 1.904080891578108605E-16, -1.000000000000000000, 0.000000000000000000 ) ) ;
#487 = EDGE_LOOP ( 'NONE', ( #568, #564 ) ) ;
#488 = DIRECTION ( 'NONE',  ( 0.000000000000000000, 1.000000000000000000, 0.000000000000000000 ) ) ;
#489 = EDGE_CURVE ( 'NONE', #648, #865, #168, .T. ) ;
#490 = FACE_OUTER_BOUND ( 'NONE', #55, .T. ) ;
#491 = CARTESIAN_POINT ( 'NONE',  ( 3.250000000000013767, 24.52499999999997726, 6.000000000000000000 ) ) ;
#492 = ORIENTED_EDGE ( 'NONE', *, *, #53, .T. ) ;
#493 = CARTESIAN_POINT ( 'NONE',  ( -29.50784930203744949, 6.874999999998005151, -20.10000000000000142 ) ) ;
#494 = AXIS2_PLACEMENT_3D ( 'NONE', #92, #772, #982 ) ;
#495 = VECTOR ( 'NONE', #465, 1000.000000000000000 ) ;
#496 = DIRECTION ( 'NONE',  ( -0.000000000000000000, -0.000000000000000000, 1.000000000000000000 ) ) ;
#497 = CIRCLE ( 'NONE', #405, 3.250000000000000000 ) ;
#498 = FACE_OUTER_BOUND ( 'NONE', #421, .T. ) ;
#499 = CARTESIAN_POINT ( 'NONE',  ( -12.39999999999999680, 28.99999999999999645, 0.000000000000000000 ) ) ;
#500 = ORIENTED_EDGE ( 'NONE', *, *, #1057, .F. ) ;
#501 = CARTESIAN_POINT ( 'NONE',  ( -29.50784930203633749, -6.875000000000231815, -20.10000000000000142 ) ) ;
#502 = CARTESIAN_POINT ( 'NONE',  ( -17.39999999999999147, -24.51250000000002061, -15.94999999999995310 ) ) ;
#503 = UNCERTAINTY_MEASURE_WITH_UNIT (LENGTH_MEASURE( 1.000000000000000082E-05 ), #999, 'distance_accuracy_value', 'NONE');
#504 = PLANE ( 'NONE',  #401 ) ;
#505 = DIRECTION ( 'NONE',  ( 1.000000000000000000, 0.000000000000000000, 0.000000000000000000 ) ) ;
#506 = ORIENTED_EDGE ( 'NONE', *, *, #617, .F. ) ;
#507 = DIRECTION ( 'NONE',  ( 1.000000000000000000, 0.000000000000000000, 0.000000000000000000 ) ) ;
#508 = ORIENTED_EDGE ( 'NONE', *, *, #420, .F. ) ;
#509 = ADVANCED_FACE ( 'NONE', ( #156 ), #866, .F. ) ;
#510 = CARTESIAN_POINT ( 'NONE',  ( -38.70000000000027285, 9.860000000000017195, -10.04999999999999005 ) ) ;
#511 = CARTESIAN_POINT ( 'NONE',  ( -12.39999999999998970, -29.00000000000000355, 0.000000000000000000 ) ) ;
#512 = ORIENTED_EDGE ( 'NONE', *, *, #1282, .F. ) ;
#513 = CARTESIAN_POINT ( 'NONE',  ( -38.70000000000026574, -3.329999999999914806, -10.04999999999998828 ) ) ;
#514 = ORIENTED_EDGE ( 'NONE', *, *, #1114, .T. ) ;
#515 = EDGE_CURVE ( 'NONE', #222, #160, #981, .T. ) ;
#516 = AXIS2_PLACEMENT_3D ( 'NONE', #556, #1434, #1226 ) ;
#517 = CARTESIAN_POINT ( 'NONE',  ( -17.39999999999999147, -29.00000000000000355, -9.396394131380580106 ) ) ;
#518 = DIRECTION ( 'NONE',  ( -0.000000000000000000, -0.000000000000000000, 1.000000000000000000 ) ) ;
#519 = AXIS2_PLACEMENT_3D ( 'NONE', #675, #444, #910 ) ;
#520 = AXIS2_PLACEMENT_3D ( 'NONE', #175, #1287, #419 ) ;
#521 = ORIENTED_EDGE ( 'NONE', *, *, #605, .F. ) ;
#522 = DIRECTION ( 'NONE',  ( 1.000000000000000000, 6.921589929084518378E-16, -0.000000000000000000 ) ) ;
#523 = ORIENTED_EDGE ( 'NONE', *, *, #1159, .T. ) ;
#524 = EDGE_CURVE ( 'NONE', #409, #1168, #91, .T. ) ;
#525 = FACE_OUTER_BOUND ( 'NONE', #768, .T. ) ;
#526 = CARTESIAN_POINT ( 'NONE',  ( -27.15000000000008029, -4.336808689942017736E-15, 6.000000000000000000 ) ) ;
#527 = EDGE_CURVE ( 'NONE', #464, #34, #729, .T. ) ;
#528 = EDGE_LOOP ( 'NONE', ( #1261, #582, #393, #632, #148, #318, #179 ) ) ;
#529 = DIRECTION ( 'NONE',  ( -1.000000000000000000, 0.000000000000000000, 0.000000000000000000 ) ) ;
#530 = ORIENTED_EDGE ( 'NONE', *, *, #96, .F. ) ;
#531 = DIRECTION ( 'NONE',  ( 1.000000000000000000, 0.000000000000000000, 0.000000000000000000 ) ) ;
#532 = CARTESIAN_POINT ( 'NONE',  ( -3.249999999999996447, -24.52500000000001990, 6.000000000000000000 ) ) ;
#533 = FACE_OUTER_BOUND ( 'NONE', #198, .T. ) ;
#534 = ADVANCED_FACE ( 'NONE', ( #832, #947, #1424, #1275 ), #720, .T. ) ;
#535 = ORIENTED_EDGE ( 'NONE', *, *, #1267, .F. ) ;
#536 = DIRECTION ( 'NONE',  ( 0.000000000000000000, 0.000000000000000000, 1.000000000000000000 ) ) ;
#537 = ORIENTED_EDGE ( 'NONE', *, *, #631, .T. ) ;
#538 = FACE_OUTER_BOUND ( 'NONE', #46, .T. ) ;
#539 = DIRECTION ( 'NONE',  ( -0.000000000000000000, -0.000000000000000000, -1.000000000000000000 ) ) ;
#540 = AXIS2_PLACEMENT_3D ( 'NONE', #914, #249, #23 ) ;
#541 = AXIS2_PLACEMENT_3D ( 'NONE', #1378, #126, #1234 ) ;
#542 = VERTEX_POINT ( 'NONE', #57 ) ;
#543 = CIRCLE ( 'NONE', #612, 3.249999999999999556 ) ;
#544 = CARTESIAN_POINT ( 'NONE',  ( -1.750000000000076605, 24.52499999999999503, 3.000000000000000000 ) ) ;
#545 = ADVANCED_FACE ( 'NONE', ( #1269 ), #1386, .F. ) ;
#546 = VECTOR ( 'NONE', #1373, 1000.000000000000000 ) ;
#547 = ORIENTED_EDGE ( 'NONE', *, *, #692, .T. ) ;
#548 = CARTESIAN_POINT ( 'NONE',  ( -15.39999999999999325, -1.674539565442549459E-15, 0.000000000000000000 ) ) ;
#549 = DIRECTION ( 'NONE',  ( 0.000000000000000000, 0.000000000000000000, 1.000000000000000000 ) ) ;
#550 = VERTEX_POINT ( 'NONE', #431 ) ;
#551 = DIRECTION ( 'NONE',  ( -1.730397482271129348E-16, -1.000000000000000000, 0.000000000000000000 ) ) ;
#552 = ORIENTED_EDGE ( 'NONE', *, *, #1308, .T. ) ;
#553 = CARTESIAN_POINT ( 'NONE',  ( -15.39999999999999147, -24.51250000000002061, -15.95000000000000639 ) ) ;
#554 = ADVANCED_FACE ( 'NONE', ( #1165 ), #313, .F. ) ;
#555 = CYLINDRICAL_SURFACE ( 'NONE', #821, 1.750000000000041966 ) ;
#556 = CARTESIAN_POINT ( 'NONE',  ( -12.39999999999999858, -20.05000000000005045, -41.33941205796202922 ) ) ;
#557 = ORIENTED_EDGE ( 'NONE', *, *, #788, .T. ) ;
#558 = FILL_AREA_STYLE ('',( #108 ) ) ;
#559 = ORIENTED_EDGE ( 'NONE', *, *, #599, .F. ) ;
#560 = DIRECTION ( 'NONE',  ( 1.000000000000000000, 1.060992951667773040E-16, -0.000000000000000000 ) ) ;
#561 = EDGE_CURVE ( 'NONE', #128, #383, #379, .T. ) ;
#562 = DIRECTION ( 'NONE',  ( 0.9661989739208016736, 0.2577974840730410389, 0.000000000000000000 ) ) ;
#563 = CARTESIAN_POINT ( 'NONE',  ( 12.40000000000000924, -29.00000000000000355, 6.000000000000000000 ) ) ;
#564 = ORIENTED_EDGE ( 'NONE', *, *, #703, .F. ) ;
#565 = LINE ( 'NONE', #95, #146 ) ;
#566 = AXIS2_PLACEMENT_3D ( 'NONE', #849, #963, #1303 ) ;
#567 = AXIS2_PLACEMENT_3D ( 'NONE', #1005, #216, #665 ) ;
#568 = ORIENTED_EDGE ( 'NONE', *, *, #819, .F. ) ;
#569 = PLANE ( 'NONE',  #704 ) ;
#570 = VECTOR ( 'NONE', #296, 1000.000000000000000 ) ;
#571 = AXIS2_PLACEMENT_3D ( 'NONE', #653, #1095, #985 ) ;
#572 = DIRECTION ( 'NONE',  ( 1.000000000000000000, 0.000000000000000000, 0.000000000000000000 ) ) ;
#573 = ADVANCED_FACE ( 'NONE', ( #538 ), #86, .F. ) ;
#574 = ORIENTED_EDGE ( 'NONE', *, *, #105, .T. ) ;
#575 = LINE ( 'NONE', #204, #454 ) ;
#576 = VERTEX_POINT ( 'NONE', #1054 ) ;
#577 = DIRECTION ( 'NONE',  ( -1.000000000000000000, 0.000000000000000000, 0.000000000000000000 ) ) ;
#578 = DIRECTION ( 'NONE',  ( 1.000000000000000000, 0.000000000000000000, 0.000000000000000000 ) ) ;
#579 = FACE_BOUND ( 'NONE', #1008, .T. ) ;
#580 = CARTESIAN_POINT ( 'NONE',  ( 12.40000000000000924, -29.00000000000000355, 0.000000000000000000 ) ) ;
#581 = EDGE_CURVE ( 'NONE', #170, #1350, #874, .T. ) ;
#582 = ORIENTED_EDGE ( 'NONE', *, *, #1159, .F. ) ;
#583 = CARTESIAN_POINT ( 'NONE',  ( -17.60000000000004761, -4.336808689942017736E-15, 6.000000000000000000 ) ) ;
#584 = DIRECTION ( 'NONE',  ( 1.000000000000000000, 0.000000000000000000, 0.000000000000000000 ) ) ;
#585 = FACE_OUTER_BOUND ( 'NONE', #1138, .T. ) ;
#586 = PLANE ( 'NONE',  #1011 ) ;
#587 = ORIENTED_EDGE ( 'NONE', *, *, #527, .F. ) ;
#588 = DIRECTION ( 'NONE',  ( -1.196361017915039486E-16, 1.000000000000000000, 0.000000000000000000 ) ) ;
#589 = EDGE_CURVE ( 'NONE', #464, #1395, #319, .T. ) ;
#590 = VECTOR ( 'NONE', #738, 1000.000000000000000 ) ;
#591 = ADVANCED_FACE ( 'NONE', ( #1039 ), #43, .F. ) ;
#592 = CIRCLE ( 'NONE', #214, 13.18999999999993022 ) ;
#593 = DIRECTION ( 'NONE',  ( -1.000000000000000000, -6.921589929084518378E-16, 0.000000000000000000 ) ) ;
#594 = ORIENTED_EDGE ( 'NONE', *, *, #850, .F. ) ;
#595 = FACE_OUTER_BOUND ( 'NONE', #950, .T. ) ;
#596 = ORIENTED_EDGE ( 'NONE', *, *, #410, .T. ) ;
#597 = LINE ( 'NONE', #1258, #334 ) ;
#598 = ORIENTED_EDGE ( 'NONE', *, *, #819, .T. ) ;
#599 = EDGE_CURVE ( 'NONE', #308, #236, #931, .T. ) ;
#600 = CARTESIAN_POINT ( 'NONE',  ( -34.70000000000027285, -2.401791705392346216E-14, -9.605635632854155361E-30 ) ) ;
#601 = DIRECTION ( 'NONE',  ( 0.000000000000000000, 0.000000000000000000, -1.000000000000000000 ) ) ;
#602 = ORIENTED_EDGE ( 'NONE', *, *, #209, .T. ) ;
#603 = DIRECTION ( 'NONE',  ( 1.000000000000000000, 0.000000000000000000, 0.000000000000000000 ) ) ;
#604 = DIRECTION ( 'NONE',  ( 0.000000000000000000, -0.000000000000000000, 1.000000000000000000 ) ) ;
#605 = EDGE_CURVE ( 'NONE', #441, #42, #1045, .T. ) ;
#606 = DIRECTION ( 'NONE',  ( -1.000000000000000000, 0.000000000000000000, 0.000000000000000000 ) ) ;
#607 = CARTESIAN_POINT ( 'NONE',  ( -34.70000000000028706, 23.04999999999994387, 6.000000000000000000 ) ) ;
#608 = EDGE_LOOP ( 'NONE', ( #1252, #103, #1148, #810 ) ) ;
#609 = PLANE ( 'NONE',  #475 ) ;
#610 = AXIS2_PLACEMENT_3D ( 'NONE', #1155, #1366, #922 ) ;
#611 = VECTOR ( 'NONE', #1197, 1000.000000000000000 ) ;
#612 = AXIS2_PLACEMENT_3D ( 'NONE', #152, #900, #685 ) ;
#613 = CARTESIAN_POINT ( 'NONE',  ( -3.122502256758252770E-14, -24.52500000000001634, 0.000000000000000000 ) ) ;
#614 = VECTOR ( 'NONE', #375, 1000.000000000000000 ) ;
#615 = CARTESIAN_POINT ( 'NONE',  ( 12.40000000000000391, 28.99999999999999645, 6.000000000000000000 ) ) ;
#616 = CARTESIAN_POINT ( 'NONE',  ( -3.469446951953614189E-14, 24.52499999999999503, 0.000000000000000000 ) ) ;
#617 = EDGE_CURVE ( 'NONE', #666, #1021, #787, .T. ) ;
#618 = EDGE_LOOP ( 'NONE', ( #1278, #40 ) ) ;
#619 = DIRECTION ( 'NONE',  ( -1.000000000000000000, 0.000000000000000000, 0.000000000000000000 ) ) ;
#620 = ORIENTED_EDGE ( 'NONE', *, *, #473, .T. ) ;
#621 = CARTESIAN_POINT ( 'NONE',  ( -17.39999999999999147, -29.00000000000000355, 6.000000000000000000 ) ) ;
#622 = LINE ( 'NONE', #511, #125 ) ;
#623 = VERTEX_POINT ( 'NONE', #780 ) ;
#624 = CARTESIAN_POINT ( 'NONE',  ( -17.39999999999999147, -21.26250000000002061, -15.94999999999995310 ) ) ;
#625 = ADVANCED_FACE ( 'NONE', ( #1347 ), #104, .T. ) ;
#626 = VERTEX_POINT ( 'NONE', #906 ) ;
#627 = CARTESIAN_POINT ( 'NONE',  ( -12.39999999999999858, -29.00000000000000355, -31.89999999999999858 ) ) ;
#628 = CARTESIAN_POINT ( 'NONE',  ( -17.60000000000173515, 8.526165884426006869E-13, -20.10000000000000142 ) ) ;
#629 = ORIENTED_EDGE ( 'NONE', *, *, #328, .F. ) ;
#630 = CYLINDRICAL_SURFACE ( 'NONE', #637, 9.550000000000034461 ) ;
#631 = EDGE_CURVE ( 'NONE', #1094, #1041, #1123, .T. ) ;
#632 = ORIENTED_EDGE ( 'NONE', *, *, #911, .F. ) ;
#633 = AXIS2_PLACEMENT_3D ( 'NONE', #106, #1334, #1091 ) ;
#634 = CIRCLE ( 'NONE', #5, 3.249999999999999556 ) ;
#635 = DIRECTION ( 'NONE',  ( 0.000000000000000000, -1.000000000000000000, 0.000000000000000000 ) ) ;
#636 = DIRECTION ( 'NONE',  ( 1.000000000000000000, 1.060992951667772917E-16, -0.000000000000000000 ) ) ;
#637 = AXIS2_PLACEMENT_3D ( 'NONE', #77, #1200, #619 ) ;
#638 = VECTOR ( 'NONE', #1249, 1000.000000000000000 ) ;
#639 = ORIENTED_EDGE ( 'NONE', *, *, #328, .T. ) ;
#640 = DIRECTION ( 'NONE',  ( 0.000000000000000000, 0.000000000000000000, 1.000000000000000000 ) ) ;
#641 = ORIENTED_EDGE ( 'NONE', *, *, #274, .T. ) ;
#642 = DIRECTION ( 'NONE',  ( 0.000000000000000000, -0.000000000000000000, -1.000000000000000000 ) ) ;
#643 = EDGE_CURVE ( 'NONE', #923, #1000, #230, .T. ) ;
#644 = DIRECTION ( 'NONE',  ( -7.265857491002305914E-16, 1.000000000000000000, 0.000000000000000000 ) ) ;
#645 = DIRECTION ( 'NONE',  ( -1.000000000000000000, -1.196361017915039239E-16, 0.000000000000000000 ) ) ;
#646 = EDGE_LOOP ( 'NONE', ( #1063, #1437, #107, #1029 ) ) ;
#647 = CYLINDRICAL_SURFACE ( 'NONE', #54, 3.250000000000000000 ) ;
#648 = VERTEX_POINT ( 'NONE', #1003 ) ;
#649 = DIRECTION ( 'NONE',  ( -0.000000000000000000, -0.000000000000000000, -1.000000000000000000 ) ) ;
#650 = ADVANCED_FACE ( 'NONE', ( #118, #1237 ), #1119, .T. ) ;
#651 = DIRECTION ( 'NONE',  ( 1.000000000000000000, 0.000000000000000000, 0.000000000000000000 ) ) ;
#652 = EDGE_LOOP ( 'NONE', ( #775, #139 ) ) ;
#653 = CARTESIAN_POINT ( 'NONE',  ( -12.39999999999999680, 28.99999999999999645, -23.08013214866851115 ) ) ;
#654 = EDGE_LOOP ( 'NONE', ( #1016, #953 ) ) ;
#655 = DIRECTION ( 'NONE',  ( 1.000000000000000000, 0.000000000000000000, 0.000000000000000000 ) ) ;
#656 = DIRECTION ( 'NONE',  ( 0.000000000000000000, 0.000000000000000000, 1.000000000000000000 ) ) ;
#657 = VECTOR ( 'NONE', #807, 1000.000000000000000 ) ;
#658 = ORIENTED_EDGE ( 'NONE', *, *, #339, .T. ) ;
#659 = VECTOR ( 'NONE', #348, 1000.000000000000000 ) ;
#660 = CARTESIAN_POINT ( 'NONE',  ( -3.249999999999996447, -24.52500000000001990, 6.000000000000000000 ) ) ;
#661 = EDGE_CURVE ( 'NONE', #74, #374, #886, .T. ) ;
#662 = AXIS2_PLACEMENT_3D ( 'NONE', #449, #317, #1314 ) ;
#663 = VERTEX_POINT ( 'NONE', #237 ) ;
#664 = DIRECTION ( 'NONE',  ( -0.000000000000000000, -0.000000000000000000, 1.000000000000000000 ) ) ;
#665 = DIRECTION ( 'NONE',  ( 7.265857491002304928E-16, -1.000000000000000000, 0.000000000000000000 ) ) ;
#666 = VERTEX_POINT ( 'NONE', #684 ) ;
#667 = PLANE ( 'NONE',  #424 ) ;
#668 = VERTEX_POINT ( 'NONE', #1129 ) ;
#669 = DIRECTION ( 'NONE',  ( -1.000000000000000000, 0.000000000000000000, 0.000000000000000000 ) ) ;
#670 = ADVANCED_FACE ( 'NONE', ( #994, #1224 ), #569, .T. ) ;
#671 = CARTESIAN_POINT ( 'NONE',  ( -26.25784930203640144, -6.875000000000231815, -20.10000000000000142 ) ) ;
#672 = ORIENTED_EDGE ( 'NONE', *, *, #743, .T. ) ;
#673 = DIRECTION ( 'NONE',  ( 5.260723202355772988E-16, -1.000000000000000000, 0.000000000000000000 ) ) ;
#674 = ORIENTED_EDGE ( 'NONE', *, *, #268, .F. ) ;
#675 = CARTESIAN_POINT ( 'NONE',  ( -38.70000000000027285, 9.860000000000017195, -10.04999999999999005 ) ) ;
#676 = EDGE_CURVE ( 'NONE', #409, #873, #1017, .T. ) ;
#677 = CARTESIAN_POINT ( 'NONE',  ( -38.70000000000027285, 9.860000000000017195, -10.04999999999999005 ) ) ;
#678 = DIRECTION ( 'NONE',  ( 1.000000000000000000, 0.000000000000000000, 0.000000000000000000 ) ) ;
#679 = CARTESIAN_POINT ( 'NONE',  ( -19.70000000000001350, 23.04999999999994387, -22.10000000000000142 ) ) ;
#680 = COLOUR_RGB ( '',0.000000000000000000, 0.5019607843137254832, 0.000000000000000000 ) ;
#681 = CIRCLE ( 'NONE', #1072, 1.750000000000032641 ) ;
#682 = VECTOR ( 'NONE', #794, 1000.000000000000000 ) ;
#683 = ORIENTED_EDGE ( 'NONE', *, *, #80, .F. ) ;
#684 = CARTESIAN_POINT ( 'NONE',  ( -17.39999999999999147, -27.76250000000002061, -15.94999999999995310 ) ) ;
#685 = DIRECTION ( 'NONE',  ( 0.000000000000000000, -1.000000000000000000, 0.000000000000000000 ) ) ;
#686 = EDGE_CURVE ( 'NONE', #862, #1065, #1328, .T. ) ;
#687 = CARTESIAN_POINT ( 'NONE',  ( -27.15000000000008029, -4.336808689942017736E-15, 6.000000000000000000 ) ) ;
#688 = CARTESIAN_POINT ( 'NONE',  ( -17.60000000000004761, -4.336808689942017736E-15, 6.000000000000000000 ) ) ;
#689 = ORIENTED_EDGE ( 'NONE', *, *, #294, .F. ) ;
#690 = CARTESIAN_POINT ( 'NONE',  ( -19.70000000000001350, 23.04999999999994742, 0.000000000000000000 ) ) ;
#691 = DIRECTION ( 'NONE',  ( 0.000000000000000000, -0.000000000000000000, -1.000000000000000000 ) ) ;
#692 = EDGE_CURVE ( 'NONE', #1272, #1280, #892, .T. ) ;
#693 = DIRECTION ( 'NONE',  ( 7.265857491002304928E-16, -1.000000000000000000, 0.000000000000000000 ) ) ;
#694 =( NAMED_UNIT ( * ) SI_UNIT ( $, .STERADIAN. ) SOLID_ANGLE_UNIT ( ) );
#695 = ORIENTED_EDGE ( 'NONE', *, *, #785, .F. ) ;
#696 = DIRECTION ( 'NONE',  ( -0.000000000000000000, -0.000000000000000000, 1.000000000000000000 ) ) ;
#697 = FACE_OUTER_BOUND ( 'NONE', #744, .T. ) ;
#698 = ORIENTED_EDGE ( 'NONE', *, *, #7, .F. ) ;
#699 = FACE_OUTER_BOUND ( 'NONE', #322, .T. ) ;
#700 = ORIENTED_EDGE ( 'NONE', *, *, #1398, .F. ) ;
#701 = CIRCLE ( 'NONE', #4, 1.750000000000032641 ) ;
#702 = DIRECTION ( 'NONE',  ( -1.000000000000000000, -1.904080891578108605E-16, 0.000000000000000000 ) ) ;
#703 = EDGE_CURVE ( 'NONE', #666, #250, #634, .T. ) ;
#704 = AXIS2_PLACEMENT_3D ( 'NONE', #548, #129, #1013 ) ;
#705 = ORIENTED_EDGE ( 'NONE', *, *, #466, .F. ) ;
#706 = AXIS2_PLACEMENT_3D ( 'NONE', #15, #98, #1431 ) ;
#707 = AXIS2_PLACEMENT_3D ( 'NONE', #992, #1105, #323 ) ;
#708 = LINE ( 'NONE', #253, #659 ) ;
#709 = CARTESIAN_POINT ( 'NONE',  ( -19.70000000000001350, 23.04999999999994387, 0.000000000000000000 ) ) ;
#710 = FACE_OUTER_BOUND ( 'NONE', #229, .T. ) ;
#711 = ORIENTED_EDGE ( 'NONE', *, *, #400, .T. ) ;
#712 = CARTESIAN_POINT ( 'NONE',  ( -17.39999999999999147, -29.00000000000000355, 6.000000000000000000 ) ) ;
#713 = ADVANCED_BREP_SHAPE_REPRESENTATION ( '010_004_Bearing_mount_1', ( #1158, #28 ), #3 ) ;
#714 = ORIENTED_EDGE ( 'NONE', *, *, #466, .T. ) ;
#715 = DIRECTION ( 'NONE',  ( -0.000000000000000000, -0.000000000000000000, -1.000000000000000000 ) ) ;
#716 = DIRECTION ( 'NONE',  ( 0.000000000000000000, -0.000000000000000000, -1.000000000000000000 ) ) ;
#717 = CARTESIAN_POINT ( 'NONE',  ( 0.000000000000000000, 0.000000000000000000, 3.000000000000000000 ) ) ;
#718 = EDGE_LOOP ( 'NONE', ( #726, #135 ) ) ;
#719 = LINE ( 'NONE', #391, #1174 ) ;
#720 = PLANE ( 'NONE',  #1147 ) ;
#721 = EDGE_CURVE ( 'NONE', #383, #303, #823, .T. ) ;
#722 = DIRECTION ( 'NONE',  ( 1.000000000000000000, 0.000000000000000000, 0.000000000000000000 ) ) ;
#723 = DIRECTION ( 'NONE',  ( -1.000000000000000000, -1.060992951667772917E-16, -0.000000000000000000 ) ) ;
#724 = ORIENTED_EDGE ( 'NONE', *, *, #515, .T. ) ;
#725 = DIRECTION ( 'NONE',  ( 1.000000000000000000, 0.000000000000000000, 0.000000000000000000 ) ) ;
#726 = ORIENTED_EDGE ( 'NONE', *, *, #473, .F. ) ;
#727 = VECTOR ( 'NONE', #396, 1000.000000000000000 ) ;
#728 = AXIS2_PLACEMENT_3D ( 'NONE', #1433, #539, #225 ) ;
#729 = CIRCLE ( 'NONE', #404, 1.750000000000032641 ) ;
#730 = CARTESIAN_POINT ( 'NONE',  ( -12.39999999999999680, 28.99999999999999645, 3.000000000000000000 ) ) ;
#731 = CIRCLE ( 'NONE', #895, 20.00000000000050804 ) ;
#732 = ADVANCED_FACE ( 'NONE', ( #880, #1097, #899 ), #987, .T. ) ;
#733 = DIRECTION ( 'NONE',  ( 0.000000000000000000, -1.000000000000000000, 0.000000000000000000 ) ) ;
#734 = LINE ( 'NONE', #499, #258 ) ;
#735 = ORIENTED_EDGE ( 'NONE', *, *, #1114, .F. ) ;
#736 = CARTESIAN_POINT ( 'NONE',  ( -17.60000000000173515, 8.526165884426006869E-13, -22.10000000000000142 ) ) ;
#737 = VERTEX_POINT ( 'NONE', #341 ) ;
#738 = DIRECTION ( 'NONE',  ( 1.000000000000000000, -0.000000000000000000, -0.000000000000000000 ) ) ;
#739 = CARTESIAN_POINT ( 'NONE',  ( 12.40000000000000391, 28.99999999999999645, 3.000000000000000000 ) ) ;
#740 = ADVANCED_FACE ( 'NONE', ( #437 ), #1321, .F. ) ;
#741 = ORIENTED_EDGE ( 'NONE', *, *, #1391, .T. ) ;
#742 = CARTESIAN_POINT ( 'NONE',  ( 1.387778780781445676E-14, 24.52499999999997726, 6.000000000000000000 ) ) ;
#743 = EDGE_CURVE ( 'NONE', #1350, #663, #1380, .T. ) ;
#744 = EDGE_LOOP ( 'NONE', ( #547, #984, #88, #101 ) ) ;
#745 = CARTESIAN_POINT ( 'NONE',  ( -3.122502256758252770E-14, -24.52500000000001634, 0.000000000000000000 ) ) ;
#746 = CARTESIAN_POINT ( 'NONE',  ( -17.39999999999999147, -20.05000000000004690, 0.000000000000000000 ) ) ;
#747 = ORIENTED_EDGE ( 'NONE', *, *, #750, .T. ) ;
#748 = DIRECTION ( 'NONE',  ( 0.000000000000000000, 0.000000000000000000, -1.000000000000000000 ) ) ;
#749 = ORIENTED_EDGE ( 'NONE', *, *, #193, .F. ) ;
#750 = EDGE_CURVE ( 'NONE', #865, #648, #99, .T. ) ;
#751 = MECHANICAL_DESIGN_GEOMETRIC_PRESENTATION_REPRESENTATION (  '', ( #376 ), #75 ) ;
#752 = AXIS2_PLACEMENT_3D ( 'NONE', #213, #664, #1107 ) ;
#753 = CARTESIAN_POINT ( 'NONE',  ( -17.60000000000004761, -4.336808689942017736E-15, 3.000000000000000000 ) ) ;
#754 = DIRECTION ( 'NONE',  ( -0.000000000000000000, -0.000000000000000000, 1.000000000000000000 ) ) ;
#755 = VECTOR ( 'NONE', #149, 1000.000000000000000 ) ;
#756 = AXIS2_PLACEMENT_3D ( 'NONE', #1298, #1167, #1188 ) ;
#757 = ORIENTED_EDGE ( 'NONE', *, *, #7, .T. ) ;
#758 = FACE_OUTER_BOUND ( 'NONE', #1367, .T. ) ;
#759 = ORIENTED_EDGE ( 'NONE', *, *, #457, .F. ) ;
#760 = DIRECTION ( 'NONE',  ( -1.000000000000000000, -6.921589929084518378E-16, 0.000000000000000000 ) ) ;
#761 = PLANE ( 'NONE',  #472 ) ;
#762 = ORIENTED_EDGE ( 'NONE', *, *, #489, .T. ) ;
#763 = DIRECTION ( 'NONE',  ( -0.2447747474021806924, 0.9695799724799386565, -0.000000000000000000 ) ) ;
#764 = VERTEX_POINT ( 'NONE', #35 ) ;
#765 = DIRECTION ( 'NONE',  ( 1.000000000000000000, 0.000000000000000000, -0.000000000000000000 ) ) ;
#766 = LINE ( 'NONE', #1210, #1332 ) ;
#767 = EDGE_CURVE ( 'NONE', #1313, #923, #384, .T. ) ;
#768 = EDGE_LOOP ( 'NONE', ( #735, #1043, #530, #413 ) ) ;
#769 = LINE ( 'NONE', #1436, #262 ) ;
#770 = ORIENTED_EDGE ( 'NONE', *, *, #856, .F. ) ;
#771 = DIRECTION ( 'NONE',  ( 0.000000000000000000, 0.000000000000000000, 1.000000000000000000 ) ) ;
#772 = DIRECTION ( 'NONE',  ( -1.000000000000000000, -1.060992951667772917E-16, 0.000000000000000000 ) ) ;
#773 = AXIS2_PLACEMENT_3D ( 'NONE', #510, #954, #644 ) ;
#774 = EDGE_CURVE ( 'NONE', #1280, #648, #719, .T. ) ;
#775 = ORIENTED_EDGE ( 'NONE', *, *, #889, .F. ) ;
#776 = AXIS2_PLACEMENT_3D ( 'NONE', #502, #394, #387 ) ;
#777 = FACE_OUTER_BOUND ( 'NONE', #791, .T. ) ;
#778 = AXIS2_PLACEMENT_3D ( 'NONE', #1273, #1135, #815 ) ;
#779 = ORIENTED_EDGE ( 'NONE', *, *, #282, .T. ) ;
#780 = CARTESIAN_POINT ( 'NONE',  ( -34.70000000000027285, -3.329999999999911253, -10.04999999999998828 ) ) ;
#781 = DIRECTION ( 'NONE',  ( 1.000000000000000000, 0.000000000000000000, 0.000000000000000000 ) ) ;
#782 =( LENGTH_UNIT ( ) NAMED_UNIT ( * ) SI_UNIT ( .MILLI., .METRE. ) );
#783 = ORIENTED_EDGE ( 'NONE', *, *, #926, .F. ) ;
#784 = CYLINDRICAL_SURFACE ( 'NONE', #306, 13.18999999999992845 ) ;
#785 = EDGE_CURVE ( 'NONE', #1306, #1320, #266, .T. ) ;
#786 = VERTEX_POINT ( 'NONE', #41 ) ;
#787 = LINE ( 'NONE', #352, #917 ) ;
#788 = EDGE_CURVE ( 'NONE', #1193, #1227, #1142, .T. ) ;
#789 = DIRECTION ( 'NONE',  ( 5.260723202355772988E-16, -1.000000000000000000, 0.000000000000000000 ) ) ;
#790 = APPLICATION_PROTOCOL_DEFINITION ( 'draft international standard', 'automotive_design', 1998, #228 ) ;
#791 = EDGE_LOOP ( 'NONE', ( #759, #879, #1118, #877 ) ) ;
#792 = DIRECTION ( 'NONE',  ( -0.000000000000000000, -0.000000000000000000, 1.000000000000000000 ) ) ;
#793 = ORIENTED_EDGE ( 'NONE', *, *, #150, .F. ) ;
#794 = DIRECTION ( 'NONE',  ( 1.000000000000000000, 6.921589929084518378E-16, -0.000000000000000000 ) ) ;
#795 = EDGE_CURVE ( 'NONE', #1272, #865, #937, .T. ) ;
#796 = PLANE ( 'NONE',  #474 ) ;
#797 = CARTESIAN_POINT ( 'NONE',  ( 1.750000000000001332, -24.52500000000001634, 0.000000000000000000 ) ) ;
#798 = CARTESIAN_POINT ( 'NONE',  ( -26.25784930203750989, 6.874999999998005151, -22.10000000000000142 ) ) ;
#799 = VECTOR ( 'NONE', #518, 1000.000000000000000 ) ;
#800 = CIRCLE ( 'NONE', #888, 13.18999999999993022 ) ;
#801 = AXIS2_PLACEMENT_3D ( 'NONE', #1130, #691, #578 ) ;
#802 = ORIENTED_EDGE ( 'NONE', *, *, #1178, .T. ) ;
#803 = DIRECTION ( 'NONE',  ( 0.000000000000000000, -1.000000000000000000, 0.000000000000000000 ) ) ;
#804 = CIRCLE ( 'NONE', #1358, 3.249999999999933387 ) ;
#805 = EDGE_CURVE ( 'NONE', #764, #1389, #367, .T. ) ;
#806 = DIRECTION ( 'NONE',  ( -1.000000000000000000, -6.921589929084518378E-16, 0.000000000000000000 ) ) ;
#807 = DIRECTION ( 'NONE',  ( -0.000000000000000000, -0.000000000000000000, -1.000000000000000000 ) ) ;
#808 = ORIENTED_EDGE ( 'NONE', *, *, #373, .T. ) ;
#809 = DIRECTION ( 'NONE',  ( -1.196361017915039486E-16, 1.000000000000000000, -0.000000000000000000 ) ) ;
#810 = ORIENTED_EDGE ( 'NONE', *, *, #432, .F. ) ;
#811 = DIRECTION ( 'NONE',  ( 5.260723202355772988E-16, -1.000000000000000000, 0.000000000000000000 ) ) ;
#812 = VERTEX_POINT ( 'NONE', #712 ) ;
#813 = CARTESIAN_POINT ( 'NONE',  ( -29.50784930203744949, 6.874999999998005151, -22.10000000000000142 ) ) ;
#814 = EDGE_LOOP ( 'NONE', ( #820, #1285 ) ) ;
#815 = DIRECTION ( 'NONE',  ( 0.000000000000000000, -1.000000000000000000, 0.000000000000000000 ) ) ;
#816 = ORIENTED_EDGE ( 'NONE', *, *, #1222, .T. ) ;
#817 = FACE_OUTER_BOUND ( 'NONE', #329, .T. ) ;
#818 = DIRECTION ( 'NONE',  ( -0.000000000000000000, -0.000000000000000000, -1.000000000000000000 ) ) ;
#819 = EDGE_CURVE ( 'NONE', #250, #666, #847, .T. ) ;
#820 = ORIENTED_EDGE ( 'NONE', *, *, #1120, .T. ) ;
#821 = AXIS2_PLACEMENT_3D ( 'NONE', #433, #876, #781 ) ;
#822 = CARTESIAN_POINT ( 'NONE',  ( -38.70000000000027285, 4.495897092709751242, -22.09999999999994102 ) ) ;
#823 = CIRCLE ( 'NONE', #187, 3.250000000000000000 ) ;
#824 = CIRCLE ( 'NONE', #520, 13.18999999999993022 ) ;
#825 = VECTOR ( 'NONE', #932, 1000.000000000000000 ) ;
#826 = DIRECTION ( 'NONE',  ( -1.000000000000000000, -1.060992951667772917E-16, -0.000000000000000000 ) ) ;
#827 = DIRECTION ( 'NONE',  ( 1.000000000000000000, 0.000000000000000000, 0.000000000000000000 ) ) ;
#828 = DIRECTION ( 'NONE',  ( -1.000000000000000000, 0.000000000000000000, 0.000000000000000000 ) ) ;
#829 = ORIENTED_EDGE ( 'NONE', *, *, #661, .F. ) ;
#830 = DIRECTION ( 'NONE',  ( -0.000000000000000000, -0.000000000000000000, 1.000000000000000000 ) ) ;
#831 = ADVANCED_FACE ( 'NONE', ( #1368 ), #609, .T. ) ;
#832 = FACE_OUTER_BOUND ( 'NONE', #835, .T. ) ;
#833 = DIRECTION ( 'NONE',  ( -1.000000000000000000, -1.060992951667772917E-16, -0.000000000000000000 ) ) ;
#834 = CARTESIAN_POINT ( 'NONE',  ( -3.249999999999996447, -24.52500000000001990, 3.000000000000000000 ) ) ;
#835 = EDGE_LOOP ( 'NONE', ( #894, #1360, #574, #843, #66, #1257, #523 ) ) ;
#836 = DIRECTION ( 'NONE',  ( 1.000000000000000000, 0.000000000000000000, 0.000000000000000000 ) ) ;
#837 = ADVANCED_FACE ( 'NONE', ( #161, #1157 ), #1051, .T. ) ;
#838 = CARTESIAN_POINT ( 'NONE',  ( -3.249999999999985789, 24.52499999999997726, 6.000000000000000000 ) ) ;
#839 = FACE_OUTER_BOUND ( 'NONE', #608, .T. ) ;
#840 = CARTESIAN_POINT ( 'NONE',  ( -3.469446951953614189E-14, 24.52499999999999503, 3.000000000000000000 ) ) ;
#841 = ORIENTED_EDGE ( 'NONE', *, *, #1075, .F. ) ;
#842 = DIRECTION ( 'NONE',  ( 0.000000000000000000, 0.000000000000000000, 1.000000000000000000 ) ) ;
#843 = ORIENTED_EDGE ( 'NONE', *, *, #850, .T. ) ;
#844 = AXIS2_PLACEMENT_3D ( 'NONE', #1412, #1399, #827 ) ;
#845 = AXIS2_PLACEMENT_3D ( 'NONE', #677, #593, #789 ) ;
#846 = EDGE_CURVE ( 'NONE', #115, #297, #804, .T. ) ;
#847 = CIRCLE ( 'NONE', #778, 3.249999999999999556 ) ;
#848 = CARTESIAN_POINT ( 'NONE',  ( -12.39999999999999858, -20.05000000000005045, 0.000000000000000000 ) ) ;
#849 = CARTESIAN_POINT ( 'NONE',  ( -17.39999999999999147, -24.51250000000002061, -15.94999999999995310 ) ) ;
#850 = EDGE_CURVE ( 'NONE', #1409, #1220, #597, .T. ) ;
#851 = ORIENTED_EDGE ( 'NONE', *, *, #1066, .T. ) ;
#852 = DIRECTION ( 'NONE',  ( 1.000000000000000000, 0.000000000000000000, 0.000000000000000000 ) ) ;
#853 = ORIENTED_EDGE ( 'NONE', *, *, #1247, .F. ) ;
#854 = CARTESIAN_POINT ( 'NONE',  ( -17.60000000000173515, 8.526165884426006869E-13, -20.10000000000000142 ) ) ;
#855 = CARTESIAN_POINT ( 'NONE',  ( -12.39999999999999680, 28.99999999999999645, 0.000000000000000000 ) ) ;
#856 = EDGE_CURVE ( 'NONE', #265, #1049, #497, .T. ) ;
#857 = ORIENTED_EDGE ( 'NONE', *, *, #150, .T. ) ;
#858 = DIRECTION ( 'NONE',  ( 0.000000000000000000, 0.000000000000000000, 1.000000000000000000 ) ) ;
#859 = ORIENTED_EDGE ( 'NONE', *, *, #1238, .F. ) ;
#860 = CARTESIAN_POINT ( 'NONE',  ( -34.70000000000027995, 9.860000000000018971, -10.04999999999999005 ) ) ;
#861 = CYLINDRICAL_SURFACE ( 'NONE', #353, 1.750000000000032641 ) ;
#862 = VERTEX_POINT ( 'NONE', #1030 ) ;
#863 = LINE ( 'NONE', #1305, #288 ) ;
#864 = EDGE_CURVE ( 'NONE', #14, #1000, #470, .T. ) ;
#865 = VERTEX_POINT ( 'NONE', #245 ) ;
#866 = CYLINDRICAL_SURFACE ( 'NONE', #309, 1.750000000000050182 ) ;
#867 = AXIS2_PLACEMENT_3D ( 'NONE', #277, #754, #1177 ) ;
#868 = AXIS2_PLACEMENT_3D ( 'NONE', #145, #601, #45 ) ;
#869 = LINE ( 'NONE', #1101, #259 ) ;
#870 = CIRCLE ( 'NONE', #1264, 9.550000000000034461 ) ;
#871 = ORIENTED_EDGE ( 'NONE', *, *, #686, .T. ) ;
#872 =( LENGTH_UNIT ( ) NAMED_UNIT ( * ) SI_UNIT ( .MILLI., .METRE. ) );
#873 = VERTEX_POINT ( 'NONE', #690 ) ;
#874 = LINE ( 'NONE', #1160, #1052 ) ;
#875 = EDGE_CURVE ( 'NONE', #1362, #764, #1426, .T. ) ;
#876 = DIRECTION ( 'NONE',  ( -0.000000000000000000, -0.000000000000000000, 1.000000000000000000 ) ) ;
#877 = ORIENTED_EDGE ( 'NONE', *, *, #1336, .F. ) ;
#878 = DIRECTION ( 'NONE',  ( 1.000000000000000000, 6.921589929084518378E-16, -0.000000000000000000 ) ) ;
#879 = ORIENTED_EDGE ( 'NONE', *, *, #1414, .T. ) ;
#880 = FACE_OUTER_BOUND ( 'NONE', #1401, .T. ) ;
#881 = ADVANCED_FACE ( 'NONE', ( #25 ), #1044, .F. ) ;
#882 = FACE_OUTER_BOUND ( 'NONE', #969, .T. ) ;
#883 = ORIENTED_EDGE ( 'NONE', *, *, #1032, .T. ) ;
#884 = LINE ( 'NONE', #1326, #6 ) ;
#885 = ORIENTED_EDGE ( 'NONE', *, *, #70, .T. ) ;
#886 = LINE ( 'NONE', #453, #78 ) ;
#887 = MECHANICAL_DESIGN_GEOMETRIC_PRESENTATION_REPRESENTATION (  '', ( #119 ), #10 ) ;
#888 = AXIS2_PLACEMENT_3D ( 'NONE', #860, #1302, #304 ) ;
#889 = EDGE_CURVE ( 'NONE', #196, #1395, #380, .T. ) ;
#890 = CARTESIAN_POINT ( 'NONE',  ( -19.70000000000001350, 20.04999999999994387, 0.000000000000000000 ) ) ;
#891 = FILL_AREA_STYLE ('',( #1233 ) ) ;
#892 = CIRCLE ( 'NONE', #260, 3.249999999999944045 ) ;
#893 = EDGE_CURVE ( 'NONE', #34, #196, #951, .T. ) ;
#894 = ORIENTED_EDGE ( 'NONE', *, *, #1282, .T. ) ;
#895 = AXIS2_PLACEMENT_3D ( 'NONE', #736, #301, #67 ) ;
#896 = DIRECTION ( 'NONE',  ( -0.000000000000000000, -0.000000000000000000, -1.000000000000000000 ) ) ;
#897 = VECTOR ( 'NONE', #1163, 1000.000000000000000 ) ;
#898 = VERTEX_POINT ( 'NONE', #84 ) ;
#899 = FACE_BOUND ( 'NONE', #618, .T. ) ;
#900 = DIRECTION ( 'NONE',  ( 1.000000000000000000, 1.060992951667772917E-16, -0.000000000000000000 ) ) ;
#901 = LINE ( 'NONE', #990, #471 ) ;
#902 = ORIENTED_EDGE ( 'NONE', *, *, #589, .F. ) ;
#903 = LINE ( 'NONE', #116, #32 ) ;
#904 = ADVANCED_FACE ( 'NONE', ( #1295 ), #1064, .F. ) ;
#905 = ORIENTED_EDGE ( 'NONE', *, *, #105, .F. ) ;
#906 = CARTESIAN_POINT ( 'NONE',  ( 3.250000000000013767, 24.52499999999997726, 6.000000000000000000 ) ) ;
#907 = CARTESIAN_POINT ( 'NONE',  ( -34.70000000000028706, 23.04999999999994387, 0.000000000000000000 ) ) ;
#908 = CARTESIAN_POINT ( 'NONE',  ( -17.39999999999999147, -29.00000000000000355, -31.89999999999999858 ) ) ;
#909 = ORIENTED_EDGE ( 'NONE', *, *, #743, .F. ) ;
#910 = DIRECTION ( 'NONE',  ( -5.260723202355773974E-16, 1.000000000000000000, 0.000000000000000000 ) ) ;
#911 = EDGE_CURVE ( 'NONE', #576, #409, #1416, .T. ) ;
#912 = DIRECTION ( 'NONE',  ( -7.265857491002305914E-16, 1.000000000000000000, 0.000000000000000000 ) ) ;
#913 = CARTESIAN_POINT ( 'NONE',  ( -12.39999999999999858, -20.05000000000005045, -41.33941205796202922 ) ) ;
#914 = CARTESIAN_POINT ( 'NONE',  ( -34.70000000000027285, -2.401791705392346216E-14, -9.605635632854155361E-30 ) ) ;
#915 = VECTOR ( 'NONE', #723, 1000.000000000000000 ) ;
#916 = VECTOR ( 'NONE', #1154, 1000.000000000000000 ) ;
#917 = VECTOR ( 'NONE', #560, 1000.000000000000000 ) ;
#918 = EDGE_LOOP ( 'NONE', ( #902, #1060, #1430, #1294 ) ) ;
#919 = DIRECTION ( 'NONE',  ( -0.000000000000000000, -0.000000000000000000, 1.000000000000000000 ) ) ;
#920 = AXIS2_PLACEMENT_3D ( 'NONE', #56, #702, #486 ) ;
#921 = PLANE ( 'NONE',  #1425 ) ;
#922 = DIRECTION ( 'NONE',  ( 1.000000000000000000, 0.000000000000000000, 0.000000000000000000 ) ) ;
#923 = VERTEX_POINT ( 'NONE', #970 ) ;
#924 = CARTESIAN_POINT ( 'NONE',  ( -8.050000000000011369, -3.167270996756291234E-15, 6.000000000000000000 ) ) ;
#925 = DIRECTION ( 'NONE',  ( -1.000000000000000000, -6.921589929084517392E-16, 0.000000000000000000 ) ) ;
#926 = EDGE_CURVE ( 'NONE', #1320, #441, #863, .T. ) ;
#927 = CARTESIAN_POINT ( 'NONE',  ( 3.250000000000003109, -24.52500000000001990, 6.000000000000000000 ) ) ;
#928 = EDGE_LOOP ( 'NONE', ( #557, #212, #594, #711 ) ) ;
#929 = CARTESIAN_POINT ( 'NONE',  ( 3.469446951953614189E-15, -24.52500000000001990, 6.000000000000000000 ) ) ;
#930 = ORIENTED_EDGE ( 'NONE', *, *, #692, .F. ) ;
#931 = LINE ( 'NONE', #269, #1404 ) ;
#932 = DIRECTION ( 'NONE',  ( -0.000000000000000000, -0.000000000000000000, -1.000000000000000000 ) ) ;
#933 = EDGE_CURVE ( 'NONE', #668, #812, #1396, .T. ) ;
#934 = EDGE_LOOP ( 'NONE', ( #714, #966 ) ) ;
#935 = CIRCLE ( 'NONE', #73, 3.249999999999999556 ) ;
#936 = AXIS2_PLACEMENT_3D ( 'NONE', #854, #276, #298 ) ;
#937 = LINE ( 'NONE', #479, #356 ) ;
#938 = AXIS2_PLACEMENT_3D ( 'NONE', #467, #369, #584 ) ;
#939 = AXIS2_PLACEMENT_3D ( 'NONE', #310, #1081, #529 ) ;
#940 = VECTOR ( 'NONE', #1400, 1000.000000000000000 ) ;
#941 = CARTESIAN_POINT ( 'NONE',  ( 1.387778780781445676E-14, 24.52499999999997726, 6.000000000000000000 ) ) ;
#942 = CARTESIAN_POINT ( 'NONE',  ( -12.39999999999999858, -20.05000000000005045, 0.000000000000000000 ) ) ;
#943 = DIRECTION ( 'NONE',  ( 1.000000000000000000, 0.000000000000000000, 0.000000000000000000 ) ) ;
#944 = EDGE_LOOP ( 'NONE', ( #724, #1179, #705, #1173 ) ) ;
#945 = DIRECTION ( 'NONE',  ( 0.000000000000000000, 0.000000000000000000, -1.000000000000000000 ) ) ;
#946 = EDGE_CURVE ( 'NONE', #14, #236, #731, .T. ) ;
#947 = FACE_BOUND ( 'NONE', #362, .T. ) ;
#948 = CARTESIAN_POINT ( 'NONE',  ( -26.25784930203640144, -6.875000000000231815, -22.10000000000000142 ) ) ;
#949 = FACE_OUTER_BOUND ( 'NONE', #646, .T. ) ;
#950 = EDGE_LOOP ( 'NONE', ( #1058, #1116, #94, #478 ) ) ;
#951 = LINE ( 'NONE', #414, #961 ) ;
#952 = ADVANCED_FACE ( 'NONE', ( #758 ), #630, .F. ) ;
#953 = ORIENTED_EDGE ( 'NONE', *, *, #1032, .F. ) ;
#954 = DIRECTION ( 'NONE',  ( 1.000000000000000000, 6.921589929084518378E-16, -0.000000000000000000 ) ) ;
#955 = CYLINDRICAL_SURFACE ( 'NONE', #867, 3.249999999999940492 ) ;
#956 = EDGE_LOOP ( 'NONE', ( #779, #857 ) ) ;
#957 = CARTESIAN_POINT ( 'NONE',  ( -38.70000000000026574, -3.329999999999916582, -10.04999999999998828 ) ) ;
#958 = CIRCLE ( 'NONE', #1330, 3.250000000000000000 ) ;
#959 = VECTOR ( 'NONE', #496, 1000.000000000000000 ) ;
#960 = EDGE_CURVE ( 'NONE', #1036, #786, #824, .T. ) ;
#961 = VECTOR ( 'NONE', #171, 1000.000000000000000 ) ;
#962 = LINE ( 'NONE', #621, #331 ) ;
#963 = DIRECTION ( 'NONE',  ( 1.000000000000000000, 1.060992951667773040E-16, -0.000000000000000000 ) ) ;
#964 = ORIENTED_EDGE ( 'NONE', *, *, #988, .T. ) ;
#965 = CARTESIAN_POINT ( 'NONE',  ( -32.75784930203626999, -6.875000000000231815, -22.10000000000000142 ) ) ;
#966 = ORIENTED_EDGE ( 'NONE', *, *, #268, .T. ) ;
#967 = DIRECTION ( 'NONE',  ( 0.2447747474021806924, -0.9695799724799386565, 0.000000000000000000 ) ) ;
#968 = CARTESIAN_POINT ( 'NONE',  ( -15.39999999999998970, -24.51250000000002061, -15.94999999999995310 ) ) ;
#969 = EDGE_LOOP ( 'NONE', ( #244, #802, #1112, #176 ) ) ;
#970 = CARTESIAN_POINT ( 'NONE',  ( -38.70000000000027285, 4.495897092709751242, -22.09999999999994102 ) ) ;
#971 = ORIENTED_EDGE ( 'NONE', *, *, #193, .T. ) ;
#972 = CARTESIAN_POINT ( 'NONE',  ( -12.39999999999998970, -29.00000000000000355, 3.000000000000000000 ) ) ;
#973 = FACE_BOUND ( 'NONE', #174, .T. ) ;
#974 = ORIENTED_EDGE ( 'NONE', *, *, #561, .T. ) ;
#975 = DIRECTION ( 'NONE',  ( 1.000000000000000000, 6.921589929084518378E-16, -0.000000000000000000 ) ) ;
#976 = ADVANCED_FACE ( 'NONE', ( #197 ), #647, .F. ) ;
#977 = VERTEX_POINT ( 'NONE', #1059 ) ;
#978 = DIRECTION ( 'NONE',  ( 0.000000000000000000, -0.000000000000000000, -1.000000000000000000 ) ) ;
#979 = AXIS2_PLACEMENT_3D ( 'NONE', #840, #195, #1277 ) ;
#980 = CIRCLE ( 'NONE', #567, 9.550000000000038014 ) ;
#981 = CIRCLE ( 'NONE', #1194, 9.550000000000038014 ) ;
#982 = DIRECTION ( 'NONE',  ( 0.000000000000000000, -1.000000000000000000, 0.000000000000000000 ) ) ;
#983 = VECTOR ( 'NONE', #809, 1000.000000000000000 ) ;
#984 = ORIENTED_EDGE ( 'NONE', *, *, #774, .T. ) ;
#985 = DIRECTION ( 'NONE',  ( -0.9661989739208016736, -0.2577974840730410389, 0.000000000000000000 ) ) ;
#986 = EDGE_LOOP ( 'NONE', ( #133, #386 ) ) ;
#987 = PLANE ( 'NONE',  #1007 ) ;
#988 = EDGE_CURVE ( 'NONE', #250, #737, #188, .T. ) ;
#989 = DIRECTION ( 'NONE',  ( 1.000000000000000000, 0.000000000000000000, 0.000000000000000000 ) ) ;
#990 = CARTESIAN_POINT ( 'NONE',  ( -38.70000000000027995, 23.04999999999994387, -10.04999999999999005 ) ) ;
#991 = EDGE_LOOP ( 'NONE', ( #1417, #186, #1151, #17 ) ) ;
#992 = CARTESIAN_POINT ( 'NONE',  ( 1.387778780781445676E-14, 24.52499999999997726, 6.000000000000000000 ) ) ;
#993 = ORIENTED_EDGE ( 'NONE', *, *, #997, .F. ) ;
#994 = FACE_BOUND ( 'NONE', #1199, .T. ) ;
#995 = EDGE_CURVE ( 'NONE', #1136, #1339, #311, .T. ) ;
#996 = UNCERTAINTY_MEASURE_WITH_UNIT (LENGTH_MEASURE( 1.000000000000000082E-05 ), #782, 'distance_accuracy_value', 'NONE');
#997 = EDGE_CURVE ( 'NONE', #1036, #623, #1421, .T. ) ;
#998 = LINE ( 'NONE', #890, #284 ) ;
#999 =( LENGTH_UNIT ( ) NAMED_UNIT ( * ) SI_UNIT ( .MILLI., .METRE. ) );
#1000 = VERTEX_POINT ( 'NONE', #428 ) ;
#1001 = SURFACE_STYLE_FILL_AREA ( #558 ) ;
#1002 = ORIENTED_EDGE ( 'NONE', *, *, #856, .T. ) ;
#1003 = CARTESIAN_POINT ( 'NONE',  ( -32.75784930203739265, 6.874999999998005151, -20.10000000000000142 ) ) ;
#1004 = COLOUR_RGB ( '',0.000000000000000000, 0.5019607843137254832, 0.000000000000000000 ) ;
#1005 = CARTESIAN_POINT ( 'NONE',  ( -34.70000000000027995, 9.860000000000018971, -10.04999999999999005 ) ) ;
#1006 = EDGE_CURVE ( 'NONE', #1041, #1094, #1103, .T. ) ;
#1007 = AXIS2_PLACEMENT_3D ( 'NONE', #1340, #325, #1213 ) ;
#1008 = EDGE_LOOP ( 'NONE', ( #337, #841 ) ) ;
#1009 = CIRCLE ( 'NONE', #314, 3.250000000000000000 ) ;
#1010 = DIRECTION ( 'NONE',  ( -0.9661989739208016736, -0.2577974840730410389, 0.000000000000000000 ) ) ;
#1011 = AXIS2_PLACEMENT_3D ( 'NONE', #717, #1262, #1020 ) ;
#1012 = ORIENTED_EDGE ( 'NONE', *, *, #231, .T. ) ;
#1013 = DIRECTION ( 'NONE',  ( 1.060992951667772917E-16, -1.000000000000000000, 0.000000000000000000 ) ) ;
#1014 = FACE_OUTER_BOUND ( 'NONE', #430, .T. ) ;
#1015 = CARTESIAN_POINT ( 'NONE',  ( -27.15000000000008029, -4.336808689942017736E-15, 3.000000000000000000 ) ) ;
#1016 = ORIENTED_EDGE ( 'NONE', *, *, #1066, .F. ) ;
#1017 = LINE ( 'NONE', #1113, #495 ) ;
#1018 = CARTESIAN_POINT ( 'NONE',  ( 12.40000000000000391, 28.99999999999999645, 3.000000000000000000 ) ) ;
#1019 = FACE_OUTER_BOUND ( 'NONE', #426, .T. ) ;
#1020 = DIRECTION ( 'NONE',  ( 1.000000000000000000, 0.000000000000000000, 0.000000000000000000 ) ) ;
#1021 = VERTEX_POINT ( 'NONE', #1190 ) ;
#1022 = CARTESIAN_POINT ( 'NONE',  ( -3.122502256758252770E-14, -24.52500000000001634, -4.949747468305953468 ) ) ;
#1023 = EDGE_CURVE ( 'NONE', #764, #1362, #870, .T. ) ;
#1024 = ORIENTED_EDGE ( 'NONE', *, *, #320, .F. ) ;
#1025 = CARTESIAN_POINT ( 'NONE',  ( -38.70000000000027285, 9.860000000000017195, -10.04999999999999005 ) ) ;
#1026 = DIRECTION ( 'NONE',  ( 6.921589929084517392E-16, -1.000000000000000000, 0.000000000000000000 ) ) ;
#1027 = CIRCLE ( 'NONE', #844, 9.550000000000034461 ) ;
#1028 = CIRCLE ( 'NONE', #52, 9.550000000000038014 ) ;
#1029 = ORIENTED_EDGE ( 'NONE', *, *, #489, .F. ) ;
#1030 = CARTESIAN_POINT ( 'NONE',  ( -1.750000000000076605, 24.52499999999999503, 0.000000000000000000 ) ) ;
#1031 = VECTOR ( 'NONE', #975, 1000.000000000000000 ) ;
#1032 = EDGE_CURVE ( 'NONE', #626, #128, #240, .T. ) ;
#1033 = LINE ( 'NONE', #37, #1240 ) ;
#1034 = EDGE_LOOP ( 'NONE', ( #1073, #366 ) ) ;
#1035 = CYLINDRICAL_SURFACE ( 'NONE', #610, 1.750000000000041966 ) ;
#1036 = VERTEX_POINT ( 'NONE', #957 ) ;
#1037 = CARTESIAN_POINT ( 'NONE',  ( -34.70000000000025864, -20.05000000000006111, -22.10000000000000142 ) ) ;
#1038 = ORIENTED_EDGE ( 'NONE', *, *, #80, .T. ) ;
#1039 = FACE_OUTER_BOUND ( 'NONE', #252, .T. ) ;
#1040 = EDGE_CURVE ( 'NONE', #222, #343, #1403, .T. ) ;
#1041 = VERTEX_POINT ( 'NONE', #965 ) ;
#1042 = FACE_BOUND ( 'NONE', #652, .T. ) ;
#1043 = ORIENTED_EDGE ( 'NONE', *, *, #933, .T. ) ;
#1044 = CYLINDRICAL_SURFACE ( 'NONE', #169, 1.750000000000032641 ) ;
#1045 = LINE ( 'NONE', #48, #959 ) ;
#1046 = EDGE_CURVE ( 'NONE', #668, #1306, #1410, .T. ) ;
#1047 = LINE ( 'NONE', #285, #164 ) ;
#1048 = FACE_OUTER_BOUND ( 'NONE', #814, .T. ) ;
#1049 = VERTEX_POINT ( 'NONE', #660 ) ;
#1050 = AXIS2_PLACEMENT_3D ( 'NONE', #1248, #248, #693 ) ;
#1051 = PLANE ( 'NONE',  #920 ) ;
#1052 = VECTOR ( 'NONE', #826, 1000.000000000000000 ) ;
#1053 = VECTOR ( 'NONE', #522, 1000.000000000000000 ) ;
#1054 = CARTESIAN_POINT ( 'NONE',  ( -34.70000000000028706, 23.04999999999994387, -10.04999999999999005 ) ) ;
#1055 = LINE ( 'NONE', #942, #590 ) ;
#1056 = PLANE ( 'NONE',  #1422 ) ;
#1057 = EDGE_CURVE ( 'NONE', #1041, #115, #565, .T. ) ;
#1058 = ORIENTED_EDGE ( 'NONE', *, *, #875, .T. ) ;
#1059 = CARTESIAN_POINT ( 'NONE',  ( -12.39999999999999680, 28.99999999999999645, 6.000000000000000000 ) ) ;
#1060 = ORIENTED_EDGE ( 'NONE', *, *, #527, .T. ) ;
#1061 = DIRECTION ( 'NONE',  ( -0.000000000000000000, -0.000000000000000000, -1.000000000000000000 ) ) ;
#1062 = CARTESIAN_POINT ( 'NONE',  ( -38.70000000000028706, 15.22410290729016857, -22.09999999999994102 ) ) ;
#1063 = ORIENTED_EDGE ( 'NONE', *, *, #774, .F. ) ;
#1064 = CYLINDRICAL_SURFACE ( 'NONE', #939, 3.250000000000000000 ) ;
#1065 = VERTEX_POINT ( 'NONE', #544 ) ;
#1066 = EDGE_CURVE ( 'NONE', #128, #626, #429, .T. ) ;
#1067 = DIRECTION ( 'NONE',  ( 0.2447747474021806924, -0.9695799724799386565, -0.000000000000000000 ) ) ;
#1068 = CARTESIAN_POINT ( 'NONE',  ( -38.70000000000028706, 15.22410290729016857, -22.09999999999994102 ) ) ;
#1069 = ORIENTED_EDGE ( 'NONE', *, *, #70, .F. ) ;
#1070 = CARTESIAN_POINT ( 'NONE',  ( -38.70000000000027995, 19.41000000000005343, -10.04999999999999005 ) ) ;
#1071 = CIRCLE ( 'NONE', #1169, 1.750000000000041966 ) ;
#1072 = AXIS2_PLACEMENT_3D ( 'NONE', #100, #549, #989 ) ;
#1073 = ORIENTED_EDGE ( 'NONE', *, *, #721, .T. ) ;
#1074 = CIRCLE ( 'NONE', #801, 1.750000000000041966 ) ;
#1075 = EDGE_CURVE ( 'NONE', #170, #371, #1241, .T. ) ;
#1076 = AXIS2_PLACEMENT_3D ( 'NONE', #361, #1088, #507 ) ;
#1077 = PRESENTATION_LAYER_ASSIGNMENT (  '', '', ( #119 ) ) ;
#1078 = CARTESIAN_POINT ( 'NONE',  ( -34.70000000000028706, 15.22410290729017213, -22.09999999999994102 ) ) ;
#1079 = DIRECTION ( 'NONE',  ( 0.9555803660361440466, 0.2947306635662957364, 0.000000000000000000 ) ) ;
#1080 = EDGE_LOOP ( 'NONE', ( #851, #816, #1189, #1337 ) ) ;
#1081 = DIRECTION ( 'NONE',  ( -0.000000000000000000, -0.000000000000000000, -1.000000000000000000 ) ) ;
#1082 = ORIENTED_EDGE ( 'NONE', *, *, #1398, .T. ) ;
#1083 = CARTESIAN_POINT ( 'NONE',  ( -34.70000000000001705, 23.04999999999994387, -23.08013214866851115 ) ) ;
#1084 = EDGE_CURVE ( 'NONE', #542, #14, #903, .T. ) ;
#1085 = FACE_OUTER_BOUND ( 'NONE', #1104, .T. ) ;
#1086 = EDGE_CURVE ( 'NONE', #623, #576, #79, .T. ) ;
#1087 = ORIENTED_EDGE ( 'NONE', *, *, #1006, .T. ) ;
#1088 = DIRECTION ( 'NONE',  ( 0.000000000000000000, 0.000000000000000000, 1.000000000000000000 ) ) ;
#1089 = ORIENTED_EDGE ( 'NONE', *, *, #124, .T. ) ;
#1090 = DIRECTION ( 'NONE',  ( 0.000000000000000000, -1.000000000000000000, 0.000000000000000000 ) ) ;
#1091 = DIRECTION ( 'NONE',  ( 5.260723202355772988E-16, -1.000000000000000000, 0.000000000000000000 ) ) ;
#1092 = APPLICATION_PROTOCOL_DEFINITION ( 'draft international standard', 'automotive_design', 1998, #408 ) ;
#1093 = EDGE_CURVE ( 'NONE', #1162, #236, #769, .T. ) ;
#1094 = VERTEX_POINT ( 'NONE', #442 ) ;
#1095 = DIRECTION ( 'NONE',  ( -0.2577974840730410944, 0.9661989739208017847, 0.000000000000000000 ) ) ;
#1096 = ORIENTED_EDGE ( 'NONE', *, *, #864, .T. ) ;
#1097 = FACE_BOUND ( 'NONE', #1405, .T. ) ;
#1098 = CIRCLE ( 'NONE', #979, 1.750000000000041966 ) ;
#1099 = AXIS2_PLACEMENT_3D ( 'NONE', #234, #678, #1124 ) ;
#1100 = VECTOR ( 'NONE', #206, 1000.000000000000000 ) ;
#1101 = CARTESIAN_POINT ( 'NONE',  ( -34.70000000000028706, 23.04999999999994387, -22.10000000000000142 ) ) ;
#1102 =( NAMED_UNIT ( * ) PLANE_ANGLE_UNIT ( ) SI_UNIT ( $, .RADIAN. ) );
#1103 = CIRCLE ( 'NONE', #1125, 3.249999999999933387 ) ;
#1104 = EDGE_LOOP ( 'NONE', ( #620, #871, #596, #629 ) ) ;
#1105 = DIRECTION ( 'NONE',  ( 0.000000000000000000, 0.000000000000000000, 1.000000000000000000 ) ) ;
#1106 = ORIENTED_EDGE ( 'NONE', *, *, #400, .F. ) ;
#1107 = DIRECTION ( 'NONE',  ( 1.000000000000000000, 0.000000000000000000, 0.000000000000000000 ) ) ;
#1108 = EDGE_CURVE ( 'NONE', #977, #1168, #575, .T. ) ;
#1109 = CYLINDRICAL_SURFACE ( 'NONE', #728, 3.250000000000000000 ) ;
#1110 = ORIENTED_EDGE ( 'NONE', *, *, #1040, .T. ) ;
#1111 = DIRECTION ( 'NONE',  ( -0.000000000000000000, 0.000000000000000000, 1.000000000000000000 ) ) ;
#1112 = ORIENTED_EDGE ( 'NONE', *, *, #1120, .F. ) ;
#1113 = CARTESIAN_POINT ( 'NONE',  ( -3.478298950516615077E-15, 23.04999999999995097, 0.000000000000000000 ) ) ;
#1114 = EDGE_CURVE ( 'NONE', #668, #308, #884, .T. ) ;
#1115 = LINE ( 'NONE', #113, #143 ) ;
#1116 = ORIENTED_EDGE ( 'NONE', *, *, #805, .T. ) ;
#1117 = CYLINDRICAL_SURFACE ( 'NONE', #1376, 20.00000000000050804 ) ;
#1118 = ORIENTED_EDGE ( 'NONE', *, *, #224, .T. ) ;
#1119 = PLANE ( 'NONE',  #706 ) ;
#1120 = EDGE_CURVE ( 'NONE', #1339, #1136, #1009, .T. ) ;
#1121 = CIRCLE ( 'NONE', #494, 1.750000000000050182 ) ;
#1122 = CARTESIAN_POINT ( 'NONE',  ( -19.70000000000001350, 20.04999999999994387, -60.31206286675678285 ) ) ;
#1123 = CIRCLE ( 'NONE', #1333, 3.249999999999933387 ) ;
#1124 = DIRECTION ( 'NONE',  ( 0.000000000000000000, 0.000000000000000000, 1.000000000000000000 ) ) ;
#1125 = AXIS2_PLACEMENT_3D ( 'NONE', #1279, #748, #279 ) ;
#1126 = SURFACE_STYLE_USAGE ( .BOTH. , #1442 ) ;
#1127 = VECTOR ( 'NONE', #350, 1000.000000000000000 ) ;
#1128 = ORIENTED_EDGE ( 'NONE', *, *, #339, .F. ) ;
#1129 = CARTESIAN_POINT ( 'NONE',  ( -17.39999999999999147, -29.00000000000000355, 0.000000000000000000 ) ) ;
#1130 = CARTESIAN_POINT ( 'NONE',  ( -3.469446951953614189E-14, 24.52499999999999503, 0.000000000000000000 ) ) ;
#1131 = ADVANCED_FACE ( 'NONE', ( #330 ), #1117, .T. ) ;
#1132 = CARTESIAN_POINT ( 'NONE',  ( -12.39999999999999858, -20.05000000000005045, 0.000000000000000000 ) ) ;
#1133 = DIRECTION ( 'NONE',  ( -1.000000000000000000, -6.921589929084517392E-16, 0.000000000000000000 ) ) ;
#1134 = VERTEX_POINT ( 'NONE', #1221 ) ;
#1135 = DIRECTION ( 'NONE',  ( -1.000000000000000000, -1.060992951667772917E-16, 0.000000000000000000 ) ) ;
#1136 = VERTEX_POINT ( 'NONE', #13 ) ;
#1137 = LINE ( 'NONE', #1018, #378 ) ;
#1138 = EDGE_LOOP ( 'NONE', ( #97, #267, #672, #485 ) ) ;
#1139 = LINE ( 'NONE', #927, #238 ) ;
#1140 = ADVANCED_FACE ( 'NONE', ( #338 ), #227, .T. ) ;
#1141 = ORIENTED_EDGE ( 'NONE', *, *, #302, .F. ) ;
#1142 = LINE ( 'NONE', #140, #983 ) ;
#1143 = DIRECTION ( 'NONE',  ( -1.000000000000000000, 1.730397482271129348E-16, 0.000000000000000000 ) ) ;
#1144 = EDGE_LOOP ( 'NONE', ( #1164, #1212, #117, #278 ) ) ;
#1145 = DIRECTION ( 'NONE',  ( -0.000000000000000000, -0.000000000000000000, 1.000000000000000000 ) ) ;
#1146 = AXIS2_PLACEMENT_3D ( 'NONE', #913, #137, #358 ) ;
#1147 = AXIS2_PLACEMENT_3D ( 'NONE', #1418, #162, #765 ) ;
#1148 = ORIENTED_EDGE ( 'NONE', *, *, #68, .T. ) ;
#1149 = DIRECTION ( 'NONE',  ( -1.000000000000000000, -1.555805808050927783E-16, 0.000000000000000000 ) ) ;
#1150 = ADVANCED_FACE ( 'NONE', ( #777 ), #784, .T. ) ;
#1151 = ORIENTED_EDGE ( 'NONE', *, *, #1086, .T. ) ;
#1152 = ADVANCED_FACE ( 'NONE', ( #1235 ), #667, .T. ) ;
#1153 = FACE_BOUND ( 'NONE', #1382, .T. ) ;
#1154 = DIRECTION ( 'NONE',  ( 0.000000000000000000, 0.000000000000000000, -1.000000000000000000 ) ) ;
#1155 = CARTESIAN_POINT ( 'NONE',  ( -3.469446951953614189E-14, 24.52499999999999503, -4.949747468305953468 ) ) ;
#1156 = ORIENTED_EDGE ( 'NONE', *, *, #1324, .T. ) ;
#1157 = FACE_OUTER_BOUND ( 'NONE', #1144, .T. ) ;
#1158 = MANIFOLD_SOLID_BREP ( 'Dodanie-wyci¹gniêcie19', #1170 ) ;
#1159 = EDGE_CURVE ( 'NONE', #1168, #542, #153, .T. ) ;
#1160 = CARTESIAN_POINT ( 'NONE',  ( -7.450252531694022906, -22.76249999999997087, -15.95000000000000639 ) ) ;
#1161 = CARTESIAN_POINT ( 'NONE',  ( 3.469446951953614189E-15, -24.52500000000001990, 6.000000000000000000 ) ) ;
#1162 = VERTEX_POINT ( 'NONE', #679 ) ;
#1163 = DIRECTION ( 'NONE',  ( 1.293579564716546192E-15, -1.000000000000000000, -0.000000000000000000 ) ) ;
#1164 = ORIENTED_EDGE ( 'NONE', *, *, #1267, .T. ) ;
#1165 = FACE_OUTER_BOUND ( 'NONE', #85, .T. ) ;
#1166 = CARTESIAN_POINT ( 'NONE',  ( -12.39999999999999680, 28.99999999999999645, 3.000000000000000000 ) ) ;
#1167 = DIRECTION ( 'NONE',  ( 0.000000000000000000, -0.000000000000000000, 1.000000000000000000 ) ) ;
#1168 = VERTEX_POINT ( 'NONE', #607 ) ;
#1169 = AXIS2_PLACEMENT_3D ( 'NONE', #616, #59, #505 ) ;
#1170 = CLOSED_SHELL ( 'NONE', ( #1363, #202, #625, #1150, #740, #355, #1256, #221, #545, #62, #1365, #247, #837, #670, #831, #1195, #254, #1203, #447, #1274, #573, #591, #44, #1439, #165, #385, #1186, #881, #509, #438, #534, #976, #904, #952, #1152, #732, #1348, #1254, #1291, #112, #650, #18, #370, #1209, #1131, #1140, #554, #111 ) ) ;
#1171 = DIRECTION ( 'NONE',  ( 0.000000000000000000, 0.000000000000000000, 1.000000000000000000 ) ) ;
#1172 = AXIS2_PLACEMENT_3D ( 'NONE', #941, #649, #1316 ) ;
#1173 = ORIENTED_EDGE ( 'NONE', *, *, #1040, .F. ) ;
#1174 = VECTOR ( 'NONE', #696, 1000.000000000000000 ) ;
#1175 = DIRECTION ( 'NONE',  ( 0.000000000000000000, 0.000000000000000000, -1.000000000000000000 ) ) ;
#1176 = DIRECTION ( 'NONE',  ( -0.9695799724799387675, -0.2447747474021807201, 0.000000000000000000 ) ) ;
#1177 = DIRECTION ( 'NONE',  ( 1.000000000000000000, 0.000000000000000000, 0.000000000000000000 ) ) ;
#1178 = EDGE_CURVE ( 'NONE', #265, #1136, #1139, .T. ) ;
#1179 = ORIENTED_EDGE ( 'NONE', *, *, #294, .T. ) ;
#1180 = DIRECTION ( 'NONE',  ( -1.000000000000000000, 0.000000000000000000, 0.000000000000000000 ) ) ;
#1181 = ORIENTED_EDGE ( 'NONE', *, *, #420, .T. ) ;
#1182 = LINE ( 'NONE', #627, #239 ) ;
#1183 = DIRECTION ( 'NONE',  ( 1.196361017915039239E-16, -1.000000000000000000, 0.000000000000000000 ) ) ;
#1184 = ORIENTED_EDGE ( 'NONE', *, *, #805, .F. ) ;
#1185 = CARTESIAN_POINT ( 'NONE',  ( -17.60000000000004761, -4.336808689942017736E-15, 6.000000000000000000 ) ) ;
#1186 = ADVANCED_FACE ( 'NONE', ( #710 ), #1035, .F. ) ;
#1187 = DIRECTION ( 'NONE',  ( 0.000000000000000000, 0.000000000000000000, 1.000000000000000000 ) ) ;
#1188 = DIRECTION ( 'NONE',  ( 1.000000000000000000, 0.000000000000000000, 0.000000000000000000 ) ) ;
#1189 = ORIENTED_EDGE ( 'NONE', *, *, #721, .F. ) ;
#1190 = CARTESIAN_POINT ( 'NONE',  ( -15.39999999999998970, -27.76250000000002061, -15.94999999999995310 ) ) ;
#1191 = PRESENTATION_LAYER_ASSIGNMENT (  '', '', ( #376 ) ) ;
#1192 = AXIS2_PLACEMENT_3D ( 'NONE', #1161, #1187, #172 ) ;
#1193 = VERTEX_POINT ( 'NONE', #580 ) ;
#1194 = AXIS2_PLACEMENT_3D ( 'NONE', #1375, #760, #1392 ) ;
#1195 = ADVANCED_FACE ( 'NONE', ( #359 ), #484, .T. ) ;
#1196 = AXIS2_PLACEMENT_3D ( 'NONE', #628, #1413, #1079 ) ;
#1197 = DIRECTION ( 'NONE',  ( -0.000000000000000000, -0.000000000000000000, -1.000000000000000000 ) ) ;
#1198 = CARTESIAN_POINT ( 'NONE',  ( -8.050000000000011369, -3.167270996756291234E-15, 3.000000000000000000 ) ) ;
#1199 = EDGE_LOOP ( 'NONE', ( #1299, #909 ) ) ;
#1200 = DIRECTION ( 'NONE',  ( -0.000000000000000000, -0.000000000000000000, -1.000000000000000000 ) ) ;
#1201 = ORIENTED_EDGE ( 'NONE', *, *, #515, .F. ) ;
#1202 = CARTESIAN_POINT ( 'NONE',  ( -29.50784930203744949, 6.874999999998005151, -20.10000000000000142 ) ) ;
#1203 = ADVANCED_FACE ( 'NONE', ( #1042, #1048 ), #586, .T. ) ;
#1204 = LINE ( 'NONE', #194, #1377 ) ;
#1205 = ORIENTED_EDGE ( 'NONE', *, *, #960, .T. ) ;
#1206 = DIRECTION ( 'NONE',  ( -0.000000000000000000, -0.000000000000000000, -1.000000000000000000 ) ) ;
#1207 = ORIENTED_EDGE ( 'NONE', *, *, #676, .T. ) ;
#1208 = CARTESIAN_POINT ( 'NONE',  ( -1.750000000000063727, -24.52500000000001634, -4.949747468305953468 ) ) ;
#1209 = ADVANCED_FACE ( 'NONE', ( #365 ), #159, .T. ) ;
#1210 = CARTESIAN_POINT ( 'NONE',  ( -38.70000000000026574, 0.3099999999999786815, -10.04999999999998828 ) ) ;
#1211 = DIRECTION ( 'NONE',  ( 0.000000000000000000, 0.000000000000000000, 1.000000000000000000 ) ) ;
#1212 = ORIENTED_EDGE ( 'NONE', *, *, #1046, .T. ) ;
#1213 = DIRECTION ( 'NONE',  ( -1.000000000000000000, 0.000000000000000000, -0.000000000000000000 ) ) ;
#1214 = PRODUCT_DEFINITION_FORMATION_WITH_SPECIFIED_SOURCE ( 'ANY', '', #218, .NOT_KNOWN. ) ;
#1215 = VECTOR ( 'NONE', #606, 1000.000000000000000 ) ;
#1216 = CIRCLE ( 'NONE', #1309, 1.750000000000041966 ) ;
#1217 = LINE ( 'NONE', #532, #611 ) ;
#1218 = PLANE ( 'NONE',  #516 ) ;
#1219 = AXIS2_PLACEMENT_3D ( 'NONE', #180, #1171, #61 ) ;
#1220 = VERTEX_POINT ( 'NONE', #1359 ) ;
#1221 = CARTESIAN_POINT ( 'NONE',  ( -19.69999999999999218, -19.88944443668535200, 5.999999999999998224 ) ) ;
#1222 = EDGE_CURVE ( 'NONE', #626, #303, #33, .T. ) ;
#1223 = ORIENTED_EDGE ( 'NONE', *, *, #11, .F. ) ;
#1224 = FACE_OUTER_BOUND ( 'NONE', #19, .T. ) ;
#1225 = DIRECTION ( 'NONE',  ( 1.000000000000000000, 6.921589929084518378E-16, -0.000000000000000000 ) ) ;
#1226 = DIRECTION ( 'NONE',  ( 0.000000000000000000, 0.000000000000000000, -1.000000000000000000 ) ) ;
#1227 = VERTEX_POINT ( 'NONE', #1379 ) ;
#1228 = DIRECTION ( 'NONE',  ( -1.904080891578108605E-16, 1.000000000000000000, -0.000000000000000000 ) ) ;
#1229 = ORIENTED_EDGE ( 'NONE', *, *, #410, .F. ) ;
#1230 = DIRECTION ( 'NONE',  ( 0.000000000000000000, 0.000000000000000000, -1.000000000000000000 ) ) ;
#1231 = PRODUCT_DEFINITION ( 'UNKNOWN', '', #1214, #1331 ) ;
#1232 = FACE_OUTER_BOUND ( 'NONE', #1374, .T. ) ;
#1233 = FILL_AREA_STYLE_COLOUR ( '', #1004 ) ;
#1234 = DIRECTION ( 'NONE',  ( -5.260723202355773974E-16, 1.000000000000000000, 0.000000000000000000 ) ) ;
#1235 = FACE_OUTER_BOUND ( 'NONE', #956, .T. ) ;
#1236 = EDGE_LOOP ( 'NONE', ( #257, #483, #443, #1012 ) ) ;
#1237 = FACE_BOUND ( 'NONE', #460, .T. ) ;
#1238 = EDGE_CURVE ( 'NONE', #441, #1435, #138, .T. ) ;
#1239 = CARTESIAN_POINT ( 'NONE',  ( -38.70000000000027285, 9.860000000000017195, -10.04999999999999005 ) ) ;
#1240 = VECTOR ( 'NONE', #481, 1000.000000000000000 ) ;
#1241 = CIRCLE ( 'NONE', #662, 1.750000000000050182 ) ;
#1242 = CARTESIAN_POINT ( 'NONE',  ( -29.50784930203633749, -6.875000000000231815, -22.10000000000000142 ) ) ;
#1243 = ORIENTED_EDGE ( 'NONE', *, *, #457, .T. ) ;
#1244 = CARTESIAN_POINT ( 'NONE',  ( 1.387778780781445676E-14, 24.52499999999997726, 3.000000000000000000 ) ) ;
#1245 = ORIENTED_EDGE ( 'NONE', *, *, #1406, .T. ) ;
#1246 = LINE ( 'NONE', #144, #31 ) ;
#1247 = EDGE_CURVE ( 'NONE', #1280, #1272, #1384, .T. ) ;
#1248 = CARTESIAN_POINT ( 'NONE',  ( -38.70000000000027285, 9.860000000000017195, -10.04999999999999005 ) ) ;
#1249 = DIRECTION ( 'NONE',  ( 0.000000000000000000, -1.000000000000000000, 0.000000000000000000 ) ) ;
#1250 = EDGE_LOOP ( 'NONE', ( #537, #397, #1223, #683 ) ) ;
#1251 = DIRECTION ( 'NONE',  ( -1.000000000000000000, -1.060992951667772917E-16, 0.000000000000000000 ) ) ;
#1252 = ORIENTED_EDGE ( 'NONE', *, *, #926, .T. ) ;
#1253 = DIRECTION ( 'NONE',  ( 1.000000000000000000, 6.921589929084518378E-16, -0.000000000000000000 ) ) ;
#1254 = ADVANCED_FACE ( 'NONE', ( #699 ), #382, .F. ) ;
#1255 = DIRECTION ( 'NONE',  ( -1.000000000000000000, 0.000000000000000000, 0.000000000000000000 ) ) ;
#1256 = ADVANCED_FACE ( 'NONE', ( #595 ), #372, .F. ) ;
#1257 = ORIENTED_EDGE ( 'NONE', *, *, #1108, .T. ) ;
#1258 = CARTESIAN_POINT ( 'NONE',  ( 12.40000000000000924, -29.00000000000000355, 6.000000000000000000 ) ) ;
#1259 = CYLINDRICAL_SURFACE ( 'NONE', #287, 9.550000000000036238 ) ;
#1260 = CIRCLE ( 'NONE', #633, 13.18999999999993022 ) ;
#1261 = ORIENTED_EDGE ( 'NONE', *, *, #1084, .F. ) ;
#1262 = DIRECTION ( 'NONE',  ( -0.000000000000000000, 0.000000000000000000, 1.000000000000000000 ) ) ;
#1263 = AXIS2_PLACEMENT_3D ( 'NONE', #1202, #1175, #422 ) ;
#1264 = AXIS2_PLACEMENT_3D ( 'NONE', #1185, #640, #725 ) ;
#1265 = ORIENTED_EDGE ( 'NONE', *, *, #157, .T. ) ;
#1266 = CARTESIAN_POINT ( 'NONE',  ( -3.478298950516615077E-15, 23.04999999999995097, 0.000000000000000000 ) ) ;
#1267 = EDGE_CURVE ( 'NONE', #142, #668, #1271, .T. ) ;
#1268 = AXIS2_PLACEMENT_3D ( 'NONE', #271, #1133, #1026 ) ;
#1269 = FACE_OUTER_BOUND ( 'NONE', #1080, .T. ) ;
#1270 = LINE ( 'NONE', #1166, #307 ) ;
#1271 = LINE ( 'NONE', #908, #1127 ) ;
#1272 = VERTEX_POINT ( 'NONE', #798 ) ;
#1273 = CARTESIAN_POINT ( 'NONE',  ( -17.39999999999999147, -24.51250000000002061, -15.94999999999995310 ) ) ;
#1274 = ADVANCED_FACE ( 'NONE', ( #243 ), #1056, .F. ) ;
#1275 = FACE_BOUND ( 'NONE', #986, .T. ) ;
#1276 = DIRECTION ( 'NONE',  ( -0.000000000000000000, -0.000000000000000000, 1.000000000000000000 ) ) ;
#1277 = DIRECTION ( 'NONE',  ( 1.000000000000000000, 0.000000000000000000, 0.000000000000000000 ) ) ;
#1278 = ORIENTED_EDGE ( 'NONE', *, *, #631, .F. ) ;
#1279 = CARTESIAN_POINT ( 'NONE',  ( -29.50784930203633749, -6.875000000000231815, -22.10000000000000142 ) ) ;
#1280 = VERTEX_POINT ( 'NONE', #403 ) ;
#1281 = DIRECTION ( 'NONE',  ( -0.000000000000000000, -0.000000000000000000, -1.000000000000000000 ) ) ;
#1282 = EDGE_CURVE ( 'NONE', #542, #1134, #1353, .T. ) ;
#1283 = LINE ( 'NONE', #615, #1215 ) ;
#1284 = CARTESIAN_POINT ( 'NONE',  ( -19.69999999999999218, -19.88944443668535200, 23.85085000338218464 ) ) ;
#1285 = ORIENTED_EDGE ( 'NONE', *, *, #995, .T. ) ;
#1286 = AXIS2_PLACEMENT_3D ( 'NONE', #177, #833, #733 ) ;
#1287 = DIRECTION ( 'NONE',  ( -1.000000000000000000, -6.921589929084518378E-16, 0.000000000000000000 ) ) ;
#1288 = AXIS2_PLACEMENT_3D ( 'NONE', #600, #925, #8 ) ;
#1289 = ORIENTED_EDGE ( 'NONE', *, *, #643, .F. ) ;
#1290 = VECTOR ( 'NONE', #1228, 1000.000000000000000 ) ;
#1291 = ADVANCED_FACE ( 'NONE', ( #299 ), #184, .F. ) ;
#1292 = DIRECTION ( 'NONE',  ( 0.000000000000000000, -0.000000000000000000, -1.000000000000000000 ) ) ;
#1293 = DIRECTION ( 'NONE',  ( 1.000000000000000000, 0.000000000000000000, 0.000000000000000000 ) ) ;
#1294 = ORIENTED_EDGE ( 'NONE', *, *, #889, .T. ) ;
#1295 = FACE_OUTER_BOUND ( 'NONE', #181, .T. ) ;
#1296 = ORIENTED_EDGE ( 'NONE', *, *, #995, .F. ) ;
#1297 = DIRECTION ( 'NONE',  ( -1.000000000000000000, 0.000000000000000000, 0.000000000000000000 ) ) ;
#1298 = CARTESIAN_POINT ( 'NONE',  ( -17.60000000000173515, 8.526165884426006869E-13, 5.999999999999998224 ) ) ;
#1299 = ORIENTED_EDGE ( 'NONE', *, *, #231, .F. ) ;
#1300 = DIRECTION ( 'NONE',  ( 1.000000000000000000, 0.000000000000000000, 0.000000000000000000 ) ) ;
#1301 = ORIENTED_EDGE ( 'NONE', *, *, #933, .F. ) ;
#1302 = DIRECTION ( 'NONE',  ( -1.000000000000000000, -6.921589929084518378E-16, 0.000000000000000000 ) ) ;
#1303 = DIRECTION ( 'NONE',  ( 0.000000000000000000, 1.000000000000000000, 0.000000000000000000 ) ) ;
#1304 = EDGE_LOOP ( 'NONE', ( #1089, #210, #1411, #368 ) ) ;
#1305 = CARTESIAN_POINT ( 'NONE',  ( -12.39999999999999858, -20.05000000000005045, -31.89999999999999858 ) ) ;
#1306 = VERTEX_POINT ( 'NONE', #746 ) ;
#1307 = DIRECTION ( 'NONE',  ( 0.000000000000000000, -1.000000000000000000, 0.000000000000000000 ) ) ;
#1308 = EDGE_CURVE ( 'NONE', #737, #1021, #935, .T. ) ;
#1309 = AXIS2_PLACEMENT_3D ( 'NONE', #1355, #123, #572 ) ;
#1310 = AXIS2_PLACEMENT_3D ( 'NONE', #553, #1251, #251 ) ;
#1311 = DIRECTION ( 'NONE',  ( 0.000000000000000000, 0.000000000000000000, 1.000000000000000000 ) ) ;
#1312 =( NAMED_UNIT ( * ) SI_UNIT ( $, .STERADIAN. ) SOLID_ANGLE_UNIT ( ) );
#1313 = VERTEX_POINT ( 'NONE', #1068 ) ;
#1314 = DIRECTION ( 'NONE',  ( 0.000000000000000000, 0.000000000000000000, 1.000000000000000000 ) ) ;
#1315 = ORIENTED_EDGE ( 'NONE', *, *, #703, .T. ) ;
#1316 = DIRECTION ( 'NONE',  ( -1.000000000000000000, 0.000000000000000000, 0.000000000000000000 ) ) ;
#1317 = DIRECTION ( 'NONE',  ( -0.000000000000000000, 0.000000000000000000, 1.000000000000000000 ) ) ;
#1318 = ORIENTED_EDGE ( 'NONE', *, *, #524, .T. ) ;
#1319 = CARTESIAN_POINT ( 'NONE',  ( 0.000000000000000000, 0.000000000000000000, 3.000000000000000000 ) ) ;
#1320 = VERTEX_POINT ( 'NONE', #82 ) ;
#1321 = CYLINDRICAL_SURFACE ( 'NONE', #752, 3.249999999999933387 ) ;
#1322 = CARTESIAN_POINT ( 'NONE',  ( -38.70000000000027995, 19.41000000000005343, -10.04999999999999005 ) ) ;
#1323 =( NAMED_UNIT ( * ) SI_UNIT ( $, .STERADIAN. ) SOLID_ANGLE_UNIT ( ) );
#1324 = EDGE_CURVE ( 'NONE', #550, #1193, #622, .T. ) ;
#1325 = ORIENTED_EDGE ( 'NONE', *, *, #364, .T. ) ;
#1326 = CARTESIAN_POINT ( 'NONE',  ( -17.39999999999999147, -29.00000000000000355, 0.000000000000000000 ) ) ;
#1327 = ORIENTED_EDGE ( 'NONE', *, *, #1352, .T. ) ;
#1328 = LINE ( 'NONE', #333, #76 ) ;
#1329 = VECTOR ( 'NONE', #477, 1000.000000000000000 ) ;
#1330 = AXIS2_PLACEMENT_3D ( 'NONE', #200, #656, #651 ) ;
#1331 = PRODUCT_DEFINITION_CONTEXT ( 'detailed design', #408, 'design' ) ;
#1332 = VECTOR ( 'NONE', #1225, 1000.000000000000000 ) ;
#1333 = AXIS2_PLACEMENT_3D ( 'NONE', #346, #1230, #577 ) ;
#1334 = DIRECTION ( 'NONE',  ( -1.000000000000000000, -6.921589929084518378E-16, 0.000000000000000000 ) ) ;
#1335 = AXIS2_PLACEMENT_3D ( 'NONE', #493, #1383, #256 ) ;
#1336 = EDGE_CURVE ( 'NONE', #1313, #74, #72, .T. ) ;
#1337 = ORIENTED_EDGE ( 'NONE', *, *, #561, .F. ) ;
#1338 = DIRECTION ( 'NONE',  ( 1.000000000000000000, 0.000000000000000000, 0.000000000000000000 ) ) ;
#1339 = VERTEX_POINT ( 'NONE', #834 ) ;
#1340 = CARTESIAN_POINT ( 'NONE',  ( 0.000000000000000000, 0.000000000000000000, -22.10000000000000142 ) ) ;
#1341 = DIRECTION ( 'NONE',  ( -0.000000000000000000, 0.000000000000000000, 1.000000000000000000 ) ) ;
#1342 = DIRECTION ( 'NONE',  ( 1.000000000000000000, 0.000000000000000000, 0.000000000000000000 ) ) ;
#1343 = ORIENTED_EDGE ( 'NONE', *, *, #1222, .F. ) ;
#1344 = CARTESIAN_POINT ( 'NONE',  ( -38.70000000000027285, 9.860000000000017195, -10.04999999999999005 ) ) ;
#1345 = EDGE_CURVE ( 'NONE', #1134, #308, #65, .T. ) ;
#1346 = ORIENTED_EDGE ( 'NONE', *, *, #988, .F. ) ;
#1347 = FACE_OUTER_BOUND ( 'NONE', #991, .T. ) ;
#1348 = ADVANCED_FACE ( 'NONE', ( #949 ), #955, .F. ) ;
#1349 = FACE_OUTER_BOUND ( 'NONE', #399, .T. ) ;
#1350 = VERTEX_POINT ( 'NONE', #286 ) ;
#1351 = CARTESIAN_POINT ( 'NONE',  ( -17.39999999999999147, -24.51250000000002061, -15.94999999999995310 ) ) ;
#1352 = EDGE_CURVE ( 'NONE', #1435, #550, #178, .T. ) ;
#1353 = CIRCLE ( 'NONE', #756, 20.00000000000051159 ) ;
#1354 = CIRCLE ( 'NONE', #1099, 1.750000000000050182 ) ;
#1355 = CARTESIAN_POINT ( 'NONE',  ( -3.469446951953614189E-14, 24.52499999999999503, 3.000000000000000000 ) ) ;
#1356 = VECTOR ( 'NONE', #1281, 1000.000000000000000 ) ;
#1357 = ORIENTED_EDGE ( 'NONE', *, *, #1352, .F. ) ;
#1358 = AXIS2_PLACEMENT_3D ( 'NONE', #501, #945, #155 ) ;
#1359 = CARTESIAN_POINT ( 'NONE',  ( 12.40000000000000391, 28.99999999999999645, 6.000000000000000000 ) ) ;
#1360 = ORIENTED_EDGE ( 'NONE', *, *, #96, .T. ) ;
#1361 = DIRECTION ( 'NONE',  ( 1.000000000000000000, 0.000000000000000000, 0.000000000000000000 ) ) ;
#1362 = VERTEX_POINT ( 'NONE', #526 ) ;
#1363 = ADVANCED_FACE ( 'NONE', ( #1408 ), #416, .F. ) ;
#1364 = DIRECTION ( 'NONE',  ( 1.000000000000000000, 0.000000000000000000, 0.000000000000000000 ) ) ;
#1365 = ADVANCED_FACE ( 'NONE', ( #167 ), #861, .F. ) ;
#1366 = DIRECTION ( 'NONE',  ( -0.000000000000000000, -0.000000000000000000, 1.000000000000000000 ) ) ;
#1367 = EDGE_LOOP ( 'NONE', ( #1184, #291, #434, #793 ) ) ;
#1368 = FACE_OUTER_BOUND ( 'NONE', #332, .T. ) ;
#1369 = VERTEX_POINT ( 'NONE', #855 ) ;
#1370 = EDGE_CURVE ( 'NONE', #371, #663, #1388, .T. ) ;
#1371 = CARTESIAN_POINT ( 'NONE',  ( -12.39999999999999858, -20.05000000000005045, -31.89999999999999858 ) ) ;
#1372 = ORIENTED_EDGE ( 'NONE', *, *, #788, .F. ) ;
#1373 = DIRECTION ( 'NONE',  ( -6.921589929084517392E-16, 1.000000000000000000, 0.000000000000000000 ) ) ;
#1374 = EDGE_LOOP ( 'NONE', ( #60, #1128, #829 ) ) ;
#1375 = CARTESIAN_POINT ( 'NONE',  ( -38.70000000000027285, 9.860000000000017195, -10.04999999999999005 ) ) ;
#1376 = AXIS2_PLACEMENT_3D ( 'NONE', #211, #1206, #435 ) ;
#1377 = VECTOR ( 'NONE', #87, 1000.000000000000000 ) ;
#1378 = CARTESIAN_POINT ( 'NONE',  ( -38.70000000000027285, 9.860000000000017195, -10.04999999999999005 ) ) ;
#1379 = CARTESIAN_POINT ( 'NONE',  ( 12.40000000000000391, 28.99999999999999645, 0.000000000000000000 ) ) ;
#1380 = CIRCLE ( 'NONE', #1310, 1.750000000000050182 ) ;
#1381 = AXIS2_PLACEMENT_3D ( 'NONE', #583, #134, #603 ) ;
#1382 = EDGE_LOOP ( 'NONE', ( #1428, #587 ) ) ;
#1383 = DIRECTION ( 'NONE',  ( 0.000000000000000000, 0.000000000000000000, -1.000000000000000000 ) ) ;
#1384 = CIRCLE ( 'NONE', #192, 3.249999999999944045 ) ;
#1385 = ORIENTED_EDGE ( 'NONE', *, *, #1178, .F. ) ;
#1386 = CYLINDRICAL_SURFACE ( 'NONE', #1172, 3.250000000000000000 ) ;
#1387 = CARTESIAN_POINT ( 'NONE',  ( 1.750000000000007105, 24.52499999999999503, 0.000000000000000000 ) ) ;
#1388 = LINE ( 'NONE', #293, #915 ) ;
#1389 = VERTEX_POINT ( 'NONE', #1198 ) ;
#1390 = DIRECTION ( 'NONE',  ( 0.000000000000000000, 0.000000000000000000, 1.000000000000000000 ) ) ;
#1391 = EDGE_CURVE ( 'NONE', #898, #1065, #1098, .T. ) ;
#1392 = DIRECTION ( 'NONE',  ( 7.265857491002304928E-16, -1.000000000000000000, 0.000000000000000000 ) ) ;
#1393 = PLANE ( 'NONE',  #120 ) ;
#1394 = CARTESIAN_POINT ( 'NONE',  ( -12.39999999999999858, -29.00000000000000355, -41.33941205796202922 ) ) ;
#1395 = VERTEX_POINT ( 'NONE', #51 ) ;
#1396 = LINE ( 'NONE', #398, #215 ) ;
#1397 = EDGE_LOOP ( 'NONE', ( #598, #219, #808, #1346 ) ) ;
#1398 = EDGE_CURVE ( 'NONE', #1227, #1369, #734, .T. ) ;
#1399 = DIRECTION ( 'NONE',  ( 0.000000000000000000, 0.000000000000000000, 1.000000000000000000 ) ) ;
#1400 = DIRECTION ( 'NONE',  ( -0.000000000000000000, -0.000000000000000000, -1.000000000000000000 ) ) ;
#1401 = EDGE_LOOP ( 'NONE', ( #151, #1096, #1289, #418, #154, #90, #351, #226 ) ) ;
#1402 = CIRCLE ( 'NONE', #49, 9.550000000000034461 ) ;
#1403 = LINE ( 'NONE', #1070, #1053 ) ;
#1404 = VECTOR ( 'NONE', #715, 1000.000000000000000 ) ;
#1405 = EDGE_LOOP ( 'NONE', ( #930, #853 ) ) ;
#1406 = EDGE_CURVE ( 'NONE', #862, #83, #1071, .T. ) ;
#1407 = PLANE ( 'NONE',  #936 ) ;
#1408 = FACE_OUTER_BOUND ( 'NONE', #1397, .T. ) ;
#1409 = VERTEX_POINT ( 'NONE', #563 ) ;
#1410 = LINE ( 'NONE', #459, #1290 ) ;
#1411 = ORIENTED_EDGE ( 'NONE', *, *, #347, .T. ) ;
#1412 = CARTESIAN_POINT ( 'NONE',  ( -17.60000000000004761, -4.336808689942017736E-15, 3.000000000000000000 ) ) ;
#1413 = DIRECTION ( 'NONE',  ( 0.000000000000000000, -0.000000000000000000, 1.000000000000000000 ) ) ;
#1414 = EDGE_CURVE ( 'NONE', #786, #576, #901, .T. ) ;
#1415 = EDGE_LOOP ( 'NONE', ( #747, #762 ) ) ;
#1416 = LINE ( 'NONE', #407, #122 ) ;
#1417 = ORIENTED_EDGE ( 'NONE', *, *, #960, .F. ) ;
#1418 = CARTESIAN_POINT ( 'NONE',  ( 0.000000000000000000, 0.000000000000000000, 6.000000000000000000 ) ) ;
#1419 = DIRECTION ( 'NONE',  ( 1.000000000000000000, 0.000000000000000000, 0.000000000000000000 ) ) ;
#1420 = EDGE_LOOP ( 'NONE', ( #1181, #1205, #1243, #312 ) ) ;
#1421 = LINE ( 'NONE', #513, #1031 ) ;
#1422 = AXIS2_PLACEMENT_3D ( 'NONE', #739, #645, #1183 ) ;
#1423 = EDGE_LOOP ( 'NONE', ( #1141, #1318, #63, #1265 ) ) ;
#1424 = FACE_BOUND ( 'NONE', #654, .T. ) ;
#1425 = AXIS2_PLACEMENT_3D ( 'NONE', #357, #1341, #1364 ) ;
#1426 = CIRCLE ( 'NONE', #1381, 9.550000000000034461 ) ;
#1427 = CARTESIAN_POINT ( 'NONE',  ( -17.39999999999999147, -21.26250000000002061, -15.94999999999995310 ) ) ;
#1428 = ORIENTED_EDGE ( 'NONE', *, *, #124, .F. ) ;
#1429 = CARTESIAN_POINT ( 'NONE',  ( 3.469446951953614189E-15, -24.52500000000001990, 3.000000000000000000 ) ) ;
#1430 = ORIENTED_EDGE ( 'NONE', *, *, #893, .T. ) ;
#1431 = DIRECTION ( 'NONE',  ( 6.921589929084518378E-16, -1.000000000000000000, 0.000000000000000000 ) ) ;
#1432 = UNCERTAINTY_MEASURE_WITH_UNIT (LENGTH_MEASURE( 1.000000000000000082E-05 ), #872, 'distance_accuracy_value', 'NONE');
#1433 = CARTESIAN_POINT ( 'NONE',  ( 3.469446951953614189E-15, -24.52500000000001990, 6.000000000000000000 ) ) ;
#1434 = DIRECTION ( 'NONE',  ( 0.000000000000000000, -1.000000000000000000, -0.000000000000000000 ) ) ;
#1435 = VERTEX_POINT ( 'NONE', #93 ) ;
#1436 = CARTESIAN_POINT ( 'NONE',  ( -19.70000000000001350, 20.04999999999994387, -22.10000000000000142 ) ) ;
#1437 = ORIENTED_EDGE ( 'NONE', *, *, #1247, .T. ) ;
#1438 = CARTESIAN_POINT ( 'NONE',  ( -38.70000000000027285, 4.495897092709751242, -22.09999999999994102 ) ) ;
#1439 = ADVANCED_FACE ( 'NONE', ( #533 ), #1218, .F. ) ;
#1440 = CARTESIAN_POINT ( 'NONE',  ( -19.69999999999999218, -19.88944443668535200, -22.10000000000000142 ) ) ;
#1441 = ORIENTED_EDGE ( 'NONE', *, *, #946, .T. ) ;
#1442 = SURFACE_SIDE_STYLE ('',( #1001 ) ) ;
ENDSEC;
END-ISO-10303-21;
