ISO-10303-21;
HEADER;
FILE_DESCRIPTION (( 'STEP AP214' ),
    '1' );
FILE_NAME ('010_005_Bearing_mount_2.STEP',
    '2024-07-21T08:33:30',
    ( '' ),
    ( '' ),
    'SwSTEP 2.0',
    'SolidWorks 2019',
    '' );
FILE_SCHEMA (( 'AUTOMOTIVE_DESIGN' ));
ENDSEC;

DATA;
#1 = ORIENTED_EDGE ( 'NONE', *, *, #740, .T. ) ;
#2 = CIRCLE ( 'NONE', #288, 3.249999999999947597 ) ;
#3 = DIRECTION ( 'NONE',  ( 1.000000000000000000, 1.067522139062649685E-15, 0.000000000000000000 ) ) ;
#4 = AXIS2_PLACEMENT_3D ( 'NONE', #164, #157, #398 ) ;
#5 = EDGE_CURVE ( 'NONE', #1407, #256, #1392, .T. ) ;
#6 = DIRECTION ( 'NONE',  ( 1.000000000000000000, 1.557357734044016684E-15, 0.000000000000000000 ) ) ;
#7 = DIRECTION ( 'NONE',  ( -1.000000000000000000, -1.278218690650126433E-15, -0.000000000000000000 ) ) ;
#8 = CIRCLE ( 'NONE', #1270, 3.250000000000002665 ) ;
#9 = VERTEX_POINT ( 'NONE', #399 ) ;
#10 = FACE_OUTER_BOUND ( 'NONE', #576, .T. ) ;
#11 = EDGE_LOOP ( 'NONE', ( #692, #233 ) ) ;
#12 = DIRECTION ( 'NONE',  ( -1.000000000000000000, -6.921589929084518378E-16, -0.000000000000000000 ) ) ;
#13 = FACE_OUTER_BOUND ( 'NONE', #39, .T. ) ;
#14 = FACE_OUTER_BOUND ( 'NONE', #958, .T. ) ;
#15 = EDGE_CURVE ( 'NONE', #803, #160, #614, .T. ) ;
#16 = VERTEX_POINT ( 'NONE', #846 ) ;
#17 = DIRECTION ( 'NONE',  ( 1.000000000000000000, 1.334402673828340456E-15, 0.000000000000000000 ) ) ;
#18 = ADVANCED_FACE ( 'NONE', ( #1409 ), #1067, .F. ) ;
#19 = ORIENTED_EDGE ( 'NONE', *, *, #1007, .T. ) ;
#20 = CARTESIAN_POINT ( 'NONE',  ( -79.80000000000049454, -4.738909804884803314E-14, 6.000000000000000000 ) ) ;
#21 = PLANE ( 'NONE',  #669 ) ;
#22 = FACE_OUTER_BOUND ( 'NONE', #1088, .T. ) ;
#23 = ORIENTED_EDGE ( 'NONE', *, *, #37, .T. ) ;
#24 = FACE_OUTER_BOUND ( 'NONE', #920, .T. ) ;
#25 = ORIENTED_EDGE ( 'NONE', *, *, #483, .F. ) ;
#26 = EDGE_CURVE ( 'NONE', #593, #543, #1176, .T. ) ;
#27 = FACE_BOUND ( 'NONE', #589, .T. ) ;
#28 = AXIS2_PLACEMENT_3D ( 'NONE', #746, #501, #282 ) ;
#29 = VECTOR ( 'NONE', #1179, 1000.000000000000000 ) ;
#30 = CARTESIAN_POINT ( 'NONE',  ( -58.70000000000027285, -3.329999999999928573, -10.04999999999999183 ) ) ;
#31 = CARTESIAN_POINT ( 'NONE',  ( -82.00000000000051159, -24.51250000000006679, -15.95000000000000639 ) ) ;
#32 = ORIENTED_EDGE ( 'NONE', *, *, #230, .T. ) ;
#33 = CIRCLE ( 'NONE', #427, 9.550000000000030909 ) ;
#34 = DIRECTION ( 'NONE',  ( -1.000000000000000000, -1.067522139062649685E-15, 0.000000000000000000 ) ) ;
#35 = ORIENTED_EDGE ( 'NONE', *, *, #1355, .T. ) ;
#36 = CARTESIAN_POINT ( 'NONE',  ( -71.14215069796304647, 6.874999999997974065, -22.10000000000000142 ) ) ;
#37 = EDGE_CURVE ( 'NONE', #1036, #848, #899, .T. ) ;
#38 = DIRECTION ( 'NONE',  ( 1.162273380891872565E-15, -1.000000000000000000, 0.000000000000000000 ) ) ;
#39 = EDGE_LOOP ( 'NONE', ( #471, #1343, #788, #228, #943, #75, #479, #834, #1429, #133 ) ) ;
#40 = CYLINDRICAL_SURFACE ( 'NONE', #1354, 1.750000000000043077 ) ;
#41 = EDGE_LOOP ( 'NONE', ( #244, #752 ) ) ;
#42 = CARTESIAN_POINT ( 'NONE',  ( -99.15000000000058833, 24.52499999999992397, -4.949747468305953468 ) ) ;
#43 = PRESENTATION_STYLE_ASSIGNMENT (( #51 ) ) ;
#44 = EDGE_CURVE ( 'NONE', #707, #127, #190, .T. ) ;
#45 = PLANE ( 'NONE',  #1420 ) ;
#46 = EDGE_LOOP ( 'NONE', ( #140, #641, #731, #729 ) ) ;
#47 = DIRECTION ( 'NONE',  ( -1.000000000000000000, -1.982541115402032175E-15, 0.000000000000000000 ) ) ;
#48 = VERTEX_POINT ( 'NONE', #1086 ) ;
#49 = CARTESIAN_POINT ( 'NONE',  ( -85.00000000000051159, -29.00000000000005329, 0.000000000000000000 ) ) ;
#50 = VECTOR ( 'NONE', #1256, 1000.000000000000000 ) ;
#51 = SURFACE_STYLE_USAGE ( .BOTH. , #1052 ) ;
#52 = VECTOR ( 'NONE', #1236, 1000.000000000000000 ) ;
#53 = EDGE_CURVE ( 'NONE', #256, #1149, #33, .T. ) ;
#54 = CARTESIAN_POINT ( 'NONE',  ( -58.70000000000027995, 9.860000000000002984, -10.04999999999999005 ) ) ;
#55 = CARTESIAN_POINT ( 'NONE',  ( -62.70000000000027995, 23.04999999999992966, 0.000000000000000000 ) ) ;
#56 = CLOSED_SHELL ( 'NONE', ( #894, #18, #844, #1053, #93, #374, #817, #492, #1411, #85, #1364, #996, #676, #755, #552, #209, #1142, #130, #199, #939, #342, #1371, #1106, #1184, #248, #193, #1269, #781, #156, #359, #573, #907, #429, #648, #1309, #684, #951, #885, #1437, #1404, #313, #1276, #1254, #763, #1292, #349, #227, #1004 ) ) ;
#57 = ORIENTED_EDGE ( 'NONE', *, *, #1219, .T. ) ;
#58 = CARTESIAN_POINT ( 'NONE',  ( -71.14215069796412649, -6.875000000000262901, -22.10000000000000142 ) ) ;
#59 = CARTESIAN_POINT ( 'NONE',  ( -97.40000000000058833, 24.52499999999990976, 3.000000000000000000 ) ) ;
#60 = ORIENTED_EDGE ( 'NONE', *, *, #622, .T. ) ;
#61 = FACE_OUTER_BOUND ( 'NONE', #176, .T. ) ;
#62 = ORIENTED_EDGE ( 'NONE', *, *, #26, .F. ) ;
#63 = DIRECTION ( 'NONE',  ( 0.000000000000000000, 0.000000000000000000, 1.000000000000000000 ) ) ;
#64 = EDGE_CURVE ( 'NONE', #493, #1394, #1091, .T. ) ;
#65 = ORIENTED_EDGE ( 'NONE', *, *, #837, .F. ) ;
#66 = CARTESIAN_POINT ( 'NONE',  ( -109.8000000000005087, -29.00000000000008882, 3.000000000000000000 ) ) ;
#67 = ORIENTED_EDGE ( 'NONE', *, *, #595, .T. ) ;
#68 = FACE_OUTER_BOUND ( 'NONE', #905, .T. ) ;
#69 = EDGE_CURVE ( 'NONE', #1401, #1272, #267, .T. ) ;
#70 = AXIS2_PLACEMENT_3D ( 'NONE', #862, #1306, #1413 ) ;
#71 = AXIS2_PLACEMENT_3D ( 'NONE', #998, #339, #1334 ) ;
#72 = VERTEX_POINT ( 'NONE', #223 ) ;
#73 = DIRECTION ( 'NONE',  ( -1.000000000000000000, -6.921589929084518378E-16, -0.000000000000000000 ) ) ;
#74 = CIRCLE ( 'NONE', #893, 9.550000000000030909 ) ;
#75 = ORIENTED_EDGE ( 'NONE', *, *, #534, .F. ) ;
#76 = AXIS2_PLACEMENT_3D ( 'NONE', #172, #1198, #1296 ) ;
#77 = CARTESIAN_POINT ( 'NONE',  ( -94.15000000000051728, -24.52500000000008029, 3.000000000000000000 ) ) ;
#78 = CIRCLE ( 'NONE', #571, 13.18999999999993022 ) ;
#79 = EDGE_CURVE ( 'NONE', #1182, #16, #1208, .T. ) ;
#80 = EDGE_CURVE ( 'NONE', #1210, #1339, #650, .T. ) ;
#81 = CARTESIAN_POINT ( 'NONE',  ( -100.6500000000005173, -24.52500000000008740, 6.000000000000000000 ) ) ;
#82 = DIRECTION ( 'NONE',  ( 0.000000000000000000, 0.000000000000000000, 1.000000000000000000 ) ) ;
#83 = ORIENTED_EDGE ( 'NONE', *, *, #321, .F. ) ;
#84 = CARTESIAN_POINT ( 'NONE',  ( -109.8000000000005940, 28.99999999999991473, 0.000000000000000000 ) ) ;
#85 = ADVANCED_FACE ( 'NONE', ( #329 ), #1302, .F. ) ;
#86 = CARTESIAN_POINT ( 'NONE',  ( -64.64215069796426860, -6.875000000000254019, -20.10000000000000142 ) ) ;
#87 = FACE_OUTER_BOUND ( 'NONE', #602, .T. ) ;
#88 = ORIENTED_EDGE ( 'NONE', *, *, #163, .F. ) ;
#89 = DIRECTION ( 'NONE',  ( 1.000000000000000000, 6.921589929084519364E-16, 0.000000000000000000 ) ) ;
#90 = CARTESIAN_POINT ( 'NONE',  ( -62.70000000000027995, 23.04999999999992966, -22.10000000000000142 ) ) ;
#91 = CYLINDRICAL_SURFACE ( 'NONE', #694, 1.750000000000050182 ) ;
#92 = DIRECTION ( 'NONE',  ( 0.000000000000000000, 0.000000000000000000, -1.000000000000000000 ) ) ;
#93 = ADVANCED_FACE ( 'NONE', ( #540 ), #778, .F. ) ;
#94 = ORIENTED_EDGE ( 'NONE', *, *, #475, .T. ) ;
#95 = DIRECTION ( 'NONE',  ( -5.260723202355773974E-16, 1.000000000000000000, 0.000000000000000000 ) ) ;
#96 = AXIS2_PLACEMENT_3D ( 'NONE', #107, #564, #657 ) ;
#97 = VECTOR ( 'NONE', #1390, 1000.000000000000000 ) ;
#98 = ORIENTED_EDGE ( 'NONE', *, *, #1282, .T. ) ;
#99 = DIRECTION ( 'NONE',  ( 5.260723202355772988E-16, -1.000000000000000000, 0.000000000000000000 ) ) ;
#100 = CARTESIAN_POINT ( 'NONE',  ( -85.00000000000058265, 28.99999999999995026, 0.000000000000000000 ) ) ;
#101 = CARTESIAN_POINT ( 'NONE',  ( -94.15000000000057412, 24.52499999999991331, 3.000000000000000000 ) ) ;
#102 = ORIENTED_EDGE ( 'NONE', *, *, #1207, .T. ) ;
#103 = FACE_OUTER_BOUND ( 'NONE', #1373, .T. ) ;
#104 = EDGE_CURVE ( 'NONE', #987, #1127, #1291, .T. ) ;
#105 = DIRECTION ( 'NONE',  ( 0.2447747474021793879, 0.9695799724799391006, 0.000000000000000000 ) ) ;
#106 = CARTESIAN_POINT ( 'NONE',  ( -58.70000000000027285, 4.495897092709737031, -22.09999999999994102 ) ) ;
#107 = CARTESIAN_POINT ( 'NONE',  ( -58.70000000000027995, 9.860000000000002984, -10.04999999999999005 ) ) ;
#108 = ORIENTED_EDGE ( 'NONE', *, *, #289, .T. ) ;
#109 = CARTESIAN_POINT ( 'NONE',  ( -79.80000000000049454, -4.738909804884803314E-14, 6.000000000000000000 ) ) ;
#110 = VERTEX_POINT ( 'NONE', #86 ) ;
#111 = CARTESIAN_POINT ( 'NONE',  ( -62.70000000000053575, -10.37255995403534570, 23.85085000338218464 ) ) ;
#112 = EDGE_CURVE ( 'NONE', #1071, #1009, #879, .T. ) ;
#113 = DIRECTION ( 'NONE',  ( 1.052144640471154598E-15, -1.000000000000000000, 0.000000000000000000 ) ) ;
#114 = CARTESIAN_POINT ( 'NONE',  ( -85.00000000000052580, -20.05000000000010019, 0.000000000000000000 ) ) ;
#115 = ORIENTED_EDGE ( 'NONE', *, *, #837, .T. ) ;
#116 = DIRECTION ( 'NONE',  ( -1.000000000000000000, -1.384317985816903084E-15, 0.000000000000000000 ) ) ;
#117 = ORIENTED_EDGE ( 'NONE', *, *, #797, .T. ) ;
#118 = CIRCLE ( 'NONE', #1356, 3.249999999999947597 ) ;
#119 = DIRECTION ( 'NONE',  ( -1.000000000000000000, 0.000000000000000000, 0.000000000000000000 ) ) ;
#120 = VECTOR ( 'NONE', #357, 1000.000000000000000 ) ;
#121 = CARTESIAN_POINT ( 'NONE',  ( -97.40000000000054570, -6.741628590928358762E-14, 0.000000000000000000 ) ) ;
#122 = EDGE_CURVE ( 'NONE', #1157, #768, #1438, .T. ) ;
#123 = FILL_AREA_STYLE_COLOUR ( '', #565 ) ;
#124 = AXIS2_PLACEMENT_3D ( 'NONE', #579, #336, #677 ) ;
#125 = ORIENTED_EDGE ( 'NONE', *, *, #181, .T. ) ;
#126 = FACE_OUTER_BOUND ( 'NONE', #1094, .T. ) ;
#127 = VERTEX_POINT ( 'NONE', #548 ) ;
#128 = DIRECTION ( 'NONE',  ( -6.921589929084519364E-16, 1.000000000000000000, 0.000000000000000000 ) ) ;
#129 = CARTESIAN_POINT ( 'NONE',  ( -79.80000000000049454, -4.999118326281324378E-14, -31.89999999999999858 ) ) ;
#130 = ADVANCED_FACE ( 'NONE', ( #322, #863 ), #1431, .T. ) ;
#131 = ORIENTED_EDGE ( 'NONE', *, *, #1152, .F. ) ;
#132 = CARTESIAN_POINT ( 'NONE',  ( -58.70000000000027285, 15.22410290729015436, -22.09999999999994102 ) ) ;
#133 = ORIENTED_EDGE ( 'NONE', *, *, #1017, .T. ) ;
#134 = CARTESIAN_POINT ( 'NONE',  ( -58.70000000000028706, 23.04999999999993321, -10.04999999999999005 ) ) ;
#135 = DIRECTION ( 'NONE',  ( -1.000000000000000000, -1.278218690650126433E-15, 0.000000000000000000 ) ) ;
#136 = DIRECTION ( 'NONE',  ( 0.000000000000000000, 0.000000000000000000, 1.000000000000000000 ) ) ;
#137 = ORIENTED_EDGE ( 'NONE', *, *, #957, .F. ) ;
#138 = CARTESIAN_POINT ( 'NONE',  ( -82.00000000000051159, -29.00000000000004974, 6.000000000000000000 ) ) ;
#139 = EDGE_CURVE ( 'NONE', #9, #1297, #1109, .T. ) ;
#140 = ORIENTED_EDGE ( 'NONE', *, *, #388, .F. ) ;
#141 = DIRECTION ( 'NONE',  ( 1.000000000000000000, 1.334402673828334737E-15, 0.000000000000000000 ) ) ;
#142 = APPLICATION_CONTEXT ( 'automotive_design' ) ;
#143 = LINE ( 'NONE', #373, #1100 ) ;
#144 = ORIENTED_EDGE ( 'NONE', *, *, #181, .F. ) ;
#145 = VECTOR ( 'NONE', #178, 1000.000000000000000 ) ;
#146 = CARTESIAN_POINT ( 'NONE',  ( -62.70000000000027995, 9.860000000000001208, -10.04999999999999005 ) ) ;
#147 = ORIENTED_EDGE ( 'NONE', *, *, #304, .F. ) ;
#148 = LINE ( 'NONE', #365, #568 ) ;
#149 = EDGE_CURVE ( 'NONE', #1054, #1120, #200, .T. ) ;
#150 = LINE ( 'NONE', #903, #830 ) ;
#151 = SURFACE_SIDE_STYLE ('',( #368 ) ) ;
#152 = ORIENTED_EDGE ( 'NONE', *, *, #367, .F. ) ;
#153 = CARTESIAN_POINT ( 'NONE',  ( -100.6500000000005883, 24.52499999999990621, 6.000000000000000000 ) ) ;
#154 = ORIENTED_EDGE ( 'NONE', *, *, #5, .F. ) ;
#155 = DIRECTION ( 'NONE',  ( 0.000000000000000000, 0.000000000000000000, 1.000000000000000000 ) ) ;
#156 = ADVANCED_FACE ( 'NONE', ( #770 ), #91, .F. ) ;
#157 = DIRECTION ( 'NONE',  ( 1.000000000000000000, 6.921589929084518378E-16, 0.000000000000000000 ) ) ;
#158 = ORIENTED_EDGE ( 'NONE', *, *, #425, .F. ) ;
#159 = DIRECTION ( 'NONE',  ( 0.000000000000000000, 0.000000000000000000, 1.000000000000000000 ) ) ;
#160 = VERTEX_POINT ( 'NONE', #786 ) ;
#161 = DIRECTION ( 'NONE',  ( 1.000000000000000000, 1.278218690650126433E-15, -0.000000000000000000 ) ) ;
#162 = AXIS2_PLACEMENT_3D ( 'NONE', #796, #440, #889 ) ;
#163 = EDGE_CURVE ( 'NONE', #1226, #766, #964, .T. ) ;
#164 = CARTESIAN_POINT ( 'NONE',  ( -58.70000000000027995, 9.860000000000002984, -10.04999999999999005 ) ) ;
#165 = PRODUCT_DEFINITION_FORMATION_WITH_SPECIFIED_SOURCE ( 'ANY', '', #525, .NOT_KNOWN. ) ;
#166 = VECTOR ( 'NONE', #1137, 1000.000000000000000 ) ;
#167 = EDGE_CURVE ( 'NONE', #48, #814, #546, .T. ) ;
#168 = ORIENTED_EDGE ( 'NONE', *, *, #1045, .F. ) ;
#169 = CARTESIAN_POINT ( 'NONE',  ( -58.70000000000027995, 9.860000000000002984, -10.04999999999999005 ) ) ;
#170 = VECTOR ( 'NONE', #555, 1000.000000000000000 ) ;
#171 = ORIENTED_EDGE ( 'NONE', *, *, #637, .F. ) ;
#172 = CARTESIAN_POINT ( 'NONE',  ( -62.70000000000027995, 9.860000000000001208, -10.04999999999999005 ) ) ;
#173 = VERTEX_POINT ( 'NONE', #1006 ) ;
#174 = LINE ( 'NONE', #948, #470 ) ;
#175 = EDGE_CURVE ( 'NONE', #348, #1255, #1239, .T. ) ;
#176 = EDGE_LOOP ( 'NONE', ( #1205, #310, #67, #723 ) ) ;
#177 = DIRECTION ( 'NONE',  ( 0.000000000000000000, 0.000000000000000000, -1.000000000000000000 ) ) ;
#178 = DIRECTION ( 'NONE',  ( 0.000000000000000000, 0.000000000000000000, -1.000000000000000000 ) ) ;
#179 = CARTESIAN_POINT ( 'NONE',  ( -109.8000000000005940, 28.99999999999991473, 0.000000000000000000 ) ) ;
#180 = VERTEX_POINT ( 'NONE', #1039 ) ;
#181 = EDGE_CURVE ( 'NONE', #324, #434, #1348, .T. ) ;
#182 = CARTESIAN_POINT ( 'NONE',  ( -95.65000000000044622, -24.52500000000007674, 3.000000000000000000 ) ) ;
#183 = EDGE_CURVE ( 'NONE', #523, #110, #293, .T. ) ;
#184 = VECTOR ( 'NONE', #341, 1000.000000000000000 ) ;
#185 = CARTESIAN_POINT ( 'NONE',  ( -80.00000000000051159, -24.51250000000006324, -15.94999999999995310 ) ) ;
#186 = CARTESIAN_POINT ( 'NONE',  ( -95.65000000000050306, 24.52499999999993108, 3.000000000000000000 ) ) ;
#187 = AXIS2_PLACEMENT_3D ( 'NONE', #129, #1358, #38 ) ;
#188 = ORIENTED_EDGE ( 'NONE', *, *, #475, .F. ) ;
#189 = LINE ( 'NONE', #303, #451 ) ;
#190 = CIRCLE ( 'NONE', #1154, 1.750000000000050182 ) ;
#191 = DIRECTION ( 'NONE',  ( -1.000000000000000000, -1.278218690650126433E-15, 0.000000000000000000 ) ) ;
#192 = VECTOR ( 'NONE', #709, 1000.000000000000000 ) ;
#193 = ADVANCED_FACE ( 'NONE', ( #366 ), #824, .F. ) ;
#194 = DIRECTION ( 'NONE',  ( 0.000000000000000000, 0.000000000000000000, 1.000000000000000000 ) ) ;
#195 = DIRECTION ( 'NONE',  ( -7.265857491002305914E-16, 1.000000000000000000, 0.000000000000000000 ) ) ;
#196 = ORIENTED_EDGE ( 'NONE', *, *, #969, .T. ) ;
#197 = LINE ( 'NONE', #754, #686 ) ;
#198 = DIRECTION ( 'NONE',  ( -1.000000000000000000, 0.000000000000000000, 0.000000000000000000 ) ) ;
#199 = ADVANCED_FACE ( 'NONE', ( #13, #910, #249 ), #580, .F. ) ;
#200 = LINE ( 'NONE', #1415, #984 ) ;
#201 = LINE ( 'NONE', #1117, #1099 ) ;
#202 = ORIENTED_EDGE ( 'NONE', *, *, #561, .F. ) ;
#203 = DIRECTION ( 'NONE',  ( 0.000000000000000000, 0.000000000000000000, 1.000000000000000000 ) ) ;
#204 = EDGE_LOOP ( 'NONE', ( #275, #673, #362, #1041 ) ) ;
#205 = LINE ( 'NONE', #647, #832 ) ;
#206 = DIRECTION ( 'NONE',  ( 0.000000000000000000, -1.000000000000000000, 0.000000000000000000 ) ) ;
#207 = CYLINDRICAL_SURFACE ( 'NONE', #96, 13.18999999999992845 ) ;
#208 = CIRCLE ( 'NONE', #662, 3.250000000000002665 ) ;
#209 = ADVANCED_FACE ( 'NONE', ( #1260 ), #21, .T. ) ;
#210 = EDGE_LOOP ( 'NONE', ( #936, #152 ) ) ;
#211 = DIRECTION ( 'NONE',  ( -0.000000000000000000, -0.000000000000000000, -1.000000000000000000 ) ) ;
#212 = STYLED_ITEM ( 'NONE', ( #1139 ), #592 ) ;
#213 = AXIS2_PLACEMENT_3D ( 'NONE', #944, #1037, #1385 ) ;
#214 = VERTEX_POINT ( 'NONE', #818 ) ;
#215 = DIRECTION ( 'NONE',  ( 1.384317985816903676E-15, -1.000000000000000000, 0.000000000000000000 ) ) ;
#216 = VECTOR ( 'NONE', #430, 1000.000000000000000 ) ;
#217 = DIRECTION ( 'NONE',  ( 0.000000000000000000, 0.000000000000000000, 1.000000000000000000 ) ) ;
#218 = CARTESIAN_POINT ( 'NONE',  ( -80.00000000000051159, -27.76250000000005969, -15.94999999999995310 ) ) ;
#219 = ORIENTED_EDGE ( 'NONE', *, *, #1266, .F. ) ;
#220 = CARTESIAN_POINT ( 'NONE',  ( -109.8000000000005940, 28.99999999999991473, 3.000000000000000000 ) ) ;
#221 = EDGE_CURVE ( 'NONE', #493, #1389, #265, .T. ) ;
#222 = LINE ( 'NONE', #547, #1125 ) ;
#223 = CARTESIAN_POINT ( 'NONE',  ( -62.70000000000027285, -3.329999999999930349, -10.04999999999999183 ) ) ;
#224 = DIRECTION ( 'NONE',  ( 1.000000000000000000, 1.334402673828340456E-15, 0.000000000000000000 ) ) ;
#225 = ORIENTED_EDGE ( 'NONE', *, *, #69, .F. ) ;
#226 = DIRECTION ( 'NONE',  ( -1.000000000000000000, -1.067522139062649685E-15, 0.000000000000000000 ) ) ;
#227 = ADVANCED_FACE ( 'NONE', ( #1252 ), #1155, .F. ) ;
#228 = ORIENTED_EDGE ( 'NONE', *, *, #747, .T. ) ;
#229 = CARTESIAN_POINT ( 'NONE',  ( -97.40000000000054570, 24.52499999999992752, 0.000000000000000000 ) ) ;
#230 = EDGE_CURVE ( 'NONE', #180, #1149, #455, .T. ) ;
#231 = FILL_AREA_STYLE ('',( #1231 ) ) ;
#232 = CARTESIAN_POINT ( 'NONE',  ( -58.70000000000027995, 9.860000000000002984, -10.04999999999999005 ) ) ;
#233 = ORIENTED_EDGE ( 'NONE', *, *, #932, .T. ) ;
#234 = CARTESIAN_POINT ( 'NONE',  ( -97.40000000000054570, 24.52499999999992752, 0.000000000000000000 ) ) ;
#235 = AXIS2_PLACEMENT_3D ( 'NONE', #835, #1273, #751 ) ;
#236 = ORIENTED_EDGE ( 'NONE', *, *, #1192, .T. ) ;
#237 = AXIS2_PLACEMENT_3D ( 'NONE', #954, #771, #323 ) ;
#238 = CARTESIAN_POINT ( 'NONE',  ( -82.00000000000051159, -24.51250000000006679, -15.94999999999995310 ) ) ;
#239 = VECTOR ( 'NONE', #1014, 1000.000000000000000 ) ;
#240 = EDGE_CURVE ( 'NONE', #1009, #750, #78, .T. ) ;
#241 = VECTOR ( 'NONE', #745, 1000.000000000000000 ) ;
#242 = DIRECTION ( 'NONE',  ( 5.260723202355772988E-16, -1.000000000000000000, 0.000000000000000000 ) ) ;
#243 = DIRECTION ( 'NONE',  ( -1.000000000000000000, -1.278218690650126433E-15, -0.000000000000000000 ) ) ;
#244 = ORIENTED_EDGE ( 'NONE', *, *, #167, .T. ) ;
#245 = CARTESIAN_POINT ( 'NONE',  ( -62.70000000000027995, 20.04999999999991900, 6.000000000000000000 ) ) ;
#246 = ORIENTED_EDGE ( 'NONE', *, *, #149, .T. ) ;
#247 = DIRECTION ( 'NONE',  ( 1.000000000000000000, 1.228737405011810823E-15, 0.000000000000000000 ) ) ;
#248 = ADVANCED_FACE ( 'NONE', ( #344 ), #1132, .T. ) ;
#249 = FACE_BOUND ( 'NONE', #385, .T. ) ;
#250 = ORIENTED_EDGE ( 'NONE', *, *, #790, .T. ) ;
#251 = CARTESIAN_POINT ( 'NONE',  ( -80.00000000000051159, -29.00000000000004619, -9.396394131380580106 ) ) ;
#252 = ORIENTED_EDGE ( 'NONE', *, *, #79, .F. ) ;
#253 = FACE_OUTER_BOUND ( 'NONE', #1107, .T. ) ;
#254 = CARTESIAN_POINT ( 'NONE',  ( -80.00000000000051159, -24.51250000000006324, -15.94999999999995310 ) ) ;
#255 = DIRECTION ( 'NONE',  ( -0.9555803660361443796, 0.2947306635662944041, 0.000000000000000000 ) ) ;
#256 = VERTEX_POINT ( 'NONE', #587 ) ;
#257 = CARTESIAN_POINT ( 'NONE',  ( -97.40000000000058833, 24.52499999999990976, 6.000000000000000000 ) ) ;
#258 = EDGE_CURVE ( 'NONE', #750, #72, #1029, .T. ) ;
#259 = VERTEX_POINT ( 'NONE', #1146 ) ;
#260 = FACE_OUTER_BOUND ( 'NONE', #585, .T. ) ;
#261 = AXIS2_PLACEMENT_3D ( 'NONE', #234, #1326, #332 ) ;
#262 = AXIS2_PLACEMENT_3D ( 'NONE', #1232, #345, #224 ) ;
#263 = AXIS2_PLACEMENT_3D ( 'NONE', #1310, #1199, #198 ) ;
#264 = CIRCLE ( 'NONE', #1076, 1.750000000000029310 ) ;
#265 = LINE ( 'NONE', #719, #522 ) ;
#266 =( LENGTH_UNIT ( ) NAMED_UNIT ( * ) SI_UNIT ( .MILLI., .METRE. ) );
#267 = CIRCLE ( 'NONE', #1060, 3.249999999999947597 ) ;
#268 = EDGE_LOOP ( 'NONE', ( #1369, #1381, #417, #559 ) ) ;
#269 = DIRECTION ( 'NONE',  ( -1.000000000000000000, -1.067522139062649685E-15, 0.000000000000000000 ) ) ;
#270 = VERTEX_POINT ( 'NONE', #685 ) ;
#271 = EDGE_CURVE ( 'NONE', #748, #1069, #143, .T. ) ;
#272 = DIRECTION ( 'NONE',  ( 0.000000000000000000, -0.000000000000000000, 1.000000000000000000 ) ) ;
#273 = DIRECTION ( 'NONE',  ( 1.000000000000000000, 6.921589929084519364E-16, 0.000000000000000000 ) ) ;
#274 = UNCERTAINTY_MEASURE_WITH_UNIT (LENGTH_MEASURE( 1.000000000000000082E-05 ), #266, 'distance_accuracy_value', 'NONE');
#275 = ORIENTED_EDGE ( 'NONE', *, *, #80, .F. ) ;
#276 = DIRECTION ( 'NONE',  ( 0.9695799724799391006, -0.2447747474021793879, 0.000000000000000000 ) ) ;
#277 = ORIENTED_EDGE ( 'NONE', *, *, #104, .F. ) ;
#278 = LINE ( 'NONE', #924, #358 ) ;
#279 = EDGE_CURVE ( 'NONE', #1009, #434, #150, .T. ) ;
#280 = PLANE ( 'NONE',  #691 ) ;
#281 = EDGE_LOOP ( 'NONE', ( #791, #125, #1267, #1398, #520, #340, #727 ) ) ;
#282 = DIRECTION ( 'NONE',  ( -1.000000000000000000, -1.384317985816904070E-15, 0.000000000000000000 ) ) ;
#283 = ORIENTED_EDGE ( 'NONE', *, *, #1247, .T. ) ;
#284 = FACE_OUTER_BOUND ( 'NONE', #320, .T. ) ;
#285 = CIRCLE ( 'NONE', #1097, 1.750000000000029310 ) ;
#286 = DIRECTION ( 'NONE',  ( -0.000000000000000000, -0.000000000000000000, -1.000000000000000000 ) ) ;
#287 = MANIFOLD_SOLID_BREP ( 'Lustro1', #56 ) ;
#288 = AXIS2_PLACEMENT_3D ( 'NONE', #1171, #624, #1063 ) ;
#289 = EDGE_CURVE ( 'NONE', #607, #803, #8, .T. ) ;
#290 = AXIS2_PLACEMENT_3D ( 'NONE', #59, #726, #505 ) ;
#291 = ORIENTED_EDGE ( 'NONE', *, *, #1336, .F. ) ;
#292 = DIRECTION ( 'NONE',  ( 1.384317985816903676E-15, -1.000000000000000000, -0.000000000000000000 ) ) ;
#293 = CIRCLE ( 'NONE', #1193, 3.249999999999933387 ) ;
#294 = VERTEX_POINT ( 'NONE', #1271 ) ;
#295 = CARTESIAN_POINT ( 'NONE',  ( -58.70000000000028706, 19.41000000000003922, -10.04999999999999005 ) ) ;
#296 = CARTESIAN_POINT ( 'NONE',  ( -77.70000000000051443, -19.88944443668538753, 23.85085000338218464 ) ) ;
#297 = DIRECTION ( 'NONE',  ( 0.000000000000000000, -0.000000000000000000, 1.000000000000000000 ) ) ;
#298 = ORIENTED_EDGE ( 'NONE', *, *, #649, .F. ) ;
#299 = CARTESIAN_POINT ( 'NONE',  ( -82.00000000000054001, -4.777232849314583534E-14, 0.000000000000000000 ) ) ;
#300 = ORIENTED_EDGE ( 'NONE', *, *, #584, .T. ) ;
#301 = DIRECTION ( 'NONE',  ( 1.000000000000000000, 1.334402673828340456E-15, 0.000000000000000000 ) ) ;
#302 = ORIENTED_EDGE ( 'NONE', *, *, #391, .T. ) ;
#303 = CARTESIAN_POINT ( 'NONE',  ( -62.70000000000027995, 23.04999999999992966, -22.10000000000000142 ) ) ;
#304 = EDGE_CURVE ( 'NONE', #848, #1020, #205, .T. ) ;
#305 = AXIS2_PLACEMENT_3D ( 'NONE', #993, #1211, #226 ) ;
#306 = AXIS2_PLACEMENT_3D ( 'NONE', #169, #308, #195 ) ;
#307 = CARTESIAN_POINT ( 'NONE',  ( -67.89215069796310331, 6.874999999997978506, -22.10000000000000142 ) ) ;
#308 = DIRECTION ( 'NONE',  ( -1.000000000000000000, -6.921589929084518378E-16, 0.000000000000000000 ) ) ;
#309 = CIRCLE ( 'NONE', #715, 9.550000000000030909 ) ;
#310 = ORIENTED_EDGE ( 'NONE', *, *, #915, .F. ) ;
#311 = CARTESIAN_POINT ( 'NONE',  ( -100.6500000000005883, 24.52499999999990621, 3.000000000000000000 ) ) ;
#312 = AXIS2_PLACEMENT_3D ( 'NONE', #1323, #671, #206 ) ;
#313 = ADVANCED_FACE ( 'NONE', ( #1046, #1162 ), #769, .T. ) ;
#314 = LINE ( 'NONE', #90, #386 ) ;
#315 = VECTOR ( 'NONE', #670, 1000.000000000000000 ) ;
#316 = DIRECTION ( 'NONE',  ( -1.000000000000000000, -1.334402673828340456E-15, 0.000000000000000000 ) ) ;
#317 = FACE_OUTER_BOUND ( 'NONE', #616, .T. ) ;
#318 = ORIENTED_EDGE ( 'NONE', *, *, #397, .F. ) ;
#319 = DIRECTION ( 'NONE',  ( -1.000000000000000000, -1.334402673828340456E-15, 0.000000000000000000 ) ) ;
#320 = EDGE_LOOP ( 'NONE', ( #721, #652 ) ) ;
#321 = EDGE_CURVE ( 'NONE', #1226, #1182, #314, .T. ) ;
#322 = FACE_BOUND ( 'NONE', #1050, .T. ) ;
#323 = DIRECTION ( 'NONE',  ( -1.000000000000000000, -1.982541115402016398E-15, 0.000000000000000000 ) ) ;
#324 = VERTEX_POINT ( 'NONE', #1386 ) ;
#325 = CARTESIAN_POINT ( 'NONE',  ( -109.8000000000005940, 28.99999999999991473, 3.000000000000000000 ) ) ;
#326 = ORIENTED_EDGE ( 'NONE', *, *, #139, .F. ) ;
#327 = DIRECTION ( 'NONE',  ( -1.000000000000000000, -1.384317985816904070E-15, 0.000000000000000000 ) ) ;
#328 = EDGE_CURVE ( 'NONE', #658, #110, #1175, .T. ) ;
#329 = FACE_OUTER_BOUND ( 'NONE', #1288, .T. ) ;
#330 = CARTESIAN_POINT ( 'NONE',  ( -58.70000000000028706, 23.04999999999993676, -10.04999999999999005 ) ) ;
#331 = ORIENTED_EDGE ( 'NONE', *, *, #15, .T. ) ;
#332 = DIRECTION ( 'NONE',  ( -1.000000000000000000, -1.982541115402016398E-15, 0.000000000000000000 ) ) ;
#333 = AXIS2_PLACEMENT_3D ( 'NONE', #1102, #456, #665 ) ;
#334 = VECTOR ( 'NONE', #1089, 1000.000000000000000 ) ;
#335 = ORIENTED_EDGE ( 'NONE', *, *, #1345, .T. ) ;
#336 = DIRECTION ( 'NONE',  ( 0.000000000000000000, 0.000000000000000000, -1.000000000000000000 ) ) ;
#337 = VECTOR ( 'NONE', #574, 1000.000000000000000 ) ;
#338 = CARTESIAN_POINT ( 'NONE',  ( -80.00000000000051159, -20.05000000000008953, 3.469446951953614189E-14 ) ) ;
#339 = DIRECTION ( 'NONE',  ( 0.000000000000000000, 0.000000000000000000, 1.000000000000000000 ) ) ;
#340 = ORIENTED_EDGE ( 'NONE', *, *, #79, .T. ) ;
#341 = DIRECTION ( 'NONE',  ( 1.557357734044016684E-15, -1.000000000000000000, 0.000000000000000000 ) ) ;
#342 = ADVANCED_FACE ( 'NONE', ( #419 ), #392, .F. ) ;
#343 = LINE ( 'NONE', #1430, #239 ) ;
#344 = FACE_OUTER_BOUND ( 'NONE', #1189, .T. ) ;
#345 = DIRECTION ( 'NONE',  ( 0.000000000000000000, -0.000000000000000000, 1.000000000000000000 ) ) ;
#346 = ORIENTED_EDGE ( 'NONE', *, *, #258, .F. ) ;
#347 = DIRECTION ( 'NONE',  ( -1.000000000000000000, -6.921589929084518378E-16, 0.000000000000000000 ) ) ;
#348 = VERTEX_POINT ( 'NONE', #1377 ) ;
#349 = ADVANCED_FACE ( 'NONE', ( #537 ), #280, .T. ) ;
#350 = DIRECTION ( 'NONE',  ( -0.000000000000000000, -0.000000000000000000, -1.000000000000000000 ) ) ;
#351 = DIRECTION ( 'NONE',  ( 0.000000000000000000, -0.000000000000000000, 1.000000000000000000 ) ) ;
#352 = EDGE_LOOP ( 'NONE', ( #1033, #23 ) ) ;
#353 = CARTESIAN_POINT ( 'NONE',  ( -85.00000000000058265, 28.99999999999995026, 6.000000000000000000 ) ) ;
#354 = VECTOR ( 'NONE', #674, 1000.000000000000000 ) ;
#355 = ORIENTED_EDGE ( 'NONE', *, *, #104, .T. ) ;
#356 = VECTOR ( 'NONE', #1416, 1000.000000000000000 ) ;
#357 = DIRECTION ( 'NONE',  ( 0.000000000000000000, 0.000000000000000000, 1.000000000000000000 ) ) ;
#358 = VECTOR ( 'NONE', #596, 1000.000000000000000 ) ;
#359 = ADVANCED_FACE ( 'NONE', ( #839 ), #1283, .T. ) ;
#360 = VECTOR ( 'NONE', #1186, 1000.000000000000000 ) ;
#361 = DIRECTION ( 'NONE',  ( -1.000000000000000000, -6.921589929084518378E-16, -0.000000000000000000 ) ) ;
#362 = ORIENTED_EDGE ( 'NONE', *, *, #271, .T. ) ;
#363 = PLANE ( 'NONE',  #825 ) ;
#364 = EDGE_LOOP ( 'NONE', ( #291, #98, #977, #625 ) ) ;
#365 = CARTESIAN_POINT ( 'NONE',  ( -89.94974746830648371, -26.26250000000012719, -15.95000000000000639 ) ) ;
#366 = FACE_OUTER_BOUND ( 'NONE', #529, .T. ) ;
#367 = EDGE_CURVE ( 'NONE', #812, #1328, #1129, .T. ) ;
#368 = SURFACE_STYLE_FILL_AREA ( #1379 ) ;
#369 = EDGE_LOOP ( 'NONE', ( #117, #1043 ) ) ;
#370 = DIRECTION ( 'NONE',  ( 0.000000000000000000, 0.000000000000000000, 1.000000000000000000 ) ) ;
#371 = ORIENTED_EDGE ( 'NONE', *, *, #655, .T. ) ;
#372 = DIRECTION ( 'NONE',  ( 0.000000000000000000, 0.000000000000000000, 1.000000000000000000 ) ) ;
#373 = CARTESIAN_POINT ( 'NONE',  ( -109.8000000000005940, 28.99999999999991473, 6.000000000000000000 ) ) ;
#374 = ADVANCED_FACE ( 'NONE', ( #1277 ), #1167, .F. ) ;
#375 = ORIENTED_EDGE ( 'NONE', *, *, #1007, .F. ) ;
#376 = CARTESIAN_POINT ( 'NONE',  ( -58.70000000000027995, 9.860000000000002984, -10.04999999999999005 ) ) ;
#377 = ORIENTED_EDGE ( 'NONE', *, *, #1336, .T. ) ;
#378 = LINE ( 'NONE', #58, #404 ) ;
#379 = VECTOR ( 'NONE', #1242, 1000.000000000000000 ) ;
#380 = CIRCLE ( 'NONE', #333, 1.750000000000050182 ) ;
#381 = AXIS2_PLACEMENT_3D ( 'NONE', #1223, #1214, #3 ) ;
#382 = CARTESIAN_POINT ( 'NONE',  ( -62.70000000000027285, -4.339836885536011283E-14, -9.605635632854155361E-30 ) ) ;
#383 = DIRECTION ( 'NONE',  ( 1.000000000000000000, 0.000000000000000000, 0.000000000000000000 ) ) ;
#384 = VECTOR ( 'NONE', #764, 1000.000000000000000 ) ;
#385 = EDGE_LOOP ( 'NONE', ( #1243, #1013 ) ) ;
#386 = VECTOR ( 'NONE', #1084, 1000.000000000000000 ) ;
#387 = DIRECTION ( 'NONE',  ( -1.000000000000000000, -6.921589929084518378E-16, 0.000000000000000000 ) ) ;
#388 = EDGE_CURVE ( 'NONE', #1157, #348, #518, .T. ) ;
#389 = EDGE_LOOP ( 'NONE', ( #1280, #898, #335, #298 ) ) ;
#390 = LINE ( 'NONE', #36, #1402 ) ;
#391 = EDGE_CURVE ( 'NONE', #1297, #493, #654, .T. ) ;
#392 = PLANE ( 'NONE',  #1079 ) ;
#393 = EDGE_LOOP ( 'NONE', ( #629, #62, #1, #481 ) ) ;
#394 = DIRECTION ( 'NONE',  ( -0.000000000000000000, 0.000000000000000000, -1.000000000000000000 ) ) ;
#395 = ORIENTED_EDGE ( 'NONE', *, *, #969, .F. ) ;
#396 = PLANE ( 'NONE',  #666 ) ;
#397 = EDGE_CURVE ( 'NONE', #452, #970, #343, .T. ) ;
#398 = DIRECTION ( 'NONE',  ( 6.921589929084518378E-16, -1.000000000000000000, 0.000000000000000000 ) ) ;
#399 = CARTESIAN_POINT ( 'NONE',  ( -80.00000000000051159, -20.05000000000008953, 0.000000000000000000 ) ) ;
#400 = CARTESIAN_POINT ( 'NONE',  ( -95.65000000000044622, -24.52500000000007674, 0.000000000000000000 ) ) ;
#401 = ORIENTED_EDGE ( 'NONE', *, *, #1396, .F. ) ;
#402 = PLANE ( 'NONE',  #1035 ) ;
#403 = AXIS2_PLACEMENT_3D ( 'NONE', #1393, #742, #628 ) ;
#404 = VECTOR ( 'NONE', #708, 1000.000000000000000 ) ;
#405 = ORIENTED_EDGE ( 'NONE', *, *, #53, .T. ) ;
#406 = DIRECTION ( 'NONE',  ( -1.000000000000000000, -1.982541115402016398E-15, 0.000000000000000000 ) ) ;
#407 = ORIENTED_EDGE ( 'NONE', *, *, #853, .T. ) ;
#408 = CARTESIAN_POINT ( 'NONE',  ( -80.00000000000051159, -29.00000000000004619, 6.000000000000000000 ) ) ;
#409 = EDGE_CURVE ( 'NONE', #766, #970, #222, .T. ) ;
#410 = ORIENTED_EDGE ( 'NONE', *, *, #240, .T. ) ;
#411 = DIRECTION ( 'NONE',  ( 1.000000000000000000, 1.384317985816903676E-15, 0.000000000000000000 ) ) ;
#412 = EDGE_LOOP ( 'NONE', ( #1178, #1367, #660, #836 ) ) ;
#413 = DIRECTION ( 'NONE',  ( -1.000000000000000000, -1.982541115402032175E-15, 0.000000000000000000 ) ) ;
#414 = DIRECTION ( 'NONE',  ( -1.000000000000000000, -1.278218690650126433E-15, -0.000000000000000000 ) ) ;
#415 = DIRECTION ( 'NONE',  ( 0.000000000000000000, -1.000000000000000000, 0.000000000000000000 ) ) ;
#416 = EDGE_CURVE ( 'NONE', #1120, #543, #792, .T. ) ;
#417 = ORIENTED_EDGE ( 'NONE', *, *, #649, .T. ) ;
#418 = CARTESIAN_POINT ( 'NONE',  ( -58.70000000000027285, 0.3099999999999648037, -10.04999999999999183 ) ) ;
#419 = FACE_OUTER_BOUND ( 'NONE', #204, .T. ) ;
#420 = AXIS2_PLACEMENT_3D ( 'NONE', #478, #1133, #255 ) ;
#421 = DIRECTION ( 'NONE',  ( 0.000000000000000000, 0.000000000000000000, 1.000000000000000000 ) ) ;
#422 = FACE_OUTER_BOUND ( 'NONE', #46, .T. ) ;
#423 = AXIS2_PLACEMENT_3D ( 'NONE', #1347, #350, #884 ) ;
#424 = ORIENTED_EDGE ( 'NONE', *, *, #1026, .F. ) ;
#425 = EDGE_CURVE ( 'NONE', #1325, #1071, #759, .T. ) ;
#426 = CARTESIAN_POINT ( 'NONE',  ( -97.40000000000047464, -24.52500000000008029, -4.949747468305953468 ) ) ;
#427 = AXIS2_PLACEMENT_3D ( 'NONE', #1311, #997, #1224 ) ;
#428 = ORIENTED_EDGE ( 'NONE', *, *, #860, .F. ) ;
#429 = ADVANCED_FACE ( 'NONE', ( #909 ), #989, .F. ) ;
#430 = DIRECTION ( 'NONE',  ( 1.000000000000000000, 1.384317985816903873E-15, -0.000000000000000000 ) ) ;
#431 = CARTESIAN_POINT ( 'NONE',  ( -58.70000000000027995, 9.860000000000002984, -10.04999999999999005 ) ) ;
#432 = VERTEX_POINT ( 'NONE', #693 ) ;
#433 = CARTESIAN_POINT ( 'NONE',  ( -80.00000000000051159, -20.05000000000009308, -31.89999999999999858 ) ) ;
#434 = VERTEX_POINT ( 'NONE', #1114 ) ;
#435 = CARTESIAN_POINT ( 'NONE',  ( -94.15000000000057412, 24.52499999999991331, 6.000000000000000000 ) ) ;
#436 = EDGE_CURVE ( 'NONE', #259, #1328, #995, .T. ) ;
#437 = DIRECTION ( 'NONE',  ( 0.000000000000000000, -0.000000000000000000, 1.000000000000000000 ) ) ;
#438 = LINE ( 'NONE', #218, #356 ) ;
#439 = ORIENTED_EDGE ( 'NONE', *, *, #425, .T. ) ;
#440 = DIRECTION ( 'NONE',  ( 0.000000000000000000, 0.000000000000000000, -1.000000000000000000 ) ) ;
#441 = ORIENTED_EDGE ( 'NONE', *, *, #1026, .T. ) ;
#442 = CARTESIAN_POINT ( 'NONE',  ( -71.14215069796412649, -6.875000000000262901, -20.10000000000000142 ) ) ;
#443 = EDGE_CURVE ( 'NONE', #1407, #180, #309, .T. ) ;
#444 = DIRECTION ( 'NONE',  ( -0.000000000000000000, -0.000000000000000000, -1.000000000000000000 ) ) ;
#445 = VECTOR ( 'NONE', #875, 1000.000000000000000 ) ;
#446 = CARTESIAN_POINT ( 'NONE',  ( -109.8000000000005087, -29.00000000000008882, 6.000000000000000000 ) ) ;
#447 = AXIS2_PLACEMENT_3D ( 'NONE', #232, #1432, #1202 ) ;
#448 = ORIENTED_EDGE ( 'NONE', *, *, #631, .T. ) ;
#449 = FACE_OUTER_BOUND ( 'NONE', #1235, .T. ) ;
#450 = AXIS2_PLACEMENT_3D ( 'NONE', #238, #1244, #1098 ) ;
#451 = VECTOR ( 'NONE', #1419, 1000.000000000000000 ) ;
#452 = VERTEX_POINT ( 'NONE', #466 ) ;
#453 = DIRECTION ( 'NONE',  ( -0.000000000000000000, -0.000000000000000000, -1.000000000000000000 ) ) ;
#454 = AXIS2_PLACEMENT_3D ( 'NONE', #952, #1391, #845 ) ;
#455 = LINE ( 'NONE', #599, #718 ) ;
#456 = DIRECTION ( 'NONE',  ( 1.000000000000000000, 1.384317985816903676E-15, -0.000000000000000000 ) ) ;
#457 = EDGE_CURVE ( 'NONE', #1375, #324, #1121, .T. ) ;
#458 = ORIENTED_EDGE ( 'NONE', *, *, #122, .F. ) ;
#459 = CARTESIAN_POINT ( 'NONE',  ( -67.89215069796419755, -6.875000000000258460, -22.10000000000000142 ) ) ;
#460 = ORIENTED_EDGE ( 'NONE', *, *, #5, .T. ) ;
#461 = DIRECTION ( 'NONE',  ( 0.000000000000000000, -1.000000000000000000, 0.000000000000000000 ) ) ;
#462 = ORIENTED_EDGE ( 'NONE', *, *, #279, .F. ) ;
#463 = CARTESIAN_POINT ( 'NONE',  ( -62.70000000000027995, 23.04999999999992966, -22.10000000000000142 ) ) ;
#464 = EDGE_CURVE ( 'NONE', #324, #294, #871, .T. ) ;
#465 = EDGE_LOOP ( 'NONE', ( #458, #557, #1349, #1134 ) ) ;
#466 = CARTESIAN_POINT ( 'NONE',  ( -77.70000000000055707, 23.04999999999990834, -22.10000000000000142 ) ) ;
#467 = DIRECTION ( 'NONE',  ( -1.000000000000000000, -1.384317985816903676E-15, 0.000000000000000000 ) ) ;
#468 = ORIENTED_EDGE ( 'NONE', *, *, #183, .F. ) ;
#469 = LINE ( 'NONE', #913, #379 ) ;
#470 = VECTOR ( 'NONE', #411, 1000.000000000000000 ) ;
#471 = ORIENTED_EDGE ( 'NONE', *, *, #1038, .T. ) ;
#472 = CIRCLE ( 'NONE', #1032, 13.18999999999993022 ) ;
#473 = FACE_BOUND ( 'NONE', #908, .T. ) ;
#474 = AXIS2_PLACEMENT_3D ( 'NONE', #229, #775, #119 ) ;
#475 = EDGE_CURVE ( 'NONE', #180, #1407, #74, .T. ) ;
#476 = AXIS2_PLACEMENT_3D ( 'NONE', #121, #810, #467 ) ;
#477 = CARTESIAN_POINT ( 'NONE',  ( -67.89215069796419755, -6.875000000000258460, -20.10000000000000142 ) ) ;
#478 = CARTESIAN_POINT ( 'NONE',  ( -79.79999999999880345, 8.095642990836970318E-13, -20.10000000000000142 ) ) ;
#479 = ORIENTED_EDGE ( 'NONE', *, *, #1064, .T. ) ;
#480 = CARTESIAN_POINT ( 'NONE',  ( -80.00000000000051159, -29.00000000000004619, -31.89999999999999858 ) ) ;
#481 = ORIENTED_EDGE ( 'NONE', *, *, #517, .F. ) ;
#482 = LINE ( 'NONE', #1370, #717 ) ;
#483 = EDGE_CURVE ( 'NONE', #270, #929, #1012, .T. ) ;
#484 = DIRECTION ( 'NONE',  ( 1.000000000000000000, 1.384317985816903873E-15, 0.000000000000000000 ) ) ;
#485 = SURFACE_STYLE_USAGE ( .BOTH. , #151 ) ;
#486 = EDGE_LOOP ( 'NONE', ( #822, #1096, #158, #1313 ) ) ;
#487 = DIRECTION ( 'NONE',  ( -0.000000000000000000, -0.000000000000000000, -1.000000000000000000 ) ) ;
#488 = VERTEX_POINT ( 'NONE', #661 ) ;
#489 = CARTESIAN_POINT ( 'NONE',  ( -97.40000000000057412, 23.04999999999988702, 0.000000000000000000 ) ) ;
#490 = CARTESIAN_POINT ( 'NONE',  ( -85.00000000000058265, 28.99999999999995026, 3.000000000000000000 ) ) ;
#491 = CARTESIAN_POINT ( 'NONE',  ( -89.35000000000052012, -6.177887250658523485E-14, 6.000000000000000000 ) ) ;
#492 = ADVANCED_FACE ( 'NONE', ( #916 ), #1353, .F. ) ;
#493 = VERTEX_POINT ( 'NONE', #560 ) ;
#494 = LINE ( 'NONE', #245, #802 ) ;
#495 = ORIENTED_EDGE ( 'NONE', *, *, #800, .T. ) ;
#496 = DIRECTION ( 'NONE',  ( -1.000000000000000000, -1.067522139062649685E-15, 0.000000000000000000 ) ) ;
#497 = CIRCLE ( 'NONE', #261, 1.750000000000043077 ) ;
#498 = AXIS2_PLACEMENT_3D ( 'NONE', #1156, #1047, #383 ) ;
#499 = AXIS2_PLACEMENT_3D ( 'NONE', #1101, #444, #1201 ) ;
#500 = DIRECTION ( 'NONE',  ( -1.000000000000000000, -6.921589929084518378E-16, 0.000000000000000000 ) ) ;
#501 = DIRECTION ( 'NONE',  ( -0.000000000000000000, -0.000000000000000000, -1.000000000000000000 ) ) ;
#502 = EDGE_CURVE ( 'NONE', #1394, #600, #1230, .T. ) ;
#503 = VERTEX_POINT ( 'NONE', #570 ) ;
#504 = DIRECTION ( 'NONE',  ( 1.193909896659092741E-15, -1.000000000000000000, 0.000000000000000000 ) ) ;
#505 = DIRECTION ( 'NONE',  ( -1.000000000000000000, -1.067522139062649685E-15, 0.000000000000000000 ) ) ;
#506 = ORIENTED_EDGE ( 'NONE', *, *, #53, .F. ) ;
#507 = CYLINDRICAL_SURFACE ( 'NONE', #237, 1.750000000000043077 ) ;
#508 = ORIENTED_EDGE ( 'NONE', *, *, #1038, .F. ) ;
#509 = EDGE_CURVE ( 'NONE', #513, #432, #620, .T. ) ;
#510 = CARTESIAN_POINT ( 'NONE',  ( -109.8000000000005940, 28.99999999999991473, 6.000000000000000000 ) ) ;
#511 = ORIENTED_EDGE ( 'NONE', *, *, #1351, .T. ) ;
#512 = DIRECTION ( 'NONE',  ( 0.000000000000000000, 0.000000000000000000, -1.000000000000000000 ) ) ;
#513 = VERTEX_POINT ( 'NONE', #1436 ) ;
#514 = FACE_BOUND ( 'NONE', #11, .T. ) ;
#515 = AXIS2_PLACEMENT_3D ( 'NONE', #900, #789, #577 ) ;
#516 = AXIS2_PLACEMENT_3D ( 'NONE', #779, #1439, #1110 ) ;
#517 = EDGE_CURVE ( 'NONE', #1120, #806, #902, .T. ) ;
#518 = CIRCLE ( 'NONE', #263, 1.750000000000029310 ) ;
#519 = AXIS2_PLACEMENT_3D ( 'NONE', #299, #1408, #1083 ) ;
#520 = ORIENTED_EDGE ( 'NONE', *, *, #321, .T. ) ;
#521 = FACE_OUTER_BOUND ( 'NONE', #627, .T. ) ;
#522 = VECTOR ( 'NONE', #1138, 1000.000000000000000 ) ;
#523 = VERTEX_POINT ( 'NONE', #442 ) ;
#524 = CARTESIAN_POINT ( 'NONE',  ( -97.40000000000047464, -24.52500000000008029, 0.000000000000000000 ) ) ;
#525 = PRODUCT ( '010_005_Bearing_mount_2', '010_005_Bearing_mount_2', '', ( #1016 ) ) ;
#526 = EDGE_CURVE ( 'NONE', #214, #1020, #1194, .T. ) ;
#527 = DIRECTION ( 'NONE',  ( 1.000000000000000000, 1.384317985816903676E-15, -0.000000000000000000 ) ) ;
#528 = CARTESIAN_POINT ( 'NONE',  ( -67.89215069796310331, 6.874999999997978506, -22.10000000000000142 ) ) ;
#529 = EDGE_LOOP ( 'NONE', ( #912, #60, #250, #1027 ) ) ;
#530 = CARTESIAN_POINT ( 'NONE',  ( -77.70000000000055707, 20.04999999999990479, -22.10000000000000142 ) ) ;
#531 = PRODUCT_RELATED_PRODUCT_CATEGORY ( 'part', '', ( #525 ) ) ;
#532 = DIRECTION ( 'NONE',  ( -1.000000000000000000, -1.384317985816903676E-15, 0.000000000000000000 ) ) ;
#533 = FACE_OUTER_BOUND ( 'NONE', #949, .T. ) ;
#534 = EDGE_CURVE ( 'NONE', #1182, #1339, #891, .T. ) ;
#535 = EDGE_LOOP ( 'NONE', ( #511, #377 ) ) ;
#536 = FACE_OUTER_BOUND ( 'NONE', #465, .T. ) ;
#537 = FACE_OUTER_BOUND ( 'NONE', #1220, .T. ) ;
#538 = VECTOR ( 'NONE', #1249, 1000.000000000000000 ) ;
#539 = VECTOR ( 'NONE', #1187, 1000.000000000000000 ) ;
#540 = FACE_OUTER_BOUND ( 'NONE', #389, .T. ) ;
#541 = CARTESIAN_POINT ( 'NONE',  ( -58.70000000000027995, 9.860000000000002984, -10.04999999999999005 ) ) ;
#542 = AXIS2_PLACEMENT_3D ( 'NONE', #1275, #155, #1144 ) ;
#543 = VERTEX_POINT ( 'NONE', #603 ) ;
#544 = CYLINDRICAL_SURFACE ( 'NONE', #1442, 3.249999999999933387 ) ;
#545 = EDGE_CURVE ( 'NONE', #707, #48, #148, .T. ) ;
#546 = CIRCLE ( 'NONE', #1360, 1.750000000000050182 ) ;
#547 = CARTESIAN_POINT ( 'NONE',  ( -62.70000000000025864, -20.05000000000007887, -22.10000000000000142 ) ) ;
#548 = CARTESIAN_POINT ( 'NONE',  ( -85.00000000000051159, -22.76250000000001705, -15.95000000000000639 ) ) ;
#549 = CARTESIAN_POINT ( 'NONE',  ( -97.40000000000054570, -6.741628590928358762E-14, 3.000000000000000000 ) ) ;
#550 = ORIENTED_EDGE ( 'NONE', *, *, #809, .T. ) ;
#551 = CYLINDRICAL_SURFACE ( 'NONE', #1259, 3.249999999999999556 ) ;
#552 = ADVANCED_FACE ( 'NONE', ( #253 ), #1268, .T. ) ;
#553 = ORIENTED_EDGE ( 'NONE', *, *, #1316, .T. ) ;
#554 = DIRECTION ( 'NONE',  ( -1.000000000000000000, -6.921589929084518378E-16, -0.000000000000000000 ) ) ;
#555 = DIRECTION ( 'NONE',  ( 1.505585522390914706E-31, -1.087600925377307357E-16, -1.000000000000000000 ) ) ;
#556 = FACE_OUTER_BOUND ( 'NONE', #953, .T. ) ;
#557 = ORIENTED_EDGE ( 'NONE', *, *, #797, .F. ) ;
#558 = FACE_OUTER_BOUND ( 'NONE', #1278, .T. ) ;
#559 = ORIENTED_EDGE ( 'NONE', *, *, #183, .T. ) ;
#560 = CARTESIAN_POINT ( 'NONE',  ( -85.00000000000052580, -20.05000000000010019, -31.89999999999999858 ) ) ;
#561 = EDGE_CURVE ( 'NONE', #600, #698, #1028, .T. ) ;
#562 = DIRECTION ( 'NONE',  ( 1.000000000000000000, 1.334402673828334737E-15, 0.000000000000000000 ) ) ;
#563 = VECTOR ( 'NONE', #1042, 1000.000000000000000 ) ;
#564 = DIRECTION ( 'NONE',  ( -1.000000000000000000, -6.921589929084518378E-16, 0.000000000000000000 ) ) ;
#565 = COLOUR_RGB ( '',0.000000000000000000, 0.5019607843137254832, 0.000000000000000000 ) ;
#566 = ORIENTED_EDGE ( 'NONE', *, *, #289, .F. ) ;
#567 = LINE ( 'NONE', #1441, #184 ) ;
#568 = VECTOR ( 'NONE', #161, 1000.000000000000000 ) ;
#569 = ORIENTED_EDGE ( 'NONE', *, *, #1266, .T. ) ;
#570 = CARTESIAN_POINT ( 'NONE',  ( -100.6500000000005883, 24.52499999999990621, 6.000000000000000000 ) ) ;
#571 = AXIS2_PLACEMENT_3D ( 'NONE', #917, #361, #242 ) ;
#572 = MECHANICAL_DESIGN_GEOMETRIC_PRESENTATION_REPRESENTATION (  '', ( #922 ), #1308 ) ;
#573 = ADVANCED_FACE ( 'NONE', ( #1044, #27, #610, #473 ), #1376, .T. ) ;
#574 = DIRECTION ( 'NONE',  ( -6.921589929084519364E-16, 1.000000000000000000, 0.000000000000000000 ) ) ;
#575 = APPLICATION_PROTOCOL_DEFINITION ( 'draft international standard', 'automotive_design', 1998, #142 ) ;
#576 = EDGE_LOOP ( 'NONE', ( #395, #923, #826, #495 ) ) ;
#577 = DIRECTION ( 'NONE',  ( -1.000000000000000000, -1.334402673828334737E-15, 0.000000000000000000 ) ) ;
#578 = ORIENTED_EDGE ( 'NONE', *, *, #37, .F. ) ;
#579 = CARTESIAN_POINT ( 'NONE',  ( -97.40000000000051728, -24.52500000000008384, 6.000000000000000000 ) ) ;
#580 = PLANE ( 'NONE',  #476 ) ;
#581 = DIRECTION ( 'NONE',  ( 0.000000000000000000, 0.000000000000000000, -1.000000000000000000 ) ) ;
#582 = ORIENTED_EDGE ( 'NONE', *, *, #725, .F. ) ;
#583 = DIRECTION ( 'NONE',  ( -0.000000000000000000, -0.000000000000000000, -1.000000000000000000 ) ) ;
#584 = EDGE_CURVE ( 'NONE', #1325, #1226, #831, .T. ) ;
#585 = EDGE_LOOP ( 'NONE', ( #154, #188, #32, #57 ) ) ;
#586 = CARTESIAN_POINT ( 'NONE',  ( -94.15000000000051728, -24.52500000000008029, 6.000000000000000000 ) ) ;
#587 = CARTESIAN_POINT ( 'NONE',  ( -89.35000000000052012, -6.177887250658523485E-14, 3.000000000000000000 ) ) ;
#588 = CARTESIAN_POINT ( 'NONE',  ( -97.40000000000058833, 24.52499999999990976, 6.000000000000000000 ) ) ;
#589 = EDGE_LOOP ( 'NONE', ( #108, #1163 ) ) ;
#590 = CARTESIAN_POINT ( 'NONE',  ( -97.40000000000057412, 23.04999999999988702, 0.000000000000000000 ) ) ;
#591 = VECTOR ( 'NONE', #512, 1000.000000000000000 ) ;
#592 = ADVANCED_BREP_SHAPE_REPRESENTATION ( '010_005_Bearing_mount_2', ( #287, #498 ), #1191 ) ;
#593 = VERTEX_POINT ( 'NONE', #724 ) ;
#594 = AXIS2_PLACEMENT_3D ( 'NONE', #971, #1410, #415 ) ;
#595 = EDGE_CURVE ( 'NONE', #929, #987, #1160, .T. ) ;
#596 = DIRECTION ( 'NONE',  ( 0.000000000000000000, 0.000000000000000000, 1.000000000000000000 ) ) ;
#597 = VECTOR ( 'NONE', #653, 1000.000000000000227 ) ;
#598 = AXIS2_PLACEMENT_3D ( 'NONE', #975, #990, #316 ) ;
#599 = CARTESIAN_POINT ( 'NONE',  ( -70.25000000000046896, -3.416886128429655714E-14, 6.000000000000000000 ) ) ;
#600 = VERTEX_POINT ( 'NONE', #49 ) ;
#601 = DIRECTION ( 'NONE',  ( -1.000000000000000000, -6.921589929084518378E-16, -0.000000000000000000 ) ) ;
#602 = EDGE_LOOP ( 'NONE', ( #965, #506 ) ) ;
#603 = CARTESIAN_POINT ( 'NONE',  ( -77.70000000000048601, -19.88944443668538753, 0.000000000000000000 ) ) ;
#604 = EDGE_CURVE ( 'NONE', #1272, #173, #278, .T. ) ;
#605 = CARTESIAN_POINT ( 'NONE',  ( -62.70000000000027285, -4.339836885536011283E-14, -9.605635632854155361E-30 ) ) ;
#606 = CARTESIAN_POINT ( 'NONE',  ( -79.79999999999880345, 8.095642990836970318E-13, -20.10000000000000142 ) ) ;
#607 = VERTEX_POINT ( 'NONE', #586 ) ;
#608 = PLANE ( 'NONE',  #235 ) ;
#609 = ORIENTED_EDGE ( 'NONE', *, *, #409, .F. ) ;
#610 = FACE_BOUND ( 'NONE', #1111, .T. ) ;
#611 = DIRECTION ( 'NONE',  ( 1.384317985816903676E-15, -1.000000000000000000, 0.000000000000000000 ) ) ;
#612 = UNCERTAINTY_MEASURE_WITH_UNIT (LENGTH_MEASURE( 1.000000000000000082E-05 ), #720, 'distance_accuracy_value', 'NONE');
#613 = EDGE_CURVE ( 'NONE', #173, #820, #1357, .T. ) ;
#614 = LINE ( 'NONE', #81, #145 ) ;
#615 = LINE ( 'NONE', #153, #563 ) ;
#616 = EDGE_LOOP ( 'NONE', ( #829, #1433, #202, #375, #1203, #246, #1359 ) ) ;
#617 = CARTESIAN_POINT ( 'NONE',  ( -80.00000000000054001, -4.647363611943331218E-14, 0.000000000000000000 ) ) ;
#618 = AXIS2_PLACEMENT_3D ( 'NONE', #690, #783, #17 ) ;
#619 = AXIS2_PLACEMENT_3D ( 'NONE', #1298, #864, #301 ) ;
#620 = CIRCLE ( 'NONE', #644, 9.550000000000038014 ) ;
#621 = VECTOR ( 'NONE', #1317, 1000.000000000000000 ) ;
#622 = EDGE_CURVE ( 'NONE', #700, #452, #1363, .T. ) ;
#623 = ORIENTED_EDGE ( 'NONE', *, *, #704, .T. ) ;
#624 = DIRECTION ( 'NONE',  ( 0.000000000000000000, -0.000000000000000000, 1.000000000000000000 ) ) ;
#625 = ORIENTED_EDGE ( 'NONE', *, *, #696, .F. ) ;
#626 = FACE_BOUND ( 'NONE', #41, .T. ) ;
#627 = EDGE_LOOP ( 'NONE', ( #302, #999, #508, #1136 ) ) ;
#628 = DIRECTION ( 'NONE',  ( -1.000000000000000000, -1.982541115402032175E-15, 0.000000000000000000 ) ) ;
#629 = ORIENTED_EDGE ( 'NONE', *, *, #416, .T. ) ;
#630 = DIRECTION ( 'NONE',  ( -1.000000000000000000, -6.921589929084518378E-16, 0.000000000000000000 ) ) ;
#631 = EDGE_CURVE ( 'NONE', #127, #814, #482, .T. ) ;
#632 = PRODUCT_DEFINITION_SHAPE ( 'NONE', 'NONE',  #1237 ) ;
#633 = DIRECTION ( 'NONE',  ( 0.000000000000000000, -1.000000000000000000, 0.000000000000000000 ) ) ;
#634 = CARTESIAN_POINT ( 'NONE',  ( -70.25000000000046896, -3.416886128429655083E-14, 3.000000000000000000 ) ) ;
#635 = EDGE_LOOP ( 'NONE', ( #689, #65, #326, #795 ) ) ;
#636 = CARTESIAN_POINT ( 'NONE',  ( -62.70000000000027285, -4.339836885536011283E-14, -9.605635632854155361E-30 ) ) ;
#637 = EDGE_CURVE ( 'NONE', #803, #607, #852, .T. ) ;
#638 = CIRCLE ( 'NONE', #618, 3.249999999999933387 ) ;
#639 = CIRCLE ( 'NONE', #713, 3.250000000000002665 ) ;
#640 = VECTOR ( 'NONE', #105, 999.9999999999998863 ) ;
#641 = ORIENTED_EDGE ( 'NONE', *, *, #122, .T. ) ;
#642 = DIRECTION ( 'NONE',  ( 1.052144640471154598E-15, -1.000000000000000000, 0.000000000000000000 ) ) ;
#643 = AXIS2_PLACEMENT_3D ( 'NONE', #1217, #217, #532 ) ;
#644 = AXIS2_PLACEMENT_3D ( 'NONE', #1108, #12, #461 ) ;
#645 = ORIENTED_EDGE ( 'NONE', *, *, #1200, .F. ) ;
#646 = LINE ( 'NONE', #1403, #334 ) ;
#647 = CARTESIAN_POINT ( 'NONE',  ( -80.00000000000051159, -21.26250000000006324, -15.94999999999995310 ) ) ;
#648 = ADVANCED_FACE ( 'NONE', ( #260 ), #1153, .F. ) ;
#649 = EDGE_CURVE ( 'NONE', #680, #523, #378, .T. ) ;
#650 = LINE ( 'NONE', #100, #216 ) ;
#651 = CARTESIAN_POINT ( 'NONE',  ( -99.15000000000050306, -24.52500000000008384, 3.000000000000000000 ) ) ;
#652 = ORIENTED_EDGE ( 'NONE', *, *, #509, .F. ) ;
#653 = DIRECTION ( 'NONE',  ( -0.2447747474021793601, -0.9695799724799389896, 0.000000000000000000 ) ) ;
#654 = LINE ( 'NONE', #1424, #1331 ) ;
#655 = EDGE_CURVE ( 'NONE', #1401, #820, #390, .T. ) ;
#656 = DIRECTION ( 'NONE',  ( 0.000000000000000000, 0.000000000000000000, 1.000000000000000000 ) ) ;
#657 = DIRECTION ( 'NONE',  ( -5.260723202355773974E-16, 1.000000000000000000, 0.000000000000000000 ) ) ;
#658 = VERTEX_POINT ( 'NONE', #838 ) ;
#659 = CARTESIAN_POINT ( 'NONE',  ( -58.70000000000027995, 9.860000000000002984, -10.04999999999999005 ) ) ;
#660 = ORIENTED_EDGE ( 'NONE', *, *, #545, .T. ) ;
#661 = CARTESIAN_POINT ( 'NONE',  ( -58.70000000000028706, 19.41000000000003922, -10.04999999999999005 ) ) ;
#662 = AXIS2_PLACEMENT_3D ( 'NONE', #821, #487, #34 ) ;
#663 = CIRCLE ( 'NONE', #1261, 3.249999999999999556 ) ;
#664 = CARTESIAN_POINT ( 'NONE',  ( -95.65000000000044622, -24.52500000000007674, -4.949747468305953468 ) ) ;
#665 = DIRECTION ( 'NONE',  ( 0.000000000000000000, 0.000000000000000000, 1.000000000000000000 ) ) ;
#666 = AXIS2_PLACEMENT_3D ( 'NONE', #617, #1059, #504 ) ;
#667 = ORIENTED_EDGE ( 'NONE', *, *, #1077, .F. ) ;
#668 = CARTESIAN_POINT ( 'NONE',  ( -109.8000000000005087, -29.00000000000008882, 6.000000000000000000 ) ) ;
#669 = AXIS2_PLACEMENT_3D ( 'NONE', #605, #695, #1365 ) ;
#670 = DIRECTION ( 'NONE',  ( 0.000000000000000000, 0.000000000000000000, -1.000000000000000000 ) ) ;
#671 = DIRECTION ( 'NONE',  ( 1.000000000000000000, 1.278218690650126433E-15, -0.000000000000000000 ) ) ;
#672 = DIRECTION ( 'NONE',  ( -1.000000000000000000, -6.921589929084518378E-16, -0.000000000000000000 ) ) ;
#673 = ORIENTED_EDGE ( 'NONE', *, *, #876, .F. ) ;
#674 = DIRECTION ( 'NONE',  ( 0.000000000000000000, 0.000000000000000000, -1.000000000000000000 ) ) ;
#675 = ORIENTED_EDGE ( 'NONE', *, *, #809, .F. ) ;
#676 = ADVANCED_FACE ( 'NONE', ( #823, #1258 ), #396, .T. ) ;
#677 = DIRECTION ( 'NONE',  ( 1.000000000000000000, 1.067522139062649685E-15, 0.000000000000000000 ) ) ;
#678 = CARTESIAN_POINT ( 'NONE',  ( -89.94974746830648371, -24.51250000000007745, -15.95000000000000639 ) ) ;
#679 = CARTESIAN_POINT ( 'NONE',  ( -85.00000000000051159, -29.00000000000005329, -31.89999999999999858 ) ) ;
#680 = VERTEX_POINT ( 'NONE', #950 ) ;
#681 = CARTESIAN_POINT ( 'NONE',  ( -95.65000000000050306, 24.52499999999993108, -4.949747468305953468 ) ) ;
#682 = EDGE_LOOP ( 'NONE', ( #840, #401, #985, #782 ) ) ;
#683 = DIRECTION ( 'NONE',  ( -1.000000000000000000, -1.384317985816904070E-15, 0.000000000000000000 ) ) ;
#684 = ADVANCED_FACE ( 'NONE', ( #843, #734, #514 ), #402, .T. ) ;
#685 = CARTESIAN_POINT ( 'NONE',  ( -95.65000000000050306, 24.52499999999993108, 0.000000000000000000 ) ) ;
#686 = VECTOR ( 'NONE', #1190, 1000.000000000000114 ) ;
#687 =( NAMED_UNIT ( * ) SI_UNIT ( $, .STERADIAN. ) SOLID_ANGLE_UNIT ( ) );
#688 = CIRCLE ( 'NONE', #1056, 1.750000000000050182 ) ;
#689 = ORIENTED_EDGE ( 'NONE', *, *, #149, .F. ) ;
#690 = CARTESIAN_POINT ( 'NONE',  ( -67.89215069796419755, -6.875000000000258460, -22.10000000000000142 ) ) ;
#691 = AXIS2_PLACEMENT_3D ( 'NONE', #762, #1061, #833 ) ;
#692 = ORIENTED_EDGE ( 'NONE', *, *, #1229, .T. ) ;
#693 = CARTESIAN_POINT ( 'NONE',  ( -62.70000000000027995, 19.41000000000003922, -10.04999999999999005 ) ) ;
#694 = AXIS2_PLACEMENT_3D ( 'NONE', #678, #895, #1333 ) ;
#695 = DIRECTION ( 'NONE',  ( 1.000000000000000000, 6.921589929084519364E-16, 0.000000000000000000 ) ) ;
#696 = EDGE_CURVE ( 'NONE', #488, #432, #962, .T. ) ;
#697 = FACE_OUTER_BOUND ( 'NONE', #1165, .T. ) ;
#698 = VERTEX_POINT ( 'NONE', #761 ) ;
#699 = CARTESIAN_POINT ( 'NONE',  ( -58.70000000000027285, 4.495897092709737031, -22.09999999999994102 ) ) ;
#700 = VERTEX_POINT ( 'NONE', #968 ) ;
#701 = DIRECTION ( 'NONE',  ( -1.228737405011810823E-15, 1.000000000000000000, 0.000000000000000000 ) ) ;
#702 = CARTESIAN_POINT ( 'NONE',  ( -99.15000000000050306, -24.52500000000008384, -4.949747468305953468 ) ) ;
#703 = PLANE ( 'NONE',  #420 ) ;
#704 = EDGE_CURVE ( 'NONE', #970, #1226, #189, .T. ) ;
#705 = ORIENTED_EDGE ( 'NONE', *, *, #44, .T. ) ;
#706 = CARTESIAN_POINT ( 'NONE',  ( -80.00000000000051159, -27.76250000000005969, -15.94999999999995310 ) ) ;
#707 = VERTEX_POINT ( 'NONE', #1070 ) ;
#708 = DIRECTION ( 'NONE',  ( 0.000000000000000000, 0.000000000000000000, 1.000000000000000000 ) ) ;
#709 = DIRECTION ( 'NONE',  ( -1.000000000000000000, -6.921589929084518378E-16, 0.000000000000000000 ) ) ;
#710 = CIRCLE ( 'NONE', #1122, 20.00000000000050449 ) ;
#711 = ORIENTED_EDGE ( 'NONE', *, *, #258, .T. ) ;
#712 = CARTESIAN_POINT ( 'NONE',  ( -97.40000000000047464, -24.52500000000008029, 3.000000000000000000 ) ) ;
#713 = AXIS2_PLACEMENT_3D ( 'NONE', #841, #1286, #1196 ) ;
#714 = ORIENTED_EDGE ( 'NONE', *, *, #1207, .F. ) ;
#715 = AXIS2_PLACEMENT_3D ( 'NONE', #20, #807, #683 ) ;
#716 = CARTESIAN_POINT ( 'NONE',  ( -85.00000000000052580, -29.00000000000005329, 0.000000000000000000 ) ) ;
#717 = VECTOR ( 'NONE', #730, 1000.000000000000000 ) ;
#718 = VECTOR ( 'NONE', #801, 1000.000000000000000 ) ;
#719 = CARTESIAN_POINT ( 'NONE',  ( -85.00000000000052580, -20.05000000000010019, -31.89999999999999858 ) ) ;
#720 =( LENGTH_UNIT ( ) NAMED_UNIT ( * ) SI_UNIT ( .MILLI., .METRE. ) );
#721 = ORIENTED_EDGE ( 'NONE', *, *, #1093, .F. ) ;
#722 = DIRECTION ( 'NONE',  ( 0.000000000000000000, -1.000000000000000000, 0.000000000000000000 ) ) ;
#723 = ORIENTED_EDGE ( 'NONE', *, *, #1161, .F. ) ;
#724 = CARTESIAN_POINT ( 'NONE',  ( -77.70000000000051443, -19.88944443668538753, 5.999999999999998224 ) ) ;
#725 = EDGE_CURVE ( 'NONE', #1069, #1339, #646, .T. ) ;
#726 = DIRECTION ( 'NONE',  ( -0.000000000000000000, -0.000000000000000000, -1.000000000000000000 ) ) ;
#727 = ORIENTED_EDGE ( 'NONE', *, *, #957, .T. ) ;
#728 = DIRECTION ( 'NONE',  ( -0.2447747474021793601, -0.9695799724799389896, 0.000000000000000000 ) ) ;
#729 = ORIENTED_EDGE ( 'NONE', *, *, #175, .F. ) ;
#730 = DIRECTION ( 'NONE',  ( 1.000000000000000000, 1.278218690650126433E-15, -0.000000000000000000 ) ) ;
#731 = ORIENTED_EDGE ( 'NONE', *, *, #1168, .F. ) ;
#732 = CARTESIAN_POINT ( 'NONE',  ( -62.70000000000027995, 23.04999999999992966, -10.04999999999999005 ) ) ;
#733 = VERTEX_POINT ( 'NONE', #418 ) ;
#734 = FACE_BOUND ( 'NONE', #927, .T. ) ;
#735 = AXIS2_PLACEMENT_3D ( 'NONE', #376, #387, #1361 ) ;
#736 = CIRCLE ( 'NONE', #594, 3.249999999999999556 ) ;
#737 = AXIS2_PLACEMENT_3D ( 'NONE', #815, #272, #141 ) ;
#738 =( LENGTH_UNIT ( ) NAMED_UNIT ( * ) SI_UNIT ( .MILLI., .METRE. ) );
#739 = AXIS2_PLACEMENT_3D ( 'NONE', #757, #1116, #113 ) ;
#740 = EDGE_CURVE ( 'NONE', #593, #806, #857, .T. ) ;
#741 = ORIENTED_EDGE ( 'NONE', *, *, #1247, .F. ) ;
#742 = DIRECTION ( 'NONE',  ( -0.000000000000000000, -0.000000000000000000, -1.000000000000000000 ) ) ;
#743 = ORIENTED_EDGE ( 'NONE', *, *, #1085, .T. ) ;
#744 = PLANE ( 'NONE',  #1332 ) ;
#745 = DIRECTION ( 'NONE',  ( 0.000000000000000000, 0.000000000000000000, -1.000000000000000000 ) ) ;
#746 = CARTESIAN_POINT ( 'NONE',  ( -79.80000000000049454, -4.738909804884803314E-14, 3.000000000000000000 ) ) ;
#747 = EDGE_CURVE ( 'NONE', #698, #1210, #849, .T. ) ;
#748 = VERTEX_POINT ( 'NONE', #510 ) ;
#749 = DIRECTION ( 'NONE',  ( 6.921589929084519364E-16, -1.000000000000000000, 0.000000000000000000 ) ) ;
#750 = VERTEX_POINT ( 'NONE', #1290 ) ;
#751 = DIRECTION ( 'NONE',  ( 0.000000000000000000, 0.000000000000000000, 1.000000000000000000 ) ) ;
#752 = ORIENTED_EDGE ( 'NONE', *, *, #1421, .T. ) ;
#753 = EDGE_CURVE ( 'NONE', #72, #1226, #780, .T. ) ;
#754 = CARTESIAN_POINT ( 'NONE',  ( -85.00000000000058265, 28.99999999999995026, 6.000000000000000000 ) ) ;
#755 = ADVANCED_FACE ( 'NONE', ( #626, #68 ), #1395, .T. ) ;
#756 = AXIS2_PLACEMENT_3D ( 'NONE', #1131, #554, #99 ) ;
#757 = CARTESIAN_POINT ( 'NONE',  ( -62.70000000000027995, 9.860000000000001208, -10.04999999999999005 ) ) ;
#758 = LINE ( 'NONE', #66, #591 ) ;
#759 = CIRCLE ( 'NONE', #756, 13.18999999999993022 ) ;
#760 = VERTEX_POINT ( 'NONE', #77 ) ;
#761 = CARTESIAN_POINT ( 'NONE',  ( -109.8000000000005087, -29.00000000000008882, 0.000000000000000000 ) ) ;
#762 = CARTESIAN_POINT ( 'NONE',  ( -85.00000000000058265, 28.99999999999995026, -23.08013214866851115 ) ) ;
#763 = ADVANCED_FACE ( 'NONE', ( #284 ), #744, .T. ) ;
#764 = DIRECTION ( 'NONE',  ( 0.000000000000000000, 0.000000000000000000, 1.000000000000000000 ) ) ;
#765 = PLANE ( 'NONE',  #1287 ) ;
#766 = VERTEX_POINT ( 'NONE', #1066 ) ;
#767 = FACE_OUTER_BOUND ( 'NONE', #1062, .T. ) ;
#768 = VERTEX_POINT ( 'NONE', #182 ) ;
#769 = PLANE ( 'NONE',  #4 ) ;
#770 = FACE_OUTER_BOUND ( 'NONE', #412, .T. ) ;
#771 = DIRECTION ( 'NONE',  ( 0.000000000000000000, 0.000000000000000000, 1.000000000000000000 ) ) ;
#772 = ORIENTED_EDGE ( 'NONE', *, *, #464, .T. ) ;
#773 = CARTESIAN_POINT ( 'NONE',  ( -82.00000000000051159, -22.76250000000001705, -15.95000000000000639 ) ) ;
#774 = ORIENTED_EDGE ( 'NONE', *, *, #1372, .T. ) ;
#775 = DIRECTION ( 'NONE',  ( 0.000000000000000000, 0.000000000000000000, 1.000000000000000000 ) ) ;
#776 = CIRCLE ( 'NONE', #960, 1.750000000000043077 ) ;
#777 = VECTOR ( 'NONE', #1426, 1000.000000000000000 ) ;
#778 = CYLINDRICAL_SURFACE ( 'NONE', #598, 3.249999999999933387 ) ;
#779 = CARTESIAN_POINT ( 'NONE',  ( -79.79999999999880345, 8.095642990836970318E-13, 23.85085000338218464 ) ) ;
#780 = CIRCLE ( 'NONE', #76, 13.18999999999993022 ) ;
#781 = ADVANCED_FACE ( 'NONE', ( #536 ), #866, .F. ) ;
#782 = ORIENTED_EDGE ( 'NONE', *, *, #526, .F. ) ;
#783 = DIRECTION ( 'NONE',  ( 0.000000000000000000, -0.000000000000000000, 1.000000000000000000 ) ) ;
#784 = ORIENTED_EDGE ( 'NONE', *, *, #1161, .T. ) ;
#785 = DIRECTION ( 'NONE',  ( -0.9661989739208021177, 0.2577974840730397066, 0.000000000000000000 ) ) ;
#786 = CARTESIAN_POINT ( 'NONE',  ( -100.6500000000005173, -24.52500000000008740, 3.000000000000000000 ) ) ;
#787 = DIRECTION ( 'NONE',  ( -1.264681884025399752E-15, 1.000000000000000000, 0.000000000000000000 ) ) ;
#788 = ORIENTED_EDGE ( 'NONE', *, *, #561, .T. ) ;
#789 = DIRECTION ( 'NONE',  ( 0.000000000000000000, 0.000000000000000000, 1.000000000000000000 ) ) ;
#790 = EDGE_CURVE ( 'NONE', #452, #294, #1281, .T. ) ;
#791 = ORIENTED_EDGE ( 'NONE', *, *, #457, .T. ) ;
#792 = LINE ( 'NONE', #1021, #640 ) ;
#793 = DIRECTION ( 'NONE',  ( -1.000000000000000000, -6.921589929084518378E-16, 0.000000000000000000 ) ) ;
#794 = DIRECTION ( 'NONE',  ( -1.000000000000000000, -6.921589929084518378E-16, -0.000000000000000000 ) ) ;
#795 = ORIENTED_EDGE ( 'NONE', *, *, #1017, .F. ) ;
#796 = CARTESIAN_POINT ( 'NONE',  ( -97.40000000000058833, 24.52499999999990976, 6.000000000000000000 ) ) ;
#797 = EDGE_CURVE ( 'NONE', #348, #1157, #264, .T. ) ;
#798 = ORIENTED_EDGE ( 'NONE', *, *, #1299, .T. ) ;
#799 = CARTESIAN_POINT ( 'NONE',  ( -80.00000000000051159, -29.00000000000004619, -9.396394131380580106 ) ) ;
#800 = EDGE_CURVE ( 'NONE', #1328, #812, #1265, .T. ) ;
#801 = DIRECTION ( 'NONE',  ( 0.000000000000000000, 0.000000000000000000, -1.000000000000000000 ) ) ;
#802 = VECTOR ( 'NONE', #813, 1000.000000000000000 ) ;
#803 = VERTEX_POINT ( 'NONE', #956 ) ;
#804 = CARTESIAN_POINT ( 'NONE',  ( -77.70000000000051443, -19.88944443668538753, 23.85085000338218464 ) ) ;
#805 = AXIS2_PLACEMENT_3D ( 'NONE', #489, #701, #247 ) ;
#806 = VERTEX_POINT ( 'NONE', #1301 ) ;
#807 = DIRECTION ( 'NONE',  ( -0.000000000000000000, -0.000000000000000000, -1.000000000000000000 ) ) ;
#808 = AXIS2_PLACEMENT_3D ( 'NONE', #185, #1180, #633 ) ;
#809 = EDGE_CURVE ( 'NONE', #1069, #16, #197, .T. ) ;
#810 = DIRECTION ( 'NONE',  ( 0.000000000000000000, 0.000000000000000000, 1.000000000000000000 ) ) ;
#811 = CYLINDRICAL_SURFACE ( 'NONE', #1215, 3.250000000000002665 ) ;
#812 = VERTEX_POINT ( 'NONE', #311 ) ;
#813 = DIRECTION ( 'NONE',  ( 6.921589929084519364E-16, -1.000000000000000000, 0.000000000000000000 ) ) ;
#814 = VERTEX_POINT ( 'NONE', #773 ) ;
#815 = CARTESIAN_POINT ( 'NONE',  ( -67.89215069796310331, 6.874999999997978506, -20.10000000000000142 ) ) ;
#816 = PRODUCT_DEFINITION_CONTEXT ( 'detailed design', #1245, 'design' ) ;
#817 = ADVANCED_FACE ( 'NONE', ( #103 ), #1227, .F. ) ;
#818 = CARTESIAN_POINT ( 'NONE',  ( -82.00000000000051159, -27.76250000000006324, -15.94999999999995310 ) ) ;
#819 = DIRECTION ( 'NONE',  ( 0.000000000000000000, -1.000000000000000000, 0.000000000000000000 ) ) ;
#820 = VERTEX_POINT ( 'NONE', #1204 ) ;
#821 = CARTESIAN_POINT ( 'NONE',  ( -97.40000000000051728, -24.52500000000008384, 3.000000000000000000 ) ) ;
#822 = ORIENTED_EDGE ( 'NONE', *, *, #240, .F. ) ;
#823 = FACE_BOUND ( 'NONE', #352, .T. ) ;
#824 = PLANE ( 'NONE',  #1103 ) ;
#825 = AXIS2_PLACEMENT_3D ( 'NONE', #251, #276, #728 ) ;
#826 = ORIENTED_EDGE ( 'NONE', *, *, #436, .T. ) ;
#827 = DIRECTION ( 'NONE',  ( -0.000000000000000000, -0.000000000000000000, -1.000000000000000000 ) ) ;
#828 = EDGE_CURVE ( 'NONE', #270, #1127, #1344, .T. ) ;
#829 = ORIENTED_EDGE ( 'NONE', *, *, #1045, .T. ) ;
#830 = VECTOR ( 'NONE', #793, 1000.000000000000000 ) ;
#831 = LINE ( 'NONE', #134, #981 ) ;
#832 = VECTOR ( 'NONE', #191, 1000.000000000000000 ) ;
#833 = DIRECTION ( 'NONE',  ( 0.9661989739208021177, -0.2577974840730397066, 0.000000000000000000 ) ) ;
#834 = ORIENTED_EDGE ( 'NONE', *, *, #867, .T. ) ;
#835 = CARTESIAN_POINT ( 'NONE',  ( -85.00000000000052580, -20.05000000000010019, -41.33941205796202922 ) ) ;
#836 = ORIENTED_EDGE ( 'NONE', *, *, #1421, .F. ) ;
#837 = EDGE_CURVE ( 'NONE', #1297, #1054, #1019, .T. ) ;
#838 = CARTESIAN_POINT ( 'NONE',  ( -64.64215069796426860, -6.875000000000254019, -22.10000000000000142 ) ) ;
#839 = FACE_OUTER_BOUND ( 'NONE', #877, .T. ) ;
#840 = ORIENTED_EDGE ( 'NONE', *, *, #1355, .F. ) ;
#841 = CARTESIAN_POINT ( 'NONE',  ( -97.40000000000051728, -24.52500000000008384, 3.000000000000000000 ) ) ;
#842 = ORIENTED_EDGE ( 'NONE', *, *, #876, .T. ) ;
#843 = FACE_OUTER_BOUND ( 'NONE', #947, .T. ) ;
#844 = ADVANCED_FACE ( 'NONE', ( #126 ), #1314, .T. ) ;
#845 = DIRECTION ( 'NONE',  ( -1.000000000000000000, -1.334402673828334737E-15, 0.000000000000000000 ) ) ;
#846 = CARTESIAN_POINT ( 'NONE',  ( -62.70000000000027995, 23.04999999999992966, 6.000000000000000000 ) ) ;
#847 = CARTESIAN_POINT ( 'NONE',  ( -58.70000000000027285, 15.22410290729015436, -22.09999999999994102 ) ) ;
#848 = VERTEX_POINT ( 'NONE', #1119 ) ;
#849 = LINE ( 'NONE', #84, #29 ) ;
#850 = CIRCLE ( 'NONE', #1030, 13.18999999999993022 ) ;
#851 = CIRCLE ( 'NONE', #262, 3.249999999999933387 ) ;
#852 = CIRCLE ( 'NONE', #1289, 3.250000000000002665 ) ;
#853 = EDGE_CURVE ( 'NONE', #259, #503, #1327, .T. ) ;
#854 = CARTESIAN_POINT ( 'NONE',  ( -89.35000000000052012, -6.177887250658523485E-14, 6.000000000000000000 ) ) ;
#855 = CARTESIAN_POINT ( 'NONE',  ( -62.70000000000027995, 9.860000000000001208, -10.04999999999999005 ) ) ;
#856 = ORIENTED_EDGE ( 'NONE', *, *, #1124, .F. ) ;
#857 = LINE ( 'NONE', #408, #597 ) ;
#858 = ORIENTED_EDGE ( 'NONE', *, *, #221, .T. ) ;
#859 = CARTESIAN_POINT ( 'NONE',  ( -85.00000000000052580, -20.05000000000010019, -41.33941205796202922 ) ) ;
#860 = EDGE_CURVE ( 'NONE', #1375, #593, #710, .T. ) ;
#861 = ORIENTED_EDGE ( 'NONE', *, *, #613, .F. ) ;
#862 = CARTESIAN_POINT ( 'NONE',  ( -97.40000000000058833, 24.52499999999990976, 3.000000000000000000 ) ) ;
#863 = FACE_OUTER_BOUND ( 'NONE', #1263, .T. ) ;
#864 = DIRECTION ( 'NONE',  ( 0.000000000000000000, -0.000000000000000000, 1.000000000000000000 ) ) ;
#865 = ORIENTED_EDGE ( 'NONE', *, *, #704, .F. ) ;
#866 = CYLINDRICAL_SURFACE ( 'NONE', #897, 1.750000000000029310 ) ;
#867 = EDGE_CURVE ( 'NONE', #700, #543, #567, .T. ) ;
#868 = CIRCLE ( 'NONE', #1213, 9.550000000000038014 ) ;
#869 = DIRECTION ( 'NONE',  ( 6.921589929084519364E-16, -1.000000000000000000, 0.000000000000000000 ) ) ;
#870 = PRESENTATION_LAYER_ASSIGNMENT (  '', '', ( #212 ) ) ;
#871 = CIRCLE ( 'NONE', #423, 20.00000000000051159 ) ;
#872 = CARTESIAN_POINT ( 'NONE',  ( -85.00000000000052580, -20.05000000000010019, -41.33941205796202922 ) ) ;
#873 = LINE ( 'NONE', #880, #777 ) ;
#874 = VERTEX_POINT ( 'NONE', #668 ) ;
#875 = DIRECTION ( 'NONE',  ( 1.190494133752454924E-15, -1.000000000000000000, 0.000000000000000000 ) ) ;
#876 = EDGE_CURVE ( 'NONE', #748, #1210, #1105, .T. ) ;
#877 = EDGE_LOOP ( 'NONE', ( #1113, #1140, #623 ) ) ;
#878 = SURFACE_STYLE_FILL_AREA ( #231 ) ;
#879 = LINE ( 'NONE', #106, #621 ) ;
#880 = CARTESIAN_POINT ( 'NONE',  ( -58.70000000000027285, 0.3099999999999648037, -10.04999999999999183 ) ) ;
#881 = ORIENTED_EDGE ( 'NONE', *, *, #622, .F. ) ;
#882 = DIRECTION ( 'NONE',  ( 0.000000000000000000, 1.000000000000000000, 0.000000000000000000 ) ) ;
#883 = ORIENTED_EDGE ( 'NONE', *, *, #1064, .F. ) ;
#884 = DIRECTION ( 'NONE',  ( 1.000000000000000000, 1.384317985816902492E-15, 0.000000000000000000 ) ) ;
#885 = ADVANCED_FACE ( 'NONE', ( #1011 ), #544, .F. ) ;
#886 = DIRECTION ( 'NONE',  ( 0.000000000000000000, 0.000000000000000000, 1.000000000000000000 ) ) ;
#887 = CARTESIAN_POINT ( 'NONE',  ( -85.00000000000052580, -29.00000000000005329, 3.000000000000000000 ) ) ;
#888 = ORIENTED_EDGE ( 'NONE', *, *, #1383, .T. ) ;
#889 = DIRECTION ( 'NONE',  ( 1.000000000000000000, 1.067522139062649685E-15, 0.000000000000000000 ) ) ;
#890 = ORIENTED_EDGE ( 'NONE', *, *, #740, .F. ) ;
#891 = LINE ( 'NONE', #1330, #1262 ) ;
#892 = AXIS2_PLACEMENT_3D ( 'NONE', #859, #292, #394 ) ;
#893 = AXIS2_PLACEMENT_3D ( 'NONE', #1322, #453, #327 ) ;
#894 = ADVANCED_FACE ( 'NONE', ( #449 ), #551, .F. ) ;
#895 = DIRECTION ( 'NONE',  ( 1.000000000000000000, 1.278218690650126433E-15, -0.000000000000000000 ) ) ;
#896 = DIRECTION ( 'NONE',  ( 0.000000000000000000, 0.000000000000000000, 1.000000000000000000 ) ) ;
#897 = AXIS2_PLACEMENT_3D ( 'NONE', #426, #1183, #1075 ) ;
#898 = ORIENTED_EDGE ( 'NONE', *, *, #328, .T. ) ;
#899 = CIRCLE ( 'NONE', #808, 3.249999999999999556 ) ;
#900 = CARTESIAN_POINT ( 'NONE',  ( -67.89215069796310331, 6.874999999997978506, -22.10000000000000142 ) ) ;
#901 = ORIENTED_EDGE ( 'NONE', *, *, #464, .F. ) ;
#902 = LINE ( 'NONE', #799, #120 ) ;
#903 = CARTESIAN_POINT ( 'NONE',  ( -58.70000000000027285, 4.495897092709737031, -22.09999999999994102 ) ) ;
#904 = PLANE ( 'NONE',  #1172 ) ;
#905 = EDGE_LOOP ( 'NONE', ( #283, #1423 ) ) ;
#906 = DIRECTION ( 'NONE',  ( 0.000000000000000000, 0.000000000000000000, -1.000000000000000000 ) ) ;
#907 = ADVANCED_FACE ( 'NONE', ( #10 ), #1338, .F. ) ;
#908 = EDGE_LOOP ( 'NONE', ( #94, #1362 ) ) ;
#909 = FACE_OUTER_BOUND ( 'NONE', #1274, .T. ) ;
#910 = FACE_BOUND ( 'NONE', #369, .T. ) ;
#911 =( NAMED_UNIT ( * ) PLANE_ANGLE_UNIT ( ) SI_UNIT ( $, .RADIAN. ) );
#912 = ORIENTED_EDGE ( 'NONE', *, *, #867, .F. ) ;
#913 = CARTESIAN_POINT ( 'NONE',  ( -80.00000000000054001, -4.647363611943331218E-14, 0.000000000000000000 ) ) ;
#914 = ORIENTED_EDGE ( 'NONE', *, *, #1077, .T. ) ;
#915 = EDGE_CURVE ( 'NONE', #929, #270, #497, .T. ) ;
#916 = FACE_OUTER_BOUND ( 'NONE', #1435, .T. ) ;
#917 = CARTESIAN_POINT ( 'NONE',  ( -58.70000000000027995, 9.860000000000002984, -10.04999999999999005 ) ) ;
#918 = CIRCLE ( 'NONE', #1417, 3.250000000000002665 ) ;
#919 = AXIS2_PLACEMENT_3D ( 'NONE', #431, #794, #983 ) ;
#920 = EDGE_LOOP ( 'NONE', ( #25, #992, #277, #1248 ) ) ;
#921 = LINE ( 'NONE', #1135, #1188 ) ;
#922 = STYLED_ITEM ( 'NONE', ( #43 ), #287 ) ;
#923 = ORIENTED_EDGE ( 'NONE', *, *, #853, .F. ) ;
#924 = CARTESIAN_POINT ( 'NONE',  ( -64.64215069796316016, 6.874999999997982947, -22.10000000000000142 ) ) ;
#925 = VECTOR ( 'NONE', #1015, 1000.000000000000000 ) ;
#926 = CARTESIAN_POINT ( 'NONE',  ( -62.70000000000025864, -20.05000000000007887, -22.10000000000000142 ) ) ;
#927 = EDGE_LOOP ( 'NONE', ( #1285, #102 ) ) ;
#928 = DIRECTION ( 'NONE',  ( -1.000000000000000000, -1.228737405011810823E-15, 0.000000000000000000 ) ) ;
#929 = VERTEX_POINT ( 'NONE', #1234 ) ;
#930 = DIRECTION ( 'NONE',  ( -1.000000000000000000, -6.921589929084518378E-16, 0.000000000000000000 ) ) ;
#931 = DIRECTION ( 'NONE',  ( 1.557357734044016684E-15, -1.000000000000000000, 0.000000000000000000 ) ) ;
#932 = EDGE_CURVE ( 'NONE', #658, #680, #638, .T. ) ;
#933 =( NAMED_UNIT ( * ) SI_UNIT ( $, .STERADIAN. ) SOLID_ANGLE_UNIT ( ) );
#934 = ORIENTED_EDGE ( 'NONE', *, *, #391, .F. ) ;
#935 = FACE_OUTER_BOUND ( 'NONE', #393, .T. ) ;
#936 = ORIENTED_EDGE ( 'NONE', *, *, #800, .F. ) ;
#937 = DIRECTION ( 'NONE',  ( 0.000000000000000000, 0.000000000000000000, 1.000000000000000000 ) ) ;
#938 = DIRECTION ( 'NONE',  ( 0.000000000000000000, -0.000000000000000000, -1.000000000000000000 ) ) ;
#939 = ADVANCED_FACE ( 'NONE', ( #767 ), #1221, .F. ) ;
#940 = VECTOR ( 'NONE', #928, 1000.000000000000000 ) ;
#941 = ORIENTED_EDGE ( 'NONE', *, *, #1282, .F. ) ;
#942 = FACE_BOUND ( 'NONE', #1337, .T. ) ;
#943 = ORIENTED_EDGE ( 'NONE', *, *, #80, .T. ) ;
#944 = CARTESIAN_POINT ( 'NONE',  ( -79.80000000000049454, -4.738909804884803314E-14, 6.000000000000000000 ) ) ;
#945 = AXIS2_PLACEMENT_3D ( 'NONE', #54, #500, #1293 ) ;
#946 = PRESENTATION_LAYER_ASSIGNMENT (  '', '', ( #922 ) ) ;
#947 = EDGE_LOOP ( 'NONE', ( #772, #1001, #1151, #609, #1082, #1074, #1440, #144 ) ) ;
#948 = CARTESIAN_POINT ( 'NONE',  ( -85.00000000000051159, -29.00000000000005329, -31.89999999999999858 ) ) ;
#949 = EDGE_LOOP ( 'NONE', ( #1405, #961, #1228, #1305, #901 ) ) ;
#950 = CARTESIAN_POINT ( 'NONE',  ( -71.14215069796412649, -6.875000000000262901, -22.10000000000000142 ) ) ;
#951 = ADVANCED_FACE ( 'NONE', ( #558 ), #1000, .F. ) ;
#952 = CARTESIAN_POINT ( 'NONE',  ( -67.89215069796310331, 6.874999999997978506, -22.10000000000000142 ) ) ;
#953 = EDGE_LOOP ( 'NONE', ( #1233, #439, #236, #88 ) ) ;
#954 = CARTESIAN_POINT ( 'NONE',  ( -97.40000000000054570, 24.52499999999992752, -4.949747468305953468 ) ) ;
#955 = ORIENTED_EDGE ( 'NONE', *, *, #545, .F. ) ;
#956 = CARTESIAN_POINT ( 'NONE',  ( -100.6500000000005173, -24.52500000000008740, 6.000000000000000000 ) ) ;
#957 = EDGE_CURVE ( 'NONE', #16, #1375, #494, .T. ) ;
#958 = EDGE_LOOP ( 'NONE', ( #468, #1387 ) ) ;
#959 = DIRECTION ( 'NONE',  ( -0.000000000000000000, -0.000000000000000000, -1.000000000000000000 ) ) ;
#960 = AXIS2_PLACEMENT_3D ( 'NONE', #1177, #959, #406 ) ;
#961 = ORIENTED_EDGE ( 'NONE', *, *, #860, .T. ) ;
#962 = LINE ( 'NONE', #295, #1216 ) ;
#963 = VECTOR ( 'NONE', #973, 1000.000000000000000 ) ;
#964 = CIRCLE ( 'NONE', #739, 13.18999999999993022 ) ;
#965 = ORIENTED_EDGE ( 'NONE', *, *, #1219, .F. ) ;
#966 = PLANE ( 'NONE',  #1397 ) ;
#967 = ORIENTED_EDGE ( 'NONE', *, *, #1200, .T. ) ;
#968 = CARTESIAN_POINT ( 'NONE',  ( -77.70000000000055707, 23.04999999999991189, 0.000000000000000000 ) ) ;
#969 = EDGE_CURVE ( 'NONE', #503, #812, #615, .T. ) ;
#970 = VERTEX_POINT ( 'NONE', #463 ) ;
#971 = CARTESIAN_POINT ( 'NONE',  ( -82.00000000000051159, -24.51250000000006679, -15.94999999999995310 ) ) ;
#972 = EDGE_LOOP ( 'NONE', ( #428, #137, #675, #1241, #1159, #168, #890 ) ) ;
#973 = DIRECTION ( 'NONE',  ( 1.557357734044016684E-15, -1.000000000000000000, 0.000000000000000000 ) ) ;
#974 = DIRECTION ( 'NONE',  ( 0.000000000000000000, 0.000000000000000000, 1.000000000000000000 ) ) ;
#975 = CARTESIAN_POINT ( 'NONE',  ( -67.89215069796419755, -6.875000000000258460, -22.10000000000000142 ) ) ;
#976 = DIRECTION ( 'NONE',  ( -1.000000000000000000, -1.384317985816903676E-15, 0.000000000000000000 ) ) ;
#977 = ORIENTED_EDGE ( 'NONE', *, *, #509, .T. ) ;
#978 = DIRECTION ( 'NONE',  ( 1.000000000000000000, 1.384317985816903676E-15, 0.000000000000000000 ) ) ;
#979 = CARTESIAN_POINT ( 'NONE',  ( -64.64215069796426860, -6.875000000000254019, -22.10000000000000142 ) ) ;
#980 = CIRCLE ( 'NONE', #28, 9.550000000000030909 ) ;
#981 = VECTOR ( 'NONE', #930, 1000.000000000000000 ) ;
#982 = CARTESIAN_POINT ( 'NONE',  ( -82.00000000000051159, -24.51250000000006679, -15.95000000000000639 ) ) ;
#983 = DIRECTION ( 'NONE',  ( 7.265857491002304928E-16, -1.000000000000000000, 0.000000000000000000 ) ) ;
#984 = VECTOR ( 'NONE', #656, 1000.000000000000000 ) ;
#985 = ORIENTED_EDGE ( 'NONE', *, *, #304, .T. ) ;
#986 = DIRECTION ( 'NONE',  ( 0.000000000000000000, 0.000000000000000000, 1.000000000000000000 ) ) ;
#987 = VERTEX_POINT ( 'NONE', #1350 ) ;
#988 = EDGE_CURVE ( 'NONE', #543, #294, #1025, .T. ) ;
#989 = CYLINDRICAL_SURFACE ( 'NONE', #124, 3.250000000000002665 ) ;
#990 = DIRECTION ( 'NONE',  ( 0.000000000000000000, 0.000000000000000000, 1.000000000000000000 ) ) ;
#991 = CARTESIAN_POINT ( 'NONE',  ( -85.00000000000058265, 28.99999999999995026, 0.000000000000000000 ) ) ;
#992 = ORIENTED_EDGE ( 'NONE', *, *, #828, .T. ) ;
#993 = CARTESIAN_POINT ( 'NONE',  ( -97.40000000000058833, 24.52499999999990976, 6.000000000000000000 ) ) ;
#994 = ORIENTED_EDGE ( 'NONE', *, *, #604, .T. ) ;
#995 = LINE ( 'NONE', #435, #52 ) ;
#996 = ADVANCED_FACE ( 'NONE', ( #24 ), #40, .F. ) ;
#997 = DIRECTION ( 'NONE',  ( -0.000000000000000000, -0.000000000000000000, -1.000000000000000000 ) ) ;
#998 = CARTESIAN_POINT ( 'NONE',  ( -97.40000000000047464, -24.52500000000008029, -4.949747468305953468 ) ) ;
#999 = ORIENTED_EDGE ( 'NONE', *, *, #64, .T. ) ;
#1000 = CYLINDRICAL_SURFACE ( 'NONE', #515, 3.249999999999947597 ) ;
#1001 = ORIENTED_EDGE ( 'NONE', *, *, #790, .F. ) ;
#1002 = CARTESIAN_POINT ( 'NONE',  ( -85.00000000000052580, -20.05000000000010019, 0.000000000000000000 ) ) ;
#1003 = AXIS2_PLACEMENT_3D ( 'NONE', #109, #906, #1320 ) ;
#1004 = ADVANCED_FACE ( 'NONE', ( #935 ), #363, .T. ) ;
#1005 = VECTOR ( 'NONE', #974, 1000.000000000000000 ) ;
#1006 = CARTESIAN_POINT ( 'NONE',  ( -64.64215069796316016, 6.874999999997982947, -20.10000000000000142 ) ) ;
#1007 = EDGE_CURVE ( 'NONE', #1389, #600, #1382, .T. ) ;
#1008 = CARTESIAN_POINT ( 'NONE',  ( -80.00000000000051159, -24.51250000000006324, -15.94999999999995310 ) ) ;
#1009 = VERTEX_POINT ( 'NONE', #699 ) ;
#1010 = VECTOR ( 'NONE', #886, 1000.000000000000000 ) ;
#1011 = FACE_OUTER_BOUND ( 'NONE', #268, .T. ) ;
#1012 = CIRCLE ( 'NONE', #474, 1.750000000000043077 ) ;
#1013 = ORIENTED_EDGE ( 'NONE', *, *, #483, .T. ) ;
#1014 = DIRECTION ( 'NONE',  ( 1.000000000000000000, 1.384317985816903676E-15, 0.000000000000000000 ) ) ;
#1015 = DIRECTION ( 'NONE',  ( 0.000000000000000000, 0.000000000000000000, 1.000000000000000000 ) ) ;
#1016 = PRODUCT_CONTEXT ( 'NONE', #142, 'mechanical' ) ;
#1017 = EDGE_CURVE ( 'NONE', #1120, #9, #469, .T. ) ;
#1018 = ORIENTED_EDGE ( 'NONE', *, *, #613, .T. ) ;
#1019 = LINE ( 'NONE', #433, #445 ) ;
#1020 = VERTEX_POINT ( 'NONE', #1368 ) ;
#1021 = CARTESIAN_POINT ( 'NONE',  ( -80.00000000000051159, -29.00000000000004619, 0.000000000000000000 ) ) ;
#1022 = DIRECTION ( 'NONE',  ( 0.000000000000000000, 1.000000000000000000, 0.000000000000000000 ) ) ;
#1023 = DIRECTION ( 'NONE',  ( 1.000000000000000000, 1.067522139062649685E-15, 0.000000000000000000 ) ) ;
#1024 = ORIENTED_EDGE ( 'NONE', *, *, #534, .T. ) ;
#1025 = LINE ( 'NONE', #804, #538 ) ;
#1026 = EDGE_CURVE ( 'NONE', #160, #760, #208, .T. ) ;
#1027 = ORIENTED_EDGE ( 'NONE', *, *, #988, .F. ) ;
#1028 = LINE ( 'NONE', #716, #166 ) ;
#1029 = LINE ( 'NONE', #30, #192 ) ;
#1030 = AXIS2_PLACEMENT_3D ( 'NONE', #855, #73, #642 ) ;
#1031 = DIRECTION ( 'NONE',  ( 0.000000000000000000, -1.000000000000000000, 0.000000000000000000 ) ) ;
#1032 = AXIS2_PLACEMENT_3D ( 'NONE', #541, #672, #1225 ) ;
#1033 = ORIENTED_EDGE ( 'NONE', *, *, #1396, .T. ) ;
#1034 = CYLINDRICAL_SURFACE ( 'NONE', #735, 13.18999999999992845 ) ;
#1035 = AXIS2_PLACEMENT_3D ( 'NONE', #1174, #177, #978 ) ;
#1036 = VERTEX_POINT ( 'NONE', #706 ) ;
#1037 = DIRECTION ( 'NONE',  ( 0.000000000000000000, 0.000000000000000000, -1.000000000000000000 ) ) ;
#1038 = EDGE_CURVE ( 'NONE', #9, #1394, #921, .T. ) ;
#1039 = CARTESIAN_POINT ( 'NONE',  ( -70.25000000000046896, -3.416886128429655083E-14, 6.000000000000000000 ) ) ;
#1040 = CARTESIAN_POINT ( 'NONE',  ( -71.14215069796304647, 6.874999999997974065, -22.10000000000000142 ) ) ;
#1041 = ORIENTED_EDGE ( 'NONE', *, *, #725, .T. ) ;
#1042 = DIRECTION ( 'NONE',  ( 0.000000000000000000, 0.000000000000000000, -1.000000000000000000 ) ) ;
#1043 = ORIENTED_EDGE ( 'NONE', *, *, #388, .T. ) ;
#1044 = FACE_OUTER_BOUND ( 'NONE', #972, .T. ) ;
#1045 = EDGE_CURVE ( 'NONE', #806, #874, #1055, .T. ) ;
#1046 = FACE_OUTER_BOUND ( 'NONE', #486, .T. ) ;
#1047 = DIRECTION ( 'NONE',  ( 0.000000000000000000, 0.000000000000000000, 1.000000000000000000 ) ) ;
#1048 = ORIENTED_EDGE ( 'NONE', *, *, #230, .F. ) ;
#1049 = CARTESIAN_POINT ( 'NONE',  ( -97.40000000000054570, 24.52499999999992752, -4.949747468305953468 ) ) ;
#1050 = EDGE_LOOP ( 'NONE', ( #1173, #743 ) ) ;
#1051 = CARTESIAN_POINT ( 'NONE',  ( -77.70000000000055707, 23.04999999999990834, 0.000000000000000000 ) ) ;
#1052 = SURFACE_SIDE_STYLE ('',( #878 ) ) ;
#1053 = ADVANCED_FACE ( 'NONE', ( #1374 ), #1034, .T. ) ;
#1054 = VERTEX_POINT ( 'NONE', #480 ) ;
#1055 = LINE ( 'NONE', #138, #50 ) ;
#1056 = AXIS2_PLACEMENT_3D ( 'NONE', #31, #243, #819 ) ;
#1057 = EDGE_LOOP ( 'NONE', ( #346, #888, #300, #1250 ) ) ;
#1058 = AXIS2_PLACEMENT_3D ( 'NONE', #382, #273, #869 ) ;
#1059 = DIRECTION ( 'NONE',  ( 1.000000000000000000, 1.193909896659092741E-15, 0.000000000000000000 ) ) ;
#1060 = AXIS2_PLACEMENT_3D ( 'NONE', #307, #437, #562 ) ;
#1061 = DIRECTION ( 'NONE',  ( 0.2577974840730397066, 0.9661989739208021177, 0.000000000000000000 ) ) ;
#1062 = EDGE_LOOP ( 'NONE', ( #1222, #856, #553, #842 ) ) ;
#1063 = DIRECTION ( 'NONE',  ( 1.000000000000000000, 1.334402673828334737E-15, 0.000000000000000000 ) ) ;
#1064 = EDGE_CURVE ( 'NONE', #1182, #700, #1164, .T. ) ;
#1065 = ORIENTED_EDGE ( 'NONE', *, *, #367, .T. ) ;
#1066 = CARTESIAN_POINT ( 'NONE',  ( -62.70000000000027995, 15.22410290729015259, -22.09999999999994102 ) ) ;
#1067 = CYLINDRICAL_SURFACE ( 'NONE', #945, 9.550000000000036238 ) ;
#1068 = CYLINDRICAL_SURFACE ( 'NONE', #306, 9.550000000000036238 ) ;
#1069 = VERTEX_POINT ( 'NONE', #353 ) ;
#1070 = CARTESIAN_POINT ( 'NONE',  ( -85.00000000000051159, -26.26250000000012008, -15.95000000000000639 ) ) ;
#1071 = VERTEX_POINT ( 'NONE', #132 ) ;
#1072 = FACE_BOUND ( 'NONE', #1104, .T. ) ;
#1073 = VECTOR ( 'NONE', #203, 1000.000000000000000 ) ;
#1074 = ORIENTED_EDGE ( 'NONE', *, *, #112, .T. ) ;
#1075 = DIRECTION ( 'NONE',  ( -1.000000000000000000, -1.982541115402032175E-15, 0.000000000000000000 ) ) ;
#1076 = AXIS2_PLACEMENT_3D ( 'NONE', #524, #63, #413 ) ;
#1077 = EDGE_CURVE ( 'NONE', #503, #259, #918, .T. ) ;
#1078 = VECTOR ( 'NONE', #421, 1000.000000000000000 ) ;
#1079 = AXIS2_PLACEMENT_3D ( 'NONE', #490, #611, #938 ) ;
#1080 = CARTESIAN_POINT ( 'NONE',  ( -85.00000000000051159, -24.51250000000007034, -15.95000000000000639 ) ) ;
#1081 = CARTESIAN_POINT ( 'NONE',  ( -80.00000000000051159, -29.00000000000004619, 0.000000000000000000 ) ) ;
#1082 = ORIENTED_EDGE ( 'NONE', *, *, #1192, .F. ) ;
#1083 = DIRECTION ( 'NONE',  ( 1.278218690650126433E-15, -1.000000000000000000, 0.000000000000000000 ) ) ;
#1084 = DIRECTION ( 'NONE',  ( 0.000000000000000000, 0.000000000000000000, 1.000000000000000000 ) ) ;
#1085 = EDGE_CURVE ( 'NONE', #768, #1255, #285, .T. ) ;
#1086 = CARTESIAN_POINT ( 'NONE',  ( -82.00000000000051159, -26.26250000000011653, -15.95000000000000639 ) ) ;
#1087 = CARTESIAN_POINT ( 'NONE',  ( -80.00000000000051159, -20.05000000000009308, -31.89999999999999858 ) ) ;
#1088 = EDGE_LOOP ( 'NONE', ( #667, #196, #1065, #1257 ) ) ;
#1089 = DIRECTION ( 'NONE',  ( 0.000000000000000000, 0.000000000000000000, -1.000000000000000000 ) ) ;
#1090 = DIRECTION ( 'NONE',  ( -1.000000000000000000, -1.067522139062649685E-15, 0.000000000000000000 ) ) ;
#1091 = LINE ( 'NONE', #872, #384 ) ;
#1092 = DIRECTION ( 'NONE',  ( 0.000000000000000000, 0.000000000000000000, 1.000000000000000000 ) ) ;
#1093 = EDGE_CURVE ( 'NONE', #432, #513, #868, .T. ) ;
#1094 = EDGE_LOOP ( 'NONE', ( #410, #711, #131, #462 ) ) ;
#1095 = CARTESIAN_POINT ( 'NONE',  ( -80.00000000000051159, -24.51250000000006324, -15.94999999999995310 ) ) ;
#1096 = ORIENTED_EDGE ( 'NONE', *, *, #112, .F. ) ;
#1097 = AXIS2_PLACEMENT_3D ( 'NONE', #712, #583, #47 ) ;
#1098 = DIRECTION ( 'NONE',  ( 0.000000000000000000, -1.000000000000000000, 0.000000000000000000 ) ) ;
#1099 = VECTOR ( 'NONE', #92, 1000.000000000000000 ) ;
#1100 = VECTOR ( 'NONE', #484, 1000.000000000000000 ) ;
#1101 = CARTESIAN_POINT ( 'NONE',  ( -97.40000000000054570, 24.52499999999992752, 3.000000000000000000 ) ) ;
#1102 = CARTESIAN_POINT ( 'NONE',  ( -85.00000000000051159, -24.51250000000007034, -15.95000000000000639 ) ) ;
#1103 = AXIS2_PLACEMENT_3D ( 'NONE', #1126, #6, #931 ) ;
#1104 = EDGE_LOOP ( 'NONE', ( #355, #784 ) ) ;
#1105 = LINE ( 'NONE', #325, #354 ) ;
#1106 = ADVANCED_FACE ( 'NONE', ( #942, #1158 ), #608, .F. ) ;
#1107 = EDGE_LOOP ( 'NONE', ( #83, #865, #318, #881, #883 ) ) ;
#1108 = CARTESIAN_POINT ( 'NONE',  ( -62.70000000000027995, 9.860000000000001208, -10.04999999999999005 ) ) ;
#1109 = LINE ( 'NONE', #338, #170 ) ;
#1110 = DIRECTION ( 'NONE',  ( 1.000000000000000000, 1.384317985816902492E-15, 0.000000000000000000 ) ) ;
#1111 = EDGE_LOOP ( 'NONE', ( #407, #914 ) ) ;
#1112 = DIRECTION ( 'NONE',  ( 1.000000000000000000, 1.264681884025399752E-15, 0.000000000000000000 ) ) ;
#1113 = ORIENTED_EDGE ( 'NONE', *, *, #163, .T. ) ;
#1114 = CARTESIAN_POINT ( 'NONE',  ( -62.70000000000027995, 4.495897092709920884, -22.10000000000000142 ) ) ;
#1115 = EDGE_CURVE ( 'NONE', #1389, #1054, #174, .T. ) ;
#1116 = DIRECTION ( 'NONE',  ( -1.000000000000000000, -6.921589929084518378E-16, -0.000000000000000000 ) ) ;
#1117 = CARTESIAN_POINT ( 'NONE',  ( -94.15000000000051728, -24.52500000000008029, 6.000000000000000000 ) ) ;
#1118 = EDGE_LOOP ( 'NONE', ( #858, #19, #1300, #1143 ) ) ;
#1119 = CARTESIAN_POINT ( 'NONE',  ( -80.00000000000051159, -21.26250000000006324, -15.94999999999995310 ) ) ;
#1120 = VERTEX_POINT ( 'NONE', #1081 ) ;
#1121 = LINE ( 'NONE', #111, #315 ) ;
#1122 = AXIS2_PLACEMENT_3D ( 'NONE', #1434, #211, #116 ) ;
#1123 =( GEOMETRIC_REPRESENTATION_CONTEXT ( 3 ) GLOBAL_UNCERTAINTY_ASSIGNED_CONTEXT ( ( #612 ) ) GLOBAL_UNIT_ASSIGNED_CONTEXT ( ( #720, #911, #933 ) ) REPRESENTATION_CONTEXT ( 'NONE', 'WORKASPACE' ) );
#1124 = EDGE_CURVE ( 'NONE', #874, #698, #758, .T. ) ;
#1125 = VECTOR ( 'NONE', #128, 1000.000000000000000 ) ;
#1126 = CARTESIAN_POINT ( 'NONE',  ( -77.70000000000055707, 20.04999999999990479, -60.31206286675678285 ) ) ;
#1127 = VERTEX_POINT ( 'NONE', #186 ) ;
#1128 = DIRECTION ( 'NONE',  ( 1.264681884025399752E-15, -1.000000000000000000, 0.000000000000000000 ) ) ;
#1129 = CIRCLE ( 'NONE', #290, 3.250000000000002665 ) ;
#1130 = ORIENTED_EDGE ( 'NONE', *, *, #167, .F. ) ;
#1131 = CARTESIAN_POINT ( 'NONE',  ( -58.70000000000027995, 9.860000000000002984, -10.04999999999999005 ) ) ;
#1132 = PLANE ( 'NONE',  #187 ) ;
#1133 = DIRECTION ( 'NONE',  ( 0.000000000000000000, 0.000000000000000000, 1.000000000000000000 ) ) ;
#1134 = ORIENTED_EDGE ( 'NONE', *, *, #1085, .F. ) ;
#1135 = CARTESIAN_POINT ( 'NONE',  ( -85.00000000000052580, -20.05000000000010019, 0.000000000000000000 ) ) ;
#1136 = ORIENTED_EDGE ( 'NONE', *, *, #139, .T. ) ;
#1137 = DIRECTION ( 'NONE',  ( -1.000000000000000000, -1.384317985816903873E-15, 0.000000000000000000 ) ) ;
#1138 = DIRECTION ( 'NONE',  ( 1.384317985816903676E-15, -1.000000000000000000, 0.000000000000000000 ) ) ;
#1139 = PRESENTATION_STYLE_ASSIGNMENT (( #485 ) ) ;
#1140 = ORIENTED_EDGE ( 'NONE', *, *, #409, .T. ) ;
#1141 = DIRECTION ( 'NONE',  ( -1.000000000000000000, -1.384317985816903873E-15, 0.000000000000000000 ) ) ;
#1142 = ADVANCED_FACE ( 'NONE', ( #1072, #1388 ), #966, .T. ) ;
#1143 = ORIENTED_EDGE ( 'NONE', *, *, #64, .F. ) ;
#1144 = DIRECTION ( 'NONE',  ( -1.000000000000000000, -1.384317985816903676E-15, 0.000000000000000000 ) ) ;
#1145 = CIRCLE ( 'NONE', #403, 1.750000000000029310 ) ;
#1146 = CARTESIAN_POINT ( 'NONE',  ( -94.15000000000057412, 24.52499999999991331, 6.000000000000000000 ) ) ;
#1147 =( NAMED_UNIT ( * ) PLANE_ANGLE_UNIT ( ) SI_UNIT ( $, .RADIAN. ) );
#1148 = VECTOR ( 'NONE', #787, 1000.000000000000000 ) ;
#1149 = VERTEX_POINT ( 'NONE', #634 ) ;
#1150 = DIRECTION ( 'NONE',  ( -1.000000000000000000, -1.982541115402016398E-15, 0.000000000000000000 ) ) ;
#1151 = ORIENTED_EDGE ( 'NONE', *, *, #397, .T. ) ;
#1152 = EDGE_CURVE ( 'NONE', #434, #72, #850, .T. ) ;
#1153 = CYLINDRICAL_SURFACE ( 'NONE', #213, 9.550000000000030909 ) ;
#1154 = AXIS2_PLACEMENT_3D ( 'NONE', #1080, #527, #194 ) ;
#1155 = CYLINDRICAL_SURFACE ( 'NONE', #1335, 3.249999999999999556 ) ;
#1156 = CARTESIAN_POINT ( 'NONE',  ( 0.000000000000000000, 0.000000000000000000, 0.000000000000000000 ) ) ;
#1157 = VERTEX_POINT ( 'NONE', #400 ) ;
#1158 = FACE_OUTER_BOUND ( 'NONE', #1118, .T. ) ;
#1159 = ORIENTED_EDGE ( 'NONE', *, *, #1316, .F. ) ;
#1160 = LINE ( 'NONE', #42, #1380 ) ;
#1161 = EDGE_CURVE ( 'NONE', #1127, #987, #776, .T. ) ;
#1162 = FACE_BOUND ( 'NONE', #535, .T. ) ;
#1163 = ORIENTED_EDGE ( 'NONE', *, *, #637, .T. ) ;
#1164 = LINE ( 'NONE', #590, #940 ) ;
#1165 = EDGE_LOOP ( 'NONE', ( #219, #861 ) ) ;
#1166 = DIRECTION ( 'NONE',  ( -0.000000000000000000, -0.000000000000000000, -1.000000000000000000 ) ) ;
#1167 = CYLINDRICAL_SURFACE ( 'NONE', #454, 3.249999999999947597 ) ;
#1168 = EDGE_CURVE ( 'NONE', #1255, #768, #1145, .T. ) ;
#1169 = AXIS2_PLACEMENT_3D ( 'NONE', #220, #1112, #1128 ) ;
#1170 = ORIENTED_EDGE ( 'NONE', *, *, #221, .F. ) ;
#1171 = CARTESIAN_POINT ( 'NONE',  ( -67.89215069796310331, 6.874999999997978506, -20.10000000000000142 ) ) ;
#1172 = AXIS2_PLACEMENT_3D ( 'NONE', #549, #1092, #976 ) ;
#1173 = ORIENTED_EDGE ( 'NONE', *, *, #1168, .T. ) ;
#1174 = CARTESIAN_POINT ( 'NONE',  ( -97.40000000000054570, -6.741628590928358762E-14, -22.10000000000000142 ) ) ;
#1175 = LINE ( 'NONE', #979, #1005 ) ;
#1176 = LINE ( 'NONE', #296, #241 ) ;
#1177 = CARTESIAN_POINT ( 'NONE',  ( -97.40000000000054570, 24.52499999999992752, 3.000000000000000000 ) ) ;
#1178 = ORIENTED_EDGE ( 'NONE', *, *, #631, .F. ) ;
#1179 = DIRECTION ( 'NONE',  ( -1.264681884025399752E-15, 1.000000000000000000, 0.000000000000000000 ) ) ;
#1180 = DIRECTION ( 'NONE',  ( -1.000000000000000000, -1.278218690650126433E-15, -0.000000000000000000 ) ) ;
#1181 = CARTESIAN_POINT ( 'NONE',  ( -97.40000000000054570, -6.741628590928358762E-14, 3.000000000000000000 ) ) ;
#1182 = VERTEX_POINT ( 'NONE', #55 ) ;
#1183 = DIRECTION ( 'NONE',  ( 0.000000000000000000, 0.000000000000000000, 1.000000000000000000 ) ) ;
#1184 = ADVANCED_FACE ( 'NONE', ( #521 ), #1399, .F. ) ;
#1185 = UNCERTAINTY_MEASURE_WITH_UNIT (LENGTH_MEASURE( 1.000000000000000082E-05 ), #738, 'distance_accuracy_value', 'NONE');
#1186 = DIRECTION ( 'NONE',  ( 0.000000000000000000, 0.000000000000000000, -1.000000000000000000 ) ) ;
#1187 = DIRECTION ( 'NONE',  ( -1.000000000000000000, -6.921589929084518378E-16, 0.000000000000000000 ) ) ;
#1188 = VECTOR ( 'NONE', #1141, 1000.000000000000000 ) ;
#1189 = EDGE_LOOP ( 'NONE', ( #934, #115, #1319, #1170 ) ) ;
#1190 = DIRECTION ( 'NONE',  ( 0.9661989739208021177, -0.2577974840730397066, 0.000000000000000000 ) ) ;
#1191 =( GEOMETRIC_REPRESENTATION_CONTEXT ( 3 ) GLOBAL_UNCERTAINTY_ASSIGNED_CONTEXT ( ( #274 ) ) GLOBAL_UNIT_ASSIGNED_CONTEXT ( ( #266, #1147, #687 ) ) REPRESENTATION_CONTEXT ( 'NONE', 'WORKASPACE' ) );
#1192 = EDGE_CURVE ( 'NONE', #1071, #766, #1294, .T. ) ;
#1193 = AXIS2_PLACEMENT_3D ( 'NONE', #477, #351, #1246 ) ;
#1194 = CIRCLE ( 'NONE', #450, 3.249999999999999556 ) ;
#1195 = CARTESIAN_POINT ( 'NONE',  ( -62.70000000000056417, 23.04999999999992966, -23.08013214866851115 ) ) ;
#1196 = DIRECTION ( 'NONE',  ( -1.000000000000000000, -1.067522139062649685E-15, 0.000000000000000000 ) ) ;
#1197 = EDGE_LOOP ( 'NONE', ( #941, #1295, #1412, #1384 ) ) ;
#1198 = DIRECTION ( 'NONE',  ( -1.000000000000000000, -6.921589929084518378E-16, -0.000000000000000000 ) ) ;
#1199 = DIRECTION ( 'NONE',  ( 0.000000000000000000, 0.000000000000000000, 1.000000000000000000 ) ) ;
#1200 = EDGE_CURVE ( 'NONE', #760, #160, #639, .T. ) ;
#1201 = DIRECTION ( 'NONE',  ( -1.000000000000000000, -1.982541115402016398E-15, 0.000000000000000000 ) ) ;
#1202 = DIRECTION ( 'NONE',  ( 7.265857491002304928E-16, -1.000000000000000000, 0.000000000000000000 ) ) ;
#1203 = ORIENTED_EDGE ( 'NONE', *, *, #1115, .T. ) ;
#1204 = CARTESIAN_POINT ( 'NONE',  ( -71.14215069796304647, 6.874999999997974065, -20.10000000000000142 ) ) ;
#1205 = ORIENTED_EDGE ( 'NONE', *, *, #828, .F. ) ;
#1206 =( NAMED_UNIT ( * ) PLANE_ANGLE_UNIT ( ) SI_UNIT ( $, .RADIAN. ) );
#1207 = EDGE_CURVE ( 'NONE', #1272, #1401, #118, .T. ) ;
#1208 = LINE ( 'NONE', #1195, #1010 ) ;
#1209 = CYLINDRICAL_SURFACE ( 'NONE', #516, 20.00000000000051159 ) ;
#1210 = VERTEX_POINT ( 'NONE', #179 ) ;
#1211 = DIRECTION ( 'NONE',  ( -0.000000000000000000, -0.000000000000000000, -1.000000000000000000 ) ) ;
#1212 = EDGE_LOOP ( 'NONE', ( #714, #994, #1018, #1321 ) ) ;
#1213 = AXIS2_PLACEMENT_3D ( 'NONE', #146, #601, #722 ) ;
#1214 = DIRECTION ( 'NONE',  ( 0.000000000000000000, 0.000000000000000000, -1.000000000000000000 ) ) ;
#1215 = AXIS2_PLACEMENT_3D ( 'NONE', #588, #581, #1023 ) ;
#1216 = VECTOR ( 'NONE', #630, 1000.000000000000000 ) ;
#1217 = CARTESIAN_POINT ( 'NONE',  ( -97.40000000000054570, -6.741628590928358762E-14, 3.000000000000000000 ) ) ;
#1218 = DIRECTION ( 'NONE',  ( -1.384317985816903676E-15, 1.000000000000000000, 0.000000000000000000 ) ) ;
#1219 = EDGE_CURVE ( 'NONE', #1149, #256, #980, .T. ) ;
#1220 = EDGE_LOOP ( 'NONE', ( #1024, #582, #550, #252 ) ) ;
#1221 = PLANE ( 'NONE',  #1169 ) ;
#1222 = ORIENTED_EDGE ( 'NONE', *, *, #747, .F. ) ;
#1223 = CARTESIAN_POINT ( 'NONE',  ( -97.40000000000051728, -24.52500000000008384, 6.000000000000000000 ) ) ;
#1224 = DIRECTION ( 'NONE',  ( -1.000000000000000000, -1.384317985816904070E-15, 0.000000000000000000 ) ) ;
#1225 = DIRECTION ( 'NONE',  ( 5.260723202355772988E-16, -1.000000000000000000, 0.000000000000000000 ) ) ;
#1226 = VERTEX_POINT ( 'NONE', #732 ) ;
#1227 = CYLINDRICAL_SURFACE ( 'NONE', #1003, 9.550000000000030909 ) ;
#1228 = ORIENTED_EDGE ( 'NONE', *, *, #26, .T. ) ;
#1229 = EDGE_CURVE ( 'NONE', #680, #658, #1400, .T. ) ;
#1230 = LINE ( 'NONE', #1002, #1238 ) ;
#1231 = FILL_AREA_STYLE_COLOUR ( '', #1422 ) ;
#1232 = CARTESIAN_POINT ( 'NONE',  ( -67.89215069796419755, -6.875000000000258460, -20.10000000000000142 ) ) ;
#1233 = ORIENTED_EDGE ( 'NONE', *, *, #584, .F. ) ;
#1234 = CARTESIAN_POINT ( 'NONE',  ( -99.15000000000058833, 24.52499999999992397, 0.000000000000000000 ) ) ;
#1235 = EDGE_LOOP ( 'NONE', ( #578, #35, #741, #147 ) ) ;
#1236 = DIRECTION ( 'NONE',  ( 0.000000000000000000, 0.000000000000000000, -1.000000000000000000 ) ) ;
#1237 = PRODUCT_DEFINITION ( 'UNKNOWN', '', #165, #816 ) ;
#1238 = VECTOR ( 'NONE', #215, 1000.000000000000000 ) ;
#1239 = LINE ( 'NONE', #702, #925 ) ;
#1240 = APPLICATION_PROTOCOL_DEFINITION ( 'draft international standard', 'automotive_design', 1998, #1245 ) ;
#1241 = ORIENTED_EDGE ( 'NONE', *, *, #271, .F. ) ;
#1242 = DIRECTION ( 'NONE',  ( -1.193909896659092741E-15, 1.000000000000000000, 0.000000000000000000 ) ) ;
#1243 = ORIENTED_EDGE ( 'NONE', *, *, #915, .T. ) ;
#1244 = DIRECTION ( 'NONE',  ( 1.000000000000000000, 1.278218690650126433E-15, 0.000000000000000000 ) ) ;
#1245 = APPLICATION_CONTEXT ( 'automotive_design' ) ;
#1246 = DIRECTION ( 'NONE',  ( 1.000000000000000000, 1.334402673828340456E-15, 0.000000000000000000 ) ) ;
#1247 = EDGE_CURVE ( 'NONE', #1020, #214, #736, .T. ) ;
#1248 = ORIENTED_EDGE ( 'NONE', *, *, #595, .F. ) ;
#1249 = DIRECTION ( 'NONE',  ( 0.000000000000000000, 0.000000000000000000, -1.000000000000000000 ) ) ;
#1250 = ORIENTED_EDGE ( 'NONE', *, *, #753, .F. ) ;
#1251 = CARTESIAN_POINT ( 'NONE',  ( -97.40000000000051728, -24.52500000000008384, 6.000000000000000000 ) ) ;
#1252 = FACE_OUTER_BOUND ( 'NONE', #682, .T. ) ;
#1253 = DIRECTION ( 'NONE',  ( -0.9555803660361443796, 0.2947306635662944041, 0.000000000000000000 ) ) ;
#1254 = ADVANCED_FACE ( 'NONE', ( #1303 ), #1068, .F. ) ;
#1255 = VERTEX_POINT ( 'NONE', #651 ) ;
#1256 = DIRECTION ( 'NONE',  ( -1.000000000000000000, -1.384317985816903676E-15, 0.000000000000000000 ) ) ;
#1257 = ORIENTED_EDGE ( 'NONE', *, *, #436, .F. ) ;
#1258 = FACE_OUTER_BOUND ( 'NONE', #635, .T. ) ;
#1259 = AXIS2_PLACEMENT_3D ( 'NONE', #1095, #1428, #882 ) ;
#1260 = FACE_OUTER_BOUND ( 'NONE', #281, .T. ) ;
#1261 = AXIS2_PLACEMENT_3D ( 'NONE', #1008, #7, #1031 ) ;
#1262 = VECTOR ( 'NONE', #785, 1000.000000000000114 ) ;
#1263 = EDGE_LOOP ( 'NONE', ( #645, #424 ) ) ;
#1264 = CARTESIAN_POINT ( 'NONE',  ( -85.00000000000051159, -29.00000000000005329, -41.33941205796202922 ) ) ;
#1265 = CIRCLE ( 'NONE', #70, 3.250000000000002665 ) ;
#1266 = EDGE_CURVE ( 'NONE', #820, #173, #2, .T. ) ;
#1267 = ORIENTED_EDGE ( 'NONE', *, *, #1152, .T. ) ;
#1268 = PLANE ( 'NONE',  #805 ) ;
#1269 = ADVANCED_FACE ( 'NONE', ( #61 ), #507, .F. ) ;
#1270 = AXIS2_PLACEMENT_3D ( 'NONE', #1341, #286, #1090 ) ;
#1271 = CARTESIAN_POINT ( 'NONE',  ( -77.70000000000051443, -19.88944443668538753, -22.10000000000000142 ) ) ;
#1272 = VERTEX_POINT ( 'NONE', #1318 ) ;
#1273 = DIRECTION ( 'NONE',  ( 1.000000000000000000, 1.384317985816903676E-15, -0.000000000000000000 ) ) ;
#1274 = EDGE_LOOP ( 'NONE', ( #1315, #566, #774, #967 ) ) ;
#1275 = CARTESIAN_POINT ( 'NONE',  ( -97.40000000000054570, -6.741628590928358762E-14, 6.000000000000000000 ) ) ;
#1276 = ADVANCED_FACE ( 'NONE', ( #556 ), #207, .T. ) ;
#1277 = FACE_OUTER_BOUND ( 'NONE', #1212, .T. ) ;
#1278 = EDGE_LOOP ( 'NONE', ( #1352, #225, #371, #569 ) ) ;
#1279 = DIRECTION ( 'NONE',  ( 1.000000000000000000, 1.334402673828334737E-15, 0.000000000000000000 ) ) ;
#1280 = ORIENTED_EDGE ( 'NONE', *, *, #932, .F. ) ;
#1281 = LINE ( 'NONE', #530, #963 ) ;
#1282 = EDGE_CURVE ( 'NONE', #733, #513, #873, .T. ) ;
#1283 = PLANE ( 'NONE',  #1058 ) ;
#1284 = VECTOR ( 'NONE', #370, 1000.000000000000000 ) ;
#1285 = ORIENTED_EDGE ( 'NONE', *, *, #69, .T. ) ;
#1286 = DIRECTION ( 'NONE',  ( -0.000000000000000000, -0.000000000000000000, -1.000000000000000000 ) ) ;
#1287 = AXIS2_PLACEMENT_3D ( 'NONE', #887, #1218, #896 ) ;
#1288 = EDGE_LOOP ( 'NONE', ( #1427, #448, #1130, #955 ) ) ;
#1289 = AXIS2_PLACEMENT_3D ( 'NONE', #1251, #1166, #496 ) ;
#1290 = CARTESIAN_POINT ( 'NONE',  ( -58.70000000000027285, -3.329999999999928573, -10.04999999999999183 ) ) ;
#1291 = CIRCLE ( 'NONE', #499, 1.750000000000043077 ) ;
#1292 = ADVANCED_FACE ( 'NONE', ( #533 ), #1209, .T. ) ;
#1293 = DIRECTION ( 'NONE',  ( -7.265857491002305914E-16, 1.000000000000000000, 0.000000000000000000 ) ) ;
#1294 = LINE ( 'NONE', #847, #539 ) ;
#1295 = ORIENTED_EDGE ( 'NONE', *, *, #1351, .F. ) ;
#1296 = DIRECTION ( 'NONE',  ( 1.052144640471154598E-15, -1.000000000000000000, 0.000000000000000000 ) ) ;
#1297 = VERTEX_POINT ( 'NONE', #1087 ) ;
#1298 = CARTESIAN_POINT ( 'NONE',  ( -67.89215069796419755, -6.875000000000258460, -22.10000000000000142 ) ) ;
#1299 = EDGE_CURVE ( 'NONE', #127, #707, #380, .T. ) ;
#1300 = ORIENTED_EDGE ( 'NONE', *, *, #502, .F. ) ;
#1301 = CARTESIAN_POINT ( 'NONE',  ( -80.00000000000051159, -29.00000000000004619, 6.000000000000000000 ) ) ;
#1302 = CYLINDRICAL_SURFACE ( 'NONE', #312, 1.750000000000050182 ) ;
#1303 = FACE_OUTER_BOUND ( 'NONE', #1197, .T. ) ;
#1304 = AXIS2_PLACEMENT_3D ( 'NONE', #659, #347, #95 ) ;
#1305 = ORIENTED_EDGE ( 'NONE', *, *, #988, .T. ) ;
#1306 = DIRECTION ( 'NONE',  ( -0.000000000000000000, -0.000000000000000000, -1.000000000000000000 ) ) ;
#1307 = CIRCLE ( 'NONE', #447, 9.550000000000038014 ) ;
#1308 =( GEOMETRIC_REPRESENTATION_CONTEXT ( 3 ) GLOBAL_UNCERTAINTY_ASSIGNED_CONTEXT ( ( #1185 ) ) GLOBAL_UNIT_ASSIGNED_CONTEXT ( ( #738, #1206, #1414 ) ) REPRESENTATION_CONTEXT ( 'NONE', 'WORKASPACE' ) );
#1309 = ADVANCED_FACE ( 'NONE', ( #87 ), #904, .T. ) ;
#1310 = CARTESIAN_POINT ( 'NONE',  ( -97.40000000000047464, -24.52500000000008029, 0.000000000000000000 ) ) ;
#1311 = CARTESIAN_POINT ( 'NONE',  ( -79.80000000000049454, -4.738909804884803314E-14, 3.000000000000000000 ) ) ;
#1312 = CYLINDRICAL_SURFACE ( 'NONE', #71, 1.750000000000029310 ) ;
#1313 = ORIENTED_EDGE ( 'NONE', *, *, #1383, .F. ) ;
#1314 = CYLINDRICAL_SURFACE ( 'NONE', #1304, 13.18999999999992845 ) ;
#1315 = ORIENTED_EDGE ( 'NONE', *, *, #15, .F. ) ;
#1316 = EDGE_CURVE ( 'NONE', #874, #748, #1342, .T. ) ;
#1317 = DIRECTION ( 'NONE',  ( 9.073842110035748373E-17, -1.000000000000000000, 0.000000000000000000 ) ) ;
#1318 = CARTESIAN_POINT ( 'NONE',  ( -64.64215069796316016, 6.874999999997982947, -22.10000000000000142 ) ) ;
#1319 = ORIENTED_EDGE ( 'NONE', *, *, #1115, .F. ) ;
#1320 = DIRECTION ( 'NONE',  ( 1.000000000000000000, 1.384317985816904070E-15, 0.000000000000000000 ) ) ;
#1321 = ORIENTED_EDGE ( 'NONE', *, *, #655, .F. ) ;
#1322 = CARTESIAN_POINT ( 'NONE',  ( -79.80000000000049454, -4.738909804884803314E-14, 6.000000000000000000 ) ) ;
#1323 = CARTESIAN_POINT ( 'NONE',  ( -89.94974746830648371, -24.51250000000007745, -15.95000000000000639 ) ) ;
#1324 = CARTESIAN_POINT ( 'NONE',  ( -62.70000000000053575, -10.37255995403534570, 5.999999999999998224 ) ) ;
#1325 = VERTEX_POINT ( 'NONE', #330 ) ;
#1326 = DIRECTION ( 'NONE',  ( 0.000000000000000000, 0.000000000000000000, 1.000000000000000000 ) ) ;
#1327 = CIRCLE ( 'NONE', #305, 3.250000000000002665 ) ;
#1328 = VERTEX_POINT ( 'NONE', #101 ) ;
#1329 = CIRCLE ( 'NONE', #919, 9.550000000000038014 ) ;
#1330 = CARTESIAN_POINT ( 'NONE',  ( -85.00000000000058265, 28.99999999999995026, 0.000000000000000000 ) ) ;
#1331 = VECTOR ( 'NONE', #1340, 1000.000000000000000 ) ;
#1332 = AXIS2_PLACEMENT_3D ( 'NONE', #636, #89, #749 ) ;
#1333 = DIRECTION ( 'NONE',  ( 0.000000000000000000, -1.000000000000000000, 0.000000000000000000 ) ) ;
#1334 = DIRECTION ( 'NONE',  ( -1.000000000000000000, -1.982541115402032175E-15, 0.000000000000000000 ) ) ;
#1335 = AXIS2_PLACEMENT_3D ( 'NONE', #254, #135, #1022 ) ;
#1336 = EDGE_CURVE ( 'NONE', #733, #488, #1329, .T. ) ;
#1337 = EDGE_LOOP ( 'NONE', ( #705, #798 ) ) ;
#1338 = CYLINDRICAL_SURFACE ( 'NONE', #162, 3.250000000000002665 ) ;
#1339 = VERTEX_POINT ( 'NONE', #991 ) ;
#1340 = DIRECTION ( 'NONE',  ( -1.000000000000000000, -1.384317985816903676E-15, 0.000000000000000000 ) ) ;
#1341 = CARTESIAN_POINT ( 'NONE',  ( -97.40000000000051728, -24.52500000000008384, 6.000000000000000000 ) ) ;
#1342 = LINE ( 'NONE', #446, #1148 ) ;
#1343 = ORIENTED_EDGE ( 'NONE', *, *, #502, .T. ) ;
#1344 = LINE ( 'NONE', #681, #1073 ) ;
#1345 = EDGE_CURVE ( 'NONE', #110, #523, #851, .T. ) ;
#1346 = ORIENTED_EDGE ( 'NONE', *, *, #1372, .F. ) ;
#1347 = CARTESIAN_POINT ( 'NONE',  ( -79.79999999999880345, 8.095642990836970318E-13, -22.10000000000000142 ) ) ;
#1348 = LINE ( 'NONE', #926, #337 ) ;
#1349 = ORIENTED_EDGE ( 'NONE', *, *, #175, .T. ) ;
#1350 = CARTESIAN_POINT ( 'NONE',  ( -99.15000000000058833, 24.52499999999992397, 3.000000000000000000 ) ) ;
#1351 = EDGE_CURVE ( 'NONE', #488, #733, #1307, .T. ) ;
#1352 = ORIENTED_EDGE ( 'NONE', *, *, #604, .F. ) ;
#1353 = CYLINDRICAL_SURFACE ( 'NONE', #381, 3.250000000000002665 ) ;
#1354 = AXIS2_PLACEMENT_3D ( 'NONE', #1049, #159, #1150 ) ;
#1355 = EDGE_CURVE ( 'NONE', #1036, #214, #438, .T. ) ;
#1356 = AXIS2_PLACEMENT_3D ( 'NONE', #528, #297, #1279 ) ;
#1357 = CIRCLE ( 'NONE', #737, 3.249999999999947597 ) ;
#1358 = DIRECTION ( 'NONE',  ( 0.000000000000000000, 0.000000000000000000, -1.000000000000000000 ) ) ;
#1359 = ORIENTED_EDGE ( 'NONE', *, *, #517, .T. ) ;
#1360 = AXIS2_PLACEMENT_3D ( 'NONE', #982, #414, #1425 ) ;
#1361 = DIRECTION ( 'NONE',  ( -5.260723202355773974E-16, 1.000000000000000000, 0.000000000000000000 ) ) ;
#1362 = ORIENTED_EDGE ( 'NONE', *, *, #443, .T. ) ;
#1363 = LINE ( 'NONE', #1051, #97 ) ;
#1364 = ADVANCED_FACE ( 'NONE', ( #422 ), #1312, .F. ) ;
#1365 = DIRECTION ( 'NONE',  ( 6.921589929084519364E-16, -1.000000000000000000, 0.000000000000000000 ) ) ;
#1366 = SHAPE_DEFINITION_REPRESENTATION ( #632, #592 ) ;
#1367 = ORIENTED_EDGE ( 'NONE', *, *, #44, .F. ) ;
#1368 = CARTESIAN_POINT ( 'NONE',  ( -82.00000000000051159, -21.26250000000006679, -15.94999999999995310 ) ) ;
#1369 = ORIENTED_EDGE ( 'NONE', *, *, #328, .F. ) ;
#1370 = CARTESIAN_POINT ( 'NONE',  ( -89.94974746830648371, -22.76250000000002416, -15.95000000000000639 ) ) ;
#1371 = ADVANCED_FACE ( 'NONE', ( #317 ), #765, .F. ) ;
#1372 = EDGE_CURVE ( 'NONE', #607, #760, #201, .T. ) ;
#1373 = EDGE_LOOP ( 'NONE', ( #1418, #460, #405, #1048 ) ) ;
#1374 = FACE_OUTER_BOUND ( 'NONE', #1057, .T. ) ;
#1375 = VERTEX_POINT ( 'NONE', #1324 ) ;
#1376 = PLANE ( 'NONE',  #542 ) ;
#1377 = CARTESIAN_POINT ( 'NONE',  ( -99.15000000000050306, -24.52500000000008384, 0.000000000000000000 ) ) ;
#1378 = MECHANICAL_DESIGN_GEOMETRIC_PRESENTATION_REPRESENTATION (  '', ( #212 ), #1123 ) ;
#1379 = FILL_AREA_STYLE ('',( #123 ) ) ;
#1380 = VECTOR ( 'NONE', #937, 1000.000000000000000 ) ;
#1381 = ORIENTED_EDGE ( 'NONE', *, *, #1229, .F. ) ;
#1382 = LINE ( 'NONE', #1264, #1284 ) ;
#1383 = EDGE_CURVE ( 'NONE', #750, #1325, #472, .T. ) ;
#1384 = ORIENTED_EDGE ( 'NONE', *, *, #1093, .T. ) ;
#1385 = DIRECTION ( 'NONE',  ( 1.000000000000000000, 1.384317985816904070E-15, 0.000000000000000000 ) ) ;
#1386 = CARTESIAN_POINT ( 'NONE',  ( -62.70000000000025864, -10.37255995403513609, -22.10000000000000142 ) ) ;
#1387 = ORIENTED_EDGE ( 'NONE', *, *, #1345, .F. ) ;
#1388 = FACE_OUTER_BOUND ( 'NONE', #210, .T. ) ;
#1389 = VERTEX_POINT ( 'NONE', #679 ) ;
#1390 = DIRECTION ( 'NONE',  ( -0.000000000000000000, 0.000000000000000000, -1.000000000000000000 ) ) ;
#1391 = DIRECTION ( 'NONE',  ( 0.000000000000000000, 0.000000000000000000, 1.000000000000000000 ) ) ;
#1392 = LINE ( 'NONE', #854, #360 ) ;
#1393 = CARTESIAN_POINT ( 'NONE',  ( -97.40000000000047464, -24.52500000000008029, 3.000000000000000000 ) ) ;
#1394 = VERTEX_POINT ( 'NONE', #114 ) ;
#1395 = PLANE ( 'NONE',  #519 ) ;
#1396 = EDGE_CURVE ( 'NONE', #848, #1036, #663, .T. ) ;
#1397 = AXIS2_PLACEMENT_3D ( 'NONE', #1181, #82, #1406 ) ;
#1398 = ORIENTED_EDGE ( 'NONE', *, *, #753, .T. ) ;
#1399 = PLANE ( 'NONE',  #892 ) ;
#1400 = CIRCLE ( 'NONE', #619, 3.249999999999933387 ) ;
#1401 = VERTEX_POINT ( 'NONE', #1040 ) ;
#1402 = VECTOR ( 'NONE', #372, 1000.000000000000000 ) ;
#1403 = CARTESIAN_POINT ( 'NONE',  ( -85.00000000000058265, 28.99999999999995026, 3.000000000000000000 ) ) ;
#1404 = ADVANCED_FACE ( 'NONE', ( #14 ), #45, .F. ) ;
#1405 = ORIENTED_EDGE ( 'NONE', *, *, #457, .F. ) ;
#1406 = DIRECTION ( 'NONE',  ( -1.000000000000000000, -1.384317985816903676E-15, 0.000000000000000000 ) ) ;
#1407 = VERTEX_POINT ( 'NONE', #491 ) ;
#1408 = DIRECTION ( 'NONE',  ( 1.000000000000000000, 1.278218690650126433E-15, 0.000000000000000000 ) ) ;
#1409 = FACE_OUTER_BOUND ( 'NONE', #364, .T. ) ;
#1410 = DIRECTION ( 'NONE',  ( 1.000000000000000000, 1.278218690650126433E-15, 0.000000000000000000 ) ) ;
#1411 = ADVANCED_FACE ( 'NONE', ( #22 ), #811, .F. ) ;
#1412 = ORIENTED_EDGE ( 'NONE', *, *, #696, .T. ) ;
#1413 = DIRECTION ( 'NONE',  ( -1.000000000000000000, -1.067522139062649685E-15, 0.000000000000000000 ) ) ;
#1414 =( NAMED_UNIT ( * ) SI_UNIT ( $, .STERADIAN. ) SOLID_ANGLE_UNIT ( ) );
#1415 = CARTESIAN_POINT ( 'NONE',  ( -80.00000000000051159, -29.00000000000004619, -31.89999999999999858 ) ) ;
#1416 = DIRECTION ( 'NONE',  ( -1.000000000000000000, -1.278218690650126433E-15, 0.000000000000000000 ) ) ;
#1417 = AXIS2_PLACEMENT_3D ( 'NONE', #257, #827, #269 ) ;
#1418 = ORIENTED_EDGE ( 'NONE', *, *, #443, .F. ) ;
#1419 = DIRECTION ( 'NONE',  ( 0.000000000000000000, 0.000000000000000000, 1.000000000000000000 ) ) ;
#1420 = AXIS2_PLACEMENT_3D ( 'NONE', #606, #136, #1253 ) ;
#1421 = EDGE_CURVE ( 'NONE', #814, #48, #688, .T. ) ;
#1422 = COLOUR_RGB ( '',0.000000000000000000, 0.5019607843137254832, 0.000000000000000000 ) ;
#1423 = ORIENTED_EDGE ( 'NONE', *, *, #526, .T. ) ;
#1424 = CARTESIAN_POINT ( 'NONE',  ( -85.00000000000052580, -20.05000000000010019, -31.89999999999999858 ) ) ;
#1425 = DIRECTION ( 'NONE',  ( 0.000000000000000000, -1.000000000000000000, 0.000000000000000000 ) ) ;
#1426 = DIRECTION ( 'NONE',  ( -1.000000000000000000, -6.921589929084518378E-16, 0.000000000000000000 ) ) ;
#1427 = ORIENTED_EDGE ( 'NONE', *, *, #1299, .F. ) ;
#1428 = DIRECTION ( 'NONE',  ( -1.000000000000000000, -1.278218690650126433E-15, 0.000000000000000000 ) ) ;
#1429 = ORIENTED_EDGE ( 'NONE', *, *, #416, .F. ) ;
#1430 = CARTESIAN_POINT ( 'NONE',  ( -77.70000000000055707, 23.04999999999990834, -22.10000000000000142 ) ) ;
#1431 = PLANE ( 'NONE',  #643 ) ;
#1432 = DIRECTION ( 'NONE',  ( -1.000000000000000000, -6.921589929084518378E-16, -0.000000000000000000 ) ) ;
#1433 = ORIENTED_EDGE ( 'NONE', *, *, #1124, .T. ) ;
#1434 = CARTESIAN_POINT ( 'NONE',  ( -79.79999999999880345, 8.095642990836970318E-13, 5.999999999999998224 ) ) ;
#1435 = EDGE_LOOP ( 'NONE', ( #171, #331, #441, #1346 ) ) ;
#1436 = CARTESIAN_POINT ( 'NONE',  ( -62.70000000000027995, 0.3099999999999630829, -10.04999999999999183 ) ) ;
#1437 = ADVANCED_FACE ( 'NONE', ( #697 ), #703, .F. ) ;
#1438 = LINE ( 'NONE', #664, #1078 ) ;
#1439 = DIRECTION ( 'NONE',  ( 0.000000000000000000, 0.000000000000000000, -1.000000000000000000 ) ) ;
#1440 = ORIENTED_EDGE ( 'NONE', *, *, #279, .T. ) ;
#1441 = CARTESIAN_POINT ( 'NONE',  ( -77.70000000000055707, 20.04999999999990479, 0.000000000000000000 ) ) ;
#1442 = AXIS2_PLACEMENT_3D ( 'NONE', #459, #986, #319 ) ;
ENDSEC;
END-ISO-10303-21;
