ISO-10303-21;
HEADER;
FILE_DESCRIPTION (( 'STEP AP214' ),
    '1' );
FILE_NAME ('010_001_Left_right_servo_mount_front.STEP',
    '2024-07-21T08:32:11',
    ( '' ),
    ( '' ),
    'SwSTEP 2.0',
    'SolidWorks 2019',
    '' );
FILE_SCHEMA (( 'AUTOMOTIVE_DESIGN' ));
ENDSEC;

DATA;
#1 = ORIENTED_EDGE ( 'NONE', *, *, #2455, .F. ) ;
#2 = VECTOR ( 'NONE', #1706, 1000.000000000000000 ) ;
#3 = ADVANCED_FACE ( 'NONE', ( #906 ), #2486, .F. ) ;
#4 = CYLINDRICAL_SURFACE ( 'NONE', #670, 3.250000000000002665 ) ;
#5 = AXIS2_PLACEMENT_3D ( 'NONE', #2511, #2111, #1904 ) ;
#6 = ORIENTED_EDGE ( 'NONE', *, *, #1163, .T. ) ;
#7 = CARTESIAN_POINT ( 'NONE',  ( -136.4999999999999716, 9.999999999999996447, -18.00000000000000000 ) ) ;
#8 = LINE ( 'NONE', #1955, #1194 ) ;
#9 = CARTESIAN_POINT ( 'NONE',  ( -39.54999999999997584, -10.00000000000000178, -25.99999999999998934 ) ) ;
#10 = DIRECTION ( 'NONE',  ( -1.000000000000000000, 0.000000000000000000, 0.000000000000000000 ) ) ;
#11 = ORIENTED_EDGE ( 'NONE', *, *, #816, .T. ) ;
#12 = CARTESIAN_POINT ( 'NONE',  ( -85.22499999999998010, -10.00000000000000000, -6.000000000000000000 ) ) ;
#13 = VERTEX_POINT ( 'NONE', #1736 ) ;
#14 = AXIS2_PLACEMENT_3D ( 'NONE', #1164, #1963, #172 ) ;
#15 = CARTESIAN_POINT ( 'NONE',  ( -77.49999999999998579, 6.150000000000000355, 6.000000000000000000 ) ) ;
#16 = ORIENTED_EDGE ( 'NONE', *, *, #76, .T. ) ;
#17 = CARTESIAN_POINT ( 'NONE',  ( 2.200000000000005063, -5.000000000000001776, -2.999999999999999112 ) ) ;
#18 = DIRECTION ( 'NONE',  ( -0.000000000000000000, 1.000000000000000000, -0.000000000000000000 ) ) ;
#19 = EDGE_CURVE ( 'NONE', #1195, #1343, #1915, .T. ) ;
#20 = CIRCLE ( 'NONE', #1607, 1.750000000000001554 ) ;
#21 = CARTESIAN_POINT ( 'NONE',  ( -9.550000000000004263, -10.00000000000000178, -30.99999999999998934 ) ) ;
#22 = CYLINDRICAL_SURFACE ( 'NONE', #1564, 3.549999999999997602 ) ;
#23 = VERTEX_POINT ( 'NONE', #1891 ) ;
#24 = DIRECTION ( 'NONE',  ( 1.000000000000000000, 1.541976423090487350E-15, 0.000000000000000000 ) ) ;
#25 = VECTOR ( 'NONE', #101, 1000.000000000000000 ) ;
#26 = VERTEX_POINT ( 'NONE', #125 ) ;
#27 = EDGE_CURVE ( 'NONE', #2070, #645, #151, .T. ) ;
#28 = FACE_BOUND ( 'NONE', #2151, .T. ) ;
#29 = ORIENTED_EDGE ( 'NONE', *, *, #158, .F. ) ;
#30 = DIRECTION ( 'NONE',  ( 0.000000000000000000, 0.000000000000000000, 1.000000000000000000 ) ) ;
#31 = DIRECTION ( 'NONE',  ( -0.000000000000000000, -0.000000000000000000, 1.000000000000000000 ) ) ;
#32 = EDGE_CURVE ( 'NONE', #537, #116, #304, .T. ) ;
#33 = EDGE_CURVE ( 'NONE', #1596, #629, #510, .T. ) ;
#34 = CARTESIAN_POINT ( 'NONE',  ( -145.5000000000000000, 19.50000000000000355, -18.00000000000000000 ) ) ;
#35 = LINE ( 'NONE', #456, #402 ) ;
#36 = ORIENTED_EDGE ( 'NONE', *, *, #655, .F. ) ;
#37 = VECTOR ( 'NONE', #367, 1000.000000000000000 ) ;
#38 = DIRECTION ( 'NONE',  ( 9.130123557772669567E-17, -1.000000000000000000, 0.000000000000000000 ) ) ;
#39 = VERTEX_POINT ( 'NONE', #2097 ) ;
#40 = CIRCLE ( 'NONE', #1876, 2.750000000000002665 ) ;
#41 = LINE ( 'NONE', #412, #1966 ) ;
#42 = VECTOR ( 'NONE', #46, 1000.000000000000000 ) ;
#43 = VECTOR ( 'NONE', #1442, 1000.000000000000000 ) ;
#44 = VERTEX_POINT ( 'NONE', #947 ) ;
#45 = DIRECTION ( 'NONE',  ( -1.000000000000000000, 0.000000000000000000, 0.000000000000000000 ) ) ;
#46 = DIRECTION ( 'NONE',  ( -1.000000000000000000, 0.000000000000000000, 0.000000000000000000 ) ) ;
#47 = DIRECTION ( 'NONE',  ( 0.000000000000000000, 0.000000000000000000, -1.000000000000000000 ) ) ;
#48 = DIRECTION ( 'NONE',  ( 0.000000000000000000, 0.000000000000000000, -1.000000000000000000 ) ) ;
#49 = ORIENTED_EDGE ( 'NONE', *, *, #470, .T. ) ;
#50 = DIRECTION ( 'NONE',  ( -0.000000000000000000, -0.000000000000000000, 1.000000000000000000 ) ) ;
#51 = ORIENTED_EDGE ( 'NONE', *, *, #179, .F. ) ;
#52 = CARTESIAN_POINT ( 'NONE',  ( -44.54999999999996163, 19.50000000000000355, -18.00000000000000000 ) ) ;
#53 = VECTOR ( 'NONE', #1520, 1000.000000000000000 ) ;
#54 = VECTOR ( 'NONE', #2493, 1000.000000000000000 ) ;
#55 = ORIENTED_EDGE ( 'NONE', *, *, #1908, .F. ) ;
#56 = FACE_OUTER_BOUND ( 'NONE', #141, .T. ) ;
#57 = LINE ( 'NONE', #2401, #1085 ) ;
#58 = ADVANCED_FACE ( 'NONE', ( #2510 ), #1930, .T. ) ;
#59 = DIRECTION ( 'NONE',  ( 0.000000000000000000, 0.000000000000000000, 1.000000000000000000 ) ) ;
#60 = CARTESIAN_POINT ( 'NONE',  ( -85.22499999999998010, -9.250000000000000000, -6.000000000000000000 ) ) ;
#61 = EDGE_LOOP ( 'NONE', ( #827, #2545, #1801, #2156, #2110, #2220, #1033, #265, #1469, #190, #1161, #11, #994, #949, #403, #1218 ) ) ;
#62 = DIRECTION ( 'NONE',  ( 0.000000000000000000, 0.000000000000000000, 1.000000000000000000 ) ) ;
#63 = ORIENTED_EDGE ( 'NONE', *, *, #1281, .F. ) ;
#64 = EDGE_CURVE ( 'NONE', #251, #1534, #730, .T. ) ;
#65 = CARTESIAN_POINT ( 'NONE',  ( 0.000000000000000000, 0.000000000000000000, -11.50000000000000000 ) ) ;
#66 = PRESENTATION_LAYER_ASSIGNMENT (  '', '', ( #1403 ) ) ;
#67 = VERTEX_POINT ( 'NONE', #743 ) ;
#68 = CARTESIAN_POINT ( 'NONE',  ( 4.500000000000001776, -10.00000000000000178, -18.00000000000000000 ) ) ;
#69 = DIRECTION ( 'NONE',  ( 0.000000000000000000, 0.000000000000000000, -1.000000000000000000 ) ) ;
#70 = APPLICATION_PROTOCOL_DEFINITION ( 'draft international standard', 'automotive_design', 1998, #1134 ) ;
#71 = CARTESIAN_POINT ( 'NONE',  ( -136.4999999999999716, -10.00000000000000178, -18.00000000000000000 ) ) ;
#72 = CARTESIAN_POINT ( 'NONE',  ( -74.24999999999998579, -3.849999999999999201, -27.19238815542513521 ) ) ;
#73 = EDGE_LOOP ( 'NONE', ( #1, #2339 ) ) ;
#74 = PLANE ( 'NONE',  #2062 ) ;
#75 = EDGE_LOOP ( 'NONE', ( #1398, #1858 ) ) ;
#76 = EDGE_CURVE ( 'NONE', #1691, #2513, #1317, .T. ) ;
#77 = EDGE_CURVE ( 'NONE', #1596, #1676, #1537, .T. ) ;
#78 = DIRECTION ( 'NONE',  ( 0.000000000000000000, 0.000000000000000000, 1.000000000000000000 ) ) ;
#79 = VERTEX_POINT ( 'NONE', #2136 ) ;
#80 = EDGE_CURVE ( 'NONE', #2070, #2516, #1146, .T. ) ;
#81 = CLOSED_SHELL ( 'NONE', ( #421, #1375, #1187, #2117, #1396, #2030, #924, #1533, #1518, #2330, #2181, #1810, #452, #306, #1282, #1440, #1220, #621, #389, #958, #1883, #500, #2234, #1730, #1699, #996, #2157, #362, #1386, #2292, #2570, #1616, #763, #2534, #155, #2073, #2373, #1199, #771, #2353, #610, #1105, #2489, #264, #1781, #1744, #1841, #889, #687, #1685, #908, #58, #1506, #87, #1492, #2431, #2202, #1036, #3, #513, #1934, #920, #1472, #2130, #713, #1854, #1554, #2142, #2154, #1084, #1042, #2066, #1113, #2386, #1822, #1729, #2221, #1389, #2418, #1232, #178, #1571, #1246, #2415, #803, #1778 ) ) ;
#82 = AXIS2_PLACEMENT_3D ( 'NONE', #1969, #1378, #2549 ) ;
#83 = CARTESIAN_POINT ( 'NONE',  ( -44.54999999999999005, -10.00000000000000000, 13.50000000000001243 ) ) ;
#84 = AXIS2_PLACEMENT_3D ( 'NONE', #1606, #394, #1174 ) ;
#85 = CARTESIAN_POINT ( 'NONE',  ( -9.550000000000009592, 9.999999999999985789, -23.00000000000003553 ) ) ;
#86 = AXIS2_PLACEMENT_3D ( 'NONE', #1532, #2091, #1100 ) ;
#87 = ADVANCED_FACE ( 'NONE', ( #977 ), #1995, .F. ) ;
#88 = VERTEX_POINT ( 'NONE', #1578 ) ;
#89 = CARTESIAN_POINT ( 'NONE',  ( -85.22499999999998010, -9.250000000000000000, -6.000000000000000000 ) ) ;
#90 = CARTESIAN_POINT ( 'NONE',  ( -65.24999999999998579, 6.149999999999999467, -18.00000000000000000 ) ) ;
#91 = VECTOR ( 'NONE', #1159, 1000.000000000000000 ) ;
#92 = ORIENTED_EDGE ( 'NONE', *, *, #579, .F. ) ;
#93 = DIRECTION ( 'NONE',  ( 1.000000000000000000, 0.000000000000000000, 0.000000000000000000 ) ) ;
#94 = LINE ( 'NONE', #899, #53 ) ;
#95 = ORIENTED_EDGE ( 'NONE', *, *, #768, .T. ) ;
#96 = LINE ( 'NONE', #2543, #54 ) ;
#97 = DIRECTION ( 'NONE',  ( -0.000000000000000000, -0.000000000000000000, 1.000000000000000000 ) ) ;
#98 = AXIS2_PLACEMENT_3D ( 'NONE', #1245, #2038, #1050 ) ;
#99 = EDGE_LOOP ( 'NONE', ( #1905, #1610 ) ) ;
#100 = CARTESIAN_POINT ( 'NONE',  ( -65.24999999999998579, 6.149999999999999467, -11.50000000000000000 ) ) ;
#101 = DIRECTION ( 'NONE',  ( 0.000000000000000000, 0.000000000000000000, 1.000000000000000000 ) ) ;
#102 = EDGE_CURVE ( 'NONE', #2167, #641, #868, .T. ) ;
#103 = DIRECTION ( 'NONE',  ( 1.000000000000000000, 0.000000000000000000, 0.000000000000000000 ) ) ;
#104 = DIRECTION ( 'NONE',  ( 0.000000000000000000, 0.000000000000000000, 1.000000000000000000 ) ) ;
#105 = CARTESIAN_POINT ( 'NONE',  ( -39.54999999999999716, 19.50000000000000355, -23.00000000000002132 ) ) ;
#106 = LINE ( 'NONE', #131, #2 ) ;
#107 = AXIS2_PLACEMENT_3D ( 'NONE', #392, #766, #1970 ) ;
#108 = ORIENTED_EDGE ( 'NONE', *, *, #1765, .T. ) ;
#109 = EDGE_CURVE ( 'NONE', #2405, #852, #2519, .T. ) ;
#110 = DIRECTION ( 'NONE',  ( 0.000000000000000000, 0.000000000000000000, 1.000000000000000000 ) ) ;
#111 = CARTESIAN_POINT ( 'NONE',  ( -39.54999999999998295, -10.00000000000000178, -30.99999999999998934 ) ) ;
#112 = EDGE_CURVE ( 'NONE', #2342, #147, #2364, .T. ) ;
#113 = EDGE_LOOP ( 'NONE', ( #2208, #1572, #331, #2256 ) ) ;
#114 = CARTESIAN_POINT ( 'NONE',  ( -140.4499999999999886, -5.000000000000001776, -2.999999999999999112 ) ) ;
#115 = ORIENTED_EDGE ( 'NONE', *, *, #230, .F. ) ;
#116 = VERTEX_POINT ( 'NONE', #1779 ) ;
#117 = CARTESIAN_POINT ( 'NONE',  ( -48.54999999999999716, -5.000000000000007994, -2.999999999999999112 ) ) ;
#118 = CARTESIAN_POINT ( 'NONE',  ( -60.24999999999998579, -3.850000000000000977, -11.50000000000000000 ) ) ;
#119 = CARTESIAN_POINT ( 'NONE',  ( -140.4499999999999886, -5.000000000000001776, -2.999999999999999112 ) ) ;
#120 = AXIS2_PLACEMENT_3D ( 'NONE', #558, #1954, #1349 ) ;
#121 = ORIENTED_EDGE ( 'NONE', *, *, #274, .T. ) ;
#122 = DIRECTION ( 'NONE',  ( -0.000000000000000000, -0.000000000000000000, 1.000000000000000000 ) ) ;
#123 = DIRECTION ( 'NONE',  ( -1.000000000000000000, 0.000000000000000000, 0.000000000000000000 ) ) ;
#124 = CIRCLE ( 'NONE', #1589, 2.750000000000002665 ) ;
#125 = CARTESIAN_POINT ( 'NONE',  ( -143.1999999999999886, -5.000000000000001776, 6.000000000000000000 ) ) ;
#126 = DIRECTION ( 'NONE',  ( 0.000000000000000000, -1.000000000000000000, 0.000000000000000000 ) ) ;
#127 = ORIENTED_EDGE ( 'NONE', *, *, #1374, .T. ) ;
#128 = EDGE_LOOP ( 'NONE', ( #1325, #1540 ) ) ;
#129 = CARTESIAN_POINT ( 'NONE',  ( -55.77499999999999147, -5.500000000000000888, -6.000000000000000000 ) ) ;
#130 = VERTEX_POINT ( 'NONE', #416 ) ;
#131 = CARTESIAN_POINT ( 'NONE',  ( -101.4500000000000171, -40.41381265149108515, -25.99999999999998934 ) ) ;
#132 = PRODUCT_DEFINITION_SHAPE ( 'NONE', 'NONE',  #979 ) ;
#133 = ORIENTED_EDGE ( 'NONE', *, *, #1122, .F. ) ;
#134 = CARTESIAN_POINT ( 'NONE',  ( -92.44999999999998863, 4.999999999999992006, -2.999999999999999112 ) ) ;
#135 = FACE_OUTER_BOUND ( 'NONE', #1160, .T. ) ;
#136 = AXIS2_PLACEMENT_3D ( 'NONE', #1558, #736, #1357 ) ;
#137 = AXIS2_PLACEMENT_3D ( 'NONE', #1444, #2238, #1052 ) ;
#138 = DIRECTION ( 'NONE',  ( -1.000000000000000000, 0.000000000000000000, 0.000000000000000000 ) ) ;
#139 = LINE ( 'NONE', #2137, #1940 ) ;
#140 = EDGE_LOOP ( 'NONE', ( #1023, #1786 ) ) ;
#141 = EDGE_LOOP ( 'NONE', ( #1320, #965, #1830, #1926 ) ) ;
#142 = FACE_OUTER_BOUND ( 'NONE', #2491, .T. ) ;
#143 = ORIENTED_EDGE ( 'NONE', *, *, #297, .F. ) ;
#144 = AXIS2_PLACEMENT_3D ( 'NONE', #1647, #2430, #1478 ) ;
#145 = EDGE_CURVE ( 'NONE', #1691, #473, #2123, .T. ) ;
#146 = CARTESIAN_POINT ( 'NONE',  ( -101.4499999999999886, 14.50000000000001776, -56.33562262423501465 ) ) ;
#147 = VERTEX_POINT ( 'NONE', #2007 ) ;
#148 = AXIS2_PLACEMENT_3D ( 'NONE', #1698, #1902, #123 ) ;
#149 = FILL_AREA_STYLE_COLOUR ( '', #1125 ) ;
#150 = DIRECTION ( 'NONE',  ( 0.000000000000000000, 0.000000000000000000, -1.000000000000000000 ) ) ;
#151 = LINE ( 'NONE', #2287, #1834 ) ;
#152 = DIRECTION ( 'NONE',  ( 1.000000000000000000, 0.000000000000000000, 0.000000000000000000 ) ) ;
#153 = EDGE_LOOP ( 'NONE', ( #188, #2035, #2443, #253 ) ) ;
#154 = ORIENTED_EDGE ( 'NONE', *, *, #2336, .F. ) ;
#155 = ADVANCED_FACE ( 'NONE', ( #1394 ), #1605, .F. ) ;
#156 = CARTESIAN_POINT ( 'NONE',  ( -89.69999999999998863, 4.999999999999992006, 6.000000000000000000 ) ) ;
#157 = ORIENTED_EDGE ( 'NONE', *, *, #1952, .T. ) ;
#158 = EDGE_CURVE ( 'NONE', #2516, #1288, #407, .T. ) ;
#159 = FACE_OUTER_BOUND ( 'NONE', #695, .T. ) ;
#160 = EDGE_CURVE ( 'NONE', #787, #1452, #769, .T. ) ;
#161 = CIRCLE ( 'NONE', #376, 1.750000000000001554 ) ;
#162 = ORIENTED_EDGE ( 'NONE', *, *, #1437, .F. ) ;
#163 = CARTESIAN_POINT ( 'NONE',  ( -60.24999999999998579, -3.850000000000000977, -27.19238815542513521 ) ) ;
#164 = CARTESIAN_POINT ( 'NONE',  ( -63.49999999999998579, -3.850000000000000977, -11.50000000000000000 ) ) ;
#165 = STYLED_ITEM ( 'NONE', ( #2483 ), #418 ) ;
#166 = CARTESIAN_POINT ( 'NONE',  ( -85.22499999999998010, -9.250000000000000000, -6.000000000000000000 ) ) ;
#167 = AXIS2_PLACEMENT_3D ( 'NONE', #569, #1599, #387 ) ;
#168 = LINE ( 'NONE', #808, #2547 ) ;
#169 = EDGE_LOOP ( 'NONE', ( #491, #1900 ) ) ;
#170 = AXIS2_PLACEMENT_3D ( 'NONE', #65, #1845, #2398 ) ;
#171 = ORIENTED_EDGE ( 'NONE', *, *, #1611, .F. ) ;
#172 = DIRECTION ( 'NONE',  ( 0.000000000000000000, -0.000000000000000000, -1.000000000000000000 ) ) ;
#173 = ORIENTED_EDGE ( 'NONE', *, *, #1634, .T. ) ;
#174 = PLANE ( 'NONE',  #463 ) ;
#175 = VERTEX_POINT ( 'NONE', #1985 ) ;
#176 = CARTESIAN_POINT ( 'NONE',  ( -51.29999999999999716, 4.999999999999992006, -2.999999999999999112 ) ) ;
#177 = DIRECTION ( 'NONE',  ( 0.000000000000000000, 0.000000000000000000, 1.000000000000000000 ) ) ;
#178 = ADVANCED_FACE ( 'NONE', ( #587 ), #180, .F. ) ;
#179 = EDGE_CURVE ( 'NONE', #175, #1596, #1766, .T. ) ;
#180 = CYLINDRICAL_SURFACE ( 'NONE', #458, 3.550000000000002931 ) ;
#182 = CIRCLE ( 'NONE', #2015, 2.750000000000002665 ) ;
#181 = DIRECTION ( 'NONE',  ( -0.000000000000000000, -0.000000000000000000, -1.000000000000000000 ) ) ;
#183 = VERTEX_POINT ( 'NONE', #1792 ) ;
#184 = VECTOR ( 'NONE', #1356, 1000.000000000000000 ) ;
#185 = ORIENTED_EDGE ( 'NONE', *, *, #357, .T. ) ;
#186 = PLANE ( 'NONE',  #1604 ) ;
#187 = DIRECTION ( 'NONE',  ( 0.000000000000000000, -1.000000000000000000, 0.000000000000000000 ) ) ;
#188 = ORIENTED_EDGE ( 'NONE', *, *, #846, .F. ) ;
#189 = CARTESIAN_POINT ( 'NONE',  ( -39.54999999999999716, 19.50000000000000355, -30.99999999999998934 ) ) ;
#190 = ORIENTED_EDGE ( 'NONE', *, *, #263, .T. ) ;
#191 = CARTESIAN_POINT ( 'NONE',  ( -96.39999999999999147, 9.999999999999987566, -18.00000000000000000 ) ) ;
#192 = CARTESIAN_POINT ( 'NONE',  ( 4.500000000000001776, -10.00000000000000178, 6.000000000000000000 ) ) ;
#193 = CIRCLE ( 'NONE', #611, 1.750000000000001554 ) ;
#194 = EDGE_CURVE ( 'NONE', #370, #2530, #1816, .T. ) ;
#195 = CARTESIAN_POINT ( 'NONE',  ( -44.59999999999998721, -10.00000000000000178, -18.00000000000000000 ) ) ;
#196 = DIRECTION ( 'NONE',  ( -0.000000000000000000, -0.000000000000000000, -1.000000000000000000 ) ) ;
#197 = EDGE_CURVE ( 'NONE', #1353, #2387, #161, .T. ) ;
#198 = ADVANCED_BREP_SHAPE_REPRESENTATION ( '010_001_Left_right_servo_mount_front', ( #418, #2152 ), #406 ) ;
#199 = VECTOR ( 'NONE', #2176, 1000.000000000000000 ) ;
#200 = ORIENTED_EDGE ( 'NONE', *, *, #433, .F. ) ;
#201 = FACE_BOUND ( 'NONE', #671, .T. ) ;
#202 = ORIENTED_EDGE ( 'NONE', *, *, #109, .T. ) ;
#203 = FACE_OUTER_BOUND ( 'NONE', #1058, .T. ) ;
#204 = ORIENTED_EDGE ( 'NONE', *, *, #1827, .F. ) ;
#205 = PLANE ( 'NONE',  #1419 ) ;
#206 = CARTESIAN_POINT ( 'NONE',  ( -131.4499999999999886, 19.50000000000000355, -30.99999999999998934 ) ) ;
#207 = CARTESIAN_POINT ( 'NONE',  ( -63.49999999999998579, -3.850000000000000977, -11.50000000000000000 ) ) ;
#208 = CARTESIAN_POINT ( 'NONE',  ( -55.77499999999999147, -9.250000000000000000, -6.000000000000000000 ) ) ;
#209 = AXIS2_PLACEMENT_3D ( 'NONE', #560, #1351, #2148 ) ;
#210 = CIRCLE ( 'NONE', #1672, 1.750000000000001554 ) ;
#211 = VERTEX_POINT ( 'NONE', #1565 ) ;
#212 = PLANE ( 'NONE',  #2298 ) ;
#213 = ORIENTED_EDGE ( 'NONE', *, *, #894, .T. ) ;
#214 = VECTOR ( 'NONE', #2132, 1000.000000000000000 ) ;
#215 = FACE_OUTER_BOUND ( 'NONE', #2307, .T. ) ;
#216 = CIRCLE ( 'NONE', #1219, 2.750000000000002665 ) ;
#217 = VERTEX_POINT ( 'NONE', #393 ) ;
#218 = FACE_OUTER_BOUND ( 'NONE', #885, .T. ) ;
#219 = CARTESIAN_POINT ( 'NONE',  ( -85.22499999999998010, -9.250000000000000000, -6.000000000000000000 ) ) ;
#220 = CARTESIAN_POINT ( 'NONE',  ( -140.4499999999999886, 4.999999999999998224, 6.000000000000000000 ) ) ;
#221 = DIRECTION ( 'NONE',  ( -0.000000000000000000, -0.000000000000000000, 1.000000000000000000 ) ) ;
#222 = DIRECTION ( 'NONE',  ( 1.541976423090487350E-15, 1.000000000000000000, 0.000000000000000000 ) ) ;
#223 = EDGE_CURVE ( 'NONE', #88, #1247, #2564, .T. ) ;
#224 = EDGE_LOOP ( 'NONE', ( #288, #2331, #383, #1990, #55, #1726 ) ) ;
#225 = DIRECTION ( 'NONE',  ( 1.000000000000000000, 0.000000000000000000, 0.000000000000000000 ) ) ;
#226 = ORIENTED_EDGE ( 'NONE', *, *, #2190, .T. ) ;
#227 = AXIS2_PLACEMENT_3D ( 'NONE', #359, #760, #2504 ) ;
#228 = EDGE_CURVE ( 'NONE', #2530, #2174, #795, .T. ) ;
#229 = CARTESIAN_POINT ( 'NONE',  ( -92.44999999999998863, 4.999999999999992006, -2.999999999999999112 ) ) ;
#230 = EDGE_CURVE ( 'NONE', #386, #1701, #2566, .T. ) ;
#231 = ORIENTED_EDGE ( 'NONE', *, *, #548, .T. ) ;
#232 = LINE ( 'NONE', #17, #1811 ) ;
#233 = DIRECTION ( 'NONE',  ( 0.000000000000000000, 0.000000000000000000, 1.000000000000000000 ) ) ;
#234 = AXIS2_PLACEMENT_3D ( 'NONE', #1006, #196, #978 ) ;
#235 = CYLINDRICAL_SURFACE ( 'NONE', #1797, 2.750000000000002665 ) ;
#236 = DIRECTION ( 'NONE',  ( 0.000000000000000000, 0.000000000000000000, 1.000000000000000000 ) ) ;
#237 = DIRECTION ( 'NONE',  ( -0.000000000000000000, -0.000000000000000000, 1.000000000000000000 ) ) ;
#238 = EDGE_LOOP ( 'NONE', ( #2394, #1556, #185, #1109 ) ) ;
#239 = DIRECTION ( 'NONE',  ( 0.000000000000000000, 0.000000000000000000, -1.000000000000000000 ) ) ;
#240 = VECTOR ( 'NONE', #2522, 1000.000000000000000 ) ;
#241 = ORIENTED_EDGE ( 'NONE', *, *, #274, .F. ) ;
#242 = EDGE_CURVE ( 'NONE', #1598, #1008, #2281, .T. ) ;
#243 = CYLINDRICAL_SURFACE ( 'NONE', #839, 3.250000000000002665 ) ;
#244 = EDGE_CURVE ( 'NONE', #147, #2342, #1623, .T. ) ;
#245 = ORIENTED_EDGE ( 'NONE', *, *, #194, .F. ) ;
#246 = DIRECTION ( 'NONE',  ( -0.000000000000000000, -1.000000000000000000, -0.000000000000000000 ) ) ;
#247 = CARTESIAN_POINT ( 'NONE',  ( -48.54999999999999716, -5.000000000000007994, -2.999999999999999112 ) ) ;
#248 = SURFACE_STYLE_FILL_AREA ( #260 ) ;
#249 = CARTESIAN_POINT ( 'NONE',  ( -61.74999999999999289, -3.850000000000000977, -18.00000000000000000 ) ) ;
#250 = DIRECTION ( 'NONE',  ( -0.000000000000000000, -0.000000000000000000, 1.000000000000000000 ) ) ;
#251 = VERTEX_POINT ( 'NONE', #34 ) ;
#252 = DIRECTION ( 'NONE',  ( -1.000000000000000000, 0.000000000000000000, 0.000000000000000000 ) ) ;
#253 = ORIENTED_EDGE ( 'NONE', *, *, #2404, .F. ) ;
#254 = AXIS2_PLACEMENT_3D ( 'NONE', #904, #1512, #2460 ) ;
#255 = EDGE_CURVE ( 'NONE', #1534, #1485, #2427, .T. ) ;
#256 = LINE ( 'NONE', #617, #43 ) ;
#257 = ORIENTED_EDGE ( 'NONE', *, *, #1692, .F. ) ;
#258 = DIRECTION ( 'NONE',  ( -0.000000000000000000, -0.000000000000000000, -1.000000000000000000 ) ) ;
#259 = CARTESIAN_POINT ( 'NONE',  ( -131.4499999999999886, 14.50000000000000888, -23.00000000000003553 ) ) ;
#260 = FILL_AREA_STYLE ('',( #1642 ) ) ;
#261 = CARTESIAN_POINT ( 'NONE',  ( -101.4500000000000171, -10.00000000000000178, -25.99999999999998934 ) ) ;
#262 = CARTESIAN_POINT ( 'NONE',  ( -77.49999999999998579, -3.849999999999999201, -27.19238815542513521 ) ) ;
#263 = EDGE_CURVE ( 'NONE', #2000, #1175, #1434, .T. ) ;
#264 = ADVANCED_FACE ( 'NONE', ( #430 ), #2439, .F. ) ;
#265 = ORIENTED_EDGE ( 'NONE', *, *, #2333, .T. ) ;
#266 = DIRECTION ( 'NONE',  ( 1.000000000000000000, -2.282530889443168008E-16, 0.000000000000000000 ) ) ;
#267 = ORIENTED_EDGE ( 'NONE', *, *, #1424, .T. ) ;
#268 = DIRECTION ( 'NONE',  ( 1.000000000000000000, 0.000000000000000000, 0.000000000000000000 ) ) ;
#269 = AXIS2_PLACEMENT_3D ( 'NONE', #117, #2101, #322 ) ;
#270 = VECTOR ( 'NONE', #1300, 1000.000000000000000 ) ;
#271 = EDGE_LOOP ( 'NONE', ( #154, #877, #6, #1208 ) ) ;
#272 = DIRECTION ( 'NONE',  ( 1.000000000000000000, 0.000000000000000000, 0.000000000000000000 ) ) ;
#273 = CARTESIAN_POINT ( 'NONE',  ( -136.4499999999999602, 19.50000000000000355, -18.00000000000000000 ) ) ;
#274 = EDGE_CURVE ( 'NONE', #434, #2067, #1043, .T. ) ;
#275 = DIRECTION ( 'NONE',  ( -1.541976423090487350E-15, -1.000000000000000000, 0.000000000000000000 ) ) ;
#276 = CYLINDRICAL_SURFACE ( 'NONE', #1946, 3.250000000000002665 ) ;
#277 = AXIS2_PLACEMENT_3D ( 'NONE', #666, #2049, #1892 ) ;
#278 = VECTOR ( 'NONE', #1253, 1000.000000000000000 ) ;
#279 = EDGE_CURVE ( 'NONE', #1307, #413, #623, .T. ) ;
#280 = EDGE_CURVE ( 'NONE', #39, #427, #830, .T. ) ;
#281 = VERTEX_POINT ( 'NONE', #1240 ) ;
#282 = CARTESIAN_POINT ( 'NONE',  ( -66.74999999999998579, 6.149999999999999467, -27.19238815542513521 ) ) ;
#283 = CARTESIAN_POINT ( 'NONE',  ( -89.69999999999998863, 4.999999999999992006, -2.999999999999999112 ) ) ;
#284 =( GEOMETRIC_REPRESENTATION_CONTEXT ( 3 ) GLOBAL_UNCERTAINTY_ASSIGNED_CONTEXT ( ( #1313 ) ) GLOBAL_UNIT_ASSIGNED_CONTEXT ( ( #2065, #1655, #648 ) ) REPRESENTATION_CONTEXT ( 'NONE', 'WORKASPACE' ) );
#285 = FACE_OUTER_BOUND ( 'NONE', #1429, .T. ) ;
#286 = FACE_OUTER_BOUND ( 'NONE', #1818, .T. ) ;
#287 = DIRECTION ( 'NONE',  ( 0.000000000000000000, 0.000000000000000000, 1.000000000000000000 ) ) ;
#288 = ORIENTED_EDGE ( 'NONE', *, *, #1310, .F. ) ;
#289 = DIRECTION ( 'NONE',  ( -0.000000000000000000, -0.000000000000000000, 1.000000000000000000 ) ) ;
#290 = DIRECTION ( 'NONE',  ( 1.000000000000000000, 0.000000000000000000, 0.000000000000000000 ) ) ;
#291 = ORIENTED_EDGE ( 'NONE', *, *, #1504, .T. ) ;
#292 = CARTESIAN_POINT ( 'NONE',  ( -52.04999999999999716, 9.999999999999985789, 5.999999999999998224 ) ) ;
#293 = AXIS2_PLACEMENT_3D ( 'NONE', #2362, #599, #1158 ) ;
#294 = FACE_OUTER_BOUND ( 'NONE', #1689, .T. ) ;
#295 = EDGE_LOOP ( 'NONE', ( #1860, #1222, #369, #508 ) ) ;
#296 = CIRCLE ( 'NONE', #1712, 1.750000000000001554 ) ;
#297 = EDGE_CURVE ( 'NONE', #386, #2225, #865, .T. ) ;
#298 = CARTESIAN_POINT ( 'NONE',  ( -77.49999999999998579, 6.150000000000000355, 10.94974746830583001 ) ) ;
#299 = DIRECTION ( 'NONE',  ( 1.000000000000000000, -2.282530889443168501E-16, -0.000000000000000000 ) ) ;
#300 = VECTOR ( 'NONE', #2215, 1000.000000000000000 ) ;
#301 = VERTEX_POINT ( 'NONE', #1031 ) ;
#302 =( LENGTH_UNIT ( ) NAMED_UNIT ( * ) SI_UNIT ( .MILLI., .METRE. ) );
#303 = CARTESIAN_POINT ( 'NONE',  ( -140.4499999999999886, -5.000000000000001776, -2.999999999999999112 ) ) ;
#304 = LINE ( 'NONE', #1514, #1207 ) ;
#305 = FACE_OUTER_BOUND ( 'NONE', #1950, .T. ) ;
#306 = ADVANCED_FACE ( 'NONE', ( #1079 ), #235, .F. ) ;
#307 = ORIENTED_EDGE ( 'NONE', *, *, #1054, .T. ) ;
#308 = DIRECTION ( 'NONE',  ( 0.000000000000000000, 0.000000000000000000, -1.000000000000000000 ) ) ;
#309 = EDGE_CURVE ( 'NONE', #348, #1148, #1067, .T. ) ;
#310 = AXIS2_PLACEMENT_3D ( 'NONE', #1976, #237, #432 ) ;
#311 = FACE_OUTER_BOUND ( 'NONE', #817, .T. ) ;
#312 = EDGE_CURVE ( 'NONE', #1008, #2196, #1874, .T. ) ;
#313 = CYLINDRICAL_SURFACE ( 'NONE', #1214, 2.750000000000000000 ) ;
#314 = AXIS2_PLACEMENT_3D ( 'NONE', #915, #1274, #901 ) ;
#315 = VERTEX_POINT ( 'NONE', #2240 ) ;
#316 =( NAMED_UNIT ( * ) PLANE_ANGLE_UNIT ( ) SI_UNIT ( $, .RADIAN. ) );
#317 = DIRECTION ( 'NONE',  ( -0.000000000000000000, -0.000000000000000000, 1.000000000000000000 ) ) ;
#318 = DIRECTION ( 'NONE',  ( 0.000000000000000000, 0.000000000000000000, -1.000000000000000000 ) ) ;
#319 = DIRECTION ( 'NONE',  ( -0.000000000000000000, -1.000000000000000000, -0.000000000000000000 ) ) ;
#320 = VERTEX_POINT ( 'NONE', #662 ) ;
#321 = ORIENTED_EDGE ( 'NONE', *, *, #1710, .T. ) ;
#322 = DIRECTION ( 'NONE',  ( 1.000000000000000000, 0.000000000000000000, -0.000000000000000000 ) ) ;
#323 = CARTESIAN_POINT ( 'NONE',  ( -4.500000000000002665, 9.999999999999996447, -18.00000000000000000 ) ) ;
#324 = LINE ( 'NONE', #529, #1421 ) ;
#325 = EDGE_CURVE ( 'NONE', #1676, #1747, #2216, .T. ) ;
#326 = ORIENTED_EDGE ( 'NONE', *, *, #2043, .F. ) ;
#327 = CARTESIAN_POINT ( 'NONE',  ( -55.77499999999999147, -5.500000000000000888, -6.000000000000000000 ) ) ;
#328 = CARTESIAN_POINT ( 'NONE',  ( -89.69999999999998863, 4.999999999999992006, -2.999999999999999112 ) ) ;
#329 = CARTESIAN_POINT ( 'NONE',  ( -3.299999999999994937, 4.999999999999998224, -2.999999999999999112 ) ) ;
#330 = ORIENTED_EDGE ( 'NONE', *, *, #1669, .T. ) ;
#331 = ORIENTED_EDGE ( 'NONE', *, *, #579, .T. ) ;
#332 = CARTESIAN_POINT ( 'NONE',  ( -4.500000000000002665, 9.999999999999996447, -18.00000000000000000 ) ) ;
#333 = ORIENTED_EDGE ( 'NONE', *, *, #1649, .F. ) ;
#334 = CARTESIAN_POINT ( 'NONE',  ( -4.500000000000002665, 9.999999999999996447, 5.999999999999998224 ) ) ;
#335 = VECTOR ( 'NONE', #1278, 1000.000000000000000 ) ;
#336 = AXIS2_PLACEMENT_3D ( 'NONE', #247, #31, #819 ) ;
#337 = ORIENTED_EDGE ( 'NONE', *, *, #64, .F. ) ;
#338 = SURFACE_STYLE_FILL_AREA ( #1498 ) ;
#339 = CARTESIAN_POINT ( 'NONE',  ( -55.77499999999999147, -9.250000000000000000, -9.549999999999997158 ) ) ;
#340 = VECTOR ( 'NONE', #595, 1000.000000000000000 ) ;
#341 = CARTESIAN_POINT ( 'NONE',  ( -92.44999999999998863, -5.000000000000007994, -2.999999999999999112 ) ) ;
#342 = DIRECTION ( 'NONE',  ( -0.000000000000000000, -0.000000000000000000, -1.000000000000000000 ) ) ;
#343 = EDGE_CURVE ( 'NONE', #315, #2264, #1293, .T. ) ;
#344 = ORIENTED_EDGE ( 'NONE', *, *, #2514, .F. ) ;
#345 = CIRCLE ( 'NONE', #469, 2.750000000000002665 ) ;
#346 = ORIENTED_EDGE ( 'NONE', *, *, #700, .F. ) ;
#347 = CARTESIAN_POINT ( 'NONE',  ( -9.550000000000002487, 14.50000000000000888, -30.99999999999998934 ) ) ;
#348 = VERTEX_POINT ( 'NONE', #649 ) ;
#349 = CARTESIAN_POINT ( 'NONE',  ( -44.59999999999998721, -20.31665382639196693, 5.999999999999998224 ) ) ;
#350 = VERTEX_POINT ( 'NONE', #249 ) ;
#351 = CARTESIAN_POINT ( 'NONE',  ( -140.4499999999999886, 4.999999999999998224, -2.999999999999999112 ) ) ;
#352 = LINE ( 'NONE', #2107, #25 ) ;
#353 = EDGE_CURVE ( 'NONE', #1964, #2352, #1799, .T. ) ;
#354 = ORIENTED_EDGE ( 'NONE', *, *, #1265, .T. ) ;
#355 = DIRECTION ( 'NONE',  ( 0.000000000000000000, 0.000000000000000000, -1.000000000000000000 ) ) ;
#356 = ORIENTED_EDGE ( 'NONE', *, *, #2050, .F. ) ;
#357 = EDGE_CURVE ( 'NONE', #1438, #1112, #1864, .T. ) ;
#358 = ORIENTED_EDGE ( 'NONE', *, *, #594, .F. ) ;
#359 = CARTESIAN_POINT ( 'NONE',  ( -92.44999999999998863, 4.999999999999992006, -2.999999999999999112 ) ) ;
#360 = EDGE_LOOP ( 'NONE', ( #1590, #1477, #583, #364 ) ) ;
#361 = VECTOR ( 'NONE', #2071, 1000.000000000000000 ) ;
#362 = ADVANCED_FACE ( 'NONE', ( #1447 ), #1252, .F. ) ;
#363 = DIRECTION ( 'NONE',  ( 0.000000000000000000, 0.000000000000000000, -1.000000000000000000 ) ) ;
#364 = ORIENTED_EDGE ( 'NONE', *, *, #1101, .F. ) ;
#365 = VECTOR ( 'NONE', #1943, 1000.000000000000000 ) ;
#366 = CARTESIAN_POINT ( 'NONE',  ( -39.54999999999999005, 9.999999999999994671, -56.33562262423501465 ) ) ;
#367 = DIRECTION ( 'NONE',  ( 0.000000000000000000, 0.000000000000000000, 1.000000000000000000 ) ) ;
#368 = CYLINDRICAL_SURFACE ( 'NONE', #5, 3.250000000000002665 ) ;
#369 = ORIENTED_EDGE ( 'NONE', *, *, #2404, .T. ) ;
#370 = VERTEX_POINT ( 'NONE', #1670 ) ;
#371 = DIRECTION ( 'NONE',  ( 0.000000000000000000, 1.000000000000000000, 0.000000000000000000 ) ) ;
#372 = DIRECTION ( 'NONE',  ( 1.000000000000000000, 0.000000000000000000, 0.000000000000000000 ) ) ;
#373 = VERTEX_POINT ( 'NONE', #2449 ) ;
#374 = CARTESIAN_POINT ( 'NONE',  ( -0.5499999999999949374, -5.000000000000001776, -2.999999999999999112 ) ) ;
#375 = EDGE_CURVE ( 'NONE', #1868, #211, #676, .T. ) ;
#376 = AXIS2_PLACEMENT_3D ( 'NONE', #207, #807, #963 ) ;
#377 = ORIENTED_EDGE ( 'NONE', *, *, #194, .T. ) ;
#378 = DIRECTION ( 'NONE',  ( 0.000000000000000000, 0.000000000000000000, 1.000000000000000000 ) ) ;
#379 = LINE ( 'NONE', #192, #2236 ) ;
#380 = DIRECTION ( 'NONE',  ( 0.000000000000000000, 0.000000000000000000, 1.000000000000000000 ) ) ;
#381 = DIRECTION ( 'NONE',  ( -0.000000000000000000, -0.000000000000000000, -1.000000000000000000 ) ) ;
#382 = ORIENTED_EDGE ( 'NONE', *, *, #2050, .T. ) ;
#383 = ORIENTED_EDGE ( 'NONE', *, *, #1611, .T. ) ;
#384 = CARTESIAN_POINT ( 'NONE',  ( -44.59999999999999432, 9.999999999999987566, -18.00000000000000000 ) ) ;
#385 = CARTESIAN_POINT ( 'NONE',  ( 2.200000000000005063, 4.999999999999998224, -2.999999999999999112 ) ) ;
#386 = VERTEX_POINT ( 'NONE', #100 ) ;
#387 = DIRECTION ( 'NONE',  ( 0.000000000000000000, 0.000000000000000000, -1.000000000000000000 ) ) ;
#388 = EDGE_CURVE ( 'NONE', #1353, #350, #1888, .T. ) ;
#389 = ADVANCED_FACE ( 'NONE', ( #741 ), #1103, .F. ) ;
#390 = ORIENTED_EDGE ( 'NONE', *, *, #2010, .T. ) ;
#391 = DIRECTION ( 'NONE',  ( -0.000000000000000000, -0.000000000000000000, 1.000000000000000000 ) ) ;
#392 = CARTESIAN_POINT ( 'NONE',  ( -55.77499999999999147, -9.250000000000000000, -6.000000000000000000 ) ) ;
#393 = CARTESIAN_POINT ( 'NONE',  ( -45.79999999999999005, -5.000000000000007994, 6.000000000000000000 ) ) ;
#395 = VECTOR ( 'NONE', #2433, 1000.000000000000000 ) ;
#394 = DIRECTION ( 'NONE',  ( -0.000000000000000000, -0.000000000000000000, -1.000000000000000000 ) ) ;
#396 = VECTOR ( 'NONE', #2012, 1000.000000000000000 ) ;
#397 = ORIENTED_EDGE ( 'NONE', *, *, #1908, .T. ) ;
#398 = DIRECTION ( 'NONE',  ( -0.000000000000000000, 0.000000000000000000, 1.000000000000000000 ) ) ;
#399 = ORIENTED_EDGE ( 'NONE', *, *, #1933, .F. ) ;
#400 = AXIS2_PLACEMENT_3D ( 'NONE', #2255, #459, #93 ) ;
#401 = PLANE ( 'NONE',  #1376 ) ;
#402 = VECTOR ( 'NONE', #637, 1000.000000000000000 ) ;
#403 = ORIENTED_EDGE ( 'NONE', *, *, #721, .T. ) ;
#404 = CARTESIAN_POINT ( 'NONE',  ( -92.44999999999998863, -5.000000000000007994, -2.999999999999999112 ) ) ;
#405 = DIRECTION ( 'NONE',  ( -1.541976423090487350E-15, 1.000000000000000000, 0.000000000000000000 ) ) ;
#406 =( GEOMETRIC_REPRESENTATION_CONTEXT ( 3 ) GLOBAL_UNCERTAINTY_ASSIGNED_CONTEXT ( ( #2469 ) ) GLOBAL_UNIT_ASSIGNED_CONTEXT ( ( #1211, #2347, #1350 ) ) REPRESENTATION_CONTEXT ( 'NONE', 'WORKASPACE' ) );
#407 = LINE ( 'NONE', #1173, #37 ) ;
#408 = CARTESIAN_POINT ( 'NONE',  ( -9.550000000000009592, 9.999999999999985789, -56.33562262423501465 ) ) ;
#409 = EDGE_LOOP ( 'NONE', ( #2477, #2318 ) ) ;
#410 = FACE_BOUND ( 'NONE', #980, .T. ) ;
#411 = ORIENTED_EDGE ( 'NONE', *, *, #1585, .T. ) ;
#412 = CARTESIAN_POINT ( 'NONE',  ( -131.4499999999999886, 14.50000000000000888, -23.00000000000003553 ) ) ;
#413 = VERTEX_POINT ( 'NONE', #1942 ) ;
#414 = DIRECTION ( 'NONE',  ( -1.000000000000000000, 0.000000000000000000, 0.000000000000000000 ) ) ;
#415 = CARTESIAN_POINT ( 'NONE',  ( -140.4499999999999886, 4.999999999999998224, 6.000000000000000000 ) ) ;
#416 = CARTESIAN_POINT ( 'NONE',  ( -55.77499999999999147, -9.250000000000000000, -4.099999999999998757 ) ) ;
#417 = LINE ( 'NONE', #992, #2022 ) ;
#418 = MANIFOLD_SOLID_BREP ( 'Dodanie-wyci¹gniêcie12', #81 ) ;
#419 = EDGE_CURVE ( 'NONE', #499, #1755, #40, .T. ) ;
#420 = CIRCLE ( 'NONE', #751, 1.750000000000001554 ) ;
#421 = ADVANCED_FACE ( 'NONE', ( #1326 ), #2497, .F. ) ;
#422 = ORIENTED_EDGE ( 'NONE', *, *, #643, .F. ) ;
#423 = VERTEX_POINT ( 'NONE', #688 ) ;
#424 = VECTOR ( 'NONE', #2505, 1000.000000000000000 ) ;
#425 = FACE_OUTER_BOUND ( 'NONE', #578, .T. ) ;
#426 = CIRCLE ( 'NONE', #801, 2.750000000000000000 ) ;
#427 = VERTEX_POINT ( 'NONE', #1734 ) ;
#428 = DIRECTION ( 'NONE',  ( -1.000000000000000000, 0.000000000000000000, 0.000000000000000000 ) ) ;
#429 = CARTESIAN_POINT ( 'NONE',  ( -95.19999999999998863, 4.999999999999992006, -2.999999999999999112 ) ) ;
#430 = FACE_OUTER_BOUND ( 'NONE', #1580, .T. ) ;
#431 = CYLINDRICAL_SURFACE ( 'NONE', #1523, 1.750000000000001554 ) ;
#432 = DIRECTION ( 'NONE',  ( -1.000000000000000000, 0.000000000000000000, 0.000000000000000000 ) ) ;
#433 = EDGE_CURVE ( 'NONE', #629, #373, #2093, .T. ) ;
#434 = VERTEX_POINT ( 'NONE', #918 ) ;
#435 = FACE_OUTER_BOUND ( 'NONE', #1270, .T. ) ;
#436 = EDGE_CURVE ( 'NONE', #852, #2405, #2247, .T. ) ;
#437 = EDGE_LOOP ( 'NONE', ( #690, #1542 ) ) ;
#438 = AXIS2_PLACEMENT_3D ( 'NONE', #1677, #2074, #2090 ) ;
#439 = DIRECTION ( 'NONE',  ( -1.000000000000000000, 2.282530889443168008E-16, 0.000000000000000000 ) ) ;
#440 = ORIENTED_EDGE ( 'NONE', *, *, #1919, .T. ) ;
#441 = CARTESIAN_POINT ( 'NONE',  ( -140.4499999999999886, -5.000000000000001776, -2.999999999999999112 ) ) ;
#442 = CARTESIAN_POINT ( 'NONE',  ( -55.77499999999999147, -5.500000000000000888, -4.099999999999998757 ) ) ;
#443 = DIRECTION ( 'NONE',  ( -0.000000000000000000, -0.000000000000000000, 1.000000000000000000 ) ) ;
#444 = DIRECTION ( 'NONE',  ( 0.000000000000000000, 0.000000000000000000, -1.000000000000000000 ) ) ;
#445 = ORIENTED_EDGE ( 'NONE', *, *, #1418, .F. ) ;
#446 = PLANE ( 'NONE',  #2390 ) ;
#447 = VECTOR ( 'NONE', #2253, 1000.000000000000000 ) ;
#448 = ORIENTED_EDGE ( 'NONE', *, *, #493, .T. ) ;
#449 = CARTESIAN_POINT ( 'NONE',  ( -136.4999999999999716, 9.500000000000003553, 6.000000000000000000 ) ) ;
#450 = ORIENTED_EDGE ( 'NONE', *, *, #244, .F. ) ;
#451 = DIRECTION ( 'NONE',  ( 0.000000000000000000, 0.000000000000000000, 1.000000000000000000 ) ) ;
#452 = ADVANCED_FACE ( 'NONE', ( #932 ), #1708, .F. ) ;
#453 = CARTESIAN_POINT ( 'NONE',  ( -60.24999999999998579, -3.850000000000000977, 6.000000000000000000 ) ) ;
#454 = EDGE_CURVE ( 'NONE', #714, #301, #710, .T. ) ;
#455 = CARTESIAN_POINT ( 'NONE',  ( -63.49999999999998579, 6.149999999999999467, -11.50000000000000000 ) ) ;
#456 = CARTESIAN_POINT ( 'NONE',  ( -79.24999999999998579, -3.849999999999999201, 10.94974746830583001 ) ) ;
#457 = ORIENTED_EDGE ( 'NONE', *, *, #642, .F. ) ;
#458 = AXIS2_PLACEMENT_3D ( 'NONE', #166, #1364, #2203 ) ;
#459 = DIRECTION ( 'NONE',  ( -0.000000000000000000, -0.000000000000000000, 1.000000000000000000 ) ) ;
#460 = EDGE_LOOP ( 'NONE', ( #2314, #2266, #1503, #257 ) ) ;
#461 = AXIS2_PLACEMENT_3D ( 'NONE', #89, #2252, #47 ) ;
#462 = CARTESIAN_POINT ( 'NONE',  ( -63.49999999999998579, -3.850000000000000977, -27.19238815542513521 ) ) ;
#463 = AXIS2_PLACEMENT_3D ( 'NONE', #349, #2358, #970 ) ;
#464 = EDGE_CURVE ( 'NONE', #211, #2087, #1114, .T. ) ;
#465 = ORIENTED_EDGE ( 'NONE', *, *, #353, .T. ) ;
#466 = DIRECTION ( 'NONE',  ( 0.000000000000000000, 0.000000000000000000, 1.000000000000000000 ) ) ;
#467 = DIRECTION ( 'NONE',  ( 0.7071067811865511255, 1.090341985197066054E-15, 0.7071067811865439090 ) ) ;
#468 = EDGE_CURVE ( 'NONE', #804, #752, #531, .T. ) ;
#469 = AXIS2_PLACEMENT_3D ( 'NONE', #757, #342, #2288 ) ;
#470 = EDGE_CURVE ( 'NONE', #1935, #1415, #1212, .T. ) ;
#471 = DIRECTION ( 'NONE',  ( -1.000000000000000000, 1.541976423090487350E-15, 0.000000000000000000 ) ) ;
#472 = CARTESIAN_POINT ( 'NONE',  ( -63.49999999999998579, -3.850000000000000977, 6.000000000000000000 ) ) ;
#473 = VERTEX_POINT ( 'NONE', #1170 ) ;
#474 = LINE ( 'NONE', #1083, #814 ) ;
#475 = ORIENTED_EDGE ( 'NONE', *, *, #1585, .F. ) ;
#476 = CARTESIAN_POINT ( 'NONE',  ( -101.4499999999999886, 19.50000000000000355, -23.00000000000002132 ) ) ;
#477 = VECTOR ( 'NONE', #516, 1000.000000000000000 ) ;
#478 = AXIS2_PLACEMENT_3D ( 'NONE', #2180, #982, #2367 ) ;
#479 = DIRECTION ( 'NONE',  ( -0.000000000000000000, -0.000000000000000000, 1.000000000000000000 ) ) ;
#480 = CARTESIAN_POINT ( 'NONE',  ( -136.4999999999999716, 9.999999999999996447, -18.00000000000000000 ) ) ;
#481 = VERTEX_POINT ( 'NONE', #2521 ) ;
#482 = DIRECTION ( 'NONE',  ( 0.000000000000000000, 0.000000000000000000, 1.000000000000000000 ) ) ;
#483 = DIRECTION ( 'NONE',  ( -0.000000000000000000, -0.000000000000000000, 1.000000000000000000 ) ) ;
#484 = AXIS2_PLACEMENT_3D ( 'NONE', #1451, #2036, #1059 ) ;
#485 = VERTEX_POINT ( 'NONE', #176 ) ;
#486 = DIRECTION ( 'NONE',  ( 0.000000000000000000, -0.000000000000000000, 1.000000000000000000 ) ) ;
#487 = VERTEX_POINT ( 'NONE', #2199 ) ;
#488 = EDGE_CURVE ( 'NONE', #895, #604, #420, .T. ) ;
#489 = AXIS2_PLACEMENT_3D ( 'NONE', #1461, #832, #1032 ) ;
#490 = CYLINDRICAL_SURFACE ( 'NONE', #2539, 1.900000000000000577 ) ;
#491 = ORIENTED_EDGE ( 'NONE', *, *, #1354, .F. ) ;
#492 = CARTESIAN_POINT ( 'NONE',  ( -55.77499999999999147, -10.00000000000000000, -2.450000000000002842 ) ) ;
#493 = EDGE_CURVE ( 'NONE', #2352, #1964, #2166, .T. ) ;
#494 = ORIENTED_EDGE ( 'NONE', *, *, #722, .T. ) ;
#495 = CARTESIAN_POINT ( 'NONE',  ( -4.499999999999998224, -10.00000000000000178, -18.00000000000000000 ) ) ;
#496 = CYLINDRICAL_SURFACE ( 'NONE', #693, 2.750000000000002665 ) ;
#497 = EDGE_LOOP ( 'NONE', ( #1716, #2218, #2053, #966 ) ) ;
#498 = CARTESIAN_POINT ( 'NONE',  ( 0.000000000000000000, 19.50000000000000355, 0.000000000000000000 ) ) ;
#499 = VERTEX_POINT ( 'NONE', #1576 ) ;
#500 = ADVANCED_FACE ( 'NONE', ( #945, #1993, #2360, #1776, #584 ), #597, .T. ) ;
#501 = EDGE_CURVE ( 'NONE', #2145, #603, #2282, .T. ) ;
#502 = AXIS2_PLACEMENT_3D ( 'NONE', #455, #1474, #1055 ) ;
#503 = CARTESIAN_POINT ( 'NONE',  ( -96.40000000000000568, -10.00000000000000178, 5.999999999999994671 ) ) ;
#504 = AXIS2_PLACEMENT_3D ( 'NONE', #327, #2309, #1129 ) ;
#505 = CIRCLE ( 'NONE', #1126, 2.750000000000002665 ) ;
#506 = PLANE ( 'NONE',  #519 ) ;
#507 = DIRECTION ( 'NONE',  ( -1.000000000000000000, -2.162996852838912610E-16, 0.000000000000000000 ) ) ;
#508 = ORIENTED_EDGE ( 'NONE', *, *, #2172, .T. ) ;
#509 = PLANE ( 'NONE',  #2351 ) ;
#510 = LINE ( 'NONE', #1328, #1291 ) ;
#511 = CARTESIAN_POINT ( 'NONE',  ( -140.4499999999999886, 4.999999999999998224, -2.999999999999999112 ) ) ;
#512 = ORIENTED_EDGE ( 'NONE', *, *, #2336, .T. ) ;
#513 = ADVANCED_FACE ( 'NONE', ( #1591 ), #205, .T. ) ;
#514 = EDGE_CURVE ( 'NONE', #1008, #1598, #2408, .T. ) ;
#515 = ORIENTED_EDGE ( 'NONE', *, *, #343, .F. ) ;
#516 = DIRECTION ( 'NONE',  ( 1.541976423090487350E-15, 1.000000000000000000, 0.000000000000000000 ) ) ;
#517 = CIRCLE ( 'NONE', #2139, 3.549999999999997602 ) ;
#518 = CARTESIAN_POINT ( 'NONE',  ( -55.77499999999999147, -5.500000000000000888, -7.900000000000000355 ) ) ;
#519 = AXIS2_PLACEMENT_3D ( 'NONE', #967, #2279, #2102 ) ;
#520 = ORIENTED_EDGE ( 'NONE', *, *, #1013, .F. ) ;
#521 = DIRECTION ( 'NONE',  ( 0.000000000000000000, 0.000000000000000000, 1.000000000000000000 ) ) ;
#522 = CARTESIAN_POINT ( 'NONE',  ( -39.54999999999999716, 19.50000000000000355, -23.00000000000002132 ) ) ;
#523 = DIRECTION ( 'NONE',  ( 7.228014483236695816E-17, -1.000000000000000000, 0.000000000000000000 ) ) ;
#524 = CARTESIAN_POINT ( 'NONE',  ( -136.4499999999999602, 19.50000000000000355, -18.00000000000000000 ) ) ;
#525 = EDGE_CURVE ( 'NONE', #1415, #1935, #1334, .T. ) ;
#526 = VERTEX_POINT ( 'NONE', #2562 ) ;
#527 = FACE_BOUND ( 'NONE', #940, .T. ) ;
#528 = CIRCLE ( 'NONE', #2308, 2.750000000000002665 ) ;
#529 = CARTESIAN_POINT ( 'NONE',  ( -65.24999999999998579, -3.850000000000000977, 10.94974746830583001 ) ) ;
#530 = ORIENTED_EDGE ( 'NONE', *, *, #433, .T. ) ;
#531 = LINE ( 'NONE', #1683, #625 ) ;
#532 = DIRECTION ( 'NONE',  ( -1.000000000000000000, 0.000000000000000000, -0.000000000000000000 ) ) ;
#533 = EDGE_CURVE ( 'NONE', #897, #67, #1210, .T. ) ;
#534 = DIRECTION ( 'NONE',  ( -0.000000000000000000, -0.000000000000000000, 1.000000000000000000 ) ) ;
#535 = FACE_OUTER_BOUND ( 'NONE', #2040, .T. ) ;
#536 = ORIENTED_EDGE ( 'NONE', *, *, #2305, .F. ) ;
#537 = VERTEX_POINT ( 'NONE', #191 ) ;
#538 = CARTESIAN_POINT ( 'NONE',  ( -4.500000000000002665, 9.999999999999996447, 5.999999999999998224 ) ) ;
#539 = DIRECTION ( 'NONE',  ( -0.000000000000000000, -0.000000000000000000, 1.000000000000000000 ) ) ;
#540 = VECTOR ( 'NONE', #2046, 1000.000000000000000 ) ;
#541 = EDGE_CURVE ( 'NONE', #641, #604, #1562, .T. ) ;
#542 = VECTOR ( 'NONE', #1837, 1000.000000000000000 ) ;
#543 = AXIS2_PLACEMENT_3D ( 'NONE', #784, #1566, #2363 ) ;
#544 = ORIENTED_EDGE ( 'NONE', *, *, #1899, .T. ) ;
#545 =( NAMED_UNIT ( * ) SI_UNIT ( $, .STERADIAN. ) SOLID_ANGLE_UNIT ( ) );
#546 = CARTESIAN_POINT ( 'NONE',  ( -55.77499999999999147, -9.250000000000000000, -6.000000000000000000 ) ) ;
#547 = AXIS2_PLACEMENT_3D ( 'NONE', #259, #467, #1262 ) ;
#548 = EDGE_CURVE ( 'NONE', #1598, #664, #2375, .T. ) ;
#549 = DIRECTION ( 'NONE',  ( -1.000000000000000000, 0.000000000000000000, 0.000000000000000000 ) ) ;
#550 = PLANE ( 'NONE',  #1012 ) ;
#551 = ORIENTED_EDGE ( 'NONE', *, *, #894, .F. ) ;
#552 = CIRCLE ( 'NONE', #1924, 1.750000000000001554 ) ;
#553 = ORIENTED_EDGE ( 'NONE', *, *, #2558, .T. ) ;
#554 = FACE_OUTER_BOUND ( 'NONE', #1216, .T. ) ;
#555 = ORIENTED_EDGE ( 'NONE', *, *, #1997, .T. ) ;
#556 = DIRECTION ( 'NONE',  ( -1.000000000000000000, 0.000000000000000000, 0.000000000000000000 ) ) ;
#557 = ORIENTED_EDGE ( 'NONE', *, *, #951, .F. ) ;
#558 = CARTESIAN_POINT ( 'NONE',  ( -44.54999999999999005, -10.00000000000000000, 13.50000000000001243 ) ) ;
#559 = VECTOR ( 'NONE', #708, 1000.000000000000000 ) ;
#560 = CARTESIAN_POINT ( 'NONE',  ( -63.49999999999998579, -3.850000000000000977, -11.50000000000000000 ) ) ;
#561 = CARTESIAN_POINT ( 'NONE',  ( -9.549999999999997158, -40.41381265149107804, -25.99999999999998934 ) ) ;
#562 = ORIENTED_EDGE ( 'NONE', *, *, #655, .T. ) ;
#563 = EDGE_LOOP ( 'NONE', ( #1494, #761, #1427, #1000 ) ) ;
#564 = CARTESIAN_POINT ( 'NONE',  ( -51.29999999999999716, 4.999999999999992006, -2.999999999999999112 ) ) ;
#565 = CARTESIAN_POINT ( 'NONE',  ( -55.77499999999999147, -10.00000000000000000, -6.000000000000000000 ) ) ;
#566 = EDGE_CURVE ( 'NONE', #526, #434, #2188, .T. ) ;
#567 = ORIENTED_EDGE ( 'NONE', *, *, #325, .F. ) ;
#568 = VECTOR ( 'NONE', #2163, 1000.000000000000000 ) ;
#569 = CARTESIAN_POINT ( 'NONE',  ( -55.77499999999999147, -5.500000000000000888, -6.000000000000000000 ) ) ;
#570 = EDGE_LOOP ( 'NONE', ( #445, #1135, #1025, #1944 ) ) ;
#571 = CIRCLE ( 'NONE', #1787, 1.750000000000001554 ) ;
#572 = CARTESIAN_POINT ( 'NONE',  ( -63.49999999999998579, -3.850000000000000977, -18.00000000000000000 ) ) ;
#573 = DIRECTION ( 'NONE',  ( 1.000000000000000000, 0.000000000000000000, 0.000000000000000000 ) ) ;
#574 = EDGE_CURVE ( 'NONE', #847, #718, #296, .T. ) ;
#575 = CARTESIAN_POINT ( 'NONE',  ( -45.79999999999999005, 4.999999999999992006, -2.999999999999999112 ) ) ;
#576 = DIRECTION ( 'NONE',  ( 0.000000000000000000, 0.000000000000000000, 1.000000000000000000 ) ) ;
#577 = ORIENTED_EDGE ( 'NONE', *, *, #2032, .T. ) ;
#578 = EDGE_LOOP ( 'NONE', ( #1156, #2105, #923, #448 ) ) ;
#579 = EDGE_CURVE ( 'NONE', #350, #719, #913, .T. ) ;
#580 = LINE ( 'NONE', #788, #1600 ) ;
#581 = ORIENTED_EDGE ( 'NONE', *, *, #1150, .F. ) ;
#582 = CARTESIAN_POINT ( 'NONE',  ( -74.24999999999998579, 6.150000000000000355, -27.19238815542513521 ) ) ;
#583 = ORIENTED_EDGE ( 'NONE', *, *, #1029, .T. ) ;
#584 = FACE_OUTER_BOUND ( 'NONE', #1390, .T. ) ;
#585 = CARTESIAN_POINT ( 'NONE',  ( -96.45000000000003126, 9.999999999999987566, -18.00000000000000000 ) ) ;
#586 = AXIS2_PLACEMENT_3D ( 'NONE', #891, #122, #1901 ) ;
#587 = FACE_OUTER_BOUND ( 'NONE', #937, .T. ) ;
#588 = CIRCLE ( 'NONE', #2171, 3.550000000000002931 ) ;
#589 = CARTESIAN_POINT ( 'NONE',  ( -143.1999999999999886, -5.000000000000001776, -2.999999999999999112 ) ) ;
#590 = ORIENTED_EDGE ( 'NONE', *, *, #436, .F. ) ;
#591 = CARTESIAN_POINT ( 'NONE',  ( -0.5499999999999949374, -5.000000000000001776, 6.000000000000000000 ) ) ;
#592 = DIRECTION ( 'NONE',  ( 1.000000000000000000, 0.000000000000000000, 0.000000000000000000 ) ) ;
#593 = ORIENTED_EDGE ( 'NONE', *, *, #974, .F. ) ;
#594 = EDGE_CURVE ( 'NONE', #2512, #2503, #2388, .T. ) ;
#595 = DIRECTION ( 'NONE',  ( -3.558407130208838201E-16, -1.000000000000000000, 0.000000000000000000 ) ) ;
#596 = ORIENTED_EDGE ( 'NONE', *, *, #255, .T. ) ;
#597 = PLANE ( 'NONE',  #82 ) ;
#598 = CARTESIAN_POINT ( 'NONE',  ( -61.74999999999999289, 6.149999999999999467, -18.00000000000000000 ) ) ;
#599 = DIRECTION ( 'NONE',  ( -0.000000000000000000, -0.000000000000000000, 1.000000000000000000 ) ) ;
#601 = CIRCLE ( 'NONE', #310, 3.250000000000002665 ) ;
#600 = CARTESIAN_POINT ( 'NONE',  ( -145.5000000000000000, 19.50000000000000355, 6.000000000000000000 ) ) ;
#602 = CIRCLE ( 'NONE', #314, 3.250000000000002665 ) ;
#603 = VERTEX_POINT ( 'NONE', #1602 ) ;
#604 = VERTEX_POINT ( 'NONE', #608 ) ;
#605 = AXIS2_PLACEMENT_3D ( 'NONE', #2061, #62, #1048 ) ;
#606 = PLANE ( 'NONE',  #1632 ) ;
#607 = ORIENTED_EDGE ( 'NONE', *, *, #1741, .F. ) ;
#608 = CARTESIAN_POINT ( 'NONE',  ( -75.74999999999998579, 6.150000000000000355, -18.00000000000000000 ) ) ;
#609 = DIRECTION ( 'NONE',  ( -1.000000000000000000, 0.000000000000000000, -0.000000000000000000 ) ) ;
#610 = ADVANCED_FACE ( 'NONE', ( #1404 ), #2006, .F. ) ;
#611 = AXIS2_PLACEMENT_3D ( 'NONE', #1435, #48, #856 ) ;
#612 = DIRECTION ( 'NONE',  ( -0.000000000000000000, -0.000000000000000000, 1.000000000000000000 ) ) ;
#613 = CARTESIAN_POINT ( 'NONE',  ( -55.77499999999999147, -10.00000000000000000, -6.000000000000000000 ) ) ;
#614 = ORIENTED_EDGE ( 'NONE', *, *, #2168, .T. ) ;
#615 = PLANE ( 'NONE',  #1436 ) ;
#616 = ORIENTED_EDGE ( 'NONE', *, *, #454, .T. ) ;
#617 = CARTESIAN_POINT ( 'NONE',  ( -96.40000000000000568, -10.00000000000000178, -18.00000000000000000 ) ) ;
#618 = ORIENTED_EDGE ( 'NONE', *, *, #464, .T. ) ;
#619 = DIRECTION ( 'NONE',  ( 0.000000000000000000, -1.000000000000000000, 0.000000000000000000 ) ) ;
#620 = CARTESIAN_POINT ( 'NONE',  ( -39.54999999999999716, 14.50000000000001776, -23.00000000000002132 ) ) ;
#621 = ADVANCED_FACE ( 'NONE', ( #2227 ), #1040, .F. ) ;
#622 = EDGE_CURVE ( 'NONE', #852, #423, #660, .T. ) ;
#623 = LINE ( 'NONE', #844, #540 ) ;
#624 = CYLINDRICAL_SURFACE ( 'NONE', #84, 1.750000000000001554 ) ;
#625 = VECTOR ( 'NONE', #2080, 1000.000000000000000 ) ;
#626 = EDGE_CURVE ( 'NONE', #183, #2379, #57, .T. ) ;
#627 = ORIENTED_EDGE ( 'NONE', *, *, #541, .F. ) ;
#628 = DIRECTION ( 'NONE',  ( 0.000000000000000000, 0.000000000000000000, -1.000000000000000000 ) ) ;
#629 = VERTEX_POINT ( 'NONE', #2031 ) ;
#630 = VECTOR ( 'NONE', #2517, 1000.000000000000000 ) ;
#631 = DIRECTION ( 'NONE',  ( 1.000000000000000000, 0.000000000000000000, 0.000000000000000000 ) ) ;
#632 = ORIENTED_EDGE ( 'NONE', *, *, #533, .T. ) ;
#633 = PLANE ( 'NONE',  #1393 ) ;
#634 = LINE ( 'NONE', #620, #300 ) ;
#635 = CARTESIAN_POINT ( 'NONE',  ( 0.000000000000000000, 0.000000000000000000, 0.000000000000000000 ) ) ;
#636 = CARTESIAN_POINT ( 'NONE',  ( -4.550000000000019362, 19.50000000000000355, -18.00000000000000000 ) ) ;
#637 = DIRECTION ( 'NONE',  ( -0.000000000000000000, -0.000000000000000000, -1.000000000000000000 ) ) ;
#638 = CIRCLE ( 'NONE', #2260, 2.750000000000002665 ) ;
#639 = ORIENTED_EDGE ( 'NONE', *, *, #1144, .T. ) ;
#640 = CARTESIAN_POINT ( 'NONE',  ( -77.49999999999998579, -3.849999999999999201, 10.94974746830583001 ) ) ;
#641 = VERTEX_POINT ( 'NONE', #1053 ) ;
#642 = EDGE_CURVE ( 'NONE', #719, #350, #210, .T. ) ;
#643 = EDGE_CURVE ( 'NONE', #2512, #651, #647, .T. ) ;
#644 = CARTESIAN_POINT ( 'NONE',  ( -89.69999999999998863, -5.000000000000007994, 6.000000000000000000 ) ) ;
#645 = VERTEX_POINT ( 'NONE', #2448 ) ;
#646 = CARTESIAN_POINT ( 'NONE',  ( -136.4999999999999716, -10.00000000000000178, -18.00000000000000000 ) ) ;
#647 = LINE ( 'NONE', #864, #542 ) ;
#648 =( NAMED_UNIT ( * ) SI_UNIT ( $, .STERADIAN. ) SOLID_ANGLE_UNIT ( ) );
#649 = CARTESIAN_POINT ( 'NONE',  ( -89.69999999999998863, -5.000000000000007994, -2.999999999999999112 ) ) ;
#650 = CARTESIAN_POINT ( 'NONE',  ( -136.4999999999999716, -9.499999999999996447, -18.00000000000000000 ) ) ;
#651 = VERTEX_POINT ( 'NONE', #854 ) ;
#652 = PLANE ( 'NONE',  #1397 ) ;
#653 = AXIS2_PLACEMENT_3D ( 'NONE', #1577, #177, #976 ) ;
#654 = ORIENTED_EDGE ( 'NONE', *, *, #1473, .F. ) ;
#655 = EDGE_CURVE ( 'NONE', #1348, #423, #2002, .T. ) ;
#656 = DIRECTION ( 'NONE',  ( -0.000000000000000000, -1.000000000000000000, -0.000000000000000000 ) ) ;
#657 = EDGE_CURVE ( 'NONE', #641, #2167, #2003, .T. ) ;
#658 = ORIENTED_EDGE ( 'NONE', *, *, #1408, .F. ) ;
#659 = LINE ( 'NONE', #2249, #1773 ) ;
#660 = LINE ( 'NONE', #429, #1588 ) ;
#661 = EDGE_CURVE ( 'NONE', #67, #1575, #634, .T. ) ;
#662 = CARTESIAN_POINT ( 'NONE',  ( -80.74999999999998579, 6.150000000000000355, 6.000000000000000000 ) ) ;
#663 = CARTESIAN_POINT ( 'NONE',  ( -39.54999999999999005, 9.999999999999989342, -25.99999999999998934 ) ) ;
#664 = VERTEX_POINT ( 'NONE', #453 ) ;
#665 = VECTOR ( 'NONE', #289, 1000.000000000000000 ) ;
#666 = CARTESIAN_POINT ( 'NONE',  ( -77.49999999999998579, -3.849999999999999201, 10.94974746830583001 ) ) ;
#667 = ORIENTED_EDGE ( 'NONE', *, *, #80, .T. ) ;
#668 = AXIS2_PLACEMENT_3D ( 'NONE', #2402, #59, #2057 ) ;
#669 = LINE ( 'NONE', #283, #2297 ) ;
#670 = AXIS2_PLACEMENT_3D ( 'NONE', #1361, #2173, #1347 ) ;
#671 = EDGE_LOOP ( 'NONE', ( #2366, #654 ) ) ;
#672 = LINE ( 'NONE', #2400, #2056 ) ;
#673 = DIRECTION ( 'NONE',  ( 1.000000000000000000, 0.000000000000000000, 0.000000000000000000 ) ) ;
#674 = SHAPE_DEFINITION_REPRESENTATION ( #132, #198 ) ;
#675 = AXIS2_PLACEMENT_3D ( 'NONE', #1723, #126, #2487 ) ;
#676 = LINE ( 'NONE', #1912, #1168 ) ;
#677 = DIRECTION ( 'NONE',  ( 0.000000000000000000, 0.000000000000000000, -1.000000000000000000 ) ) ;
#678 = EDGE_LOOP ( 'NONE', ( #551, #2554 ) ) ;
#679 = DIRECTION ( 'NONE',  ( -2.282530889443168008E-16, 1.000000000000000000, 0.000000000000000000 ) ) ;
#680 = ORIENTED_EDGE ( 'NONE', *, *, #1388, .T. ) ;
#681 = FACE_OUTER_BOUND ( 'NONE', #2289, .T. ) ;
#682 = VECTOR ( 'NONE', #1881, 1000.000000000000000 ) ;
#683 = EDGE_CURVE ( 'NONE', #1124, #2000, #1027, .T. ) ;
#684 = LINE ( 'NONE', #323, #2500 ) ;
#685 = CYLINDRICAL_SURFACE ( 'NONE', #86, 1.900000000000000577 ) ;
#686 = EDGE_LOOP ( 'NONE', ( #2432, #1639, #1844, #2295 ) ) ;
#687 = ADVANCED_FACE ( 'NONE', ( #1825 ), #1017, .T. ) ;
#688 = CARTESIAN_POINT ( 'NONE',  ( -95.19999999999998863, 4.999999999999992006, 6.000000000000000000 ) ) ;
#689 = DIRECTION ( 'NONE',  ( 0.000000000000000000, 0.000000000000000000, 1.000000000000000000 ) ) ;
#690 = ORIENTED_EDGE ( 'NONE', *, *, #2273, .F. ) ;
#691 = DIRECTION ( 'NONE',  ( -1.000000000000000000, 0.000000000000000000, 0.000000000000000000 ) ) ;
#692 = ORIENTED_EDGE ( 'NONE', *, *, #1423, .F. ) ;
#693 = AXIS2_PLACEMENT_3D ( 'NONE', #919, #1339, #1913 ) ;
#694 = PLANE ( 'NONE',  #2095 ) ;
#695 = EDGE_LOOP ( 'NONE', ( #520, #748 ) ) ;
#696 = COLOUR_RGB ( '',0.000000000000000000, 1.000000000000000000, 0.000000000000000000 ) ;
#697 = DIRECTION ( 'NONE',  ( -0.000000000000000000, -0.000000000000000000, -1.000000000000000000 ) ) ;
#698 = DIRECTION ( 'NONE',  ( -0.000000000000000000, -0.000000000000000000, 1.000000000000000000 ) ) ;
#699 = EDGE_LOOP ( 'NONE', ( #1355, #2462 ) ) ;
#700 = EDGE_CURVE ( 'NONE', #485, #88, #2324, .T. ) ;
#701 = CARTESIAN_POINT ( 'NONE',  ( -61.74999999999999289, -3.850000000000000977, 10.94974746830583001 ) ) ;
#702 = CARTESIAN_POINT ( 'NONE',  ( -60.24999999999998579, 6.149999999999999467, -11.50000000000000000 ) ) ;
#703 = EDGE_CURVE ( 'NONE', #1385, #67, #2250, .T. ) ;
#704 = ORIENTED_EDGE ( 'NONE', *, *, #533, .F. ) ;
#705 = CARTESIAN_POINT ( 'NONE',  ( -131.4499999999999886, 9.999999999999996447, -25.99999999999998934 ) ) ;
#706 = ORIENTED_EDGE ( 'NONE', *, *, #419, .T. ) ;
#707 = EDGE_CURVE ( 'NONE', #1343, #2464, #1545, .T. ) ;
#708 = DIRECTION ( 'NONE',  ( -0.000000000000000000, -1.000000000000000000, -0.000000000000000000 ) ) ;
#709 = EDGE_LOOP ( 'NONE', ( #1835, #173, #544, #143 ) ) ;
#710 = CIRCLE ( 'NONE', #504, 1.900000000000000577 ) ;
#711 = AXIS2_PLACEMENT_3D ( 'NONE', #1667, #233, #673 ) ;
#712 = CARTESIAN_POINT ( 'NONE',  ( -55.77499999999999147, -9.250000000000000000, -6.000000000000000000 ) ) ;
#713 = ADVANCED_FACE ( 'NONE', ( #1641 ), #829, .F. ) ;
#714 = VERTEX_POINT ( 'NONE', #442 ) ;
#715 = CARTESIAN_POINT ( 'NONE',  ( -140.4499999999999886, 4.999999999999998224, -2.999999999999999112 ) ) ;
#716 = EDGE_LOOP ( 'NONE', ( #1382, #981, #2501, #1873 ) ) ;
#717 = CARTESIAN_POINT ( 'NONE',  ( -4.499999999999998224, -10.00000000000000178, 6.000000000000000000 ) ) ;
#718 = VERTEX_POINT ( 'NONE', #1238 ) ;
#719 = VERTEX_POINT ( 'NONE', #1848 ) ;
#720 = CYLINDRICAL_SURFACE ( 'NONE', #227, 2.750000000000002665 ) ;
#721 = EDGE_CURVE ( 'NONE', #2067, #251, #2055, .T. ) ;
#722 = EDGE_CURVE ( 'NONE', #2459, #537, #1862, .T. ) ;
#723 = CIRCLE ( 'NONE', #2184, 1.900000000000000577 ) ;
#724 = CARTESIAN_POINT ( 'NONE',  ( -39.54999999999999005, 9.999999999999989342, -25.99999999999998934 ) ) ;
#725 = AXIS2_PLACEMENT_3D ( 'NONE', #2029, #30, #1847 ) ;
#726 = ORIENTED_EDGE ( 'NONE', *, *, #1827, .T. ) ;
#727 = DIRECTION ( 'NONE',  ( -0.000000000000000000, -0.000000000000000000, -1.000000000000000000 ) ) ;
#728 = LINE ( 'NONE', #522, #1738 ) ;
#729 = AXIS2_PLACEMENT_3D ( 'NONE', #640, #1284, #252 ) ;
#730 = LINE ( 'NONE', #2312, #750 ) ;
#731 = DIRECTION ( 'NONE',  ( 0.000000000000000000, 0.000000000000000000, 1.000000000000000000 ) ) ;
#732 = CIRCLE ( 'NONE', #1863, 3.250000000000002665 ) ;
#733 = ORIENTED_EDGE ( 'NONE', *, *, #1116, .F. ) ;
#734 = ORIENTED_EDGE ( 'NONE', *, *, #2458, .T. ) ;
#735 = EDGE_CURVE ( 'NONE', #413, #2242, #2285, .T. ) ;
#736 = DIRECTION ( 'NONE',  ( 1.000000000000000000, 1.541976423090487350E-15, 0.000000000000000000 ) ) ;
#737 = CIRCLE ( 'NONE', #1989, 1.750000000000001554 ) ;
#738 = EDGE_CURVE ( 'NONE', #1733, #79, #588, .T. ) ;
#739 = DIRECTION ( 'NONE',  ( -0.000000000000000000, -0.000000000000000000, -1.000000000000000000 ) ) ;
#740 = VERTEX_POINT ( 'NONE', #929 ) ;
#741 = FACE_OUTER_BOUND ( 'NONE', #1906, .T. ) ;
#742 = DIRECTION ( 'NONE',  ( 0.000000000000000000, -0.000000000000000000, -1.000000000000000000 ) ) ;
#743 = CARTESIAN_POINT ( 'NONE',  ( -39.54999999999999005, 9.999999999999994671, -23.00000000000002132 ) ) ;
#744 = LINE ( 'NONE', #2502, #91 ) ;
#745 = ORIENTED_EDGE ( 'NONE', *, *, #1456, .T. ) ;
#746 = EDGE_LOOP ( 'NONE', ( #2028, #1258, #1519, #1846 ) ) ;
#747 = CARTESIAN_POINT ( 'NONE',  ( -51.29999999999999716, 4.999999999999992006, 6.000000000000000000 ) ) ;
#748 = ORIENTED_EDGE ( 'NONE', *, *, #2348, .F. ) ;
#749 = DIRECTION ( 'NONE',  ( -0.000000000000000000, -0.000000000000000000, -1.000000000000000000 ) ) ;
#750 = VECTOR ( 'NONE', #935, 1000.000000000000000 ) ;
#751 = AXIS2_PLACEMENT_3D ( 'NONE', #975, #2160, #1790 ) ;
#752 = VERTEX_POINT ( 'NONE', #2268 ) ;
#753 = CARTESIAN_POINT ( 'NONE',  ( -0.5499999999999949374, 4.999999999999998224, -2.999999999999999112 ) ) ;
#754 = FACE_OUTER_BOUND ( 'NONE', #678, .T. ) ;
#755 = CIRCLE ( 'NONE', #2527, 1.750000000000001554 ) ;
#756 = VERTEX_POINT ( 'NONE', #1681 ) ;
#757 = CARTESIAN_POINT ( 'NONE',  ( -140.4499999999999886, -5.000000000000001776, 6.000000000000000000 ) ) ;
#758 = EDGE_LOOP ( 'NONE', ( #890, #562 ) ) ;
#759 = ORIENTED_EDGE ( 'NONE', *, *, #703, .T. ) ;
#760 = DIRECTION ( 'NONE',  ( 0.000000000000000000, 0.000000000000000000, 1.000000000000000000 ) ) ;
#761 = ORIENTED_EDGE ( 'NONE', *, *, #1101, .T. ) ;
#762 = CARTESIAN_POINT ( 'NONE',  ( -48.54999999999999716, 4.999999999999992006, -2.999999999999999112 ) ) ;
#763 = ADVANCED_FACE ( 'NONE', ( #286 ), #313, .F. ) ;
#764 = EDGE_LOOP ( 'NONE', ( #1687, #1938, #779, #596 ) ) ;
#765 = DIRECTION ( 'NONE',  ( 0.000000000000000000, 0.000000000000000000, 1.000000000000000000 ) ) ;
#766 = DIRECTION ( 'NONE',  ( -0.000000000000000000, 1.000000000000000000, -0.000000000000000000 ) ) ;
#767 = CIRCLE ( 'NONE', #2224, 1.900000000000000577 ) ;
#768 = EDGE_CURVE ( 'NONE', #2387, #719, #324, .T. ) ;
#769 = LINE ( 'NONE', #195, #1251 ) ;
#770 = FACE_OUTER_BOUND ( 'NONE', #2407, .T. ) ;
#771 = ADVANCED_FACE ( 'NONE', ( #1694 ), #2467, .F. ) ;
#772 = ORIENTED_EDGE ( 'NONE', *, *, #297, .T. ) ;
#773 = EDGE_LOOP ( 'NONE', ( #1743, #745, #354, #2528 ) ) ;
#774 = LINE ( 'NONE', #2466, #1728 ) ;
#775 = CARTESIAN_POINT ( 'NONE',  ( -80.74999999999998579, -3.849999999999998757, 6.000000000000000000 ) ) ;
#776 = ORIENTED_EDGE ( 'NONE', *, *, #309, .T. ) ;
#777 = VECTOR ( 'NONE', #576, 1000.000000000000000 ) ;
#778 = DIRECTION ( 'NONE',  ( -2.282530889443168501E-16, 1.000000000000000000, -0.000000000000000000 ) ) ;
#779 = ORIENTED_EDGE ( 'NONE', *, *, #2372, .T. ) ;
#780 = VECTOR ( 'NONE', #317, 1000.000000000000000 ) ;
#781 = DIRECTION ( 'NONE',  ( -0.000000000000000000, -0.000000000000000000, -1.000000000000000000 ) ) ;
#782 = DIRECTION ( 'NONE',  ( -1.000000000000000000, 0.000000000000000000, 0.000000000000000000 ) ) ;
#783 = DIRECTION ( 'NONE',  ( 1.000000000000000000, 0.000000000000000000, 0.000000000000000000 ) ) ;
#784 = CARTESIAN_POINT ( 'NONE',  ( 0.000000000000000000, 0.000000000000000000, -18.00000000000000000 ) ) ;
#785 = ORIENTED_EDGE ( 'NONE', *, *, #1166, .F. ) ;
#786 = EDGE_CURVE ( 'NONE', #1438, #2516, #106, .T. ) ;
#787 = VERTEX_POINT ( 'NONE', #902 ) ;
#788 = CARTESIAN_POINT ( 'NONE',  ( -101.4499999999999886, 14.50000000000001776, -23.00000000000002132 ) ) ;
#789 = ORIENTED_EDGE ( 'NONE', *, *, #228, .F. ) ;
#790 = LINE ( 'NONE', #2546, #835 ) ;
#791 = VECTOR ( 'NONE', #2228, 1000.000000000000000 ) ;
#792 = ORIENTED_EDGE ( 'NONE', *, *, #1449, .T. ) ;
#793 = DIRECTION ( 'NONE',  ( -0.000000000000000000, -0.000000000000000000, 1.000000000000000000 ) ) ;
#794 = CARTESIAN_POINT ( 'NONE',  ( -3.299999999999994937, -5.000000000000001776, 6.000000000000000000 ) ) ;
#795 = LINE ( 'NONE', #21, #1958 ) ;
#796 = VECTOR ( 'NONE', #1951, 1000.000000000000000 ) ;
#797 = PLANE ( 'NONE',  #2344 ) ;
#798 = ORIENTED_EDGE ( 'NONE', *, *, #1054, .F. ) ;
#799 = FACE_OUTER_BOUND ( 'NONE', #838, .T. ) ;
#800 = ORIENTED_EDGE ( 'NONE', *, *, #2490, .F. ) ;
#801 = AXIS2_PLACEMENT_3D ( 'NONE', #1147, #1502, #152 ) ;
#802 = CARTESIAN_POINT ( 'NONE',  ( -140.4499999999999886, 4.999999999999998224, -2.999999999999999112 ) ) ;
#803 = ADVANCED_FACE ( 'NONE', ( #2457 ), #685, .F. ) ;
#804 = VERTEX_POINT ( 'NONE', #85 ) ;
#805 = DIRECTION ( 'NONE',  ( 0.000000000000000000, 0.000000000000000000, 1.000000000000000000 ) ) ;
#806 = PLANE ( 'NONE',  #1069 ) ;
#807 = DIRECTION ( 'NONE',  ( -0.000000000000000000, -0.000000000000000000, 1.000000000000000000 ) ) ;
#808 = CARTESIAN_POINT ( 'NONE',  ( -79.24999999999998579, 6.150000000000000355, 10.94974746830583001 ) ) ;
#809 = CIRCLE ( 'NONE', #2541, 3.550000000000002931 ) ;
#810 = ORIENTED_EDGE ( 'NONE', *, *, #27, .F. ) ;
#811 = DIRECTION ( 'NONE',  ( 0.000000000000000000, -1.000000000000000000, 0.000000000000000000 ) ) ;
#812 = ORIENTED_EDGE ( 'NONE', *, *, #2304, .T. ) ;
#813 = EDGE_CURVE ( 'NONE', #1190, #752, #1496, .T. ) ;
#814 = VECTOR ( 'NONE', #848, 1000.000000000000000 ) ;
#815 = CARTESIAN_POINT ( 'NONE',  ( -44.54999999999999005, -10.00000000000000000, 13.50000000000001243 ) ) ;
#816 = EDGE_CURVE ( 'NONE', #2397, #2512, #1731, .T. ) ;
#817 = EDGE_LOOP ( 'NONE', ( #1652, #616 ) ) ;
#818 = CARTESIAN_POINT ( 'NONE',  ( -44.59999999999998721, -10.00000000000000178, -18.00000000000000000 ) ) ;
#819 = DIRECTION ( 'NONE',  ( 1.000000000000000000, 0.000000000000000000, 0.000000000000000000 ) ) ;
#820 = VECTOR ( 'NONE', #2272, 1000.000000000000000 ) ;
#821 = CARTESIAN_POINT ( 'NONE',  ( -77.49999999999998579, 6.150000000000000355, -11.50000000000000000 ) ) ;
#822 = DIRECTION ( 'NONE',  ( -0.000000000000000000, -1.000000000000000000, -0.000000000000000000 ) ) ;
#823 = EDGE_LOOP ( 'NONE', ( #2524, #16, #330, #1035 ) ) ;
#824 = CARTESIAN_POINT ( 'NONE',  ( 0.000000000000000000, 0.000000000000000000, -11.50000000000000000 ) ) ;
#825 = ORIENTED_EDGE ( 'NONE', *, *, #2045, .F. ) ;
#826 = CARTESIAN_POINT ( 'NONE',  ( -55.77499999999999147, -10.00000000000000000, -9.549999999999997158 ) ) ;
#827 = ORIENTED_EDGE ( 'NONE', *, *, #2043, .T. ) ;
#828 = LINE ( 'NONE', #1653, #2423 ) ;
#829 = PLANE ( 'NONE',  #547 ) ;
#830 = CIRCLE ( 'NONE', #1120, 3.250000000000002665 ) ;
#831 = DIRECTION ( 'NONE',  ( -0.7071067811865433539, 0.000000000000000000, -0.7071067811865516806 ) ) ;
#832 = DIRECTION ( 'NONE',  ( 0.000000000000000000, 0.000000000000000000, 1.000000000000000000 ) ) ;
#833 = AXIS2_PLACEMENT_3D ( 'NONE', #1658, #471, #1263 ) ;
#834 = EDGE_CURVE ( 'NONE', #1701, #386, #755, .T. ) ;
#835 = VECTOR ( 'NONE', #778, 1000.000000000000000 ) ;
#836 = ORIENTED_EDGE ( 'NONE', *, *, #951, .T. ) ;
#837 = LINE ( 'NONE', #1857, #1145 ) ;
#838 = EDGE_LOOP ( 'NONE', ( #133, #358, #900, #1402, #1141, #1117 ) ) ;
#839 = AXIS2_PLACEMENT_3D ( 'NONE', #462, #2014, #268 ) ;
#840 = FACE_OUTER_BOUND ( 'NONE', #1714, .T. ) ;
#841 = ORIENTED_EDGE ( 'NONE', *, *, #925, .F. ) ;
#842 = DIRECTION ( 'NONE',  ( 1.000000000000000000, 0.000000000000000000, 0.000000000000000000 ) ) ;
#843 = DIRECTION ( 'NONE',  ( 0.000000000000000000, 0.000000000000000000, -1.000000000000000000 ) ) ;
#844 = CARTESIAN_POINT ( 'NONE',  ( -85.22499999999998010, -5.500000000000000888, -4.099999999999998757 ) ) ;
#845 = CARTESIAN_POINT ( 'NONE',  ( -0.5499999999999949374, -5.000000000000001776, 6.000000000000000000 ) ) ;
#846 = EDGE_CURVE ( 'NONE', #13, #1051, #1255, .T. ) ;
#847 = VERTEX_POINT ( 'NONE', #2294 ) ;
#848 = DIRECTION ( 'NONE',  ( 1.541976423090487350E-15, -1.000000000000000000, 0.000000000000000000 ) ) ;
#849 = EDGE_LOOP ( 'NONE', ( #321, #2237 ) ) ;
#850 = AXIS2_PLACEMENT_3D ( 'NONE', #591, #2380, #2207 ) ;
#851 = CARTESIAN_POINT ( 'NONE',  ( -85.22499999999998010, -9.250000000000000000, -2.449999999999996625 ) ) ;
#852 = VERTEX_POINT ( 'NONE', #2317 ) ;
#853 = CARTESIAN_POINT ( 'NONE',  ( -145.5000000000000000, -10.00000000000000178, -18.00000000000000000 ) ) ;
#854 = CARTESIAN_POINT ( 'NONE',  ( -131.4499999999999886, -10.00000000000000178, -30.99999999999998934 ) ) ;
#855 = DIRECTION ( 'NONE',  ( -1.000000000000000000, 0.000000000000000000, 0.000000000000000000 ) ) ;
#856 = DIRECTION ( 'NONE',  ( -1.000000000000000000, 0.000000000000000000, 0.000000000000000000 ) ) ;
#857 = AXIS2_PLACEMENT_3D ( 'NONE', #715, #1928, #1303 ) ;
#858 = ORIENTED_EDGE ( 'NONE', *, *, #683, .F. ) ;
#859 = CYLINDRICAL_SURFACE ( 'NONE', #277, 1.750000000000001554 ) ;
#860 = ORIENTED_EDGE ( 'NONE', *, *, #19, .F. ) ;
#861 = FACE_BOUND ( 'NONE', #140, .T. ) ;
#862 = VERTEX_POINT ( 'NONE', #492 ) ;
#863 = DIRECTION ( 'NONE',  ( 0.000000000000000000, 0.000000000000000000, -1.000000000000000000 ) ) ;
#864 = CARTESIAN_POINT ( 'NONE',  ( -131.4499999999999886, 14.50000000000000888, -30.99999999999998934 ) ) ;
#865 = LINE ( 'NONE', #1644, #791 ) ;
#866 = LINE ( 'NONE', #650, #1154 ) ;
#867 = ORIENTED_EDGE ( 'NONE', *, *, #1198, .T. ) ;
#868 = CIRCLE ( 'NONE', #1414, 1.750000000000001554 ) ;
#869 = CARTESIAN_POINT ( 'NONE',  ( -9.550000000000002487, 19.50000000000000355, -23.00000000000003553 ) ) ;
#870 = EDGE_LOOP ( 'NONE', ( #356, #200, #2325, #344 ) ) ;
#871 = FACE_OUTER_BOUND ( 'NONE', #746, .T. ) ;
#872 = AXIS2_PLACEMENT_3D ( 'NONE', #1431, #843, #1814 ) ;
#873 = VERTEX_POINT ( 'NONE', #2103 ) ;
#874 = EDGE_CURVE ( 'NONE', #1190, #1362, #2076, .T. ) ;
#875 = CARTESIAN_POINT ( 'NONE',  ( -0.5499999999999949374, 4.999999999999998224, -2.999999999999999112 ) ) ;
#876 = CIRCLE ( 'NONE', #675, 3.549999999999997602 ) ;
#877 = ORIENTED_EDGE ( 'NONE', *, *, #419, .F. ) ;
#878 = CARTESIAN_POINT ( 'NONE',  ( -96.45000000000001705, 19.50000000000000355, -18.00000000000000000 ) ) ;
#879 = CARTESIAN_POINT ( 'NONE',  ( -85.22499999999998010, -9.250000000000000000, -9.550000000000002487 ) ) ;
#880 = ORIENTED_EDGE ( 'NONE', *, *, #33, .T. ) ;
#881 = FACE_OUTER_BOUND ( 'NONE', #497, .T. ) ;
#882 = ORIENTED_EDGE ( 'NONE', *, *, #834, .T. ) ;
#883 = DIRECTION ( 'NONE',  ( 0.000000000000000000, 0.000000000000000000, -1.000000000000000000 ) ) ;
#884 = AXIS2_PLACEMENT_3D ( 'NONE', #1570, #2529, #1756 ) ;
#885 = EDGE_LOOP ( 'NONE', ( #1292, #577, #1820, #399 ) ) ;
#886 = EDGE_CURVE ( 'NONE', #301, #740, #1127, .T. ) ;
#887 = DIRECTION ( 'NONE',  ( -1.000000000000000000, 0.000000000000000000, 0.000000000000000000 ) ) ;
#888 = DIRECTION ( 'NONE',  ( 1.000000000000000000, 0.000000000000000000, 0.000000000000000000 ) ) ;
#889 = ADVANCED_FACE ( 'NONE', ( #1077 ), #1910, .F. ) ;
#890 = ORIENTED_EDGE ( 'NONE', *, *, #2277, .T. ) ;
#891 = CARTESIAN_POINT ( 'NONE',  ( -48.54999999999999716, 4.999999999999992006, -2.999999999999999112 ) ) ;
#892 = CARTESIAN_POINT ( 'NONE',  ( -51.29999999999999716, -5.000000000000007994, -2.999999999999999112 ) ) ;
#893 = AXIS2_PLACEMENT_3D ( 'NONE', #1381, #2178, #1793 ) ;
#894 = EDGE_CURVE ( 'NONE', #2127, #183, #2485, .T. ) ;
#895 = VERTEX_POINT ( 'NONE', #2494 ) ;
#896 = FACE_BOUND ( 'NONE', #1789, .T. ) ;
#897 = VERTEX_POINT ( 'NONE', #724 ) ;
#898 = AXIS2_PLACEMENT_3D ( 'NONE', #164, #2376, #782 ) ;
#899 = CARTESIAN_POINT ( 'NONE',  ( -53.59999999999999432, -10.00000000000000178, -18.00000000000000000 ) ) ;
#900 = ORIENTED_EDGE ( 'NONE', *, *, #643, .T. ) ;
#901 = DIRECTION ( 'NONE',  ( 1.000000000000000000, 0.000000000000000000, 0.000000000000000000 ) ) ;
#902 = CARTESIAN_POINT ( 'NONE',  ( -44.59999999999998721, -10.00000000000000178, 5.999999999999994671 ) ) ;
#903 = EDGE_LOOP ( 'NONE', ( #618, #2140, #1136, #2506 ) ) ;
#904 = CARTESIAN_POINT ( 'NONE',  ( -85.22499999999998010, -5.500000000000000888, -6.000000000000000000 ) ) ;
#905 = CARTESIAN_POINT ( 'NONE',  ( -65.24999999999998579, -3.850000000000000977, -11.50000000000000000 ) ) ;
#906 = FACE_OUTER_BOUND ( 'NONE', #773, .T. ) ;
#907 = LINE ( 'NONE', #2300, #1679 ) ;
#908 = ADVANCED_FACE ( 'NONE', ( #1522 ), #1324, .F. ) ;
#909 = EDGE_CURVE ( 'NONE', #39, #911, #1140, .T. ) ;
#910 = VECTOR ( 'NONE', #2162, 1000.000000000000000 ) ;
#911 = VERTEX_POINT ( 'NONE', #1939 ) ;
#912 = DIRECTION ( 'NONE',  ( 0.000000000000000000, 0.000000000000000000, -1.000000000000000000 ) ) ;
#913 = CIRCLE ( 'NONE', #2365, 1.750000000000001554 ) ;
#914 = AXIS2_PLACEMENT_3D ( 'NONE', #1761, #986, #2186 ) ;
#915 = CARTESIAN_POINT ( 'NONE',  ( -77.49999999999998579, 6.150000000000000355, 6.000000000000000000 ) ) ;
#916 = DIRECTION ( 'NONE',  ( -0.000000000000000000, -0.000000000000000000, -1.000000000000000000 ) ) ;
#917 = ORIENTED_EDGE ( 'NONE', *, *, #1153, .F. ) ;
#918 = CARTESIAN_POINT ( 'NONE',  ( -136.4499999999999602, 9.999999999999996447, -18.00000000000000000 ) ) ;
#919 = CARTESIAN_POINT ( 'NONE',  ( -48.54999999999999716, -5.000000000000007994, -2.999999999999999112 ) ) ;
#920 = ADVANCED_FACE ( 'NONE', ( #159 ), #401, .T. ) ;
#921 = ORIENTED_EDGE ( 'NONE', *, *, #32, .T. ) ;
#922 = CARTESIAN_POINT ( 'NONE',  ( 2.200000000000005063, 4.999999999999998224, -2.999999999999999112 ) ) ;
#923 = ORIENTED_EDGE ( 'NONE', *, *, #1437, .T. ) ;
#924 = ADVANCED_FACE ( 'NONE', ( #203 ), #4, .F. ) ;
#925 = EDGE_CURVE ( 'NONE', #301, #714, #2044, .T. ) ;
#926 = VERTEX_POINT ( 'NONE', #954 ) ;
#927 = DIRECTION ( 'NONE',  ( 0.000000000000000000, 0.000000000000000000, -1.000000000000000000 ) ) ;
#928 = VECTOR ( 'NONE', #2368, 1000.000000000000000 ) ;
#929 = CARTESIAN_POINT ( 'NONE',  ( -55.77499999999999147, -9.250000000000000000, -7.900000000000000355 ) ) ;
#930 = AXIS2_PLACEMENT_3D ( 'NONE', #2195, #24, #2024 ) ;
#931 = ORIENTED_EDGE ( 'NONE', *, *, #874, .T. ) ;
#932 = FACE_OUTER_BOUND ( 'NONE', #716, .T. ) ;
#933 = LINE ( 'NONE', #1290, #1360 ) ;
#934 = CIRCLE ( 'NONE', #144, 2.750000000000002665 ) ;
#935 = DIRECTION ( 'NONE',  ( -7.228014483236695816E-17, -1.000000000000000000, 0.000000000000000000 ) ) ;
#936 = DIRECTION ( 'NONE',  ( -1.000000000000000000, 0.000000000000000000, 0.000000000000000000 ) ) ;
#937 = EDGE_LOOP ( 'NONE', ( #917, #2231, #291, #1256 ) ) ;
#938 = EDGE_LOOP ( 'NONE', ( #1739, #377, #397, #812 ) ) ;
#939 = CARTESIAN_POINT ( 'NONE',  ( -85.22499999999998010, -5.500000000000000888, -4.099999999999998757 ) ) ;
#940 = EDGE_LOOP ( 'NONE', ( #2099, #2359 ) ) ;
#941 = AXIS2_PLACEMENT_3D ( 'NONE', #2417, #1056, #1241 ) ;
#942 = LINE ( 'NONE', #189, #630 ) ;
#943 = EDGE_CURVE ( 'NONE', #1648, #1575, #942, .T. ) ;
#944 = ORIENTED_EDGE ( 'NONE', *, *, #493, .F. ) ;
#945 = FACE_BOUND ( 'NONE', #2004, .T. ) ;
#946 = DIRECTION ( 'NONE',  ( 1.000000000000000000, 0.000000000000000000, -0.000000000000000000 ) ) ;
#947 = CARTESIAN_POINT ( 'NONE',  ( -95.19999999999998863, -5.000000000000007994, 6.000000000000000000 ) ) ;
#948 = FACE_OUTER_BOUND ( 'NONE', #1358, .T. ) ;
#949 = ORIENTED_EDGE ( 'NONE', *, *, #1311, .T. ) ;
#950 = ORIENTED_EDGE ( 'NONE', *, *, #2277, .F. ) ;
#951 = EDGE_CURVE ( 'NONE', #1332, #1195, #2370, .T. ) ;
#952 = PLANE ( 'NONE',  #136 ) ;
#953 = VERTEX_POINT ( 'NONE', #1181 ) ;
#954 = CARTESIAN_POINT ( 'NONE',  ( -137.6999999999999886, 4.999999999999998224, -2.999999999999999112 ) ) ;
#955 = MECHANICAL_DESIGN_GEOMETRIC_PRESENTATION_REPRESENTATION (  '', ( #165 ), #1754 ) ;
#956 = EDGE_CURVE ( 'NONE', #2540, #603, #1193, .T. ) ;
#957 = AXIS2_PLACEMENT_3D ( 'NONE', #875, #698, #2116 ) ;
#958 = ADVANCED_FACE ( 'NONE', ( #1546 ), #2158, .F. ) ;
#959 = ORIENTED_EDGE ( 'NONE', *, *, #353, .F. ) ;
#960 = CARTESIAN_POINT ( 'NONE',  ( -75.74999999999998579, 6.150000000000000355, 10.94974746830583001 ) ) ;
#961 = CARTESIAN_POINT ( 'NONE',  ( -77.49999999999998579, -3.849999999999999201, -18.00000000000000000 ) ) ;
#962 = CIRCLE ( 'NONE', #2286, 3.250000000000002665 ) ;
#963 = DIRECTION ( 'NONE',  ( -1.000000000000000000, 0.000000000000000000, 0.000000000000000000 ) ) ;
#964 = CARTESIAN_POINT ( 'NONE',  ( -79.24999999999998579, 6.150000000000000355, -11.50000000000000000 ) ) ;
#965 = ORIENTED_EDGE ( 'NONE', *, *, #312, .T. ) ;
#966 = ORIENTED_EDGE ( 'NONE', *, *, #2455, .T. ) ;
#967 = CARTESIAN_POINT ( 'NONE',  ( -55.77499999999999147, -5.500000000000000888, -6.000000000000000000 ) ) ;
#968 = CYLINDRICAL_SURFACE ( 'NONE', #1182, 3.250000000000002665 ) ;
#969 = ORIENTED_EDGE ( 'NONE', *, *, #2108, .F. ) ;
#970 = DIRECTION ( 'NONE',  ( 2.282530889443168501E-16, -1.000000000000000000, 0.000000000000000000 ) ) ;
#971 = EDGE_CURVE ( 'NONE', #1112, #651, #1155, .T. ) ;
#972 = AXIS2_PLACEMENT_3D ( 'NONE', #1493, #1087, #1480 ) ;
#973 = ORIENTED_EDGE ( 'NONE', *, *, #2147, .F. ) ;
#974 = EDGE_CURVE ( 'NONE', #26, #2379, #505, .T. ) ;
#975 = CARTESIAN_POINT ( 'NONE',  ( -77.49999999999998579, 6.150000000000000355, -18.00000000000000000 ) ) ;
#976 = DIRECTION ( 'NONE',  ( 1.000000000000000000, 0.000000000000000000, 0.000000000000000000 ) ) ;
#977 = FACE_OUTER_BOUND ( 'NONE', #238, .T. ) ;
#978 = DIRECTION ( 'NONE',  ( -1.000000000000000000, 0.000000000000000000, 0.000000000000000000 ) ) ;
#979 = PRODUCT_DEFINITION ( 'UNKNOWN', '', #1657, #2495 ) ;
#980 = EDGE_LOOP ( 'NONE', ( #1527, #333 ) ) ;
#981 = ORIENTED_EDGE ( 'NONE', *, *, #2385, .T. ) ;
#982 = DIRECTION ( 'NONE',  ( -0.000000000000000000, -0.000000000000000000, -1.000000000000000000 ) ) ;
#983 = DIRECTION ( 'NONE',  ( 0.000000000000000000, 0.000000000000000000, 1.000000000000000000 ) ) ;
#984 = ORIENTED_EDGE ( 'NONE', *, *, #279, .F. ) ;
#985 = VECTOR ( 'NONE', #1817, 1000.000000000000000 ) ;
#986 = DIRECTION ( 'NONE',  ( -0.000000000000000000, -0.000000000000000000, 1.000000000000000000 ) ) ;
#987 = ORIENTED_EDGE ( 'NONE', *, *, #566, .T. ) ;
#988 = CIRCLE ( 'NONE', #107, 1.900000000000000577 ) ;
#989 = DIRECTION ( 'NONE',  ( -0.000000000000000000, -0.000000000000000000, -1.000000000000000000 ) ) ;
#990 = CARTESIAN_POINT ( 'NONE',  ( -39.54999999999999716, 14.50000000000001776, -23.00000000000002132 ) ) ;
#991 = DIRECTION ( 'NONE',  ( 0.000000000000000000, 0.000000000000000000, -1.000000000000000000 ) ) ;
#992 = CARTESIAN_POINT ( 'NONE',  ( -9.550000000000002487, 19.50000000000000355, -30.99999999999998934 ) ) ;
#993 = EDGE_CURVE ( 'NONE', #88, #485, #124, .T. ) ;
#994 = ORIENTED_EDGE ( 'NONE', *, *, #594, .T. ) ;
#995 = LINE ( 'NONE', #1795, #396 ) ;
#996 = ADVANCED_FACE ( 'NONE', ( #998 ), #174, .F. ) ;
#997 = VERTEX_POINT ( 'NONE', #2144 ) ;
#998 = FACE_OUTER_BOUND ( 'NONE', #1242, .T. ) ;
#999 = VECTOR ( 'NONE', #1617, 1000.000000000000000 ) ;
#1000 = ORIENTED_EDGE ( 'NONE', *, *, #160, .F. ) ;
#1001 = DIRECTION ( 'NONE',  ( 1.000000000000000000, 0.000000000000000000, 0.000000000000000000 ) ) ;
#1002 = DIRECTION ( 'NONE',  ( 1.000000000000000000, 0.000000000000000000, -0.000000000000000000 ) ) ;
#1003 = AXIS2_PLACEMENT_3D ( 'NONE', #1721, #2508, #1535 ) ;
#1004 = DIRECTION ( 'NONE',  ( -1.000000000000000000, 0.000000000000000000, 0.000000000000000000 ) ) ;
#1005 = AXIS2_PLACEMENT_3D ( 'NONE', #712, #1484, #1510 ) ;
#1006 = CARTESIAN_POINT ( 'NONE',  ( -92.44999999999998863, -5.000000000000007994, 6.000000000000000000 ) ) ;
#1007 = EDGE_CURVE ( 'NONE', #1747, #281, #2329, .T. ) ;
#1008 = VERTEX_POINT ( 'NONE', #1587 ) ;
#1009 = DIRECTION ( 'NONE',  ( -1.000000000000000000, 0.000000000000000000, -0.000000000000000000 ) ) ;
#1010 = EDGE_CURVE ( 'NONE', #370, #897, #790, .T. ) ;
#1011 = ORIENTED_EDGE ( 'NONE', *, *, #501, .F. ) ;
#1012 = AXIS2_PLACEMENT_3D ( 'NONE', #1342, #355, #2474 ) ;
#1013 = EDGE_CURVE ( 'NONE', #2540, #926, #2251, .T. ) ;
#1014 = CARTESIAN_POINT ( 'NONE',  ( -63.49999999999998579, 6.149999999999999467, -27.19238815542513521 ) ) ;
#1015 = ORIENTED_EDGE ( 'NONE', *, *, #223, .F. ) ;
#1016 = LINE ( 'NONE', #2005, #2499 ) ;
#1017 = PLANE ( 'NONE',  #872 ) ;
#1018 = CARTESIAN_POINT ( 'NONE',  ( -74.24999999999998579, -3.849999999999999201, 6.000000000000000000 ) ) ;
#1019 = DIRECTION ( 'NONE',  ( 0.000000000000000000, 0.000000000000000000, -1.000000000000000000 ) ) ;
#1020 = FACE_OUTER_BOUND ( 'NONE', #153, .T. ) ;
#1021 = ORIENTED_EDGE ( 'NONE', *, *, #1745, .T. ) ;
#1022 = CARTESIAN_POINT ( 'NONE',  ( -136.4999999999999716, 9.500000000000003553, 6.000000000000000000 ) ) ;
#1023 = ORIENTED_EDGE ( 'NONE', *, *, #2172, .F. ) ;
#1024 = FACE_BOUND ( 'NONE', #2520, .T. ) ;
#1025 = ORIENTED_EDGE ( 'NONE', *, *, #1649, .T. ) ;
#1026 = CARTESIAN_POINT ( 'NONE',  ( -101.4500000000000028, -10.00000000000000178, -25.99999999999998934 ) ) ;
#1027 = LINE ( 'NONE', #1457, #42 ) ;
#1028 = DIRECTION ( 'NONE',  ( 1.000000000000000000, 0.000000000000000000, 0.000000000000000000 ) ) ;
#1029 = EDGE_CURVE ( 'NONE', #537, #481, #2371, .T. ) ;
#1030 = AXIS2_PLACEMENT_3D ( 'NONE', #546, #1143, #150 ) ;
#1031 = CARTESIAN_POINT ( 'NONE',  ( -55.77499999999999147, -5.500000000000000888, -7.900000000000000355 ) ) ;
#1032 = DIRECTION ( 'NONE',  ( -1.000000000000000000, 0.000000000000000000, 0.000000000000000000 ) ) ;
#1033 = ORIENTED_EDGE ( 'NONE', *, *, #943, .T. ) ;
#1034 = PLANE ( 'NONE',  #1937 ) ;
#1035 = ORIENTED_EDGE ( 'NONE', *, *, #1449, .F. ) ;
#1036 = ADVANCED_FACE ( 'NONE', ( #215 ), #1233, .T. ) ;
#1037 = CYLINDRICAL_SURFACE ( 'NONE', #1298, 3.250000000000002665 ) ;
#1038 = ORIENTED_EDGE ( 'NONE', *, *, #2311, .T. ) ;
#1039 = DIRECTION ( 'NONE',  ( 1.000000000000000000, 0.000000000000000000, 0.000000000000000000 ) ) ;
#1040 = CYLINDRICAL_SURFACE ( 'NONE', #336, 2.750000000000002665 ) ;
#1041 = PRESENTATION_STYLE_ASSIGNMENT (( #2438 ) ) ;
#1042 = ADVANCED_FACE ( 'NONE', ( #2052 ), #243, .F. ) ;
#1043 = LINE ( 'NONE', #1851, #1668 ) ;
#1044 = DIRECTION ( 'NONE',  ( 1.000000000000000000, 0.000000000000000000, 0.000000000000000000 ) ) ;
#1045 = AXIS2_PLACEMENT_3D ( 'NONE', #753, #2346, #1983 ) ;
#1046 = VECTOR ( 'NONE', #507, 1000.000000000000000 ) ;
#1047 = VERTEX_POINT ( 'NONE', #826 ) ;
#1048 = DIRECTION ( 'NONE',  ( 1.000000000000000000, 0.000000000000000000, 0.000000000000000000 ) ) ;
#1049 = EDGE_LOOP ( 'NONE', ( #1038, #680, #157, #1981 ) ) ;
#1050 = DIRECTION ( 'NONE',  ( 1.000000000000000000, 0.000000000000000000, 0.000000000000000000 ) ) ;
#1051 = VERTEX_POINT ( 'NONE', #1622 ) ;
#1052 = DIRECTION ( 'NONE',  ( 1.000000000000000000, 0.000000000000000000, 0.000000000000000000 ) ) ;
#1053 = CARTESIAN_POINT ( 'NONE',  ( -75.74999999999998579, 6.150000000000000355, -11.50000000000000000 ) ) ;
#1054 = EDGE_CURVE ( 'NONE', #23, #1648, #1809, .T. ) ;
#1055 = DIRECTION ( 'NONE',  ( -1.000000000000000000, 0.000000000000000000, 0.000000000000000000 ) ) ;
#1056 = DIRECTION ( 'NONE',  ( 1.000000000000000000, 2.282530889443167515E-16, -0.000000000000000000 ) ) ;
#1057 = VECTOR ( 'NONE', #1345, 1000.000000000000000 ) ;
#1058 = EDGE_LOOP ( 'NONE', ( #450, #1794, #465, #162 ) ) ;
#1059 = DIRECTION ( 'NONE',  ( -9.130123557772669567E-17, -1.000000000000000000, 0.000000000000000000 ) ) ;
#1060 = EDGE_LOOP ( 'NONE', ( #307, #1720, #1893, #2470 ) ) ;
#1061 = AXIS2_PLACEMENT_3D ( 'NONE', #1836, #258, #45 ) ;
#1062 = DIRECTION ( 'NONE',  ( -2.282530889443167515E-16, -1.000000000000000000, 0.000000000000000000 ) ) ;
#1063 = VECTOR ( 'NONE', #2335, 1000.000000000000000 ) ;
#1064 = ORIENTED_EDGE ( 'NONE', *, *, #1628, .F. ) ;
#1065 = DIRECTION ( 'NONE',  ( 0.000000000000000000, 1.000000000000000000, 0.000000000000000000 ) ) ;
#1066 = DIRECTION ( 'NONE',  ( -1.000000000000000000, 0.000000000000000000, 0.000000000000000000 ) ) ;
#1067 = LINE ( 'NONE', #1631, #1459 ) ;
#1068 = DIRECTION ( 'NONE',  ( -0.000000000000000000, -0.000000000000000000, -1.000000000000000000 ) ) ;
#1069 = AXIS2_PLACEMENT_3D ( 'NONE', #1603, #2389, #609 ) ;
#1070 = EDGE_LOOP ( 'NONE', ( #1608, #2079 ) ) ;
#1071 = DIRECTION ( 'NONE',  ( -0.000000000000000000, 1.000000000000000000, 0.000000000000000000 ) ) ;
#1072 = MECHANICAL_DESIGN_GEOMETRIC_PRESENTATION_REPRESENTATION (  '', ( #1403 ), #284 ) ;
#1073 = EDGE_CURVE ( 'NONE', #911, #320, #962, .T. ) ;
#1074 = CARTESIAN_POINT ( 'NONE',  ( -45.79999999999999005, -5.000000000000007994, -2.999999999999999112 ) ) ;
#1075 = ORIENTED_EDGE ( 'NONE', *, *, #2104, .F. ) ;
#1076 = CARTESIAN_POINT ( 'NONE',  ( -77.49999999999998579, -3.849999999999999201, -11.50000000000000000 ) ) ;
#1077 = FACE_OUTER_BOUND ( 'NONE', #360, .T. ) ;
#1078 = EDGE_LOOP ( 'NONE', ( #1662, #1088, #1366, #880, #530, #639 ) ) ;
#1079 = FACE_OUTER_BOUND ( 'NONE', #2548, .T. ) ;
#1080 = CYLINDRICAL_SURFACE ( 'NONE', #489, 2.750000000000002665 ) ;
#1081 = ORIENTED_EDGE ( 'NONE', *, *, #1090, .F. ) ;
#1082 = VECTOR ( 'NONE', #534, 1000.000000000000000 ) ;
#1083 = CARTESIAN_POINT ( 'NONE',  ( -44.54999999999994031, -6.869504964868111918E-14, -18.00000000000000000 ) ) ;
#1084 = ADVANCED_FACE ( 'NONE', ( #840, #1024 ), #2245, .F. ) ;
#1085 = VECTOR ( 'NONE', #1224, 1000.000000000000000 ) ;
#1086 = EDGE_CURVE ( 'NONE', #427, #320, #2210, .T. ) ;
#1087 = DIRECTION ( 'NONE',  ( 0.000000000000000000, 0.000000000000000000, 1.000000000000000000 ) ) ;
#1088 = ORIENTED_EDGE ( 'NONE', *, *, #1423, .T. ) ;
#1089 = LINE ( 'NONE', #1962, #2185 ) ;
#1090 = EDGE_CURVE ( 'NONE', #756, #1868, #1833, .T. ) ;
#1091 = DIRECTION ( 'NONE',  ( 0.000000000000000000, 0.000000000000000000, -1.000000000000000000 ) ) ;
#1092 = ORIENTED_EDGE ( 'NONE', *, *, #909, .T. ) ;
#1093 = DIRECTION ( 'NONE',  ( 0.000000000000000000, 0.000000000000000000, 1.000000000000000000 ) ) ;
#1094 = ORIENTED_EDGE ( 'NONE', *, *, #2088, .F. ) ;
#1095 = CARTESIAN_POINT ( 'NONE',  ( -88.94999999999998863, 9.999999999999985789, 5.999999999999998224 ) ) ;
#1096 = AXIS2_PLACEMENT_3D ( 'NONE', #2303, #104, #2063 ) ;
#1097 = LINE ( 'NONE', #1894, #559 ) ;
#1098 = VECTOR ( 'NONE', #272, 1000.000000000000000 ) ;
#1099 = CARTESIAN_POINT ( 'NONE',  ( -39.54999999999999716, 19.50000000000000355, -30.99999999999998934 ) ) ;
#1100 = DIRECTION ( 'NONE',  ( 0.000000000000000000, 0.000000000000000000, -1.000000000000000000 ) ) ;
#1101 = EDGE_CURVE ( 'NONE', #1176, #481, #256, .T. ) ;
#1102 = ORIENTED_EDGE ( 'NONE', *, *, #1178, .T. ) ;
#1103 = CYLINDRICAL_SURFACE ( 'NONE', #586, 2.750000000000002665 ) ;
#1104 = FACE_BOUND ( 'NONE', #128, .T. ) ;
#1105 = ADVANCED_FACE ( 'NONE', ( #861, #28, #2409 ), #606, .F. ) ;
#1106 = DIRECTION ( 'NONE',  ( 1.000000000000000000, 0.000000000000000000, 0.000000000000000000 ) ) ;
#1107 = LINE ( 'NONE', #922, #1131 ) ;
#1108 = VECTOR ( 'NONE', #1327, 1000.000000000000000 ) ;
#1109 = ORIENTED_EDGE ( 'NONE', *, *, #971, .T. ) ;
#1110 = DIRECTION ( 'NONE',  ( -0.000000000000000000, 1.000000000000000000, -0.000000000000000000 ) ) ;
#1111 = DIRECTION ( 'NONE',  ( -1.000000000000000000, 0.000000000000000000, 0.000000000000000000 ) ) ;
#1112 = VERTEX_POINT ( 'NONE', #1412 ) ;
#1113 = ADVANCED_FACE ( 'NONE', ( #425 ), #1037, .F. ) ;
#1114 = LINE ( 'NONE', #1486, #2125 ) ;
#1115 = CARTESIAN_POINT ( 'NONE',  ( -0.5499999999999949374, 4.999999999999998224, -2.999999999999999112 ) ) ;
#1116 = EDGE_CURVE ( 'NONE', #116, #756, #1821, .T. ) ;
#1117 = ORIENTED_EDGE ( 'NONE', *, *, #27, .T. ) ;
#1118 = CARTESIAN_POINT ( 'NONE',  ( -66.74999999999998579, 6.149999999999999467, 6.000000000000000000 ) ) ;
#1119 = ORIENTED_EDGE ( 'NONE', *, *, #1458, .T. ) ;
#1120 = AXIS2_PLACEMENT_3D ( 'NONE', #1828, #443, #2261 ) ;
#1121 = EDGE_LOOP ( 'NONE', ( #1941, #1768 ) ) ;
#1122 = EDGE_CURVE ( 'NONE', #2503, #645, #41, .T. ) ;
#1123 = CARTESIAN_POINT ( 'NONE',  ( -79.24999999999998579, -3.849999999999999201, -18.00000000000000000 ) ) ;
#1124 = VERTEX_POINT ( 'NONE', #52 ) ;
#1125 = COLOUR_RGB ( '',0.000000000000000000, 1.000000000000000000, 0.000000000000000000 ) ;
#1126 = AXIS2_PLACEMENT_3D ( 'NONE', #1560, #749, #2343 ) ;
#1127 = LINE ( 'NONE', #518, #1877 ) ;
#1128 = EDGE_LOOP ( 'NONE', ( #2100, #1260, #1441, #1011 ) ) ;
#1129 = DIRECTION ( 'NONE',  ( 0.000000000000000000, 0.000000000000000000, -1.000000000000000000 ) ) ;
#1130 = CARTESIAN_POINT ( 'NONE',  ( -137.6999999999999886, -5.000000000000001776, 6.000000000000000000 ) ) ;
#1131 = VECTOR ( 'NONE', #2313, 1000.000000000000000 ) ;
#1132 = CARTESIAN_POINT ( 'NONE',  ( -80.74999999999998579, -3.849999999999998757, -27.19238815542513521 ) ) ;
#1133 = DIRECTION ( 'NONE',  ( -1.000000000000000000, 0.000000000000000000, -0.000000000000000000 ) ) ;
#1134 = APPLICATION_CONTEXT ( 'automotive_design' ) ;
#1135 = ORIENTED_EDGE ( 'NONE', *, *, #1086, .T. ) ;
#1136 = ORIENTED_EDGE ( 'NONE', *, *, #64, .T. ) ;
#1137 = PLANE ( 'NONE',  #14 ) ;
#1138 = ORIENTED_EDGE ( 'NONE', *, *, #2072, .T. ) ;
#1139 = AXIS2_PLACEMENT_3D ( 'NONE', #441, #2041, #428 ) ;
#1140 = LINE ( 'NONE', #582, #796 ) ;
#1141 = ORIENTED_EDGE ( 'NONE', *, *, #1299, .T. ) ;
#1142 = DIRECTION ( 'NONE',  ( -1.000000000000000000, 0.000000000000000000, 0.000000000000000000 ) ) ;
#1143 = DIRECTION ( 'NONE',  ( -0.000000000000000000, -1.000000000000000000, -0.000000000000000000 ) ) ;
#1144 = EDGE_CURVE ( 'NONE', #373, #1190, #2422, .T. ) ;
#1145 = VECTOR ( 'NONE', #2275, 1000.000000000000000 ) ;
#1146 = LINE ( 'NONE', #1188, #1371 ) ;
#1147 = CARTESIAN_POINT ( 'NONE',  ( -0.5499999999999949374, 4.999999999999998224, 6.000000000000000000 ) ) ;
#1148 = VERTEX_POINT ( 'NONE', #644 ) ;
#1149 = ORIENTED_EDGE ( 'NONE', *, *, #813, .F. ) ;
#1150 = EDGE_CURVE ( 'NONE', #217, #1947, #2338, .T. ) ;
#1151 = DIRECTION ( 'NONE',  ( -0.7071067811865433539, 0.000000000000000000, 0.7071067811865517916 ) ) ;
#1152 = ORIENTED_EDGE ( 'NONE', *, *, #1205, .F. ) ;
#1153 = EDGE_CURVE ( 'NONE', #315, #79, #2001, .T. ) ;
#1154 = VECTOR ( 'NONE', #1865, 1000.000000000000000 ) ;
#1155 = LINE ( 'NONE', #1746, #214 ) ;
#1156 = ORIENTED_EDGE ( 'NONE', *, *, #1880, .F. ) ;
#1157 = DIRECTION ( 'NONE',  ( -1.000000000000000000, 0.000000000000000000, 0.000000000000000000 ) ) ;
#1158 = DIRECTION ( 'NONE',  ( -1.000000000000000000, 0.000000000000000000, 0.000000000000000000 ) ) ;
#1159 = DIRECTION ( 'NONE',  ( 1.000000000000000000, 2.282530889443168008E-16, -0.000000000000000000 ) ) ;
#1160 = EDGE_LOOP ( 'NONE', ( #1119, #1341 ) ) ;
#1161 = ORIENTED_EDGE ( 'NONE', *, *, #2108, .T. ) ;
#1162 = CARTESIAN_POINT ( 'NONE',  ( 4.500000000000000000, 19.50000000000000355, -18.00000000000000000 ) ) ;
#1163 = EDGE_CURVE ( 'NONE', #499, #217, #1453, .T. ) ;
#1164 = CARTESIAN_POINT ( 'NONE',  ( -55.77499999999999147, -9.250000000000000000, -6.000000000000000000 ) ) ;
#1165 = ORIENTED_EDGE ( 'NONE', *, *, #1710, .F. ) ;
#1166 = EDGE_CURVE ( 'NONE', #1755, #499, #1517, .T. ) ;
#1167 = DIRECTION ( 'NONE',  ( 1.000000000000000000, 0.000000000000000000, 0.000000000000000000 ) ) ;
#1168 = VECTOR ( 'NONE', #1142, 1000.000000000000000 ) ;
#1169 = EDGE_LOOP ( 'NONE', ( #836, #1481 ) ) ;
#1170 = CARTESIAN_POINT ( 'NONE',  ( 2.200000000000005063, -5.000000000000001776, -2.999999999999999112 ) ) ;
#1171 = CARTESIAN_POINT ( 'NONE',  ( -101.4500000000000028, 9.999999999999989342, -25.99999999999998934 ) ) ;
#1172 = VECTOR ( 'NONE', #1612, 1000.000000000000000 ) ;
#1173 = CARTESIAN_POINT ( 'NONE',  ( -101.4500000000000028, 9.999999999999994671, -56.33562262423501465 ) ) ;
#1174 = DIRECTION ( 'NONE',  ( -1.000000000000000000, 0.000000000000000000, 0.000000000000000000 ) ) ;
#1175 = VERTEX_POINT ( 'NONE', #476 ) ;
#1176 = VERTEX_POINT ( 'NONE', #503 ) ;
#1177 = FACE_OUTER_BOUND ( 'NONE', #2399, .T. ) ;
#1178 = EDGE_CURVE ( 'NONE', #1452, #481, #94, .T. ) ;
#1179 = DIRECTION ( 'NONE',  ( -1.541976423090487350E-15, -1.000000000000000000, 0.000000000000000000 ) ) ;
#1180 = VERTEX_POINT ( 'NONE', #1869 ) ;
#1181 = CARTESIAN_POINT ( 'NONE',  ( -3.299999999999994937, 4.999999999999998224, 6.000000000000000000 ) ) ;
#1182 = AXIS2_PLACEMENT_3D ( 'NONE', #1770, #2141, #592 ) ;
#1183 = ORIENTED_EDGE ( 'NONE', *, *, #160, .T. ) ;
#1184 = DIRECTION ( 'NONE',  ( -1.000000000000000000, 0.000000000000000000, 0.000000000000000000 ) ) ;
#1185 = FACE_OUTER_BOUND ( 'NONE', #2159, .T. ) ;
#1186 = AXIS2_PLACEMENT_3D ( 'NONE', #1076, #479, #887 ) ;
#1187 = ADVANCED_FACE ( 'NONE', ( #681 ), #1323, .F. ) ;
#1188 = CARTESIAN_POINT ( 'NONE',  ( -101.4500000000000028, 9.999999999999989342, -25.99999999999998934 ) ) ;
#1189 = DIRECTION ( 'NONE',  ( -0.000000000000000000, -0.000000000000000000, 1.000000000000000000 ) ) ;
#1190 = VERTEX_POINT ( 'NONE', #332 ) ;
#1191 = CARTESIAN_POINT ( 'NONE',  ( -4.550000000000019362, 19.50000000000000355, -18.00000000000000000 ) ) ;
#1192 = EDGE_LOOP ( 'NONE', ( #2023, #614, #2011, #1149, #931, #825, #1399, #475, #759, #704 ) ) ;
#1193 = LINE ( 'NONE', #1967, #2084 ) ;
#1194 = VECTOR ( 'NONE', #1764, 1000.000000000000000 ) ;
#1195 = VERTEX_POINT ( 'NONE', #2115 ) ;
#1196 = CARTESIAN_POINT ( 'NONE',  ( -77.49999999999998579, -3.849999999999999201, -11.50000000000000000 ) ) ;
#1197 = DIRECTION ( 'NONE',  ( 0.000000000000000000, 0.000000000000000000, 1.000000000000000000 ) ) ;
#1198 = EDGE_CURVE ( 'NONE', #2405, #1348, #669, .T. ) ;
#1199 = ADVANCED_FACE ( 'NONE', ( #294 ), #2476, .T. ) ;
#1200 = CARTESIAN_POINT ( 'NONE',  ( -63.49999999999998579, 6.149999999999999467, -11.50000000000000000 ) ) ;
#1201 = FACE_OUTER_BOUND ( 'NONE', #1078, .T. ) ;
#1202 = ORIENTED_EDGE ( 'NONE', *, *, #2045, .T. ) ;
#1203 = FACE_BOUND ( 'NONE', #1070, .T. ) ;
#1204 = VERTEX_POINT ( 'NONE', #1123 ) ;
#1205 = EDGE_CURVE ( 'NONE', #740, #130, #723, .T. ) ;
#1206 = CARTESIAN_POINT ( 'NONE',  ( -4.499999999999998224, -9.499999999999996447, -18.00000000000000000 ) ) ;
#1207 = VECTOR ( 'NONE', #1304, 1000.000000000000000 ) ;
#1208 = ORIENTED_EDGE ( 'NONE', *, *, #1150, .T. ) ;
#1209 = CARTESIAN_POINT ( 'NONE',  ( -101.4500000000000171, -40.41381265149108515, -25.99999999999998934 ) ) ;
#1210 = LINE ( 'NONE', #366, #1373 ) ;
#1211 =( LENGTH_UNIT ( ) NAMED_UNIT ( * ) SI_UNIT ( .MILLI., .METRE. ) );
#1212 = CIRCLE ( 'NONE', #1003, 2.750000000000000000 ) ;
#1213 = DIRECTION ( 'NONE',  ( -0.000000000000000000, -0.000000000000000000, 1.000000000000000000 ) ) ;
#1214 = AXIS2_PLACEMENT_3D ( 'NONE', #1885, #97, #888 ) ;
#1215 = DIRECTION ( 'NONE',  ( 0.000000000000000000, 0.000000000000000000, 1.000000000000000000 ) ) ;
#1216 = EDGE_LOOP ( 'NONE', ( #1450, #440, #1152, #2435 ) ) ;
#1217 = FACE_BOUND ( 'NONE', #2327, .T. ) ;
#1218 = ORIENTED_EDGE ( 'NONE', *, *, #1850, .T. ) ;
#1219 = AXIS2_PLACEMENT_3D ( 'NONE', #114, #1515, #1931 ) ;
#1220 = ADVANCED_FACE ( 'NONE', ( #871 ), #1297, .F. ) ;
#1221 = DIRECTION ( 'NONE',  ( 0.000000000000000000, 0.000000000000000000, 1.000000000000000000 ) ) ;
#1222 = ORIENTED_EDGE ( 'NONE', *, *, #2010, .F. ) ;
#1223 = CARTESIAN_POINT ( 'NONE',  ( -92.44999999999998863, -5.000000000000007994, -2.999999999999999112 ) ) ;
#1224 = DIRECTION ( 'NONE',  ( 0.000000000000000000, 0.000000000000000000, 1.000000000000000000 ) ) ;
#1225 = CARTESIAN_POINT ( 'NONE',  ( -9.550000000000002487, 14.50000000000000888, -23.00000000000003553 ) ) ;
#1227 = VECTOR ( 'NONE', #2444, 1000.000000000000000 ) ;
#1226 = CYLINDRICAL_SURFACE ( 'NONE', #148, 1.750000000000001554 ) ;
#1228 = LINE ( 'NONE', #1531, #1978 ) ;
#1229 = EDGE_LOOP ( 'NONE', ( #29, #1479, #1094, #1637, #969, #658 ) ) ;
#1230 = FACE_BOUND ( 'NONE', #1812, .T. ) ;
#1231 = ORIENTED_EDGE ( 'NONE', *, *, #707, .T. ) ;
#1232 = ADVANCED_FACE ( 'NONE', ( #2492, #527 ), #694, .T. ) ;
#1233 = PLANE ( 'NONE',  #1800 ) ;
#1234 = AXIS2_PLACEMENT_3D ( 'NONE', #1972, #181, #10 ) ;
#1235 = EDGE_CURVE ( 'NONE', #1947, #217, #1772, .T. ) ;
#1236 = ORIENTED_EDGE ( 'NONE', *, *, #280, .F. ) ;
#1237 = CARTESIAN_POINT ( 'NONE',  ( -101.4500000000000171, -10.00000000000000178, -30.99999999999998934 ) ) ;
#1238 = CARTESIAN_POINT ( 'NONE',  ( -79.24999999999998579, -3.849999999999999201, -11.50000000000000000 ) ) ;
#1239 = AXIS2_PLACEMENT_3D ( 'NONE', #990, #2189, #405 ) ;
#1240 = CARTESIAN_POINT ( 'NONE',  ( -9.550000000000002487, 19.50000000000000355, -30.99999999999998934 ) ) ;
#1241 = DIRECTION ( 'NONE',  ( -2.282530889443167515E-16, 1.000000000000000000, 0.000000000000000000 ) ) ;
#1242 = EDGE_LOOP ( 'NONE', ( #1987, #1183, #2165, #1832 ) ) ;
#1243 = CARTESIAN_POINT ( 'NONE',  ( -4.499999999999998224, -10.00000000000000178, 6.000000000000000000 ) ) ;
#1244 = EDGE_LOOP ( 'NONE', ( #1613, #1918 ) ) ;
#1245 = CARTESIAN_POINT ( 'NONE',  ( -48.54999999999999716, -5.000000000000007994, 6.000000000000000000 ) ) ;
#1246 = ADVANCED_FACE ( 'NONE', ( #1922 ), #490, .F. ) ;
#1247 = VERTEX_POINT ( 'NONE', #1717 ) ;
#1248 = DIRECTION ( 'NONE',  ( -0.000000000000000000, -0.000000000000000000, 1.000000000000000000 ) ) ;
#1249 = CARTESIAN_POINT ( 'NONE',  ( -77.49999999999998579, -3.849999999999999201, 6.000000000000000000 ) ) ;
#1250 = SURFACE_SIDE_STYLE ('',( #248 ) ) ;
#1251 = VECTOR ( 'NONE', #1019, 1000.000000000000000 ) ;
#1252 = PLANE ( 'NONE',  #833 ) ;
#1253 = DIRECTION ( 'NONE',  ( 2.282530889443167515E-16, -1.000000000000000000, 0.000000000000000000 ) ) ;
#1254 = VECTOR ( 'NONE', #805, 1000.000000000000000 ) ;
#1255 = CIRCLE ( 'NONE', #1005, 3.549999999999997602 ) ;
#1256 = ORIENTED_EDGE ( 'NONE', *, *, #738, .T. ) ;
#1257 = CARTESIAN_POINT ( 'NONE',  ( -124.7000000000002160, 9.999999999999994671, -29.74999999999986144 ) ) ;
#1258 = ORIENTED_EDGE ( 'NONE', *, *, #1549, .T. ) ;
#1259 = DIRECTION ( 'NONE',  ( 1.000000000000000000, 0.000000000000000000, 0.000000000000000000 ) ) ;
#1260 = ORIENTED_EDGE ( 'NONE', *, *, #2348, .T. ) ;
#1261 = DIRECTION ( 'NONE',  ( -0.000000000000000000, -0.000000000000000000, 1.000000000000000000 ) ) ;
#1262 = DIRECTION ( 'NONE',  ( 1.541976423090487350E-15, -1.000000000000000000, 0.000000000000000000 ) ) ;
#1263 = DIRECTION ( 'NONE',  ( -1.541976423090487350E-15, -1.000000000000000000, 0.000000000000000000 ) ) ;
#1264 = LINE ( 'NONE', #72, #820 ) ;
#1265 = EDGE_CURVE ( 'NONE', #1823, #44, #1907, .T. ) ;
#1266 = EDGE_CURVE ( 'NONE', #13, #862, #1097, .T. ) ;
#1267 = VECTOR ( 'NONE', #983, 1000.000000000000000 ) ;
#1268 = ORIENTED_EDGE ( 'NONE', *, *, #197, .T. ) ;
#1269 = PLANE ( 'NONE',  #484 ) ;
#1270 = EDGE_LOOP ( 'NONE', ( #1064, #2037, #1968, #51 ) ) ;
#1271 = VECTOR ( 'NONE', #1831, 1000.000000000000000 ) ;
#1272 = CARTESIAN_POINT ( 'NONE',  ( -85.22499999999998010, -9.250000000000000000, -6.000000000000000000 ) ) ;
#1273 = VECTOR ( 'NONE', #50, 1000.000000000000000 ) ;
#1274 = DIRECTION ( 'NONE',  ( 0.000000000000000000, 0.000000000000000000, 1.000000000000000000 ) ) ;
#1275 = DIRECTION ( 'NONE',  ( 1.000000000000000000, -2.162996852838912610E-16, 0.000000000000000000 ) ) ;
#1276 = ORIENTED_EDGE ( 'NONE', *, *, #388, .F. ) ;
#1277 = EDGE_CURVE ( 'NONE', #604, #895, #1725, .T. ) ;
#1278 = DIRECTION ( 'NONE',  ( 1.000000000000000000, 0.000000000000000000, 0.000000000000000000 ) ) ;
#1279 = DIRECTION ( 'NONE',  ( -1.000000000000000000, 0.000000000000000000, 0.000000000000000000 ) ) ;
#1280 = CIRCLE ( 'NONE', #2507, 1.900000000000000577 ) ;
#1281 = EDGE_CURVE ( 'NONE', #1567, #2397, #2257, .T. ) ;
#1282 = ADVANCED_FACE ( 'NONE', ( #1308 ), #720, .F. ) ;
#1283 = ORIENTED_EDGE ( 'NONE', *, *, #525, .T. ) ;
#1284 = DIRECTION ( 'NONE',  ( -0.000000000000000000, -0.000000000000000000, -1.000000000000000000 ) ) ;
#1285 = ORIENTED_EDGE ( 'NONE', *, *, #1458, .F. ) ;
#1286 = DIRECTION ( 'NONE',  ( -0.000000000000000000, -1.000000000000000000, -0.000000000000000000 ) ) ;
#1287 = DIRECTION ( 'NONE',  ( 0.000000000000000000, 0.000000000000000000, -1.000000000000000000 ) ) ;
#1288 = VERTEX_POINT ( 'NONE', #1333 ) ;
#1289 = DIRECTION ( 'NONE',  ( 9.130123557772669567E-17, 1.000000000000000000, 0.000000000000000000 ) ) ;
#1290 = CARTESIAN_POINT ( 'NONE',  ( -145.5000000000000000, -10.00000000000000178, -18.00000000000000000 ) ) ;
#1291 = VECTOR ( 'NONE', #523, 1000.000000000000000 ) ;
#1292 = ORIENTED_EDGE ( 'NONE', *, *, #626, .F. ) ;
#1293 = CIRCLE ( 'NONE', #461, 3.550000000000002931 ) ;
#1294 = LINE ( 'NONE', #2243, #361 ) ;
#1295 = ORIENTED_EDGE ( 'NONE', *, *, #2293, .F. ) ;
#1296 = AXIS2_PLACEMENT_3D ( 'NONE', #374, #1336, #1167 ) ;
#1297 = CYLINDRICAL_SURFACE ( 'NONE', #438, 2.750000000000000000 ) ;
#1298 = AXIS2_PLACEMENT_3D ( 'NONE', #1014, #2026, #631 ) ;
#1299 = EDGE_CURVE ( 'NONE', #1112, #2070, #2131, .T. ) ;
#1300 = DIRECTION ( 'NONE',  ( -0.000000000000000000, -0.000000000000000000, 1.000000000000000000 ) ) ;
#1301 = DIRECTION ( 'NONE',  ( -0.000000000000000000, -0.000000000000000000, 1.000000000000000000 ) ) ;
#1302 = ORIENTED_EDGE ( 'NONE', *, *, #1029, .F. ) ;
#1303 = DIRECTION ( 'NONE',  ( -1.000000000000000000, 0.000000000000000000, 0.000000000000000000 ) ) ;
#1304 = DIRECTION ( 'NONE',  ( 0.000000000000000000, 0.000000000000000000, 1.000000000000000000 ) ) ;
#1305 = CARTESIAN_POINT ( 'NONE',  ( -96.45000000000001705, 19.50000000000000355, -18.00000000000000000 ) ) ;
#1306 = VECTOR ( 'NONE', #656, 1000.000000000000000 ) ;
#1307 = VERTEX_POINT ( 'NONE', #939 ) ;
#1308 = FACE_OUTER_BOUND ( 'NONE', #2381, .T. ) ;
#1309 = CIRCLE ( 'NONE', #1186, 3.250000000000002665 ) ;
#1310 = EDGE_CURVE ( 'NONE', #281, #2174, #2341, .T. ) ;
#1311 = EDGE_CURVE ( 'NONE', #2503, #2067, #2316, .T. ) ;
#1312 = DIRECTION ( 'NONE',  ( -2.282530889443168501E-16, -1.000000000000000000, 0.000000000000000000 ) ) ;
#1313 = UNCERTAINTY_MEASURE_WITH_UNIT (LENGTH_MEASURE( 1.000000000000000082E-05 ), #2065, 'distance_accuracy_value', 'NONE');
#1314 = ORIENTED_EDGE ( 'NONE', *, *, #1235, .T. ) ;
#1315 = LINE ( 'NONE', #892, #780 ) ;
#1316 = CIRCLE ( 'NONE', #234, 2.750000000000002665 ) ;
#1317 = LINE ( 'NONE', #1711, #1082 ) ;
#1318 = PLANE ( 'NONE',  #1896 ) ;
#1319 = AXIS2_PLACEMENT_3D ( 'NONE', #1815, #1197, #1002 ) ;
#1320 = ORIENTED_EDGE ( 'NONE', *, *, #514, .F. ) ;
#1321 = AXIS2_PLACEMENT_3D ( 'NONE', #220, #1777, #1592 ) ;
#1322 = ORIENTED_EDGE ( 'NONE', *, *, #2518, .T. ) ;
#1323 = CYLINDRICAL_SURFACE ( 'NONE', #1476, 3.550000000000002931 ) ;
#1324 = PLANE ( 'NONE',  #2410 ) ;
#1325 = ORIENTED_EDGE ( 'NONE', *, *, #102, .F. ) ;
#1326 = FACE_OUTER_BOUND ( 'NONE', #460, .T. ) ;
#1327 = DIRECTION ( 'NONE',  ( -2.282530889443168501E-16, 1.000000000000000000, -0.000000000000000000 ) ) ;
#1328 = CARTESIAN_POINT ( 'NONE',  ( 4.500000000000000000, 14.50000000000000178, -18.00000000000000000 ) ) ;
#1329 = CYLINDRICAL_SURFACE ( 'NONE', #2009, 2.750000000000002665 ) ;
#1330 = VERTEX_POINT ( 'NONE', #747 ) ;
#1331 = AXIS2_PLACEMENT_3D ( 'NONE', #1225, #2416, #275 ) ;
#1332 = VERTEX_POINT ( 'NONE', #1742 ) ;
#1333 = CARTESIAN_POINT ( 'NONE',  ( -101.4500000000000028, 9.999999999999994671, -23.00000000000002132 ) ) ;
#1334 = CIRCLE ( 'NONE', #1045, 2.750000000000000000 ) ;
#1335 = VECTOR ( 'NONE', #1400, 1000.000000000000000 ) ;
#1336 = DIRECTION ( 'NONE',  ( -0.000000000000000000, -0.000000000000000000, 1.000000000000000000 ) ) ;
#1337 = ORIENTED_EDGE ( 'NONE', *, *, #1593, .F. ) ;
#1338 = DIRECTION ( 'NONE',  ( -1.000000000000000000, 0.000000000000000000, -0.000000000000000000 ) ) ;
#1339 = DIRECTION ( 'NONE',  ( -0.000000000000000000, -0.000000000000000000, 1.000000000000000000 ) ) ;
#1340 = EDGE_CURVE ( 'NONE', #862, #1047, #517, .T. ) ;
#1341 = ORIENTED_EDGE ( 'NONE', *, *, #2271, .T. ) ;
#1342 = CARTESIAN_POINT ( 'NONE',  ( 0.000000000000000000, 0.000000000000000000, -11.50000000000000000 ) ) ;
#1343 = VERTEX_POINT ( 'NONE', #775 ) ;
#1344 = ORIENTED_EDGE ( 'NONE', *, *, #2393, .T. ) ;
#1345 = DIRECTION ( 'NONE',  ( -0.000000000000000000, -0.000000000000000000, -1.000000000000000000 ) ) ;
#1346 = ORIENTED_EDGE ( 'NONE', *, *, #566, .F. ) ;
#1347 = DIRECTION ( 'NONE',  ( 1.000000000000000000, 0.000000000000000000, 0.000000000000000000 ) ) ;
#1348 = VERTEX_POINT ( 'NONE', #156 ) ;
#1349 = DIRECTION ( 'NONE',  ( 0.000000000000000000, -0.000000000000000000, 1.000000000000000000 ) ) ;
#1350 =( NAMED_UNIT ( * ) SI_UNIT ( $, .STERADIAN. ) SOLID_ANGLE_UNIT ( ) );
#1351 = DIRECTION ( 'NONE',  ( -0.000000000000000000, -0.000000000000000000, 1.000000000000000000 ) ) ;
#1352 = CARTESIAN_POINT ( 'NONE',  ( -77.49999999999998579, -3.849999999999999201, -18.00000000000000000 ) ) ;
#1353 = VERTEX_POINT ( 'NONE', #1936 ) ;
#1354 = EDGE_CURVE ( 'NONE', #1247, #1330, #182, .T. ) ;
#1355 = ORIENTED_EDGE ( 'NONE', *, *, #2263, .F. ) ;
#1356 = DIRECTION ( 'NONE',  ( -0.000000000000000000, -0.000000000000000000, 1.000000000000000000 ) ) ;
#1357 = DIRECTION ( 'NONE',  ( -1.541976423090487350E-15, 1.000000000000000000, 0.000000000000000000 ) ) ;
#1358 = EDGE_LOOP ( 'NONE', ( #2187, #1903 ) ) ;
#1359 = PRODUCT_RELATED_PRODUCT_CATEGORY ( 'part', '', ( #2114 ) ) ;
#1360 = VECTOR ( 'NONE', #2509, 1000.000000000000000 ) ;
#1361 = CARTESIAN_POINT ( 'NONE',  ( -63.49999999999998579, 6.149999999999999467, -27.19238815542513521 ) ) ;
#1362 = VERTEX_POINT ( 'NONE', #538 ) ;
#1363 = DIRECTION ( 'NONE',  ( 0.000000000000000000, 0.000000000000000000, -1.000000000000000000 ) ) ;
#1364 = DIRECTION ( 'NONE',  ( -0.000000000000000000, -1.000000000000000000, -0.000000000000000000 ) ) ;
#1365 = CARTESIAN_POINT ( 'NONE',  ( -143.1999999999999886, -5.000000000000001776, -2.999999999999999112 ) ) ;
#1366 = ORIENTED_EDGE ( 'NONE', *, *, #77, .F. ) ;
#1367 = ORIENTED_EDGE ( 'NONE', *, *, #1235, .F. ) ;
#1368 = FACE_BOUND ( 'NONE', #2374, .T. ) ;
#1369 = FACE_OUTER_BOUND ( 'NONE', #1740, .T. ) ;
#1370 = ORIENTED_EDGE ( 'NONE', *, *, #1277, .F. ) ;
#1371 = VECTOR ( 'NONE', #1594, 1000.000000000000000 ) ;
#1372 = DIRECTION ( 'NONE',  ( -0.000000000000000000, -0.000000000000000000, -1.000000000000000000 ) ) ;
#1373 = VECTOR ( 'NONE', #793, 1000.000000000000000 ) ;
#1374 = EDGE_CURVE ( 'NONE', #526, #756, #1583, .T. ) ;
#1375 = ADVANCED_FACE ( 'NONE', ( #554 ), #2515, .F. ) ;
#1376 = AXIS2_PLACEMENT_3D ( 'NONE', #802, #2560, #556 ) ;
#1377 = ORIENTED_EDGE ( 'NONE', *, *, #1765, .F. ) ;
#1378 = DIRECTION ( 'NONE',  ( 0.000000000000000000, 0.000000000000000000, -1.000000000000000000 ) ) ;
#1379 = LINE ( 'NONE', #2361, #199 ) ;
#1380 = DIRECTION ( 'NONE',  ( 1.000000000000000000, 0.000000000000000000, 0.000000000000000000 ) ) ;
#1381 = CARTESIAN_POINT ( 'NONE',  ( -85.22499999999998010, -9.250000000000000000, -6.000000000000000000 ) ) ;
#1382 = ORIENTED_EDGE ( 'NONE', *, *, #1013, .T. ) ;
#1383 = LINE ( 'NONE', #384, #1271 ) ;
#1384 = DIRECTION ( 'NONE',  ( 1.541976423090487350E-15, 1.000000000000000000, 0.000000000000000000 ) ) ;
#1385 = VERTEX_POINT ( 'NONE', #2326 ) ;
#1386 = ADVANCED_FACE ( 'NONE', ( #1949 ), #952, .F. ) ;
#1387 = DIRECTION ( 'NONE',  ( 1.541976423090487350E-15, 1.000000000000000000, 0.000000000000000000 ) ) ;
#1388 = EDGE_CURVE ( 'NONE', #847, #2270, #2155, .T. ) ;
#1389 = ADVANCED_FACE ( 'NONE', ( #1369, #2557 ), #1137, .T. ) ;
#1390 = EDGE_LOOP ( 'NONE', ( #1516, #858, #726, #411, #2290, #1102, #1302, #2561 ) ) ;
#1391 = DIRECTION ( 'NONE',  ( -0.000000000000000000, -0.000000000000000000, 1.000000000000000000 ) ) ;
#1392 = CARTESIAN_POINT ( 'NONE',  ( -92.44999999999998863, -5.000000000000007994, -2.999999999999999112 ) ) ;
#1393 = AXIS2_PLACEMENT_3D ( 'NONE', #1209, #1430, #1039 ) ;
#1394 = FACE_OUTER_BOUND ( 'NONE', #2488, .T. ) ;
#1395 = LINE ( 'NONE', #589, #985 ) ;
#1396 = ADVANCED_FACE ( 'NONE', ( #142 ), #968, .F. ) ;
#1397 = AXIS2_PLACEMENT_3D ( 'NONE', #498, #1071, #486 ) ;
#1398 = ORIENTED_EDGE ( 'NONE', *, *, #2205, .T. ) ;
#1399 = ORIENTED_EDGE ( 'NONE', *, *, #1630, .F. ) ;
#1400 = DIRECTION ( 'NONE',  ( -1.541976423090487350E-15, 1.000000000000000000, 0.000000000000000000 ) ) ;
#1401 = CIRCLE ( 'NONE', #2396, 2.750000000000002665 ) ;
#1402 = ORIENTED_EDGE ( 'NONE', *, *, #971, .F. ) ;
#1403 = STYLED_ITEM ( 'NONE', ( #1041 ), #198 ) ;
#1404 = FACE_OUTER_BOUND ( 'NONE', #870, .T. ) ;
#1405 = FACE_OUTER_BOUND ( 'NONE', #1625, .T. ) ;
#1406 = DIRECTION ( 'NONE',  ( -1.000000000000000000, 0.000000000000000000, 0.000000000000000000 ) ) ;
#1407 = DIRECTION ( 'NONE',  ( 0.000000000000000000, -1.000000000000000000, 0.000000000000000000 ) ) ;
#1408 = EDGE_CURVE ( 'NONE', #1288, #1175, #580, .T. ) ;
#1409 = EDGE_LOOP ( 'NONE', ( #1283, #49 ) ) ;
#1410 = FACE_BOUND ( 'NONE', #169, .T. ) ;
#1411 = EDGE_LOOP ( 'NONE', ( #213, #2206, #593, #1075 ) ) ;
#1412 = CARTESIAN_POINT ( 'NONE',  ( -131.4499999999999886, -10.00000000000000178, -25.99999999999998934 ) ) ;
#1413 = VECTOR ( 'NONE', #2473, 1000.000000000000000 ) ;
#1414 = AXIS2_PLACEMENT_3D ( 'NONE', #821, #1213, #2349 ) ;
#1415 = VERTEX_POINT ( 'NONE', #385 ) ;
#1416 = LINE ( 'NONE', #1237, #1098 ) ;
#1417 = DIRECTION ( 'NONE',  ( 0.000000000000000000, 0.000000000000000000, 1.000000000000000000 ) ) ;
#1418 = EDGE_CURVE ( 'NONE', #427, #39, #601, .T. ) ;
#1419 = AXIS2_PLACEMENT_3D ( 'NONE', #404, #765, #1550 ) ;
#1420 = DIRECTION ( 'NONE',  ( 0.000000000000000000, 0.000000000000000000, 1.000000000000000000 ) ) ;
#1421 = VECTOR ( 'NONE', #739, 1000.000000000000000 ) ;
#1422 = CARTESIAN_POINT ( 'NONE',  ( -9.550000000000004263, -10.00000000000000178, -30.99999999999998934 ) ) ;
#1423 = EDGE_CURVE ( 'NONE', #752, #1676, #1228, .T. ) ;
#1424 = EDGE_CURVE ( 'NONE', #1176, #787, #1016, .T. ) ;
#1425 = ORIENTED_EDGE ( 'NONE', *, *, #943, .F. ) ;
#1426 = LINE ( 'NONE', #1257, #1482 ) ;
#1427 = ORIENTED_EDGE ( 'NONE', *, *, #1178, .F. ) ;
#1428 = CARTESIAN_POINT ( 'NONE',  ( -39.54999999999999005, 9.999999999999994671, -30.99999999999998934 ) ) ;
#1429 = EDGE_LOOP ( 'NONE', ( #627, #1866, #1757, #1539 ) ) ;
#1430 = DIRECTION ( 'NONE',  ( 0.000000000000000000, 0.000000000000000000, -1.000000000000000000 ) ) ;
#1431 = CARTESIAN_POINT ( 'NONE',  ( -141.0000000000000000, 0.000000000000000000, -18.00000000000000000 ) ) ;
#1432 = APPLICATION_PROTOCOL_DEFINITION ( 'draft international standard', 'automotive_design', 1998, #2276 ) ;
#1433 = AXIS2_PLACEMENT_3D ( 'NONE', #2017, #466, #842 ) ;
#1434 = LINE ( 'NONE', #878, #2246 ) ;
#1436 = AXIS2_PLACEMENT_3D ( 'NONE', #1022, #1819, #2406 ) ;
#1435 = CARTESIAN_POINT ( 'NONE',  ( -63.49999999999998579, 6.149999999999999467, -18.00000000000000000 ) ) ;
#1437 = EDGE_CURVE ( 'NONE', #2342, #2352, #672, .T. ) ;
#1438 = VERTEX_POINT ( 'NONE', #1026 ) ;
#1439 = FACE_OUTER_BOUND ( 'NONE', #61, .T. ) ;
#1440 = ADVANCED_FACE ( 'NONE', ( #1813 ), #1666, .F. ) ;
#1441 = ORIENTED_EDGE ( 'NONE', *, *, #956, .T. ) ;
#1442 = DIRECTION ( 'NONE',  ( 0.000000000000000000, 0.000000000000000000, -1.000000000000000000 ) ) ;
#1443 = ORIENTED_EDGE ( 'NONE', *, *, #2333, .F. ) ;
#1444 = CARTESIAN_POINT ( 'NONE',  ( -63.49999999999998579, -3.850000000000000977, -27.19238815542513521 ) ) ;
#1445 = DIRECTION ( 'NONE',  ( -1.000000000000000000, 0.000000000000000000, 0.000000000000000000 ) ) ;
#1446 = CIRCLE ( 'NONE', #2109, 2.750000000000000000 ) ;
#1447 = FACE_OUTER_BOUND ( 'NONE', #224, .T. ) ;
#1448 = DIRECTION ( 'NONE',  ( -1.000000000000000000, 0.000000000000000000, -0.000000000000000000 ) ) ;
#1449 = EDGE_CURVE ( 'NONE', #473, #2025, #232, .T. ) ;
#1450 = ORIENTED_EDGE ( 'NONE', *, *, #454, .F. ) ;
#1451 = CARTESIAN_POINT ( 'NONE',  ( -145.5000000000000000, 9.500000000000003553, 6.000000000000000000 ) ) ;
#1452 = VERTEX_POINT ( 'NONE', #818 ) ;
#1453 = LINE ( 'NONE', #1074, #1227 ) ;
#1454 = ORIENTED_EDGE ( 'NONE', *, *, #1663, .T. ) ;
#1455 = DIRECTION ( 'NONE',  ( 1.000000000000000000, 0.000000000000000000, 0.000000000000000000 ) ) ;
#1456 = EDGE_CURVE ( 'NONE', #348, #1823, #638, .T. ) ;
#1457 = CARTESIAN_POINT ( 'NONE',  ( -44.54999999999996163, 19.50000000000000355, -18.00000000000000000 ) ) ;
#1458 = EDGE_CURVE ( 'NONE', #2060, #1307, #767, .T. ) ;
#1459 = VECTOR ( 'NONE', #482, 1000.000000000000000 ) ;
#1460 = CARTESIAN_POINT ( 'NONE',  ( -66.74999999999998579, -3.850000000000000533, -27.19238815542513521 ) ) ;
#1461 = CARTESIAN_POINT ( 'NONE',  ( -92.44999999999998863, 4.999999999999992006, -2.999999999999999112 ) ) ;
#1462 = VECTOR ( 'NONE', #1391, 1000.000000000000000 ) ;
#1463 = AXIS2_PLACEMENT_3D ( 'NONE', #1574, #1372, #1980 ) ;
#1464 = ORIENTED_EDGE ( 'NONE', *, *, #1198, .F. ) ;
#1465 = FACE_OUTER_BOUND ( 'NONE', #1489, .T. ) ;
#1466 = CARTESIAN_POINT ( 'NONE',  ( -95.19999999999998863, -5.000000000000007994, -2.999999999999999112 ) ) ;
#1467 = CIRCLE ( 'NONE', #2451, 2.750000000000000000 ) ;
#1468 = EDGE_CURVE ( 'NONE', #651, #1567, #1416, .T. ) ;
#1469 = ORIENTED_EDGE ( 'NONE', *, *, #683, .T. ) ;
#1470 = DIRECTION ( 'NONE',  ( -0.000000000000000000, -0.000000000000000000, 1.000000000000000000 ) ) ;
#1471 = CARTESIAN_POINT ( 'NONE',  ( -60.29999999999994031, 9.999999999999984013, -2.249999999999859668 ) ) ;
#1472 = ADVANCED_FACE ( 'NONE', ( #2226 ), #1640, .F. ) ;
#1473 = EDGE_CURVE ( 'NONE', #2196, #664, #1643, .T. ) ;
#1474 = DIRECTION ( 'NONE',  ( -0.000000000000000000, -0.000000000000000000, 1.000000000000000000 ) ) ;
#1475 = CARTESIAN_POINT ( 'NONE',  ( -85.22499999999998010, -5.500000000000000888, -6.000000000000000000 ) ) ;
#1476 = AXIS2_PLACEMENT_3D ( 'NONE', #1272, #1690, #912 ) ;
#1477 = ORIENTED_EDGE ( 'NONE', *, *, #32, .F. ) ;
#1478 = DIRECTION ( 'NONE',  ( 1.000000000000000000, 0.000000000000000000, 0.000000000000000000 ) ) ;
#1479 = ORIENTED_EDGE ( 'NONE', *, *, #786, .F. ) ;
#1480 = DIRECTION ( 'NONE',  ( 1.000000000000000000, 0.000000000000000000, 0.000000000000000000 ) ) ;
#1481 = ORIENTED_EDGE ( 'NONE', *, *, #1593, .T. ) ;
#1482 = VECTOR ( 'NONE', #2086, 1000.000000000000000 ) ;
#1483 = DIRECTION ( 'NONE',  ( 0.000000000000000000, -0.000000000000000000, 1.000000000000000000 ) ) ;
#1484 = DIRECTION ( 'NONE',  ( 0.000000000000000000, -1.000000000000000000, 0.000000000000000000 ) ) ;
#1485 = VERTEX_POINT ( 'NONE', #646 ) ;
#1486 = CARTESIAN_POINT ( 'NONE',  ( -145.5000000000000000, 9.500000000000003553, 6.000000000000000000 ) ) ;
#1487 = PLANE ( 'NONE',  #1700 ) ;
#1488 = AXIS2_PLACEMENT_3D ( 'NONE', #2310, #2284, #532 ) ;
#1489 = EDGE_LOOP ( 'NONE', ( #2113, #1236, #1092, #1497 ) ) ;
#1490 = LINE ( 'NONE', #561, #1063 ) ;
#1491 = ORIENTED_EDGE ( 'NONE', *, *, #1116, .T. ) ;
#1492 = ADVANCED_FACE ( 'NONE', ( #218 ), #1824, .F. ) ;
#1493 = CARTESIAN_POINT ( 'NONE',  ( -48.54999999999999716, -5.000000000000007994, 6.000000000000000000 ) ) ;
#1494 = ORIENTED_EDGE ( 'NONE', *, *, #1424, .F. ) ;
#1495 = LINE ( 'NONE', #1884, #270 ) ;
#1496 = LINE ( 'NONE', #2479, #1046 ) ;
#1497 = ORIENTED_EDGE ( 'NONE', *, *, #1073, .T. ) ;
#1498 = FILL_AREA_STYLE ('',( #149 ) ) ;
#1499 = FACE_OUTER_BOUND ( 'NONE', #99, .T. ) ;
#1500 = DIRECTION ( 'NONE',  ( 0.000000000000000000, 0.000000000000000000, 1.000000000000000000 ) ) ;
#1501 = VECTOR ( 'NONE', #1338, 1000.000000000000000 ) ;
#1502 = DIRECTION ( 'NONE',  ( 0.000000000000000000, 0.000000000000000000, 1.000000000000000000 ) ) ;
#1503 = ORIENTED_EDGE ( 'NONE', *, *, #2122, .F. ) ;
#1504 = EDGE_CURVE ( 'NONE', #2264, #1733, #828, .T. ) ;
#1505 = VECTOR ( 'NONE', #1275, 1000.000000000000000 ) ;
#1506 = ADVANCED_FACE ( 'NONE', ( #1626 ), #633, .F. ) ;
#1507 = DIRECTION ( 'NONE',  ( -1.000000000000000000, 0.000000000000000000, 0.000000000000000000 ) ) ;
#1508 = VECTOR ( 'NONE', #439, 1000.000000000000000 ) ;
#1509 = PLANE ( 'NONE',  #2383 ) ;
#1510 = DIRECTION ( 'NONE',  ( 0.000000000000000000, 0.000000000000000000, -1.000000000000000000 ) ) ;
#1511 = ORIENTED_EDGE ( 'NONE', *, *, #158, .T. ) ;
#1512 = DIRECTION ( 'NONE',  ( -0.000000000000000000, -1.000000000000000000, -0.000000000000000000 ) ) ;
#1513 = CARTESIAN_POINT ( 'NONE',  ( -85.22499999999998010, -5.500000000000000888, -6.000000000000000000 ) ) ;
#1514 = CARTESIAN_POINT ( 'NONE',  ( -96.39999999999999147, 9.999999999999987566, 5.999999999999998224 ) ) ;
#1515 = DIRECTION ( 'NONE',  ( -0.000000000000000000, -0.000000000000000000, -1.000000000000000000 ) ) ;
#1516 = ORIENTED_EDGE ( 'NONE', *, *, #2567, .F. ) ;
#1517 = CIRCLE ( 'NONE', #1096, 2.750000000000002665 ) ;
#1518 = ADVANCED_FACE ( 'NONE', ( #1861 ), #2447, .F. ) ;
#1519 = ORIENTED_EDGE ( 'NONE', *, *, #1929, .T. ) ;
#1520 = DIRECTION ( 'NONE',  ( -1.000000000000000000, 0.000000000000000000, -0.000000000000000000 ) ) ;
#1521 = VECTOR ( 'NONE', #863, 1000.000000000000000 ) ;
#1522 = FACE_OUTER_BOUND ( 'NONE', #1229, .T. ) ;
#1523 = AXIS2_PLACEMENT_3D ( 'NONE', #1767, #381, #1875 ) ;
#1524 = EDGE_LOOP ( 'NONE', ( #2526, #1370 ) ) ;
#1525 = SURFACE_SIDE_STYLE ('',( #338 ) ) ;
#1526 = LINE ( 'NONE', #1722, #1108 ) ;
#1527 = ORIENTED_EDGE ( 'NONE', *, *, #1073, .F. ) ;
#1528 = CARTESIAN_POINT ( 'NONE',  ( 2.200000000000005063, -5.000000000000001776, 6.000000000000000000 ) ) ;
#1529 = ORIENTED_EDGE ( 'NONE', *, *, #703, .F. ) ;
#1530 = ORIENTED_EDGE ( 'NONE', *, *, #1153, .T. ) ;
#1531 = CARTESIAN_POINT ( 'NONE',  ( -4.550000000000041567, 7.015992725061782150E-15, -18.00000000000000000 ) ) ;
#1532 = CARTESIAN_POINT ( 'NONE',  ( -85.22499999999998010, -5.500000000000000888, -6.000000000000000000 ) ) ;
#1533 = ADVANCED_FACE ( 'NONE', ( #56 ), #2425, .F. ) ;
#1534 = VERTEX_POINT ( 'NONE', #853 ) ;
#1535 = DIRECTION ( 'NONE',  ( 1.000000000000000000, 0.000000000000000000, 0.000000000000000000 ) ) ;
#1536 = DIRECTION ( 'NONE',  ( 0.000000000000000000, 0.000000000000000000, 1.000000000000000000 ) ) ;
#1537 = LINE ( 'NONE', #2320, #2209 ) ;
#1538 = DIRECTION ( 'NONE',  ( 0.000000000000000000, 0.000000000000000000, 1.000000000000000000 ) ) ;
#1539 = ORIENTED_EDGE ( 'NONE', *, *, #488, .T. ) ;
#1540 = ORIENTED_EDGE ( 'NONE', *, *, #657, .F. ) ;
#1541 = DIRECTION ( 'NONE',  ( 0.000000000000000000, 0.000000000000000000, 1.000000000000000000 ) ) ;
#1542 = ORIENTED_EDGE ( 'NONE', *, *, #1669, .F. ) ;
#1543 = AXIS2_PLACEMENT_3D ( 'NONE', #415, #781, #2175 ) ;
#1544 = CIRCLE ( 'NONE', #2083, 3.549999999999997602 ) ;
#1545 = CIRCLE ( 'NONE', #2128, 3.250000000000002665 ) ;
#1546 = FACE_OUTER_BOUND ( 'NONE', #823, .T. ) ;
#1547 = EDGE_CURVE ( 'NONE', #873, #629, #2436, .T. ) ;
#1548 = ORIENTED_EDGE ( 'NONE', *, *, #541, .T. ) ;
#1549 = EDGE_CURVE ( 'NONE', #1935, #953, #659, .T. ) ;
#1550 = DIRECTION ( 'NONE',  ( -1.000000000000000000, 0.000000000000000000, 0.000000000000000000 ) ) ;
#1551 = PLANE ( 'NONE',  #2468 ) ;
#1552 = VECTOR ( 'NONE', #1538, 1000.000000000000000 ) ;
#1553 = DIRECTION ( 'NONE',  ( -1.000000000000000000, 0.000000000000000000, 0.000000000000000000 ) ) ;
#1554 = ADVANCED_FACE ( 'NONE', ( #285 ), #1897, .F. ) ;
#1555 = ORIENTED_EDGE ( 'NONE', *, *, #834, .F. ) ;
#1556 = ORIENTED_EDGE ( 'NONE', *, *, #2088, .T. ) ;
#1557 = CARTESIAN_POINT ( 'NONE',  ( -9.550000000000009592, 9.999999999999996447, -25.99999999999998934 ) ) ;
#1558 = CARTESIAN_POINT ( 'NONE',  ( -39.54999999999999716, 14.50000000000001776, -56.33562262423501465 ) ) ;
#1559 = ORIENTED_EDGE ( 'NONE', *, *, #19, .T. ) ;
#1560 = CARTESIAN_POINT ( 'NONE',  ( -140.4499999999999886, -5.000000000000001776, 6.000000000000000000 ) ) ;
#1561 = ORIENTED_EDGE ( 'NONE', *, *, #1919, .F. ) ;
#1562 = LINE ( 'NONE', #960, #2211 ) ;
#1563 = FACE_OUTER_BOUND ( 'NONE', #938, .T. ) ;
#1564 = AXIS2_PLACEMENT_3D ( 'NONE', #208, #822, #1618 ) ;
#1565 = CARTESIAN_POINT ( 'NONE',  ( -145.5000000000000000, -10.00000000000000178, 5.999999999999998224 ) ) ;
#1566 = DIRECTION ( 'NONE',  ( 0.000000000000000000, 0.000000000000000000, -1.000000000000000000 ) ) ;
#1567 = VERTEX_POINT ( 'NONE', #2456 ) ;
#1568 = ORIENTED_EDGE ( 'NONE', *, *, #1692, .T. ) ;
#1569 = FACE_BOUND ( 'NONE', #849, .T. ) ;
#1570 = CARTESIAN_POINT ( 'NONE',  ( -55.77499999999999147, -5.500000000000000888, -6.000000000000000000 ) ) ;
#1571 = ADVANCED_FACE ( 'NONE', ( #311 ), #506, .T. ) ;
#1572 = ORIENTED_EDGE ( 'NONE', *, *, #388, .T. ) ;
#1573 = CIRCLE ( 'NONE', #2553, 3.550000000000002931 ) ;
#1574 = CARTESIAN_POINT ( 'NONE',  ( -140.4499999999999886, 4.999999999999998224, -2.999999999999999112 ) ) ;
#1575 = VERTEX_POINT ( 'NONE', #105 ) ;
#1576 = CARTESIAN_POINT ( 'NONE',  ( -45.79999999999999005, -5.000000000000007994, -2.999999999999999112 ) ) ;
#1577 = CARTESIAN_POINT ( 'NONE',  ( -0.5499999999999949374, -5.000000000000001776, -2.999999999999999112 ) ) ;
#1578 = CARTESIAN_POINT ( 'NONE',  ( -45.79999999999999005, 4.999999999999992006, -2.999999999999999112 ) ) ;
#1579 = DIRECTION ( 'NONE',  ( -0.000000000000000000, -0.000000000000000000, -1.000000000000000000 ) ) ;
#1580 = EDGE_LOOP ( 'NONE', ( #171, #567, #692, #1665 ) ) ;
#1581 = ORIENTED_EDGE ( 'NONE', *, *, #1408, .T. ) ;
#1582 = PLANE ( 'NONE',  #930 ) ;
#1583 = LINE ( 'NONE', #1727, #1267 ) ;
#1584 = ORIENTED_EDGE ( 'NONE', *, *, #2475, .F. ) ;
#1585 = EDGE_CURVE ( 'NONE', #1385, #997, #684, .T. ) ;
#1586 = AXIS2_PLACEMENT_3D ( 'NONE', #341, #2085, #138 ) ;
#1587 = CARTESIAN_POINT ( 'NONE',  ( -66.74999999999998579, -3.850000000000000533, -11.50000000000000000 ) ) ;
#1588 = VECTOR ( 'NONE', #1417, 1000.000000000000000 ) ;
#1589 = AXIS2_PLACEMENT_3D ( 'NONE', #762, #1788, #1991 ) ;
#1590 = ORIENTED_EDGE ( 'NONE', *, *, #2532, .T. ) ;
#1591 = FACE_OUTER_BOUND ( 'NONE', #1121, .T. ) ;
#1592 = DIRECTION ( 'NONE',  ( -1.000000000000000000, 0.000000000000000000, 0.000000000000000000 ) ) ;
#1593 = EDGE_CURVE ( 'NONE', #1195, #1332, #1309, .T. ) ;
#1594 = DIRECTION ( 'NONE',  ( 1.000000000000000000, -2.312964634635744436E-16, -0.000000000000000000 ) ) ;
#1595 = DIRECTION ( 'NONE',  ( -0.7071067811865510144, 1.090341985197065857E-15, 0.7071067811865440200 ) ) ;
#1596 = VERTEX_POINT ( 'NONE', #1162 ) ;
#1597 = CARTESIAN_POINT ( 'NONE',  ( 0.000000000000000000, 0.000000000000000000, 6.000000000000000000 ) ) ;
#1598 = VERTEX_POINT ( 'NONE', #118 ) ;
#1599 = DIRECTION ( 'NONE',  ( 0.000000000000000000, -1.000000000000000000, 0.000000000000000000 ) ) ;
#1600 = VECTOR ( 'NONE', #1384, 1000.000000000000000 ) ;
#1601 = ORIENTED_EDGE ( 'NONE', *, *, #436, .T. ) ;
#1602 = CARTESIAN_POINT ( 'NONE',  ( -143.1999999999999886, 4.999999999999998224, 6.000000000000000000 ) ) ;
#1603 = CARTESIAN_POINT ( 'NONE',  ( -39.54999999999997584, -40.41381265149108515, -25.99999999999998934 ) ) ;
#1604 = AXIS2_PLACEMENT_3D ( 'NONE', #1597, #398, #225 ) ;
#1605 = CYLINDRICAL_SURFACE ( 'NONE', #2077, 2.750000000000002665 ) ;
#1606 = CARTESIAN_POINT ( 'NONE',  ( -63.49999999999998579, -3.850000000000000977, 10.94974746830583001 ) ) ;
#1607 = AXIS2_PLACEMENT_3D ( 'NONE', #2265, #2463, #691 ) ;
#1608 = ORIENTED_EDGE ( 'NONE', *, *, #974, .T. ) ;
#1609 = FACE_OUTER_BOUND ( 'NONE', #1769, .T. ) ;
#1610 = ORIENTED_EDGE ( 'NONE', *, *, #1418, .T. ) ;
#1611 = EDGE_CURVE ( 'NONE', #1747, #804, #96, .T. ) ;
#1612 = DIRECTION ( 'NONE',  ( -0.000000000000000000, -0.000000000000000000, 1.000000000000000000 ) ) ;
#1613 = ORIENTED_EDGE ( 'NONE', *, *, #2311, .F. ) ;
#1614 = DIRECTION ( 'NONE',  ( 0.000000000000000000, 0.000000000000000000, -1.000000000000000000 ) ) ;
#1615 = DIRECTION ( 'NONE',  ( 0.7071067811865440200, 1.613993070193017857E-16, -0.7071067811865511255 ) ) ;
#1616 = ADVANCED_FACE ( 'NONE', ( #1909 ), #1509, .F. ) ;
#1617 = DIRECTION ( 'NONE',  ( -0.000000000000000000, -0.000000000000000000, 1.000000000000000000 ) ) ;
#1618 = DIRECTION ( 'NONE',  ( 0.000000000000000000, 0.000000000000000000, -1.000000000000000000 ) ) ;
#1619 = ORIENTED_EDGE ( 'NONE', *, *, #501, .T. ) ;
#1620 = CARTESIAN_POINT ( 'NONE',  ( -85.22499999999998010, -10.00000000000000000, -9.550000000000002487 ) ) ;
#1621 = EDGE_LOOP ( 'NONE', ( #1842, #2183, #555, #1138 ) ) ;
#1622 = CARTESIAN_POINT ( 'NONE',  ( -55.77499999999999147, -9.250000000000000000, -9.549999999999997158 ) ) ;
#1623 = CIRCLE ( 'NONE', #502, 3.250000000000002665 ) ;
#1624 = VECTOR ( 'NONE', #2471, 1000.000000000000000 ) ;
#1625 = EDGE_LOOP ( 'NONE', ( #1529, #204, #1443, #2013 ) ) ;
#1626 = FACE_OUTER_BOUND ( 'NONE', #686, .T. ) ;
#1627 = DIRECTION ( 'NONE',  ( -1.000000000000000000, 0.000000000000000000, 0.000000000000000000 ) ) ;
#1628 = EDGE_CURVE ( 'NONE', #873, #175, #1089, .T. ) ;
#1629 = AXIS2_PLACEMENT_3D ( 'NONE', #1871, #299, #1312 ) ;
#1630 = EDGE_CURVE ( 'NONE', #997, #1180, #1495, .T. ) ;
#1631 = CARTESIAN_POINT ( 'NONE',  ( -89.69999999999998863, -5.000000000000007994, -2.999999999999999112 ) ) ;
#1632 = AXIS2_PLACEMENT_3D ( 'NONE', #815, #2235, #2197 ) ;
#1633 = PLANE ( 'NONE',  #941 ) ;
#1634 = EDGE_CURVE ( 'NONE', #1701, #2542, #774, .T. ) ;
#1635 = EDGE_LOOP ( 'NONE', ( #984, #1285, #1568, #2429 ) ) ;
#1636 = CYLINDRICAL_SURFACE ( 'NONE', #729, 1.750000000000001554 ) ;
#1637 = ORIENTED_EDGE ( 'NONE', *, *, #1281, .T. ) ;
#1638 = DIRECTION ( 'NONE',  ( 1.541976423090487350E-15, -1.000000000000000000, 0.000000000000000000 ) ) ;
#1639 = ORIENTED_EDGE ( 'NONE', *, *, #80, .F. ) ;
#1640 = PLANE ( 'NONE',  #2223 ) ;
#1641 = FACE_OUTER_BOUND ( 'NONE', #1882, .T. ) ;
#1642 = FILL_AREA_STYLE_COLOUR ( '', #696 ) ;
#1643 = CIRCLE ( 'NONE', #1433, 3.250000000000002665 ) ;
#1644 = CARTESIAN_POINT ( 'NONE',  ( -65.24999999999998579, 6.149999999999999467, 10.94974746830583001 ) ) ;
#1645 = CARTESIAN_POINT ( 'NONE',  ( -4.500000000000002665, 9.500000000000003553, 6.000000000000000000 ) ) ;
#1646 = ORIENTED_EDGE ( 'NONE', *, *, #993, .F. ) ;
#1647 = CARTESIAN_POINT ( 'NONE',  ( -48.54999999999999716, 4.999999999999992006, 6.000000000000000000 ) ) ;
#1648 = VERTEX_POINT ( 'NONE', #1099 ) ;
#1649 = EDGE_CURVE ( 'NONE', #320, #911, #602, .T. ) ;
#1650 = EDGE_CURVE ( 'NONE', #1485, #1868, #1705, .T. ) ;
#1651 = DIRECTION ( 'NONE',  ( 0.000000000000000000, 0.000000000000000000, 1.000000000000000000 ) ) ;
#1652 = ORIENTED_EDGE ( 'NONE', *, *, #925, .T. ) ;
#1653 = CARTESIAN_POINT ( 'NONE',  ( -85.22499999999998010, -9.250000000000000000, -9.550000000000002487 ) ) ;
#1654 = DIRECTION ( 'NONE',  ( -0.000000000000000000, -0.000000000000000000, 1.000000000000000000 ) ) ;
#1655 =( NAMED_UNIT ( * ) PLANE_ANGLE_UNIT ( ) SI_UNIT ( $, .RADIAN. ) );
#1656 = CIRCLE ( 'NONE', #653, 2.750000000000000000 ) ;
#1657 = PRODUCT_DEFINITION_FORMATION_WITH_SPECIFIED_SOURCE ( 'ANY', '', #2114, .NOT_KNOWN. ) ;
#1658 = CARTESIAN_POINT ( 'NONE',  ( -9.550000000000002487, 14.50000000000000888, -56.33562262423501465 ) ) ;
#1659 = CARTESIAN_POINT ( 'NONE',  ( -85.22499999999998010, -9.250000000000000000, -7.900000000000000355 ) ) ;
#1660 = VERTEX_POINT ( 'NONE', #1557 ) ;
#1661 = CYLINDRICAL_SURFACE ( 'NONE', #400, 3.250000000000002665 ) ;
#1662 = ORIENTED_EDGE ( 'NONE', *, *, #813, .T. ) ;
#1663 = EDGE_CURVE ( 'NONE', #485, #1330, #2340, .T. ) ;
#1664 = CARTESIAN_POINT ( 'NONE',  ( -80.74999999999998579, 6.150000000000000355, -27.19238815542513521 ) ) ;
#1665 = ORIENTED_EDGE ( 'NONE', *, *, #468, .F. ) ;
#1666 = CYLINDRICAL_SURFACE ( 'NONE', #1139, 2.750000000000002665 ) ;
#1667 = CARTESIAN_POINT ( 'NONE',  ( -48.54999999999999716, 4.999999999999992006, -2.999999999999999112 ) ) ;
#1668 = VECTOR ( 'NONE', #2068, 1000.000000000000000 ) ;
#1669 = EDGE_CURVE ( 'NONE', #2513, #2025, #1979, .T. ) ;
#1670 = CARTESIAN_POINT ( 'NONE',  ( -39.54999999999999005, -10.00000000000000178, -25.99999999999998934 ) ) ;
#1671 = DIRECTION ( 'NONE',  ( 0.000000000000000000, 0.000000000000000000, -1.000000000000000000 ) ) ;
#1672 = AXIS2_PLACEMENT_3D ( 'NONE', #2426, #69, #1627 ) ;
#1673 = AXIS2_PLACEMENT_3D ( 'NONE', #2239, #1654, #2437 ) ;
#1674 = EDGE_LOOP ( 'NONE', ( #63, #2129, #422, #1856 ) ) ;
#1675 = DIRECTION ( 'NONE',  ( 2.282530889443168008E-16, 1.000000000000000000, 0.000000000000000000 ) ) ;
#1676 = VERTEX_POINT ( 'NONE', #1191 ) ;
#1677 = CARTESIAN_POINT ( 'NONE',  ( -0.5499999999999949374, 4.999999999999998224, -2.999999999999999112 ) ) ;
#1678 = ORIENTED_EDGE ( 'NONE', *, *, #2263, .T. ) ;
#1679 = VECTOR ( 'NONE', #1713, 1000.000000000000000 ) ;
#1680 = DIRECTION ( 'NONE',  ( -0.000000000000000000, -0.000000000000000000, -1.000000000000000000 ) ) ;
#1681 = CARTESIAN_POINT ( 'NONE',  ( -136.4999999999999716, 9.999999999999996447, 5.999999999999998224 ) ) ;
#1682 = ORIENTED_EDGE ( 'NONE', *, *, #223, .T. ) ;
#1683 = CARTESIAN_POINT ( 'NONE',  ( -16.29999999999977334, 9.999999999999994671, -29.74999999999986144 ) ) ;
#1684 = DIRECTION ( 'NONE',  ( 0.000000000000000000, -1.000000000000000000, 0.000000000000000000 ) ) ;
#1685 = ADVANCED_FACE ( 'NONE', ( #799 ), #1582, .F. ) ;
#1686 = VECTOR ( 'NONE', #1151, 1000.000000000000000 ) ;
#1687 = ORIENTED_EDGE ( 'NONE', *, *, #1650, .T. ) ;
#1688 = DIRECTION ( 'NONE',  ( -1.000000000000000000, -2.282530889443168008E-16, 0.000000000000000000 ) ) ;
#1689 = EDGE_LOOP ( 'NONE', ( #706, #2198 ) ) ;
#1690 = DIRECTION ( 'NONE',  ( -0.000000000000000000, -1.000000000000000000, -0.000000000000000000 ) ) ;
#1691 = VERTEX_POINT ( 'NONE', #2355 ) ;
#1692 = EDGE_CURVE ( 'NONE', #2060, #2242, #995, .T. ) ;
#1693 = DIRECTION ( 'NONE',  ( -1.000000000000000000, -2.162996852838912610E-16, 0.000000000000000000 ) ) ;
#1694 = FACE_OUTER_BOUND ( 'NONE', #1621, .T. ) ;
#1695 = ORIENTED_EDGE ( 'NONE', *, *, #1265, .F. ) ;
#1696 = EDGE_CURVE ( 'NONE', #997, #1452, #1383, .T. ) ;
#1697 = SURFACE_STYLE_USAGE ( .BOTH. , #1525 ) ;
#1698 = CARTESIAN_POINT ( 'NONE',  ( -63.49999999999998579, 6.149999999999999467, 10.94974746830583001 ) ) ;
#1699 = ADVANCED_FACE ( 'NONE', ( #2219, #410, #1368, #201, #2395, #1217, #1410, #2569, #1177, #1230, #1569, #1975, #1203 ), #186, .T. ) ;
#1700 = AXIS2_PLACEMENT_3D ( 'NONE', #2440, #1671, #1448 ) ;
#1701 = VERTEX_POINT ( 'NONE', #1999 ) ;
#1702 = CARTESIAN_POINT ( 'NONE',  ( -51.29999999999999716, -5.000000000000007994, 6.000000000000000000 ) ) ;
#1703 = ORIENTED_EDGE ( 'NONE', *, *, #2273, .T. ) ;
#1704 = CARTESIAN_POINT ( 'NONE',  ( -77.49999999999998579, 6.150000000000000355, -18.00000000000000000 ) ) ;
#1705 = LINE ( 'NONE', #2478, #2059 ) ;
#1706 = DIRECTION ( 'NONE',  ( 2.282530889443168501E-16, 1.000000000000000000, 0.000000000000000000 ) ) ;
#1707 = ORIENTED_EDGE ( 'NONE', *, *, #622, .F. ) ;
#1708 = CYLINDRICAL_SURFACE ( 'NONE', #2321, 2.750000000000002665 ) ;
#1709 = CARTESIAN_POINT ( 'NONE',  ( -101.4499999999999886, 19.50000000000000355, -30.99999999999998934 ) ) ;
#1710 = EDGE_CURVE ( 'NONE', #44, #1148, #1853, .T. ) ;
#1711 = CARTESIAN_POINT ( 'NONE',  ( -3.299999999999994937, -5.000000000000001776, -2.999999999999999112 ) ) ;
#1712 = AXIS2_PLACEMENT_3D ( 'NONE', #1196, #2535, #2146 ) ;
#1713 = DIRECTION ( 'NONE',  ( 1.000000000000000000, 0.000000000000000000, 0.000000000000000000 ) ) ;
#1714 = EDGE_LOOP ( 'NONE', ( #2412, #2315 ) ) ;
#1715 = VECTOR ( 'NONE', #1066, 1000.000000000000000 ) ;
#1716 = ORIENTED_EDGE ( 'NONE', *, *, #1388, .F. ) ;
#1717 = CARTESIAN_POINT ( 'NONE',  ( -45.79999999999999005, 4.999999999999992006, 6.000000000000000000 ) ) ;
#1718 = DIRECTION ( 'NONE',  ( 0.000000000000000000, 0.000000000000000000, 1.000000000000000000 ) ) ;
#1719 = DIRECTION ( 'NONE',  ( -1.000000000000000000, 0.000000000000000000, 0.000000000000000000 ) ) ;
#1720 = ORIENTED_EDGE ( 'NONE', *, *, #2119, .F. ) ;
#1721 = CARTESIAN_POINT ( 'NONE',  ( -0.5499999999999949374, 4.999999999999998224, -2.999999999999999112 ) ) ;
#1722 = CARTESIAN_POINT ( 'NONE',  ( -44.59999999999998721, -20.31665382639196693, 5.999999999999998224 ) ) ;
#1723 = CARTESIAN_POINT ( 'NONE',  ( -55.77499999999999147, -9.250000000000000000, -6.000000000000000000 ) ) ;
#1724 = ORIENTED_EDGE ( 'NONE', *, *, #1650, .F. ) ;
#1725 = CIRCLE ( 'NONE', #1849, 1.750000000000001554 ) ;
#1726 = ORIENTED_EDGE ( 'NONE', *, *, #228, .T. ) ;
#1727 = CARTESIAN_POINT ( 'NONE',  ( -136.4999999999999716, 9.999999999999996447, 5.999999999999998224 ) ) ;
#1728 = VECTOR ( 'NONE', #697, 1000.000000000000000 ) ;
#1729 = ADVANCED_FACE ( 'NONE', ( #1988, #1784 ), #212, .F. ) ;
#1730 = ADVANCED_FACE ( 'NONE', ( #435 ), #1034, .F. ) ;
#1731 = LINE ( 'NONE', #2280, #424 ) ;
#1732 = CIRCLE ( 'NONE', #605, 3.250000000000002665 ) ;
#1733 = VERTEX_POINT ( 'NONE', #1620 ) ;
#1734 = CARTESIAN_POINT ( 'NONE',  ( -80.74999999999998579, 6.150000000000000355, -11.50000000000000000 ) ) ;
#1735 = DIRECTION ( 'NONE',  ( 0.000000000000000000, -1.000000000000000000, 0.000000000000000000 ) ) ;
#1736 = CARTESIAN_POINT ( 'NONE',  ( -55.77499999999999147, -9.250000000000000000, -2.450000000000002842 ) ) ;
#1737 = LINE ( 'NONE', #2126, #2328 ) ;
#1738 = VECTOR ( 'NONE', #2472, 999.9999999999998863 ) ;
#1739 = ORIENTED_EDGE ( 'NONE', *, *, #1010, .F. ) ;
#1740 = EDGE_LOOP ( 'NONE', ( #390, #1783 ) ) ;
#1741 = EDGE_CURVE ( 'NONE', #79, #1733, #809, .T. ) ;
#1742 = CARTESIAN_POINT ( 'NONE',  ( -74.24999999999998579, -3.849999999999999201, -11.50000000000000000 ) ) ;
#1743 = ORIENTED_EDGE ( 'NONE', *, *, #309, .F. ) ;
#1744 = ADVANCED_FACE ( 'NONE', ( #1609 ), #615, .F. ) ;
#1745 = EDGE_CURVE ( 'NONE', #645, #434, #1426, .T. ) ;
#1746 = CARTESIAN_POINT ( 'NONE',  ( -131.4499999999999886, -10.00000000000000178, -30.99999999999998934 ) ) ;
#1747 = VERTEX_POINT ( 'NONE', #869 ) ;
#1748 = CARTESIAN_POINT ( 'NONE',  ( -63.49999999999998579, -3.850000000000000977, -11.50000000000000000 ) ) ;
#1749 = CARTESIAN_POINT ( 'NONE',  ( -60.24999999999998579, 6.149999999999999467, 6.000000000000000000 ) ) ;
#1750 = ORIENTED_EDGE ( 'NONE', *, *, #1504, .F. ) ;
#1751 = DIRECTION ( 'NONE',  ( 0.000000000000000000, 0.000000000000000000, 1.000000000000000000 ) ) ;
#1752 = AXIS2_PLACEMENT_3D ( 'NONE', #2537, #2551, #783 ) ;
#1753 = ORIENTED_EDGE ( 'NONE', *, *, #874, .F. ) ;
#1754 =( GEOMETRIC_REPRESENTATION_CONTEXT ( 3 ) GLOBAL_UNCERTAINTY_ASSIGNED_CONTEXT ( ( #1886 ) ) GLOBAL_UNIT_ASSIGNED_CONTEXT ( ( #302, #316, #545 ) ) REPRESENTATION_CONTEXT ( 'NONE', 'WORKASPACE' ) );
#1755 = VERTEX_POINT ( 'NONE', #1879 ) ;
#1756 = DIRECTION ( 'NONE',  ( 0.000000000000000000, 0.000000000000000000, -1.000000000000000000 ) ) ;
#1757 = ORIENTED_EDGE ( 'NONE', *, *, #2147, .T. ) ;
#1758 = VECTOR ( 'NONE', #1763, 1000.000000000000000 ) ;
#1759 = VECTOR ( 'NONE', #1189, 1000.000000000000000 ) ;
#1760 = AXIS2_PLACEMENT_3D ( 'NONE', #119, #916, #1719 ) ;
#1761 = CARTESIAN_POINT ( 'NONE',  ( -77.49999999999998579, -3.849999999999999201, -11.50000000000000000 ) ) ;
#1762 = EDGE_LOOP ( 'NONE', ( #1276, #1268, #95, #1771 ) ) ;
#1763 = DIRECTION ( 'NONE',  ( 1.000000000000000000, -2.162996852838912610E-16, 0.000000000000000000 ) ) ;
#1764 = DIRECTION ( 'NONE',  ( -1.541976423090487350E-15, -1.000000000000000000, 0.000000000000000000 ) ) ;
#1765 = EDGE_CURVE ( 'NONE', #2459, #1288, #1294, .T. ) ;
#1766 = LINE ( 'NONE', #2177, #2164 ) ;
#1767 = CARTESIAN_POINT ( 'NONE',  ( -77.49999999999998579, 6.150000000000000355, 10.94974746830583001 ) ) ;
#1768 = ORIENTED_EDGE ( 'NONE', *, *, #1456, .F. ) ;
#1769 = EDGE_LOOP ( 'NONE', ( #127, #2179, #1724, #2254 ) ) ;
#1770 = CARTESIAN_POINT ( 'NONE',  ( -77.49999999999998579, -3.849999999999999201, -27.19238815542513521 ) ) ;
#1771 = ORIENTED_EDGE ( 'NONE', *, *, #642, .T. ) ;
#1772 = CIRCLE ( 'NONE', #972, 2.750000000000002665 ) ;
#1773 = VECTOR ( 'NONE', #1261, 1000.000000000000000 ) ;
#1774 = CARTESIAN_POINT ( 'NONE',  ( -9.550000000000002487, 19.50000000000000355, -23.00000000000003553 ) ) ;
#1775 = ORIENTED_EDGE ( 'NONE', *, *, #2532, .F. ) ;
#1776 = FACE_BOUND ( 'NONE', #73, .T. ) ;
#1777 = DIRECTION ( 'NONE',  ( -0.000000000000000000, -0.000000000000000000, -1.000000000000000000 ) ) ;
#1778 = ADVANCED_FACE ( 'NONE', ( #1439 ), #652, .T. ) ;
#1779 = CARTESIAN_POINT ( 'NONE',  ( -96.39999999999999147, 9.999999999999987566, 5.999999999999998224 ) ) ;
#1780 = FACE_OUTER_BOUND ( 'NONE', #2170, .T. ) ;
#1781 = ADVANCED_FACE ( 'NONE', ( #305 ), #446, .F. ) ;
#1782 = ORIENTED_EDGE ( 'NONE', *, *, #2190, .F. ) ;
#1783 = ORIENTED_EDGE ( 'NONE', *, *, #846, .T. ) ;
#1784 = FACE_BOUND ( 'NONE', #1244, .T. ) ;
#1785 = CARTESIAN_POINT ( 'NONE',  ( -131.4499999999999886, -40.41381265149107804, -25.99999999999998934 ) ) ;
#1786 = ORIENTED_EDGE ( 'NONE', *, *, #1340, .F. ) ;
#1787 = AXIS2_PLACEMENT_3D ( 'NONE', #961, #2200, #1791 ) ;
#1788 = DIRECTION ( 'NONE',  ( 0.000000000000000000, 0.000000000000000000, 1.000000000000000000 ) ) ;
#1789 = EDGE_LOOP ( 'NONE', ( #115, #1555 ) ) ;
#1790 = DIRECTION ( 'NONE',  ( -1.000000000000000000, 0.000000000000000000, 0.000000000000000000 ) ) ;
#1791 = DIRECTION ( 'NONE',  ( -1.000000000000000000, 0.000000000000000000, 0.000000000000000000 ) ) ;
#1792 = CARTESIAN_POINT ( 'NONE',  ( -137.6999999999999886, -5.000000000000001776, -2.999999999999999112 ) ) ;
#1793 = DIRECTION ( 'NONE',  ( 0.000000000000000000, 0.000000000000000000, -1.000000000000000000 ) ) ;
#1794 = ORIENTED_EDGE ( 'NONE', *, *, #1880, .T. ) ;
#1795 = CARTESIAN_POINT ( 'NONE',  ( -85.22499999999998010, -5.500000000000000888, -7.900000000000000355 ) ) ;
#1796 = VERTEX_POINT ( 'NONE', #1243 ) ;
#1797 = AXIS2_PLACEMENT_3D ( 'NONE', #2019, #1420, #1839 ) ;
#1798 = CARTESIAN_POINT ( 'NONE',  ( -96.39999999999999147, 9.999999999999987566, -18.00000000000000000 ) ) ;
#1799 = CIRCLE ( 'NONE', #668, 3.250000000000002665 ) ;
#1800 = AXIS2_PLACEMENT_3D ( 'NONE', #229, #1651, #1859 ) ;
#1801 = ORIENTED_EDGE ( 'NONE', *, *, #77, .T. ) ;
#1802 = CARTESIAN_POINT ( 'NONE',  ( -131.4499999999999886, 19.50000000000000355, -30.99999999999998934 ) ) ;
#1803 = DIRECTION ( 'NONE',  ( -1.000000000000000000, 0.000000000000000000, 0.000000000000000000 ) ) ;
#1804 = CARTESIAN_POINT ( 'NONE',  ( -96.44999999999998863, -10.00000000000000000, 13.50000000000001243 ) ) ;
#1805 = DIRECTION ( 'NONE',  ( -1.000000000000000000, 0.000000000000000000, 0.000000000000000000 ) ) ;
#1806 = EDGE_LOOP ( 'NONE', ( #632, #2075, #1425, #798, #1344, #2452 ) ) ;
#1807 = CARTESIAN_POINT ( 'NONE',  ( 4.500000000000000000, 9.500000000000003553, 6.000000000000000000 ) ) ;
#1808 = EDGE_LOOP ( 'NONE', ( #1753, #2357, #382, #1782 ) ) ;
#1809 = LINE ( 'NONE', #1428, #1335 ) ;
#1810 = ADVANCED_FACE ( 'NONE', ( #2442 ), #859, .F. ) ;
#1811 = VECTOR ( 'NONE', #1470, 1000.000000000000000 ) ;
#1812 = EDGE_LOOP ( 'NONE', ( #1322, #1619 ) ) ;
#1813 = FACE_OUTER_BOUND ( 'NONE', #1411, .T. ) ;
#1814 = DIRECTION ( 'NONE',  ( 1.000000000000000000, 0.000000000000000000, 0.000000000000000000 ) ) ;
#1815 = CARTESIAN_POINT ( 'NONE',  ( -0.5499999999999949374, -5.000000000000001776, -2.999999999999999112 ) ) ;
#1816 = LINE ( 'NONE', #9, #910 ) ;
#1817 = DIRECTION ( 'NONE',  ( 0.000000000000000000, 0.000000000000000000, 1.000000000000000000 ) ) ;
#1818 = EDGE_LOOP ( 'NONE', ( #2248, #2138, #792, #1703 ) ) ;
#1819 = DIRECTION ( 'NONE',  ( -1.000000000000000000, 2.282530889443167515E-16, 0.000000000000000000 ) ) ;
#1820 = ORIENTED_EDGE ( 'NONE', *, *, #2104, .T. ) ;
#1821 = LINE ( 'NONE', #2222, #1508 ) ;
#1822 = ADVANCED_FACE ( 'NONE', ( #1465 ), #1661, .F. ) ;
#1823 = VERTEX_POINT ( 'NONE', #2420 ) ;
#1824 = CYLINDRICAL_SURFACE ( 'NONE', #725, 2.750000000000002665 ) ;
#1825 = FACE_OUTER_BOUND ( 'NONE', #1911, .T. ) ;
#1826 = PRODUCT_CONTEXT ( 'NONE', #1134, 'mechanical' ) ;
#1827 = EDGE_CURVE ( 'NONE', #1124, #1385, #474, .T. ) ;
#1828 = CARTESIAN_POINT ( 'NONE',  ( -77.49999999999998579, 6.150000000000000355, -11.50000000000000000 ) ) ;
#1829 = FACE_OUTER_BOUND ( 'NONE', #1878, .T. ) ;
#1830 = ORIENTED_EDGE ( 'NONE', *, *, #1473, .T. ) ;
#1831 = DIRECTION ( 'NONE',  ( 3.558407130208838201E-16, -1.000000000000000000, 0.000000000000000000 ) ) ;
#1832 = ORIENTED_EDGE ( 'NONE', *, *, #1630, .T. ) ;
#1833 = LINE ( 'NONE', #449, #2411 ) ;
#1834 = VECTOR ( 'NONE', #1500, 1000.000000000000000 ) ;
#1835 = ORIENTED_EDGE ( 'NONE', *, *, #230, .T. ) ;
#1836 = CARTESIAN_POINT ( 'NONE',  ( -63.49999999999998579, -3.850000000000000977, 10.94974746830583001 ) ) ;
#1837 = DIRECTION ( 'NONE',  ( 1.541976423090487350E-15, -1.000000000000000000, 0.000000000000000000 ) ) ;
#1838 = AXIS2_PLACEMENT_3D ( 'NONE', #219, #18, #1091 ) ;
#1839 = DIRECTION ( 'NONE',  ( -1.000000000000000000, 0.000000000000000000, 0.000000000000000000 ) ) ;
#1840 = DIRECTION ( 'NONE',  ( -1.000000000000000000, 0.000000000000000000, 0.000000000000000000 ) ) ;
#1841 = ADVANCED_FACE ( 'NONE', ( #2232 ), #1269, .F. ) ;
#1842 = ORIENTED_EDGE ( 'NONE', *, *, #1549, .F. ) ;
#1843 = CARTESIAN_POINT ( 'NONE',  ( -136.4999999999999716, -10.00000000000000178, 6.000000000000000000 ) ) ;
#1844 = ORIENTED_EDGE ( 'NONE', *, *, #1299, .F. ) ;
#1845 = DIRECTION ( 'NONE',  ( 0.000000000000000000, 0.000000000000000000, -1.000000000000000000 ) ) ;
#1846 = ORIENTED_EDGE ( 'NONE', *, *, #1997, .F. ) ;
#1847 = DIRECTION ( 'NONE',  ( -1.000000000000000000, 0.000000000000000000, 0.000000000000000000 ) ) ;
#1848 = CARTESIAN_POINT ( 'NONE',  ( -65.24999999999998579, -3.850000000000000977, -18.00000000000000000 ) ) ;
#1849 = AXIS2_PLACEMENT_3D ( 'NONE', #1704, #927, #1507 ) ;
#1850 = EDGE_CURVE ( 'NONE', #251, #2087, #837, .T. ) ;
#1851 = CARTESIAN_POINT ( 'NONE',  ( -136.4499999999999318, 7.015992725061782150E-15, -18.00000000000000000 ) ) ;
#1853 = CIRCLE ( 'NONE', #478, 2.750000000000002665 ) ;
#1852 = FACE_OUTER_BOUND ( 'NONE', #2345, .T. ) ;
#1854 = ADVANCED_FACE ( 'NONE', ( #881 ), #1636, .F. ) ;
#1855 = EDGE_CURVE ( 'NONE', #2464, #1343, #1732, .T. ) ;
#1856 = ORIENTED_EDGE ( 'NONE', *, *, #816, .F. ) ;
#1857 = CARTESIAN_POINT ( 'NONE',  ( -145.5000000000000000, 19.50000000000000355, -18.00000000000000000 ) ) ;
#1858 = ORIENTED_EDGE ( 'NONE', *, *, #343, .T. ) ;
#1859 = DIRECTION ( 'NONE',  ( -1.000000000000000000, 0.000000000000000000, 0.000000000000000000 ) ) ;
#1860 = ORIENTED_EDGE ( 'NONE', *, *, #1266, .F. ) ;
#1861 = FACE_OUTER_BOUND ( 'NONE', #113, .T. ) ;
#1862 = LINE ( 'NONE', #480, #1505 ) ;
#1863 = AXIS2_PLACEMENT_3D ( 'NONE', #472, #236, #290 ) ;
#1864 = LINE ( 'NONE', #261, #1960 ) ;
#1865 = DIRECTION ( 'NONE',  ( 2.224004456380522396E-16, 1.000000000000000000, 0.000000000000000000 ) ) ;
#1866 = ORIENTED_EDGE ( 'NONE', *, *, #657, .T. ) ;
#1867 = FACE_OUTER_BOUND ( 'NONE', #1192, .T. ) ;
#1868 = VERTEX_POINT ( 'NONE', #1843 ) ;
#1869 = CARTESIAN_POINT ( 'NONE',  ( -44.59999999999999432, 9.999999999999987566, 5.999999999999998224 ) ) ;
#1870 = DIRECTION ( 'NONE',  ( -1.000000000000000000, 0.000000000000000000, 0.000000000000000000 ) ) ;
#1871 = CARTESIAN_POINT ( 'NONE',  ( -96.40000000000000568, -20.31665382639196693, 5.999999999999998224 ) ) ;
#1872 = AXIS2_PLACEMENT_3D ( 'NONE', #2299, #318, #1106 ) ;
#1873 = ORIENTED_EDGE ( 'NONE', *, *, #956, .F. ) ;
#1874 = LINE ( 'NONE', #1460, #665 ) ;
#1875 = DIRECTION ( 'NONE',  ( -1.000000000000000000, 0.000000000000000000, 0.000000000000000000 ) ) ;
#1876 = AXIS2_PLACEMENT_3D ( 'NONE', #2120, #110, #1927 ) ;
#1877 = VECTOR ( 'NONE', #2064, 1000.000000000000000 ) ;
#1878 = EDGE_LOOP ( 'NONE', ( #860, #557, #1998, #2555 ) ) ;
#1879 = CARTESIAN_POINT ( 'NONE',  ( -51.29999999999999716, -5.000000000000007994, -2.999999999999999112 ) ) ;
#1880 = EDGE_CURVE ( 'NONE', #147, #1964, #2453, .T. ) ;
#1881 = DIRECTION ( 'NONE',  ( 0.000000000000000000, 0.000000000000000000, 1.000000000000000000 ) ) ;
#1882 = EDGE_LOOP ( 'NONE', ( #121, #2354, #2051, #1021 ) ) ;
#1883 = ADVANCED_FACE ( 'NONE', ( #1867 ), #74, .F. ) ;
#1884 = CARTESIAN_POINT ( 'NONE',  ( -44.59999999999999432, 9.999999999999987566, 5.999999999999998224 ) ) ;
#1885 = CARTESIAN_POINT ( 'NONE',  ( -0.5499999999999949374, -5.000000000000001776, -2.999999999999999112 ) ) ;
#1886 = UNCERTAINTY_MEASURE_WITH_UNIT (LENGTH_MEASURE( 1.000000000000000082E-05 ), #302, 'distance_accuracy_value', 'NONE');
#1887 = ORIENTED_EDGE ( 'NONE', *, *, #312, .F. ) ;
#1888 = LINE ( 'NONE', #701, #1624 ) ;
#1889 = DIRECTION ( 'NONE',  ( -1.000000000000000000, 0.000000000000000000, 0.000000000000000000 ) ) ;
#1890 = VECTOR ( 'NONE', #1179, 1000.000000000000000 ) ;
#1891 = CARTESIAN_POINT ( 'NONE',  ( -39.54999999999999005, -10.00000000000000178, -30.99999999999998934 ) ) ;
#1892 = DIRECTION ( 'NONE',  ( -1.000000000000000000, 0.000000000000000000, 0.000000000000000000 ) ) ;
#1893 = ORIENTED_EDGE ( 'NONE', *, *, #1310, .T. ) ;
#1894 = CARTESIAN_POINT ( 'NONE',  ( -55.77499999999999147, -9.250000000000000000, -2.450000000000002842 ) ) ;
#1895 = EDGE_CURVE ( 'NONE', #1330, #1247, #934, .T. ) ;
#1896 = AXIS2_PLACEMENT_3D ( 'NONE', #2350, #1215, #2378 ) ;
#1897 = CYLINDRICAL_SURFACE ( 'NONE', #2096, 1.750000000000001554 ) ;
#1898 = CARTESIAN_POINT ( 'NONE',  ( -63.49999999999998579, 6.149999999999999467, -11.50000000000000000 ) ) ;
#1899 = EDGE_CURVE ( 'NONE', #2542, #2225, #20, .T. ) ;
#1900 = ORIENTED_EDGE ( 'NONE', *, *, #1895, .F. ) ;
#1901 = DIRECTION ( 'NONE',  ( 1.000000000000000000, 0.000000000000000000, 0.000000000000000000 ) ) ;
#1902 = DIRECTION ( 'NONE',  ( -0.000000000000000000, -0.000000000000000000, -1.000000000000000000 ) ) ;
#1903 = ORIENTED_EDGE ( 'NONE', *, *, #700, .T. ) ;
#1904 = DIRECTION ( 'NONE',  ( 1.000000000000000000, 0.000000000000000000, 0.000000000000000000 ) ) ;
#1905 = ORIENTED_EDGE ( 'NONE', *, *, #280, .T. ) ;
#1906 = EDGE_LOOP ( 'NONE', ( #346, #1454, #2323, #1015 ) ) ;
#1907 = LINE ( 'NONE', #1466, #682 ) ;
#1908 = EDGE_CURVE ( 'NONE', #2530, #1660, #1490, .T. ) ;
#1909 = FACE_OUTER_BOUND ( 'NONE', #2424, .T. ) ;
#1910 = PLANE ( 'NONE',  #1629 ) ;
#1911 = EDGE_LOOP ( 'NONE', ( #1346, #1295, #2233, #337, #2369, #241 ) ) ;
#1912 = CARTESIAN_POINT ( 'NONE',  ( -145.5000000000000000, -10.00000000000000178, 6.000000000000000000 ) ) ;
#1913 = DIRECTION ( 'NONE',  ( 1.000000000000000000, 0.000000000000000000, 0.000000000000000000 ) ) ;
#1914 = AXIS2_PLACEMENT_3D ( 'NONE', #1200, #612, #1406 ) ;
#1915 = LINE ( 'NONE', #1132, #1413 ) ;
#1916 = AXIS2_PLACEMENT_3D ( 'NONE', #134, #727, #2134 ) ;
#1917 = CARTESIAN_POINT ( 'NONE',  ( -85.22499999999998010, -5.500000000000000888, -7.900000000000000355 ) ) ;
#1918 = ORIENTED_EDGE ( 'NONE', *, *, #574, .F. ) ;
#1919 = EDGE_CURVE ( 'NONE', #714, #130, #139, .T. ) ;
#1920 = VECTOR ( 'NONE', #539, 1000.000000000000000 ) ;
#1921 = ORIENTED_EDGE ( 'NONE', *, *, #886, .T. ) ;
#1922 = FACE_OUTER_BOUND ( 'NONE', #1992, .T. ) ;
#1923 = ORIENTED_EDGE ( 'NONE', *, *, #112, .T. ) ;
#1924 = AXIS2_PLACEMENT_3D ( 'NONE', #1352, #2149, #1553 ) ;
#1925 = DIRECTION ( 'NONE',  ( 0.000000000000000000, -1.000000000000000000, 0.000000000000000000 ) ) ;
#1926 = ORIENTED_EDGE ( 'NONE', *, *, #548, .F. ) ;
#1927 = DIRECTION ( 'NONE',  ( 1.000000000000000000, 0.000000000000000000, 0.000000000000000000 ) ) ;
#1928 = DIRECTION ( 'NONE',  ( -0.000000000000000000, -0.000000000000000000, -1.000000000000000000 ) ) ;
#1929 = EDGE_CURVE ( 'NONE', #953, #487, #1467, .T. ) ;
#1930 = PLANE ( 'NONE',  #1872 ) ;
#1931 = DIRECTION ( 'NONE',  ( -1.000000000000000000, 0.000000000000000000, 0.000000000000000000 ) ) ;
#1932 = EDGE_LOOP ( 'NONE', ( #944, #959 ) ) ;
#1933 = EDGE_CURVE ( 'NONE', #2379, #26, #345, .T. ) ;
#1934 = ADVANCED_FACE ( 'NONE', ( #1945 ), #1329, .F. ) ;
#1935 = VERTEX_POINT ( 'NONE', #329 ) ;
#1936 = CARTESIAN_POINT ( 'NONE',  ( -61.74999999999999289, -3.850000000000000977, -11.50000000000000000 ) ) ;
#1937 = AXIS2_PLACEMENT_3D ( 'NONE', #1807, #2556, #38 ) ;
#1938 = ORIENTED_EDGE ( 'NONE', *, *, #375, .T. ) ;
#1939 = CARTESIAN_POINT ( 'NONE',  ( -74.24999999999998579, 6.150000000000000355, 6.000000000000000000 ) ) ;
#1940 = VECTOR ( 'NONE', #319, 1000.000000000000000 ) ;
#1941 = ORIENTED_EDGE ( 'NONE', *, *, #2558, .F. ) ;
#1942 = CARTESIAN_POINT ( 'NONE',  ( -85.22499999999998010, -9.250000000000000000, -4.099999999999998757 ) ) ;
#1943 = DIRECTION ( 'NONE',  ( 0.000000000000000000, -0.000000000000000000, 1.000000000000000000 ) ) ;
#1944 = ORIENTED_EDGE ( 'NONE', *, *, #909, .F. ) ;
#1945 = FACE_OUTER_BOUND ( 'NONE', #1128, .T. ) ;
#1946 = AXIS2_PLACEMENT_3D ( 'NONE', #262, #250, #1044 ) ;
#1947 = VERTEX_POINT ( 'NONE', #1702 ) ;
#1948 = ORIENTED_EDGE ( 'NONE', *, *, #464, .F. ) ;
#1949 = FACE_OUTER_BOUND ( 'NONE', #1806, .T. ) ;
#1950 = EDGE_LOOP ( 'NONE', ( #667, #1511, #1377, #494, #921, #1491, #2334, #987, #2048, #810 ) ) ;
#1951 = DIRECTION ( 'NONE',  ( -0.000000000000000000, -0.000000000000000000, 1.000000000000000000 ) ) ;
#1952 = EDGE_CURVE ( 'NONE', #2270, #1204, #552, .T. ) ;
#1953 = ORIENTED_EDGE ( 'NONE', *, *, #197, .F. ) ;
#1954 = DIRECTION ( 'NONE',  ( 0.000000000000000000, 1.000000000000000000, 0.000000000000000000 ) ) ;
#1955 = CARTESIAN_POINT ( 'NONE',  ( -96.45000000000003126, -6.869504964868111918E-14, -18.00000000000000000 ) ) ;
#1956 = DIRECTION ( 'NONE',  ( 0.000000000000000000, 1.000000000000000000, 0.000000000000000000 ) ) ;
#1957 = CARTESIAN_POINT ( 'NONE',  ( -101.4499999999999886, 14.50000000000001776, -23.00000000000002132 ) ) ;
#1958 = VECTOR ( 'NONE', #2391, 1000.000000000000000 ) ;
#1959 = ORIENTED_EDGE ( 'NONE', *, *, #263, .F. ) ;
#1960 = VECTOR ( 'NONE', #855, 1000.000000000000000 ) ;
#1961 = ORIENTED_EDGE ( 'NONE', *, *, #707, .F. ) ;
#1962 = CARTESIAN_POINT ( 'NONE',  ( 4.500000000000000000, 9.500000000000003553, 6.000000000000000000 ) ) ;
#1963 = DIRECTION ( 'NONE',  ( 0.000000000000000000, -1.000000000000000000, 0.000000000000000000 ) ) ;
#1964 = VERTEX_POINT ( 'NONE', #1118 ) ;
#1965 = VECTOR ( 'NONE', #363, 1000.000000000000000 ) ;
#1966 = VECTOR ( 'NONE', #1638, 1000.000000000000000 ) ;
#1967 = CARTESIAN_POINT ( 'NONE',  ( -143.1999999999999886, 4.999999999999998224, -2.999999999999999112 ) ) ;
#1968 = ORIENTED_EDGE ( 'NONE', *, *, #33, .F. ) ;
#1969 = CARTESIAN_POINT ( 'NONE',  ( 0.000000000000000000, 0.000000000000000000, -18.00000000000000000 ) ) ;
#1970 = DIRECTION ( 'NONE',  ( 0.000000000000000000, 0.000000000000000000, -1.000000000000000000 ) ) ;
#1971 = DIRECTION ( 'NONE',  ( -0.000000000000000000, -0.000000000000000000, -1.000000000000000000 ) ) ;
#1972 = CARTESIAN_POINT ( 'NONE',  ( -63.49999999999998579, 6.149999999999999467, 10.94974746830583001 ) ) ;
#1973 = ORIENTED_EDGE ( 'NONE', *, *, #102, .T. ) ;
#1974 = ORIENTED_EDGE ( 'NONE', *, *, #1982, .F. ) ;
#1975 = FACE_BOUND ( 'NONE', #758, .T. ) ;
#1976 = CARTESIAN_POINT ( 'NONE',  ( -77.49999999999998579, 6.150000000000000355, -11.50000000000000000 ) ) ;
#1977 = ORIENTED_EDGE ( 'NONE', *, *, #1354, .T. ) ;
#1978 = VECTOR ( 'NONE', #2021, 1000.000000000000000 ) ;
#1979 = CIRCLE ( 'NONE', #850, 2.750000000000000000 ) ;
#1980 = DIRECTION ( 'NONE',  ( -1.000000000000000000, 0.000000000000000000, 0.000000000000000000 ) ) ;
#1981 = ORIENTED_EDGE ( 'NONE', *, *, #2191, .F. ) ;
#1982 = EDGE_CURVE ( 'NONE', #2174, #23, #1737, .T. ) ;
#1983 = DIRECTION ( 'NONE',  ( 1.000000000000000000, 0.000000000000000000, 0.000000000000000000 ) ) ;
#1984 = CARTESIAN_POINT ( 'NONE',  ( -143.1999999999999886, 4.999999999999998224, -2.999999999999999112 ) ) ;
#1985 = CARTESIAN_POINT ( 'NONE',  ( 4.500000000000000000, 19.50000000000000355, 6.000000000000000000 ) ) ;
#1986 = PLANE ( 'NONE',  #543 ) ;
#1987 = ORIENTED_EDGE ( 'NONE', *, *, #2382, .F. ) ;
#1988 = FACE_OUTER_BOUND ( 'NONE', #1169, .T. ) ;
#1989 = AXIS2_PLACEMENT_3D ( 'NONE', #2450, #483, #1279 ) ;
#1990 = ORIENTED_EDGE ( 'NONE', *, *, #2168, .F. ) ;
#1991 = DIRECTION ( 'NONE',  ( 1.000000000000000000, 0.000000000000000000, 0.000000000000000000 ) ) ;
#1992 = EDGE_LOOP ( 'NONE', ( #1561, #841, #1921, #800 ) ) ;
#1993 = FACE_BOUND ( 'NONE', #699, .T. ) ;
#1994 = DIRECTION ( 'NONE',  ( -0.000000000000000000, -0.000000000000000000, -1.000000000000000000 ) ) ;
#1995 = PLANE ( 'NONE',  #2523 ) ;
#1996 = CARTESIAN_POINT ( 'NONE',  ( -101.4500000000000171, -10.00000000000000178, -30.99999999999998934 ) ) ;
#1997 = EDGE_CURVE ( 'NONE', #1415, #487, #1107, .T. ) ;
#1998 = ORIENTED_EDGE ( 'NONE', *, *, #2305, .T. ) ;
#1999 = CARTESIAN_POINT ( 'NONE',  ( -61.74999999999999289, 6.149999999999999467, -11.50000000000000000 ) ) ;
#2000 = VERTEX_POINT ( 'NONE', #1305 ) ;
#2001 = LINE ( 'NONE', #851, #1306 ) ;
#2002 = CIRCLE ( 'NONE', #2212, 2.750000000000002665 ) ;
#2003 = CIRCLE ( 'NONE', #1673, 1.750000000000001554 ) ;
#2004 = EDGE_LOOP ( 'NONE', ( #457, #92 ) ) ;
#2005 = CARTESIAN_POINT ( 'NONE',  ( -44.59999999999998721, -10.00000000000000178, 5.999999999999998224 ) ) ;
#2006 = PLANE ( 'NONE',  #120 ) ;
#2007 = CARTESIAN_POINT ( 'NONE',  ( -66.74999999999998579, 6.149999999999999467, -11.50000000000000000 ) ) ;
#2008 = LINE ( 'NONE', #2538, #568 ) ;
#2009 = AXIS2_PLACEMENT_3D ( 'NONE', #511, #1751, #936 ) ;
#2010 = EDGE_CURVE ( 'NONE', #1051, #13, #876, .T. ) ;
#2011 = ORIENTED_EDGE ( 'NONE', *, *, #468, .T. ) ;
#2012 = DIRECTION ( 'NONE',  ( -0.000000000000000000, -1.000000000000000000, -0.000000000000000000 ) ) ;
#2013 = ORIENTED_EDGE ( 'NONE', *, *, #661, .F. ) ;
#2014 = DIRECTION ( 'NONE',  ( -0.000000000000000000, -0.000000000000000000, 1.000000000000000000 ) ) ;
#2015 = AXIS2_PLACEMENT_3D ( 'NONE', #2544, #1541, #372 ) ;
#2016 = ORIENTED_EDGE ( 'NONE', *, *, #2382, .T. ) ;
#2017 = CARTESIAN_POINT ( 'NONE',  ( -63.49999999999998579, -3.850000000000000977, 6.000000000000000000 ) ) ;
#2018 = CARTESIAN_POINT ( 'NONE',  ( -92.44999999999998863, 4.999999999999992006, 6.000000000000000000 ) ) ;
#2019 = CARTESIAN_POINT ( 'NONE',  ( -92.44999999999998863, -5.000000000000007994, -2.999999999999999112 ) ) ;
#2020 = DIRECTION ( 'NONE',  ( 1.000000000000000000, 0.000000000000000000, 0.000000000000000000 ) ) ;
#2021 = DIRECTION ( 'NONE',  ( 1.541976423090487350E-15, 1.000000000000000000, 0.000000000000000000 ) ) ;
#2022 = VECTOR ( 'NONE', #1805, 1000.000000000000000 ) ;
#2023 = ORIENTED_EDGE ( 'NONE', *, *, #2304, .F. ) ;
#2024 = DIRECTION ( 'NONE',  ( 1.541976423090487350E-15, -1.000000000000000000, 0.000000000000000000 ) ) ;
#2025 = VERTEX_POINT ( 'NONE', #1528 ) ;
#2026 = DIRECTION ( 'NONE',  ( -0.000000000000000000, -0.000000000000000000, 1.000000000000000000 ) ) ;
#2027 = CIRCLE ( 'NONE', #898, 1.750000000000001554 ) ;
#2028 = ORIENTED_EDGE ( 'NONE', *, *, #470, .F. ) ;
#2029 = CARTESIAN_POINT ( 'NONE',  ( -140.4499999999999886, -5.000000000000001776, -2.999999999999999112 ) ) ;
#2030 = ADVANCED_FACE ( 'NONE', ( #2098 ), #368, .F. ) ;
#2031 = CARTESIAN_POINT ( 'NONE',  ( 4.500000000000001776, -10.00000000000000178, -18.00000000000000000 ) ) ;
#2032 = EDGE_CURVE ( 'NONE', #183, #2127, #216, .T. ) ;
#2033 = DIRECTION ( 'NONE',  ( -0.7071067811865439090, 0.000000000000000000, -0.7071067811865512365 ) ) ;
#2034 = CARTESIAN_POINT ( 'NONE',  ( -92.44999999999998863, 4.999999999999992006, 6.000000000000000000 ) ) ;
#2035 = ORIENTED_EDGE ( 'NONE', *, *, #1266, .T. ) ;
#2036 = DIRECTION ( 'NONE',  ( 1.000000000000000000, -9.130123557772669567E-17, 0.000000000000000000 ) ) ;
#2037 = ORIENTED_EDGE ( 'NONE', *, *, #1547, .T. ) ;
#2038 = DIRECTION ( 'NONE',  ( 0.000000000000000000, 0.000000000000000000, 1.000000000000000000 ) ) ;
#2039 = PRESENTATION_LAYER_ASSIGNMENT (  '', '', ( #165 ) ) ;
#2040 = EDGE_LOOP ( 'NONE', ( #1923, #2302 ) ) ;
#2041 = DIRECTION ( 'NONE',  ( 0.000000000000000000, 0.000000000000000000, 1.000000000000000000 ) ) ;
#2042 = DIRECTION ( 'NONE',  ( 0.000000000000000000, 0.000000000000000000, 1.000000000000000000 ) ) ;
#2043 = EDGE_CURVE ( 'NONE', #2087, #175, #907, .T. ) ;
#2044 = CIRCLE ( 'NONE', #167, 1.900000000000000577 ) ;
#2045 = EDGE_CURVE ( 'NONE', #1180, #1362, #744, .T. ) ;
#2046 = DIRECTION ( 'NONE',  ( -0.000000000000000000, -1.000000000000000000, -0.000000000000000000 ) ) ;
#2047 = LINE ( 'NONE', #1645, #278 ) ;
#2048 = ORIENTED_EDGE ( 'NONE', *, *, #1745, .F. ) ;
#2049 = DIRECTION ( 'NONE',  ( -0.000000000000000000, -0.000000000000000000, -1.000000000000000000 ) ) ;
#2050 = EDGE_CURVE ( 'NONE', #373, #1796, #2322, .T. ) ;
#2051 = ORIENTED_EDGE ( 'NONE', *, *, #1122, .T. ) ;
#2052 = FACE_OUTER_BOUND ( 'NONE', #2283, .T. ) ;
#2053 = ORIENTED_EDGE ( 'NONE', *, *, #2191, .T. ) ;
#2054 = DIRECTION ( 'NONE',  ( -0.000000000000000000, -0.000000000000000000, -1.000000000000000000 ) ) ;
#2055 = LINE ( 'NONE', #273, #1715 ) ;
#2056 = VECTOR ( 'NONE', #1248, 1000.000000000000000 ) ;
#2057 = DIRECTION ( 'NONE',  ( 1.000000000000000000, 0.000000000000000000, 0.000000000000000000 ) ) ;
#2059 = VECTOR ( 'NONE', #1718, 1000.000000000000000 ) ;
#2058 = CARTESIAN_POINT ( 'NONE',  ( -66.74999999999998579, -3.850000000000000533, 6.000000000000000000 ) ) ;
#2060 = VERTEX_POINT ( 'NONE', #1917 ) ;
#2061 = CARTESIAN_POINT ( 'NONE',  ( -77.49999999999998579, -3.849999999999999201, 6.000000000000000000 ) ) ;
#2062 = AXIS2_PLACEMENT_3D ( 'NONE', #292, #679, #1688 ) ;
#2063 = DIRECTION ( 'NONE',  ( 1.000000000000000000, 0.000000000000000000, 0.000000000000000000 ) ) ;
#2064 = DIRECTION ( 'NONE',  ( -0.000000000000000000, -1.000000000000000000, -0.000000000000000000 ) ) ;
#2065 =( LENGTH_UNIT ( ) NAMED_UNIT ( * ) SI_UNIT ( .MILLI., .METRE. ) );
#2066 = ADVANCED_FACE ( 'NONE', ( #535, #896 ), #550, .F. ) ;
#2067 = VERTEX_POINT ( 'NONE', #524 ) ;
#2068 = DIRECTION ( 'NONE',  ( -1.541976423090487350E-15, 1.000000000000000000, 0.000000000000000000 ) ) ;
#2069 = FACE_OUTER_BOUND ( 'NONE', #709, .T. ) ;
#2070 = VERTEX_POINT ( 'NONE', #705 ) ;
#2071 = DIRECTION ( 'NONE',  ( -0.7071067811865440200, 1.613993070193017857E-16, -0.7071067811865511255 ) ) ;
#2072 = EDGE_CURVE ( 'NONE', #487, #953, #426, .T. ) ;
#2073 = ADVANCED_FACE ( 'NONE', ( #948 ), #1318, .T. ) ;
#2074 = DIRECTION ( 'NONE',  ( -0.000000000000000000, -0.000000000000000000, 1.000000000000000000 ) ) ;
#2075 = ORIENTED_EDGE ( 'NONE', *, *, #661, .T. ) ;
#2076 = LINE ( 'NONE', #334, #1920 ) ;
#2077 = AXIS2_PLACEMENT_3D ( 'NONE', #2192, #221, #1380 ) ;
#2078 = AXIS2_PLACEMENT_3D ( 'NONE', #2332, #378, #1001 ) ;
#2079 = ORIENTED_EDGE ( 'NONE', *, *, #1933, .T. ) ;
#2080 = DIRECTION ( 'NONE',  ( 0.7071067811865439090, 1.613993070193017611E-16, 0.7071067811865512365 ) ) ;
#2081 = FACE_OUTER_BOUND ( 'NONE', #295, .T. ) ;
#2082 = VECTOR ( 'NONE', #1615, 1000.000000000000000 ) ;
#2083 = AXIS2_PLACEMENT_3D ( 'NONE', #613, #1407, #2204 ) ;
#2084 = VECTOR ( 'NONE', #2384, 1000.000000000000000 ) ;
#2085 = DIRECTION ( 'NONE',  ( 0.000000000000000000, 0.000000000000000000, 1.000000000000000000 ) ) ;
#2086 = DIRECTION ( 'NONE',  ( -0.7071067811865439090, 1.613993070193017611E-16, 0.7071067811865512365 ) ) ;
#2087 = VERTEX_POINT ( 'NONE', #600 ) ;
#2088 = EDGE_CURVE ( 'NONE', #1567, #1438, #2565, .T. ) ;
#2089 = EDGE_CURVE ( 'NONE', #1148, #44, #1316, .T. ) ;
#2090 = DIRECTION ( 'NONE',  ( 1.000000000000000000, 0.000000000000000000, 0.000000000000000000 ) ) ;
#2091 = DIRECTION ( 'NONE',  ( -0.000000000000000000, -1.000000000000000000, -0.000000000000000000 ) ) ;
#2092 = ORIENTED_EDGE ( 'NONE', *, *, #1277, .T. ) ;
#2093 = LINE ( 'NONE', #495, #1501 ) ;
#2094 = PLANE ( 'NONE',  #1488 ) ;
#2095 = AXIS2_PLACEMENT_3D ( 'NONE', #2465, #2267, #2454 ) ;
#2096 = AXIS2_PLACEMENT_3D ( 'NONE', #298, #1680, #1870 ) ;
#2097 = CARTESIAN_POINT ( 'NONE',  ( -74.24999999999998579, 6.150000000000000355, -11.50000000000000000 ) ) ;
#2098 = FACE_OUTER_BOUND ( 'NONE', #570, .T. ) ;
#2099 = ORIENTED_EDGE ( 'NONE', *, *, #2122, .T. ) ;
#2100 = ORIENTED_EDGE ( 'NONE', *, *, #2385, .F. ) ;
#2101 = DIRECTION ( 'NONE',  ( 0.000000000000000000, 0.000000000000000000, 1.000000000000000000 ) ) ;
#2102 = DIRECTION ( 'NONE',  ( 0.000000000000000000, -0.000000000000000000, -1.000000000000000000 ) ) ;
#2103 = CARTESIAN_POINT ( 'NONE',  ( 4.500000000000001776, -10.00000000000000178, 5.999999999999998224 ) ) ;
#2104 = EDGE_CURVE ( 'NONE', #2127, #26, #1395, .T. ) ;
#2105 = ORIENTED_EDGE ( 'NONE', *, *, #112, .F. ) ;
#2106 = DIRECTION ( 'NONE',  ( -1.000000000000000000, 0.000000000000000000, 0.000000000000000000 ) ) ;
#2107 = CARTESIAN_POINT ( 'NONE',  ( -137.6999999999999886, 4.999999999999998224, -2.999999999999999112 ) ) ;
#2108 = EDGE_CURVE ( 'NONE', #1175, #2397, #2008, .T. ) ;
#2109 = AXIS2_PLACEMENT_3D ( 'NONE', #845, #689, #2020 ) ;
#2110 = ORIENTED_EDGE ( 'NONE', *, *, #1007, .T. ) ;
#2111 = DIRECTION ( 'NONE',  ( -0.000000000000000000, -0.000000000000000000, 1.000000000000000000 ) ) ;
#2112 = ORIENTED_EDGE ( 'NONE', *, *, #1628, .T. ) ;
#2113 = ORIENTED_EDGE ( 'NONE', *, *, #1086, .F. ) ;
#2114 = PRODUCT ( '010_001_Left_right_servo_mount_front', '010_001_Left_right_servo_mount_front', '', ( #1826 ) ) ;
#2115 = CARTESIAN_POINT ( 'NONE',  ( -80.74999999999998579, -3.849999999999998757, -11.50000000000000000 ) ) ;
#2116 = DIRECTION ( 'NONE',  ( 1.000000000000000000, 0.000000000000000000, 0.000000000000000000 ) ) ;
#2117 = ADVANCED_FACE ( 'NONE', ( #1020 ), #22, .F. ) ;
#2118 = ORIENTED_EDGE ( 'NONE', *, *, #1855, .F. ) ;
#2119 = EDGE_CURVE ( 'NONE', #281, #1648, #417, .T. ) ;
#2120 = CARTESIAN_POINT ( 'NONE',  ( -48.54999999999999716, -5.000000000000007994, -2.999999999999999112 ) ) ;
#2121 = LINE ( 'NONE', #339, #240 ) ;
#2122 = EDGE_CURVE ( 'NONE', #2242, #413, #2230, .T. ) ;
#2123 = CIRCLE ( 'NONE', #1752, 2.750000000000000000 ) ;
#2124 = EDGE_LOOP ( 'NONE', ( #2568, #2244 ) ) ;
#2125 = VECTOR ( 'NONE', #1289, 1000.000000000000000 ) ;
#2126 = CARTESIAN_POINT ( 'NONE',  ( -39.54999999999997584, -10.00000000000000178, -30.99999999999998934 ) ) ;
#2127 = VERTEX_POINT ( 'NONE', #1365 ) ;
#2128 = AXIS2_PLACEMENT_3D ( 'NONE', #1249, #2042, #2259 ) ;
#2129 = ORIENTED_EDGE ( 'NONE', *, *, #1468, .F. ) ;
#2130 = ADVANCED_FACE ( 'NONE', ( #1780 ), #797, .F. ) ;
#2131 = LINE ( 'NONE', #1785, #928 ) ;
#2132 = DIRECTION ( 'NONE',  ( 0.000000000000000000, 0.000000000000000000, -1.000000000000000000 ) ) ;
#2133 = EDGE_LOOP ( 'NONE', ( #1973, #1548, #2092, #973 ) ) ;
#2134 = DIRECTION ( 'NONE',  ( -1.000000000000000000, 0.000000000000000000, 0.000000000000000000 ) ) ;
#2135 = LINE ( 'NONE', #111, #365 ) ;
#2136 = CARTESIAN_POINT ( 'NONE',  ( -85.22499999999998010, -10.00000000000000000, -2.449999999999996625 ) ) ;
#2137 = CARTESIAN_POINT ( 'NONE',  ( -55.77499999999999147, -5.500000000000000888, -4.099999999999998757 ) ) ;
#2138 = ORIENTED_EDGE ( 'NONE', *, *, #2458, .F. ) ;
#2139 = AXIS2_PLACEMENT_3D ( 'NONE', #565, #187, #2182 ) ;
#2140 = ORIENTED_EDGE ( 'NONE', *, *, #1850, .F. ) ;
#2141 = DIRECTION ( 'NONE',  ( -0.000000000000000000, -0.000000000000000000, 1.000000000000000000 ) ) ;
#2142 = ADVANCED_FACE ( 'NONE', ( #770 ), #2193, .F. ) ;
#2143 = EDGE_LOOP ( 'NONE', ( #785, #512, #1314, #2446 ) ) ;
#2144 = CARTESIAN_POINT ( 'NONE',  ( -44.59999999999999432, 9.999999999999987566, -18.00000000000000000 ) ) ;
#2145 = VERTEX_POINT ( 'NONE', #2403 ) ;
#2146 = DIRECTION ( 'NONE',  ( -1.000000000000000000, 0.000000000000000000, 0.000000000000000000 ) ) ;
#2147 = EDGE_CURVE ( 'NONE', #2167, #895, #168, .T. ) ;
#2148 = DIRECTION ( 'NONE',  ( -1.000000000000000000, 0.000000000000000000, 0.000000000000000000 ) ) ;
#2149 = DIRECTION ( 'NONE',  ( 0.000000000000000000, 0.000000000000000000, -1.000000000000000000 ) ) ;
#2150 = AXIS2_PLACEMENT_3D ( 'NONE', #1513, #1735, #742 ) ;
#2151 = EDGE_LOOP ( 'NONE', ( #2274, #607 ) ) ;
#2152 = AXIS2_PLACEMENT_3D ( 'NONE', #635, #287, #1028 ) ;
#2153 = ORIENTED_EDGE ( 'NONE', *, *, #1663, .F. ) ;
#2154 = ADVANCED_FACE ( 'NONE', ( #2552 ), #624, .F. ) ;
#2155 = LINE ( 'NONE', #2169, #1057 ) ;
#2156 = ORIENTED_EDGE ( 'NONE', *, *, #325, .T. ) ;
#2157 = ADVANCED_FACE ( 'NONE', ( #1201 ), #1986, .T. ) ;
#2158 = CYLINDRICAL_SURFACE ( 'NONE', #1296, 2.750000000000000000 ) ;
#2159 = EDGE_LOOP ( 'NONE', ( #734, #2559 ) ) ;
#2160 = DIRECTION ( 'NONE',  ( 0.000000000000000000, 0.000000000000000000, -1.000000000000000000 ) ) ;
#2161 = PLANE ( 'NONE',  #1239 ) ;
#2162 = DIRECTION ( 'NONE',  ( 1.000000000000000000, -0.000000000000000000, 0.000000000000000000 ) ) ;
#2163 = DIRECTION ( 'NONE',  ( 0.000000000000000000, 0.000000000000000000, -1.000000000000000000 ) ) ;
#2164 = VECTOR ( 'NONE', #991, 1000.000000000000000 ) ;
#2165 = ORIENTED_EDGE ( 'NONE', *, *, #1696, .F. ) ;
#2166 = CIRCLE ( 'NONE', #2078, 3.250000000000002665 ) ;
#2167 = VERTEX_POINT ( 'NONE', #964 ) ;
#2168 = EDGE_CURVE ( 'NONE', #1660, #804, #2392, .T. ) ;
#2169 = CARTESIAN_POINT ( 'NONE',  ( -75.74999999999998579, -3.849999999999999201, 10.94974746830583001 ) ) ;
#2170 = EDGE_LOOP ( 'NONE', ( #108, #1581, #1959, #2337 ) ) ;
#2171 = AXIS2_PLACEMENT_3D ( 'NONE', #2306, #1925, #1287 ) ;
#2172 = EDGE_CURVE ( 'NONE', #1047, #862, #1544, .T. ) ;
#2173 = DIRECTION ( 'NONE',  ( -0.000000000000000000, -0.000000000000000000, 1.000000000000000000 ) ) ;
#2174 = VERTEX_POINT ( 'NONE', #1422 ) ;
#2175 = DIRECTION ( 'NONE',  ( -1.000000000000000000, 0.000000000000000000, 0.000000000000000000 ) ) ;
#2176 = DIRECTION ( 'NONE',  ( 2.282530889443168501E-16, 1.000000000000000000, 0.000000000000000000 ) ) ;
#2177 = CARTESIAN_POINT ( 'NONE',  ( 4.500000000000000000, 19.50000000000000355, 6.000000000000000000 ) ) ;
#2178 = DIRECTION ( 'NONE',  ( -0.000000000000000000, 1.000000000000000000, -0.000000000000000000 ) ) ;
#2179 = ORIENTED_EDGE ( 'NONE', *, *, #1090, .T. ) ;
#2180 = CARTESIAN_POINT ( 'NONE',  ( -92.44999999999998863, -5.000000000000007994, 6.000000000000000000 ) ) ;
#2181 = ADVANCED_FACE ( 'NONE', ( #2217 ), #431, .F. ) ;
#2182 = DIRECTION ( 'NONE',  ( 0.000000000000000000, 0.000000000000000000, -1.000000000000000000 ) ) ;
#2183 = ORIENTED_EDGE ( 'NONE', *, *, #525, .F. ) ;
#2184 = AXIS2_PLACEMENT_3D ( 'NONE', #2278, #1110, #883 ) ;
#2185 = VECTOR ( 'NONE', #2258, 1000.000000000000000 ) ;
#2186 = DIRECTION ( 'NONE',  ( -1.000000000000000000, 0.000000000000000000, 0.000000000000000000 ) ) ;
#2187 = ORIENTED_EDGE ( 'NONE', *, *, #993, .T. ) ;
#2188 = LINE ( 'NONE', #7, #1758 ) ;
#2189 = DIRECTION ( 'NONE',  ( 0.7071067811865510144, 1.090341985197065857E-15, 0.7071067811865440200 ) ) ;
#2190 = EDGE_CURVE ( 'NONE', #1362, #1796, #2047, .T. ) ;
#2191 = EDGE_CURVE ( 'NONE', #718, #1204, #35, .T. ) ;
#2192 = CARTESIAN_POINT ( 'NONE',  ( -48.54999999999999716, 4.999999999999992006, -2.999999999999999112 ) ) ;
#2193 = CYLINDRICAL_SURFACE ( 'NONE', #1234, 1.750000000000001554 ) ;
#2194 = ORIENTED_EDGE ( 'NONE', *, *, #242, .F. ) ;
#2195 = CARTESIAN_POINT ( 'NONE',  ( -131.4499999999999886, 14.50000000000000888, -56.33562262423501465 ) ) ;
#2196 = VERTEX_POINT ( 'NONE', #2058 ) ;
#2197 = DIRECTION ( 'NONE',  ( 0.000000000000000000, -0.000000000000000000, 1.000000000000000000 ) ) ;
#2198 = ORIENTED_EDGE ( 'NONE', *, *, #1166, .T. ) ;
#2199 = CARTESIAN_POINT ( 'NONE',  ( 2.200000000000005063, 4.999999999999998224, 6.000000000000000000 ) ) ;
#2200 = DIRECTION ( 'NONE',  ( 0.000000000000000000, 0.000000000000000000, -1.000000000000000000 ) ) ;
#2201 = EDGE_CURVE ( 'NONE', #664, #2196, #732, .T. ) ;
#2202 = ADVANCED_FACE ( 'NONE', ( #1852 ), #1080, .F. ) ;
#2203 = DIRECTION ( 'NONE',  ( 0.000000000000000000, 0.000000000000000000, -1.000000000000000000 ) ) ;
#2204 = DIRECTION ( 'NONE',  ( 0.000000000000000000, 0.000000000000000000, -1.000000000000000000 ) ) ;
#2205 = EDGE_CURVE ( 'NONE', #2264, #315, #1573, .T. ) ;
#2206 = ORIENTED_EDGE ( 'NONE', *, *, #626, .T. ) ;
#2207 = DIRECTION ( 'NONE',  ( 1.000000000000000000, 0.000000000000000000, 0.000000000000000000 ) ) ;
#2208 = ORIENTED_EDGE ( 'NONE', *, *, #2475, .T. ) ;
#2209 = VECTOR ( 'NONE', #549, 1000.000000000000000 ) ;
#2210 = LINE ( 'NONE', #1664, #1172 ) ;
#2211 = VECTOR ( 'NONE', #989, 1000.000000000000000 ) ;
#2212 = AXIS2_PLACEMENT_3D ( 'NONE', #2018, #2414, #1445 ) ;
#2213 = ORIENTED_EDGE ( 'NONE', *, *, #2393, .F. ) ;
#2214 = CARTESIAN_POINT ( 'NONE',  ( -96.44999999999998863, -10.00000000000000000, 13.50000000000001243 ) ) ;
#2215 = DIRECTION ( 'NONE',  ( -1.541976423090487350E-15, 1.000000000000000000, 0.000000000000000000 ) ) ;
#2216 = LINE ( 'NONE', #636, #2481 ) ;
#2217 = FACE_OUTER_BOUND ( 'NONE', #2133, .T. ) ;
#2218 = ORIENTED_EDGE ( 'NONE', *, *, #574, .T. ) ;
#2219 = FACE_BOUND ( 'NONE', #1932, .T. ) ;
#2220 = ORIENTED_EDGE ( 'NONE', *, *, #2119, .T. ) ;
#2221 = ADVANCED_FACE ( 'NONE', ( #1829 ), #276, .F. ) ;
#2222 = CARTESIAN_POINT ( 'NONE',  ( -88.94999999999998863, 9.999999999999985789, 5.999999999999998224 ) ) ;
#2223 = AXIS2_PLACEMENT_3D ( 'NONE', #2214, #1065, #451 ) ;
#2224 = AXIS2_PLACEMENT_3D ( 'NONE', #2413, #619, #1614 ) ;
#2225 = VERTEX_POINT ( 'NONE', #90 ) ;
#2226 = FACE_OUTER_BOUND ( 'NONE', #764, .T. ) ;
#2227 = FACE_OUTER_BOUND ( 'NONE', #2143, .T. ) ;
#2228 = DIRECTION ( 'NONE',  ( -0.000000000000000000, -0.000000000000000000, -1.000000000000000000 ) ) ;
#2229 = CARTESIAN_POINT ( 'NONE',  ( -75.74999999999998579, -3.849999999999999201, -18.00000000000000000 ) ) ;
#2230 = CIRCLE ( 'NONE', #893, 1.900000000000000577 ) ;
#2231 = ORIENTED_EDGE ( 'NONE', *, *, #2205, .F. ) ;
#2232 = FACE_OUTER_BOUND ( 'NONE', #903, .T. ) ;
#2233 = ORIENTED_EDGE ( 'NONE', *, *, #255, .F. ) ;
#2234 = ADVANCED_FACE ( 'NONE', ( #2461 ), #1633, .F. ) ;
#2235 = DIRECTION ( 'NONE',  ( 0.000000000000000000, 1.000000000000000000, 0.000000000000000000 ) ) ;
#2236 = VECTOR ( 'NONE', #573, 1000.000000000000000 ) ;
#2237 = ORIENTED_EDGE ( 'NONE', *, *, #2089, .T. ) ;
#2238 = DIRECTION ( 'NONE',  ( -0.000000000000000000, -0.000000000000000000, 1.000000000000000000 ) ) ;
#2239 = CARTESIAN_POINT ( 'NONE',  ( -77.49999999999998579, 6.150000000000000355, -11.50000000000000000 ) ) ;
#2240 = CARTESIAN_POINT ( 'NONE',  ( -85.22499999999998010, -9.250000000000000000, -2.449999999999996625 ) ) ;
#2241 = LINE ( 'NONE', #663, #447 ) ;
#2242 = VERTEX_POINT ( 'NONE', #1659 ) ;
#2243 = CARTESIAN_POINT ( 'NONE',  ( -80.70000000000004547, 9.999999999999984013, -2.249999999999859668 ) ) ;
#2244 = ORIENTED_EDGE ( 'NONE', *, *, #1929, .F. ) ;
#2245 = PLANE ( 'NONE',  #170 ) ;
#2246 = VECTOR ( 'NONE', #831, 1000.000000000000114 ) ;
#2247 = CIRCLE ( 'NONE', #1916, 2.750000000000002665 ) ;
#2248 = ORIENTED_EDGE ( 'NONE', *, *, #76, .F. ) ;
#2249 = CARTESIAN_POINT ( 'NONE',  ( -3.299999999999994937, 4.999999999999998224, -2.999999999999999112 ) ) ;
#2250 = LINE ( 'NONE', #1471, #2082 ) ;
#2251 = CIRCLE ( 'NONE', #1463, 2.750000000000002665 ) ;
#2252 = DIRECTION ( 'NONE',  ( 0.000000000000000000, -1.000000000000000000, 0.000000000000000000 ) ) ;
#2253 = DIRECTION ( 'NONE',  ( -1.000000000000000000, -2.312964634635744436E-16, -0.000000000000000000 ) ) ;
#2254 = ORIENTED_EDGE ( 'NONE', *, *, #2293, .T. ) ;
#2255 = CARTESIAN_POINT ( 'NONE',  ( -77.49999999999998579, 6.150000000000000355, -27.19238815542513521 ) ) ;
#2256 = ORIENTED_EDGE ( 'NONE', *, *, #768, .F. ) ;
#2257 = LINE ( 'NONE', #2291, #477 ) ;
#2258 = DIRECTION ( 'NONE',  ( -9.130123557772669567E-17, 1.000000000000000000, -0.000000000000000000 ) ) ;
#2259 = DIRECTION ( 'NONE',  ( 1.000000000000000000, 0.000000000000000000, 0.000000000000000000 ) ) ;
#2260 = AXIS2_PLACEMENT_3D ( 'NONE', #1223, #2054, #414 ) ;
#2261 = DIRECTION ( 'NONE',  ( -1.000000000000000000, 0.000000000000000000, 0.000000000000000000 ) ) ;
#2262 = DIRECTION ( 'NONE',  ( 0.000000000000000000, -1.000000000000000000, 0.000000000000000000 ) ) ;
#2263 = EDGE_CURVE ( 'NONE', #2225, #2542, #193, .T. ) ;
#2264 = VERTEX_POINT ( 'NONE', #879 ) ;
#2265 = CARTESIAN_POINT ( 'NONE',  ( -63.49999999999998579, 6.149999999999999467, -18.00000000000000000 ) ) ;
#2266 = ORIENTED_EDGE ( 'NONE', *, *, #279, .T. ) ;
#2267 = DIRECTION ( 'NONE',  ( 0.000000000000000000, -1.000000000000000000, 0.000000000000000000 ) ) ;
#2268 = CARTESIAN_POINT ( 'NONE',  ( -4.550000000000026468, 9.999999999999996447, -18.00000000000000000 ) ) ;
#2269 = CIRCLE ( 'NONE', #857, 2.750000000000002665 ) ;
#2270 = VERTEX_POINT ( 'NONE', #2229 ) ;
#2271 = EDGE_CURVE ( 'NONE', #1307, #2060, #1280, .T. ) ;
#2272 = DIRECTION ( 'NONE',  ( -0.000000000000000000, -0.000000000000000000, 1.000000000000000000 ) ) ;
#2273 = EDGE_CURVE ( 'NONE', #2025, #2513, #1446, .T. ) ;
#2274 = ORIENTED_EDGE ( 'NONE', *, *, #738, .F. ) ;
#2275 = DIRECTION ( 'NONE',  ( 0.000000000000000000, 0.000000000000000000, 1.000000000000000000 ) ) ;
#2276 = APPLICATION_CONTEXT ( 'automotive_design' ) ;
#2277 = EDGE_CURVE ( 'NONE', #423, #1348, #1401, .T. ) ;
#2278 = CARTESIAN_POINT ( 'NONE',  ( -55.77499999999999147, -9.250000000000000000, -6.000000000000000000 ) ) ;
#2279 = DIRECTION ( 'NONE',  ( 0.000000000000000000, -1.000000000000000000, 0.000000000000000000 ) ) ;
#2280 = CARTESIAN_POINT ( 'NONE',  ( -101.4499999999999886, 19.50000000000000355, -30.99999999999998934 ) ) ;
#2281 = CIRCLE ( 'NONE', #209, 3.250000000000002665 ) ;
#2282 = CIRCLE ( 'NONE', #1543, 2.750000000000002665 ) ;
#2283 = EDGE_LOOP ( 'NONE', ( #1887, #2194, #231, #2419 ) ) ;
#2284 = DIRECTION ( 'NONE',  ( 0.000000000000000000, 0.000000000000000000, -1.000000000000000000 ) ) ;
#2285 = CIRCLE ( 'NONE', #1838, 1.900000000000000577 ) ;
#2286 = AXIS2_PLACEMENT_3D ( 'NONE', #15, #1221, #1259 ) ;
#2287 = CARTESIAN_POINT ( 'NONE',  ( -131.4499999999999886, 9.999999999999985789, -56.33562262423501465 ) ) ;
#2288 = DIRECTION ( 'NONE',  ( -1.000000000000000000, 0.000000000000000000, 0.000000000000000000 ) ) ;
#2289 = EDGE_LOOP ( 'NONE', ( #515, #1530, #2441, #1750 ) ) ;
#2290 = ORIENTED_EDGE ( 'NONE', *, *, #1696, .T. ) ;
#2291 = CARTESIAN_POINT ( 'NONE',  ( -101.4500000000000028, 9.999999999999994671, -30.99999999999998934 ) ) ;
#2292 = ADVANCED_FACE ( 'NONE', ( #2428 ), #1487, .T. ) ;
#2293 = EDGE_CURVE ( 'NONE', #1485, #526, #866, .T. ) ;
#2294 = CARTESIAN_POINT ( 'NONE',  ( -75.74999999999998579, -3.849999999999999201, -11.50000000000000000 ) ) ;
#2295 = ORIENTED_EDGE ( 'NONE', *, *, #357, .F. ) ;
#2296 = FACE_OUTER_BOUND ( 'NONE', #1409, .T. ) ;
#2297 = VECTOR ( 'NONE', #78, 1000.000000000000000 ) ;
#2298 = AXIS2_PLACEMENT_3D ( 'NONE', #824, #239, #1009 ) ;
#2299 = CARTESIAN_POINT ( 'NONE',  ( -141.0000000000000000, 0.000000000000000000, -30.99999999999998934 ) ) ;
#2300 = CARTESIAN_POINT ( 'NONE',  ( -145.5000000000000000, 19.50000000000000355, 6.000000000000000000 ) ) ;
#2301 = ORIENTED_EDGE ( 'NONE', *, *, #622, .T. ) ;
#2302 = ORIENTED_EDGE ( 'NONE', *, *, #244, .T. ) ;
#2303 = CARTESIAN_POINT ( 'NONE',  ( -48.54999999999999716, -5.000000000000007994, -2.999999999999999112 ) ) ;
#2304 = EDGE_CURVE ( 'NONE', #1660, #897, #2241, .T. ) ;
#2305 = EDGE_CURVE ( 'NONE', #1332, #2464, #1264, .T. ) ;
#2306 = CARTESIAN_POINT ( 'NONE',  ( -85.22499999999998010, -10.00000000000000000, -6.000000000000000000 ) ) ;
#2307 = EDGE_LOOP ( 'NONE', ( #590, #2482 ) ) ;
#2308 = AXIS2_PLACEMENT_3D ( 'NONE', #1392, #1994, #1803 ) ;
#2309 = DIRECTION ( 'NONE',  ( 0.000000000000000000, -1.000000000000000000, 0.000000000000000000 ) ) ;
#2310 = CARTESIAN_POINT ( 'NONE',  ( 0.000000000000000000, 0.000000000000000000, -11.50000000000000000 ) ) ;
#2311 = EDGE_CURVE ( 'NONE', #718, #847, #737, .T. ) ;
#2312 = CARTESIAN_POINT ( 'NONE',  ( -145.5000000000000000, 14.50000000000000178, -18.00000000000000000 ) ) ;
#2313 = DIRECTION ( 'NONE',  ( -0.000000000000000000, -0.000000000000000000, 1.000000000000000000 ) ) ;
#2314 = ORIENTED_EDGE ( 'NONE', *, *, #2271, .F. ) ;
#2315 = ORIENTED_EDGE ( 'NONE', *, *, #514, .T. ) ;
#2316 = LINE ( 'NONE', #2356, #1686 ) ;
#2317 = CARTESIAN_POINT ( 'NONE',  ( -95.19999999999998863, 4.999999999999992006, -2.999999999999999112 ) ) ;
#2318 = ORIENTED_EDGE ( 'NONE', *, *, #2490, .T. ) ;
#2319 = CYLINDRICAL_SURFACE ( 'NONE', #1030, 3.549999999999997602 ) ;
#2320 = CARTESIAN_POINT ( 'NONE',  ( 4.500000000000000000, 19.50000000000000355, -18.00000000000000000 ) ) ;
#2321 = AXIS2_PLACEMENT_3D ( 'NONE', #351, #521, #2106 ) ;
#2322 = LINE ( 'NONE', #717, #1552 ) ;
#2323 = ORIENTED_EDGE ( 'NONE', *, *, #1895, .T. ) ;
#2324 = CIRCLE ( 'NONE', #711, 2.750000000000002665 ) ;
#2325 = ORIENTED_EDGE ( 'NONE', *, *, #1547, .F. ) ;
#2326 = CARTESIAN_POINT ( 'NONE',  ( -44.54999999999994031, 9.999999999999987566, -18.00000000000000000 ) ) ;
#2327 = EDGE_LOOP ( 'NONE', ( #581, #1367 ) ) ;
#2328 = VECTOR ( 'NONE', #1133, 1000.000000000000000 ) ;
#2329 = LINE ( 'NONE', #1774, #1965 ) ;
#2330 = ADVANCED_FACE ( 'NONE', ( #2069 ), #1226, .F. ) ;
#2331 = ORIENTED_EDGE ( 'NONE', *, *, #1007, .F. ) ;
#2332 = CARTESIAN_POINT ( 'NONE',  ( -63.49999999999998579, 6.149999999999999467, 6.000000000000000000 ) ) ;
#2333 = EDGE_CURVE ( 'NONE', #1575, #1124, #728, .T. ) ;
#2334 = ORIENTED_EDGE ( 'NONE', *, *, #1374, .F. ) ;
#2335 = DIRECTION ( 'NONE',  ( -2.282530889443168501E-16, 1.000000000000000000, -0.000000000000000000 ) ) ;
#2336 = EDGE_CURVE ( 'NONE', #1755, #1947, #1315, .T. ) ;
#2337 = ORIENTED_EDGE ( 'NONE', *, *, #2567, .T. ) ;
#2338 = CIRCLE ( 'NONE', #98, 2.750000000000002665 ) ;
#2339 = ORIENTED_EDGE ( 'NONE', *, *, #1952, .F. ) ;
#2340 = LINE ( 'NONE', #564, #184 ) ;
#2341 = LINE ( 'NONE', #347, #1890 ) ;
#2342 = VERTEX_POINT ( 'NONE', #702 ) ;
#2343 = DIRECTION ( 'NONE',  ( -1.000000000000000000, 0.000000000000000000, 0.000000000000000000 ) ) ;
#2344 = AXIS2_PLACEMENT_3D ( 'NONE', #1957, #1595, #222 ) ;
#2345 = EDGE_LOOP ( 'NONE', ( #1464, #202, #2301, #36 ) ) ;
#2346 = DIRECTION ( 'NONE',  ( 0.000000000000000000, 0.000000000000000000, 1.000000000000000000 ) ) ;
#2347 =( NAMED_UNIT ( * ) PLANE_ANGLE_UNIT ( ) SI_UNIT ( $, .RADIAN. ) );
#2348 = EDGE_CURVE ( 'NONE', #926, #2540, #2269, .T. ) ;
#2349 = DIRECTION ( 'NONE',  ( -1.000000000000000000, 0.000000000000000000, 0.000000000000000000 ) ) ;
#2350 = CARTESIAN_POINT ( 'NONE',  ( -48.54999999999999716, 4.999999999999992006, -2.999999999999999112 ) ) ;
#2351 = AXIS2_PLACEMENT_3D ( 'NONE', #1115, #1536, #946 ) ;
#2352 = VERTEX_POINT ( 'NONE', #1749 ) ;
#2353 = ADVANCED_FACE ( 'NONE', ( #2296 ), #509, .T. ) ;
#2354 = ORIENTED_EDGE ( 'NONE', *, *, #1311, .F. ) ;
#2355 = CARTESIAN_POINT ( 'NONE',  ( -3.299999999999994937, -5.000000000000001776, -2.999999999999999112 ) ) ;
#2356 = CARTESIAN_POINT ( 'NONE',  ( -131.4499999999999886, 19.50000000000000355, -23.00000000000003553 ) ) ;
#2357 = ORIENTED_EDGE ( 'NONE', *, *, #1144, .F. ) ;
#2358 = DIRECTION ( 'NONE',  ( -1.000000000000000000, -2.282530889443168501E-16, 0.000000000000000000 ) ) ;
#2359 = ORIENTED_EDGE ( 'NONE', *, *, #735, .T. ) ;
#2360 = FACE_BOUND ( 'NONE', #1524, .T. ) ;
#2361 = CARTESIAN_POINT ( 'NONE',  ( -96.40000000000000568, -20.31665382639196693, 5.999999999999998224 ) ) ;
#2362 = CARTESIAN_POINT ( 'NONE',  ( -63.49999999999998579, 6.149999999999999467, -11.50000000000000000 ) ) ;
#2363 = DIRECTION ( 'NONE',  ( -1.000000000000000000, 0.000000000000000000, -0.000000000000000000 ) ) ;
#2364 = CIRCLE ( 'NONE', #293, 3.250000000000002665 ) ;
#2365 = AXIS2_PLACEMENT_3D ( 'NONE', #572, #1363, #1157 ) ;
#2366 = ORIENTED_EDGE ( 'NONE', *, *, #2201, .F. ) ;
#2367 = DIRECTION ( 'NONE',  ( -1.000000000000000000, 0.000000000000000000, 0.000000000000000000 ) ) ;
#2368 = DIRECTION ( 'NONE',  ( 2.282530889443168501E-16, 1.000000000000000000, 0.000000000000000000 ) ) ;
#2369 = ORIENTED_EDGE ( 'NONE', *, *, #721, .F. ) ;
#2370 = CIRCLE ( 'NONE', #914, 3.250000000000002665 ) ;
#2371 = LINE ( 'NONE', #1798, #340 ) ;
#2372 = EDGE_CURVE ( 'NONE', #211, #1534, #933, .T. ) ;
#2373 = ADVANCED_FACE ( 'NONE', ( #2498 ), #496, .F. ) ;
#2374 = EDGE_LOOP ( 'NONE', ( #2118, #1961 ) ) ;
#2375 = LINE ( 'NONE', #163, #1462 ) ;
#2376 = DIRECTION ( 'NONE',  ( -0.000000000000000000, -0.000000000000000000, 1.000000000000000000 ) ) ;
#2377 = CARTESIAN_POINT ( 'NONE',  ( -92.44999999999998863, 4.999999999999992006, -2.999999999999999112 ) ) ;
#2378 = DIRECTION ( 'NONE',  ( 1.000000000000000000, 0.000000000000000000, -0.000000000000000000 ) ) ;
#2379 = VERTEX_POINT ( 'NONE', #1130 ) ;
#2380 = DIRECTION ( 'NONE',  ( 0.000000000000000000, 0.000000000000000000, 1.000000000000000000 ) ) ;
#2381 = EDGE_LOOP ( 'NONE', ( #1601, #867, #950, #1707 ) ) ;
#2382 = EDGE_CURVE ( 'NONE', #787, #1180, #1526, .T. ) ;
#2383 = AXIS2_PLACEMENT_3D ( 'NONE', #83, #371, #1483 ) ;
#2384 = DIRECTION ( 'NONE',  ( 0.000000000000000000, 0.000000000000000000, 1.000000000000000000 ) ) ;
#2385 = EDGE_CURVE ( 'NONE', #926, #2145, #352, .T. ) ;
#2386 = ADVANCED_FACE ( 'NONE', ( #1499, #1104 ), #2094, .F. ) ;
#2387 = VERTEX_POINT ( 'NONE', #905 ) ;
#2388 = LINE ( 'NONE', #1802, #1254 ) ;
#2389 = DIRECTION ( 'NONE',  ( 0.000000000000000000, 0.000000000000000000, -1.000000000000000000 ) ) ;
#2390 = AXIS2_PLACEMENT_3D ( 'NONE', #1095, #1675, #266 ) ;
#2391 = DIRECTION ( 'NONE',  ( 0.000000000000000000, 0.000000000000000000, -1.000000000000000000 ) ) ;
#2392 = LINE ( 'NONE', #408, #1759 ) ;
#2393 = EDGE_CURVE ( 'NONE', #23, #370, #2135, .T. ) ;
#2394 = ORIENTED_EDGE ( 'NONE', *, *, #1468, .T. ) ;
#2395 = FACE_BOUND ( 'NONE', #2124, .T. ) ;
#2396 = AXIS2_PLACEMENT_3D ( 'NONE', #2034, #1068, #1840 ) ;
#2397 = VERTEX_POINT ( 'NONE', #1709 ) ;
#2398 = DIRECTION ( 'NONE',  ( -1.000000000000000000, 0.000000000000000000, -0.000000000000000000 ) ) ;
#2399 = EDGE_LOOP ( 'NONE', ( #2112, #326, #1948, #2533, #1081, #733, #1775, #267, #2016, #1202, #226, #2496 ) ) ;
#2400 = CARTESIAN_POINT ( 'NONE',  ( -60.24999999999998579, 6.149999999999999467, -27.19238815542513521 ) ) ;
#2401 = CARTESIAN_POINT ( 'NONE',  ( -137.6999999999999886, -5.000000000000001776, -2.999999999999999112 ) ) ;
#2402 = CARTESIAN_POINT ( 'NONE',  ( -63.49999999999998579, 6.149999999999999467, 6.000000000000000000 ) ) ;
#2403 = CARTESIAN_POINT ( 'NONE',  ( -137.6999999999999886, 4.999999999999998224, 6.000000000000000000 ) ) ;
#2404 = EDGE_CURVE ( 'NONE', #1051, #1047, #2121, .T. ) ;
#2405 = VERTEX_POINT ( 'NONE', #328 ) ;
#2406 = DIRECTION ( 'NONE',  ( 2.282530889443167515E-16, 1.000000000000000000, 0.000000000000000000 ) ) ;
#2407 = EDGE_LOOP ( 'NONE', ( #2421, #882, #772, #1678 ) ) ;
#2408 = CIRCLE ( 'NONE', #2445, 3.250000000000002665 ) ;
#2409 = FACE_OUTER_BOUND ( 'NONE', #563, .T. ) ;
#2410 = AXIS2_PLACEMENT_3D ( 'NONE', #146, #2531, #1387 ) ;
#2411 = VECTOR ( 'NONE', #1062, 1000.000000000000000 ) ;
#2412 = ORIENTED_EDGE ( 'NONE', *, *, #242, .T. ) ;
#2413 = CARTESIAN_POINT ( 'NONE',  ( -85.22499999999998010, -5.500000000000000888, -6.000000000000000000 ) ) ;
#2414 = DIRECTION ( 'NONE',  ( -0.000000000000000000, -0.000000000000000000, -1.000000000000000000 ) ) ;
#2415 = ADVANCED_FACE ( 'NONE', ( #135 ), #2484, .T. ) ;
#2416 = DIRECTION ( 'NONE',  ( -0.7071067811865511255, 1.090341985197066054E-15, 0.7071067811865439090 ) ) ;
#2417 = CARTESIAN_POINT ( 'NONE',  ( -4.500000000000002665, 9.500000000000003553, 6.000000000000000000 ) ) ;
#2418 = ADVANCED_FACE ( 'NONE', ( #2081 ), #2319, .F. ) ;
#2419 = ORIENTED_EDGE ( 'NONE', *, *, #2201, .T. ) ;
#2420 = CARTESIAN_POINT ( 'NONE',  ( -95.19999999999998863, -5.000000000000007994, -2.999999999999999112 ) ) ;
#2421 = ORIENTED_EDGE ( 'NONE', *, *, #1634, .F. ) ;
#2422 = LINE ( 'NONE', #1206, #395 ) ;
#2423 = VECTOR ( 'NONE', #246, 1000.000000000000000 ) ;
#2424 = EDGE_LOOP ( 'NONE', ( #1974, #789, #245, #2213 ) ) ;
#2425 = CYLINDRICAL_SURFACE ( 'NONE', #137, 3.250000000000002665 ) ;
#2426 = CARTESIAN_POINT ( 'NONE',  ( -63.49999999999998579, -3.850000000000000977, -18.00000000000000000 ) ) ;
#2427 = LINE ( 'NONE', #71, #335 ) ;
#2428 = FACE_OUTER_BOUND ( 'NONE', #1060, .T. ) ;
#2429 = ORIENTED_EDGE ( 'NONE', *, *, #735, .F. ) ;
#2430 = DIRECTION ( 'NONE',  ( 0.000000000000000000, 0.000000000000000000, 1.000000000000000000 ) ) ;
#2431 = ADVANCED_FACE ( 'NONE', ( #754 ), #1551, .T. ) ;
#2432 = ORIENTED_EDGE ( 'NONE', *, *, #786, .T. ) ;
#2433 = DIRECTION ( 'NONE',  ( -2.224004456380522396E-16, 1.000000000000000000, 0.000000000000000000 ) ) ;
#2434 = CIRCLE ( 'NONE', #1321, 2.750000000000002665 ) ;
#2435 = ORIENTED_EDGE ( 'NONE', *, *, #886, .F. ) ;
#2436 = LINE ( 'NONE', #68, #1521 ) ;
#2437 = DIRECTION ( 'NONE',  ( -1.000000000000000000, 0.000000000000000000, 0.000000000000000000 ) ) ;
#2438 = SURFACE_STYLE_USAGE ( .BOTH. , #1250 ) ;
#2439 = PLANE ( 'NONE',  #1331 ) ;
#2440 = CARTESIAN_POINT ( 'NONE',  ( 0.000000000000000000, 0.000000000000000000, -30.99999999999998934 ) ) ;
#2441 = ORIENTED_EDGE ( 'NONE', *, *, #1741, .T. ) ;
#2442 = FACE_OUTER_BOUND ( 'NONE', #1049, .T. ) ;
#2443 = ORIENTED_EDGE ( 'NONE', *, *, #1340, .T. ) ;
#2444 = DIRECTION ( 'NONE',  ( -0.000000000000000000, -0.000000000000000000, 1.000000000000000000 ) ) ;
#2445 = AXIS2_PLACEMENT_3D ( 'NONE', #1748, #391, #1184 ) ;
#2446 = ORIENTED_EDGE ( 'NONE', *, *, #1163, .F. ) ;
#2447 = CYLINDRICAL_SURFACE ( 'NONE', #1061, 1.750000000000001554 ) ;
#2448 = CARTESIAN_POINT ( 'NONE',  ( -131.4499999999999886, 9.999999999999985789, -23.00000000000003553 ) ) ;
#2449 = CARTESIAN_POINT ( 'NONE',  ( -4.499999999999998224, -10.00000000000000178, -18.00000000000000000 ) ) ;
#2450 = CARTESIAN_POINT ( 'NONE',  ( -77.49999999999998579, -3.849999999999999201, -11.50000000000000000 ) ) ;
#2451 = AXIS2_PLACEMENT_3D ( 'NONE', #2525, #731, #103 ) ;
#2452 = ORIENTED_EDGE ( 'NONE', *, *, #1010, .T. ) ;
#2453 = LINE ( 'NONE', #282, #1273 ) ;
#2454 = DIRECTION ( 'NONE',  ( 0.000000000000000000, -0.000000000000000000, -1.000000000000000000 ) ) ;
#2455 = EDGE_CURVE ( 'NONE', #1204, #2270, #571, .T. ) ;
#2456 = CARTESIAN_POINT ( 'NONE',  ( -101.4500000000000028, -10.00000000000000178, -30.99999999999998934 ) ) ;
#2457 = FACE_OUTER_BOUND ( 'NONE', #1635, .T. ) ;
#2458 = EDGE_CURVE ( 'NONE', #473, #1691, #1656, .T. ) ;
#2459 = VERTEX_POINT ( 'NONE', #585 ) ;
#2460 = DIRECTION ( 'NONE',  ( 0.000000000000000000, 0.000000000000000000, -1.000000000000000000 ) ) ;
#2461 = FACE_OUTER_BOUND ( 'NONE', #1808, .T. ) ;
#2462 = ORIENTED_EDGE ( 'NONE', *, *, #1899, .F. ) ;
#2463 = DIRECTION ( 'NONE',  ( 0.000000000000000000, 0.000000000000000000, -1.000000000000000000 ) ) ;
#2464 = VERTEX_POINT ( 'NONE', #1018 ) ;
#2465 = CARTESIAN_POINT ( 'NONE',  ( -85.22499999999998010, -9.250000000000000000, -6.000000000000000000 ) ) ;
#2466 = CARTESIAN_POINT ( 'NONE',  ( -61.74999999999999289, 6.149999999999999467, 10.94974746830583001 ) ) ;
#2467 = CYLINDRICAL_SURFACE ( 'NONE', #957, 2.750000000000000000 ) ;
#2468 = AXIS2_PLACEMENT_3D ( 'NONE', #303, #1093, #1889 ) ;
#2469 = UNCERTAINTY_MEASURE_WITH_UNIT (LENGTH_MEASURE( 1.000000000000000082E-05 ), #1211, 'distance_accuracy_value', 'NONE');
#2470 = ORIENTED_EDGE ( 'NONE', *, *, #1982, .T. ) ;
#2471 = DIRECTION ( 'NONE',  ( -0.000000000000000000, -0.000000000000000000, -1.000000000000000000 ) ) ;
#2472 = DIRECTION ( 'NONE',  ( -0.7071067811865439090, 0.000000000000000000, 0.7071067811865512365 ) ) ;
#2473 = DIRECTION ( 'NONE',  ( -0.000000000000000000, -0.000000000000000000, 1.000000000000000000 ) ) ;
#2474 = DIRECTION ( 'NONE',  ( -1.000000000000000000, 0.000000000000000000, -0.000000000000000000 ) ) ;
#2475 = EDGE_CURVE ( 'NONE', #2387, #1353, #2027, .T. ) ;
#2476 = PLANE ( 'NONE',  #269 ) ;
#2477 = ORIENTED_EDGE ( 'NONE', *, *, #1205, .T. ) ;
#2478 = CARTESIAN_POINT ( 'NONE',  ( -136.4999999999999716, -10.00000000000000178, 6.000000000000000000 ) ) ;
#2479 = CARTESIAN_POINT ( 'NONE',  ( -4.500000000000002665, 9.999999999999996447, -18.00000000000000000 ) ) ;
#2480 = AXIS2_PLACEMENT_3D ( 'NONE', #2377, #1971, #1004 ) ;
#2481 = VECTOR ( 'NONE', #2033, 1000.000000000000000 ) ;
#2482 = ORIENTED_EDGE ( 'NONE', *, *, #109, .F. ) ;
#2483 = PRESENTATION_STYLE_ASSIGNMENT (( #1697 ) ) ;
#2484 = PLANE ( 'NONE',  #2150 ) ;
#2485 = CIRCLE ( 'NONE', #1760, 2.750000000000002665 ) ;
#2486 = CYLINDRICAL_SURFACE ( 'NONE', #1586, 2.750000000000002665 ) ;
#2487 = DIRECTION ( 'NONE',  ( 0.000000000000000000, 0.000000000000000000, -1.000000000000000000 ) ) ;
#2488 = EDGE_LOOP ( 'NONE', ( #2153, #1646, #1682, #1977 ) ) ;
#2489 = ADVANCED_FACE ( 'NONE', ( #1405 ), #2161, .F. ) ;
#2490 = EDGE_CURVE ( 'NONE', #130, #740, #988, .T. ) ;
#2491 = EDGE_LOOP ( 'NONE', ( #1337, #1559, #1231, #536 ) ) ;
#2492 = FACE_OUTER_BOUND ( 'NONE', #75, .T. ) ;
#2493 = DIRECTION ( 'NONE',  ( -1.541976423090487350E-15, -1.000000000000000000, 0.000000000000000000 ) ) ;
#2494 = CARTESIAN_POINT ( 'NONE',  ( -79.24999999999998579, 6.150000000000000355, -18.00000000000000000 ) ) ;
#2495 = PRODUCT_DEFINITION_CONTEXT ( 'detailed design', #2276, 'design' ) ;
#2496 = ORIENTED_EDGE ( 'NONE', *, *, #2514, .T. ) ;
#2497 = CYLINDRICAL_SURFACE ( 'NONE', #254, 1.900000000000000577 ) ;
#2498 = FACE_OUTER_BOUND ( 'NONE', #271, .T. ) ;
#2499 = VECTOR ( 'NONE', #1455, 1000.000000000000000 ) ;
#2500 = VECTOR ( 'NONE', #1693, 1000.000000000000000 ) ;
#2501 = ORIENTED_EDGE ( 'NONE', *, *, #2518, .F. ) ;
#2502 = CARTESIAN_POINT ( 'NONE',  ( -52.04999999999999716, 9.999999999999985789, 5.999999999999998224 ) ) ;
#2503 = VERTEX_POINT ( 'NONE', #2563 ) ;
#2504 = DIRECTION ( 'NONE',  ( -1.000000000000000000, 0.000000000000000000, 0.000000000000000000 ) ) ;
#2505 = DIRECTION ( 'NONE',  ( -1.000000000000000000, 0.000000000000000000, 0.000000000000000000 ) ) ;
#2506 = ORIENTED_EDGE ( 'NONE', *, *, #2372, .F. ) ;
#2507 = AXIS2_PLACEMENT_3D ( 'NONE', #1475, #1684, #444 ) ;
#2508 = DIRECTION ( 'NONE',  ( 0.000000000000000000, 0.000000000000000000, 1.000000000000000000 ) ) ;
#2509 = DIRECTION ( 'NONE',  ( 0.000000000000000000, 0.000000000000000000, -1.000000000000000000 ) ) ;
#2510 = FACE_OUTER_BOUND ( 'NONE', #1674, .T. ) ;
#2511 = CARTESIAN_POINT ( 'NONE',  ( -77.49999999999998579, 6.150000000000000355, -27.19238815542513521 ) ) ;
#2512 = VERTEX_POINT ( 'NONE', #206 ) ;
#2513 = VERTEX_POINT ( 'NONE', #794 ) ;
#2514 = EDGE_CURVE ( 'NONE', #1796, #873, #379, .T. ) ;
#2515 = CYLINDRICAL_SURFACE ( 'NONE', #884, 1.900000000000000577 ) ;
#2516 = VERTEX_POINT ( 'NONE', #1171 ) ;
#2517 = DIRECTION ( 'NONE',  ( 0.000000000000000000, 0.000000000000000000, 1.000000000000000000 ) ) ;
#2518 = EDGE_CURVE ( 'NONE', #603, #2145, #2434, .T. ) ;
#2519 = CIRCLE ( 'NONE', #2480, 2.750000000000002665 ) ;
#2520 = EDGE_LOOP ( 'NONE', ( #1584, #1953 ) ) ;
#2521 = CARTESIAN_POINT ( 'NONE',  ( -96.40000000000000568, -10.00000000000000178, -18.00000000000000000 ) ) ;
#2522 = DIRECTION ( 'NONE',  ( -0.000000000000000000, -1.000000000000000000, -0.000000000000000000 ) ) ;
#2523 = AXIS2_PLACEMENT_3D ( 'NONE', #1804, #1956, #380 ) ;
#2524 = ORIENTED_EDGE ( 'NONE', *, *, #145, .F. ) ;
#2525 = CARTESIAN_POINT ( 'NONE',  ( -0.5499999999999949374, 4.999999999999998224, 6.000000000000000000 ) ) ;
#2526 = ORIENTED_EDGE ( 'NONE', *, *, #488, .F. ) ;
#2527 = AXIS2_PLACEMENT_3D ( 'NONE', #1898, #1301, #1111 ) ;
#2528 = ORIENTED_EDGE ( 'NONE', *, *, #2089, .F. ) ;
#2529 = DIRECTION ( 'NONE',  ( -0.000000000000000000, -1.000000000000000000, -0.000000000000000000 ) ) ;
#2530 = VERTEX_POINT ( 'NONE', #2550 ) ;
#2531 = DIRECTION ( 'NONE',  ( -1.000000000000000000, 1.541976423090487350E-15, 0.000000000000000000 ) ) ;
#2532 = EDGE_CURVE ( 'NONE', #1176, #116, #1379, .T. ) ;
#2533 = ORIENTED_EDGE ( 'NONE', *, *, #375, .F. ) ;
#2534 = ADVANCED_FACE ( 'NONE', ( #1185 ), #2536, .T. ) ;
#2535 = DIRECTION ( 'NONE',  ( -0.000000000000000000, -0.000000000000000000, 1.000000000000000000 ) ) ;
#2536 = PLANE ( 'NONE',  #1319 ) ;
#2537 = CARTESIAN_POINT ( 'NONE',  ( -0.5499999999999949374, -5.000000000000001776, -2.999999999999999112 ) ) ;
#2539 = AXIS2_PLACEMENT_3D ( 'NONE', #129, #1286, #308 ) ;
#2538 = CARTESIAN_POINT ( 'NONE',  ( -101.4499999999999886, 19.50000000000000355, -23.00000000000002132 ) ) ;
#2540 = VERTEX_POINT ( 'NONE', #1984 ) ;
#2541 = AXIS2_PLACEMENT_3D ( 'NONE', #12, #811, #628 ) ;
#2542 = VERTEX_POINT ( 'NONE', #598 ) ;
#2543 = CARTESIAN_POINT ( 'NONE',  ( -9.550000000000002487, 14.50000000000000888, -23.00000000000003553 ) ) ;
#2544 = CARTESIAN_POINT ( 'NONE',  ( -48.54999999999999716, 4.999999999999992006, 6.000000000000000000 ) ) ;
#2545 = ORIENTED_EDGE ( 'NONE', *, *, #179, .T. ) ;
#2546 = CARTESIAN_POINT ( 'NONE',  ( -39.54999999999997584, -40.41381265149108515, -25.99999999999998934 ) ) ;
#2547 = VECTOR ( 'NONE', #1579, 1000.000000000000000 ) ;
#2548 = EDGE_LOOP ( 'NONE', ( #553, #776, #1165, #1695 ) ) ;
#2549 = DIRECTION ( 'NONE',  ( -1.000000000000000000, 0.000000000000000000, -0.000000000000000000 ) ) ;
#2550 = CARTESIAN_POINT ( 'NONE',  ( -9.550000000000004263, -10.00000000000000178, -25.99999999999998934 ) ) ;
#2551 = DIRECTION ( 'NONE',  ( 0.000000000000000000, 0.000000000000000000, 1.000000000000000000 ) ) ;
#2552 = FACE_OUTER_BOUND ( 'NONE', #1762, .T. ) ;
#2553 = AXIS2_PLACEMENT_3D ( 'NONE', #60, #2262, #677 ) ;
#2554 = ORIENTED_EDGE ( 'NONE', *, *, #2032, .F. ) ;
#2555 = ORIENTED_EDGE ( 'NONE', *, *, #1855, .T. ) ;
#2556 = DIRECTION ( 'NONE',  ( -1.000000000000000000, -9.130123557772669567E-17, 0.000000000000000000 ) ) ;
#2557 = FACE_BOUND ( 'NONE', #409, .T. ) ;
#2558 = EDGE_CURVE ( 'NONE', #1823, #348, #528, .T. ) ;
#2559 = ORIENTED_EDGE ( 'NONE', *, *, #145, .T. ) ;
#2560 = DIRECTION ( 'NONE',  ( 0.000000000000000000, 0.000000000000000000, 1.000000000000000000 ) ) ;
#2561 = ORIENTED_EDGE ( 'NONE', *, *, #722, .F. ) ;
#2562 = CARTESIAN_POINT ( 'NONE',  ( -136.4999999999999716, 9.999999999999996447, -18.00000000000000000 ) ) ;
#2563 = CARTESIAN_POINT ( 'NONE',  ( -131.4499999999999886, 19.50000000000000355, -23.00000000000003553 ) ) ;
#2564 = LINE ( 'NONE', #575, #999 ) ;
#2565 = LINE ( 'NONE', #1996, #777 ) ;
#2566 = CIRCLE ( 'NONE', #1914, 1.750000000000001554 ) ;
#2567 = EDGE_CURVE ( 'NONE', #2000, #2459, #8, .T. ) ;
#2568 = ORIENTED_EDGE ( 'NONE', *, *, #2072, .F. ) ;
#2569 = FACE_BOUND ( 'NONE', #437, .T. ) ;
#2570 = ADVANCED_FACE ( 'NONE', ( #1563 ), #806, .F. ) ;
ENDSEC;
END-ISO-10303-21;
