ISO-10303-21;
HEADER;
FILE_DESCRIPTION (( 'STEP AP214' ),
    '1' );
FILE_NAME ('010_008_Spin_servo_mount_1.STEP',
    '2024-07-21T08:34:44',
    ( '' ),
    ( '' ),
    'SwSTEP 2.0',
    'SolidWorks 2019',
    '' );
FILE_SCHEMA (( 'AUTOMOTIVE_DESIGN' ));
ENDSEC;

DATA;
#1 = EDGE_CURVE ( 'NONE', #455, #1051, #987, .T. ) ;
#2 = CARTESIAN_POINT ( 'NONE',  ( -4.974999999999909939, 11.90784930203598968, 2.299999999999999822 ) ) ;
#3 = VERTEX_POINT ( 'NONE', #1309 ) ;
#4 = EDGE_CURVE ( 'NONE', #2230, #1653, #637, .T. ) ;
#5 = DIRECTION ( 'NONE',  ( -3.460794964545171565E-16, -1.000000000000000000, 0.000000000000000000 ) ) ;
#6 = DIRECTION ( 'NONE',  ( 1.000000000000000000, 0.000000000000000000, 0.000000000000000000 ) ) ;
#7 = LINE ( 'NONE', #1975, #1610 ) ;
#8 = ORIENTED_EDGE ( 'NONE', *, *, #561, .F. ) ;
#9 = EDGE_CURVE ( 'NONE', #742, #1200, #1153, .T. ) ;
#10 = EDGE_LOOP ( 'NONE', ( #193, #444, #1754, #2153 ) ) ;
#11 =( NAMED_UNIT ( * ) PLANE_ANGLE_UNIT ( ) SI_UNIT ( $, .RADIAN. ) );
#12 = DIRECTION ( 'NONE',  ( 0.000000000000000000, 1.000000000000000000, 1.954618001100512399E-15 ) ) ;
#13 = AXIS2_PLACEMENT_3D ( 'NONE', #1874, #827, #103 ) ;
#14 = VERTEX_POINT ( 'NONE', #1862 ) ;
#15 = CARTESIAN_POINT ( 'NONE',  ( 34.00000000001760014, -35.55000000016661232, -48.60000000000000142 ) ) ;
#16 = EDGE_LOOP ( 'NONE', ( #930, #1181, #736, #417 ) ) ;
#17 = DIRECTION ( 'NONE',  ( 1.000000000000000000, -3.460794964545171565E-16, 0.000000000000000000 ) ) ;
#18 = CARTESIAN_POINT ( 'NONE',  ( 34.00000000001760014, -32.00000000016641621, -43.60000000000000142 ) ) ;
#19 = FACE_OUTER_BOUND ( 'NONE', #2069, .T. ) ;
#20 = ORIENTED_EDGE ( 'NONE', *, *, #2308, .F. ) ;
#21 = ADVANCED_FACE ( 'NONE', ( #2235 ), #2048, .T. ) ;
#22 = CIRCLE ( 'NONE', #2040, 5.000000000000000000 ) ;
#23 = ORIENTED_EDGE ( 'NONE', *, *, #2179, .F. ) ;
#24 = DIRECTION ( 'NONE',  ( -1.156482317317871478E-16, 1.000000000000000000, 0.000000000000000000 ) ) ;
#25 = ORIENTED_EDGE ( 'NONE', *, *, #1839, .F. ) ;
#26 = CARTESIAN_POINT ( 'NONE',  ( 20.00000000000000000, 2.449293598294706513E-15, 2.299999999999999822 ) ) ;
#27 = EDGE_LOOP ( 'NONE', ( #2112, #2154, #2214, #1558 ) ) ;
#28 = PLANE ( 'NONE',  #1423 ) ;
#29 = DIRECTION ( 'NONE',  ( -0.000000000000000000, -0.000000000000000000, 1.000000000000000000 ) ) ;
#30 = DIRECTION ( 'NONE',  ( 0.000000000000000000, -1.000000000000000000, 0.000000000000000000 ) ) ;
#31 = VERTEX_POINT ( 'NONE', #429 ) ;
#32 = ORIENTED_EDGE ( 'NONE', *, *, #472, .T. ) ;
#33 = CYLINDRICAL_SURFACE ( 'NONE', #914, 1.899999999999999689 ) ;
#34 = DIRECTION ( 'NONE',  ( 1.000000000000000000, 0.000000000000000000, 0.000000000000000000 ) ) ;
#35 = CIRCLE ( 'NONE', #2057, 3.549999999999997602 ) ;
#36 = ADVANCED_FACE ( 'NONE', ( #624 ), #1688, .T. ) ;
#37 = CIRCLE ( 'NONE', #819, 1.899999999999894884 ) ;
#38 = DIRECTION ( 'NONE',  ( -1.414657268890346879E-16, 2.379049338482478526E-15, -1.000000000000000000 ) ) ;
#39 = ORIENTED_EDGE ( 'NONE', *, *, #1147, .T. ) ;
#40 = VECTOR ( 'NONE', #621, 1000.000000000000227 ) ;
#41 = VECTOR ( 'NONE', #121, 1000.000000000000114 ) ;
#42 = CARTESIAN_POINT ( 'NONE',  ( 21.95673594180063048, -52.00000000007320011, -47.85000000000003695 ) ) ;
#43 = CARTESIAN_POINT ( 'NONE',  ( 13.30570456204474183, -4.667951537023347974, -42.93251095273883777 ) ) ;
#44 = CARTESIAN_POINT ( 'NONE',  ( -4.000000000016859403, -52.99999999999999289, -27.54999999999998295 ) ) ;
#45 = ORIENTED_EDGE ( 'NONE', *, *, #487, .T. ) ;
#46 = AXIS2_PLACEMENT_3D ( 'NONE', #1389, #1186, #2103 ) ;
#47 = ORIENTED_EDGE ( 'NONE', *, *, #1, .T. ) ;
#48 = CARTESIAN_POINT ( 'NONE',  ( 34.00000000001760014, -30.10000000016619737, -47.84999999999998721 ) ) ;
#49 = CYLINDRICAL_SURFACE ( 'NONE', #1322, 3.549999999999942091 ) ;
#50 = ADVANCED_FACE ( 'NONE', ( #593 ), #1132, .F. ) ;
#51 = DIRECTION ( 'NONE',  ( 1.730397482271857072E-16, 0.000000000000000000, -1.000000000000000000 ) ) ;
#52 = ORIENTED_EDGE ( 'NONE', *, *, #233, .F. ) ;
#53 = LINE ( 'NONE', #754, #1506 ) ;
#54 = DIRECTION ( 'NONE',  ( 0.000000000000000000, 1.000000000000000000, 3.652049423109269972E-15 ) ) ;
#55 = CYLINDRICAL_SURFACE ( 'NONE', #2009, 1.899999999999999023 ) ;
#56 = EDGE_LOOP ( 'NONE', ( #1702, #897, #2141, #646 ) ) ;
#57 = VERTEX_POINT ( 'NONE', #956 ) ;
#58 = SURFACE_STYLE_USAGE ( .BOTH. , #1827 ) ;
#59 = DIRECTION ( 'NONE',  ( -1.414657268890346879E-16, 2.379049338482478526E-15, -1.000000000000000000 ) ) ;
#60 = CARTESIAN_POINT ( 'NONE',  ( 14.25474041071213627, -6.699999999998910383, 0.000000000000000000 ) ) ;
#61 = EDGE_CURVE ( 'NONE', #1094, #339, #792, .T. ) ;
#62 = VECTOR ( 'NONE', #1138, 1000.000000000000000 ) ;
#63 = VERTEX_POINT ( 'NONE', #296 ) ;
#64 = DIRECTION ( 'NONE',  ( -1.156482317317871478E-16, 1.000000000000000000, -0.000000000000000000 ) ) ;
#65 = LINE ( 'NONE', #954, #1124 ) ;
#66 = EDGE_LOOP ( 'NONE', ( #787, #1055 ) ) ;
#67 = ADVANCED_FACE ( 'NONE', ( #825 ), #154, .F. ) ;
#68 = ORIENTED_EDGE ( 'NONE', *, *, #1111, .F. ) ;
#69 = CARTESIAN_POINT ( 'NONE',  ( 8.696166260317573560, -32.00000000015775470, -47.84999999999998721 ) ) ;
#70 = VECTOR ( 'NONE', #918, 1000.000000000000000 ) ;
#71 = FACE_BOUND ( 'NONE', #153, .T. ) ;
#72 = DIRECTION ( 'NONE',  ( 1.000000000000000000, 0.000000000000000000, 0.000000000000000000 ) ) ;
#73 = AXIS2_PLACEMENT_3D ( 'NONE', #1577, #515, #1776 ) ;
#74 = DIRECTION ( 'NONE',  ( 4.881349231072857408E-16, -1.000000000000000000, -1.127630558920346665E-15 ) ) ;
#75 = DIRECTION ( 'NONE',  ( -0.000000000000000000, -0.000000000000000000, 1.000000000000000000 ) ) ;
#76 = ADVANCED_FACE ( 'NONE', ( #1038 ), #142, .F. ) ;
#77 = CARTESIAN_POINT ( 'NONE',  ( -2.610287666324261124, 13.85705393449289780, -42.93251095273883777 ) ) ;
#78 = DIRECTION ( 'NONE',  ( -0.9392839235729935066, -0.3431409490534798046, 0.000000000000000000 ) ) ;
#79 = EDGE_CURVE ( 'NONE', #393, #1448, #681, .T. ) ;
#80 = CARTESIAN_POINT ( 'NONE',  ( 3.864579600900049261, 6.693648218653777349, -42.93251095273883777 ) ) ;
#81 = CARTESIAN_POINT ( 'NONE',  ( 10.69541689571983589, 9.189102397469193662, 0.000000000000000000 ) ) ;
#82 = ORIENTED_EDGE ( 'NONE', *, *, #2087, .T. ) ;
#83 = CARTESIAN_POINT ( 'NONE',  ( -9.049999999999998934, -30.00000000000000000, -34.93591238715436020 ) ) ;
#84 = CARTESIAN_POINT ( 'NONE',  ( 8.696166260317573560, -32.00000000015774759, -47.84999999999998721 ) ) ;
#85 = ORIENTED_EDGE ( 'NONE', *, *, #88, .F. ) ;
#86 = EDGE_LOOP ( 'NONE', ( #8, #2251 ) ) ;
#87 = LINE ( 'NONE', #266, #1606 ) ;
#88 = EDGE_CURVE ( 'NONE', #298, #145, #769, .T. ) ;
#89 = CARTESIAN_POINT ( 'NONE',  ( 3.864579600901408174, -6.693648218652620940, -42.93251095273883777 ) ) ;
#90 = LINE ( 'NONE', #807, #1106 ) ;
#91 = ORIENTED_EDGE ( 'NONE', *, *, #700, .T. ) ;
#92 = DIRECTION ( 'NONE',  ( -0.000000000000000000, 0.000000000000000000, 1.000000000000000000 ) ) ;
#93 = FACE_OUTER_BOUND ( 'NONE', #263, .T. ) ;
#94 = AXIS2_PLACEMENT_3D ( 'NONE', #1607, #398, #1772 ) ;
#95 = AXIS2_PLACEMENT_3D ( 'NONE', #383, #1287, #207 ) ;
#96 = EDGE_LOOP ( 'NONE', ( #575, #1480 ) ) ;
#97 = EDGE_CURVE ( 'NONE', #2219, #1489, #1059, .T. ) ;
#98 = VECTOR ( 'NONE', #816, 1000.000000000000000 ) ;
#99 = ORIENTED_EDGE ( 'NONE', *, *, #863, .T. ) ;
#100 = CARTESIAN_POINT ( 'NONE',  ( -10.69541689571855159, -9.189102397468486672, -42.93251095273883777 ) ) ;
#101 = EDGE_CURVE ( 'NONE', #2190, #212, #131, .T. ) ;
#102 = PRODUCT_DEFINITION_SHAPE ( 'NONE', 'NONE',  #1272 ) ;
#103 = DIRECTION ( 'NONE',  ( 1.000000000000000000, 0.000000000000000000, -0.000000000000000000 ) ) ;
#104 = CARTESIAN_POINT ( 'NONE',  ( 11.60474041071149109, 6.700000000000736478, -42.93251095273883777 ) ) ;
#105 = ORIENTED_EDGE ( 'NONE', *, *, #347, .T. ) ;
#106 = EDGE_CURVE ( 'NONE', #1338, #1212, #1927, .T. ) ;
#107 = FACE_OUTER_BOUND ( 'NONE', #2255, .T. ) ;
#108 = DIRECTION ( 'NONE',  ( -1.414657268890346879E-16, 2.379049338482478526E-15, -1.000000000000000000 ) ) ;
#109 = ORIENTED_EDGE ( 'NONE', *, *, #101, .T. ) ;
#110 = CIRCLE ( 'NONE', #1417, 5.000000000000000000 ) ;
#111 = VECTOR ( 'NONE', #1985, 1000.000000000000000 ) ;
#112 = CIRCLE ( 'NONE', #1536, 1.899999999999999689 ) ;
#113 = FACE_OUTER_BOUND ( 'NONE', #1813, .T. ) ;
#114 = DIRECTION ( 'NONE',  ( -0.000000000000000000, -0.000000000000000000, 1.000000000000000000 ) ) ;
#115 = VECTOR ( 'NONE', #1169, 1000.000000000000000 ) ;
#116 = DIRECTION ( 'NONE',  ( 0.000000000000000000, 0.000000000000000000, 1.000000000000000000 ) ) ;
#117 = SURFACE_SIDE_STYLE ('',( #993 ) ) ;
#118 = ADVANCED_FACE ( 'NONE', ( #494 ), #1937, .T. ) ;
#119 = ORIENTED_EDGE ( 'NONE', *, *, #1597, .T. ) ;
#120 = CARTESIAN_POINT ( 'NONE',  ( -9.049999999999998934, -30.00000000000000000, -3.000000000000002665 ) ) ;
#121 = DIRECTION ( 'NONE',  ( -0.9392839235730126024, 0.3431409490534277351, 0.000000000000000000 ) ) ;
#122 = EDGE_LOOP ( 'NONE', ( #2223, #1049 ) ) ;
#123 = CARTESIAN_POINT ( 'NONE',  ( 8.696166260317573560, -32.00000000015776180, -43.59999999999999432 ) ) ;
#124 = DIRECTION ( 'NONE',  ( 4.881349231072857408E-16, -1.000000000000000000, -1.127630558920346665E-15 ) ) ;
#125 = DIRECTION ( 'NONE',  ( -0.000000000000000000, -0.000000000000000000, 1.000000000000000000 ) ) ;
#126 = VECTOR ( 'NONE', #1532, 1000.000000000000000 ) ;
#127 = ORIENTED_EDGE ( 'NONE', *, *, #407, .T. ) ;
#128 = LINE ( 'NONE', #1213, #2233 ) ;
#129 = ORIENTED_EDGE ( 'NONE', *, *, #302, .T. ) ;
#130 = CARTESIAN_POINT ( 'NONE',  ( 21.95673594180063048, -55.55000000007314753, -47.85000000000004405 ) ) ;
#131 = LINE ( 'NONE', #1400, #353 ) ;
#132 = FACE_OUTER_BOUND ( 'NONE', #915, .T. ) ;
#133 = CIRCLE ( 'NONE', #434, 3.550000000000209432 ) ;
#134 = ADVANCED_FACE ( 'NONE', ( #847 ), #998, .T. ) ;
#135 = ORIENTED_EDGE ( 'NONE', *, *, #1263, .T. ) ;
#136 = CARTESIAN_POINT ( 'NONE',  ( 0.000000000000000000, 0.000000000000000000, -3.000000000000000000 ) ) ;
#137 =( NAMED_UNIT ( * ) SI_UNIT ( $, .STERADIAN. ) SOLID_ANGLE_UNIT ( ) );
#138 = ORIENTED_EDGE ( 'NONE', *, *, #620, .T. ) ;
#139 = DIRECTION ( 'NONE',  ( -0.000000000000000000, -0.000000000000000000, 1.000000000000000000 ) ) ;
#140 = ORIENTED_EDGE ( 'NONE', *, *, #2228, .T. ) ;
#141 = EDGE_CURVE ( 'NONE', #364, #189, #338, .T. ) ;
#142 = CYLINDRICAL_SURFACE ( 'NONE', #1174, 1.899999999999999023 ) ;
#143 = CARTESIAN_POINT ( 'NONE',  ( 39.99999999998313172, -27.00000000000002132, -17.52499999999995595 ) ) ;
#144 = ADVANCED_FACE ( 'NONE', ( #1565 ), #1741, .T. ) ;
#145 = VERTEX_POINT ( 'NONE', #2113 ) ;
#146 = LINE ( 'NONE', #497, #2260 ) ;
#147 = EDGE_CURVE ( 'NONE', #1338, #1753, #2124, .T. ) ;
#148 = AXIS2_PLACEMENT_3D ( 'NONE', #292, #457, #1956 ) ;
#149 = CARTESIAN_POINT ( 'NONE',  ( 14.25474041071149145, 6.700000000000736478, 0.000000000000000000 ) ) ;
#150 = AXIS2_PLACEMENT_3D ( 'NONE', #191, #1822, #6 ) ;
#151 = EDGE_LOOP ( 'NONE', ( #1108, #1968 ) ) ;
#152 = DIRECTION ( 'NONE',  ( -1.000000000000000000, 0.000000000000000000, 0.000000000000000000 ) ) ;
#153 = EDGE_LOOP ( 'NONE', ( #1562, #218 ) ) ;
#154 = CYLINDRICAL_SURFACE ( 'NONE', #1484, 1.900000000000000577 ) ;
#155 = CYLINDRICAL_SURFACE ( 'NONE', #293, 2.650000000000000355 ) ;
#156 = EDGE_LOOP ( 'NONE', ( #1211, #1184, #1725, #718 ) ) ;
#157 = ORIENTED_EDGE ( 'NONE', *, *, #531, .T. ) ;
#158 = FACE_OUTER_BOUND ( 'NONE', #435, .T. ) ;
#159 = CARTESIAN_POINT ( 'NONE',  ( 7.729159201800657186, 1.055159106790048984E-12, -42.93251095273883777 ) ) ;
#160 = AXIS2_PLACEMENT_3D ( 'NONE', #475, #1014, #1191 ) ;
#161 = ORIENTED_EDGE ( 'NONE', *, *, #2075, .T. ) ;
#162 = CARTESIAN_POINT ( 'NONE',  ( 21.95673594180063048, -52.00000000007320011, -48.60000000000003695 ) ) ;
#163 = ORIENTED_EDGE ( 'NONE', *, *, #97, .F. ) ;
#164 = UNCERTAINTY_MEASURE_WITH_UNIT (LENGTH_MEASURE( 1.000000000000000082E-05 ), #1033, 'distance_accuracy_value', 'NONE');
#165 = DIRECTION ( 'NONE',  ( 0.000000000000000000, 1.000000000000000000, 3.652049423108662549E-15 ) ) ;
#166 = DIRECTION ( 'NONE',  ( 0.000000000000000000, 1.000000000000000000, 3.652049423108662549E-15 ) ) ;
#167 = EDGE_CURVE ( 'NONE', #212, #912, #693, .T. ) ;
#168 = ORIENTED_EDGE ( 'NONE', *, *, #472, .F. ) ;
#169 = CARTESIAN_POINT ( 'NONE',  ( 8.696166260317573560, -33.90000000015775328, -47.84999999999999432 ) ) ;
#170 = AXIS2_PLACEMENT_3D ( 'NONE', #628, #2218, #1508 ) ;
#171 = ADVANCED_FACE ( 'NONE', ( #1717, #113, #1544, #2257, #2082, #2266 ), #470, .T. ) ;
#172 = CARTESIAN_POINT ( 'NONE',  ( -6.625000000000182965, -11.47483660014792939, -3.000000000000000000 ) ) ;
#173 = EDGE_LOOP ( 'NONE', ( #1954, #392, #1095, #2197 ) ) ;
#174 = PLANE ( 'NONE',  #1256 ) ;
#175 = AXIS2_PLACEMENT_3D ( 'NONE', #192, #2139, #741 ) ;
#176 = ADVANCED_FACE ( 'NONE', ( #1209 ), #1282, .F. ) ;
#177 = ORIENTED_EDGE ( 'NONE', *, *, #1711, .F. ) ;
#178 = FACE_OUTER_BOUND ( 'NONE', #352, .T. ) ;
#179 = DIRECTION ( 'NONE',  ( 0.000000000000000000, 1.000000000000000000, 1.954618001100512399E-15 ) ) ;
#180 = CARTESIAN_POINT ( 'NONE',  ( -4.000000000016854962, -61.99999999999997868, -40.30000000001616201 ) ) ;
#181 = ORIENTED_EDGE ( 'NONE', *, *, #595, .T. ) ;
#182 = ORIENTED_EDGE ( 'NONE', *, *, #1283, .T. ) ;
#183 = AXIS2_PLACEMENT_3D ( 'NONE', #69, #802, #1718 ) ;
#184 = AXIS2_PLACEMENT_3D ( 'NONE', #1742, #1101, #713 ) ;
#185 = CARTESIAN_POINT ( 'NONE',  ( 34.00000000001760014, -32.00000000016640200, -47.84999999999999432 ) ) ;
#186 = ORIENTED_EDGE ( 'NONE', *, *, #795, .F. ) ;
#187 = DIRECTION ( 'NONE',  ( 1.000000000000000000, 0.000000000000000000, 0.000000000000000000 ) ) ;
#188 = EDGE_CURVE ( 'NONE', #2102, #2230, #1612, .T. ) ;
#189 = VERTEX_POINT ( 'NONE', #1637 ) ;
#190 = FACE_OUTER_BOUND ( 'NONE', #687, .T. ) ;
#191 = CARTESIAN_POINT ( 'NONE',  ( 0.000000000000000000, 0.000000000000000000, -17.14213562373095101 ) ) ;
#192 = CARTESIAN_POINT ( 'NONE',  ( -3.864579600899062495, -6.693648218653594384, -42.93251095273883777 ) ) ;
#193 = ORIENTED_EDGE ( 'NONE', *, *, #803, .T. ) ;
#194 = VECTOR ( 'NONE', #1011, 1000.000000000000000 ) ;
#195 = ORIENTED_EDGE ( 'NONE', *, *, #777, .F. ) ;
#196 = DIRECTION ( 'NONE',  ( 0.000000000000000000, 0.000000000000000000, 1.000000000000000000 ) ) ;
#197 = CARTESIAN_POINT ( 'NONE',  ( 8.696166260317573560, -33.90000000015776038, -43.60000000000000142 ) ) ;
#198 = VECTOR ( 'NONE', #116, 1000.000000000000000 ) ;
#199 = VERTEX_POINT ( 'NONE', #366 ) ;
#200 = CARTESIAN_POINT ( 'NONE',  ( 0.000000000000000000, 0.000000000000000000, 0.000000000000000000 ) ) ;
#201 = VERTEX_POINT ( 'NONE', #1986 ) ;
#202 = DIRECTION ( 'NONE',  ( -1.000000000000000000, -1.636531581110195607E-15, 0.000000000000000000 ) ) ;
#203 = CARTESIAN_POINT ( 'NONE',  ( 20.00000000000000355, -27.00000000000000000, -13.00000000000006750 ) ) ;
#204 = CARTESIAN_POINT ( 'NONE',  ( 39.99999999998313172, -30.00000000000000355, -42.59999999999997300 ) ) ;
#205 = ORIENTED_EDGE ( 'NONE', *, *, #1791, .T. ) ;
#206 = EDGE_LOOP ( 'NONE', ( #2132, #2309, #127, #91 ) ) ;
#207 = DIRECTION ( 'NONE',  ( 1.000000000000000000, 0.000000000000000000, 0.000000000000000000 ) ) ;
#208 = ADVANCED_FACE ( 'NONE', ( #1786 ), #1269, .F. ) ;
#209 = DIRECTION ( 'NONE',  ( -1.414657268890346879E-16, 2.379049338482478526E-15, -1.000000000000000000 ) ) ;
#210 =( GEOMETRIC_REPRESENTATION_CONTEXT ( 3 ) GLOBAL_UNCERTAINTY_ASSIGNED_CONTEXT ( ( #164 ) ) GLOBAL_UNIT_ASSIGNED_CONTEXT ( ( #1033, #1921, #137 ) ) REPRESENTATION_CONTEXT ( 'NONE', 'WORKASPACE' ) );
#211 = CARTESIAN_POINT ( 'NONE',  ( 0.000000000000000000, 13.40000000000000036, -42.93251095273883777 ) ) ;
#212 = VERTEX_POINT ( 'NONE', #755 ) ;
#213 = CARTESIAN_POINT ( 'NONE',  ( 39.99999999998313172, -62.00000000000000000, -42.59999999999998721 ) ) ;
#214 = LINE ( 'NONE', #2138, #1575 ) ;
#215 = CARTESIAN_POINT ( 'NONE',  ( 8.696166260317573560, -32.00000000015774759, -47.84999999999998721 ) ) ;
#216 = EDGE_LOOP ( 'NONE', ( #526, #181 ) ) ;
#217 = VECTOR ( 'NONE', #1915, 1000.000000000000000 ) ;
#218 = ORIENTED_EDGE ( 'NONE', *, *, #2228, .F. ) ;
#219 = DIRECTION ( 'NONE',  ( -0.000000000000000000, -0.000000000000000000, 1.000000000000000000 ) ) ;
#220 = ADVANCED_FACE ( 'NONE', ( #1465 ), #727, .F. ) ;
#221 = DIRECTION ( 'NONE',  ( -0.000000000000000000, 1.000000000000000000, -0.000000000000000000 ) ) ;
#222 = VECTOR ( 'NONE', #501, 1000.000000000000000 ) ;
#223 = CIRCLE ( 'NONE', #448, 3.549999999999942091 ) ;
#224 = CARTESIAN_POINT ( 'NONE',  ( 40.04999999998313598, -102.2120628667399842, -42.59999999999998721 ) ) ;
#225 = EDGE_LOOP ( 'NONE', ( #362, #1540, #1327, #2292 ) ) ;
#226 = AXIS2_PLACEMENT_3D ( 'NONE', #1636, #2175, #739 ) ;
#227 = LINE ( 'NONE', #389, #1681 ) ;
#228 = DIRECTION ( 'NONE',  ( 0.9850142137072688264, 0.1724731828275082868, 0.000000000000000000 ) ) ;
#229 = LINE ( 'NONE', #1999, #70 ) ;
#230 = ORIENTED_EDGE ( 'NONE', *, *, #2043, .T. ) ;
#231 = ORIENTED_EDGE ( 'NONE', *, *, #1015, .F. ) ;
#232 = DIRECTION ( 'NONE',  ( 1.000000000000000000, 0.000000000000000000, 0.000000000000000000 ) ) ;
#233 = EDGE_CURVE ( 'NONE', #1285, #1792, #562, .T. ) ;
#234 = DIRECTION ( 'NONE',  ( 0.7668107407454950453, 0.6418732646538141129, 0.000000000000000000 ) ) ;
#235 = CYLINDRICAL_SURFACE ( 'NONE', #249, 1.900000000000000577 ) ;
#236 = ORIENTED_EDGE ( 'NONE', *, *, #273, .T. ) ;
#237 = EDGE_CURVE ( 'NONE', #212, #1767, #553, .T. ) ;
#238 = COLOUR_RGB ( '',1.000000000000000000, 0.000000000000000000, 0.000000000000000000 ) ;
#239 = DIRECTION ( 'NONE',  ( -0.000000000000000000, -0.000000000000000000, 1.000000000000000000 ) ) ;
#240 = CARTESIAN_POINT ( 'NONE',  ( -6.625000000000182965, -11.47483660014792939, -8.374011537024829366 ) ) ;
#241 = ORIENTED_EDGE ( 'NONE', *, *, #141, .T. ) ;
#242 = EDGE_CURVE ( 'NONE', #2026, #1993, #214, .T. ) ;
#243 = DIRECTION ( 'NONE',  ( 1.982541115402063384E-16, 1.000000000000000000, 2.180795226942269747E-15 ) ) ;
#244 = DIRECTION ( 'NONE',  ( 4.881349231072857408E-16, -1.000000000000000000, -1.127630558920346665E-15 ) ) ;
#245 = DIRECTION ( 'NONE',  ( 0.000000000000000000, 0.000000000000000000, 1.000000000000000000 ) ) ;
#246 = EDGE_CURVE ( 'NONE', #1105, #2014, #892, .T. ) ;
#247 = CARTESIAN_POINT ( 'NONE',  ( 39.99999999998313172, -61.99999999999997158, -48.60000000000006537 ) ) ;
#248 = EDGE_CURVE ( 'NONE', #2180, #1747, #1624, .T. ) ;
#249 = AXIS2_PLACEMENT_3D ( 'NONE', #1127, #586, #72 ) ;
#250 = EDGE_LOOP ( 'NONE', ( #533, #259, #2285, #1531 ) ) ;
#251 = CARTESIAN_POINT ( 'NONE',  ( -9.049999999999998934, -32.00000000000000000, -7.524999999999877787 ) ) ;
#252 = FACE_OUTER_BOUND ( 'NONE', #56, .T. ) ;
#253 = ADVANCED_FACE ( 'NONE', ( #529 ), #1103, .F. ) ;
#254 = VERTEX_POINT ( 'NONE', #928 ) ;
#255 = VERTEX_POINT ( 'NONE', #917 ) ;
#256 = LINE ( 'NONE', #100, #126 ) ;
#257 = DIRECTION ( 'NONE',  ( 0.000000000000000000, 0.000000000000000000, 1.000000000000000000 ) ) ;
#258 = LINE ( 'NONE', #2239, #359 ) ;
#259 = ORIENTED_EDGE ( 'NONE', *, *, #1405, .T. ) ;
#260 = EDGE_CURVE ( 'NONE', #2001, #623, #1245, .T. ) ;
#261 = DIRECTION ( 'NONE',  ( 4.881349231072857408E-16, -1.000000000000000000, -1.127630558920346665E-15 ) ) ;
#262 = DIRECTION ( 'NONE',  ( 0.9850142137072689374, -0.1724731828275076206, 0.000000000000000000 ) ) ;
#263 = EDGE_LOOP ( 'NONE', ( #1929, #1940, #1811, #997, #1568 ) ) ;
#264 = DIRECTION ( 'NONE',  ( -1.414657268890346879E-16, 2.379049338482478526E-15, -1.000000000000000000 ) ) ;
#265 = VECTOR ( 'NONE', #29, 1000.000000000000000 ) ;
#266 = CARTESIAN_POINT ( 'NONE',  ( -4.000000000016859403, -52.99999999999999289, -30.30000000001615135 ) ) ;
#267 = CARTESIAN_POINT ( 'NONE',  ( 21.95673594180063048, -50.10000000007332233, -43.60000000000003695 ) ) ;
#268 = CARTESIAN_POINT ( 'NONE',  ( -9.049999999999998934, -32.00000000000000000, -7.524999999999876898 ) ) ;
#269 = ORIENTED_EDGE ( 'NONE', *, *, #1670, .F. ) ;
#270 = DIRECTION ( 'NONE',  ( -1.414657268890346879E-16, 2.379049338482478526E-15, -1.000000000000000000 ) ) ;
#271 = CARTESIAN_POINT ( 'NONE',  ( 4.724999999997396394, -11.47483660014370344, 2.299999999999999822 ) ) ;
#272 = VERTEX_POINT ( 'NONE', #1294 ) ;
#273 = EDGE_CURVE ( 'NONE', #14, #909, #355, .T. ) ;
#274 = ORIENTED_EDGE ( 'NONE', *, *, #1995, .F. ) ;
#275 = PLANE ( 'NONE',  #784 ) ;
#276 = VECTOR ( 'NONE', #1908, 1000.000000000000000 ) ;
#277 = CARTESIAN_POINT ( 'NONE',  ( 39.99999999998311750, -41.99999999999999289, -17.52499999999995595 ) ) ;
#278 = EDGE_CURVE ( 'NONE', #1732, #455, #1052, .T. ) ;
#279 = CARTESIAN_POINT ( 'NONE',  ( 0.000000000000000000, 0.000000000000000000, 0.000000000000000000 ) ) ;
#280 = ORIENTED_EDGE ( 'NONE', *, *, #907, .F. ) ;
#281 = PLANE ( 'NONE',  #749 ) ;
#282 = CARTESIAN_POINT ( 'NONE',  ( 39.99999999998313172, -61.99999999999997158, -22.52499999999995595 ) ) ;
#283 = AXIS2_PLACEMENT_3D ( 'NONE', #841, #1757, #488 ) ;
#284 = VECTOR ( 'NONE', #542, 1000.000000000000000 ) ;
#285 = AXIS2_PLACEMENT_3D ( 'NONE', #136, #851, #1930 ) ;
#286 = VERTEX_POINT ( 'NONE', #714 ) ;
#287 = CARTESIAN_POINT ( 'NONE',  ( -7.500000000016833646, -62.00000000000002842, -23.04999999999995453 ) ) ;
#288 = EDGE_CURVE ( 'NONE', #345, #1500, #1471, .T. ) ;
#289 = LINE ( 'NONE', #2086, #2191 ) ;
#290 = ORIENTED_EDGE ( 'NONE', *, *, #2052, .T. ) ;
#291 = DIRECTION ( 'NONE',  ( 0.000000000000000000, -1.000000000000000000, 0.000000000000000000 ) ) ;
#292 = CARTESIAN_POINT ( 'NONE',  ( 8.696166260317573560, -32.00000000015774759, -48.59999999999998721 ) ) ;
#293 = AXIS2_PLACEMENT_3D ( 'NONE', #1566, #2278, #319 ) ;
#294 = VERTEX_POINT ( 'NONE', #2151 ) ;
#295 = CIRCLE ( 'NONE', #598, 1.899999999999894884 ) ;
#296 = CARTESIAN_POINT ( 'NONE',  ( 8.696166260317573560, -33.90000000015776038, -43.60000000000000142 ) ) ;
#297 = CARTESIAN_POINT ( 'NONE',  ( 11.60474041071149109, 6.700000000000736478, -42.93251095273883777 ) ) ;
#298 = VERTEX_POINT ( 'NONE', #541 ) ;
#299 = LINE ( 'NONE', #1358, #2034 ) ;
#300 = ORIENTED_EDGE ( 'NONE', *, *, #1454, .T. ) ;
#301 = PLANE ( 'NONE',  #1533 ) ;
#302 = EDGE_CURVE ( 'NONE', #3, #199, #1258, .T. ) ;
#303 = ORIENTED_EDGE ( 'NONE', *, *, #2097, .T. ) ;
#304 = CIRCLE ( 'NONE', #1516, 1.899999999999894884 ) ;
#305 = DIRECTION ( 'NONE',  ( 4.881349231072857408E-16, -1.000000000000000000, -1.127630558920346665E-15 ) ) ;
#306 = CARTESIAN_POINT ( 'NONE',  ( -4.725000000001084111, -11.47483660014792939, -3.000000000000000000 ) ) ;
#307 = FACE_OUTER_BOUND ( 'NONE', #1152, .T. ) ;
#308 = ORIENTED_EDGE ( 'NONE', *, *, #1030, .F. ) ;
#309 = DIRECTION ( 'NONE',  ( -1.414657268890346879E-16, 2.379049338482478526E-15, -1.000000000000000000 ) ) ;
#310 = CARTESIAN_POINT ( 'NONE',  ( 4.724999999997396394, -11.47483660014370344, -3.000000000000000000 ) ) ;
#311 = EDGE_CURVE ( 'NONE', #439, #2219, #378, .T. ) ;
#312 = ORIENTED_EDGE ( 'NONE', *, *, #667, .T. ) ;
#313 = CARTESIAN_POINT ( 'NONE',  ( 1.284469037195706312E-12, -13.39999999999929159, 2.299999999999999822 ) ) ;
#314 = ADVANCED_FACE ( 'NONE', ( #2045 ), #1306, .F. ) ;
#315 = ORIENTED_EDGE ( 'NONE', *, *, #248, .F. ) ;
#316 = EDGE_CURVE ( 'NONE', #323, #286, #37, .T. ) ;
#317 = AXIS2_PLACEMENT_3D ( 'NONE', #1300, #196, #772 ) ;
#318 = DIRECTION ( 'NONE',  ( -1.000000000000000000, 0.000000000000000000, 0.000000000000000000 ) ) ;
#319 = DIRECTION ( 'NONE',  ( 1.000000000000000000, 0.000000000000000000, 0.000000000000000000 ) ) ;
#320 = CIRCLE ( 'NONE', #2119, 1.900000000000210632 ) ;
#321 = ORIENTED_EDGE ( 'NONE', *, *, #246, .F. ) ;
#322 = LINE ( 'NONE', #862, #2306 ) ;
#323 = VERTEX_POINT ( 'NONE', #2055 ) ;
#324 = DIRECTION ( 'NONE',  ( -0.000000000000000000, -0.000000000000000000, 1.000000000000000000 ) ) ;
#325 = VERTEX_POINT ( 'NONE', #1704 ) ;
#326 = UNCERTAINTY_MEASURE_WITH_UNIT (LENGTH_MEASURE( 1.000000000000000082E-05 ), #1110, 'distance_accuracy_value', 'NONE');
#327 = ADVANCED_FACE ( 'NONE', ( #252 ), #1488, .F. ) ;
#328 = DIRECTION ( 'NONE',  ( 1.000000000000000000, 0.000000000000000000, 0.000000000000000000 ) ) ;
#329 = VECTOR ( 'NONE', #2101, 1000.000000000000000 ) ;
#330 = CARTESIAN_POINT ( 'NONE',  ( 5.000000000000000000, 0.000000000000000000, -2.999999999999999112 ) ) ;
#331 = AXIS2_PLACEMENT_3D ( 'NONE', #2012, #1530, #1686 ) ;
#332 = EDGE_LOOP ( 'NONE', ( #52, #1386, #1296, #2100 ) ) ;
#333 = DIRECTION ( 'NONE',  ( -0.000000000000000000, -0.000000000000000000, 1.000000000000000000 ) ) ;
#334 = AXIS2_PLACEMENT_3D ( 'NONE', #83, #1149, #2032 ) ;
#335 = VECTOR ( 'NONE', #1604, 1000.000000000000000 ) ;
#336 = APPLICATION_PROTOCOL_DEFINITION ( 'draft international standard', 'automotive_design', 1998, #2287 ) ;
#337 = LINE ( 'NONE', #159, #335 ) ;
#338 = CIRCLE ( 'NONE', #1044, 1.900000000000000577 ) ;
#339 = VERTEX_POINT ( 'NONE', #942 ) ;
#340 = CARTESIAN_POINT ( 'NONE',  ( -3.864579600900125200, 6.693648218653342141, 2.299999999999999822 ) ) ;
#341 = ORIENTED_EDGE ( 'NONE', *, *, #2238, .F. ) ;
#342 = CARTESIAN_POINT ( 'NONE',  ( -5.000000000000000000, 6.123233995736766282E-16, -17.14213562373095101 ) ) ;
#343 = DIRECTION ( 'NONE',  ( 1.414657268890346879E-16, -2.379049338482478526E-15, 1.000000000000000000 ) ) ;
#344 = EDGE_CURVE ( 'NONE', #543, #560, #65, .T. ) ;
#345 = VERTEX_POINT ( 'NONE', #2232 ) ;
#346 = FACE_OUTER_BOUND ( 'NONE', #399, .T. ) ;
#347 = EDGE_CURVE ( 'NONE', #1993, #416, #1233, .T. ) ;
#348 = LINE ( 'NONE', #1552, #937 ) ;
#349 = CIRCLE ( 'NONE', #951, 1.899999999999999023 ) ;
#350 = ORIENTED_EDGE ( 'NONE', *, *, #2179, .T. ) ;
#351 = DIRECTION ( 'NONE',  ( 1.000000000000000000, 0.000000000000000000, 0.000000000000000000 ) ) ;
#352 = EDGE_LOOP ( 'NONE', ( #1459, #1360 ) ) ;
#353 = VECTOR ( 'NONE', #647, 1000.000000000000000 ) ;
#354 = DIRECTION ( 'NONE',  ( -0.000000000000000000, -0.000000000000000000, 1.000000000000000000 ) ) ;
#355 = LINE ( 'NONE', #342, #1691 ) ;
#356 = CARTESIAN_POINT ( 'NONE',  ( 0.000000000000000000, 0.000000000000000000, -17.14213562373095101 ) ) ;
#357 = ORIENTED_EDGE ( 'NONE', *, *, #803, .F. ) ;
#358 = CARTESIAN_POINT ( 'NONE',  ( 20.00000000000000000, 2.449293598294706513E-15, -53.00000000000000711 ) ) ;
#359 = VECTOR ( 'NONE', #2019, 1000.000000000000000 ) ;
#360 = EDGE_CURVE ( 'NONE', #189, #145, #799, .T. ) ;
#361 = CARTESIAN_POINT ( 'NONE',  ( 14.25474041071149145, 6.700000000000736478, 2.299999999999999822 ) ) ;
#362 = ORIENTED_EDGE ( 'NONE', *, *, #989, .F. ) ;
#363 = DIRECTION ( 'NONE',  ( 4.881349231072857408E-16, -1.000000000000000000, -1.127630558920346665E-15 ) ) ;
#364 = VERTEX_POINT ( 'NONE', #622 ) ;
#365 = FACE_OUTER_BOUND ( 'NONE', #2178, .T. ) ;
#366 = CARTESIAN_POINT ( 'NONE',  ( 3.864579600900049261, 6.693648218653777349, 2.299999999999999822 ) ) ;
#367 = LINE ( 'NONE', #780, #896 ) ;
#368 = ORIENTED_EDGE ( 'NONE', *, *, #242, .F. ) ;
#369 = ORIENTED_EDGE ( 'NONE', *, *, #1769, .T. ) ;
#370 = CARTESIAN_POINT ( 'NONE',  ( -6.874999999999909406, 11.90784930203598968, -8.374011537024829366 ) ) ;
#371 = VECTOR ( 'NONE', #625, 1000.000000000000000 ) ;
#372 = CARTESIAN_POINT ( 'NONE',  ( 20.00000000000000355, -27.00000000000000000, -13.00000000000006750 ) ) ;
#373 = ADVANCED_FACE ( 'NONE', ( #964, #1675 ), #2202, .T. ) ;
#374 = VERTEX_POINT ( 'NONE', #2221 ) ;
#375 = CARTESIAN_POINT ( 'NONE',  ( -11.60474041071085516, 6.699999999999613820, 0.000000000000000000 ) ) ;
#376 = ORIENTED_EDGE ( 'NONE', *, *, #1277, .F. ) ;
#377 = DIRECTION ( 'NONE',  ( -1.000000000000000000, 0.000000000000000000, -0.000000000000000000 ) ) ;
#378 = LINE ( 'NONE', #1092, #1037 ) ;
#379 = ADVANCED_FACE ( 'NONE', ( #93 ), #1130, .T. ) ;
#380 = PLANE ( 'NONE',  #1298 ) ;
#381 = ORIENTED_EDGE ( 'NONE', *, *, #1934, .T. ) ;
#382 = VERTEX_POINT ( 'NONE', #1661 ) ;
#383 = CARTESIAN_POINT ( 'NONE',  ( 6.624999999999895195, -11.47483660014370344, -8.374011537024829366 ) ) ;
#384 = FACE_OUTER_BOUND ( 'NONE', #1977, .T. ) ;
#385 = ORIENTED_EDGE ( 'NONE', *, *, #1207, .F. ) ;
#386 = CARTESIAN_POINT ( 'NONE',  ( 8.525000000002393108, -11.47483660014370344, 2.299999999999999822 ) ) ;
#387 = ORIENTED_EDGE ( 'NONE', *, *, #2279, .F. ) ;
#388 = EDGE_CURVE ( 'NONE', #1803, #1988, #112, .T. ) ;
#389 = CARTESIAN_POINT ( 'NONE',  ( 40.04999999998313598, -30.00000000000000000, -42.59999999999998721 ) ) ;
#390 = DIRECTION ( 'NONE',  ( -1.414657268890346879E-16, 2.379049338482478526E-15, -1.000000000000000000 ) ) ;
#391 = DIRECTION ( 'NONE',  ( 1.000000000000000000, 0.000000000000000000, 0.000000000000000000 ) ) ;
#392 = ORIENTED_EDGE ( 'NONE', *, *, #490, .T. ) ;
#393 = VERTEX_POINT ( 'NONE', #1116 ) ;
#394 = CARTESIAN_POINT ( 'NONE',  ( -4.725000000001084111, -11.47483660014792939, 2.299999999999999822 ) ) ;
#395 = AXIS2_PLACEMENT_3D ( 'NONE', #375, #1088, #1062 ) ;
#396 = CARTESIAN_POINT ( 'NONE',  ( -9.049999999999998934, -32.00000000000000000, 2.299999999999999822 ) ) ;
#397 = AXIS2_PLACEMENT_3D ( 'NONE', #358, #1404, #1201 ) ;
#398 = DIRECTION ( 'NONE',  ( -1.414657268890346879E-16, 2.379049338482478526E-15, -1.000000000000000000 ) ) ;
#399 = EDGE_LOOP ( 'NONE', ( #2135, #2085, #710, #1236 ) ) ;
#400 = CARTESIAN_POINT ( 'NONE',  ( 11.60474041071213591, -6.699999999998910383, 0.000000000000000000 ) ) ;
#401 = DIRECTION ( 'NONE',  ( -0.000000000000000000, -0.000000000000000000, 1.000000000000000000 ) ) ;
#402 = FACE_OUTER_BOUND ( 'NONE', #2089, .T. ) ;
#403 = ORIENTED_EDGE ( 'NONE', *, *, #1722, .T. ) ;
#404 = EDGE_LOOP ( 'NONE', ( #485, #1005, #1890, #105 ) ) ;
#405 = CARTESIAN_POINT ( 'NONE',  ( -0.05000000000004337086, -62.00000000000001421, -22.52499999999995595 ) ) ;
#406 = LINE ( 'NONE', #197, #607 ) ;
#407 = EDGE_CURVE ( 'NONE', #1553, #1010, #590, .T. ) ;
#408 = VECTOR ( 'NONE', #239, 1000.000000000000000 ) ;
#409 = AXIS2_PLACEMENT_3D ( 'NONE', #1450, #5, #17 ) ;
#410 = VECTOR ( 'NONE', #401, 1000.000000000000000 ) ;
#411 = LINE ( 'NONE', #477, #1297 ) ;
#412 = ORIENTED_EDGE ( 'NONE', *, *, #1629, .T. ) ;
#413 = AXIS2_PLACEMENT_3D ( 'NONE', #1129, #270, #2210 ) ;
#414 = CARTESIAN_POINT ( 'NONE',  ( 40.00000000000002842, -27.00000000000000355, -48.59999999999998010 ) ) ;
#415 = DIRECTION ( 'NONE',  ( -0.000000000000000000, -0.000000000000000000, 1.000000000000000000 ) ) ;
#416 = VERTEX_POINT ( 'NONE', #271 ) ;
#417 = ORIENTED_EDGE ( 'NONE', *, *, #1567, .T. ) ;
#418 = CARTESIAN_POINT ( 'NONE',  ( 21.95673594180063048, -53.90000000007311343, -43.60000000000005116 ) ) ;
#419 = EDGE_CURVE ( 'NONE', #1572, #1799, #705, .T. ) ;
#420 = DIRECTION ( 'NONE',  ( 4.881349231072857408E-16, -1.000000000000000000, -1.127630558920346665E-15 ) ) ;
#421 = EDGE_CURVE ( 'NONE', #1799, #1572, #1651, .T. ) ;
#422 = VECTOR ( 'NONE', #24, 1000.000000000000000 ) ;
#423 = LINE ( 'NONE', #939, #62 ) ;
#424 = ORIENTED_EDGE ( 'NONE', *, *, #835, .F. ) ;
#425 = CIRCLE ( 'NONE', #1734, 2.649999999999997691 ) ;
#426 = LINE ( 'NONE', #2054, #1946 ) ;
#427 = DIRECTION ( 'NONE',  ( 0.000000000000000000, 0.000000000000000000, 1.000000000000000000 ) ) ;
#428 = ORIENTED_EDGE ( 'NONE', *, *, #1292, .T. ) ;
#429 = CARTESIAN_POINT ( 'NONE',  ( -8.774999999999909761, 11.90784930203598968, -3.000000000000000000 ) ) ;
#430 = CARTESIAN_POINT ( 'NONE',  ( -13.30570456204346108, 4.667951537024054076, 2.299999999999999822 ) ) ;
#431 = CARTESIAN_POINT ( 'NONE',  ( 34.00000000001760014, -32.00000000016640200, -47.84999999999999432 ) ) ;
#432 = EDGE_CURVE ( 'NONE', #2270, #548, #1317, .T. ) ;
#433 = FACE_OUTER_BOUND ( 'NONE', #1574, .T. ) ;
#434 = AXIS2_PLACEMENT_3D ( 'NONE', #1156, #1846, #608 ) ;
#435 = EDGE_LOOP ( 'NONE', ( #2000, #677, #2204, #2015, #1758, #1083, #1693 ) ) ;
#436 = DIRECTION ( 'NONE',  ( -2.168404344971006896E-16, -1.000000000000000000, 0.000000000000000000 ) ) ;
#437 = FACE_OUTER_BOUND ( 'NONE', #2288, .T. ) ;
#438 = ORIENTED_EDGE ( 'NONE', *, *, #564, .T. ) ;
#439 = VERTEX_POINT ( 'NONE', #611 ) ;
#440 = CARTESIAN_POINT ( 'NONE',  ( 34.00000000001760014, -30.10000000016620447, -43.59999999999999432 ) ) ;
#441 = DIRECTION ( 'NONE',  ( 1.000000000000000000, 0.000000000000000000, 0.000000000000000000 ) ) ;
#442 = AXIS2_PLACEMENT_3D ( 'NONE', #830, #512, #2286 ) ;
#443 = CARTESIAN_POINT ( 'NONE',  ( -4.000000000016859403, -52.99999999999999289, -27.54999999999998295 ) ) ;
#444 = ORIENTED_EDGE ( 'NONE', *, *, #1528, .T. ) ;
#445 = FACE_OUTER_BOUND ( 'NONE', #1022, .T. ) ;
#446 = DIRECTION ( 'NONE',  ( 0.000000000000000000, 1.000000000000000000, 2.379049338482478526E-15 ) ) ;
#447 = ORIENTED_EDGE ( 'NONE', *, *, #1147, .F. ) ;
#448 = AXIS2_PLACEMENT_3D ( 'NONE', #1375, #2254, #656 ) ;
#449 = ADVANCED_FACE ( 'NONE', ( #437 ), #1150, .F. ) ;
#450 = ORIENTED_EDGE ( 'NONE', *, *, #1807, .T. ) ;
#451 = VECTOR ( 'NONE', #1649, 1000.000000000000000 ) ;
#452 = DIRECTION ( 'NONE',  ( 0.000000000000000000, -1.000000000000000000, -4.336808689942017736E-16 ) ) ;
#453 = FACE_BOUND ( 'NONE', #151, .T. ) ;
#454 = DIRECTION ( 'NONE',  ( -1.414657268890346879E-16, 2.379049338482478526E-15, -1.000000000000000000 ) ) ;
#455 = VERTEX_POINT ( 'NONE', #1888 ) ;
#456 = CARTESIAN_POINT ( 'NONE',  ( 0.000000000000000000, 13.40000000000000036, 0.000000000000000000 ) ) ;
#457 = DIRECTION ( 'NONE',  ( -1.414657268890346879E-16, 2.379049338482478526E-15, -1.000000000000000000 ) ) ;
#458 = EDGE_LOOP ( 'NONE', ( #1382, #1024 ) ) ;
#459 = ADVANCED_FACE ( 'NONE', ( #2263 ), #884, .F. ) ;
#460 = ORIENTED_EDGE ( 'NONE', *, *, #2043, .F. ) ;
#461 = CARTESIAN_POINT ( 'NONE',  ( -11.60474041071020679, -6.700000000000029488, 0.000000000000000000 ) ) ;
#462 = AXIS2_PLACEMENT_3D ( 'NONE', #431, #1525, #1155 ) ;
#463 = PLANE ( 'NONE',  #13 ) ;
#464 = FILL_AREA_STYLE ('',( #1004 ) ) ;
#465 = ORIENTED_EDGE ( 'NONE', *, *, #1405, .F. ) ;
#466 = DIRECTION ( 'NONE',  ( -1.414657268890346879E-16, 2.379049338482478526E-15, -1.000000000000000000 ) ) ;
#467 = CARTESIAN_POINT ( 'NONE',  ( 20.00000000000000355, -32.00000000000000000, -3.000000000000002665 ) ) ;
#468 = VECTOR ( 'NONE', #971, 1000.000000000000000 ) ;
#469 = ORIENTED_EDGE ( 'NONE', *, *, #650, .F. ) ;
#470 = PLANE ( 'NONE',  #46 ) ;
#471 = CARTESIAN_POINT ( 'NONE',  ( -4.000000000016859403, -52.99999999999997868, -37.54999999999998295 ) ) ;
#472 = EDGE_CURVE ( 'NONE', #1959, #325, #223, .T. ) ;
#473 = AXIS2_PLACEMENT_3D ( 'NONE', #44, #554, #756 ) ;
#474 = EDGE_LOOP ( 'NONE', ( #1040, #376, #1882, #478 ) ) ;
#475 = CARTESIAN_POINT ( 'NONE',  ( 6.624999999999895195, -11.47483660014370344, -3.000000000000000000 ) ) ;
#476 = EDGE_CURVE ( 'NONE', #455, #1016, #337, .T. ) ;
#477 = CARTESIAN_POINT ( 'NONE',  ( 3.864579600901408174, -6.693648218652620940, 2.299999999999999822 ) ) ;
#478 = ORIENTED_EDGE ( 'NONE', *, *, #1454, .F. ) ;
#479 = FACE_OUTER_BOUND ( 'NONE', #482, .T. ) ;
#480 = CARTESIAN_POINT ( 'NONE',  ( -10.69541689571855159, -9.189102397468486672, -42.93251095273883777 ) ) ;
#481 = AXIS2_PLACEMENT_3D ( 'NONE', #1154, #2037, #1333 ) ;
#482 = EDGE_LOOP ( 'NONE', ( #658, #1945, #579, #1369, #1243, #2240, #1221, #1605, #1840, #2053 ) ) ;
#483 = DIRECTION ( 'NONE',  ( -1.414657268890346879E-16, 2.379049338482478526E-15, -1.000000000000000000 ) ) ;
#484 = DIRECTION ( 'NONE',  ( -0.000000000000000000, -0.000000000000000000, 1.000000000000000000 ) ) ;
#485 = ORIENTED_EDGE ( 'NONE', *, *, #2200, .F. ) ;
#486 = PLANE ( 'NONE',  #397 ) ;
#487 = EDGE_CURVE ( 'NONE', #382, #1402, #1470, .T. ) ;
#488 = DIRECTION ( 'NONE',  ( 1.000000000000000000, 0.000000000000000000, 0.000000000000000000 ) ) ;
#489 = ORIENTED_EDGE ( 'NONE', *, *, #835, .T. ) ;
#490 = EDGE_CURVE ( 'NONE', #1918, #560, #1770, .T. ) ;
#491 = LINE ( 'NONE', #130, #1463 ) ;
#492 = ORIENTED_EDGE ( 'NONE', *, *, #1025, .F. ) ;
#493 = CIRCLE ( 'NONE', #1621, 2.750000000016170176 ) ;
#494 = FACE_OUTER_BOUND ( 'NONE', #474, .T. ) ;
#495 = DIRECTION ( 'NONE',  ( -0.000000000000000000, -0.000000000000000000, 1.000000000000000000 ) ) ;
#496 = ORIENTED_EDGE ( 'NONE', *, *, #1672, .F. ) ;
#497 = CARTESIAN_POINT ( 'NONE',  ( -2.610287666324261124, 13.85705393449289780, 2.299999999999999822 ) ) ;
#498 = LINE ( 'NONE', #1746, #98 ) ;
#499 = EDGE_CURVE ( 'NONE', #623, #393, #2091, .T. ) ;
#500 = ORIENTED_EDGE ( 'NONE', *, *, #1797, .T. ) ;
#501 = DIRECTION ( 'NONE',  ( -0.000000000000000000, -0.000000000000000000, 1.000000000000000000 ) ) ;
#502 = EDGE_LOOP ( 'NONE', ( #1789, #489 ) ) ;
#503 = VECTOR ( 'NONE', #2155, 1000.000000000000000 ) ;
#504 = DIRECTION ( 'NONE',  ( 0.000000000000000000, 1.000000000000000000, 3.652049423109069602E-15 ) ) ;
#505 = CARTESIAN_POINT ( 'NONE',  ( -0.05000000000000685146, -62.00000000000001421, -19.52499999999995595 ) ) ;
#506 = ORIENTED_EDGE ( 'NONE', *, *, #732, .T. ) ;
#507 = CARTESIAN_POINT ( 'NONE',  ( 21.95673594180063048, -52.00000000007321432, -43.60000000000004405 ) ) ;
#508 = ADVANCED_FACE ( 'NONE', ( #2144 ), #996, .F. ) ;
#509 = SHAPE_DEFINITION_REPRESENTATION ( #102, #659 ) ;
#510 = EDGE_LOOP ( 'NONE', ( #506, #1164, #177, #1467 ) ) ;
#511 = ADVANCED_FACE ( 'NONE', ( #1183, #1058 ), #1252, .T. ) ;
#512 = DIRECTION ( 'NONE',  ( -1.000000000000000000, 2.168404344971006896E-16, -2.885201858202352383E-32 ) ) ;
#513 = ORIENTED_EDGE ( 'NONE', *, *, #1202, .F. ) ;
#514 = DIRECTION ( 'NONE',  ( 0.000000000000000000, 0.000000000000000000, 1.000000000000000000 ) ) ;
#515 = DIRECTION ( 'NONE',  ( -0.000000000000000000, -0.000000000000000000, 1.000000000000000000 ) ) ;
#516 = EDGE_CURVE ( 'NONE', #1078, #853, #1352, .T. ) ;
#517 = VECTOR ( 'NONE', #1787, 1000.000000000000000 ) ;
#518 = AXIS2_PLACEMENT_3D ( 'NONE', #1900, #1790, #2319 ) ;
#519 = ORIENTED_EDGE ( 'NONE', *, *, #2313, .T. ) ;
#520 = DIRECTION ( 'NONE',  ( -1.414657268890346879E-16, 2.379049338482478526E-15, -1.000000000000000000 ) ) ;
#521 = AXIS2_PLACEMENT_3D ( 'NONE', #1887, #1694, #436 ) ;
#522 = DIRECTION ( 'NONE',  ( -1.000000000000000000, 0.000000000000000000, 0.000000000000000000 ) ) ;
#523 = EDGE_LOOP ( 'NONE', ( #2120, #889, #161, #1332 ) ) ;
#524 = DIRECTION ( 'NONE',  ( -0.6418732646538559683, 0.7668107407454600732, 0.000000000000000000 ) ) ;
#525 = LINE ( 'NONE', #1420, #704 ) ;
#526 = ORIENTED_EDGE ( 'NONE', *, *, #1939, .T. ) ;
#527 = AXIS2_PLACEMENT_3D ( 'NONE', #2130, #2068, #522 ) ;
#528 = FACE_OUTER_BOUND ( 'NONE', #1142, .T. ) ;
#529 = FACE_OUTER_BOUND ( 'NONE', #683, .T. ) ;
#530 = DIRECTION ( 'NONE',  ( -0.000000000000000000, -0.000000000000000000, 1.000000000000000000 ) ) ;
#531 = EDGE_CURVE ( 'NONE', #1063, #1749, #1048, .T. ) ;
#532 = AXIS2_PLACEMENT_3D ( 'NONE', #372, #1301, #2018 ) ;
#533 = ORIENTED_EDGE ( 'NONE', *, *, #1139, .T. ) ;
#534 = FACE_OUTER_BOUND ( 'NONE', #2185, .T. ) ;
#535 = AXIS2_PLACEMENT_3D ( 'NONE', #922, #1628, #1310 ) ;
#536 = DIRECTION ( 'NONE',  ( 0.3431409490534294005, -0.9392839235730119363, 0.000000000000000000 ) ) ;
#537 = ORIENTED_EDGE ( 'NONE', *, *, #1122, .F. ) ;
#538 = CARTESIAN_POINT ( 'NONE',  ( -7.729159201799991052, -3.485303408726214691E-13, -42.93251095273883777 ) ) ;
#539 = ORIENTED_EDGE ( 'NONE', *, *, #1006, .T. ) ;
#540 = DIRECTION ( 'NONE',  ( -1.414657268890346879E-16, 2.379049338482478526E-15, -1.000000000000000000 ) ) ;
#541 = CARTESIAN_POINT ( 'NONE',  ( 4.974999999998320988, 11.90784930203709280, 2.299999999999999822 ) ) ;
#542 = DIRECTION ( 'NONE',  ( -0.000000000000000000, -0.000000000000000000, 1.000000000000000000 ) ) ;
#543 = VERTEX_POINT ( 'NONE', #1238 ) ;
#544 = ORIENTED_EDGE ( 'NONE', *, *, #476, .F. ) ;
#545 = DIRECTION ( 'NONE',  ( 1.000000000000000000, 1.068589661201713170E-15, 0.000000000000000000 ) ) ;
#546 = CIRCLE ( 'NONE', #733, 5.000000000000000000 ) ;
#547 = FACE_OUTER_BOUND ( 'NONE', #895, .T. ) ;
#548 = VERTEX_POINT ( 'NONE', #361 ) ;
#549 = ADVANCED_FACE ( 'NONE', ( #874 ), #2079, .F. ) ;
#550 = CARTESIAN_POINT ( 'NONE',  ( 8.525000000002393108, -11.47483660014370344, -3.000000000000000000 ) ) ;
#551 = ORIENTED_EDGE ( 'NONE', *, *, #932, .F. ) ;
#552 = DIRECTION ( 'NONE',  ( -1.414657268890346879E-16, 2.379049338482478526E-15, -1.000000000000000000 ) ) ;
#553 = LINE ( 'NONE', #203, #1989 ) ;
#554 = DIRECTION ( 'NONE',  ( 4.881349231072857408E-16, -1.000000000000000000, -1.127630558920346665E-15 ) ) ;
#555 = VERTEX_POINT ( 'NONE', #1415 ) ;
#556 = ORIENTED_EDGE ( 'NONE', *, *, #873, .T. ) ;
#557 = CYLINDRICAL_SURFACE ( 'NONE', #806, 1.899999999999098632 ) ;
#558 = EDGE_CURVE ( 'NONE', #2026, #2297, #2174, .T. ) ;
#559 = DIRECTION ( 'NONE',  ( -1.000000000000000000, 0.000000000000000000, 0.000000000000000000 ) ) ;
#560 = VERTEX_POINT ( 'NONE', #1591 ) ;
#561 = EDGE_CURVE ( 'NONE', #1847, #2031, #945, .T. ) ;
#562 = CIRCLE ( 'NONE', #1159, 3.550000000000209432 ) ;
#563 = CARTESIAN_POINT ( 'NONE',  ( -4.000000000016859403, -52.99999999999997868, -37.54999999999998295 ) ) ;
#564 = EDGE_CURVE ( 'NONE', #570, #2031, #1170, .T. ) ;
#565 = ORIENTED_EDGE ( 'NONE', *, *, #1807, .F. ) ;
#566 = DIRECTION ( 'NONE',  ( 0.000000000000000000, 1.000000000000000000, 2.379049338482478526E-15 ) ) ;
#567 = CARTESIAN_POINT ( 'NONE',  ( -9.049999999999998934, -30.00000000000000000, -34.93591238715436020 ) ) ;
#568 = FACE_OUTER_BOUND ( 'NONE', #1158, .T. ) ;
#569 = ORIENTED_EDGE ( 'NONE', *, *, #1365, .T. ) ;
#570 = VERTEX_POINT ( 'NONE', #821 ) ;
#571 = DIRECTION ( 'NONE',  ( -1.156482317317871478E-16, 1.000000000000000000, 0.000000000000000000 ) ) ;
#572 = DIRECTION ( 'NONE',  ( 0.000000000000000000, 0.000000000000000000, -1.000000000000000000 ) ) ;
#573 = LINE ( 'NONE', #2006, #1893 ) ;
#574 = CIRCLE ( 'NONE', #1585, 2.649999999999997691 ) ;
#575 = ORIENTED_EDGE ( 'NONE', *, *, #2143, .F. ) ;
#576 = PLANE ( 'NONE',  #1724 ) ;
#577 = DIRECTION ( 'NONE',  ( -0.7668107407455123647, 0.6418732646537933517, 0.000000000000000000 ) ) ;
#578 = CARTESIAN_POINT ( 'NONE',  ( 2.610287666325547207, -13.85705393449218903, 0.000000000000000000 ) ) ;
#579 = ORIENTED_EDGE ( 'NONE', *, *, #1750, .T. ) ;
#580 = EDGE_LOOP ( 'NONE', ( #2140, #823, #757, #2167 ) ) ;
#581 = LINE ( 'NONE', #1085, #1931 ) ;
#582 = CIRCLE ( 'NONE', #773, 2.750000000016170176 ) ;
#583 = EDGE_CURVE ( 'NONE', #912, #1299, #1542, .T. ) ;
#584 = AXIS2_PLACEMENT_3D ( 'NONE', #1587, #1210, #662 ) ;
#585 = PLANE ( 'NONE',  #2222 ) ;
#586 = DIRECTION ( 'NONE',  ( -0.000000000000000000, -0.000000000000000000, 1.000000000000000000 ) ) ;
#587 = ORIENTED_EDGE ( 'NONE', *, *, #2188, .F. ) ;
#588 = EDGE_CURVE ( 'NONE', #2046, #439, #348, .T. ) ;
#589 = CARTESIAN_POINT ( 'NONE',  ( -0.05000000000000040523, -102.2120628667399558, -22.52499999999995595 ) ) ;
#590 = LINE ( 'NONE', #1879, #1721 ) ;
#591 = ORIENTED_EDGE ( 'NONE', *, *, #561, .T. ) ;
#592 = VECTOR ( 'NONE', #243, 1000.000000000000000 ) ;
#593 = FACE_OUTER_BOUND ( 'NONE', #510, .T. ) ;
#594 = DIRECTION ( 'NONE',  ( 1.414657268890346879E-16, -2.379049338482478526E-15, 1.000000000000000000 ) ) ;
#595 = EDGE_CURVE ( 'NONE', #57, #1553, #1239, .T. ) ;
#596 = VECTOR ( 'NONE', #78, 1000.000000000000114 ) ;
#597 = CARTESIAN_POINT ( 'NONE',  ( 21.95673594180063048, -52.00000000007321432, -43.60000000000004405 ) ) ;
#598 = AXIS2_PLACEMENT_3D ( 'NONE', #1476, #540, #1973 ) ;
#599 = DIRECTION ( 'NONE',  ( -0.9392839235730126024, 0.3431409490534277351, 0.000000000000000000 ) ) ;
#600 = ORIENTED_EDGE ( 'NONE', *, *, #1030, .T. ) ;
#601 = CARTESIAN_POINT ( 'NONE',  ( 21.95673594180063048, -55.55000000007314753, -47.85000000000004405 ) ) ;
#602 = DIRECTION ( 'NONE',  ( 0.000000000000000000, 1.000000000000000000, 1.954618001100659522E-15 ) ) ;
#603 = DIRECTION ( 'NONE',  ( -0.3428741871299858524, 0.9393813346027007904, 0.000000000000000000 ) ) ;
#604 = FACE_BOUND ( 'NONE', #66, .T. ) ;
#605 = ADVANCED_FACE ( 'NONE', ( #1828 ), #1843, .F. ) ;
#606 = DIRECTION ( 'NONE',  ( -4.827487616004033502E-13, -1.000000000000000000, -2.379049338482480498E-15 ) ) ;
#607 = VECTOR ( 'NONE', #748, 1000.000000000000000 ) ;
#608 = DIRECTION ( 'NONE',  ( 0.000000000000000000, 1.000000000000000000, 1.954618001100512399E-15 ) ) ;
#609 = ORIENTED_EDGE ( 'NONE', *, *, #791, .T. ) ;
#610 = DIRECTION ( 'NONE',  ( -0.000000000000000000, -0.000000000000000000, 1.000000000000000000 ) ) ;
#611 = CARTESIAN_POINT ( 'NONE',  ( -3.864579600899062939, -6.693648218653594384, 0.000000000000000000 ) ) ;
#612 = ORIENTED_EDGE ( 'NONE', *, *, #653, .F. ) ;
#613 = ORIENTED_EDGE ( 'NONE', *, *, #1970, .T. ) ;
#614 = CARTESIAN_POINT ( 'NONE',  ( 39.99999999998313172, -62.00000000000000000, -42.59999999999998721 ) ) ;
#615 = DIRECTION ( 'NONE',  ( -1.414657268890346879E-16, 2.379049338482478526E-15, -1.000000000000000000 ) ) ;
#616 = VECTOR ( 'NONE', #545, 1000.000000000000000 ) ;
#617 = DIRECTION ( 'NONE',  ( 0.000000000000000000, 0.000000000000000000, 1.000000000000000000 ) ) ;
#618 = MECHANICAL_DESIGN_GEOMETRIC_PRESENTATION_REPRESENTATION (  '', ( #1895 ), #1820 ) ;
#619 = VERTEX_POINT ( 'NONE', #1289 ) ;
#620 = EDGE_CURVE ( 'NONE', #619, #548, #1845, .T. ) ;
#621 = DIRECTION ( 'NONE',  ( -0.7668107407455122537, 0.6418732646537933517, 0.000000000000000000 ) ) ;
#622 = CARTESIAN_POINT ( 'NONE',  ( 4.974999999998320988, 11.90784930203709280, -3.000000000000000000 ) ) ;
#623 = VERTEX_POINT ( 'NONE', #1136 ) ;
#624 = FACE_OUTER_BOUND ( 'NONE', #1208, .T. ) ;
#625 = DIRECTION ( 'NONE',  ( -0.000000000000000000, 1.000000000000000000, -0.000000000000000000 ) ) ;
#626 = CARTESIAN_POINT ( 'NONE',  ( 13.30570456204409702, 4.667951537025174069, -42.93251095273883777 ) ) ;
#627 = AXIS2_PLACEMENT_3D ( 'NONE', #2078, #466, #1050 ) ;
#628 = CARTESIAN_POINT ( 'NONE',  ( 8.696166260317573560, -32.00000000015774759, -47.84999999999998721 ) ) ;
#629 = EDGE_CURVE ( 'NONE', #744, #853, #1458, .T. ) ;
#630 = ORIENTED_EDGE ( 'NONE', *, *, #1970, .F. ) ;
#631 = VECTOR ( 'NONE', #1511, 1000.000000000000000 ) ;
#632 = PLANE ( 'NONE',  #334 ) ;
#633 = CARTESIAN_POINT ( 'NONE',  ( -6.874999999999909406, 11.90784930203598968, 2.299999999999999822 ) ) ;
#634 = ORIENTED_EDGE ( 'NONE', *, *, #1825, .F. ) ;
#635 = AXIS2_PLACEMENT_3D ( 'NONE', #42, #1102, #566 ) ;
#636 = VECTOR ( 'NONE', #2307, 1000.000000000000000 ) ;
#637 = LINE ( 'NONE', #1697, #1829 ) ;
#638 = VECTOR ( 'NONE', #2300, 999.9999999999998863 ) ;
#639 = PLANE ( 'NONE',  #481 ) ;
#640 = CARTESIAN_POINT ( 'NONE',  ( -9.050000000000006040, -62.00000000000000711, -48.60000000000005116 ) ) ;
#641 = CARTESIAN_POINT ( 'NONE',  ( -9.050000000000000711, -41.99999999999999289, -17.52499999999995595 ) ) ;
#642 = EDGE_LOOP ( 'NONE', ( #600, #1886 ) ) ;
#643 = ADVANCED_FACE ( 'NONE', ( #547 ), #2004, .F. ) ;
#644 = DIRECTION ( 'NONE',  ( 0.9392839235730117142, -0.3431409490534300666, 0.000000000000000000 ) ) ;
#645 = CARTESIAN_POINT ( 'NONE',  ( 5.479780801409893876, -26.99999999999999645, 7.545309192984930746 ) ) ;
#646 = ORIENTED_EDGE ( 'NONE', *, *, #407, .F. ) ;
#647 = DIRECTION ( 'NONE',  ( 1.000000000000000000, -3.460794964545171565E-16, 0.000000000000000000 ) ) ;
#648 = CARTESIAN_POINT ( 'NONE',  ( 39.99999999998311750, -47.00000000000002842, -17.52499999999995595 ) ) ;
#649 = AXIS2_PLACEMENT_3D ( 'NONE', #1580, #1955, #872 ) ;
#650 = EDGE_CURVE ( 'NONE', #1870, #2230, #1680, .T. ) ;
#651 = ORIENTED_EDGE ( 'NONE', *, *, #1578, .T. ) ;
#652 = CARTESIAN_POINT ( 'NONE',  ( -0.04999999999999991257, -30.00000000000000000, -42.59999999999999432 ) ) ;
#653 = EDGE_CURVE ( 'NONE', #2208, #255, #2182, .T. ) ;
#654 = ORIENTED_EDGE ( 'NONE', *, *, #1769, .F. ) ;
#655 = DIRECTION ( 'NONE',  ( -1.414657268890346879E-16, 2.379049338482478526E-15, -1.000000000000000000 ) ) ;
#656 = DIRECTION ( 'NONE',  ( 0.000000000000000000, 1.000000000000000000, 1.954618001100659522E-15 ) ) ;
#657 = AXIS2_PLACEMENT_3D ( 'NONE', #211, #1804, #711 ) ;
#658 = ORIENTED_EDGE ( 'NONE', *, *, #1907, .T. ) ;
#659 = ADVANCED_BREP_SHAPE_REPRESENTATION ( '010_008_Spin_servo_mount_1', ( #1076, #2199 ), #210 ) ;
#660 = ADVANCED_FACE ( 'NONE', ( #1494 ), #585, .F. ) ;
#661 = CARTESIAN_POINT ( 'NONE',  ( 39.99999999998313172, -30.00000000000000000, -22.52499999999999503 ) ) ;
#662 = DIRECTION ( 'NONE',  ( -1.000000000000000000, 0.000000000000000000, 0.000000000000000000 ) ) ;
#663 = ADVANCED_FACE ( 'NONE', ( #1657 ), #49, .F. ) ;
#664 = AXIS2_PLACEMENT_3D ( 'NONE', #215, #1662, #2165 ) ;
#665 = ORIENTED_EDGE ( 'NONE', *, *, #1812, .F. ) ;
#666 = CARTESIAN_POINT ( 'NONE',  ( 0.000000000000000000, 0.000000000000000000, 2.299999999999999822 ) ) ;
#667 = EDGE_CURVE ( 'NONE', #1194, #866, #304, .T. ) ;
#668 = ORIENTED_EDGE ( 'NONE', *, *, #1700, .F. ) ;
#669 = CARTESIAN_POINT ( 'NONE',  ( 21.95673594180063048, -55.55000000007314753, -48.60000000000004405 ) ) ;
#670 = EDGE_LOOP ( 'NONE', ( #186, #85 ) ) ;
#671 = CARTESIAN_POINT ( 'NONE',  ( 0.000000000000000000, -32.00000000000000000, -7.524999999999878675 ) ) ;
#672 = CARTESIAN_POINT ( 'NONE',  ( -13.30570456204346108, 4.667951537024054076, 0.000000000000000000 ) ) ;
#673 = VECTOR ( 'NONE', #514, 1000.000000000000000 ) ;
#674 = EDGE_CURVE ( 'NONE', #294, #1031, #493, .T. ) ;
#675 = EDGE_LOOP ( 'NONE', ( #1877, #712, #812, #1462 ) ) ;
#676 = DIRECTION ( 'NONE',  ( -0.000000000000000000, -0.000000000000000000, 1.000000000000000000 ) ) ;
#677 = ORIENTED_EDGE ( 'NONE', *, *, #531, .F. ) ;
#678 = CARTESIAN_POINT ( 'NONE',  ( 11.60474041071149109, 6.700000000000736478, 0.000000000000000000 ) ) ;
#679 = ORIENTED_EDGE ( 'NONE', *, *, #260, .T. ) ;
#680 = ADVANCED_FACE ( 'NONE', ( #384 ), #1802, .F. ) ;
#681 = LINE ( 'NONE', #661, #1777 ) ;
#682 = CARTESIAN_POINT ( 'NONE',  ( 34.00000000001760014, -33.90000000016662085, -47.85000000000000142 ) ) ;
#683 = EDGE_LOOP ( 'NONE', ( #1696, #1278, #1582, #1818 ) ) ;
#684 = CARTESIAN_POINT ( 'NONE',  ( 11.60474041071213591, -6.699999999998910383, -42.93251095273883777 ) ) ;
#685 = EDGE_CURVE ( 'NONE', #63, #925, #406, .T. ) ;
#686 =( NAMED_UNIT ( * ) SI_UNIT ( $, .STERADIAN. ) SOLID_ANGLE_UNIT ( ) );
#687 = EDGE_LOOP ( 'NONE', ( #2299, #1286 ) ) ;
#688 = CARTESIAN_POINT ( 'NONE',  ( 3.864579600901408174, -6.693648218652620940, 0.000000000000000000 ) ) ;
#689 = EDGE_CURVE ( 'NONE', #1194, #286, #1669, .T. ) ;
#690 = ORIENTED_EDGE ( 'NONE', *, *, #1912, .F. ) ;
#691 = AXIS2_PLACEMENT_3D ( 'NONE', #224, #51, #1485 ) ;
#692 = CIRCLE ( 'NONE', #1217, 1.900000000000210632 ) ;
#693 = LINE ( 'NONE', #1411, #673 ) ;
#694 = CARTESIAN_POINT ( 'NONE',  ( 10.69541689572048959, -9.189102397467369343, -42.93251095273883777 ) ) ;
#695 = ORIENTED_EDGE ( 'NONE', *, *, #989, .T. ) ;
#696 = LINE ( 'NONE', #883, #1107 ) ;
#697 = DIRECTION ( 'NONE',  ( 0.000000000000000000, 1.000000000000000000, 2.379049338482478526E-15 ) ) ;
#698 = VERTEX_POINT ( 'NONE', #774 ) ;
#699 = CARTESIAN_POINT ( 'NONE',  ( 8.696166260317573560, -35.55000000015774475, -48.59999999999999432 ) ) ;
#700 = EDGE_CURVE ( 'NONE', #1010, #725, #1017, .T. ) ;
#701 = ORIENTED_EDGE ( 'NONE', *, *, #1539, .T. ) ;
#702 = DIRECTION ( 'NONE',  ( 0.6418732646537933517, 0.7668107407455123647, 0.000000000000000000 ) ) ;
#703 = CYLINDRICAL_SURFACE ( 'NONE', #879, 2.750000000016170176 ) ;
#704 = VECTOR ( 'NONE', #848, 1000.000000000000000 ) ;
#705 = CIRCLE ( 'NONE', #2058, 3.549999999999942091 ) ;
#706 = ORIENTED_EDGE ( 'NONE', *, *, #2017, .T. ) ;
#707 = LINE ( 'NONE', #2142, #983 ) ;
#708 = CIRCLE ( 'NONE', #2027, 1.900000000000000577 ) ;
#709 = CARTESIAN_POINT ( 'NONE',  ( -3.864579600900125200, 6.693648218653342141, 2.299999999999999822 ) ) ;
#710 = ORIENTED_EDGE ( 'NONE', *, *, #1111, .T. ) ;
#711 = DIRECTION ( 'NONE',  ( 1.000000000000000000, 0.000000000000000000, 0.000000000000000000 ) ) ;
#712 = ORIENTED_EDGE ( 'NONE', *, *, #1666, .F. ) ;
#713 = DIRECTION ( 'NONE',  ( 1.000000000000000000, 0.000000000000000000, 0.000000000000000000 ) ) ;
#714 = CARTESIAN_POINT ( 'NONE',  ( 21.95673594180063048, -53.90000000007310632, -47.85000000000004405 ) ) ;
#715 = LINE ( 'NONE', #943, #1070 ) ;
#716 = ORIENTED_EDGE ( 'NONE', *, *, #388, .F. ) ;
#717 = VECTOR ( 'NONE', #1992, 1000.000000000000000 ) ;
#718 = ORIENTED_EDGE ( 'NONE', *, *, #360, .F. ) ;
#719 = EDGE_CURVE ( 'NONE', #1767, #1105, #1631, .T. ) ;
#720 = DIRECTION ( 'NONE',  ( -0.000000000000000000, -0.000000000000000000, 1.000000000000000000 ) ) ;
#721 = ORIENTED_EDGE ( 'NONE', *, *, #885, .T. ) ;
#722 = EDGE_CURVE ( 'NONE', #2020, #994, #1436, .T. ) ;
#723 = CARTESIAN_POINT ( 'NONE',  ( 20.00000000000000355, -32.00000000000000000, 2.299999999999999822 ) ) ;
#724 = CIRCLE ( 'NONE', #2147, 1.899999999999999689 ) ;
#725 = VERTEX_POINT ( 'NONE', #1644 ) ;
#726 = CARTESIAN_POINT ( 'NONE',  ( -20.00000000000000000, -2.449293598294706513E-15, 2.299999999999999822 ) ) ;
#727 = CYLINDRICAL_SURFACE ( 'NONE', #1350, 3.550000000000209432 ) ;
#728 = PLANE ( 'NONE',  #175 ) ;
#729 = EDGE_LOOP ( 'NONE', ( #1353, #1486, #1579, #385 ) ) ;
#730 = ORIENTED_EDGE ( 'NONE', *, *, #2122, .T. ) ;
#731 = DIRECTION ( 'NONE',  ( 1.000000000000000000, 0.000000000000000000, 0.000000000000000000 ) ) ;
#732 = EDGE_CURVE ( 'NONE', #1872, #1402, #299, .T. ) ;
#733 = AXIS2_PLACEMENT_3D ( 'NONE', #200, #900, #351 ) ;
#734 = ADVANCED_FACE ( 'NONE', ( #1145, #1719, #71, #970, #1699, #453 ), #463, .T. ) ;
#735 = CARTESIAN_POINT ( 'NONE',  ( -4.000000000016859403, -52.99999999999997868, -37.54999999999998295 ) ) ;
#736 = ORIENTED_EDGE ( 'NONE', *, *, #1015, .T. ) ;
#737 = DIRECTION ( 'NONE',  ( -1.000000000000000000, 3.460794964545171565E-16, 0.000000000000000000 ) ) ;
#738 = ORIENTED_EDGE ( 'NONE', *, *, #1151, .F. ) ;
#739 = DIRECTION ( 'NONE',  ( 1.000000000000000000, 0.000000000000000000, 0.000000000000000000 ) ) ;
#740 = CARTESIAN_POINT ( 'NONE',  ( 20.00000000000000000, 2.449293598294706513E-15, -53.00000000000000711 ) ) ;
#741 = DIRECTION ( 'NONE',  ( 0.1724731828275600787, -0.9850142137072596116, 0.000000000000000000 ) ) ;
#742 = VERTEX_POINT ( 'NONE', #640 ) ;
#743 = VECTOR ( 'NONE', #64, 1000.000000000000000 ) ;
#744 = VERTEX_POINT ( 'NONE', #1690 ) ;
#745 = FILL_AREA_STYLE ('',( #1667 ) ) ;
#746 = AXIS2_PLACEMENT_3D ( 'NONE', #1834, #228, #779 ) ;
#747 = EDGE_CURVE ( 'NONE', #2270, #2149, #908, .T. ) ;
#748 = DIRECTION ( 'NONE',  ( -1.414657268890346879E-16, 2.379049338482478526E-15, -1.000000000000000000 ) ) ;
#749 = AXIS2_PLACEMENT_3D ( 'NONE', #1351, #92, #2220 ) ;
#750 = VECTOR ( 'NONE', #1363, 1000.000000000000000 ) ;
#751 = VECTOR ( 'NONE', #1426, 1000.000000000000000 ) ;
#752 = CARTESIAN_POINT ( 'NONE',  ( 2.610287666325547207, -13.85705393449218903, 2.299999999999999822 ) ) ;
#753 = ORIENTED_EDGE ( 'NONE', *, *, #1700, .T. ) ;
#754 = CARTESIAN_POINT ( 'NONE',  ( 21.95673594180063048, -50.10000000007332233, -43.60000000000003695 ) ) ;
#755 = CARTESIAN_POINT ( 'NONE',  ( 20.00000000000000355, -27.00000000000000000, -13.00000000000006750 ) ) ;
#756 = DIRECTION ( 'NONE',  ( 0.000000000000000000, 0.000000000000000000, -1.000000000000000000 ) ) ;
#757 = ORIENTED_EDGE ( 'NONE', *, *, #759, .F. ) ;
#758 = EDGE_LOOP ( 'NONE', ( #842, #781, #369, #1190 ) ) ;
#759 = EDGE_CURVE ( 'NONE', #855, #1653, #1002, .T. ) ;
#760 = FACE_OUTER_BOUND ( 'NONE', #206, .T. ) ;
#761 = DIRECTION ( 'NONE',  ( -1.414657268890346879E-16, 2.379049338482478526E-15, -1.000000000000000000 ) ) ;
#762 = ADVANCED_FACE ( 'NONE', ( #2226 ), #1546, .F. ) ;
#763 = CARTESIAN_POINT ( 'NONE',  ( 34.00000000001760014, -32.00000000016641621, -43.60000000000000142 ) ) ;
#764 = VECTOR ( 'NONE', #676, 1000.000000000000000 ) ;
#765 = ORIENTED_EDGE ( 'NONE', *, *, #9, .T. ) ;
#766 = CARTESIAN_POINT ( 'NONE',  ( 13.30570456204474183, -4.667951537023347974, 0.000000000000000000 ) ) ;
#767 = CARTESIAN_POINT ( 'NONE',  ( 8.774999999998321698, 11.90784930203709280, -8.374011537024829366 ) ) ;
#768 = EDGE_CURVE ( 'NONE', #1747, #254, #871, .T. ) ;
#769 = CIRCLE ( 'NONE', #2077, 1.900000000000000577 ) ;
#770 = ORIENTED_EDGE ( 'NONE', *, *, #490, .F. ) ;
#771 = CARTESIAN_POINT ( 'NONE',  ( -9.050000000000006040, -62.00000000000000711, -48.60000000000005116 ) ) ;
#772 = DIRECTION ( 'NONE',  ( 1.000000000000000000, 0.000000000000000000, 0.000000000000000000 ) ) ;
#773 = AXIS2_PLACEMENT_3D ( 'NONE', #563, #363, #1447 ) ;
#774 = CARTESIAN_POINT ( 'NONE',  ( 8.696166260317573560, -30.10000000015775612, -47.84999999999998010 ) ) ;
#775 = CYLINDRICAL_SURFACE ( 'NONE', #170, 3.549999999999997602 ) ;
#776 = ORIENTED_EDGE ( 'NONE', *, *, #1247, .F. ) ;
#777 = EDGE_CURVE ( 'NONE', #1683, #1341, #1712, .T. ) ;
#778 = CARTESIAN_POINT ( 'NONE',  ( 8.696166260317573560, -28.45000000015775043, -48.59999999999998010 ) ) ;
#779 = DIRECTION ( 'NONE',  ( -0.1724731828275082590, 0.9850142137072687154, 0.000000000000000000 ) ) ;
#780 = CARTESIAN_POINT ( 'NONE',  ( 39.99999999998313172, -61.99999999999997158, -17.52499999999995595 ) ) ;
#781 = ORIENTED_EDGE ( 'NONE', *, *, #1365, .F. ) ;
#782 = ORIENTED_EDGE ( 'NONE', *, *, #79, .F. ) ;
#783 = DIRECTION ( 'NONE',  ( -1.000000000000000000, 0.000000000000000000, 0.000000000000000000 ) ) ;
#784 = AXIS2_PLACEMENT_3D ( 'NONE', #287, #988, #1368 ) ;
#785 = CARTESIAN_POINT ( 'NONE',  ( 11.60474041071149109, 6.700000000000736478, 0.000000000000000000 ) ) ;
#786 = CARTESIAN_POINT ( 'NONE',  ( -3.864579600900125200, 6.693648218653342141, 0.000000000000000000 ) ) ;
#787 = ORIENTED_EDGE ( 'NONE', *, *, #1557, .F. ) ;
#788 = CARTESIAN_POINT ( 'NONE',  ( 34.00000000001760014, -28.45000000016619168, -47.84999999999998721 ) ) ;
#789 = CARTESIAN_POINT ( 'NONE',  ( 14.25474041071149145, 6.700000000000736478, -42.93251095273883777 ) ) ;
#790 = ORIENTED_EDGE ( 'NONE', *, *, #1418, .T. ) ;
#791 = EDGE_CURVE ( 'NONE', #1409, #1979, #2249, .T. ) ;
#792 = LINE ( 'NONE', #2093, #217 ) ;
#793 = DIRECTION ( 'NONE',  ( -0.000000000000000000, -0.000000000000000000, 1.000000000000000000 ) ) ;
#794 = DIRECTION ( 'NONE',  ( -0.000000000000000000, -0.000000000000000000, 1.000000000000000000 ) ) ;
#795 = EDGE_CURVE ( 'NONE', #145, #298, #1885, .T. ) ;
#796 = DIRECTION ( 'NONE',  ( -1.414657268890346879E-16, 2.379049338482478526E-15, -1.000000000000000000 ) ) ;
#797 = VERTEX_POINT ( 'NONE', #652 ) ;
#798 = CARTESIAN_POINT ( 'NONE',  ( 13.30570456204474183, -4.667951537023347974, 2.299999999999999822 ) ) ;
#799 = LINE ( 'NONE', #767, #410 ) ;
#800 = ORIENTED_EDGE ( 'NONE', *, *, #1892, .T. ) ;
#801 = ORIENTED_EDGE ( 'NONE', *, *, #1910, .F. ) ;
#802 = DIRECTION ( 'NONE',  ( 1.414657268890346879E-16, -2.379049338482478526E-15, 1.000000000000000000 ) ) ;
#803 = EDGE_CURVE ( 'NONE', #1735, #199, #804, .T. ) ;
#804 = LINE ( 'NONE', #80, #276 ) ;
#805 = AXIS2_PLACEMENT_3D ( 'NONE', #1496, #617, #1337 ) ;
#806 = AXIS2_PLACEMENT_3D ( 'NONE', #1842, #2181, #232 ) ;
#807 = CARTESIAN_POINT ( 'NONE',  ( -9.050000000000006040, -62.00000000000001421, -17.52499999999995595 ) ) ;
#808 = EDGE_LOOP ( 'NONE', ( #2166, #2008, #1060, #765 ) ) ;
#809 = CARTESIAN_POINT ( 'NONE',  ( -8.774999999999909761, 11.90784930203598968, 2.299999999999999822 ) ) ;
#810 = DIRECTION ( 'NONE',  ( 0.8091295337753400263, 0.000000000000000000, -0.5876303239048346061 ) ) ;
#811 = ORIENTED_EDGE ( 'NONE', *, *, #1766, .T. ) ;
#812 = ORIENTED_EDGE ( 'NONE', *, *, #1639, .T. ) ;
#813 = DIRECTION ( 'NONE',  ( 0.000000000000000000, 0.000000000000000000, 1.000000000000000000 ) ) ;
#814 = CARTESIAN_POINT ( 'NONE',  ( 34.00000000001760014, -33.90000000016662796, -43.60000000000000853 ) ) ;
#815 = VECTOR ( 'NONE', #2090, 1000.000000000000227 ) ;
#816 = DIRECTION ( 'NONE',  ( 1.000000000000000000, 0.000000000000000000, 0.000000000000000000 ) ) ;
#817 = VERTEX_POINT ( 'NONE', #277 ) ;
#818 = AXIS2_PLACEMENT_3D ( 'NONE', #2277, #1379, #2267 ) ;
#819 = AXIS2_PLACEMENT_3D ( 'NONE', #1520, #1860, #54 ) ;
#820 = CARTESIAN_POINT ( 'NONE',  ( -6.625000000000182965, -11.47483660014792939, -3.000000000000000000 ) ) ;
#821 = CARTESIAN_POINT ( 'NONE',  ( 8.696166260317573560, -35.55000000015774475, -47.84999999999999432 ) ) ;
#822 = EDGE_CURVE ( 'NONE', #560, #1212, #574, .T. ) ;
#823 = ORIENTED_EDGE ( 'NONE', *, *, #4, .T. ) ;
#824 = AXIS2_PLACEMENT_3D ( 'NONE', #1868, #261, #1519 ) ;
#825 = FACE_OUTER_BOUND ( 'NONE', #156, .T. ) ;
#826 = LINE ( 'NONE', #2224, #1214 ) ;
#827 = DIRECTION ( 'NONE',  ( 0.000000000000000000, 0.000000000000000000, 1.000000000000000000 ) ) ;
#828 = VERTEX_POINT ( 'NONE', #1176 ) ;
#829 = VECTOR ( 'NONE', #1112, 1000.000000000000227 ) ;
#830 = CARTESIAN_POINT ( 'NONE',  ( -9.049999999999991829, 1.962405932198764209E-15, -1.442600929100985942E-33 ) ) ;
#831 = EDGE_CURVE ( 'NONE', #1782, #1299, #289, .T. ) ;
#832 = CARTESIAN_POINT ( 'NONE',  ( 34.00000000001760014, -32.00000000016640200, -47.84999999999999432 ) ) ;
#833 = ORIENTED_EDGE ( 'NONE', *, *, #1797, .F. ) ;
#834 = VECTOR ( 'NONE', #1514, 1000.000000000000000 ) ;
#835 = EDGE_CURVE ( 'NONE', #2297, #2026, #1361, .T. ) ;
#836 = CARTESIAN_POINT ( 'NONE',  ( -4.000000000016859403, -52.99999999999997868, -37.54999999999998295 ) ) ;
#837 = LINE ( 'NONE', #1020, #2129 ) ;
#838 = LINE ( 'NONE', #1556, #1185 ) ;
#839 = ORIENTED_EDGE ( 'NONE', *, *, #1006, .F. ) ;
#840 = DIRECTION ( 'NONE',  ( -1.414657268890346879E-16, 2.379049338482478526E-15, -1.000000000000000000 ) ) ;
#841 = CARTESIAN_POINT ( 'NONE',  ( -11.60474041071020679, -6.700000000000029488, 2.299999999999999822 ) ) ;
#842 = ORIENTED_EDGE ( 'NONE', *, *, #976, .F. ) ;
#843 = DIRECTION ( 'NONE',  ( -0.3428741871299858524, 0.9393813346027007904, 0.000000000000000000 ) ) ;
#844 = VECTOR ( 'NONE', #737, 1000.000000000000000 ) ;
#845 = ORIENTED_EDGE ( 'NONE', *, *, #1892, .F. ) ;
#846 = EDGE_CURVE ( 'NONE', #1782, #1468, #1896, .T. ) ;
#847 = FACE_OUTER_BOUND ( 'NONE', #1216, .T. ) ;
#848 = DIRECTION ( 'NONE',  ( -1.414657268890346879E-16, 2.379049338482478526E-15, -1.000000000000000000 ) ) ;
#849 = DIRECTION ( 'NONE',  ( -0.000000000000000000, -0.000000000000000000, 1.000000000000000000 ) ) ;
#850 = ORIENTED_EDGE ( 'NONE', *, *, #1737, .T. ) ;
#851 = DIRECTION ( 'NONE',  ( 0.000000000000000000, 0.000000000000000000, -1.000000000000000000 ) ) ;
#852 = LINE ( 'NONE', #1215, #1932 ) ;
#853 = VERTEX_POINT ( 'NONE', #2050 ) ;
#854 = DIRECTION ( 'NONE',  ( 1.000000000000000000, 0.000000000000000000, 0.000000000000000000 ) ) ;
#855 = VERTEX_POINT ( 'NONE', #1324 ) ;
#856 = DIRECTION ( 'NONE',  ( -1.000000000000000000, 0.000000000000000000, 0.000000000000000000 ) ) ;
#857 = DIRECTION ( 'NONE',  ( -0.000000000000000000, -0.000000000000000000, 1.000000000000000000 ) ) ;
#858 = ORIENTED_EDGE ( 'NONE', *, *, #167, .T. ) ;
#859 = VECTOR ( 'NONE', #1009, 1000.000000000000000 ) ;
#860 = VECTOR ( 'NONE', #880, 1000.000000000000000 ) ;
#861 = ORIENTED_EDGE ( 'NONE', *, *, #2217, .T. ) ;
#862 = CARTESIAN_POINT ( 'NONE',  ( 7.729159201800657186, 1.055159106790048984E-12, 2.299999999999999822 ) ) ;
#863 = EDGE_CURVE ( 'NONE', #1792, #1285, #1482, .T. ) ;
#864 = EDGE_LOOP ( 'NONE', ( #861, #500, #544, #965 ) ) ;
#865 = LINE ( 'NONE', #120, #1942 ) ;
#866 = VERTEX_POINT ( 'NONE', #267 ) ;
#867 = DIRECTION ( 'NONE',  ( 0.000000000000000000, 0.000000000000000000, 1.000000000000000000 ) ) ;
#868 = FACE_OUTER_BOUND ( 'NONE', #1331, .T. ) ;
#869 = ORIENTED_EDGE ( 'NONE', *, *, #732, .F. ) ;
#870 = ORIENTED_EDGE ( 'NONE', *, *, #2313, .F. ) ;
#871 = CIRCLE ( 'NONE', #1056, 2.750000000016166624 ) ;
#872 = DIRECTION ( 'NONE',  ( 0.000000000000000000, 1.000000000000000000, 2.379049338482548735E-15 ) ) ;
#873 = EDGE_CURVE ( 'NONE', #1051, #619, #980, .T. ) ;
#874 = FACE_OUTER_BOUND ( 'NONE', #523, .T. ) ;
#875 = EDGE_LOOP ( 'NONE', ( #886, #2291, #157, #230, #721 ) ) ;
#876 = DIRECTION ( 'NONE',  ( -1.414657268890346879E-16, 2.379049338482478526E-15, -1.000000000000000000 ) ) ;
#877 = EDGE_LOOP ( 'NONE', ( #450, #241 ) ) ;
#878 = CIRCLE ( 'NONE', #283, 2.649999999999997691 ) ;
#879 = AXIS2_PLACEMENT_3D ( 'NONE', #471, #1188, #1012 ) ;
#880 = DIRECTION ( 'NONE',  ( 4.881349231072857408E-16, -1.000000000000000000, -1.127630558920346665E-15 ) ) ;
#881 = FACE_OUTER_BOUND ( 'NONE', #16, .T. ) ;
#882 = VERTEX_POINT ( 'NONE', #1755 ) ;
#883 = CARTESIAN_POINT ( 'NONE',  ( 5.000000000000000000, 0.000000000000000000, -17.14213562373095101 ) ) ;
#884 = CYLINDRICAL_SURFACE ( 'NONE', #518, 1.899999999999894884 ) ;
#885 = EDGE_CURVE ( 'NONE', #1870, #2213, #1383, .T. ) ;
#886 = ORIENTED_EDGE ( 'NONE', *, *, #1277, .T. ) ;
#887 = AXIS2_PLACEMENT_3D ( 'NONE', #77, #1342, #1853 ) ;
#888 = LINE ( 'NONE', #752, #958 ) ;
#889 = ORIENTED_EDGE ( 'NONE', *, *, #863, .F. ) ;
#890 = VECTOR ( 'NONE', #857, 1000.000000000000000 ) ;
#891 = CARTESIAN_POINT ( 'NONE',  ( 39.99999999998313172, 0.000000000000000000, 0.000000000000000000 ) ) ;
#892 = LINE ( 'NONE', #740, #751 ) ;
#893 = ADVANCED_FACE ( 'NONE', ( #1941, #2106, #1602, #1919 ), #1431, .T. ) ;
#894 = CYLINDRICAL_SURFACE ( 'NONE', #1835, 2.649999999999997691 ) ;
#895 = EDGE_LOOP ( 'NONE', ( #1503, #1543, #1403, #1824 ) ) ;
#896 = VECTOR ( 'NONE', #1916, 1000.000000000000000 ) ;
#897 = ORIENTED_EDGE ( 'NONE', *, *, #1491, .T. ) ;
#898 = DIRECTION ( 'NONE',  ( -0.000000000000000000, -0.000000000000000000, 1.000000000000000000 ) ) ;
#899 = ORIENTED_EDGE ( 'NONE', *, *, #1528, .F. ) ;
#900 = DIRECTION ( 'NONE',  ( 0.000000000000000000, 0.000000000000000000, 1.000000000000000000 ) ) ;
#901 = ORIENTED_EDGE ( 'NONE', *, *, #2200, .T. ) ;
#902 = ADVANCED_FACE ( 'NONE', ( #1249 ), #1589, .T. ) ;
#903 = LINE ( 'NONE', #213, #111 ) ;
#904 = DIRECTION ( 'NONE',  ( -0.9392839235729935066, -0.3431409490534798046, 0.000000000000000000 ) ) ;
#905 = CARTESIAN_POINT ( 'NONE',  ( -2.610287666324261124, 13.85705393449289780, 2.299999999999999822 ) ) ;
#906 = VERTEX_POINT ( 'NONE', #2303 ) ;
#907 = EDGE_CURVE ( 'NONE', #63, #1914, #349, .T. ) ;
#908 = CIRCLE ( 'NONE', #1205, 2.649999999999999467 ) ;
#909 = VERTEX_POINT ( 'NONE', #1768 ) ;
#910 = LINE ( 'NONE', #405, #616 ) ;
#911 = CARTESIAN_POINT ( 'NONE',  ( 21.95673594180063048, -53.90000000007311343, -43.60000000000005116 ) ) ;
#912 = VERTEX_POINT ( 'NONE', #1046 ) ;
#913 = FACE_OUTER_BOUND ( 'NONE', #1800, .T. ) ;
#914 = AXIS2_PLACEMENT_3D ( 'NONE', #370, #219, #731 ) ;
#915 = EDGE_LOOP ( 'NONE', ( #1673, #613, #1598, #163 ) ) ;
#916 = CARTESIAN_POINT ( 'NONE',  ( -9.049999999999998934, -26.99999999999999289, -13.00000000000006928 ) ) ;
#917 = CARTESIAN_POINT ( 'NONE',  ( 14.25474041071213627, -6.699999999998910383, 2.299999999999999822 ) ) ;
#918 = DIRECTION ( 'NONE',  ( -1.000000000000000000, 0.000000000000000000, 0.000000000000000000 ) ) ;
#919 = ORIENTED_EDGE ( 'NONE', *, *, #588, .T. ) ;
#920 = EDGE_CURVE ( 'NONE', #1402, #1918, #146, .T. ) ;
#921 = ORIENTED_EDGE ( 'NONE', *, *, #2238, .T. ) ;
#922 = CARTESIAN_POINT ( 'NONE',  ( -6.625000000000182965, -11.47483660014792939, 2.299999999999999822 ) ) ;
#923 = DIRECTION ( 'NONE',  ( 0.000000000000000000, 1.000000000000000000, 1.954618001100512399E-15 ) ) ;
#924 = DIRECTION ( 'NONE',  ( -1.000000000000000000, 0.000000000000000000, 0.000000000000000000 ) ) ;
#925 = VERTEX_POINT ( 'NONE', #169 ) ;
#926 = AXIS2_PLACEMENT_3D ( 'NONE', #2070, #2059, #1492 ) ;
#927 = DIRECTION ( 'NONE',  ( -1.533293416683362798E-16, -0.7071067811865431318, -0.7071067811865519026 ) ) ;
#928 = CARTESIAN_POINT ( 'NONE',  ( -4.000000000016854962, -61.99999999999999289, -30.30000000001616201 ) ) ;
#929 = CARTESIAN_POINT ( 'NONE',  ( -10.69541689571855159, -9.189102397468486672, 2.299999999999999822 ) ) ;
#930 = ORIENTED_EDGE ( 'NONE', *, *, #1737, .F. ) ;
#931 = CIRCLE ( 'NONE', #2244, 1.899999999999894884 ) ;
#932 = EDGE_CURVE ( 'NONE', #882, #1847, #707, .T. ) ;
#933 = ORIENTED_EDGE ( 'NONE', *, *, #966, .F. ) ;
#934 = CARTESIAN_POINT ( 'NONE',  ( -6.874999999999909406, 11.90784930203598968, 2.299999999999999822 ) ) ;
#935 = CARTESIAN_POINT ( 'NONE',  ( 7.729159201800657186, 1.055159106790048984E-12, -42.93251095273883777 ) ) ;
#936 = CIRCLE ( 'NONE', #226, 5.000000000000000000 ) ;
#937 = VECTOR ( 'NONE', #1781, 1000.000000000000114 ) ;
#938 = ADVANCED_FACE ( 'NONE', ( #346 ), #2099, .F. ) ;
#939 = CARTESIAN_POINT ( 'NONE',  ( -9.049999999999998934, -26.99999999999997513, -19.52499999999995595 ) ) ;
#940 = EDGE_LOOP ( 'NONE', ( #99, #1925 ) ) ;
#941 = LINE ( 'NONE', #1660, #2248 ) ;
#942 = CARTESIAN_POINT ( 'NONE',  ( -0.05000000000000685146, -62.00000000000001421, -42.59999999999998721 ) ) ;
#943 = CARTESIAN_POINT ( 'NONE',  ( -2.610287666324261124, 13.85705393449289780, 0.000000000000000000 ) ) ;
#944 = ORIENTED_EDGE ( 'NONE', *, *, #1871, .T. ) ;
#945 = CIRCLE ( 'NONE', #148, 3.549999999999997602 ) ;
#946 = ORIENTED_EDGE ( 'NONE', *, *, #1385, .T. ) ;
#947 = LINE ( 'NONE', #1642, #1739 ) ;
#948 = CARTESIAN_POINT ( 'NONE',  ( -4.000000000016859403, -52.99999999999997868, -37.54999999999998295 ) ) ;
#949 = ADVANCED_FACE ( 'NONE', ( #158 ), #486, .T. ) ;
#950 = DIRECTION ( 'NONE',  ( 0.000000000000000000, 0.000000000000000000, -1.000000000000000000 ) ) ;
#951 = AXIS2_PLACEMENT_3D ( 'NONE', #1032, #1779, #2316 ) ;
#952 = ORIENTED_EDGE ( 'NONE', *, *, #288, .F. ) ;
#953 = LINE ( 'NONE', #1674, #743 ) ;
#954 = CARTESIAN_POINT ( 'NONE',  ( -10.69541689571921417, 9.189102397468072780, -42.93251095273883777 ) ) ;
#955 = ORIENTED_EDGE ( 'NONE', *, *, #2294, .T. ) ;
#956 = CARTESIAN_POINT ( 'NONE',  ( -8.524999999999280931, -11.47483660014792939, -3.000000000000000000 ) ) ;
#957 = CARTESIAN_POINT ( 'NONE',  ( 13.46557961923743818, -22.72937719846739313, 1.745622801532804136 ) ) ;
#958 = VECTOR ( 'NONE', #2184, 1000.000000000000114 ) ;
#959 = CARTESIAN_POINT ( 'NONE',  ( -11.60474041071020679, -6.700000000000029488, -42.93251095273883777 ) ) ;
#960 = CARTESIAN_POINT ( 'NONE',  ( -0.04999999999998474415, -30.00000000000000000, -22.52499999999995595 ) ) ;
#961 = ADVANCED_FACE ( 'NONE', ( #534 ), #2117, .F. ) ;
#962 = ORIENTED_EDGE ( 'NONE', *, *, #1912, .T. ) ;
#963 = LINE ( 'NONE', #1305, #1347 ) ;
#964 = FACE_OUTER_BOUND ( 'NONE', #2105, .T. ) ;
#965 = ORIENTED_EDGE ( 'NONE', *, *, #278, .F. ) ;
#966 = EDGE_CURVE ( 'NONE', #1320, #1880, #696, .T. ) ;
#967 = ORIENTED_EDGE ( 'NONE', *, *, #278, .T. ) ;
#968 = CARTESIAN_POINT ( 'NONE',  ( 20.00000000000000000, 2.449293598294706513E-15, -3.000000000000002665 ) ) ;
#969 = AXIS2_PLACEMENT_3D ( 'NONE', #1235, #1021, #2290 ) ;
#970 = FACE_BOUND ( 'NONE', #670, .T. ) ;
#971 = DIRECTION ( 'NONE',  ( -1.000000000000000000, -7.073286344454245193E-16, 2.829314537781698077E-16 ) ) ;
#972 = ORIENTED_EDGE ( 'NONE', *, *, #629, .F. ) ;
#973 = LINE ( 'NONE', #251, #115 ) ;
#974 = DIRECTION ( 'NONE',  ( 0.1724731828275075929, 0.9850142137072688264, 0.000000000000000000 ) ) ;
#975 = ORIENTED_EDGE ( 'NONE', *, *, #1429, .T. ) ;
#976 = EDGE_CURVE ( 'NONE', #31, #1803, #1237, .T. ) ;
#977 = EDGE_LOOP ( 'NONE', ( #1729, #168 ) ) ;
#978 = LINE ( 'NONE', #2236, #371 ) ;
#979 = EDGE_CURVE ( 'NONE', #828, #1063, #128, .T. ) ;
#980 = LINE ( 'NONE', #626, #764 ) ;
#981 = CARTESIAN_POINT ( 'NONE',  ( -9.049999999999998934, -30.00000000000000000, 2.299999999999999822 ) ) ;
#982 = ORIENTED_EDGE ( 'NONE', *, *, #685, .T. ) ;
#983 = VECTOR ( 'NONE', #309, 1000.000000000000000 ) ;
#984 = CYLINDRICAL_SURFACE ( 'NONE', #824, 2.750000000016166624 ) ;
#985 = DIRECTION ( 'NONE',  ( 0.000000000000000000, 1.000000000000000000, 1.954618001100659522E-15 ) ) ;
#986 = ORIENTED_EDGE ( 'NONE', *, *, #1670, .T. ) ;
#987 = LINE ( 'NONE', #2246, #1603 ) ;
#988 = DIRECTION ( 'NONE',  ( 1.092875789865388469E-15, -1.000000000000000000, -3.392569198049138249E-18 ) ) ;
#989 = EDGE_CURVE ( 'NONE', #1683, #1173, #692, .T. ) ;
#990 = DIRECTION ( 'NONE',  ( 4.881349231072857408E-16, -1.000000000000000000, -1.127630558920346665E-15 ) ) ;
#991 = VECTOR ( 'NONE', #1650, 1000.000000000000227 ) ;
#992 = AXIS2_PLACEMENT_3D ( 'NONE', #684, #1966, #2281 ) ;
#993 = SURFACE_STYLE_FILL_AREA ( #464 ) ;
#994 = VERTEX_POINT ( 'NONE', #1393 ) ;
#995 = CARTESIAN_POINT ( 'NONE',  ( -4.000000000016856738, -61.99999999999999289, -24.79999999998382876 ) ) ;
#996 = PLANE ( 'NONE',  #1655 ) ;
#997 = ORIENTED_EDGE ( 'NONE', *, *, #1074, .F. ) ;
#998 = PLANE ( 'NONE',  #2072 ) ;
#999 = CARTESIAN_POINT ( 'NONE',  ( 11.60474041071213591, -6.699999999998910383, 2.299999999999999822 ) ) ;
#1000 = EDGE_CURVE ( 'NONE', #855, #1105, #2010, .T. ) ;
#1001 = EDGE_CURVE ( 'NONE', #1016, #619, #322, .T. ) ;
#1002 = LINE ( 'NONE', #2063, #198 ) ;
#1003 = VECTOR ( 'NONE', #484, 1000.000000000000000 ) ;
#1004 = FILL_AREA_STYLE_COLOUR ( '', #1334 ) ;
#1005 = ORIENTED_EDGE ( 'NONE', *, *, #558, .F. ) ;
#1006 = EDGE_CURVE ( 'NONE', #2149, #3, #1801, .T. ) ;
#1007 = CIRCLE ( 'NONE', #2318, 2.649999999999999467 ) ;
#1008 = CARTESIAN_POINT ( 'NONE',  ( 5.000000000000000000, 0.000000000000000000, 0.000000000000000000 ) ) ;
#1009 = DIRECTION ( 'NONE',  ( -1.414657268890346879E-16, 2.379049338482478526E-15, -1.000000000000000000 ) ) ;
#1010 = VERTEX_POINT ( 'NONE', #394 ) ;
#1011 = DIRECTION ( 'NONE',  ( -0.000000000000000000, -0.000000000000000000, 1.000000000000000000 ) ) ;
#1012 = DIRECTION ( 'NONE',  ( 0.000000000000000000, 0.000000000000000000, -1.000000000000000000 ) ) ;
#1013 = ORIENTED_EDGE ( 'NONE', *, *, #629, .T. ) ;
#1014 = DIRECTION ( 'NONE',  ( -0.000000000000000000, -0.000000000000000000, 1.000000000000000000 ) ) ;
#1015 = EDGE_CURVE ( 'NONE', #1031, #1500, #581, .T. ) ;
#1016 = VERTEX_POINT ( 'NONE', #1121 ) ;
#1017 = CIRCLE ( 'NONE', #1806, 1.899999999999098632 ) ;
#1018 = DIRECTION ( 'NONE',  ( 0.000000000000000000, -0.000000000000000000, -1.000000000000000000 ) ) ;
#1019 = CARTESIAN_POINT ( 'NONE',  ( 6.874999999998321343, 11.90784930203709280, -3.000000000000000000 ) ) ;
#1020 = CARTESIAN_POINT ( 'NONE',  ( 2.610287666325547207, -13.85705393449218903, 0.000000000000000000 ) ) ;
#1021 = DIRECTION ( 'NONE',  ( -0.000000000000000000, -0.000000000000000000, 1.000000000000000000 ) ) ;
#1022 = EDGE_LOOP ( 'NONE', ( #519, #1972, #1240, #2280 ) ) ;
#1023 = CARTESIAN_POINT ( 'NONE',  ( 34.00000000001760014, -32.00000000016641621, -43.60000000000000142 ) ) ;
#1024 = ORIENTED_EDGE ( 'NONE', *, *, #1964, .T. ) ;
#1025 = EDGE_CURVE ( 'NONE', #548, #3, #1595, .T. ) ;
#1026 = LINE ( 'NONE', #688, #1832 ) ;
#1027 = ORIENTED_EDGE ( 'NONE', *, *, #1394, .T. ) ;
#1028 = DIRECTION ( 'NONE',  ( -0.000000000000000000, -0.000000000000000000, 1.000000000000000000 ) ) ;
#1029 = CARTESIAN_POINT ( 'NONE',  ( 11.60474041071213591, -6.699999999998910383, -42.93251095273883777 ) ) ;
#1030 = EDGE_CURVE ( 'NONE', #698, #925, #1635, .T. ) ;
#1031 = VERTEX_POINT ( 'NONE', #1493 ) ;
#1032 = CARTESIAN_POINT ( 'NONE',  ( 8.696166260317573560, -32.00000000015776180, -43.59999999999999432 ) ) ;
#1033 =( LENGTH_UNIT ( ) NAMED_UNIT ( * ) SI_UNIT ( .MILLI., .METRE. ) );
#1034 = VERTEX_POINT ( 'NONE', #48 ) ;
#1035 = DIRECTION ( 'NONE',  ( 0.000000000000000000, 1.000000000000000000, 1.954618001100629151E-15 ) ) ;
#1036 = ORIENTED_EDGE ( 'NONE', *, *, #1202, .T. ) ;
#1037 = VECTOR ( 'NONE', #2242, 1000.000000000000227 ) ;
#1038 = FACE_OUTER_BOUND ( 'NONE', #1443, .T. ) ;
#1039 = FACE_OUTER_BOUND ( 'NONE', #1906, .T. ) ;
#1040 = ORIENTED_EDGE ( 'NONE', *, *, #1172, .F. ) ;
#1041 = CIRCLE ( 'NONE', #413, 3.549999999999997602 ) ;
#1042 = EDGE_CURVE ( 'NONE', #1678, #623, #910, .T. ) ;
#1043 = AXIS2_PLACEMENT_3D ( 'NONE', #1125, #245, #1472 ) ;
#1044 = AXIS2_PLACEMENT_3D ( 'NONE', #1019, #1751, #856 ) ;
#1045 = ORIENTED_EDGE ( 'NONE', *, *, #4, .F. ) ;
#1046 = CARTESIAN_POINT ( 'NONE',  ( 20.00000000000000355, -27.00000000000000711, -3.000000000000000000 ) ) ;
#1047 = DIRECTION ( 'NONE',  ( 1.000000000000000000, 0.000000000000000000, 0.000000000000000000 ) ) ;
#1048 = LINE ( 'NONE', #467, #636 ) ;
#1049 = ORIENTED_EDGE ( 'NONE', *, *, #1980, .T. ) ;
#1050 = DIRECTION ( 'NONE',  ( 0.000000000000000000, 1.000000000000000000, 1.954618001100659522E-15 ) ) ;
#1051 = VERTEX_POINT ( 'NONE', #1991 ) ;
#1052 = LINE ( 'NONE', #1067, #1275 ) ;
#1053 = LINE ( 'NONE', #694, #1377 ) ;
#1054 = ADVANCED_FACE ( 'NONE', ( #760 ), #557, .F. ) ;
#1055 = ORIENTED_EDGE ( 'NONE', *, *, #768, .F. ) ;
#1056 = AXIS2_PLACEMENT_3D ( 'NONE', #2259, #990, #1166 ) ;
#1057 = CARTESIAN_POINT ( 'NONE',  ( -9.049999999999998934, -32.00000000000000000, -3.000000000000002665 ) ) ;
#1058 = FACE_BOUND ( 'NONE', #1120, .T. ) ;
#1059 = CIRCLE ( 'NONE', #1367, 2.650000000000000355 ) ;
#1060 = ORIENTED_EDGE ( 'NONE', *, *, #2188, .T. ) ;
#1061 = ADVANCED_FACE ( 'NONE', ( #1096 ), #1616, .F. ) ;
#1062 = DIRECTION ( 'NONE',  ( -1.000000000000000000, 0.000000000000000000, 0.000000000000000000 ) ) ;
#1063 = VERTEX_POINT ( 'NONE', #2016 ) ;
#1064 = AXIS2_PLACEMENT_3D ( 'NONE', #678, #2310, #2134 ) ;
#1065 = PRODUCT_RELATED_PRODUCT_CATEGORY ( 'part', '', ( #1357 ) ) ;
#1066 = CARTESIAN_POINT ( 'NONE',  ( -0.04999999999999991257, -30.00000000000000000, -82.76206286673989609 ) ) ;
#1067 = CARTESIAN_POINT ( 'NONE',  ( 13.30570456204474183, -4.667951537023347974, 0.000000000000000000 ) ) ;
#1068 = CARTESIAN_POINT ( 'NONE',  ( 8.696166260317573560, -32.00000000015776180, -43.59999999999999432 ) ) ;
#1069 = ORIENTED_EDGE ( 'NONE', *, *, #1983, .T. ) ;
#1070 = VECTOR ( 'NONE', #1082, 1000.000000000000000 ) ;
#1071 = EDGE_CURVE ( 'NONE', #725, #1010, #1819, .T. ) ;
#1072 = CARTESIAN_POINT ( 'NONE',  ( 0.000000000000000000, 13.40000000000000036, 2.299999999999999822 ) ) ;
#1073 = ORIENTED_EDGE ( 'NONE', *, *, #79, .T. ) ;
#1074 = EDGE_CURVE ( 'NONE', #1063, #912, #947, .T. ) ;
#1075 = DIRECTION ( 'NONE',  ( -1.414657268890346879E-16, 2.379049338482478526E-15, -1.000000000000000000 ) ) ;
#1076 = MANIFOLD_SOLID_BREP ( 'Wytnij-wyci¹gniêcie15', #1304 ) ;
#1077 = ADVANCED_FACE ( 'NONE', ( #2168 ), #33, .F. ) ;
#1078 = VERTEX_POINT ( 'NONE', #1456 ) ;
#1079 = VECTOR ( 'NONE', #1731, 1000.000000000000000 ) ;
#1080 = LINE ( 'NONE', #2150, #2023 ) ;
#1081 = CARTESIAN_POINT ( 'NONE',  ( 10.69541689571983767, 9.189102397469193662, 2.299999999999999822 ) ) ;
#1082 = DIRECTION ( 'NONE',  ( -0.1724731828275083145, -0.9850142137072687154, 0.000000000000000000 ) ) ;
#1083 = ORIENTED_EDGE ( 'NONE', *, *, #719, .T. ) ;
#1084 = EDGE_LOOP ( 'NONE', ( #1253, #716 ) ) ;
#1085 = CARTESIAN_POINT ( 'NONE',  ( -4.000000000016859403, -52.99999999999997868, -40.30000000001615490 ) ) ;
#1086 = DIRECTION ( 'NONE',  ( 0.000000000000000000, 1.000000000000000000, 3.652049423109269972E-15 ) ) ;
#1087 = EDGE_LOOP ( 'NONE', ( #1248, #850, #1640, #231 ) ) ;
#1088 = DIRECTION ( 'NONE',  ( -0.000000000000000000, -0.000000000000000000, 1.000000000000000000 ) ) ;
#1089 = EDGE_CURVE ( 'NONE', #1988, #1803, #724, .T. ) ;
#1090 = EDGE_LOOP ( 'NONE', ( #1771, #1714, #321, #1851 ) ) ;
#1091 = LINE ( 'NONE', #916, #1720 ) ;
#1092 = CARTESIAN_POINT ( 'NONE',  ( -3.864579600899062495, -6.693648218653594384, 0.000000000000000000 ) ) ;
#1093 = DIRECTION ( 'NONE',  ( 0.000000000000000000, -0.000000000000000000, -1.000000000000000000 ) ) ;
#1094 = VERTEX_POINT ( 'NONE', #614 ) ;
#1095 = ORIENTED_EDGE ( 'NONE', *, *, #344, .F. ) ;
#1096 = FACE_OUTER_BOUND ( 'NONE', #404, .T. ) ;
#1097 = DIRECTION ( 'NONE',  ( 0.000000000000000000, 0.000000000000000000, 1.000000000000000000 ) ) ;
#1098 = EDGE_LOOP ( 'NONE', ( #1521, #1509, #2146, #1867 ) ) ;
#1099 = FACE_OUTER_BOUND ( 'NONE', #1762, .T. ) ;
#1100 = EDGE_LOOP ( 'NONE', ( #1171, #438, #205, #551 ) ) ;
#1101 = DIRECTION ( 'NONE',  ( 0.000000000000000000, 0.000000000000000000, 1.000000000000000000 ) ) ;
#1102 = DIRECTION ( 'NONE',  ( -1.414657268890346879E-16, 2.379049338482478526E-15, -1.000000000000000000 ) ) ;
#1103 = CYLINDRICAL_SURFACE ( 'NONE', #150, 5.000000000000000000 ) ;
#1104 = CARTESIAN_POINT ( 'NONE',  ( -9.049999999999998934, -30.00000000000000000, -17.52499999999995595 ) ) ;
#1105 = VERTEX_POINT ( 'NONE', #968 ) ;
#1106 = VECTOR ( 'NONE', #1526, 1000.000000000000000 ) ;
#1107 = VECTOR ( 'NONE', #1414, 1000.000000000000000 ) ;
#1108 = ORIENTED_EDGE ( 'NONE', *, *, #700, .F. ) ;
#1109 = AXIS2_PLACEMENT_3D ( 'NONE', #104, #2272, #1203 ) ;
#1110 =( LENGTH_UNIT ( ) NAMED_UNIT ( * ) SI_UNIT ( .MILLI., .METRE. ) );
#1111 = EDGE_CURVE ( 'NONE', #255, #555, #1852, .T. ) ;
#1112 = DIRECTION ( 'NONE',  ( -0.7668107407454598512, -0.6418732646538558573, 0.000000000000000000 ) ) ;
#1113 = FACE_OUTER_BOUND ( 'NONE', #1204, .T. ) ;
#1114 = ORIENTED_EDGE ( 'NONE', *, *, #1207, .T. ) ;
#1115 = DIRECTION ( 'NONE',  ( -0.000000000000000000, -0.000000000000000000, 1.000000000000000000 ) ) ;
#1116 = CARTESIAN_POINT ( 'NONE',  ( 39.99999999998313172, -30.00000000000000000, -22.52499999999999503 ) ) ;
#1117 = CARTESIAN_POINT ( 'NONE',  ( -8.524999999999280931, -11.47483660014792939, -8.374011537024829366 ) ) ;
#1118 = EDGE_LOOP ( 'NONE', ( #539, #129, #357, #1549 ) ) ;
#1119 = AXIS2_PLACEMENT_3D ( 'NONE', #820, #1182, #152 ) ;
#1120 = EDGE_LOOP ( 'NONE', ( #1816, #946 ) ) ;
#1121 = CARTESIAN_POINT ( 'NONE',  ( 7.729159201800657186, 1.055159106790048984E-12, 2.299999999999999822 ) ) ;
#1122 = EDGE_CURVE ( 'NONE', #31, #1957, #1926, .T. ) ;
#1123 = AXIS2_PLACEMENT_3D ( 'NONE', #891, #377, #1821 ) ;
#1124 = VECTOR ( 'NONE', #1695, 1000.000000000000000 ) ;
#1125 = CARTESIAN_POINT ( 'NONE',  ( 11.60474041071149109, 6.700000000000736478, 2.299999999999999822 ) ) ;
#1126 = AXIS2_PLACEMENT_3D ( 'NONE', #456, #610, #1703 ) ;
#1127 = CARTESIAN_POINT ( 'NONE',  ( 6.874999999998321343, 11.90784930203709280, -8.374011537024829366 ) ) ;
#1128 = ORIENTED_EDGE ( 'NONE', *, *, #667, .F. ) ;
#1129 = CARTESIAN_POINT ( 'NONE',  ( 8.696166260317573560, -32.00000000015774759, -48.59999999999998721 ) ) ;
#1130 = PLANE ( 'NONE',  #2024 ) ;
#1131 = ORIENTED_EDGE ( 'NONE', *, *, #1385, .F. ) ;
#1132 = PLANE ( 'NONE',  #887 ) ;
#1133 = LINE ( 'NONE', #1854, #890 ) ;
#1134 = AXIS2_PLACEMENT_3D ( 'NONE', #1815, #209, #923 ) ;
#1135 = EDGE_CURVE ( 'NONE', #1320, #14, #22, .T. ) ;
#1136 = CARTESIAN_POINT ( 'NONE',  ( 39.99999999998313172, -61.99999999999997158, -22.52499999999995595 ) ) ;
#1137 = AXIS2_PLACEMENT_3D ( 'NONE', #999, #813, #1545 ) ;
#1138 = DIRECTION ( 'NONE',  ( 0.000000000000000000, -1.330564506981251968E-16, -1.000000000000000000 ) ) ;
#1139 = EDGE_CURVE ( 'NONE', #2046, #374, #256, .T. ) ;
#1140 = CARTESIAN_POINT ( 'NONE',  ( 20.00000000000000355, -32.00000000000000000, 2.299999999999999822 ) ) ;
#1141 = CARTESIAN_POINT ( 'NONE',  ( 21.95673594180063048, -52.00000000007320011, -47.85000000000003695 ) ) ;
#1142 = EDGE_LOOP ( 'NONE', ( #1433, #1513, #403, #665 ) ) ;
#1143 = DIRECTION ( 'NONE',  ( -1.000000000000000000, 0.000000000000000000, 0.000000000000000000 ) ) ;
#1144 = AXIS2_PLACEMENT_3D ( 'NONE', #162, #876, #1596 ) ;
#1145 = FACE_BOUND ( 'NONE', #1805, .T. ) ;
#1146 = DIRECTION ( 'NONE',  ( 4.881349231072857408E-16, -1.000000000000000000, -1.127630558920346665E-15 ) ) ;
#1147 = EDGE_CURVE ( 'NONE', #1448, #1094, #826, .T. ) ;
#1148 = ORIENTED_EDGE ( 'NONE', *, *, #1557, .T. ) ;
#1149 = DIRECTION ( 'NONE',  ( 0.9393813346027009015, 0.3428741871299859079, 0.000000000000000000 ) ) ;
#1150 = PLANE ( 'NONE',  #1944 ) ;
#1151 = EDGE_CURVE ( 'NONE', #817, #1299, #1523, .T. ) ;
#1152 = EDGE_LOOP ( 'NONE', ( #424, #901, #140, #368 ) ) ;
#1153 = LINE ( 'NONE', #771, #592 ) ;
#1154 = CARTESIAN_POINT ( 'NONE',  ( 3.864579600901408174, -6.693648218652620940, -42.93251095273883777 ) ) ;
#1155 = DIRECTION ( 'NONE',  ( 0.000000000000000000, 1.000000000000000000, 1.954618001100512399E-15 ) ) ;
#1156 = CARTESIAN_POINT ( 'NONE',  ( 34.00000000001760014, -32.00000000016640200, -48.59999999999999432 ) ) ;
#1157 = VECTOR ( 'NONE', #1432, 1000.000000000000000 ) ;
#1158 = EDGE_LOOP ( 'NONE', ( #2042, #381, #25, #1373 ) ) ;
#1159 = AXIS2_PLACEMENT_3D ( 'NONE', #2176, #390, #1451 ) ;
#1160 = EDGE_CURVE ( 'NONE', #1078, #2046, #425, .T. ) ;
#1161 = LINE ( 'NONE', #2044, #1428 ) ;
#1162 = DIRECTION ( 'NONE',  ( 0.5876303239048346061, -4.067336131964370197E-16, 0.8091295337753400263 ) ) ;
#1163 = ORIENTED_EDGE ( 'NONE', *, *, #1442, .T. ) ;
#1164 = ORIENTED_EDGE ( 'NONE', *, *, #920, .T. ) ;
#1165 = CARTESIAN_POINT ( 'NONE',  ( 10.69541689571983767, 9.189102397469193662, 0.000000000000000000 ) ) ;
#1166 = DIRECTION ( 'NONE',  ( 0.000000000000000000, 0.000000000000000000, -1.000000000000000000 ) ) ;
#1167 = ORIENTED_EDGE ( 'NONE', *, *, #822, .F. ) ;
#1168 = AXIS2_PLACEMENT_3D ( 'NONE', #2237, #1345, #1534 ) ;
#1169 = DIRECTION ( 'NONE',  ( 1.533293416683366003E-16, 0.7071067811865445751, 0.7071067811865504593 ) ) ;
#1170 = LINE ( 'NONE', #1716, #859 ) ;
#1171 = ORIENTED_EDGE ( 'NONE', *, *, #1429, .F. ) ;
#1172 = EDGE_CURVE ( 'NONE', #828, #817, #2049, .T. ) ;
#1173 = VERTEX_POINT ( 'NONE', #440 ) ;
#1174 = AXIS2_PLACEMENT_3D ( 'NONE', #123, #483, #504 ) ;
#1175 = LINE ( 'NONE', #1165, #596 ) ;
#1176 = CARTESIAN_POINT ( 'NONE',  ( 26.23063683304106064, -32.00000000000000000, -7.524999999999877787 ) ) ;
#1177 = ADVANCED_FACE ( 'NONE', ( #1689 ), #639, .F. ) ;
#1178 = AXIS2_PLACEMENT_3D ( 'NONE', #1982, #1645, #1241 ) ;
#1179 = CIRCLE ( 'NONE', #473, 2.750000000016166624 ) ;
#1180 = CARTESIAN_POINT ( 'NONE',  ( -9.049999999999998934, -26.99999999999997868, -2.999999999999999112 ) ) ;
#1181 = ORIENTED_EDGE ( 'NONE', *, *, #2052, .F. ) ;
#1182 = DIRECTION ( 'NONE',  ( -0.000000000000000000, -0.000000000000000000, 1.000000000000000000 ) ) ;
#1183 = FACE_OUTER_BOUND ( 'NONE', #940, .T. ) ;
#1184 = ORIENTED_EDGE ( 'NONE', *, *, #1825, .T. ) ;
#1185 = VECTOR ( 'NONE', #2268, 1000.000000000000000 ) ;
#1186 = DIRECTION ( 'NONE',  ( 0.000000000000000000, 0.000000000000000000, -1.000000000000000000 ) ) ;
#1187 = DIRECTION ( 'NONE',  ( 0.1724731828275075929, 0.9850142137072688264, 0.000000000000000000 ) ) ;
#1188 = DIRECTION ( 'NONE',  ( 4.881349231072857408E-16, -1.000000000000000000, -1.127630558920346665E-15 ) ) ;
#1189 = EDGE_CURVE ( 'NONE', #2149, #1735, #1175, .T. ) ;
#1190 = ORIENTED_EDGE ( 'NONE', *, *, #1089, .T. ) ;
#1191 = DIRECTION ( 'NONE',  ( -1.000000000000000000, 0.000000000000000000, 0.000000000000000000 ) ) ;
#1192 = AXIS2_PLACEMENT_3D ( 'NONE', #1343, #1707, #2060 ) ;
#1193 = CARTESIAN_POINT ( 'NONE',  ( 34.00000000001760014, -32.00000000016641621, -43.60000000000000142 ) ) ;
#1194 = VERTEX_POINT ( 'NONE', #418 ) ;
#1195 = CIRCLE ( 'NONE', #184, 20.00000000000000000 ) ;
#1196 = CARTESIAN_POINT ( 'NONE',  ( -3.864579600899062495, -6.693648218653594384, -42.93251095273883777 ) ) ;
#1197 = ORIENTED_EDGE ( 'NONE', *, *, #1001, .F. ) ;
#1198 = DIRECTION ( 'NONE',  ( 0.000000000000000000, 1.127630558920346665E-15, -1.000000000000000000 ) ) ;
#1199 = CARTESIAN_POINT ( 'NONE',  ( 40.00000000000002842, -32.00000000000000000, -7.524999999999878675 ) ) ;
#1200 = VERTEX_POINT ( 'NONE', #1863 ) ;
#1201 = DIRECTION ( 'NONE',  ( -1.156482317317871478E-16, 1.000000000000000000, 0.000000000000000000 ) ) ;
#1202 = EDGE_CURVE ( 'NONE', #1753, #744, #1873, .T. ) ;
#1203 = DIRECTION ( 'NONE',  ( 1.000000000000000000, 0.000000000000000000, 0.000000000000000000 ) ) ;
#1204 = EDGE_LOOP ( 'NONE', ( #1453, #447, #986, #776 ) ) ;
#1205 = AXIS2_PLACEMENT_3D ( 'NONE', #785, #794, #1517 ) ;
#1206 = CARTESIAN_POINT ( 'NONE',  ( -3.864579600899062495, -6.693648218653594384, 2.299999999999999822 ) ) ;
#1207 = EDGE_CURVE ( 'NONE', #1441, #254, #87, .T. ) ;
#1208 = EDGE_LOOP ( 'NONE', ( #350, #1163 ) ) ;
#1209 = FACE_OUTER_BOUND ( 'NONE', #864, .T. ) ;
#1210 = DIRECTION ( 'NONE',  ( -0.000000000000000000, -0.000000000000000000, 1.000000000000000000 ) ) ;
#1211 = ORIENTED_EDGE ( 'NONE', *, *, #141, .F. ) ;
#1212 = VERTEX_POINT ( 'NONE', #430 ) ;
#1213 = CARTESIAN_POINT ( 'NONE',  ( 5.479780801409904534, -32.00000000000000000, 7.545309192984921864 ) ) ;
#1214 = VECTOR ( 'NONE', #452, 1000.000000000000000 ) ;
#1215 = CARTESIAN_POINT ( 'NONE',  ( -13.30570456204346286, 4.667951537024054076, 2.299999999999999822 ) ) ;
#1216 = EDGE_LOOP ( 'NONE', ( #290, #1641 ) ) ;
#1217 = AXIS2_PLACEMENT_3D ( 'NONE', #1023, #840, #1745 ) ;
#1218 = PRESENTATION_LAYER_ASSIGNMENT (  '', '', ( #1895 ) ) ;
#1219 = DIRECTION ( 'NONE',  ( -1.414657268890346879E-16, 2.379049338482478526E-15, -1.000000000000000000 ) ) ;
#1220 = EDGE_CURVE ( 'NONE', #925, #698, #1981, .T. ) ;
#1221 = ORIENTED_EDGE ( 'NONE', *, *, #2279, .T. ) ;
#1222 = CARTESIAN_POINT ( 'NONE',  ( 6.874999999998321343, 11.90784930203709280, 2.299999999999999822 ) ) ;
#1223 = CYLINDRICAL_SURFACE ( 'NONE', #969, 1.900000000002498579 ) ;
#1224 = ORIENTED_EDGE ( 'NONE', *, *, #1664, .F. ) ;
#1225 = ORIENTED_EDGE ( 'NONE', *, *, #1907, .F. ) ;
#1226 = DIRECTION ( 'NONE',  ( 0.000000000000000000, 1.000000000000000000, 3.652049423109269972E-15 ) ) ;
#1227 = PRODUCT_CONTEXT ( 'NONE', #1457, 'mechanical' ) ;
#1228 = DIRECTION ( 'NONE',  ( 0.9392839235730119363, 0.3431409490534294005, 0.000000000000000000 ) ) ;
#1229 = VERTEX_POINT ( 'NONE', #1891 ) ;
#1230 = CIRCLE ( 'NONE', #1756, 2.650000000000000355 ) ;
#1231 = FACE_OUTER_BOUND ( 'NONE', #1100, .T. ) ;
#1232 = ORIENTED_EDGE ( 'NONE', *, *, #2265, .F. ) ;
#1233 = CIRCLE ( 'NONE', #331, 1.900000000002498579 ) ;
#1234 = CARTESIAN_POINT ( 'NONE',  ( 6.874999999998321343, 11.90784930203709280, -8.374011537024829366 ) ) ;
#1235 = CARTESIAN_POINT ( 'NONE',  ( 6.624999999999895195, -11.47483660014370344, -8.374011537024829366 ) ) ;
#1236 = ORIENTED_EDGE ( 'NONE', *, *, #2217, .F. ) ;
#1237 = LINE ( 'NONE', #1733, #1524 ) ;
#1238 = CARTESIAN_POINT ( 'NONE',  ( -10.69541689571921417, 9.189102397468072780, 0.000000000000000000 ) ) ;
#1239 = CIRCLE ( 'NONE', #2252, 1.899999999999098632 ) ;
#1240 = ORIENTED_EDGE ( 'NONE', *, *, #1042, .F. ) ;
#1241 = DIRECTION ( 'NONE',  ( -0.9392839235730126024, 0.3431409490534277351, 0.000000000000000000 ) ) ;
#1242 = DIRECTION ( 'NONE',  ( 0.000000000000000000, 0.000000000000000000, -1.000000000000000000 ) ) ;
#1243 = ORIENTED_EDGE ( 'NONE', *, *, #650, .T. ) ;
#1244 = DIRECTION ( 'NONE',  ( -1.000000000000000000, 0.000000000000000000, 0.000000000000000000 ) ) ;
#1245 = LINE ( 'NONE', #2312, #451 ) ;
#1246 = FACE_OUTER_BOUND ( 'NONE', #2123, .T. ) ;
#1247 = EDGE_CURVE ( 'NONE', #339, #797, #978, .T. ) ;
#1248 = ORIENTED_EDGE ( 'NONE', *, *, #674, .F. ) ;
#1249 = FACE_OUTER_BOUND ( 'NONE', #1090, .T. ) ;
#1250 = EDGE_CURVE ( 'NONE', #1034, #1341, #1905, .T. ) ;
#1251 = ADVANCED_FACE ( 'NONE', ( #1883, #604, #1679 ), #275, .T. ) ;
#1252 = PLANE ( 'NONE',  #1348 ) ;
#1253 = ORIENTED_EDGE ( 'NONE', *, *, #1089, .F. ) ;
#1254 = CYLINDRICAL_SURFACE ( 'NONE', #657, 2.649999999999999023 ) ;
#1255 = ORIENTED_EDGE ( 'NONE', *, *, #1122, .T. ) ;
#1256 = AXIS2_PLACEMENT_3D ( 'NONE', #538, #524, #1994 ) ;
#1257 = FACE_OUTER_BOUND ( 'NONE', #1265, .T. ) ;
#1258 = LINE ( 'NONE', #1081, #2131 ) ;
#1259 = LINE ( 'NONE', #1104, #517 ) ;
#1260 = ORIENTED_EDGE ( 'NONE', *, *, #316, .F. ) ;
#1261 = ORIENTED_EDGE ( 'NONE', *, *, #1550, .T. ) ;
#1262 =( NAMED_UNIT ( * ) SI_UNIT ( $, .STERADIAN. ) SOLID_ANGLE_UNIT ( ) );
#1263 = EDGE_CURVE ( 'NONE', #1489, #1497, #1133, .T. ) ;
#1264 = DIRECTION ( 'NONE',  ( -1.414657268890346879E-16, 2.379049338482478526E-15, -1.000000000000000000 ) ) ;
#1265 = EDGE_LOOP ( 'NONE', ( #1273, #1744, #1936, #1933, #109, #858 ) ) ;
#1266 = PLANE ( 'NONE',  #1178 ) ;
#1267 = EDGE_LOOP ( 'NONE', ( #1898, #695 ) ) ;
#1268 = DIRECTION ( 'NONE',  ( -0.6418732646538348741, -0.7668107407454777258, 0.000000000000000000 ) ) ;
#1269 = CYLINDRICAL_SURFACE ( 'NONE', #2284, 1.900000000000210632 ) ;
#1270 = CARTESIAN_POINT ( 'NONE',  ( 2.610287666325547207, -13.85705393449218903, 2.299999999999999822 ) ) ;
#1271 = ORIENTED_EDGE ( 'NONE', *, *, #1000, .T. ) ;
#1272 = PRODUCT_DEFINITION ( 'UNKNOWN', '', #1710, #1763 ) ;
#1273 = ORIENTED_EDGE ( 'NONE', *, *, #583, .T. ) ;
#1274 = DIRECTION ( 'NONE',  ( 4.881349231072857408E-16, -1.000000000000000000, -1.127630558920346665E-15 ) ) ;
#1275 = VECTOR ( 'NONE', #1775, 1000.000000000000000 ) ;
#1276 = DIRECTION ( 'NONE',  ( -0.000000000000000000, -0.000000000000000000, 1.000000000000000000 ) ) ;
#1277 = EDGE_CURVE ( 'NONE', #2213, #828, #1951, .T. ) ;
#1278 = ORIENTED_EDGE ( 'NONE', *, *, #1135, .F. ) ;
#1279 = LINE ( 'NONE', #2148, #1490 ) ;
#1280 = ORIENTED_EDGE ( 'NONE', *, *, #1722, .F. ) ;
#1281 = CARTESIAN_POINT ( 'NONE',  ( -0.05000000000000040523, -61.99999999999999289, -22.52499999999995595 ) ) ;
#1282 = PLANE ( 'NONE',  #1875 ) ;
#1283 = EDGE_CURVE ( 'NONE', #339, #1678, #1401, .T. ) ;
#1284 = LINE ( 'NONE', #1117, #284 ) ;
#1285 = VERTEX_POINT ( 'NONE', #1938 ) ;
#1286 = ORIENTED_EDGE ( 'NONE', *, *, #907, .T. ) ;
#1287 = DIRECTION ( 'NONE',  ( -0.000000000000000000, -0.000000000000000000, 1.000000000000000000 ) ) ;
#1288 = AXIS2_PLACEMENT_3D ( 'NONE', #1884, #257, #2039 ) ;
#1289 = CARTESIAN_POINT ( 'NONE',  ( 13.30570456204409702, 4.667951537025174069, 2.299999999999999822 ) ) ;
#1290 = DIRECTION ( 'NONE',  ( 0.000000000000000000, 0.000000000000000000, 1.000000000000000000 ) ) ;
#1291 = ORIENTED_EDGE ( 'NONE', *, *, #147, .T. ) ;
#1292 = EDGE_CURVE ( 'NONE', #1735, #906, #2104, .T. ) ;
#1293 = CARTESIAN_POINT ( 'NONE',  ( 8.696166260317573560, -32.00000000015776180, -43.59999999999999432 ) ) ;
#1294 = CARTESIAN_POINT ( 'NONE',  ( -2.610287666322975486, -13.85705393449220679, 2.299999999999999822 ) ) ;
#1295 = CARTESIAN_POINT ( 'NONE',  ( 0.000000000000000000, -32.00000000000000000, 0.000000000000000000 ) ) ;
#1296 = ORIENTED_EDGE ( 'NONE', *, *, #722, .T. ) ;
#1297 = VECTOR ( 'NONE', #2108, 1000.000000000000000 ) ;
#1298 = AXIS2_PLACEMENT_3D ( 'NONE', #1810, #1823, #1987 ) ;
#1299 = VERTEX_POINT ( 'NONE', #143 ) ;
#1300 = CARTESIAN_POINT ( 'NONE',  ( 11.60474041071149109, 6.700000000000736478, 2.299999999999999822 ) ) ;
#1301 = DIRECTION ( 'NONE',  ( -2.447151587726163410E-16, -0.7071067811865519026, 0.7071067811865431318 ) ) ;
#1302 = DIRECTION ( 'NONE',  ( 4.881349231072857408E-16, -1.000000000000000000, -1.127630558920346665E-15 ) ) ;
#1303 = ORIENTED_EDGE ( 'NONE', *, *, #147, .F. ) ;
#1304 = CLOSED_SHELL ( 'NONE', ( #1505, #938, #1323, #1460, #961, #2225, #1866, #1922, #220, #605, #2183, #1319, #67, #1077, #327, #1643, #1590, #1421, #118, #171, #1897, #902, #734, #1397, #949, #1054, #1308, #2156, #1061, #2250, #1251, #1780, #1728, #1881, #1740, #144, #680, #379, #893, #1759, #36, #1391, #134, #511, #549, #1676, #663, #373, #2169, #21, #208, #2028, #459, #1622, #76, #1684, #1501, #2081, #50, #2005, #314, #762, #2282, #660, #176, #1336, #1177, #449, #1325, #1473, #508, #643, #2003, #253 ) ) ;
#1305 = CARTESIAN_POINT ( 'NONE',  ( 4.974999999998320988, 11.90784930203709280, -8.374011537024829366 ) ) ;
#1306 = PLANE ( 'NONE',  #746 ) ;
#1307 = ORIENTED_EDGE ( 'NONE', *, *, #311, .T. ) ;
#1308 = ADVANCED_FACE ( 'NONE', ( #2114 ), #1412, .F. ) ;
#1309 = CARTESIAN_POINT ( 'NONE',  ( 10.69541689571983589, 9.189102397469193662, 2.299999999999999822 ) ) ;
#1310 = DIRECTION ( 'NONE',  ( 1.000000000000000000, 0.000000000000000000, 0.000000000000000000 ) ) ;
#1311 = CIRCLE ( 'NONE', #818, 2.750000000016166624 ) ;
#1312 = CARTESIAN_POINT ( 'NONE',  ( 20.00000000000000000, 2.449293598294706513E-15, -3.000000000000002665 ) ) ;
#1313 = EDGE_CURVE ( 'NONE', #1914, #698, #2314, .T. ) ;
#1314 = DIRECTION ( 'NONE',  ( 0.000000000000000000, 0.000000000000000000, -1.000000000000000000 ) ) ;
#1315 = ORIENTED_EDGE ( 'NONE', *, *, #360, .T. ) ;
#1316 = LINE ( 'NONE', #1196, #222 ) ;
#1317 = LINE ( 'NONE', #789, #631 ) ;
#1318 = ORIENTED_EDGE ( 'NONE', *, *, #1313, .F. ) ;
#1319 = ADVANCED_FACE ( 'NONE', ( #307 ), #1223, .F. ) ;
#1320 = VERTEX_POINT ( 'NONE', #330 ) ;
#1321 = DIRECTION ( 'NONE',  ( 1.000000000000000000, 0.000000000000000000, 0.000000000000000000 ) ) ;
#1322 = AXIS2_PLACEMENT_3D ( 'NONE', #1445, #761, #2158 ) ;
#1323 = ADVANCED_FACE ( 'NONE', ( #1039 ), #1904, .F. ) ;
#1324 = CARTESIAN_POINT ( 'NONE',  ( -20.00000000000000000, -2.449293598294706513E-15, -3.000000000000002665 ) ) ;
#1325 = ADVANCED_FACE ( 'NONE', ( #132 ), #155, .F. ) ;
#1326 = CARTESIAN_POINT ( 'NONE',  ( -9.050000000000006040, -62.00000000000001421, -17.52499999999995595 ) ) ;
#1327 = ORIENTED_EDGE ( 'NONE', *, *, #1250, .F. ) ;
#1328 = FACE_OUTER_BOUND ( 'NONE', #580, .T. ) ;
#1329 = MECHANICAL_DESIGN_GEOMETRIC_PRESENTATION_REPRESENTATION (  '', ( #1439 ), #1630 ) ;
#1330 = DIRECTION ( 'NONE',  ( 1.000000000000000000, 0.000000000000000000, 0.000000000000000000 ) ) ;
#1331 = EDGE_LOOP ( 'NONE', ( #612, #668, #1889, #2056 ) ) ;
#1332 = ORIENTED_EDGE ( 'NONE', *, *, #2143, .T. ) ;
#1333 = DIRECTION ( 'NONE',  ( 0.9392839235730117142, -0.3431409490534300666, 0.000000000000000000 ) ) ;
#1334 = COLOUR_RGB ( '',1.000000000000000000, 0.000000000000000000, 0.000000000000000000 ) ;
#1335 = DIRECTION ( 'NONE',  ( 0.000000000000000000, -8.144241671252622694E-17, 1.000000000000000000 ) ) ;
#1336 = ADVANCED_FACE ( 'NONE', ( #868 ), #1765, .F. ) ;
#1337 = DIRECTION ( 'NONE',  ( 1.000000000000000000, 0.000000000000000000, 0.000000000000000000 ) ) ;
#1338 = VERTEX_POINT ( 'NONE', #672 ) ;
#1339 = PLANE ( 'NONE',  #521 ) ;
#1340 = CARTESIAN_POINT ( 'NONE',  ( 5.479780801409880553, -47.00000000000000000, 7.545309192984930746 ) ) ;
#1341 = VERTEX_POINT ( 'NONE', #682 ) ;
#1342 = DIRECTION ( 'NONE',  ( -0.9850142137072687154, 0.1724731828275083145, 0.000000000000000000 ) ) ;
#1343 = CARTESIAN_POINT ( 'NONE',  ( 34.00000000001760014, -32.00000000016640911, -47.84999999999999432 ) ) ;
#1344 = VECTOR ( 'NONE', #324, 1000.000000000000000 ) ;
#1345 = DIRECTION ( 'NONE',  ( -0.3431409490534798601, 0.9392839235729936176, 0.000000000000000000 ) ) ;
#1346 = CYLINDRICAL_SURFACE ( 'NONE', #1677, 1.900000000000210632 ) ;
#1347 = VECTOR ( 'NONE', #1685, 1000.000000000000000 ) ;
#1348 = AXIS2_PLACEMENT_3D ( 'NONE', #185, #1967, #697 ) ;
#1349 = ORIENTED_EDGE ( 'NONE', *, *, #1934, .F. ) ;
#1350 = AXIS2_PLACEMENT_3D ( 'NONE', #1809, #1998, #179 ) ;
#1351 = CARTESIAN_POINT ( 'NONE',  ( -0.05000000000000040523, -102.2120628667399558, -22.52499999999995595 ) ) ;
#1352 = LINE ( 'NONE', #1727, #1953 ) ;
#1353 = ORIENTED_EDGE ( 'NONE', *, *, #1442, .F. ) ;
#1354 = EDGE_CURVE ( 'NONE', #1430, #2243, #1053, .T. ) ;
#1355 = DIRECTION ( 'NONE',  ( 0.000000000000000000, 1.000000000000000000, 2.379049338482478526E-15 ) ) ;
#1356 = DIRECTION ( 'NONE',  ( -0.000000000000000000, -0.000000000000000000, 1.000000000000000000 ) ) ;
#1357 = PRODUCT ( '010_008_Spin_servo_mount_1', '010_008_Spin_servo_mount_1', '', ( #1227 ) ) ;
#1358 = CARTESIAN_POINT ( 'NONE',  ( -2.610287666324261124, 13.85705393449289780, -42.93251095273883777 ) ) ;
#1359 = APPLICATION_PROTOCOL_DEFINITION ( 'draft international standard', 'automotive_design', 1998, #1457 ) ;
#1360 = ORIENTED_EDGE ( 'NONE', *, *, #421, .T. ) ;
#1361 = CIRCLE ( 'NONE', #160, 1.900000000002498579 ) ;
#1362 = LINE ( 'NONE', #1398, #329 ) ;
#1363 = DIRECTION ( 'NONE',  ( 0.8091295337753400263, -5.539831668743728583E-16, -0.5876303239048346061 ) ) ;
#1364 = ORIENTED_EDGE ( 'NONE', *, *, #1025, .T. ) ;
#1365 = EDGE_CURVE ( 'NONE', #1957, #31, #2088, .T. ) ;
#1366 = CARTESIAN_POINT ( 'NONE',  ( 0.000000000000000000, 0.000000000000000000, -17.52499999999995595 ) ) ;
#1367 = AXIS2_PLACEMENT_3D ( 'NONE', #1950, #1378, #2289 ) ;
#1368 = DIRECTION ( 'NONE',  ( 1.000000000000000000, 1.092875789865388469E-15, 5.025786707357368590E-19 ) ) ;
#1369 = ORIENTED_EDGE ( 'NONE', *, *, #885, .F. ) ;
#1370 = DIRECTION ( 'NONE',  ( 0.000000000000000000, 0.000000000000000000, 1.000000000000000000 ) ) ;
#1371 = VECTOR ( 'NONE', #1865, 1000.000000000000000 ) ;
#1372 = DIRECTION ( 'NONE',  ( 0.000000000000000000, 0.000000000000000000, 1.000000000000000000 ) ) ;
#1373 = ORIENTED_EDGE ( 'NONE', *, *, #311, .F. ) ;
#1374 = FACE_OUTER_BOUND ( 'NONE', #1901, .T. ) ;
#1375 = CARTESIAN_POINT ( 'NONE',  ( 21.95673594180063048, -52.00000000007320011, -48.60000000000003695 ) ) ;
#1376 = EDGE_LOOP ( 'NONE', ( #1045, #469, #460, #1588, #651 ) ) ;
#1377 = VECTOR ( 'NONE', #495, 1000.000000000000000 ) ;
#1378 = DIRECTION ( 'NONE',  ( -0.000000000000000000, -0.000000000000000000, 1.000000000000000000 ) ) ;
#1379 = DIRECTION ( 'NONE',  ( 4.881349231072857408E-16, -1.000000000000000000, -1.127630558920346665E-15 ) ) ;
#1380 = FACE_BOUND ( 'NONE', #1687, .T. ) ;
#1381 = EDGE_CURVE ( 'NONE', #1753, #1078, #1928, .T. ) ;
#1382 = ORIENTED_EDGE ( 'NONE', *, *, #316, .T. ) ;
#1383 = LINE ( 'NONE', #1057, #2074 ) ;
#1384 = VECTOR ( 'NONE', #2215, 1000.000000000000000 ) ;
#1385 = EDGE_CURVE ( 'NONE', #1341, #1034, #1495, .T. ) ;
#1386 = ORIENTED_EDGE ( 'NONE', *, *, #2107, .T. ) ;
#1387 = CARTESIAN_POINT ( 'NONE',  ( 8.696166260317573560, -32.00000000015774759, -47.84999999999998721 ) ) ;
#1388 = ORIENTED_EDGE ( 'NONE', *, *, #388, .T. ) ;
#1389 = CARTESIAN_POINT ( 'NONE',  ( 0.000000000000000000, 0.000000000000000000, -3.000000000000000000 ) ) ;
#1390 = DIRECTION ( 'NONE',  ( 1.000000000000000000, 0.000000000000000000, 0.000000000000000000 ) ) ;
#1391 = ADVANCED_FACE ( 'NONE', ( #881 ), #703, .F. ) ;
#1392 = EDGE_LOOP ( 'NONE', ( #1036, #1013, #1479, #1659 ) ) ;
#1393 = CARTESIAN_POINT ( 'NONE',  ( 34.00000000001760014, -28.45000000016619168, -48.59999999999998721 ) ) ;
#1394 = EDGE_CURVE ( 'NONE', #906, #382, #838, .T. ) ;
#1395 = FACE_OUTER_BOUND ( 'NONE', #1738, .T. ) ;
#1396 = ORIENTED_EDGE ( 'NONE', *, *, #747, .T. ) ;
#1397 = ADVANCED_FACE ( 'NONE', ( #1380, #402 ), #380, .F. ) ;
#1398 = CARTESIAN_POINT ( 'NONE',  ( 21.95673594180063048, -48.45000000007325980, -47.85000000000002984 ) ) ;
#1399 = ORIENTED_EDGE ( 'NONE', *, *, #1313, .T. ) ;
#1400 = CARTESIAN_POINT ( 'NONE',  ( 20.00000000000000355, -27.00000000000000000, -13.00000000000006750 ) ) ;
#1401 = LINE ( 'NONE', #505, #1003 ) ;
#1402 = VERTEX_POINT ( 'NONE', #905 ) ;
#1403 = ORIENTED_EDGE ( 'NONE', *, *, #1139, .F. ) ;
#1404 = DIRECTION ( 'NONE',  ( 1.000000000000000000, 1.156482317317871478E-16, -0.000000000000000000 ) ) ;
#1405 = EDGE_CURVE ( 'NONE', #374, #201, #2189, .T. ) ;
#1406 = ORIENTED_EDGE ( 'NONE', *, *, #1539, .F. ) ;
#1407 = AXIS2_PLACEMENT_3D ( 'NONE', #1481, #594, #1814 ) ;
#1408 = CARTESIAN_POINT ( 'NONE',  ( -4.974999999999909939, 11.90784930203598968, -3.000000000000000000 ) ) ;
#1409 = VERTEX_POINT ( 'NONE', #1427 ) ;
#1410 = UNCERTAINTY_MEASURE_WITH_UNIT (LENGTH_MEASURE( 1.000000000000000082E-05 ), #1581, 'distance_accuracy_value', 'NONE');
#1411 = CARTESIAN_POINT ( 'NONE',  ( 20.00000000000000355, -27.00000000000000000, -82.76206286673989609 ) ) ;
#1412 = CYLINDRICAL_SURFACE ( 'NONE', #73, 1.899999999999999689 ) ;
#1413 = ORIENTED_EDGE ( 'NONE', *, *, #432, .F. ) ;
#1414 = DIRECTION ( 'NONE',  ( -0.000000000000000000, -0.000000000000000000, 1.000000000000000000 ) ) ;
#1415 = CARTESIAN_POINT ( 'NONE',  ( 13.30570456204474183, -4.667951537023347086, 2.299999999999999822 ) ) ;
#1416 = ORIENTED_EDGE ( 'NONE', *, *, #2157, .T. ) ;
#1417 = AXIS2_PLACEMENT_3D ( 'NONE', #1541, #139, #1573 ) ;
#1418 = EDGE_CURVE ( 'NONE', #1872, #2203, #715, .T. ) ;
#1419 = CARTESIAN_POINT ( 'NONE',  ( 21.95673594180063048, -52.00000000007321432, -43.60000000000004405 ) ) ;
#1420 = CARTESIAN_POINT ( 'NONE',  ( 34.00000000001760014, -30.10000000016620447, -43.59999999999999432 ) ) ;
#1421 = ADVANCED_FACE ( 'NONE', ( #1625 ), #1798, .T. ) ;
#1422 = ORIENTED_EDGE ( 'NONE', *, *, #846, .F. ) ;
#1423 = AXIS2_PLACEMENT_3D ( 'NONE', #1293, #1961, #1785 ) ;
#1424 = AXIS2_PLACEMENT_3D ( 'NONE', #240, #415, #1499 ) ;
#1425 = LINE ( 'NONE', #1066, #1538 ) ;
#1426 = DIRECTION ( 'NONE',  ( 0.000000000000000000, 0.000000000000000000, 1.000000000000000000 ) ) ;
#1427 = CARTESIAN_POINT ( 'NONE',  ( 3.864579600901408174, -6.693648218652620940, 0.000000000000000000 ) ) ;
#1428 = VECTOR ( 'NONE', #1510, 1000.000000000000000 ) ;
#1429 = EDGE_CURVE ( 'NONE', #570, #882, #2198, .T. ) ;
#1430 = VERTEX_POINT ( 'NONE', #1452 ) ;
#1431 = PLANE ( 'NONE',  #649 ) ;
#1432 = DIRECTION ( 'NONE',  ( 0.000000000000000000, 1.000000000000000000, -1.301042606982606307E-15 ) ) ;
#1433 = ORIENTED_EDGE ( 'NONE', *, *, #1283, .F. ) ;
#1434 = CARTESIAN_POINT ( 'NONE',  ( -10.69541689571855159, -9.189102397468486672, 0.000000000000000000 ) ) ;
#1435 = ORIENTED_EDGE ( 'NONE', *, *, #1639, .F. ) ;
#1436 = CIRCLE ( 'NONE', #1134, 3.550000000000209432 ) ;
#1437 = PLANE ( 'NONE',  #1123 ) ;
#1438 = DIRECTION ( 'NONE',  ( 4.881349231072857408E-16, -1.000000000000000000, -1.127630558920346665E-15 ) ) ;
#1439 = STYLED_ITEM ( 'NONE', ( #2205 ), #1076 ) ;
#1440 = DIRECTION ( 'NONE',  ( -0.1724731828275082313, 0.9850142137072687154, 0.000000000000000000 ) ) ;
#1441 = VERTEX_POINT ( 'NONE', #2152 ) ;
#1442 = EDGE_CURVE ( 'NONE', #2180, #1441, #1179, .T. ) ;
#1443 = EDGE_LOOP ( 'NONE', ( #2302, #1778, #1399, #2159 ) ) ;
#1444 = DIRECTION ( 'NONE',  ( 0.7668107407454949342, 0.6418732646538141129, 0.000000000000000000 ) ) ;
#1445 = CARTESIAN_POINT ( 'NONE',  ( 21.95673594180063048, -52.00000000007320011, -47.85000000000003695 ) ) ;
#1446 = ORIENTED_EDGE ( 'NONE', *, *, #1381, .T. ) ;
#1447 = DIRECTION ( 'NONE',  ( 0.000000000000000000, 0.000000000000000000, -1.000000000000000000 ) ) ;
#1448 = VERTEX_POINT ( 'NONE', #204 ) ;
#1449 = VECTOR ( 'NONE', #599, 1000.000000000000114 ) ;
#1450 = CARTESIAN_POINT ( 'NONE',  ( 20.00000000000000355, -27.00000000000000000, -82.76206286673989609 ) ) ;
#1451 = DIRECTION ( 'NONE',  ( 0.000000000000000000, 1.000000000000000000, 1.954618001100512399E-15 ) ) ;
#1452 = CARTESIAN_POINT ( 'NONE',  ( 10.69541689572048782, -9.189102397467369343, 0.000000000000000000 ) ) ;
#1453 = ORIENTED_EDGE ( 'NONE', *, *, #61, .F. ) ;
#1454 = EDGE_CURVE ( 'NONE', #817, #2261, #229, .T. ) ;
#1455 = EDGE_LOOP ( 'NONE', ( #738, #1406, #679, #1826, #1073, #39, #119, #1422, #1923 ) ) ;
#1456 = CARTESIAN_POINT ( 'NONE',  ( -13.30570456204282870, -4.667951537024482178, 0.000000000000000000 ) ) ;
#1457 = APPLICATION_CONTEXT ( 'automotive_design' ) ;
#1458 = LINE ( 'NONE', #1855, #829 ) ;
#1459 = ORIENTED_EDGE ( 'NONE', *, *, #419, .T. ) ;
#1460 = ADVANCED_FACE ( 'NONE', ( #19 ), #55, .F. ) ;
#1461 = PLANE ( 'NONE',  #1708 ) ;
#1462 = ORIENTED_EDGE ( 'NONE', *, *, #1964, .F. ) ;
#1463 = VECTOR ( 'NONE', #2253, 1000.000000000000000 ) ;
#1464 = FACE_BOUND ( 'NONE', #458, .T. ) ;
#1465 = FACE_OUTER_BOUND ( 'NONE', #332, .T. ) ;
#1466 = DIRECTION ( 'NONE',  ( 1.000000000000000000, 0.000000000000000000, 0.000000000000000000 ) ) ;
#1467 = ORIENTED_EDGE ( 'NONE', *, *, #1418, .F. ) ;
#1468 = VERTEX_POINT ( 'NONE', #1478 ) ;
#1469 = DIRECTION ( 'NONE',  ( 0.000000000000000000, 0.000000000000000000, 1.000000000000000000 ) ) ;
#1470 = CIRCLE ( 'NONE', #1761, 2.649999999999999023 ) ;
#1471 = CIRCLE ( 'NONE', #2064, 2.750000000016170176 ) ;
#1472 = DIRECTION ( 'NONE',  ( 1.000000000000000000, 0.000000000000000000, 0.000000000000000000 ) ) ;
#1473 = ADVANCED_FACE ( 'NONE', ( #568 ), #728, .F. ) ;
#1474 = LINE ( 'NONE', #1971, #844 ) ;
#1475 = ORIENTED_EDGE ( 'NONE', *, *, #97, .T. ) ;
#1476 = CARTESIAN_POINT ( 'NONE',  ( 21.95673594180063048, -52.00000000007321432, -43.60000000000004405 ) ) ;
#1477 = DIRECTION ( 'NONE',  ( -8.177564888977944867E-17, 0.7071067811865431318, 0.7071067811865519026 ) ) ;
#1478 = CARTESIAN_POINT ( 'NONE',  ( 39.99999999998313172, -61.99999999999997158, -48.60000000000006537 ) ) ;
#1479 = ORIENTED_EDGE ( 'NONE', *, *, #516, .F. ) ;
#1480 = ORIENTED_EDGE ( 'NONE', *, *, #722, .F. ) ;
#1481 = CARTESIAN_POINT ( 'NONE',  ( 8.696166260317573560, -32.00000000015775470, -47.84999999999998721 ) ) ;
#1482 = CIRCLE ( 'NONE', #462, 3.550000000000209432 ) ;
#1483 = DIRECTION ( 'NONE',  ( 0.6418732646538141129, -0.7668107407454950453, 0.000000000000000000 ) ) ;
#1484 = AXIS2_PLACEMENT_3D ( 'NONE', #1234, #1028, #328 ) ;
#1485 = DIRECTION ( 'NONE',  ( -1.000000000000000000, 0.000000000000000000, -1.730397482271857072E-16 ) ) ;
#1486 = ORIENTED_EDGE ( 'NONE', *, *, #248, .T. ) ;
#1487 = DIRECTION ( 'NONE',  ( -1.000000000000000000, 0.000000000000000000, 0.000000000000000000 ) ) ;
#1488 = CYLINDRICAL_SURFACE ( 'NONE', #1424, 1.899999999999098632 ) ;
#1489 = VERTEX_POINT ( 'NONE', #578 ) ;
#1490 = VECTOR ( 'NONE', #38, 1000.000000000000000 ) ;
#1491 = EDGE_CURVE ( 'NONE', #57, #725, #1284, .T. ) ;
#1492 = DIRECTION ( 'NONE',  ( 0.000000000000000000, 1.127630558920346665E-15, -1.000000000000000000 ) ) ;
#1493 = CARTESIAN_POINT ( 'NONE',  ( -4.000000000016859403, -52.99999999999997868, -40.30000000001615490 ) ) ;
#1494 = FACE_OUTER_BOUND ( 'NONE', #27, .T. ) ;
#1495 = CIRCLE ( 'NONE', #1594, 1.900000000000210632 ) ;
#1496 = CARTESIAN_POINT ( 'NONE',  ( 6.624999999999895195, -11.47483660014370344, 2.299999999999999822 ) ) ;
#1497 = VERTEX_POINT ( 'NONE', #1270 ) ;
#1498 = CARTESIAN_POINT ( 'NONE',  ( 20.00000000000000355, -17.00000000000005684, -3.000000000000002665 ) ) ;
#1499 = DIRECTION ( 'NONE',  ( 1.000000000000000000, 0.000000000000000000, 0.000000000000000000 ) ) ;
#1500 = VERTEX_POINT ( 'NONE', #180 ) ;
#1501 = ADVANCED_FACE ( 'NONE', ( #1836 ), #894, .F. ) ;
#1502 = VECTOR ( 'NONE', #1600, 1000.000000000000114 ) ;
#1503 = ORIENTED_EDGE ( 'NONE', *, *, #516, .T. ) ;
#1504 = CARTESIAN_POINT ( 'NONE',  ( -6.874999999999909406, 11.90784930203598968, -3.000000000000000000 ) ) ;
#1505 = ADVANCED_FACE ( 'NONE', ( #1246 ), #1963, .F. ) ;
#1506 = VECTOR ( 'NONE', #552, 1000.000000000000000 ) ;
#1507 = DIRECTION ( 'NONE',  ( -0.000000000000000000, -0.000000000000000000, 1.000000000000000000 ) ) ;
#1508 = DIRECTION ( 'NONE',  ( 0.000000000000000000, 1.000000000000000000, 1.954618001100629151E-15 ) ) ;
#1509 = ORIENTED_EDGE ( 'NONE', *, *, #822, .T. ) ;
#1510 = DIRECTION ( 'NONE',  ( -0.000000000000000000, -0.000000000000000000, 1.000000000000000000 ) ) ;
#1511 = DIRECTION ( 'NONE',  ( -0.000000000000000000, -0.000000000000000000, 1.000000000000000000 ) ) ;
#1512 = AXIS2_PLACEMENT_3D ( 'NONE', #671, #1730, #318 ) ;
#1513 = ORIENTED_EDGE ( 'NONE', *, *, #1247, .T. ) ;
#1514 = DIRECTION ( 'NONE',  ( 6.921589929084510490E-16, 1.000000000000000000, -0.000000000000000000 ) ) ;
#1515 = EDGE_CURVE ( 'NONE', #2261, #2173, #1259, .T. ) ;
#1516 = AXIS2_PLACEMENT_3D ( 'NONE', #597, #1264, #1086 ) ;
#1517 = DIRECTION ( 'NONE',  ( -1.000000000000000000, 0.000000000000000000, 0.000000000000000000 ) ) ;
#1518 = CARTESIAN_POINT ( 'NONE',  ( -3.864579600900125644, 6.693648218653342141, 0.000000000000000000 ) ) ;
#1519 = DIRECTION ( 'NONE',  ( 0.000000000000000000, 0.000000000000000000, -1.000000000000000000 ) ) ;
#1520 = CARTESIAN_POINT ( 'NONE',  ( 21.95673594180063048, -52.00000000007320722, -47.85000000000003695 ) ) ;
#1521 = ORIENTED_EDGE ( 'NONE', *, *, #344, .T. ) ;
#1522 = EDGE_LOOP ( 'NONE', ( #634, #565, #1315, #2311 ) ) ;
#1523 = LINE ( 'NONE', #648, #834 ) ;
#1524 = VECTOR ( 'NONE', #333, 1000.000000000000000 ) ;
#1525 = DIRECTION ( 'NONE',  ( -1.414657268890346879E-16, 2.379049338482478526E-15, -1.000000000000000000 ) ) ;
#1526 = DIRECTION ( 'NONE',  ( 1.000000000000000000, 8.487943613345094231E-16, 0.000000000000000000 ) ) ;
#1527 = ORIENTED_EDGE ( 'NONE', *, *, #106, .T. ) ;
#1528 = EDGE_CURVE ( 'NONE', #199, #382, #7, .T. ) ;
#1529 = LINE ( 'NONE', #798, #40 ) ;
#1530 = DIRECTION ( 'NONE',  ( 0.000000000000000000, 0.000000000000000000, 1.000000000000000000 ) ) ;
#1531 = ORIENTED_EDGE ( 'NONE', *, *, #588, .F. ) ;
#1532 = DIRECTION ( 'NONE',  ( -0.000000000000000000, -0.000000000000000000, 1.000000000000000000 ) ) ;
#1533 = AXIS2_PLACEMENT_3D ( 'NONE', #1760, #291, #1018 ) ;
#1534 = DIRECTION ( 'NONE',  ( -0.9392839235729935066, -0.3431409490534798046, 0.000000000000000000 ) ) ;
#1535 = AXIS2_PLACEMENT_3D ( 'NONE', #356, #2177, #391 ) ;
#1536 = AXIS2_PLACEMENT_3D ( 'NONE', #633, #427, #1330 ) ;
#1537 = LINE ( 'NONE', #1180, #1593 ) ;
#1538 = VECTOR ( 'NONE', #2137, 1000.000000000000000 ) ;
#1539 = EDGE_CURVE ( 'NONE', #2001, #817, #367, .T. ) ;
#1540 = ORIENTED_EDGE ( 'NONE', *, *, #777, .T. ) ;
#1541 = CARTESIAN_POINT ( 'NONE',  ( 0.000000000000000000, 0.000000000000000000, -2.999999999999999112 ) ) ;
#1542 = LINE ( 'NONE', #645, #750 ) ;
#1543 = ORIENTED_EDGE ( 'NONE', *, *, #2265, .T. ) ;
#1544 = FACE_BOUND ( 'NONE', #502, .T. ) ;
#1545 = DIRECTION ( 'NONE',  ( 1.000000000000000000, 0.000000000000000000, 0.000000000000000000 ) ) ;
#1546 = PLANE ( 'NONE',  #1168 ) ;
#1547 = PRESENTATION_LAYER_ASSIGNMENT (  '', '', ( #1439 ) ) ;
#1548 = CYLINDRICAL_SURFACE ( 'NONE', #1109, 2.649999999999999467 ) ;
#1549 = ORIENTED_EDGE ( 'NONE', *, *, #1189, .F. ) ;
#1550 = EDGE_CURVE ( 'NONE', #1173, #1034, #525, .T. ) ;
#1551 = PLANE ( 'NONE',  #442 ) ;
#1552 = CARTESIAN_POINT ( 'NONE',  ( -10.69541689571855159, -9.189102397468486672, 0.000000000000000000 ) ) ;
#1553 = VERTEX_POINT ( 'NONE', #306 ) ;
#1554 = DIRECTION ( 'NONE',  ( 1.000000000000000000, 0.000000000000000000, -0.000000000000000000 ) ) ;
#1555 = CARTESIAN_POINT ( 'NONE',  ( 21.95673594180063048, -48.45000000007325980, -47.85000000000002984 ) ) ;
#1556 = CARTESIAN_POINT ( 'NONE',  ( 2.610287666324261568, 13.85705393449289957, -42.93251095273883777 ) ) ;
#1557 = EDGE_CURVE ( 'NONE', #254, #1747, #1311, .T. ) ;
#1558 = ORIENTED_EDGE ( 'NONE', *, *, #1, .F. ) ;
#1559 = DIRECTION ( 'NONE',  ( -0.8091295337753400263, 0.000000000000000000, 0.5876303239048346061 ) ) ;
#1560 = CIRCLE ( 'NONE', #805, 1.900000000002498579 ) ;
#1561 = DIRECTION ( 'NONE',  ( 0.000000000000000000, 1.000000000000000000, 0.000000000000000000 ) ) ;
#1562 = ORIENTED_EDGE ( 'NONE', *, *, #347, .F. ) ;
#1563 = CARTESIAN_POINT ( 'NONE',  ( -9.049999999999998934, -32.00000000000000000, 2.299999999999999822 ) ) ;
#1564 = ORIENTED_EDGE ( 'NONE', *, *, #1189, .T. ) ;
#1565 = FACE_OUTER_BOUND ( 'NONE', #2109, .T. ) ;
#1566 = CARTESIAN_POINT ( 'NONE',  ( 1.284469037195706312E-12, -13.39999999999929159, -42.93251095273883777 ) ) ;
#1567 = EDGE_CURVE ( 'NONE', #1500, #345, #1909, .T. ) ;
#1568 = ORIENTED_EDGE ( 'NONE', *, *, #979, .F. ) ;
#1569 = DIRECTION ( 'NONE',  ( 0.000000000000000000, 0.000000000000000000, -1.000000000000000000 ) ) ;
#1570 = EDGE_CURVE ( 'NONE', #1489, #1409, #837, .T. ) ;
#1571 = PRESENTATION_STYLE_ASSIGNMENT (( #1723 ) ) ;
#1572 = VERTEX_POINT ( 'NONE', #1555 ) ;
#1573 = DIRECTION ( 'NONE',  ( -1.000000000000000000, 0.000000000000000000, 0.000000000000000000 ) ) ;
#1574 = EDGE_LOOP ( 'NONE', ( #1838, #801, #1609, #591 ) ) ;
#1575 = VECTOR ( 'NONE', #1796, 1000.000000000000000 ) ;
#1576 = DIRECTION ( 'NONE',  ( 1.000000000000000000, 0.000000000000000000, 0.000000000000000000 ) ) ;
#1577 = CARTESIAN_POINT ( 'NONE',  ( -6.874999999999909406, 11.90784930203598968, -8.374011537024829366 ) ) ;
#1578 = EDGE_CURVE ( 'NONE', #2014, #1653, #1195, .T. ) ;
#1579 = ORIENTED_EDGE ( 'NONE', *, *, #768, .T. ) ;
#1580 = CARTESIAN_POINT ( 'NONE',  ( -6.969956390821306774E-15, 1.154235437387112140E-13, -48.59999999999991616 ) ) ;
#1581 =( LENGTH_UNIT ( ) NAMED_UNIT ( * ) SI_UNIT ( .MILLI., .METRE. ) );
#1582 = ORIENTED_EDGE ( 'NONE', *, *, #966, .T. ) ;
#1583 = DIRECTION ( 'NONE',  ( 1.414657268890346879E-16, -2.379049338482478526E-15, 1.000000000000000000 ) ) ;
#1584 = ORIENTED_EDGE ( 'NONE', *, *, #2038, .F. ) ;
#1585 = AXIS2_PLACEMENT_3D ( 'NONE', #2073, #1370, #441 ) ;
#1586 = CARTESIAN_POINT ( 'NONE',  ( -13.30570456204346286, 4.667951537024054076, 0.000000000000000000 ) ) ;
#1587 = CARTESIAN_POINT ( 'NONE',  ( -6.874999999999909406, 11.90784930203598968, -3.000000000000000000 ) ) ;
#1588 = ORIENTED_EDGE ( 'NONE', *, *, #1844, .T. ) ;
#1589 = CYLINDRICAL_SURFACE ( 'NONE', #1960, 20.00000000000000000 ) ;
#1590 = ADVANCED_FACE ( 'NONE', ( #1997 ), #1437, .F. ) ;
#1591 = CARTESIAN_POINT ( 'NONE',  ( -10.69541689571921417, 9.189102397468072780, 2.299999999999999822 ) ) ;
#1592 = ORIENTED_EDGE ( 'NONE', *, *, #302, .F. ) ;
#1593 = VECTOR ( 'NONE', #1561, 1000.000000000000000 ) ;
#1594 = AXIS2_PLACEMENT_3D ( 'NONE', #2125, #343, #166 ) ;
#1595 = CIRCLE ( 'NONE', #317, 2.649999999999999467 ) ;
#1596 = DIRECTION ( 'NONE',  ( 0.000000000000000000, 1.000000000000000000, 1.954618001100659522E-15 ) ) ;
#1597 = EDGE_CURVE ( 'NONE', #1094, #1468, #903, .T. ) ;
#1598 = ORIENTED_EDGE ( 'NONE', *, *, #1263, .F. ) ;
#1599 = DIRECTION ( 'NONE',  ( -0.000000000000000000, -0.000000000000000000, 1.000000000000000000 ) ) ;
#1600 = DIRECTION ( 'NONE',  ( -0.1724731828275082590, 0.9850142137072687154, 0.000000000000000000 ) ) ;
#1601 = ORIENTED_EDGE ( 'NONE', *, *, #1570, .T. ) ;
#1602 = FACE_BOUND ( 'NONE', #86, .T. ) ;
#1603 = VECTOR ( 'NONE', #1665, 1000.000000000000114 ) ;
#1604 = DIRECTION ( 'NONE',  ( -0.000000000000000000, -0.000000000000000000, 1.000000000000000000 ) ) ;
#1605 = ORIENTED_EDGE ( 'NONE', *, *, #1664, .T. ) ;
#1606 = VECTOR ( 'NONE', #244, 1000.000000000000000 ) ;
#1607 = CARTESIAN_POINT ( 'NONE',  ( 8.696166260317573560, -32.00000000015776180, -43.59999999999999432 ) ) ;
#1608 = EDGE_CURVE ( 'NONE', #1200, #1782, #1080, .T. ) ;
#1609 = ORIENTED_EDGE ( 'NONE', *, *, #932, .T. ) ;
#1610 = VECTOR ( 'NONE', #1440, 1000.000000000000227 ) ;
#1611 = PLANE ( 'NONE',  #635 ) ;
#1612 = LINE ( 'NONE', #567, #265 ) ;
#1613 = CARTESIAN_POINT ( 'NONE',  ( -11.60474041071085516, 6.699999999999613820, -42.93251095273883777 ) ) ;
#1614 = ORIENTED_EDGE ( 'NONE', *, *, #2017, .F. ) ;
#1615 = ORIENTED_EDGE ( 'NONE', *, *, #421, .F. ) ;
#1616 = CYLINDRICAL_SURFACE ( 'NONE', #95, 1.900000000002498579 ) ;
#1617 = DIRECTION ( 'NONE',  ( 1.000000000000000000, 0.000000000000000000, 0.000000000000000000 ) ) ;
#1618 = ORIENTED_EDGE ( 'NONE', *, *, #719, .F. ) ;
#1619 = LINE ( 'NONE', #723, #2118 ) ;
#1620 = ORIENTED_EDGE ( 'NONE', *, *, #1042, .T. ) ;
#1621 = AXIS2_PLACEMENT_3D ( 'NONE', #948, #2194, #1978 ) ;
#1622 = ADVANCED_FACE ( 'NONE', ( #190 ), #28, .T. ) ;
#1623 = CARTESIAN_POINT ( 'NONE',  ( 11.60474041071213591, -6.699999999998910383, 0.000000000000000000 ) ) ;
#1624 = LINE ( 'NONE', #2187, #860 ) ;
#1625 = FACE_OUTER_BOUND ( 'NONE', #875, .T. ) ;
#1626 = ORIENTED_EDGE ( 'NONE', *, *, #689, .T. ) ;
#1627 = EDGE_LOOP ( 'NONE', ( #195, #20, #1261, #1131 ) ) ;
#1628 = DIRECTION ( 'NONE',  ( 0.000000000000000000, 0.000000000000000000, 1.000000000000000000 ) ) ;
#1629 = EDGE_CURVE ( 'NONE', #2208, #1732, #1007, .T. ) ;
#1630 =( GEOMETRIC_REPRESENTATION_CONTEXT ( 3 ) GLOBAL_UNCERTAINTY_ASSIGNED_CONTEXT ( ( #326 ) ) GLOBAL_UNIT_ASSIGNED_CONTEXT ( ( #1110, #11, #1262 ) ) REPRESENTATION_CONTEXT ( 'NONE', 'WORKASPACE' ) );
#1631 = LINE ( 'NONE', #1312, #422 ) ;
#1632 = ORIENTED_EDGE ( 'NONE', *, *, #1570, .F. ) ;
#1633 = FACE_OUTER_BOUND ( 'NONE', #1392, .T. ) ;
#1634 = ORIENTED_EDGE ( 'NONE', *, *, #1515, .T. ) ;
#1635 = CIRCLE ( 'NONE', #1407, 1.899999999999999023 ) ;
#1636 = CARTESIAN_POINT ( 'NONE',  ( 0.000000000000000000, 0.000000000000000000, 0.000000000000000000 ) ) ;
#1637 = CARTESIAN_POINT ( 'NONE',  ( 8.774999999998321698, 11.90784930203709280, -3.000000000000000000 ) ) ;
#1638 = DIRECTION ( 'NONE',  ( -1.414657268890346879E-16, 2.379049338482478526E-15, -1.000000000000000000 ) ) ;
#1639 = EDGE_CURVE ( 'NONE', #866, #323, #53, .T. ) ;
#1640 = ORIENTED_EDGE ( 'NONE', *, *, #288, .T. ) ;
#1641 = ORIENTED_EDGE ( 'NONE', *, *, #674, .T. ) ;
#1642 = CARTESIAN_POINT ( 'NONE',  ( 20.00000000000000000, 2.449293598294706513E-15, -3.000000000000002665 ) ) ;
#1643 = ADVANCED_FACE ( 'NONE', ( #1257 ), #1648, .F. ) ;
#1644 = CARTESIAN_POINT ( 'NONE',  ( -8.524999999999280931, -11.47483660014792939, 2.299999999999999822 ) ) ;
#1645 = DIRECTION ( 'NONE',  ( 0.3431409490534277351, 0.9392839235730126024, 0.000000000000000000 ) ) ;
#1646 = ORIENTED_EDGE ( 'NONE', *, *, #432, .T. ) ;
#1647 = AXIS2_PLACEMENT_3D ( 'NONE', #1387, #1219, #1947 ) ;
#1648 = PLANE ( 'NONE',  #409 ) ;
#1649 = DIRECTION ( 'NONE',  ( 0.000000000000000000, 6.938893903907229955E-15, -1.000000000000000000 ) ) ;
#1650 = DIRECTION ( 'NONE',  ( 0.9392839235730118252, 0.3431409490534294005, 0.000000000000000000 ) ) ;
#1651 = CIRCLE ( 'NONE', #1837, 3.549999999999942091 ) ;
#1652 = ORIENTED_EDGE ( 'NONE', *, *, #620, .F. ) ;
#1653 = VERTEX_POINT ( 'NONE', #726 ) ;
#1654 = CIRCLE ( 'NONE', #2133, 2.649999999999999467 ) ;
#1655 = AXIS2_PLACEMENT_3D ( 'NONE', #480, #536, #1228 ) ;
#1656 = AXIS2_PLACEMENT_3D ( 'NONE', #1366, #2276, #1554 ) ;
#1657 = FACE_OUTER_BOUND ( 'NONE', #1773, .T. ) ;
#1658 = CARTESIAN_POINT ( 'NONE',  ( 4.724999999997396394, -11.47483660014370344, -8.374011537024829366 ) ) ;
#1659 = ORIENTED_EDGE ( 'NONE', *, *, #1381, .F. ) ;
#1660 = CARTESIAN_POINT ( 'NONE',  ( -3.864579600900125200, 6.693648218653342141, -42.93251095273883777 ) ) ;
#1661 = CARTESIAN_POINT ( 'NONE',  ( 2.610287666324261568, 13.85705393449289957, 2.299999999999999822 ) ) ;
#1662 = DIRECTION ( 'NONE',  ( -1.414657268890346879E-16, 2.379049338482478526E-15, -1.000000000000000000 ) ) ;
#1663 = ORIENTED_EDGE ( 'NONE', *, *, #260, .F. ) ;
#1664 = EDGE_CURVE ( 'NONE', #1229, #2190, #1091, .T. ) ;
#1665 = DIRECTION ( 'NONE',  ( 0.7668107407454950453, 0.6418732646538141129, 0.000000000000000000 ) ) ;
#1666 = EDGE_CURVE ( 'NONE', #866, #1194, #295, .T. ) ;
#1667 = FILL_AREA_STYLE_COLOUR ( '', #238 ) ;
#1668 = VECTOR ( 'NONE', #1507, 1000.000000000000000 ) ;
#1669 = LINE ( 'NONE', #911, #1920 ) ;
#1670 = EDGE_CURVE ( 'NONE', #1448, #797, #227, .T. ) ;
#1671 = FACE_OUTER_BOUND ( 'NONE', #1522, .T. ) ;
#1672 = EDGE_CURVE ( 'NONE', #1880, #909, #936, .T. ) ;
#1673 = ORIENTED_EDGE ( 'NONE', *, *, #1839, .T. ) ;
#1674 = CARTESIAN_POINT ( 'NONE',  ( 20.00000000000000000, 2.449293598294706513E-15, 2.299999999999999822 ) ) ;
#1675 = FACE_BOUND ( 'NONE', #642, .T. ) ;
#1676 = ADVANCED_FACE ( 'NONE', ( #178, #1464 ), #1611, .T. ) ;
#1677 = AXIS2_PLACEMENT_3D ( 'NONE', #763, #796, #1701 ) ;
#1678 = VERTEX_POINT ( 'NONE', #1281 ) ;
#1679 = FACE_OUTER_BOUND ( 'NONE', #2273, .T. ) ;
#1680 = LINE ( 'NONE', #396, #1850 ) ;
#1681 = VECTOR ( 'NONE', #1808, 1000.000000000000000 ) ;
#1682 = LINE ( 'NONE', #1658, #1371 ) ;
#1683 = VERTEX_POINT ( 'NONE', #2186 ) ;
#1684 = ADVANCED_FACE ( 'NONE', ( #365 ), #576, .F. ) ;
#1685 = DIRECTION ( 'NONE',  ( -0.000000000000000000, -0.000000000000000000, 1.000000000000000000 ) ) ;
#1686 = DIRECTION ( 'NONE',  ( 1.000000000000000000, 0.000000000000000000, 0.000000000000000000 ) ) ;
#1687 = EDGE_LOOP ( 'NONE', ( #496, #1614 ) ) ;
#1688 = PLANE ( 'NONE',  #926 ) ;
#1689 = FACE_OUTER_BOUND ( 'NONE', #2115, .T. ) ;
#1690 = CARTESIAN_POINT ( 'NONE',  ( -7.729159201799991052, -3.482457378023440242E-13, 2.299999999999999822 ) ) ;
#1691 = VECTOR ( 'NONE', #1599, 1000.000000000000000 ) ;
#1692 = FACE_OUTER_BOUND ( 'NONE', #225, .T. ) ;
#1693 = ORIENTED_EDGE ( 'NONE', *, *, #246, .T. ) ;
#1694 = DIRECTION ( 'NONE',  ( -1.000000000000000000, 2.168404344971006896E-16, -2.885201858202352383E-32 ) ) ;
#1695 = DIRECTION ( 'NONE',  ( -0.000000000000000000, -0.000000000000000000, 1.000000000000000000 ) ) ;
#1696 = ORIENTED_EDGE ( 'NONE', *, *, #273, .F. ) ;
#1697 = CARTESIAN_POINT ( 'NONE',  ( -9.049999999999998934, -30.00000000000000000, 2.299999999999999822 ) ) ;
#1698 = DIRECTION ( 'NONE',  ( 0.6976007928764695887, -0.5066325758269579760, -0.5066325758269621948 ) ) ;
#1699 = FACE_BOUND ( 'NONE', #1084, .T. ) ;
#1700 = EDGE_CURVE ( 'NONE', #1430, #2208, #1654, .T. ) ;
#1701 = DIRECTION ( 'NONE',  ( 0.000000000000000000, 1.000000000000000000, 3.652049423108662549E-15 ) ) ;
#1702 = ORIENTED_EDGE ( 'NONE', *, *, #595, .F. ) ;
#1703 = DIRECTION ( 'NONE',  ( -1.000000000000000000, 0.000000000000000000, 0.000000000000000000 ) ) ;
#1704 = CARTESIAN_POINT ( 'NONE',  ( 21.95673594180063048, -48.45000000007325980, -48.60000000000002984 ) ) ;
#1705 = ORIENTED_EDGE ( 'NONE', *, *, #2256, .T. ) ;
#1706 = ORIENTED_EDGE ( 'NONE', *, *, #61, .T. ) ;
#1707 = DIRECTION ( 'NONE',  ( 1.414657268890346879E-16, -2.379049338482478526E-15, 1.000000000000000000 ) ) ;
#1708 = AXIS2_PLACEMENT_3D ( 'NONE', #1419, #1075, #1817 ) ;
#1709 = AXIS2_PLACEMENT_3D ( 'NONE', #507, #520, #1226 ) ;
#1710 = PRODUCT_DEFINITION_FORMATION_WITH_SPECIFIED_SOURCE ( 'ANY', '', #1357, .NOT_KNOWN. ) ;
#1711 = EDGE_CURVE ( 'NONE', #2203, #1918, #941, .T. ) ;
#1712 = LINE ( 'NONE', #814, #2296 ) ;
#1713 = DIRECTION ( 'NONE',  ( 0.7668107407454776148, -0.6418732646538348741, 0.000000000000000000 ) ) ;
#1714 = ORIENTED_EDGE ( 'NONE', *, *, #1578, .F. ) ;
#1715 = FACE_OUTER_BOUND ( 'NONE', #2080, .T. ) ;
#1716 = CARTESIAN_POINT ( 'NONE',  ( 8.696166260317573560, -35.55000000015774475, -47.84999999999999432 ) ) ;
#1717 = FACE_BOUND ( 'NONE', #122, .T. ) ;
#1718 = DIRECTION ( 'NONE',  ( 0.000000000000000000, 1.000000000000000000, 3.652049423109069602E-15 ) ) ;
#1719 = FACE_OUTER_BOUND ( 'NONE', #1376, .T. ) ;
#1720 = VECTOR ( 'NONE', #927, 1000.000000000000000 ) ;
#1721 = VECTOR ( 'NONE', #75, 1000.000000000000000 ) ;
#1722 = EDGE_CURVE ( 'NONE', #797, #2192, #1425, .T. ) ;
#1723 = SURFACE_STYLE_USAGE ( .BOTH. , #117 ) ;
#1724 = AXIS2_PLACEMENT_3D ( 'NONE', #2163, #1268, #2011 ) ;
#1725 = ORIENTED_EDGE ( 'NONE', *, *, #88, .T. ) ;
#1726 = CARTESIAN_POINT ( 'NONE',  ( 8.696166260317573560, -32.00000000015774759, -47.84999999999998721 ) ) ;
#1727 = CARTESIAN_POINT ( 'NONE',  ( -13.30570456204282870, -4.667951537024482178, -42.93251095273883777 ) ) ;
#1728 = ADVANCED_FACE ( 'NONE', ( #528 ), #1339, .F. ) ;
#1729 = ORIENTED_EDGE ( 'NONE', *, *, #2122, .F. ) ;
#1730 = DIRECTION ( 'NONE',  ( 0.000000000000000000, -0.7071067811865504593, 0.7071067811865445751 ) ) ;
#1731 = DIRECTION ( 'NONE',  ( -1.414657268890346879E-16, 2.379049338482478526E-15, -1.000000000000000000 ) ) ;
#1732 = VERTEX_POINT ( 'NONE', #766 ) ;
#1733 = CARTESIAN_POINT ( 'NONE',  ( -8.774999999999909761, 11.90784930203598968, -8.374011537024829366 ) ) ;
#1734 = AXIS2_PLACEMENT_3D ( 'NONE', #461, #793, #1143 ) ;
#1735 = VERTEX_POINT ( 'NONE', #1878 ) ;
#1736 = CARTESIAN_POINT ( 'NONE',  ( 8.696166260317573560, -30.10000000015776322, -43.59999999999998721 ) ) ;
#1737 = EDGE_CURVE ( 'NONE', #294, #345, #426, .T. ) ;
#1738 = EDGE_LOOP ( 'NONE', ( #1413, #2171, #556, #138 ) ) ;
#1739 = VECTOR ( 'NONE', #571, 1000.000000000000000 ) ;
#1740 = ADVANCED_FACE ( 'NONE', ( #1328 ), #632, .F. ) ;
#1741 = PLANE ( 'NONE',  #1656 ) ;
#1742 = CARTESIAN_POINT ( 'NONE',  ( 0.000000000000000000, 0.000000000000000000, 2.299999999999999822 ) ) ;
#1743 = DIRECTION ( 'NONE',  ( 1.000000000000000000, 0.000000000000000000, 0.000000000000000000 ) ) ;
#1744 = ORIENTED_EDGE ( 'NONE', *, *, #831, .F. ) ;
#1745 = DIRECTION ( 'NONE',  ( 0.000000000000000000, 1.000000000000000000, 3.652049423108662549E-15 ) ) ;
#1746 = CARTESIAN_POINT ( 'NONE',  ( -0.05000000000000040523, -30.00000000000000000, -22.52499999999995595 ) ) ;
#1747 = VERTEX_POINT ( 'NONE', #995 ) ;
#1748 = DIRECTION ( 'NONE',  ( 0.000000000000000000, 0.000000000000000000, 1.000000000000000000 ) ) ;
#1749 = VERTEX_POINT ( 'NONE', #1140 ) ;
#1750 = EDGE_CURVE ( 'NONE', #2261, #2213, #973, .T. ) ;
#1751 = DIRECTION ( 'NONE',  ( -0.000000000000000000, -0.000000000000000000, 1.000000000000000000 ) ) ;
#1752 = DIRECTION ( 'NONE',  ( 1.000000000000000000, 0.000000000000000000, -0.000000000000000000 ) ) ;
#1753 = VERTEX_POINT ( 'NONE', #2231 ) ;
#1754 = ORIENTED_EDGE ( 'NONE', *, *, #1394, .F. ) ;
#1755 = CARTESIAN_POINT ( 'NONE',  ( 8.696166260317573560, -28.45000000015775043, -47.84999999999998010 ) ) ;
#1756 = AXIS2_PLACEMENT_3D ( 'NONE', #313, #1748, #854 ) ;
#1757 = DIRECTION ( 'NONE',  ( 0.000000000000000000, 0.000000000000000000, 1.000000000000000000 ) ) ;
#1758 = ORIENTED_EDGE ( 'NONE', *, *, #237, .T. ) ;
#1759 = ADVANCED_FACE ( 'NONE', ( #1715 ), #984, .F. ) ;
#1760 = CARTESIAN_POINT ( 'NONE',  ( 3.673940397442059178E-15, -30.00000000000000000, -53.00000000000000711 ) ) ;
#1761 = AXIS2_PLACEMENT_3D ( 'NONE', #1072, #1943, #1617 ) ;
#1762 = EDGE_LOOP ( 'NONE', ( #1027, #45, #869, #2098 ) ) ;
#1763 = PRODUCT_DEFINITION_CONTEXT ( 'detailed design', #2287, 'design' ) ;
#1764 = DIRECTION ( 'NONE',  ( 0.000000000000000000, -1.728242566352985630E-16, -1.000000000000000000 ) ) ;
#1765 = CYLINDRICAL_SURFACE ( 'NONE', #1788, 2.649999999999999467 ) ;
#1766 = EDGE_CURVE ( 'NONE', #906, #1872, #1841, .T. ) ;
#1767 = VERTEX_POINT ( 'NONE', #1498 ) ;
#1768 = CARTESIAN_POINT ( 'NONE',  ( -5.000000000000000000, 6.123233995736766282E-16, 0.000000000000000000 ) ) ;
#1769 = EDGE_CURVE ( 'NONE', #1957, #1988, #1161, .T. ) ;
#1770 = LINE ( 'NONE', #709, #41 ) ;
#1771 = ORIENTED_EDGE ( 'NONE', *, *, #759, .T. ) ;
#1772 = DIRECTION ( 'NONE',  ( 0.000000000000000000, 1.000000000000000000, 3.652049423109069602E-15 ) ) ;
#1773 = EDGE_LOOP ( 'NONE', ( #690, #2035, #800, #730 ) ) ;
#1774 = VECTOR ( 'NONE', #606, 1000.000000000000000 ) ;
#1775 = DIRECTION ( 'NONE',  ( -0.7668107407455123647, 0.6418732646537933517, 0.000000000000000000 ) ) ;
#1776 = DIRECTION ( 'NONE',  ( 1.000000000000000000, 0.000000000000000000, 0.000000000000000000 ) ) ;
#1777 = VECTOR ( 'NONE', #1764, 1000.000000000000000 ) ;
#1778 = ORIENTED_EDGE ( 'NONE', *, *, #2111, .F. ) ;
#1779 = DIRECTION ( 'NONE',  ( -1.414657268890346879E-16, 2.379049338482478526E-15, -1.000000000000000000 ) ) ;
#1780 = ADVANCED_FACE ( 'NONE', ( #445 ), #281, .F. ) ;
#1781 = DIRECTION ( 'NONE',  ( 0.9392839235730119363, 0.3431409490534294005, 0.000000000000000000 ) ) ;
#1782 = VERTEX_POINT ( 'NONE', #414 ) ;
#1783 = DIRECTION ( 'NONE',  ( -1.414657268890346879E-16, 2.379049338482478526E-15, -1.000000000000000000 ) ) ;
#1784 = ORIENTED_EDGE ( 'NONE', *, *, #101, .F. ) ;
#1785 = DIRECTION ( 'NONE',  ( 0.000000000000000000, 1.000000000000000000, 2.379049338482478526E-15 ) ) ;
#1786 = FACE_OUTER_BOUND ( 'NONE', #1627, .T. ) ;
#1787 = DIRECTION ( 'NONE',  ( -2.168404344971007882E-16, -1.000000000000000000, 0.000000000000000000 ) ) ;
#1788 = AXIS2_PLACEMENT_3D ( 'NONE', #1029, #125, #1390 ) ;
#1789 = ORIENTED_EDGE ( 'NONE', *, *, #558, .T. ) ;
#1790 = DIRECTION ( 'NONE',  ( -1.414657268890346879E-16, 2.379049338482478526E-15, -1.000000000000000000 ) ) ;
#1791 = EDGE_CURVE ( 'NONE', #2031, #1847, #1041, .T. ) ;
#1792 = VERTEX_POINT ( 'NONE', #788 ) ;
#1793 = CARTESIAN_POINT ( 'NONE',  ( 39.99999999998313172, -61.99999999999997158, -17.52499999999995595 ) ) ;
#1794 = ORIENTED_EDGE ( 'NONE', *, *, #1597, .F. ) ;
#1795 = DIRECTION ( 'NONE',  ( 1.000000000000000000, -6.365957710006628626E-16, -1.414657268890361917E-16 ) ) ;
#1796 = DIRECTION ( 'NONE',  ( -0.000000000000000000, -0.000000000000000000, 1.000000000000000000 ) ) ;
#1797 = EDGE_CURVE ( 'NONE', #555, #1016, #1529, .T. ) ;
#1798 = PLANE ( 'NONE',  #2305 ) ;
#1799 = VERTEX_POINT ( 'NONE', #601 ) ;
#1800 = EDGE_LOOP ( 'NONE', ( #2076, #312 ) ) ;
#1801 = LINE ( 'NONE', #2193, #503 ) ;
#1802 = PLANE ( 'NONE',  #532 ) ;
#1803 = VERTEX_POINT ( 'NONE', #809 ) ;
#1804 = DIRECTION ( 'NONE',  ( -0.000000000000000000, -0.000000000000000000, 1.000000000000000000 ) ) ;
#1805 = EDGE_LOOP ( 'NONE', ( #1996, #1167, #770, #2315, #1976, #899, #1592, #492, #1652, #1197, #833, #68, #274, #2066, #2264, #630, #1349, #465, #1232, #972 ) ) ;
#1806 = AXIS2_PLACEMENT_3D ( 'NONE', #2029, #1097, #2206 ) ;
#1807 = EDGE_CURVE ( 'NONE', #189, #364, #708, .T. ) ;
#1808 = DIRECTION ( 'NONE',  ( -1.000000000000000000, 0.000000000000000000, -1.730397482271857072E-16 ) ) ;
#1809 = CARTESIAN_POINT ( 'NONE',  ( 34.00000000001760014, -32.00000000016640200, -47.84999999999999432 ) ) ;
#1810 = CARTESIAN_POINT ( 'NONE',  ( 0.000000000000000000, 0.000000000000000000, 0.000000000000000000 ) ) ;
#1811 = ORIENTED_EDGE ( 'NONE', *, *, #583, .F. ) ;
#1812 = EDGE_CURVE ( 'NONE', #1678, #2192, #2201, .T. ) ;
#1813 = EDGE_LOOP ( 'NONE', ( #1618, #1831, #387, #1965, #1271 ) ) ;
#1814 = DIRECTION ( 'NONE',  ( 0.000000000000000000, 1.000000000000000000, 3.652049423109069602E-15 ) ) ;
#1815 = CARTESIAN_POINT ( 'NONE',  ( 34.00000000001760014, -32.00000000016640200, -48.59999999999999432 ) ) ;
#1816 = ORIENTED_EDGE ( 'NONE', *, *, #1250, .T. ) ;
#1817 = DIRECTION ( 'NONE',  ( 0.000000000000000000, 1.000000000000000000, 2.379049338482478526E-15 ) ) ;
#1818 = ORIENTED_EDGE ( 'NONE', *, *, #1672, .T. ) ;
#1819 = CIRCLE ( 'NONE', #535, 1.899999999999098632 ) ;
#1820 =( GEOMETRIC_REPRESENTATION_CONTEXT ( 3 ) GLOBAL_UNCERTAINTY_ASSIGNED_CONTEXT ( ( #1410 ) ) GLOBAL_UNIT_ASSIGNED_CONTEXT ( ( #1581, #2283, #686 ) ) REPRESENTATION_CONTEXT ( 'NONE', 'WORKASPACE' ) );
#1821 = DIRECTION ( 'NONE',  ( -0.000000000000000000, 0.000000000000000000, 1.000000000000000000 ) ) ;
#1822 = DIRECTION ( 'NONE',  ( -0.000000000000000000, -0.000000000000000000, 1.000000000000000000 ) ) ;
#1823 = DIRECTION ( 'NONE',  ( 0.000000000000000000, 0.000000000000000000, -1.000000000000000000 ) ) ;
#1824 = ORIENTED_EDGE ( 'NONE', *, *, #1160, .F. ) ;
#1825 = EDGE_CURVE ( 'NONE', #364, #298, #963, .T. ) ;
#1826 = ORIENTED_EDGE ( 'NONE', *, *, #499, .T. ) ;
#1827 = SURFACE_SIDE_STYLE ('',( #2002 ) ) ;
#1828 = FACE_OUTER_BOUND ( 'NONE', #1087, .T. ) ;
#1829 = VECTOR ( 'NONE', #603, 1000.000000000000227 ) ;
#1830 = PLANE ( 'NONE',  #691 ) ;
#1831 = ORIENTED_EDGE ( 'NONE', *, *, #2038, .T. ) ;
#1832 = VECTOR ( 'NONE', #644, 1000.000000000000000 ) ;
#1833 = DIRECTION ( 'NONE',  ( -0.000000000000000000, -0.000000000000000000, 1.000000000000000000 ) ) ;
#1834 = CARTESIAN_POINT ( 'NONE',  ( 3.864579600900049261, 6.693648218653777349, -42.93251095273883777 ) ) ;
#1835 = AXIS2_PLACEMENT_3D ( 'NONE', #1613, #530, #1466 ) ;
#1836 = FACE_OUTER_BOUND ( 'NONE', #1098, .T. ) ;
#1837 = AXIS2_PLACEMENT_3D ( 'NONE', #2022, #2211, #602 ) ;
#1838 = ORIENTED_EDGE ( 'NONE', *, *, #564, .F. ) ;
#1839 = EDGE_CURVE ( 'NONE', #2219, #272, #2021, .T. ) ;
#1840 = ORIENTED_EDGE ( 'NONE', *, *, #2136, .T. ) ;
#1841 = CIRCLE ( 'NONE', #1126, 2.649999999999999023 ) ;
#1842 = CARTESIAN_POINT ( 'NONE',  ( -6.625000000000182965, -11.47483660014792939, -8.374011537024829366 ) ) ;
#1843 = CYLINDRICAL_SURFACE ( 'NONE', #2062, 2.750000000016170176 ) ;
#1844 = EDGE_CURVE ( 'NONE', #1749, #2014, #953, .T. ) ;
#1845 = CIRCLE ( 'NONE', #1043, 2.649999999999999467 ) ;
#1846 = DIRECTION ( 'NONE',  ( -1.414657268890346879E-16, 2.379049338482478526E-15, -1.000000000000000000 ) ) ;
#1847 = VERTEX_POINT ( 'NONE', #778 ) ;
#1848 = CARTESIAN_POINT ( 'NONE',  ( -2.610287666322975486, -13.85705393449220679, -42.93251095273883777 ) ) ;
#1849 = DIRECTION ( 'NONE',  ( -1.414657268890346879E-16, 2.379049338482478526E-15, -1.000000000000000000 ) ) ;
#1850 = VECTOR ( 'NONE', #221, 1000.000000000000000 ) ;
#1851 = ORIENTED_EDGE ( 'NONE', *, *, #1000, .F. ) ;
#1852 = CIRCLE ( 'NONE', #1137, 2.649999999999999467 ) ;
#1853 = DIRECTION ( 'NONE',  ( -0.1724731828275083145, -0.9850142137072687154, 0.000000000000000000 ) ) ;
#1854 = CARTESIAN_POINT ( 'NONE',  ( 2.610287666325547207, -13.85705393449218903, -42.93251095273883777 ) ) ;
#1855 = CARTESIAN_POINT ( 'NONE',  ( -7.729159201799991052, -3.485303408726214691E-13, 2.299999999999999822 ) ) ;
#1856 = EDGE_CURVE ( 'NONE', #439, #201, #1316, .T. ) ;
#1857 = CARTESIAN_POINT ( 'NONE',  ( -4.000000000016859403, -52.99999999999999289, -27.54999999999998295 ) ) ;
#1858 = ORIENTED_EDGE ( 'NONE', *, *, #237, .F. ) ;
#1859 = DIRECTION ( 'NONE',  ( -0.000000000000000000, 1.000000000000000000, -0.000000000000000000 ) ) ;
#1860 = DIRECTION ( 'NONE',  ( 1.414657268890346879E-16, -2.379049338482478526E-15, 1.000000000000000000 ) ) ;
#1861 = CIRCLE ( 'NONE', #2084, 2.649999999999999467 ) ;
#1862 = CARTESIAN_POINT ( 'NONE',  ( -5.000000000000000000, 6.123233995736766282E-16, -2.999999999999999112 ) ) ;
#1863 = CARTESIAN_POINT ( 'NONE',  ( -9.049999999999998934, -26.99999999999997158, -48.59999999999998010 ) ) ;
#1864 = DIRECTION ( 'NONE',  ( -0.000000000000000000, -0.000000000000000000, 1.000000000000000000 ) ) ;
#1865 = DIRECTION ( 'NONE',  ( -0.000000000000000000, -0.000000000000000000, 1.000000000000000000 ) ) ;
#1866 = ADVANCED_FACE ( 'NONE', ( #1231 ), #1899, .F. ) ;
#1867 = ORIENTED_EDGE ( 'NONE', *, *, #2097, .F. ) ;
#1868 = CARTESIAN_POINT ( 'NONE',  ( -4.000000000016859403, -52.99999999999999289, -27.54999999999998295 ) ) ;
#1869 = CARTESIAN_POINT ( 'NONE',  ( 2.610287666325547207, -13.85705393449218903, -42.93251095273883777 ) ) ;
#1870 = VERTEX_POINT ( 'NONE', #1563 ) ;
#1871 = EDGE_CURVE ( 'NONE', #1409, #1430, #1026, .T. ) ;
#1872 = VERTEX_POINT ( 'NONE', #1935 ) ;
#1873 = LINE ( 'NONE', #2247, #1384 ) ;
#1874 = CARTESIAN_POINT ( 'NONE',  ( 0.000000000000000000, 0.000000000000000000, 2.299999999999999822 ) ) ;
#1875 = AXIS2_PLACEMENT_3D ( 'NONE', #43, #702, #577 ) ;
#1876 = CARTESIAN_POINT ( 'NONE',  ( -9.049999999999998934, -26.99999999999997513, -13.00000000000006750 ) ) ;
#1877 = ORIENTED_EDGE ( 'NONE', *, *, #689, .F. ) ;
#1878 = CARTESIAN_POINT ( 'NONE',  ( 3.864579600900048373, 6.693648218653777349, 0.000000000000000000 ) ) ;
#1879 = CARTESIAN_POINT ( 'NONE',  ( -4.725000000001084111, -11.47483660014792939, -8.374011537024829366 ) ) ;
#1880 = VERTEX_POINT ( 'NONE', #1008 ) ;
#1881 = ADVANCED_FACE ( 'NONE', ( #479 ), #1551, .T. ) ;
#1882 = ORIENTED_EDGE ( 'NONE', *, *, #1750, .F. ) ;
#1883 = FACE_BOUND ( 'NONE', #2025, .T. ) ;
#1884 = CARTESIAN_POINT ( 'NONE',  ( 6.874999999998321343, 11.90784930203709280, 2.299999999999999822 ) ) ;
#1885 = CIRCLE ( 'NONE', #1288, 1.900000000000000577 ) ;
#1886 = ORIENTED_EDGE ( 'NONE', *, *, #1220, .T. ) ;
#1887 = CARTESIAN_POINT ( 'NONE',  ( -0.04999999999999341083, 1.084202172485360529E-17, -1.442600929100985942E-33 ) ) ;
#1888 = CARTESIAN_POINT ( 'NONE',  ( 7.729159201800657186, 1.054711873393898713E-12, 0.000000000000000000 ) ) ;
#1889 = ORIENTED_EDGE ( 'NONE', *, *, #1354, .T. ) ;
#1890 = ORIENTED_EDGE ( 'NONE', *, *, #242, .T. ) ;
#1891 = CARTESIAN_POINT ( 'NONE',  ( -9.049999999999998934, -17.00000000000004619, -2.999999999999999112 ) ) ;
#1892 = EDGE_CURVE ( 'NONE', #1572, #325, #1362, .T. ) ;
#1893 = VECTOR ( 'NONE', #1783, 1000.000000000000000 ) ;
#1894 = VECTOR ( 'NONE', #2301, 1000.000000000000227 ) ;
#1895 = STYLED_ITEM ( 'NONE', ( #1571 ), #659 ) ;
#1896 = LINE ( 'NONE', #2216, #1774 ) ;
#1897 = ADVANCED_FACE ( 'NONE', ( #107 ), #301, .T. ) ;
#1898 = ORIENTED_EDGE ( 'NONE', *, *, #2308, .T. ) ;
#1899 = CYLINDRICAL_SURFACE ( 'NONE', #1647, 3.549999999999997602 ) ;
#1900 = CARTESIAN_POINT ( 'NONE',  ( 21.95673594180063048, -52.00000000007321432, -43.60000000000004405 ) ) ;
#1901 = EDGE_LOOP ( 'NONE', ( #1615, #962, #32, #845 ) ) ;
#1902 = AXIS2_PLACEMENT_3D ( 'NONE', #2036, #264, #1355 ) ;
#1903 = CARTESIAN_POINT ( 'NONE',  ( -13.30570456204346108, 4.667951537024054076, -42.93251095273883777 ) ) ;
#1904 = CYLINDRICAL_SURFACE ( 'NONE', #2317, 2.649999999999999467 ) ;
#1905 = CIRCLE ( 'NONE', #1192, 1.900000000000210632 ) ;
#1906 = EDGE_LOOP ( 'NONE', ( #2275, #1646, #1364, #839 ) ) ;
#1907 = EDGE_CURVE ( 'NONE', #742, #2173, #1913, .T. ) ;
#1908 = DIRECTION ( 'NONE',  ( -0.000000000000000000, -0.000000000000000000, 1.000000000000000000 ) ) ;
#1909 = CIRCLE ( 'NONE', #2212, 2.750000000016170176 ) ;
#1910 = EDGE_CURVE ( 'NONE', #882, #570, #35, .T. ) ;
#1911 = EDGE_LOOP ( 'NONE', ( #569, #1255 ) ) ;
#1912 = EDGE_CURVE ( 'NONE', #1799, #1959, #491, .T. ) ;
#1913 = LINE ( 'NONE', #2262, #1344 ) ;
#1914 = VERTEX_POINT ( 'NONE', #1736 ) ;
#1915 = DIRECTION ( 'NONE',  ( -1.000000000000000000, -1.068589661201713170E-15, -1.730397482271857072E-16 ) ) ;
#1916 = DIRECTION ( 'NONE',  ( 5.280064580004410633E-13, 1.000000000000000000, 0.000000000000000000 ) ) ;
#1917 = CARTESIAN_POINT ( 'NONE',  ( 8.696166260317573560, -30.10000000015776322, -43.59999999999998721 ) ) ;
#1918 = VERTEX_POINT ( 'NONE', #340 ) ;
#1919 = FACE_OUTER_BOUND ( 'NONE', #808, .T. ) ;
#1920 = VECTOR ( 'NONE', #59, 1000.000000000000000 ) ;
#1921 =( NAMED_UNIT ( * ) PLANE_ANGLE_UNIT ( ) SI_UNIT ( $, .RADIAN. ) );
#1922 = ADVANCED_FACE ( 'NONE', ( #1374 ), #2298, .F. ) ;
#1923 = ORIENTED_EDGE ( 'NONE', *, *, #831, .T. ) ;
#1924 = DIRECTION ( 'NONE',  ( 0.000000000000000000, 1.000000000000000000, 3.652049423109269972E-15 ) ) ;
#1925 = ORIENTED_EDGE ( 'NONE', *, *, #233, .T. ) ;
#1926 = CIRCLE ( 'NONE', #2227, 1.899999999999999689 ) ;
#1927 = LINE ( 'NONE', #1903, #194 ) ;
#1928 = LINE ( 'NONE', #2083, #1894 ) ;
#1929 = ORIENTED_EDGE ( 'NONE', *, *, #1172, .T. ) ;
#1930 = DIRECTION ( 'NONE',  ( -1.000000000000000000, 0.000000000000000000, 0.000000000000000000 ) ) ;
#1931 = VECTOR ( 'NONE', #1274, 1000.000000000000000 ) ;
#1932 = VECTOR ( 'NONE', #1713, 1000.000000000000114 ) ;
#1933 = ORIENTED_EDGE ( 'NONE', *, *, #2136, .F. ) ;
#1934 = EDGE_CURVE ( 'NONE', #201, #272, #2110, .T. ) ;
#1935 = CARTESIAN_POINT ( 'NONE',  ( -2.610287666324261568, 13.85705393449289780, 0.000000000000000000 ) ) ;
#1936 = ORIENTED_EDGE ( 'NONE', *, *, #1608, .F. ) ;
#1937 = PLANE ( 'NONE',  #1512 ) ;
#1938 = CARTESIAN_POINT ( 'NONE',  ( 34.00000000001760014, -35.55000000016661232, -47.85000000000000142 ) ) ;
#1939 = EDGE_CURVE ( 'NONE', #1553, #57, #2128, .T. ) ;
#1940 = ORIENTED_EDGE ( 'NONE', *, *, #1151, .T. ) ;
#1941 = FACE_BOUND ( 'NONE', #96, .T. ) ;
#1942 = VECTOR ( 'NONE', #843, 1000.000000000000227 ) ;
#1943 = DIRECTION ( 'NONE',  ( 0.000000000000000000, 0.000000000000000000, 1.000000000000000000 ) ) ;
#1944 = AXIS2_PLACEMENT_3D ( 'NONE', #1869, #262, #974 ) ;
#1945 = ORIENTED_EDGE ( 'NONE', *, *, #1515, .F. ) ;
#1946 = VECTOR ( 'NONE', #74, 1000.000000000000000 ) ;
#1947 = DIRECTION ( 'NONE',  ( 0.000000000000000000, 1.000000000000000000, 1.954618001100629151E-15 ) ) ;
#1948 = AXIS2_PLACEMENT_3D ( 'NONE', #832, #108, #12 ) ;
#1949 = ORIENTED_EDGE ( 'NONE', *, *, #1354, .F. ) ;
#1950 = CARTESIAN_POINT ( 'NONE',  ( 1.284469037195706312E-12, -13.39999999999929159, 0.000000000000000000 ) ) ;
#1951 = LINE ( 'NONE', #1199, #2209 ) ;
#1952 = EDGE_CURVE ( 'NONE', #2102, #855, #865, .T. ) ;
#1953 = VECTOR ( 'NONE', #898, 1000.000000000000000 ) ;
#1954 = ORIENTED_EDGE ( 'NONE', *, *, #1711, .T. ) ;
#1955 = DIRECTION ( 'NONE',  ( -1.414657268890346879E-16, 2.379049338482548735E-15, -1.000000000000000000 ) ) ;
#1956 = DIRECTION ( 'NONE',  ( 0.000000000000000000, 1.000000000000000000, 1.954618001100629151E-15 ) ) ;
#1957 = VERTEX_POINT ( 'NONE', #1408 ) ;
#1958 = CARTESIAN_POINT ( 'NONE',  ( -9.049999999999998934, -30.00000000000000000, -3.000000000000002665 ) ) ;
#1959 = VERTEX_POINT ( 'NONE', #669 ) ;
#1960 = AXIS2_PLACEMENT_3D ( 'NONE', #666, #2293, #2271 ) ;
#1961 = DIRECTION ( 'NONE',  ( -1.414657268890346879E-16, 2.379049338482478526E-15, -1.000000000000000000 ) ) ;
#1962 = DIRECTION ( 'NONE',  ( -1.414657268890346879E-16, 2.379049338482478526E-15, -1.000000000000000000 ) ) ;
#1963 = CYLINDRICAL_SURFACE ( 'NONE', #1535, 5.000000000000000000 ) ;
#1964 = EDGE_CURVE ( 'NONE', #286, #323, #931, .T. ) ;
#1965 = ORIENTED_EDGE ( 'NONE', *, *, #1952, .T. ) ;
#1966 = DIRECTION ( 'NONE',  ( -0.000000000000000000, -0.000000000000000000, 1.000000000000000000 ) ) ;
#1967 = DIRECTION ( 'NONE',  ( -1.414657268890346879E-16, 2.379049338482478526E-15, -1.000000000000000000 ) ) ;
#1968 = ORIENTED_EDGE ( 'NONE', *, *, #1071, .F. ) ;
#1969 = CIRCLE ( 'NONE', #1144, 3.549999999999942091 ) ;
#1970 = EDGE_CURVE ( 'NONE', #272, #1497, #1230, .T. ) ;
#1971 = CARTESIAN_POINT ( 'NONE',  ( -5.883351439726808966E-15, -17.00000000000004974, -3.000000000000000000 ) ) ;
#1972 = ORIENTED_EDGE ( 'NONE', *, *, #499, .F. ) ;
#1973 = DIRECTION ( 'NONE',  ( 0.000000000000000000, 1.000000000000000000, 3.652049423109269972E-15 ) ) ;
#1974 = DIRECTION ( 'NONE',  ( 0.000000000000000000, 0.000000000000000000, -1.000000000000000000 ) ) ;
#1975 = CARTESIAN_POINT ( 'NONE',  ( 3.864579600900049261, 6.693648218653777349, 2.299999999999999822 ) ) ;
#1976 = ORIENTED_EDGE ( 'NONE', *, *, #487, .F. ) ;
#1977 = EDGE_LOOP ( 'NONE', ( #1224, #1584, #1858, #1784 ) ) ;
#1978 = DIRECTION ( 'NONE',  ( 0.000000000000000000, 0.000000000000000000, -1.000000000000000000 ) ) ;
#1979 = VERTEX_POINT ( 'NONE', #2121 ) ;
#1980 = EDGE_CURVE ( 'NONE', #14, #1320, #110, .T. ) ;
#1981 = CIRCLE ( 'NONE', #183, 1.899999999999999023 ) ;
#1982 = CARTESIAN_POINT ( 'NONE',  ( -3.864579600900125200, 6.693648218653342141, -42.93251095273883777 ) ) ;
#1983 = EDGE_CURVE ( 'NONE', #1051, #2270, #2007, .T. ) ;
#1984 = ORIENTED_EDGE ( 'NONE', *, *, #791, .F. ) ;
#1985 = DIRECTION ( 'NONE',  ( 0.000000000000000000, 6.938893903907222067E-15, -1.000000000000000000 ) ) ;
#1986 = CARTESIAN_POINT ( 'NONE',  ( -3.864579600899062495, -6.693648218653594384, 2.299999999999999822 ) ) ;
#1987 = DIRECTION ( 'NONE',  ( -1.000000000000000000, 0.000000000000000000, -0.000000000000000000 ) ) ;
#1988 = VERTEX_POINT ( 'NONE', #2 ) ;
#1989 = VECTOR ( 'NONE', #1477, 1000.000000000000000 ) ;
#1990 = ORIENTED_EDGE ( 'NONE', *, *, #1980, .F. ) ;
#1991 = CARTESIAN_POINT ( 'NONE',  ( 13.30570456204409702, 4.667951537025174957, 0.000000000000000000 ) ) ;
#1992 = DIRECTION ( 'NONE',  ( -0.000000000000000000, -0.000000000000000000, 1.000000000000000000 ) ) ;
#1993 = VERTEX_POINT ( 'NONE', #386 ) ;
#1994 = DIRECTION ( 'NONE',  ( -0.7668107407454598512, -0.6418732646538558573, 0.000000000000000000 ) ) ;
#1995 = EDGE_CURVE ( 'NONE', #2243, #255, #1861, .T. ) ;
#1996 = ORIENTED_EDGE ( 'NONE', *, *, #2294, .F. ) ;
#1997 = FACE_OUTER_BOUND ( 'NONE', #1455, .T. ) ;
#1998 = DIRECTION ( 'NONE',  ( -1.414657268890346879E-16, 2.379049338482478526E-15, -1.000000000000000000 ) ) ;
#1999 = CARTESIAN_POINT ( 'NONE',  ( -9.049999999999998934, -41.99999999999999289, -17.52499999999995595 ) ) ;
#2000 = ORIENTED_EDGE ( 'NONE', *, *, #1844, .F. ) ;
#2001 = VERTEX_POINT ( 'NONE', #1793 ) ;
#2002 = SURFACE_STYLE_FILL_AREA ( #745 ) ;
#2003 = ADVANCED_FACE ( 'NONE', ( #1633 ), #174, .F. ) ;
#2004 = CYLINDRICAL_SURFACE ( 'NONE', #2145, 2.649999999999997691 ) ;
#2005 = ADVANCED_FACE ( 'NONE', ( #1099 ), #1254, .F. ) ;
#2006 = CARTESIAN_POINT ( 'NONE',  ( 34.00000000001760014, -35.55000000016661232, -47.85000000000000142 ) ) ;
#2007 = CIRCLE ( 'NONE', #1064, 2.649999999999999467 ) ;
#2008 = ORIENTED_EDGE ( 'NONE', *, *, #846, .T. ) ;
#2009 = AXIS2_PLACEMENT_3D ( 'NONE', #1068, #1638, #2013 ) ;
#2010 = CIRCLE ( 'NONE', #285, 20.00000000000000000 ) ;
#2011 = DIRECTION ( 'NONE',  ( 0.7668107407454776148, -0.6418732646538347630, 0.000000000000000000 ) ) ;
#2012 = CARTESIAN_POINT ( 'NONE',  ( 6.624999999999895195, -11.47483660014370344, 2.299999999999999822 ) ) ;
#2013 = DIRECTION ( 'NONE',  ( 0.000000000000000000, 1.000000000000000000, 3.652049423109069602E-15 ) ) ;
#2014 = VERTEX_POINT ( 'NONE', #26 ) ;
#2015 = ORIENTED_EDGE ( 'NONE', *, *, #167, .F. ) ;
#2016 = CARTESIAN_POINT ( 'NONE',  ( 20.00000000000000000, -32.00000000000000000, -3.000000000000000000 ) ) ;
#2017 = EDGE_CURVE ( 'NONE', #909, #1880, #546, .T. ) ;
#2018 = DIRECTION ( 'NONE',  ( 1.000000000000000000, -3.460794964545171565E-16, 0.000000000000000000 ) ) ;
#2019 = DIRECTION ( 'NONE',  ( -0.000000000000000000, -0.000000000000000000, 1.000000000000000000 ) ) ;
#2020 = VERTEX_POINT ( 'NONE', #15 ) ;
#2021 = LINE ( 'NONE', #1848, #408 ) ;
#2022 = CARTESIAN_POINT ( 'NONE',  ( 21.95673594180063048, -52.00000000007320011, -47.85000000000003695 ) ) ;
#2023 = VECTOR ( 'NONE', #1795, 1000.000000000000000 ) ;
#2024 = AXIS2_PLACEMENT_3D ( 'NONE', #1340, #1162, #810 ) ;
#2025 = EDGE_LOOP ( 'NONE', ( #2234, #952 ) ) ;
#2026 = VERTEX_POINT ( 'NONE', #550 ) ;
#2027 = AXIS2_PLACEMENT_3D ( 'NONE', #2241, #2067, #1487 ) ;
#2028 = ADVANCED_FACE ( 'NONE', ( #913 ), #1461, .T. ) ;
#2029 = CARTESIAN_POINT ( 'NONE',  ( -6.625000000000182965, -11.47483660014792939, 2.299999999999999822 ) ) ;
#2030 = CARTESIAN_POINT ( 'NONE',  ( -4.000000000016856738, -52.99999999999999289, -24.79999999998381810 ) ) ;
#2031 = VERTEX_POINT ( 'NONE', #699 ) ;
#2032 = DIRECTION ( 'NONE',  ( -0.3428741871299858524, 0.9393813346027007904, 0.000000000000000000 ) ) ;
#2033 = DIRECTION ( 'NONE',  ( -1.414657268890346879E-16, 2.379049338482478526E-15, -1.000000000000000000 ) ) ;
#2034 = VECTOR ( 'NONE', #1864, 1000.000000000000000 ) ;
#2035 = ORIENTED_EDGE ( 'NONE', *, *, #419, .F. ) ;
#2036 = CARTESIAN_POINT ( 'NONE',  ( 34.00000000001760014, -32.00000000016641621, -43.60000000000000142 ) ) ;
#2037 = DIRECTION ( 'NONE',  ( -0.3431409490534300666, -0.9392839235730117142, 0.000000000000000000 ) ) ;
#2038 = EDGE_CURVE ( 'NONE', #1767, #1229, #1474, .T. ) ;
#2039 = DIRECTION ( 'NONE',  ( 1.000000000000000000, 0.000000000000000000, 0.000000000000000000 ) ) ;
#2040 = AXIS2_PLACEMENT_3D ( 'NONE', #2071, #114, #783 ) ;
#2041 = CYLINDRICAL_SURFACE ( 'NONE', #2304, 2.750000000016166624 ) ;
#2042 = ORIENTED_EDGE ( 'NONE', *, *, #1856, .T. ) ;
#2043 = EDGE_CURVE ( 'NONE', #1749, #1870, #1619, .T. ) ;
#2044 = CARTESIAN_POINT ( 'NONE',  ( -4.974999999999909939, 11.90784930203598968, -8.374011537024829366 ) ) ;
#2045 = FACE_OUTER_BOUND ( 'NONE', #10, .T. ) ;
#2046 = VERTEX_POINT ( 'NONE', #1434 ) ;
#2047 = CIRCLE ( 'NONE', #94, 1.899999999999999023 ) ;
#2048 = PLANE ( 'NONE',  #1902 ) ;
#2049 = LINE ( 'NONE', #957, #2096 ) ;
#2050 = CARTESIAN_POINT ( 'NONE',  ( -13.30570456204282870, -4.667951537024482178, 2.299999999999999822 ) ) ;
#2051 = LINE ( 'NONE', #247, #468 ) ;
#2052 = EDGE_CURVE ( 'NONE', #1031, #294, #582, .T. ) ;
#2053 = ORIENTED_EDGE ( 'NONE', *, *, #9, .F. ) ;
#2054 = CARTESIAN_POINT ( 'NONE',  ( -4.000000000016859403, -52.99999999999997868, -34.79999999998381810 ) ) ;
#2055 = CARTESIAN_POINT ( 'NONE',  ( 21.95673594180063048, -50.10000000007331522, -47.85000000000002984 ) ) ;
#2056 = ORIENTED_EDGE ( 'NONE', *, *, #1995, .T. ) ;
#2057 = AXIS2_PLACEMENT_3D ( 'NONE', #1726, #655, #1035 ) ;
#2058 = AXIS2_PLACEMENT_3D ( 'NONE', #1141, #1849, #985 ) ;
#2059 = DIRECTION ( 'NONE',  ( 4.881349231072857408E-16, -1.000000000000000000, -1.127630558920346665E-15 ) ) ;
#2060 = DIRECTION ( 'NONE',  ( 0.000000000000000000, 1.000000000000000000, 3.652049423108662549E-15 ) ) ;
#2061 = VECTOR ( 'NONE', #1859, 1000.000000000000000 ) ;
#2062 = AXIS2_PLACEMENT_3D ( 'NONE', #735, #420, #572 ) ;
#2063 = CARTESIAN_POINT ( 'NONE',  ( -20.00000000000000000, -2.449293598294706513E-15, -53.00000000000000711 ) ) ;
#2064 = AXIS2_PLACEMENT_3D ( 'NONE', #2164, #1438, #1974 ) ;
#2065 = CARTESIAN_POINT ( 'NONE',  ( 10.69541689572048959, -9.189102397467369343, 2.299999999999999822 ) ) ;
#2066 = ORIENTED_EDGE ( 'NONE', *, *, #2256, .F. ) ;
#2067 = DIRECTION ( 'NONE',  ( -0.000000000000000000, -0.000000000000000000, 1.000000000000000000 ) ) ;
#2068 = DIRECTION ( 'NONE',  ( -0.000000000000000000, -0.000000000000000000, 1.000000000000000000 ) ) ;
#2069 = EDGE_LOOP ( 'NONE', ( #280, #982, #308, #1318 ) ) ;
#2070 = CARTESIAN_POINT ( 'NONE',  ( -4.000000000016859403, -52.99999999999999289, -27.54999999999998295 ) ) ;
#2071 = CARTESIAN_POINT ( 'NONE',  ( 0.000000000000000000, 0.000000000000000000, -2.999999999999999112 ) ) ;
#2072 = AXIS2_PLACEMENT_3D ( 'NONE', #836, #305, #1198 ) ;
#2073 = CARTESIAN_POINT ( 'NONE',  ( -11.60474041071085516, 6.699999999999613820, 2.299999999999999822 ) ) ;
#2074 = VECTOR ( 'NONE', #1569, 1000.000000000000000 ) ;
#2075 = EDGE_CURVE ( 'NONE', #1792, #994, #1279, .T. ) ;
#2076 = ORIENTED_EDGE ( 'NONE', *, *, #1666, .T. ) ;
#2077 = AXIS2_PLACEMENT_3D ( 'NONE', #1222, #867, #1576 ) ;
#2078 = CARTESIAN_POINT ( 'NONE',  ( 21.95673594180063048, -52.00000000007320011, -47.85000000000003695 ) ) ;
#2079 = CYLINDRICAL_SURFACE ( 'NONE', #1948, 3.550000000000209432 ) ;
#2080 = EDGE_LOOP ( 'NONE', ( #315, #23, #1114, #1148 ) ) ;
#2081 = ADVANCED_FACE ( 'NONE', ( #2161 ), #1266, .F. ) ;
#2082 = FACE_BOUND ( 'NONE', #1911, .T. ) ;
#2083 = CARTESIAN_POINT ( 'NONE',  ( -7.729159201799991052, -3.485303408726214691E-13, 0.000000000000000000 ) ) ;
#2084 = AXIS2_PLACEMENT_3D ( 'NONE', #2172, #1290, #187 ) ;
#2085 = ORIENTED_EDGE ( 'NONE', *, *, #653, .T. ) ;
#2086 = CARTESIAN_POINT ( 'NONE',  ( 39.99999999998313172, -27.00000000000001066, -45.59999999999996589 ) ) ;
#2087 = EDGE_CURVE ( 'NONE', #1497, #1979, #888, .T. ) ;
#2088 = CIRCLE ( 'NONE', #584, 1.899999999999999689 ) ;
#2089 = EDGE_LOOP ( 'NONE', ( #1291, #1446, #2126, #919, #1307, #1475, #1601, #944, #753, #412, #967, #47, #1069, #1396, #1564, #428, #811, #790, #1416, #303 ) ) ;
#2090 = DIRECTION ( 'NONE',  ( 0.1724731828275600787, -0.9850142137072596116, 0.000000000000000000 ) ) ;
#2091 = LINE ( 'NONE', #282, #1157 ) ;
#2092 = ORIENTED_EDGE ( 'NONE', *, *, #1871, .F. ) ;
#2093 = CARTESIAN_POINT ( 'NONE',  ( 40.04999999998309335, -61.99999999999997868, -42.59999999999998721 ) ) ;
#2094 = CARTESIAN_POINT ( 'NONE',  ( -4.000000000016854962, -61.99999999999997868, -37.54999999999999005 ) ) ;
#2095 = CARTESIAN_POINT ( 'NONE',  ( 3.864579600900049261, 6.693648218653777349, 0.000000000000000000 ) ) ;
#2096 = VECTOR ( 'NONE', #1698, 1000.000000000000114 ) ;
#2097 = EDGE_CURVE ( 'NONE', #543, #1338, #2160, .T. ) ;
#2098 = ORIENTED_EDGE ( 'NONE', *, *, #1766, .F. ) ;
#2099 = CYLINDRICAL_SURFACE ( 'NONE', #992, 2.649999999999999467 ) ;
#2100 = ORIENTED_EDGE ( 'NONE', *, *, #2075, .F. ) ;
#2101 = DIRECTION ( 'NONE',  ( -1.414657268890346879E-16, 2.379049338482478526E-15, -1.000000000000000000 ) ) ;
#2102 = VERTEX_POINT ( 'NONE', #1958 ) ;
#2103 = DIRECTION ( 'NONE',  ( -1.000000000000000000, 0.000000000000000000, -0.000000000000000000 ) ) ;
#2104 = LINE ( 'NONE', #2095, #1502 ) ;
#2105 = EDGE_LOOP ( 'NONE', ( #2320, #975 ) ) ;
#2106 = FACE_BOUND ( 'NONE', #977, .T. ) ;
#2107 = EDGE_CURVE ( 'NONE', #1285, #2020, #573, .T. ) ;
#2108 = DIRECTION ( 'NONE',  ( 0.9392839235730117142, -0.3431409490534300666, 0.000000000000000000 ) ) ;
#2109 = EDGE_LOOP ( 'NONE', ( #701, #300, #1634, #921 ) ) ;
#2110 = LINE ( 'NONE', #1206, #815 ) ;
#2111 = EDGE_CURVE ( 'NONE', #1914, #63, #2047, .T. ) ;
#2112 = ORIENTED_EDGE ( 'NONE', *, *, #476, .T. ) ;
#2113 = CARTESIAN_POINT ( 'NONE',  ( 8.774999999998321698, 11.90784930203709280, 2.299999999999999822 ) ) ;
#2114 = FACE_OUTER_BOUND ( 'NONE', #758, .T. ) ;
#2115 = EDGE_LOOP ( 'NONE', ( #609, #1705, #1949, #2092 ) ) ;
#2116 = EDGE_LOOP ( 'NONE', ( #537, #2162, #1388, #654 ) ) ;
#2117 = CYLINDRICAL_SURFACE ( 'NONE', #1709, 1.899999999999894884 ) ;
#2118 = VECTOR ( 'NONE', #924, 1000.000000000000000 ) ;
#2119 = AXIS2_PLACEMENT_3D ( 'NONE', #1193, #454, #2295 ) ;
#2120 = ORIENTED_EDGE ( 'NONE', *, *, #2107, .F. ) ;
#2121 = CARTESIAN_POINT ( 'NONE',  ( 3.864579600901408174, -6.693648218652620940, 2.299999999999999822 ) ) ;
#2122 = EDGE_CURVE ( 'NONE', #325, #1959, #1969, .T. ) ;
#2123 = EDGE_LOOP ( 'NONE', ( #1990, #236, #706, #933 ) ) ;
#2124 = LINE ( 'NONE', #1586, #638 ) ;
#2125 = CARTESIAN_POINT ( 'NONE',  ( 34.00000000001760014, -32.00000000016640911, -47.84999999999999432 ) ) ;
#2126 = ORIENTED_EDGE ( 'NONE', *, *, #1160, .T. ) ;
#2127 = DIRECTION ( 'NONE',  ( -0.1724731828275083145, -0.9850142137072687154, 0.000000000000000000 ) ) ;
#2128 = CIRCLE ( 'NONE', #1119, 1.899999999999098632 ) ;
#2129 = VECTOR ( 'NONE', #1187, 1000.000000000000000 ) ;
#2130 = CARTESIAN_POINT ( 'NONE',  ( 6.624999999999895195, -11.47483660014370344, -3.000000000000000000 ) ) ;
#2131 = VECTOR ( 'NONE', #904, 1000.000000000000227 ) ;
#2132 = ORIENTED_EDGE ( 'NONE', *, *, #1491, .F. ) ;
#2133 = AXIS2_PLACEMENT_3D ( 'NONE', #400, #1115, #1244 ) ;
#2134 = DIRECTION ( 'NONE',  ( -1.000000000000000000, 1.636531581110195607E-15, 0.000000000000000000 ) ) ;
#2135 = ORIENTED_EDGE ( 'NONE', *, *, #1629, .F. ) ;
#2136 = EDGE_CURVE ( 'NONE', #2190, #1200, #423, .T. ) ;
#2137 = DIRECTION ( 'NONE',  ( -0.000000000000000000, -0.000000000000000000, 1.000000000000000000 ) ) ;
#2138 = CARTESIAN_POINT ( 'NONE',  ( 8.525000000002393108, -11.47483660014370344, -8.374011537024829366 ) ) ;
#2139 = DIRECTION ( 'NONE',  ( -0.9850142137072597226, -0.1724731828275601064, 0.000000000000000000 ) ) ;
#2140 = ORIENTED_EDGE ( 'NONE', *, *, #188, .T. ) ;
#2141 = ORIENTED_EDGE ( 'NONE', *, *, #1071, .T. ) ;
#2142 = CARTESIAN_POINT ( 'NONE',  ( 8.696166260317573560, -28.45000000015775043, -47.84999999999998010 ) ) ;
#2143 = EDGE_CURVE ( 'NONE', #994, #2020, #133, .T. ) ;
#2144 = FACE_OUTER_BOUND ( 'NONE', #250, .T. ) ;
#2145 = AXIS2_PLACEMENT_3D ( 'NONE', #959, #1276, #34 ) ;
#2146 = ORIENTED_EDGE ( 'NONE', *, *, #106, .F. ) ;
#2147 = AXIS2_PLACEMENT_3D ( 'NONE', #934, #1469, #1321 ) ;
#2148 = CARTESIAN_POINT ( 'NONE',  ( 34.00000000001760014, -28.45000000016619168, -47.84999999999998721 ) ) ;
#2149 = VERTEX_POINT ( 'NONE', #81 ) ;
#2150 = CARTESIAN_POINT ( 'NONE',  ( -9.049999999999998934, -26.99999999999997158, -48.59999999999998010 ) ) ;
#2151 = CARTESIAN_POINT ( 'NONE',  ( -4.000000000016856738, -52.99999999999997868, -34.79999999998381810 ) ) ;
#2152 = CARTESIAN_POINT ( 'NONE',  ( -4.000000000016859403, -52.99999999999999289, -30.30000000001615135 ) ) ;
#2153 = ORIENTED_EDGE ( 'NONE', *, *, #1292, .F. ) ;
#2154 = ORIENTED_EDGE ( 'NONE', *, *, #1001, .T. ) ;
#2155 = DIRECTION ( 'NONE',  ( -0.000000000000000000, -0.000000000000000000, 1.000000000000000000 ) ) ;
#2156 = ADVANCED_FACE ( 'NONE', ( #1671 ), #235, .F. ) ;
#2157 = EDGE_CURVE ( 'NONE', #2203, #543, #2207, .T. ) ;
#2158 = DIRECTION ( 'NONE',  ( 0.000000000000000000, 1.000000000000000000, 1.954618001100659522E-15 ) ) ;
#2159 = ORIENTED_EDGE ( 'NONE', *, *, #1220, .F. ) ;
#2160 = CIRCLE ( 'NONE', #395, 2.649999999999997691 ) ;
#2161 = FACE_OUTER_BOUND ( 'NONE', #173, .T. ) ;
#2162 = ORIENTED_EDGE ( 'NONE', *, *, #976, .T. ) ;
#2163 = CARTESIAN_POINT ( 'NONE',  ( -13.30570456204346286, 4.667951537024054076, -42.93251095273883777 ) ) ;
#2164 = CARTESIAN_POINT ( 'NONE',  ( -4.000000000016854962, -61.99999999999997868, -37.54999999999999005 ) ) ;
#2165 = DIRECTION ( 'NONE',  ( 0.000000000000000000, 1.000000000000000000, 1.954618001100629151E-15 ) ) ;
#2166 = ORIENTED_EDGE ( 'NONE', *, *, #1608, .T. ) ;
#2167 = ORIENTED_EDGE ( 'NONE', *, *, #1952, .F. ) ;
#2168 = FACE_OUTER_BOUND ( 'NONE', #2116, .T. ) ;
#2169 = ADVANCED_FACE ( 'NONE', ( #433 ), #775, .F. ) ;
#2170 = CARTESIAN_POINT ( 'NONE',  ( 14.25474041071213627, -6.699999999998910383, -42.93251095273883777 ) ) ;
#2171 = ORIENTED_EDGE ( 'NONE', *, *, #1983, .F. ) ;
#2172 = CARTESIAN_POINT ( 'NONE',  ( 11.60474041071213591, -6.699999999998910383, 2.299999999999999822 ) ) ;
#2173 = VERTEX_POINT ( 'NONE', #1326 ) ;
#2174 = CIRCLE ( 'NONE', #527, 1.900000000002498579 ) ;
#2175 = DIRECTION ( 'NONE',  ( 0.000000000000000000, 0.000000000000000000, 1.000000000000000000 ) ) ;
#2176 = CARTESIAN_POINT ( 'NONE',  ( 34.00000000001760014, -32.00000000016640200, -47.84999999999999432 ) ) ;
#2177 = DIRECTION ( 'NONE',  ( -0.000000000000000000, -0.000000000000000000, 1.000000000000000000 ) ) ;
#2178 = EDGE_LOOP ( 'NONE', ( #1527, #955, #513, #1303 ) ) ;
#2179 = EDGE_CURVE ( 'NONE', #1441, #2180, #2196, .T. ) ;
#2180 = VERTEX_POINT ( 'NONE', #2030 ) ;
#2181 = DIRECTION ( 'NONE',  ( -0.000000000000000000, -0.000000000000000000, 1.000000000000000000 ) ) ;
#2182 = LINE ( 'NONE', #2170, #717 ) ;
#2183 = ADVANCED_FACE ( 'NONE', ( #2195 ), #2041, .F. ) ;
#2184 = DIRECTION ( 'NONE',  ( 0.1724731828275075929, 0.9850142137072688264, 0.000000000000000000 ) ) ;
#2185 = EDGE_LOOP ( 'NONE', ( #1128, #1626, #1260, #1435 ) ) ;
#2186 = CARTESIAN_POINT ( 'NONE',  ( 34.00000000001760014, -33.90000000016662796, -43.60000000000000853 ) ) ;
#2187 = CARTESIAN_POINT ( 'NONE',  ( -4.000000000016859403, -52.99999999999999289, -24.79999999998381810 ) ) ;
#2188 = EDGE_CURVE ( 'NONE', #1468, #742, #2051, .T. ) ;
#2189 = LINE ( 'NONE', #929, #991 ) ;
#2190 = VERTEX_POINT ( 'NONE', #1876 ) ;
#2191 = VECTOR ( 'NONE', #1335, 1000.000000000000000 ) ;
#2192 = VERTEX_POINT ( 'NONE', #960 ) ;
#2193 = CARTESIAN_POINT ( 'NONE',  ( 10.69541689571983589, 9.189102397469193662, -42.93251095273883777 ) ) ;
#2194 = DIRECTION ( 'NONE',  ( 4.881349231072857408E-16, -1.000000000000000000, -1.127630558920346665E-15 ) ) ;
#2195 = FACE_OUTER_BOUND ( 'NONE', #729, .T. ) ;
#2196 = CIRCLE ( 'NONE', #2269, 2.750000000016166624 ) ;
#2197 = ORIENTED_EDGE ( 'NONE', *, *, #2157, .F. ) ;
#2198 = CIRCLE ( 'NONE', #664, 3.549999999999997602 ) ;
#2199 = AXIS2_PLACEMENT_3D ( 'NONE', #279, #1372, #1047 ) ;
#2200 = EDGE_CURVE ( 'NONE', #2297, #416, #1682, .T. ) ;
#2201 = LINE ( 'NONE', #589, #2061 ) ;
#2202 = PLANE ( 'NONE',  #2245 ) ;
#2203 = VERTEX_POINT ( 'NONE', #1518 ) ;
#2204 = ORIENTED_EDGE ( 'NONE', *, *, #1074, .T. ) ;
#2205 = PRESENTATION_STYLE_ASSIGNMENT (( #58 ) ) ;
#2206 = DIRECTION ( 'NONE',  ( 1.000000000000000000, 0.000000000000000000, 0.000000000000000000 ) ) ;
#2207 = LINE ( 'NONE', #786, #1449 ) ;
#2208 = VERTEX_POINT ( 'NONE', #60 ) ;
#2209 = VECTOR ( 'NONE', #1752, 1000.000000000000000 ) ;
#2210 = DIRECTION ( 'NONE',  ( 0.000000000000000000, 1.000000000000000000, 1.954618001100629151E-15 ) ) ;
#2211 = DIRECTION ( 'NONE',  ( -1.414657268890346879E-16, 2.379049338482478526E-15, -1.000000000000000000 ) ) ;
#2212 = AXIS2_PLACEMENT_3D ( 'NONE', #2094, #124, #1242 ) ;
#2213 = VERTEX_POINT ( 'NONE', #268 ) ;
#2214 = ORIENTED_EDGE ( 'NONE', *, *, #873, .F. ) ;
#2215 = DIRECTION ( 'NONE',  ( -0.000000000000000000, -0.000000000000000000, 1.000000000000000000 ) ) ;
#2216 = CARTESIAN_POINT ( 'NONE',  ( 40.00000000000002842, -27.00000000000000355, -48.59999999999998010 ) ) ;
#2217 = EDGE_CURVE ( 'NONE', #1732, #555, #258, .T. ) ;
#2218 = DIRECTION ( 'NONE',  ( -1.414657268890346879E-16, 2.379049338482478526E-15, -1.000000000000000000 ) ) ;
#2219 = VERTEX_POINT ( 'NONE', #2229 ) ;
#2220 = DIRECTION ( 'NONE',  ( 1.000000000000000000, 0.000000000000000000, 0.000000000000000000 ) ) ;
#2221 = CARTESIAN_POINT ( 'NONE',  ( -10.69541689571855159, -9.189102397468486672, 2.299999999999999822 ) ) ;
#2222 = AXIS2_PLACEMENT_3D ( 'NONE', #935, #1483, #234 ) ;
#2223 = ORIENTED_EDGE ( 'NONE', *, *, #1135, .T. ) ;
#2224 = CARTESIAN_POINT ( 'NONE',  ( 39.99999999998313172, -30.00000000000000355, -42.59999999999997300 ) ) ;
#2225 = ADVANCED_FACE ( 'NONE', ( #1692 ), #1346, .F. ) ;
#2226 = FACE_OUTER_BOUND ( 'NONE', #1118, .T. ) ;
#2227 = AXIS2_PLACEMENT_3D ( 'NONE', #1504, #1356, #2258 ) ;
#2228 = EDGE_CURVE ( 'NONE', #416, #1993, #1560, .T. ) ;
#2229 = CARTESIAN_POINT ( 'NONE',  ( -2.610287666322975486, -13.85705393449220679, 0.000000000000000000 ) ) ;
#2230 = VERTEX_POINT ( 'NONE', #981 ) ;
#2231 = CARTESIAN_POINT ( 'NONE',  ( -7.729159201799991052, -3.487788996449901010E-13, 0.000000000000000000 ) ) ;
#2232 = CARTESIAN_POINT ( 'NONE',  ( -4.000000000016856738, -61.99999999999997868, -34.79999999998382521 ) ) ;
#2233 = VECTOR ( 'NONE', #1559, 1000.000000000000000 ) ;
#2234 = ORIENTED_EDGE ( 'NONE', *, *, #1567, .F. ) ;
#2235 = FACE_OUTER_BOUND ( 'NONE', #1267, .T. ) ;
#2236 = CARTESIAN_POINT ( 'NONE',  ( -0.05000000000000076605, -102.2120628667399842, -42.59999999999999432 ) ) ;
#2237 = CARTESIAN_POINT ( 'NONE',  ( 10.69541689571983767, 9.189102397469193662, -42.93251095273883777 ) ) ;
#2238 = EDGE_CURVE ( 'NONE', #2173, #2001, #90, .T. ) ;
#2239 = CARTESIAN_POINT ( 'NONE',  ( 13.30570456204474183, -4.667951537023347086, -42.93251095273883777 ) ) ;
#2240 = ORIENTED_EDGE ( 'NONE', *, *, #188, .F. ) ;
#2241 = CARTESIAN_POINT ( 'NONE',  ( 6.874999999998321343, 11.90784930203709280, -3.000000000000000000 ) ) ;
#2242 = DIRECTION ( 'NONE',  ( 0.1724731828275600787, -0.9850142137072596116, 0.000000000000000000 ) ) ;
#2243 = VERTEX_POINT ( 'NONE', #2065 ) ;
#2244 = AXIS2_PLACEMENT_3D ( 'NONE', #2274, #1583, #1924 ) ;
#2245 = AXIS2_PLACEMENT_3D ( 'NONE', #84, #2033, #446 ) ;
#2246 = CARTESIAN_POINT ( 'NONE',  ( 7.729159201800657186, 1.055159106790048984E-12, 0.000000000000000000 ) ) ;
#2247 = CARTESIAN_POINT ( 'NONE',  ( -7.729159201799991052, -3.485303408726214691E-13, -42.93251095273883777 ) ) ;
#2248 = VECTOR ( 'NONE', #354, 1000.000000000000000 ) ;
#2249 = LINE ( 'NONE', #89, #1668 ) ;
#2250 = ADVANCED_FACE ( 'NONE', ( #1113 ), #1830, .F. ) ;
#2251 = ORIENTED_EDGE ( 'NONE', *, *, #1791, .F. ) ;
#2252 = AXIS2_PLACEMENT_3D ( 'NONE', #172, #720, #559 ) ;
#2253 = DIRECTION ( 'NONE',  ( -1.414657268890346879E-16, 2.379049338482478526E-15, -1.000000000000000000 ) ) ;
#2254 = DIRECTION ( 'NONE',  ( -1.414657268890346879E-16, 2.379049338482478526E-15, -1.000000000000000000 ) ) ;
#2255 = EDGE_LOOP ( 'NONE', ( #782, #870, #1280, #269 ) ) ;
#2256 = EDGE_CURVE ( 'NONE', #1979, #2243, #411, .T. ) ;
#2257 = FACE_BOUND ( 'NONE', #877, .T. ) ;
#2258 = DIRECTION ( 'NONE',  ( -1.000000000000000000, 0.000000000000000000, 0.000000000000000000 ) ) ;
#2259 = CARTESIAN_POINT ( 'NONE',  ( -4.000000000016854962, -61.99999999999999289, -27.54999999999999361 ) ) ;
#2260 = VECTOR ( 'NONE', #2127, 1000.000000000000000 ) ;
#2261 = VERTEX_POINT ( 'NONE', #641 ) ;
#2262 = CARTESIAN_POINT ( 'NONE',  ( -9.050000000000006040, -62.00000000000001421, -19.52499999999995595 ) ) ;
#2263 = FACE_OUTER_BOUND ( 'NONE', #675, .T. ) ;
#2264 = ORIENTED_EDGE ( 'NONE', *, *, #2087, .F. ) ;
#2265 = EDGE_CURVE ( 'NONE', #853, #374, #878, .T. ) ;
#2266 = FACE_BOUND ( 'NONE', #216, .T. ) ;
#2267 = DIRECTION ( 'NONE',  ( 0.000000000000000000, 0.000000000000000000, -1.000000000000000000 ) ) ;
#2268 = DIRECTION ( 'NONE',  ( -0.000000000000000000, -0.000000000000000000, 1.000000000000000000 ) ) ;
#2269 = AXIS2_PLACEMENT_3D ( 'NONE', #443, #1302, #1314 ) ;
#2270 = VERTEX_POINT ( 'NONE', #149 ) ;
#2271 = DIRECTION ( 'NONE',  ( -1.000000000000000000, 0.000000000000000000, 0.000000000000000000 ) ) ;
#2272 = DIRECTION ( 'NONE',  ( -0.000000000000000000, -0.000000000000000000, 1.000000000000000000 ) ) ;
#2273 = EDGE_LOOP ( 'NONE', ( #1794, #1706, #182, #1620, #1663, #341, #1225, #587 ) ) ;
#2274 = CARTESIAN_POINT ( 'NONE',  ( 21.95673594180063048, -52.00000000007320722, -47.85000000000003695 ) ) ;
#2275 = ORIENTED_EDGE ( 'NONE', *, *, #747, .F. ) ;
#2276 = DIRECTION ( 'NONE',  ( 0.000000000000000000, -0.000000000000000000, 1.000000000000000000 ) ) ;
#2277 = CARTESIAN_POINT ( 'NONE',  ( -4.000000000016854962, -61.99999999999999289, -27.54999999999999361 ) ) ;
#2278 = DIRECTION ( 'NONE',  ( -0.000000000000000000, -0.000000000000000000, 1.000000000000000000 ) ) ;
#2279 = EDGE_CURVE ( 'NONE', #2102, #1229, #1537, .T. ) ;
#2280 = ORIENTED_EDGE ( 'NONE', *, *, #1812, .T. ) ;
#2281 = DIRECTION ( 'NONE',  ( 1.000000000000000000, 0.000000000000000000, 0.000000000000000000 ) ) ;
#2282 = ADVANCED_FACE ( 'NONE', ( #1395 ), #1548, .F. ) ;
#2283 =( NAMED_UNIT ( * ) PLANE_ANGLE_UNIT ( ) SI_UNIT ( $, .RADIAN. ) );
#2284 = AXIS2_PLACEMENT_3D ( 'NONE', #18, #1962, #165 ) ;
#2285 = ORIENTED_EDGE ( 'NONE', *, *, #1856, .F. ) ;
#2286 = DIRECTION ( 'NONE',  ( -2.168404344971006896E-16, -1.000000000000000000, 0.000000000000000000 ) ) ;
#2287 = APPLICATION_CONTEXT ( 'automotive_design' ) ;
#2288 = EDGE_LOOP ( 'NONE', ( #135, #82, #1984, #1632 ) ) ;
#2289 = DIRECTION ( 'NONE',  ( -1.000000000000000000, 0.000000000000000000, 0.000000000000000000 ) ) ;
#2290 = DIRECTION ( 'NONE',  ( 1.000000000000000000, 0.000000000000000000, 0.000000000000000000 ) ) ;
#2291 = ORIENTED_EDGE ( 'NONE', *, *, #979, .T. ) ;
#2292 = ORIENTED_EDGE ( 'NONE', *, *, #1550, .F. ) ;
#2293 = DIRECTION ( 'NONE',  ( -0.000000000000000000, -0.000000000000000000, -1.000000000000000000 ) ) ;
#2294 = EDGE_CURVE ( 'NONE', #1212, #744, #852, .T. ) ;
#2295 = DIRECTION ( 'NONE',  ( 0.000000000000000000, 1.000000000000000000, 3.652049423108662549E-15 ) ) ;
#2296 = VECTOR ( 'NONE', #615, 1000.000000000000000 ) ;
#2297 = VERTEX_POINT ( 'NONE', #310 ) ;
#2298 = CYLINDRICAL_SURFACE ( 'NONE', #627, 3.549999999999942091 ) ;
#2299 = ORIENTED_EDGE ( 'NONE', *, *, #2111, .T. ) ;
#2300 = DIRECTION ( 'NONE',  ( 0.7668107407454776148, -0.6418732646538348741, 0.000000000000000000 ) ) ;
#2301 = DIRECTION ( 'NONE',  ( -0.7668107407454598512, -0.6418732646538558573, 0.000000000000000000 ) ) ;
#2302 = ORIENTED_EDGE ( 'NONE', *, *, #685, .F. ) ;
#2303 = CARTESIAN_POINT ( 'NONE',  ( 2.610287666324261568, 13.85705393449289957, 0.000000000000000000 ) ) ;
#2304 = AXIS2_PLACEMENT_3D ( 'NONE', #1857, #1146, #950 ) ;
#2305 = AXIS2_PLACEMENT_3D ( 'NONE', #1295, #30, #1093 ) ;
#2306 = VECTOR ( 'NONE', #1444, 1000.000000000000000 ) ;
#2307 = DIRECTION ( 'NONE',  ( 0.000000000000000000, 0.000000000000000000, 1.000000000000000000 ) ) ;
#2308 = EDGE_CURVE ( 'NONE', #1173, #1683, #320, .T. ) ;
#2309 = ORIENTED_EDGE ( 'NONE', *, *, #1939, .F. ) ;
#2310 = DIRECTION ( 'NONE',  ( -0.000000000000000000, -0.000000000000000000, 1.000000000000000000 ) ) ;
#2311 = ORIENTED_EDGE ( 'NONE', *, *, #795, .T. ) ;
#2312 = CARTESIAN_POINT ( 'NONE',  ( 39.99999999998313172, -61.99999999999999289, -19.52499999999995595 ) ) ;
#2313 = EDGE_CURVE ( 'NONE', #2192, #393, #498, .T. ) ;
#2314 = LINE ( 'NONE', #1917, #1079 ) ;
#2315 = ORIENTED_EDGE ( 'NONE', *, *, #920, .F. ) ;
#2316 = DIRECTION ( 'NONE',  ( 0.000000000000000000, 1.000000000000000000, 3.652049423109069602E-15 ) ) ;
#2317 = AXIS2_PLACEMENT_3D ( 'NONE', #297, #849, #1743 ) ;
#2318 = AXIS2_PLACEMENT_3D ( 'NONE', #1623, #1833, #202 ) ;
#2319 = DIRECTION ( 'NONE',  ( 0.000000000000000000, 1.000000000000000000, 3.652049423109269972E-15 ) ) ;
#2320 = ORIENTED_EDGE ( 'NONE', *, *, #1910, .T. ) ;
ENDSEC;
END-ISO-10303-21;
