ISO-10303-21;
HEADER;
FILE_DESCRIPTION (( 'STEP AP214' ),
    '1' );
FILE_NAME ('010_011_Spin_servo_mount_2.STEP',
    '2024-07-21T08:35:56',
    ( '' ),
    ( '' ),
    'SwSTEP 2.0',
    'SolidWorks 2019',
    '' );
FILE_SCHEMA (( 'AUTOMOTIVE_DESIGN' ));
ENDSEC;

DATA;
#1 = ORIENTED_EDGE ( 'NONE', *, *, #715, .F. ) ;
#2 = CIRCLE ( 'NONE', #383, 5.000000000000000000 ) ;
#3 = EDGE_CURVE ( 'NONE', #1074, #1509, #1240, .T. ) ;
#4 = CARTESIAN_POINT ( 'NONE',  ( 3.864579600900044820, 6.693648218653851067, -74.26748904726093770 ) ) ;
#5 = ORIENTED_EDGE ( 'NONE', *, *, #1687, .T. ) ;
#6 = AXIS2_PLACEMENT_3D ( 'NONE', #597, #1704, #955 ) ;
#7 = DIRECTION ( 'NONE',  ( -4.881349231072853463E-16, 1.000000000000000000, 3.630468118044610585E-15 ) ) ;
#8 = CARTESIAN_POINT ( 'NONE',  ( 8.774999999998565059, 11.90784930203663095, -108.8259884629744789 ) ) ;
#9 = DIRECTION ( 'NONE',  ( -0.6418732646538347630, -0.7668107407454777258, -3.466955035113791551E-15 ) ) ;
#10 = LINE ( 'NONE', #738, #1408 ) ;
#11 = CARTESIAN_POINT ( 'NONE',  ( 6.625000000002102318, -11.47483660014212958, -119.4999999999998437 ) ) ;
#12 = VERTEX_POINT ( 'NONE', #1995 ) ;
#13 = VECTOR ( 'NONE', #1249, 1000.000000000000000 ) ;
#14 = EDGE_LOOP ( 'NONE', ( #680, #119, #845, #1335 ) ) ;
#15 = LINE ( 'NONE', #374, #338 ) ;
#16 = CYLINDRICAL_SURFACE ( 'NONE', #1792, 3.549999999999921219 ) ;
#17 = CARTESIAN_POINT ( 'NONE',  ( -3.864579600899079370, -6.693648218653305726, -119.4999999999998153 ) ) ;
#18 = EDGE_CURVE ( 'NONE', #1074, #12, #1787, .T. ) ;
#19 = AXIS2_PLACEMENT_3D ( 'NONE', #1363, #1401, #853 ) ;
#20 = DIRECTION ( 'NONE',  ( 2.829314537780693759E-16, -4.758098676964957053E-15, 1.000000000000000000 ) ) ;
#21 = DIRECTION ( 'NONE',  ( 0.000000000000000000, 1.000000000000000000, 5.236901059552626099E-15 ) ) ;
#22 = ORIENTED_EDGE ( 'NONE', *, *, #2012, .T. ) ;
#23 = EDGE_CURVE ( 'NONE', #1224, #1664, #517, .T. ) ;
#24 = ORIENTED_EDGE ( 'NONE', *, *, #143, .F. ) ;
#25 = DIRECTION ( 'NONE',  ( 3.154042683597136586E-16, -2.523234146877709268E-15, 1.000000000000000000 ) ) ;
#26 = CARTESIAN_POINT ( 'NONE',  ( 10.69541689572051091, -9.189102397467102890, -117.1999999999998465 ) ) ;
#27 = CARTESIAN_POINT ( 'NONE',  ( 19.99999999999998224, 2.669995800375458140E-13, -114.1999999999997897 ) ) ;
#28 = EDGE_CURVE ( 'NONE', #828, #1218, #1783, .T. ) ;
#29 = EDGE_CURVE ( 'NONE', #831, #47, #1452, .T. ) ;
#30 = DIRECTION ( 'NONE',  ( 0.000000000000000000, 1.000000000000000000, 3.909236002201345865E-15 ) ) ;
#31 = PRESENTATION_STYLE_ASSIGNMENT (( #625 ) ) ;
#32 = AXIS2_PLACEMENT_3D ( 'NONE', #1771, #858, #2070 ) ;
#33 = VECTOR ( 'NONE', #1807, 1000.000000000000000 ) ;
#34 = CARTESIAN_POINT ( 'NONE',  ( -8.525000000001343281, -11.47483660014698970, -114.1999999999998465 ) ) ;
#35 = EDGE_LOOP ( 'NONE', ( #2140, #145, #538, #1059 ) ) ;
#36 = AXIS2_PLACEMENT_3D ( 'NONE', #11, #559, #1093 ) ;
#37 = VECTOR ( 'NONE', #1497, 1000.000000000000227 ) ;
#38 = ORIENTED_EDGE ( 'NONE', *, *, #695, .F. ) ;
#39 = AXIS2_PLACEMENT_3D ( 'NONE', #2132, #697, #1463 ) ;
#40 = CARTESIAN_POINT ( 'NONE',  ( -4.000000000001072920, -52.99999999999993605, -79.65000000001229807 ) ) ;
#41 = LINE ( 'NONE', #213, #2290 ) ;
#42 = LINE ( 'NONE', #2053, #1451 ) ;
#43 = DIRECTION ( 'NONE',  ( 1.414657268890346879E-16, -2.379049338482478526E-15, 1.000000000000000000 ) ) ;
#44 = CARTESIAN_POINT ( 'NONE',  ( 40.00000000000002132, -29.99999999999982947, -94.67499999999995453 ) ) ;
#45 = ORIENTED_EDGE ( 'NONE', *, *, #1932, .T. ) ;
#46 = AXIS2_PLACEMENT_3D ( 'NONE', #2054, #43, #969 ) ;
#47 = VERTEX_POINT ( 'NONE', #1041 ) ;
#48 = AXIS2_PLACEMENT_3D ( 'NONE', #420, #235, #755 ) ;
#49 = DIRECTION ( 'NONE',  ( -2.829314537780693759E-16, 4.758098676964957053E-15, -1.000000000000000000 ) ) ;
#50 = CARTESIAN_POINT ( 'NONE',  ( -11.60474041071086049, 6.699999999999687539, -74.26748904726090927 ) ) ;
#51 = DIRECTION ( 'NONE',  ( -1.000000000000000000, -1.131725815112288350E-15, -8.283039504820623957E-30 ) ) ;
#52 = CARTESIAN_POINT ( 'NONE',  ( -4.000000000001072920, -52.99999999999993605, -79.65000000001229807 ) ) ;
#53 = ORIENTED_EDGE ( 'NONE', *, *, #594, .F. ) ;
#54 = EDGE_CURVE ( 'NONE', #1152, #868, #1667, .T. ) ;
#55 = ADVANCED_FACE ( 'NONE', ( #685 ), #2171, .T. ) ;
#56 = ORIENTED_EDGE ( 'NONE', *, *, #174, .T. ) ;
#57 = CARTESIAN_POINT ( 'NONE',  ( -7.729159201799995493, -2.728495809231894967E-13, -74.26748904726096612 ) ) ;
#58 = DIRECTION ( 'NONE',  ( 1.982541115402060919E-16, 1.000000000000000000, 2.577303450022690461E-15 ) ) ;
#59 = CARTESIAN_POINT ( 'NONE',  ( -1.657978319139485755E-14, -31.99999999999972289, -117.1999999999999460 ) ) ;
#60 = DIRECTION ( 'NONE',  ( 1.414657268890346879E-16, -2.379049338482478526E-15, 1.000000000000000000 ) ) ;
#61 = FILL_AREA_STYLE_COLOUR ( '', #1683 ) ;
#62 = LINE ( 'NONE', #2066, #2200 ) ;
#63 = ORIENTED_EDGE ( 'NONE', *, *, #2009, .T. ) ;
#64 = ADVANCED_FACE ( 'NONE', ( #888 ), #1438, .F. ) ;
#65 = EDGE_CURVE ( 'NONE', #113, #572, #1256, .T. ) ;
#66 = ORIENTED_EDGE ( 'NONE', *, *, #102, .T. ) ;
#67 = EDGE_CURVE ( 'NONE', #2085, #113, #2197, .T. ) ;
#68 = CIRCLE ( 'NONE', #412, 3.549999999999917666 ) ;
#69 = VECTOR ( 'NONE', #2164, 1000.000000000000000 ) ;
#70 = DIRECTION ( 'NONE',  ( 0.000000000000000000, 1.000000000000000000, 2.379049338482478526E-15 ) ) ;
#71 = VECTOR ( 'NONE', #1028, 1000.000000000000000 ) ;
#72 = CARTESIAN_POINT ( 'NONE',  ( -4.000000000001072920, -52.99999999999993605, -79.65000000001229807 ) ) ;
#73 = CARTESIAN_POINT ( 'NONE',  ( 8.696166260317390595, -32.00000000015609913, -73.59999999999996589 ) ) ;
#74 = AXIS2_PLACEMENT_3D ( 'NONE', #150, #880, #1455 ) ;
#75 = VERTEX_POINT ( 'NONE', #1288 ) ;
#76 = CARTESIAN_POINT ( 'NONE',  ( 13.30570456204409346, 4.667951537025249564, -74.26748904726093770 ) ) ;
#77 = CARTESIAN_POINT ( 'NONE',  ( 40.00000000000002842, -29.99999999999992539, -74.59999999999996589 ) ) ;
#78 = VECTOR ( 'NONE', #784, 1000.000000000000000 ) ;
#79 = DIRECTION ( 'NONE',  ( 1.000000000000000000, 6.731078879466019206E-31, -2.829314537780693759E-16 ) ) ;
#80 = ORIENTED_EDGE ( 'NONE', *, *, #54, .F. ) ;
#81 = EDGE_LOOP ( 'NONE', ( #1420, #1072 ) ) ;
#82 = FACE_OUTER_BOUND ( 'NONE', #1958, .T. ) ;
#83 = FACE_OUTER_BOUND ( 'NONE', #2056, .T. ) ;
#84 = LINE ( 'NONE', #1386, #362 ) ;
#85 = ORIENTED_EDGE ( 'NONE', *, *, #2182, .F. ) ;
#86 = VECTOR ( 'NONE', #2032, 1000.000000000000000 ) ;
#87 = ORIENTED_EDGE ( 'NONE', *, *, #18, .F. ) ;
#88 = FACE_BOUND ( 'NONE', #1540, .T. ) ;
#89 = EDGE_CURVE ( 'NONE', #1585, #104, #15, .T. ) ;
#90 = DIRECTION ( 'NONE',  ( -1.000000000000000000, 0.000000000000000000, 0.000000000000000000 ) ) ;
#91 = DIRECTION ( 'NONE',  ( 0.000000000000000000, 1.000000000000000000, 0.000000000000000000 ) ) ;
#92 = ORIENTED_EDGE ( 'NONE', *, *, #1433, .T. ) ;
#93 = VERTEX_POINT ( 'NONE', #942 ) ;
#94 = LINE ( 'NONE', #1284, #682 ) ;
#95 = LINE ( 'NONE', #466, #2326 ) ;
#96 = LINE ( 'NONE', #820, #493 ) ;
#97 = ORIENTED_EDGE ( 'NONE', *, *, #498, .T. ) ;
#98 = ORIENTED_EDGE ( 'NONE', *, *, #1355, .F. ) ;
#99 = EDGE_CURVE ( 'NONE', #1503, #1678, #68, .T. ) ;
#100 = CARTESIAN_POINT ( 'NONE',  ( -3.864579600900129641, 6.693648218653416748, -74.26748904726093770 ) ) ;
#101 = DIRECTION ( 'NONE',  ( -2.829314537780693759E-16, 4.758098676964957053E-15, -1.000000000000000000 ) ) ;
#102 = EDGE_CURVE ( 'NONE', #617, #1512, #1649, .T. ) ;
#103 = CARTESIAN_POINT ( 'NONE',  ( 34.00000000002042810, -35.55000000015600392, -68.59999999999998010 ) ) ;
#104 = VERTEX_POINT ( 'NONE', #1494 ) ;
#105 = VERTEX_POINT ( 'NONE', #953 ) ;
#106 = PRESENTATION_LAYER_ASSIGNMENT (  '', '', ( #1130 ) ) ;
#107 = DIRECTION ( 'NONE',  ( -2.829314537780693759E-16, 4.758098676964957053E-15, -1.000000000000000000 ) ) ;
#108 = CARTESIAN_POINT ( 'NONE',  ( -4.000000000001071143, -61.99999999999990052, -89.65000000001232650 ) ) ;
#109 = CIRCLE ( 'NONE', #566, 20.00000000000000000 ) ;
#110 = CARTESIAN_POINT ( 'NONE',  ( 34.00000000002042810, -32.00000000015609913, -69.34999999999996589 ) ) ;
#111 = ORIENTED_EDGE ( 'NONE', *, *, #1090, .T. ) ;
#112 = VECTOR ( 'NONE', #243, 1000.000000000000000 ) ;
#113 = VERTEX_POINT ( 'NONE', #1659 ) ;
#114 = CARTESIAN_POINT ( 'NONE',  ( 6.874999999999518607, 11.90784930203668246, -119.4999999999997300 ) ) ;
#115 = FACE_OUTER_BOUND ( 'NONE', #2092, .T. ) ;
#116 = AXIS2_PLACEMENT_3D ( 'NONE', #518, #877, #1640 ) ;
#117 = PLANE ( 'NONE',  #916 ) ;
#118 = ORIENTED_EDGE ( 'NONE', *, *, #2151, .F. ) ;
#119 = ORIENTED_EDGE ( 'NONE', *, *, #228, .F. ) ;
#120 = PLANE ( 'NONE',  #739 ) ;
#121 = LINE ( 'NONE', #1576, #754 ) ;
#122 = ORIENTED_EDGE ( 'NONE', *, *, #1921, .T. ) ;
#123 = EDGE_LOOP ( 'NONE', ( #1711, #2266, #1442, #1699 ) ) ;
#124 = FACE_OUTER_BOUND ( 'NONE', #1815, .T. ) ;
#125 = DIRECTION ( 'NONE',  ( -2.829314537780693759E-16, 4.758098676964957053E-15, -1.000000000000000000 ) ) ;
#126 = CIRCLE ( 'NONE', #356, 5.000000000000000000 ) ;
#127 = AXIS2_PLACEMENT_3D ( 'NONE', #2236, #975, #1660 ) ;
#128 = FACE_OUTER_BOUND ( 'NONE', #1183, .T. ) ;
#129 = EDGE_LOOP ( 'NONE', ( #1826, #894, #1022, #1623 ) ) ;
#130 = ORIENTED_EDGE ( 'NONE', *, *, #463, .F. ) ;
#131 = AXIS2_PLACEMENT_3D ( 'NONE', #878, #532, #1454 ) ;
#132 = EDGE_CURVE ( 'NONE', #837, #353, #2081, .T. ) ;
#133 = CARTESIAN_POINT ( 'NONE',  ( -2.610287666322991473, -13.85705393449192613, -119.4999999999998579 ) ) ;
#134 = DIRECTION ( 'NONE',  ( 0.1724731828275081758, -0.9850142137072687154, -5.724854400729440673E-15 ) ) ;
#135 = ORIENTED_EDGE ( 'NONE', *, *, #418, .F. ) ;
#136 = ORIENTED_EDGE ( 'NONE', *, *, #656, .F. ) ;
#137 = CARTESIAN_POINT ( 'NONE',  ( 8.696166260317390595, -32.00000000015609913, -73.59999999999996589 ) ) ;
#138 = CARTESIAN_POINT ( 'NONE',  ( -9.050000000000016698, -31.99999999999970868, -119.4999999999999432 ) ) ;
#139 = PLANE ( 'NONE',  #1894 ) ;
#140 = ORIENTED_EDGE ( 'NONE', *, *, #2106, .T. ) ;
#141 = EDGE_CURVE ( 'NONE', #486, #1410, #945, .T. ) ;
#142 = ORIENTED_EDGE ( 'NONE', *, *, #1355, .T. ) ;
#143 = EDGE_CURVE ( 'NONE', #12, #152, #925, .T. ) ;
#144 = CARTESIAN_POINT ( 'NONE',  ( 8.696166260317392371, -32.00000000015611334, -69.34999999999996589 ) ) ;
#145 = ORIENTED_EDGE ( 'NONE', *, *, #2265, .T. ) ;
#146 = CIRCLE ( 'NONE', #2349, 2.650000000000001243 ) ;
#147 = AXIS2_PLACEMENT_3D ( 'NONE', #1591, #339, #1066 ) ;
#148 = DIRECTION ( 'NONE',  ( 0.000000000000000000, 1.000000000000000000, 0.000000000000000000 ) ) ;
#149 = CARTESIAN_POINT ( 'NONE',  ( -3.864579600900129641, 6.693648218653616588, -117.1999999999997470 ) ) ;
#150 = CARTESIAN_POINT ( 'NONE',  ( 6.874999999999520384, 11.90784930203665759, -114.1999999999997328 ) ) ;
#151 = EDGE_LOOP ( 'NONE', ( #901, #162, #792, #1371 ) ) ;
#152 = VERTEX_POINT ( 'NONE', #1110 ) ;
#153 = DIRECTION ( 'NONE',  ( 1.414657268890346879E-16, -2.379049338482478526E-15, 1.000000000000000000 ) ) ;
#154 = ORIENTED_EDGE ( 'NONE', *, *, #65, .F. ) ;
#155 = ORIENTED_EDGE ( 'NONE', *, *, #1980, .T. ) ;
#156 = DIRECTION ( 'NONE',  ( -2.829314537780693759E-16, 4.758098676964957053E-15, -1.000000000000000000 ) ) ;
#157 = CARTESIAN_POINT ( 'NONE',  ( 40.00000000000002132, -61.99999999999982236, -99.67500000000009663 ) ) ;
#158 = ADVANCED_FACE ( 'NONE', ( #419 ), #1472, .T. ) ;
#159 = EDGE_CURVE ( 'NONE', #939, #359, #1481, .T. ) ;
#161 = DIRECTION ( 'NONE',  ( 1.414657268890346879E-16, -2.379049338482478526E-15, 1.000000000000000000 ) ) ;
#160 = AXIS2_PLACEMENT_3D ( 'NONE', #1231, #101, #316 ) ;
#162 = ORIENTED_EDGE ( 'NONE', *, *, #2245, .T. ) ;
#163 = AXIS2_PLACEMENT_3D ( 'NONE', #531, #1257, #1985 ) ;
#164 = DIRECTION ( 'NONE',  ( -0.9392839235730119363, -0.3431409490534293449, -1.366945529696740837E-15 ) ) ;
#165 = ORIENTED_EDGE ( 'NONE', *, *, #984, .F. ) ;
#166 = FACE_OUTER_BOUND ( 'NONE', #262, .T. ) ;
#167 = DIRECTION ( 'NONE',  ( 0.9850142137072688264, -0.1724731828275076484, -1.099335926499758663E-15 ) ) ;
#168 = ORIENTED_EDGE ( 'NONE', *, *, #2036, .F. ) ;
#169 = DIRECTION ( 'NONE',  ( -0.9392839235730117142, 0.3431409490534300666, 1.908284800243205267E-15 ) ) ;
#170 = FACE_OUTER_BOUND ( 'NONE', #2137, .T. ) ;
#171 = LINE ( 'NONE', #748, #1334 ) ;
#172 = EDGE_CURVE ( 'NONE', #1994, #345, #2192, .T. ) ;
#173 = FACE_BOUND ( 'NONE', #222, .T. ) ;
#174 = EDGE_CURVE ( 'NONE', #326, #1086, #1483, .T. ) ;
#175 = CARTESIAN_POINT ( 'NONE',  ( -9.050000000000016698, -29.99999999999971223, -119.4999999999999289 ) ) ;
#176 = EDGE_LOOP ( 'NONE', ( #1682, #1260, #2083, #1552 ) ) ;
#177 = CARTESIAN_POINT ( 'NONE',  ( -3.864579600899079370, -6.693648218653305726, -119.4999999999998153 ) ) ;
#178 =( NAMED_UNIT ( * ) SI_UNIT ( $, .STERADIAN. ) SOLID_ANGLE_UNIT ( ) );
#179 = ORIENTED_EDGE ( 'NONE', *, *, #1657, .F. ) ;
#180 = VERTEX_POINT ( 'NONE', #1870 ) ;
#181 = LINE ( 'NONE', #8, #1488 ) ;
#182 = FACE_OUTER_BOUND ( 'NONE', #320, .T. ) ;
#183 = DIRECTION ( 'NONE',  ( -1.000000000000000000, 0.000000000000000000, 0.000000000000000000 ) ) ;
#184 = AXIS2_PLACEMENT_3D ( 'NONE', #1504, #223, #608 ) ;
#185 = CIRCLE ( 'NONE', #36, 1.899999999999996358 ) ;
#186 = CARTESIAN_POINT ( 'NONE',  ( -8.525000000001345057, -11.47483660014698970, -119.4999999999998437 ) ) ;
#187 = VERTEX_POINT ( 'NONE', #2234 ) ;
#188 = CIRCLE ( 'NONE', #416, 2.749999999997434941 ) ;
#189 = DIRECTION ( 'NONE',  ( 0.000000000000000000, 1.000000000000000000, 3.909236002201341921E-15 ) ) ;
#190 = ORIENTED_EDGE ( 'NONE', *, *, #491, .T. ) ;
#191 = VECTOR ( 'NONE', #1325, 1000.000000000000000 ) ;
#192 = DIRECTION ( 'NONE',  ( -1.414657268890346879E-16, 2.379049338482478526E-15, -1.000000000000000000 ) ) ;
#193 = CARTESIAN_POINT ( 'NONE',  ( 2.610287666325529443, -13.85705393449189948, -119.4999999999998579 ) ) ;
#194 = CARTESIAN_POINT ( 'NONE',  ( -10.69541689571855514, -9.189102397468412065, -74.26748904726099454 ) ) ;
#195 = FACE_OUTER_BOUND ( 'NONE', #2156, .T. ) ;
#196 = EDGE_CURVE ( 'NONE', #1585, #2016, #912, .T. ) ;
#197 = LINE ( 'NONE', #369, #1708 ) ;
#198 = EDGE_LOOP ( 'NONE', ( #201, #771, #179, #1990 ) ) ;
#199 = CIRCLE ( 'NONE', #657, 1.899999999999922640 ) ;
#200 = EDGE_CURVE ( 'NONE', #2014, #253, #212, .T. ) ;
#201 = ORIENTED_EDGE ( 'NONE', *, *, #1146, .T. ) ;
#202 = EDGE_CURVE ( 'NONE', #75, #1493, #774, .T. ) ;
#203 = DIRECTION ( 'NONE',  ( 1.414657268890346879E-16, -2.379049338482478526E-15, 1.000000000000000000 ) ) ;
#204 = DIRECTION ( 'NONE',  ( -2.829314537780693759E-16, 4.758098676964957053E-15, -1.000000000000000000 ) ) ;
#205 = VECTOR ( 'NONE', #1132, 1000.000000000000000 ) ;
#206 = DIRECTION ( 'NONE',  ( 0.000000000000000000, 1.000000000000000000, 5.236901059552626099E-15 ) ) ;
#207 = CYLINDRICAL_SURFACE ( 'NONE', #1557, 1.899999999999043121 ) ;
#208 = ORIENTED_EDGE ( 'NONE', *, *, #956, .F. ) ;
#209 = EDGE_CURVE ( 'NONE', #504, #1285, #2224, .T. ) ;
#210 = VERTEX_POINT ( 'NONE', #585 ) ;
#211 = EDGE_CURVE ( 'NONE', #670, #1717, #2038, .T. ) ;
#212 = LINE ( 'NONE', #404, #1747 ) ;
#213 = CARTESIAN_POINT ( 'NONE',  ( -9.050000000000016698, -31.99999999999973710, -114.1999999999999460 ) ) ;
#214 = DIRECTION ( 'NONE',  ( -1.414657268890346879E-16, 2.379049338482478526E-15, -1.000000000000000000 ) ) ;
#215 = PLANE ( 'NONE',  #579 ) ;
#216 = CIRCLE ( 'NONE', #979, 1.899999999999919087 ) ;
#217 = CARTESIAN_POINT ( 'NONE',  ( -4.000000000001071143, -61.99999999999990052, -89.65000000001232650 ) ) ;
#218 = ORIENTED_EDGE ( 'NONE', *, *, #1607, .T. ) ;
#219 = CIRCLE ( 'NONE', #1136, 3.549999999999921219 ) ;
#220 = VECTOR ( 'NONE', #1134, 1000.000000000000000 ) ;
#221 = DIRECTION ( 'NONE',  ( 1.000000000000000000, 0.000000000000000000, 0.000000000000000000 ) ) ;
#222 = EDGE_LOOP ( 'NONE', ( #694, #1 ) ) ;
#223 = DIRECTION ( 'NONE',  ( 1.414657268890346879E-16, -2.379049338482478526E-15, 1.000000000000000000 ) ) ;
#224 = DIRECTION ( 'NONE',  ( -1.000000000000000000, -6.391086490440866084E-15, 0.000000000000000000 ) ) ;
#225 = EDGE_LOOP ( 'NONE', ( #1963, #1345 ) ) ;
#226 = DIRECTION ( 'NONE',  ( -2.829314537780693759E-16, 4.758098676964957053E-15, -1.000000000000000000 ) ) ;
#227 = CARTESIAN_POINT ( 'NONE',  ( -7.729159201800007928, -5.762883040315991057E-14, -119.4999999999997868 ) ) ;
#228 = EDGE_CURVE ( 'NONE', #2037, #1040, #1513, .T. ) ;
#229 = ADVANCED_FACE ( 'NONE', ( #1525 ), #1372, .F. ) ;
#230 = FACE_OUTER_BOUND ( 'NONE', #1758, .T. ) ;
#231 = ORIENTED_EDGE ( 'NONE', *, *, #1234, .F. ) ;
#232 = CIRCLE ( 'NONE', #616, 2.649999999999996803 ) ;
#233 = EDGE_LOOP ( 'NONE', ( #2303, #1712, #2181, #1895 ) ) ;
#234 = DIRECTION ( 'NONE',  ( -1.963837897332234097E-15, -1.000000000000000000, -5.236901059552624521E-15 ) ) ;
#235 = DIRECTION ( 'NONE',  ( 2.829314537780693759E-16, -4.758098676964957053E-15, 1.000000000000000000 ) ) ;
#236 = FACE_OUTER_BOUND ( 'NONE', #1927, .T. ) ;
#237 = EDGE_CURVE ( 'NONE', #75, #1418, #216, .T. ) ;
#238 = CARTESIAN_POINT ( 'NONE',  ( 21.95673594181084098, -52.00000000007799628, -73.60000000000002274 ) ) ;
#239 = CYLINDRICAL_SURFACE ( 'NONE', #2025, 2.649999999999999467 ) ;
#240 = CIRCLE ( 'NONE', #1388, 2.749999999997434941 ) ;
#241 = EDGE_CURVE ( 'NONE', #1450, #524, #511, .T. ) ;
#242 = EDGE_CURVE ( 'NONE', #828, #617, #297, .T. ) ;
#243 = DIRECTION ( 'NONE',  ( -2.829314537780693759E-16, 4.758098676964957053E-15, -1.000000000000000000 ) ) ;
#244 = VERTEX_POINT ( 'NONE', #2246 ) ;
#245 = ORIENTED_EDGE ( 'NONE', *, *, #2355, .T. ) ;
#246 = CARTESIAN_POINT ( 'NONE',  ( 40.00000000000000711, -46.99999999999982947, -99.67500000000002558 ) ) ;
#247 = CARTESIAN_POINT ( 'NONE',  ( -9.050000000000018474, -61.99999999999986500, -99.67500000000008242 ) ) ;
#248 = FACE_OUTER_BOUND ( 'NONE', #151, .T. ) ;
#249 = LINE ( 'NONE', #1517, #1638 ) ;
#250 = DIRECTION ( 'NONE',  ( 0.000000000000000000, 1.000000000000000000, 5.236901059552626099E-15 ) ) ;
#251 = PRODUCT_DEFINITION_CONTEXT ( 'detailed design', #1700, 'design' ) ;
#252 = LINE ( 'NONE', #1332, #1449 ) ;
#253 = VERTEX_POINT ( 'NONE', #259 ) ;
#254 = VECTOR ( 'NONE', #1846, 1000.000000000000000 ) ;
#255 = ORIENTED_EDGE ( 'NONE', *, *, #1128, .F. ) ;
#256 = AXIS2_PLACEMENT_3D ( 'NONE', #460, #1926, #1020 ) ;
#257 = EDGE_CURVE ( 'NONE', #679, #180, #1419, .T. ) ;
#258 = VECTOR ( 'NONE', #2263, 1000.000000000000000 ) ;
#259 = CARTESIAN_POINT ( 'NONE',  ( -10.69541689571923193, 9.189102397468362327, -119.4999999999997442 ) ) ;
#260 = DIRECTION ( 'NONE',  ( 1.000000000000000000, 1.156482317317878381E-16, -2.829314537780687842E-16 ) ) ;
#261 = CARTESIAN_POINT ( 'NONE',  ( -4.000000000001075584, -52.99999999999990052, -89.65000000001229807 ) ) ;
#262 = EDGE_LOOP ( 'NONE', ( #5, #1565, #1603, #577 ) ) ;
#263 = AXIS2_PLACEMENT_3D ( 'NONE', #1896, #1184, #1542 ) ;
#264 = ORIENTED_EDGE ( 'NONE', *, *, #809, .T. ) ;
#265 = DIRECTION ( 'NONE',  ( 0.000000000000000000, -1.000000000000000000, -5.236901059552626099E-15 ) ) ;
#266 = DIRECTION ( 'NONE',  ( -0.9392839235730126024, 0.3431409490534276241, 0.000000000000000000 ) ) ;
#267 = DIRECTION ( 'NONE',  ( 2.829314537780693759E-16, -4.758098676964957053E-15, 1.000000000000000000 ) ) ;
#268 = EDGE_CURVE ( 'NONE', #1503, #653, #1057, .T. ) ;
#269 = ORIENTED_EDGE ( 'NONE', *, *, #557, .T. ) ;
#270 = EDGE_LOOP ( 'NONE', ( #1637, #643 ) ) ;
#271 = ADVANCED_FACE ( 'NONE', ( #2330, #2139, #82 ), #806, .T. ) ;
#272 = CARTESIAN_POINT ( 'NONE',  ( -1.723052553508438955E-14, 13.40000000000028990, -119.4999999999997158 ) ) ;
#273 = ADVANCED_FACE ( 'NONE', ( #2267 ), #284, .F. ) ;
#274 = CARTESIAN_POINT ( 'NONE',  ( 34.00000000002042810, -30.10000000015617871, -69.34999999999996589 ) ) ;
#275 = DIRECTION ( 'NONE',  ( 0.9392839235729935066, 0.3431409490534800266, 1.908284800242970975E-15 ) ) ;
#276 = ORIENTED_EDGE ( 'NONE', *, *, #1178, .F. ) ;
#277 = AXIS2_PLACEMENT_3D ( 'NONE', #2008, #1067, #1784 ) ;
#278 = ORIENTED_EDGE ( 'NONE', *, *, #1178, .T. ) ;
#279 = CARTESIAN_POINT ( 'NONE',  ( 8.696166260317390595, -30.10000000015617516, -73.59999999999996589 ) ) ;
#280 = DIRECTION ( 'NONE',  ( -0.9392839235729935066, -0.3431409490534800266, 0.000000000000000000 ) ) ;
#281 = FACE_OUTER_BOUND ( 'NONE', #123, .T. ) ;
#282 = VERTEX_POINT ( 'NONE', #1702 ) ;
#283 = VERTEX_POINT ( 'NONE', #630 ) ;
#284 = PLANE ( 'NONE',  #1633 ) ;
#285 = LINE ( 'NONE', #1422, #1532 ) ;
#286 = DIRECTION ( 'NONE',  ( 4.881349231072853463E-16, -1.000000000000000000, -3.630468118044610585E-15 ) ) ;
#287 = ADVANCED_FACE ( 'NONE', ( #833 ), #974, .T. ) ;
#288 = ORIENTED_EDGE ( 'NONE', *, *, #2355, .F. ) ;
#289 = VERTEX_POINT ( 'NONE', #452 ) ;
#290 = CARTESIAN_POINT ( 'NONE',  ( 40.00000000000002842, -61.99999999999995026, -74.60000000000013642 ) ) ;
#291 = LINE ( 'NONE', #1018, #1578 ) ;
#292 = DIRECTION ( 'NONE',  ( 6.731078879466019206E-31, 1.000000000000000000, 4.758098676964957053E-15 ) ) ;
#293 = EDGE_LOOP ( 'NONE', ( #2328, #80 ) ) ;
#294 = VERTEX_POINT ( 'NONE', #1179 ) ;
#295 = PRODUCT_DEFINITION_FORMATION_WITH_SPECIFIED_SOURCE ( 'ANY', '', #1658, .NOT_KNOWN. ) ;
#296 = CARTESIAN_POINT ( 'NONE',  ( 7.729159201800639423, 1.344935757505556870E-12, -119.4999999999997868 ) ) ;
#297 = CIRCLE ( 'NONE', #787, 2.649999999999999467 ) ;
#298 = CARTESIAN_POINT ( 'NONE',  ( -9.050000000000002487, -26.99999999999992539, -68.59999999999996589 ) ) ;
#299 = ORIENTED_EDGE ( 'NONE', *, *, #972, .F. ) ;
#300 = VECTOR ( 'NONE', #444, 1000.000000000000000 ) ;
#301 = ORIENTED_EDGE ( 'NONE', *, *, #907, .F. ) ;
#302 = DIRECTION ( 'NONE',  ( 0.000000000000000000, 1.000000000000000000, 2.379049338482478526E-15 ) ) ;
#303 = CARTESIAN_POINT ( 'NONE',  ( 8.696166260317390595, -33.90000000015601955, -73.59999999999996589 ) ) ;
#304 = AXIS2_PLACEMENT_3D ( 'NONE', #1305, #798, #1351 ) ;
#305 = CARTESIAN_POINT ( 'NONE',  ( -1.723052553508439902E-14, 2.897682094271654027E-13, -119.4999999999997868 ) ) ;
#306 = EDGE_CURVE ( 'NONE', #1879, #2335, #1857, .T. ) ;
#307 = ORIENTED_EDGE ( 'NONE', *, *, #582, .T. ) ;
#308 = AXIS2_PLACEMENT_3D ( 'NONE', #519, #712, #1617 ) ;
#309 = ORIENTED_EDGE ( 'NONE', *, *, #1573, .F. ) ;
#310 = ADVANCED_BREP_SHAPE_REPRESENTATION ( '010_011_Spin_servo_mount_2', ( #1718, #640 ), #411 ) ;
#311 = FACE_OUTER_BOUND ( 'NONE', #2057, .T. ) ;
#312 = LINE ( 'NONE', #673, #720 ) ;
#313 = VERTEX_POINT ( 'NONE', #1728 ) ;
#314 = ORIENTED_EDGE ( 'NONE', *, *, #583, .T. ) ;
#315 = DIRECTION ( 'NONE',  ( 2.829314537780693759E-16, -4.758098676964957053E-15, 1.000000000000000000 ) ) ;
#316 = DIRECTION ( 'NONE',  ( 0.000000000000000000, 1.000000000000000000, 5.236901059552626099E-15 ) ) ;
#317 = AXIS2_PLACEMENT_3D ( 'NONE', #1526, #260, #1537 ) ;
#318 = EDGE_CURVE ( 'NONE', #679, #2212, #94, .T. ) ;
#319 = CARTESIAN_POINT ( 'NONE',  ( -1.657978319139483861E-14, 2.788245824701459664E-13, -117.1999999999997897 ) ) ;
#320 = EDGE_LOOP ( 'NONE', ( #336, #1534, #449, #1126 ) ) ;
#321 = ADVANCED_FACE ( 'NONE', ( #740 ), #2198, .F. ) ;
#322 = ORIENTED_EDGE ( 'NONE', *, *, #1016, .T. ) ;
#323 = AXIS2_PLACEMENT_3D ( 'NONE', #1391, #677, #90 ) ;
#324 = PLANE ( 'NONE',  #546 ) ;
#325 = LINE ( 'NONE', #552, #1855 ) ;
#326 = VERTEX_POINT ( 'NONE', #1468 ) ;
#327 = VERTEX_POINT ( 'NONE', #186 ) ;
#328 = DIRECTION ( 'NONE',  ( -2.829314537780693759E-16, 4.758098676964957053E-15, -1.000000000000000000 ) ) ;
#329 = PLANE ( 'NONE',  #308 ) ;
#330 = FACE_BOUND ( 'NONE', #2292, .T. ) ;
#331 = EDGE_LOOP ( 'NONE', ( #500, #428, #1097, #649 ) ) ;
#332 = DIRECTION ( 'NONE',  ( 1.000000000000000000, 4.881349231072854449E-16, -3.462543998337501797E-18 ) ) ;
#333 = ORIENTED_EDGE ( 'NONE', *, *, #2210, .F. ) ;
#334 = CARTESIAN_POINT ( 'NONE',  ( -4.000000000001073808, -61.99999999999989342, -92.40000000000976854 ) ) ;
#335 = FACE_OUTER_BOUND ( 'NONE', #442, .T. ) ;
#336 = ORIENTED_EDGE ( 'NONE', *, *, #626, .T. ) ;
#337 = EDGE_CURVE ( 'NONE', #504, #1988, #2189, .T. ) ;
#338 = VECTOR ( 'NONE', #49, 1000.000000000000000 ) ;
#339 = DIRECTION ( 'NONE',  ( 0.5876303239045104210, 3.443184550954625865E-15, -0.8091295337755756156 ) ) ;
#340 = LINE ( 'NONE', #2324, #1176 ) ;
#341 = DIRECTION ( 'NONE',  ( 0.000000000000000000, 1.000000000000000000, 5.236901059552626099E-15 ) ) ;
#342 = CIRCLE ( 'NONE', #1212, 2.649999999999999467 ) ;
#343 = AXIS2_PLACEMENT_3D ( 'NONE', #238, #968, #2099 ) ;
#344 = DIRECTION ( 'NONE',  ( -1.000000000000000000, -6.731078879466019206E-31, 2.829314537780693759E-16 ) ) ;
#345 = VERTEX_POINT ( 'NONE', #1644 ) ;
#346 = CARTESIAN_POINT ( 'NONE',  ( 34.00000000002042810, -28.45000000015617303, -69.34999999999995168 ) ) ;
#347 = ORIENTED_EDGE ( 'NONE', *, *, #1268, .T. ) ;
#348 = CARTESIAN_POINT ( 'NONE',  ( 7.729159201800639423, 1.333514645230566150E-12, -117.1999999999997897 ) ) ;
#349 =( LENGTH_UNIT ( ) NAMED_UNIT ( * ) SI_UNIT ( .MILLI., .METRE. ) );
#350 = VERTEX_POINT ( 'NONE', #34 ) ;
#351 = EDGE_CURVE ( 'NONE', #2212, #1344, #109, .T. ) ;
#352 = EDGE_CURVE ( 'NONE', #2286, #2320, #721, .T. ) ;
#353 = VERTEX_POINT ( 'NONE', #906 ) ;
#354 = LINE ( 'NONE', #1628, #1571 ) ;
#355 = DIRECTION ( 'NONE',  ( -2.829314537780693759E-16, 4.758098676964957053E-15, -1.000000000000000000 ) ) ;
#357 = CARTESIAN_POINT ( 'NONE',  ( 8.696166260317392371, -35.55000000015602524, -69.34999999999998010 ) ) ;
#356 = AXIS2_PLACEMENT_3D ( 'NONE', #947, #1490, #1674 ) ;
#358 = LINE ( 'NONE', #1654, #1406 ) ;
#359 = VERTEX_POINT ( 'NONE', #727 ) ;
#360 = VECTOR ( 'NONE', #507, 1000.000000000000000 ) ;
#361 = DIRECTION ( 'NONE',  ( 0.000000000000000000, 1.000000000000000000, 2.379049338482478526E-15 ) ) ;
#362 = VECTOR ( 'NONE', #1892, 1000.000000000000000 ) ;
#363 = CARTESIAN_POINT ( 'NONE',  ( -1.657978319139483546E-14, 13.40000000000027924, -117.1999999999997186 ) ) ;
#364 = ORIENTED_EDGE ( 'NONE', *, *, #423, .F. ) ;
#365 = ORIENTED_EDGE ( 'NONE', *, *, #2323, .T. ) ;
#366 = CARTESIAN_POINT ( 'NONE',  ( 21.95673594181084098, -53.90000000007793091, -73.60000000000002274 ) ) ;
#367 = FACE_OUTER_BOUND ( 'NONE', #1909, .T. ) ;
#368 = DIRECTION ( 'NONE',  ( 4.881349231072853463E-16, -1.000000000000000000, -3.630468118044610585E-15 ) ) ;
#369 = CARTESIAN_POINT ( 'NONE',  ( 2.610287666325529887, -13.85705393449191014, -117.1999999999998607 ) ) ;
#370 = ORIENTED_EDGE ( 'NONE', *, *, #671, .T. ) ;
#371 = CARTESIAN_POINT ( 'NONE',  ( 2.089524256284879784E-15, -29.99999999999997513, -64.19999999999991758 ) ) ;
#372 = SURFACE_STYLE_USAGE ( .BOTH. , #1251 ) ;
#373 = ORIENTED_EDGE ( 'NONE', *, *, #656, .T. ) ;
#374 = CARTESIAN_POINT ( 'NONE',  ( -10.69541689571855514, -9.189102397468412065, -74.26748904726099454 ) ) ;
#375 = CARTESIAN_POINT ( 'NONE',  ( 8.696166260317392371, -32.00000000015610624, -69.34999999999996589 ) ) ;
#376 = CARTESIAN_POINT ( 'NONE',  ( -9.050000000000016698, -29.99999999999971223, -119.4999999999999289 ) ) ;
#377 = CARTESIAN_POINT ( 'NONE',  ( -2.610287666324266009, 13.85705393449297063, -74.26748904726088085 ) ) ;
#378 = VECTOR ( 'NONE', #2058, 1000.000000000000000 ) ;
#379 = ADVANCED_FACE ( 'NONE', ( #2152 ), #2002, .F. ) ;
#380 = VECTOR ( 'NONE', #401, 1000.000000000000114 ) ;
#381 = EDGE_CURVE ( 'NONE', #1140, #1627, #1834, .T. ) ;
#382 = ORIENTED_EDGE ( 'NONE', *, *, #1295, .T. ) ;
#383 = AXIS2_PLACEMENT_3D ( 'NONE', #599, #399, #757 ) ;
#384 = ORIENTED_EDGE ( 'NONE', *, *, #733, .F. ) ;
#385 = VECTOR ( 'NONE', #891, 1000.000000000000114 ) ;
#386 = CARTESIAN_POINT ( 'NONE',  ( -4.000000000001074696, -52.99999999999990763, -86.90000000001487024 ) ) ;
#387 = LINE ( 'NONE', #2050, #1079 ) ;
#388 = CARTESIAN_POINT ( 'NONE',  ( -13.30570456204289087, -4.667951537024240594, -117.1999999999998039 ) ) ;
#389 = CYLINDRICAL_SURFACE ( 'NONE', #949, 2.649999999999999467 ) ;
#390 = EDGE_CURVE ( 'NONE', #2129, #1150, #197, .T. ) ;
#391 = CARTESIAN_POINT ( 'NONE',  ( 7.729159201800652745, 1.129715006985527246E-12, -74.26748904726096612 ) ) ;
#392 = EDGE_CURVE ( 'NONE', #1908, #876, #1246, .T. ) ;
#393 = ORIENTED_EDGE ( 'NONE', *, *, #2308, .F. ) ;
#394 = VECTOR ( 'NONE', #153, 1000.000000000000000 ) ;
#395 = ORIENTED_EDGE ( 'NONE', *, *, #1433, .F. ) ;
#396 = DIRECTION ( 'NONE',  ( -2.829314537780693759E-16, 4.758098676964957053E-15, -1.000000000000000000 ) ) ;
#397 = CARTESIAN_POINT ( 'NONE',  ( 19.99999999999998579, -16.99999999999979750, -114.1999999999998749 ) ) ;
#398 = DIRECTION ( 'NONE',  ( -2.829314537780693759E-16, 4.758098676964957053E-15, -1.000000000000000000 ) ) ;
#399 = DIRECTION ( 'NONE',  ( -2.829314537780693759E-16, 4.758098676964957053E-15, -1.000000000000000000 ) ) ;
#400 = DIRECTION ( 'NONE',  ( 2.829314537780693759E-16, -4.930922933600255788E-15, 1.000000000000000000 ) ) ;
#401 = DIRECTION ( 'NONE',  ( 0.9392839235729935066, 0.3431409490534800266, 1.366945529696986961E-15 ) ) ;
#402 = ORIENTED_EDGE ( 'NONE', *, *, #1323, .T. ) ;
#403 = EDGE_LOOP ( 'NONE', ( #1211, #1751, #288, #861 ) ) ;
#404 = CARTESIAN_POINT ( 'NONE',  ( -10.69541689571921950, 9.189102397468147387, -74.26748904726090927 ) ) ;
#405 = EDGE_CURVE ( 'NONE', #1678, #1002, #929, .T. ) ;
#406 = CARTESIAN_POINT ( 'NONE',  ( 19.99999999999998224, 2.669995800375458140E-13, -114.1999999999997897 ) ) ;
#407 = CARTESIAN_POINT ( 'NONE',  ( 8.696166260317392371, -32.00000000015611334, -69.34999999999996589 ) ) ;
#408 = EDGE_CURVE ( 'NONE', #802, #93, #185, .T. ) ;
#409 = APPLICATION_CONTEXT ( 'automotive_design' ) ;
#410 = CYLINDRICAL_SURFACE ( 'NONE', #1942, 3.549999999999917666 ) ;
#411 =( GEOMETRIC_REPRESENTATION_CONTEXT ( 3 ) GLOBAL_UNCERTAINTY_ASSIGNED_CONTEXT ( ( #800 ) ) GLOBAL_UNIT_ASSIGNED_CONTEXT ( ( #1982, #1423, #178 ) ) REPRESENTATION_CONTEXT ( 'NONE', 'WORKASPACE' ) );
#412 = AXIS2_PLACEMENT_3D ( 'NONE', #1300, #192, #2028 ) ;
#413 = CARTESIAN_POINT ( 'NONE',  ( 19.99999999999998934, -26.99999999999978328, -104.1999999999998892 ) ) ;
#414 = ORIENTED_EDGE ( 'NONE', *, *, #1726, .F. ) ;
#415 = CIRCLE ( 'NONE', #256, 2.650000000000001243 ) ;
#416 = AXIS2_PLACEMENT_3D ( 'NONE', #2208, #1851, #1841 ) ;
#417 = VERTEX_POINT ( 'NONE', #1800 ) ;
#418 = EDGE_CURVE ( 'NONE', #1224, #1585, #358, .T. ) ;
#419 = FACE_OUTER_BOUND ( 'NONE', #1656, .T. ) ;
#420 = CARTESIAN_POINT ( 'NONE',  ( -6.625000000001344702, -11.47483660014697726, -119.4999999999998437 ) ) ;
#421 = EDGE_CURVE ( 'NONE', #1450, #504, #1297, .T. ) ;
#422 = AXIS2_PLACEMENT_3D ( 'NONE', #1629, #1242, #564 ) ;
#423 = EDGE_CURVE ( 'NONE', #1512, #105, #2022, .T. ) ;
#424 = CARTESIAN_POINT ( 'NONE',  ( -0.05000000000000529715, -102.2120628667567672, -74.60000000000030695 ) ) ;
#425 = FACE_OUTER_BOUND ( 'NONE', #1055, .T. ) ;
#426 = CARTESIAN_POINT ( 'NONE',  ( 19.99999999999999645, 2.909464618929794244E-14, -64.19999999999978968 ) ) ;
#427 = ORIENTED_EDGE ( 'NONE', *, *, #582, .F. ) ;
#428 = ORIENTED_EDGE ( 'NONE', *, *, #99, .T. ) ;
#429 = CIRCLE ( 'NONE', #1768, 2.749999999997434941 ) ;
#430 = CARTESIAN_POINT ( 'NONE',  ( -2.610287666324265565, 13.85705393449297240, -74.26748904726088085 ) ) ;
#431 = FACE_OUTER_BOUND ( 'NONE', #1380, .T. ) ;
#432 = DIRECTION ( 'NONE',  ( 4.881349231072853463E-16, -1.000000000000000000, -3.630468118044610585E-15 ) ) ;
#433 = LINE ( 'NONE', #2073, #985 ) ;
#434 = LINE ( 'NONE', #77, #2289 ) ;
#435 = DIRECTION ( 'NONE',  ( -1.414657268890346879E-16, 2.379049338482478526E-15, -1.000000000000000000 ) ) ;
#436 = ORIENTED_EDGE ( 'NONE', *, *, #89, .F. ) ;
#437 = ADVANCED_FACE ( 'NONE', ( #1261 ), #207, .F. ) ;
#438 = ORIENTED_EDGE ( 'NONE', *, *, #1953, .T. ) ;
#439 = CARTESIAN_POINT ( 'NONE',  ( 40.00000000000000711, -41.99999999999975842, -99.67499999999999716 ) ) ;
#440 = CARTESIAN_POINT ( 'NONE',  ( -4.974999999999632827, 11.90784930203492031, -119.4999999999997300 ) ) ;
#441 = PRODUCT_DEFINITION ( 'UNKNOWN', '', #295, #251 ) ;
#442 = EDGE_LOOP ( 'NONE', ( #1941, #1216, #2067, #542, #2296, #2045 ) ) ;
#443 = LINE ( 'NONE', #676, #2166 ) ;
#444 = DIRECTION ( 'NONE',  ( -1.000000000000000000, -4.881349231072870227E-16, 4.559712020051798701E-16 ) ) ;
#445 = CIRCLE ( 'NONE', #528, 3.549999999999921219 ) ;
#446 = ORIENTED_EDGE ( 'NONE', *, *, #1999, .F. ) ;
#447 = ADVANCED_FACE ( 'NONE', ( #1663 ), #1867, .F. ) ;
#448 = EDGE_CURVE ( 'NONE', #1583, #1195, #342, .T. ) ;
#449 = ORIENTED_EDGE ( 'NONE', *, *, #337, .T. ) ;
#450 = AXIS2_PLACEMENT_3D ( 'NONE', #614, #435, #1901 ) ;
#451 = AXIS2_PLACEMENT_3D ( 'NONE', #957, #1507, #2227 ) ;
#452 = CARTESIAN_POINT ( 'NONE',  ( -13.30570456204347707, 4.667951537024343622, -119.4999999999997584 ) ) ;
#453 = DIRECTION ( 'NONE',  ( -2.829314537780693759E-16, 4.758098676964957053E-15, -1.000000000000000000 ) ) ;
#454 = CARTESIAN_POINT ( 'NONE',  ( -2.610287666324278444, 13.85705393449318734, -119.4999999999997158 ) ) ;
#455 = ORIENTED_EDGE ( 'NONE', *, *, #2323, .F. ) ;
#456 = VECTOR ( 'NONE', #2185, 1000.000000000000000 ) ;
#457 = VERTEX_POINT ( 'NONE', #44 ) ;
#458 = DIRECTION ( 'NONE',  ( -1.156482317317864822E-16, 1.000000000000000000, 4.758098676964957053E-15 ) ) ;
#459 = CYLINDRICAL_SURFACE ( 'NONE', #1153, 3.549999999999921219 ) ;
#460 = CARTESIAN_POINT ( 'NONE',  ( 1.267238511660622018E-12, -13.39999999999900204, -119.4999999999998579 ) ) ;
#461 = ORIENTED_EDGE ( 'NONE', *, *, #1501, .F. ) ;
#462 = ADVANCED_FACE ( 'NONE', ( #230 ), #1308, .T. ) ;
#463 = EDGE_CURVE ( 'NONE', #152, #1509, #1635, .T. ) ;
#464 = ORIENTED_EDGE ( 'NONE', *, *, #1290, .T. ) ;
#465 = VECTOR ( 'NONE', #1612, 1000.000000000000000 ) ;
#466 = CARTESIAN_POINT ( 'NONE',  ( -9.050000000000018474, -61.99999999999986500, -99.67500000000008242 ) ) ;
#467 = CARTESIAN_POINT ( 'NONE',  ( 8.696166260317392371, -28.45000000015618369, -69.34999999999995168 ) ) ;
#468 = EDGE_LOOP ( 'NONE', ( #1196, #347, #1572, #1781, #1387, #1835, #1975, #1916, #2091, #1393 ) ) ;
#469 = AXIS2_PLACEMENT_3D ( 'NONE', #609, #1484, #1338 ) ;
#470 = ORIENTED_EDGE ( 'NONE', *, *, #1607, .F. ) ;
#471 = CARTESIAN_POINT ( 'NONE',  ( 34.00000000002042810, -28.45000000015617303, -68.59999999999995168 ) ) ;
#472 = DIRECTION ( 'NONE',  ( -2.829314537780693759E-16, 4.758098676964957053E-15, -1.000000000000000000 ) ) ;
#473 = CARTESIAN_POINT ( 'NONE',  ( 13.46557961922909641, -22.72937719846503057, -118.9456228015347534 ) ) ;
#474 = ORIENTED_EDGE ( 'NONE', *, *, #1657, .T. ) ;
#475 = ORIENTED_EDGE ( 'NONE', *, *, #2210, .T. ) ;
#476 = CARTESIAN_POINT ( 'NONE',  ( -3.864579600900142520, 6.693648218653631687, -119.4999999999997584 ) ) ;
#477 = CARTESIAN_POINT ( 'NONE',  ( 8.696166260317390595, -33.90000000015601955, -73.59999999999996589 ) ) ;
#478 = ORIENTED_EDGE ( 'NONE', *, *, #1688, .T. ) ;
#479 = EDGE_CURVE ( 'NONE', #282, #2190, #590, .T. ) ;
#480 = ORIENTED_EDGE ( 'NONE', *, *, #918, .F. ) ;
#481 = LINE ( 'NONE', #1377, #2317 ) ;
#482 = EDGE_CURVE ( 'NONE', #2243, #821, #219, .T. ) ;
#483 = FACE_OUTER_BOUND ( 'NONE', #233, .T. ) ;
#484 = DIRECTION ( 'NONE',  ( 0.000000000000000000, 1.000000000000000000, 3.909236002201345865E-15 ) ) ;
#485 = EDGE_LOOP ( 'NONE', ( #822, #22, #1024, #1403 ) ) ;
#486 = VERTEX_POINT ( 'NONE', #1709 ) ;
#487 = CARTESIAN_POINT ( 'NONE',  ( 21.95673594181084098, -50.10000000007807586, -69.35000000000002274 ) ) ;
#488 = VECTOR ( 'NONE', #1859, 1000.000000000000000 ) ;
#489 = DIRECTION ( 'NONE',  ( 4.881349231072853463E-16, -1.000000000000000000, -3.630468118044610585E-15 ) ) ;
#490 = ORIENTED_EDGE ( 'NONE', *, *, #241, .F. ) ;
#491 = EDGE_CURVE ( 'NONE', #350, #1051, #758, .T. ) ;
#492 = CIRCLE ( 'NONE', #1668, 1.899999999999995470 ) ;
#493 = VECTOR ( 'NONE', #2108, 1000.000000000000227 ) ;
#494 = EDGE_LOOP ( 'NONE', ( #896, #1801, #1690, #455 ) ) ;
#495 = ADVANCED_FACE ( 'NONE', ( #2044 ), #2242, .T. ) ;
#496 = PLANE ( 'NONE',  #263 ) ;
#497 = FACE_OUTER_BOUND ( 'NONE', #574, .T. ) ;
#498 = EDGE_CURVE ( 'NONE', #1064, #1266, #1676, .T. ) ;
#499 = FACE_BOUND ( 'NONE', #1626, .T. ) ;
#500 = ORIENTED_EDGE ( 'NONE', *, *, #268, .F. ) ;
#501 = AXIS2_PLACEMENT_3D ( 'NONE', #2159, #724, #545 ) ;
#502 = ORIENTED_EDGE ( 'NONE', *, *, #1044, .F. ) ;
#503 = CARTESIAN_POINT ( 'NONE',  ( 34.00000000002042810, -35.55000000015600392, -69.34999999999998010 ) ) ;
#504 = VERTEX_POINT ( 'NONE', #1876 ) ;
#505 = EDGE_LOOP ( 'NONE', ( #1645, #1922, #436, #135 ) ) ;
#506 = DIRECTION ( 'NONE',  ( 1.414657268890346879E-16, -2.379049338482478526E-15, 1.000000000000000000 ) ) ;
#507 = DIRECTION ( 'NONE',  ( 1.000000000000000000, 5.551115123125845564E-17, -2.829314537780691293E-16 ) ) ;
#508 = AXIS2_PLACEMENT_3D ( 'NONE', #847, #834, #2107 ) ;
#509 = DIRECTION ( 'NONE',  ( -1.414657268890346879E-16, 2.379049338482478526E-15, -1.000000000000000000 ) ) ;
#510 = ORIENTED_EDGE ( 'NONE', *, *, #1921, .F. ) ;
#511 = LINE ( 'NONE', #246, #1555 ) ;
#512 = EDGE_CURVE ( 'NONE', #1988, #1014, #62, .T. ) ;
#513 = ORIENTED_EDGE ( 'NONE', *, *, #2302, .F. ) ;
#514 = CIRCLE ( 'NONE', #1199, 5.000000000000000000 ) ;
#515 = FACE_OUTER_BOUND ( 'NONE', #293, .T. ) ;
#516 = VERTEX_POINT ( 'NONE', #1885 ) ;
#517 = LINE ( 'NONE', #2007, #33 ) ;
#518 = CARTESIAN_POINT ( 'NONE',  ( 11.60474041071211992, -6.699999999998630607, -117.1999999999998323 ) ) ;
#519 = CARTESIAN_POINT ( 'NONE',  ( 34.00000000002042810, -32.00000000015609203, -69.34999999999996589 ) ) ;
#520 = EDGE_CURVE ( 'NONE', #253, #1478, #1125, .T. ) ;
#521 = CARTESIAN_POINT ( 'NONE',  ( -9.050000000000002487, -26.99999999999992539, -68.59999999999996589 ) ) ;
#522 = ORIENTED_EDGE ( 'NONE', *, *, #2279, .F. ) ;
#523 = EDGE_CURVE ( 'NONE', #359, #939, #492, .T. ) ;
#524 = VERTEX_POINT ( 'NONE', #1698 ) ;
#525 = CARTESIAN_POINT ( 'NONE',  ( 2.610287666325542322, -13.85705393449211442, -74.26748904726102296 ) ) ;
#526 = SURFACE_STYLE_FILL_AREA ( #1968 ) ;
#527 = VERTEX_POINT ( 'NONE', #413 ) ;
#528 = AXIS2_PLACEMENT_3D ( 'NONE', #989, #708, #189 ) ;
#529 = AXIS2_PLACEMENT_3D ( 'NONE', #704, #1536, #332 ) ;
#530 = DIRECTION ( 'NONE',  ( 0.9392839235730117142, -0.3431409490534300666, 0.000000000000000000 ) ) ;
#531 = CARTESIAN_POINT ( 'NONE',  ( 8.696166260317390595, -32.00000000015609913, -73.59999999999996589 ) ) ;
#532 = DIRECTION ( 'NONE',  ( 1.414657268890346879E-16, -2.379049338482478526E-15, 1.000000000000000000 ) ) ;
#533 = VECTOR ( 'NONE', #2113, 1000.000000000000000 ) ;
#534 = CIRCLE ( 'NONE', #1175, 1.899999999999043121 ) ;
#535 = DIRECTION ( 'NONE',  ( -2.829314537780693759E-16, 4.758098676964957053E-15, -1.000000000000000000 ) ) ;
#536 = ORIENTED_EDGE ( 'NONE', *, *, #1556, .F. ) ;
#537 = DIRECTION ( 'NONE',  ( -2.829314537780693759E-16, 4.758098676964957053E-15, -1.000000000000000000 ) ) ;
#538 = ORIENTED_EDGE ( 'NONE', *, *, #2207, .T. ) ;
#539 = EDGE_CURVE ( 'NONE', #653, #1002, #871, .T. ) ;
#540 = LINE ( 'NONE', #1061, #846 ) ;
#541 = PLANE ( 'NONE',  #1665 ) ;
#542 = ORIENTED_EDGE ( 'NONE', *, *, #2075, .T. ) ;
#543 = ORIENTED_EDGE ( 'NONE', *, *, #1263, .F. ) ;
#544 = DIRECTION ( 'NONE',  ( 0.000000000000000000, -1.000000000000000000, -5.236901059552630043E-15 ) ) ;
#545 = DIRECTION ( 'NONE',  ( 0.000000000000000000, 1.000000000000000000, 3.909236002201319044E-15 ) ) ;
#547 = PLANE ( 'NONE',  #791 ) ;
#546 = AXIS2_PLACEMENT_3D ( 'NONE', #1634, #2319, #1049 ) ;
#548 = VECTOR ( 'NONE', #2206, 1000.000000000000000 ) ;
#549 = ORIENTED_EDGE ( 'NONE', *, *, #715, .T. ) ;
#550 = AXIS2_PLACEMENT_3D ( 'NONE', #1043, #472, #651 ) ;
#551 = DIRECTION ( 'NONE',  ( -2.168404344971010594E-16, -1.000000000000000000, -4.758098676964957053E-15 ) ) ;
#552 = CARTESIAN_POINT ( 'NONE',  ( 3.864579600900032830, 6.693648218654055349, -117.1999999999997613 ) ) ;
#553 = EDGE_LOOP ( 'NONE', ( #1604, #641, #951, #554 ) ) ;
#554 = ORIENTED_EDGE ( 'NONE', *, *, #2352, .F. ) ;
#555 = CYLINDRICAL_SURFACE ( 'NONE', #39, 1.899999999999996358 ) ;
#556 = CARTESIAN_POINT ( 'NONE',  ( 10.69541689571983056, 9.189102397469268269, -74.26748904726090927 ) ) ;
#557 = EDGE_CURVE ( 'NONE', #1202, #524, #801, .T. ) ;
#558 = CYLINDRICAL_SURFACE ( 'NONE', #1748, 2.749999999997434941 ) ;
#559 = DIRECTION ( 'NONE',  ( 2.829314537780693759E-16, -4.758098676964957053E-15, 1.000000000000000000 ) ) ;
#560 = ORIENTED_EDGE ( 'NONE', *, *, #1762, .T. ) ;
#561 = ORIENTED_EDGE ( 'NONE', *, *, #174, .F. ) ;
#562 = CARTESIAN_POINT ( 'NONE',  ( -4.000000000001068479, -61.99999999999993605, -79.65000000001232650 ) ) ;
#563 = LINE ( 'NONE', #1289, #1803 ) ;
#564 = DIRECTION ( 'NONE',  ( -1.000000000000000000, -6.391086490431947222E-15, 0.000000000000000000 ) ) ;
#565 = EDGE_CURVE ( 'NONE', #2335, #313, #684, .T. ) ;
#566 = AXIS2_PLACEMENT_3D ( 'NONE', #1842, #1105, #1477 ) ;
#567 = EDGE_CURVE ( 'NONE', #670, #1247, #252, .T. ) ;
#568 = FACE_OUTER_BOUND ( 'NONE', #1791, .T. ) ;
#569 = AXIS2_PLACEMENT_3D ( 'NONE', #1622, #2340, #21 ) ;
#570 = VECTOR ( 'NONE', #1104, 1000.000000000000000 ) ;
#571 = DIRECTION ( 'NONE',  ( 2.829314537780693759E-16, -4.758098676964957053E-15, 1.000000000000000000 ) ) ;
#572 = VERTEX_POINT ( 'NONE', #2211 ) ;
#573 = AXIS2_PLACEMENT_3D ( 'NONE', #1362, #315, #1017 ) ;
#574 = EDGE_LOOP ( 'NONE', ( #1333, #615, #593, #384 ) ) ;
#575 = DIRECTION ( 'NONE',  ( -2.829314537780693759E-16, 4.758098676964957053E-15, -1.000000000000000000 ) ) ;
#576 = CARTESIAN_POINT ( 'NONE',  ( -6.625000000001342926, -11.47483660014700213, -114.1999999999998465 ) ) ;
#577 = ORIENTED_EDGE ( 'NONE', *, *, #1620, .T. ) ;
#578 = DIRECTION ( 'NONE',  ( -1.414657268890346879E-16, 2.379049338482478526E-15, -1.000000000000000000 ) ) ;
#579 = AXIS2_PLACEMENT_3D ( 'NONE', #2074, #1884, #1170 ) ;
#580 = CARTESIAN_POINT ( 'NONE',  ( -1.657978319139483546E-14, 13.40000000000027924, -117.1999999999997186 ) ) ;
#581 = EDGE_LOOP ( 'NONE', ( #1004, #1050, #1437, #269, #490 ) ) ;
#582 = EDGE_CURVE ( 'NONE', #1344, #2318, #2055, .T. ) ;
#583 = EDGE_CURVE ( 'NONE', #1994, #1450, #970, .T. ) ;
#584 = EDGE_LOOP ( 'NONE', ( #1046, #2223 ) ) ;
#585 = CARTESIAN_POINT ( 'NONE',  ( -8.775000000004935075, 11.90784930203490788, -114.1999999999997328 ) ) ;
#586 = DIRECTION ( 'NONE',  ( 0.000000000000000000, 1.000000000000000000, 0.000000000000000000 ) ) ;
#587 = LINE ( 'NONE', #795, #1221 ) ;
#588 = CARTESIAN_POINT ( 'NONE',  ( -1.111741043893813806E-14, -4.999999999999802824, -100.0578643762688955 ) ) ;
#589 = DIRECTION ( 'NONE',  ( 0.000000000000000000, 1.000000000000000000, 5.236901059552626099E-15 ) ) ;
#590 = LINE ( 'NONE', #2219, #300 ) ;
#591 = ORIENTED_EDGE ( 'NONE', *, *, #2009, .F. ) ;
#592 = ADVANCED_FACE ( 'NONE', ( #1962, #666 ), #139, .F. ) ;
#593 = ORIENTED_EDGE ( 'NONE', *, *, #1647, .F. ) ;
#594 = EDGE_CURVE ( 'NONE', #2345, #1813, #2102, .T. ) ;
#595 = CARTESIAN_POINT ( 'NONE',  ( 34.00000000002042810, -30.10000000015616450, -73.59999999999996589 ) ) ;
#596 = PLANE ( 'NONE',  #127 ) ;
#597 = CARTESIAN_POINT ( 'NONE',  ( -11.60474041071022278, -6.699999999999739941, -119.4999999999998153 ) ) ;
#598 = VERTEX_POINT ( 'NONE', #1009 ) ;
#599 = CARTESIAN_POINT ( 'NONE',  ( -1.573098883006062541E-14, 2.645502864392510606E-13, -114.1999999999997897 ) ) ;
#600 = DIRECTION ( 'NONE',  ( -2.829314537780693759E-16, 4.758098676964957053E-15, -1.000000000000000000 ) ) ;
#601 = CLOSED_SHELL ( 'NONE', ( #1267, #1326, #1296, #1710, #2136, #229, #1368, #1864, #875, #623, #1091, #742, #1147, #437, #1675, #1487, #2341, #1530, #2064, #2000, #840, #1587, #1820, #618, #592, #1431, #1887, #1713, #2148, #1019, #1486, #271, #805, #1544, #1309, #1470, #462, #769, #55, #1006, #2170, #1398, #1336, #495, #1964, #889, #655, #447, #1750, #1159, #158, #1924, #1541, #982, #287, #1192, #1447, #2307, #64, #867, #1058, #1808, #379, #1833, #321, #1767, #273, #1847, #1156, #2010, #1003, #759, #1934, #1752, #1937 ) ) ;
#602 = DIRECTION ( 'NONE',  ( -1.414657268890346879E-16, 2.379049338482478526E-15, -1.000000000000000000 ) ) ;
#603 = ORIENTED_EDGE ( 'NONE', *, *, #2265, .F. ) ;
#604 = AXIS2_PLACEMENT_3D ( 'NONE', #950, #627, #1318 ) ;
#605 = CIRCLE ( 'NONE', #1863, 3.549999999999942091 ) ;
#606 = SHAPE_DEFINITION_REPRESENTATION ( #1217, #310 ) ;
#607 = ORIENTED_EDGE ( 'NONE', *, *, #2182, .T. ) ;
#608 = DIRECTION ( 'NONE',  ( 0.000000000000000000, 1.000000000000000000, 2.379049338482478526E-15 ) ) ;
#609 = CARTESIAN_POINT ( 'NONE',  ( 21.95673594181084098, -52.00000000007801049, -69.35000000000002274 ) ) ;
#610 = LINE ( 'NONE', #1695, #922 ) ;
#611 = CIRCLE ( 'NONE', #501, 3.549999999999942091 ) ;
#612 = LINE ( 'NONE', #76, #220 ) ;
#613 = DIRECTION ( 'NONE',  ( -2.829314537780693759E-16, 4.758098676964957053E-15, -1.000000000000000000 ) ) ;
#614 = CARTESIAN_POINT ( 'NONE',  ( 34.00000000002042810, -32.00000000015609203, -68.59999999999996589 ) ) ;
#615 = ORIENTED_EDGE ( 'NONE', *, *, #920, .T. ) ;
#616 = AXIS2_PLACEMENT_3D ( 'NONE', #1180, #1012, #2247 ) ;
#617 = VERTEX_POINT ( 'NONE', #1379 ) ;
#618 = ADVANCED_FACE ( 'NONE', ( #1186, #128, #2315, #2277, #1763, #330 ), #117, .T. ) ;
#619 = DIRECTION ( 'NONE',  ( 0.000000000000000000, -1.000000000000000000, -5.236901059552626099E-15 ) ) ;
#620 = CARTESIAN_POINT ( 'NONE',  ( -6.875000000002284395, 11.90784930203492031, -119.4999999999997300 ) ) ;
#621 = CARTESIAN_POINT ( 'NONE',  ( 10.69541689571981813, 9.189102397469483208, -119.4999999999997442 ) ) ;
#622 = ORIENTED_EDGE ( 'NONE', *, *, #1253, .T. ) ;
#623 = ADVANCED_FACE ( 'NONE', ( #281 ), #678, .F. ) ;
#624 = CARTESIAN_POINT ( 'NONE',  ( 34.00000000002042810, -32.00000000015609203, -68.59999999999996589 ) ) ;
#625 = SURFACE_STYLE_USAGE ( .BOTH. , #978 ) ;
#626 = EDGE_CURVE ( 'NONE', #1014, #1450, #1736, .T. ) ;
#627 = DIRECTION ( 'NONE',  ( 2.829314537780693759E-16, -4.758098676964957053E-15, 1.000000000000000000 ) ) ;
#628 = VERTEX_POINT ( 'NONE', #2291 ) ;
#629 = ORIENTED_EDGE ( 'NONE', *, *, #1340, .T. ) ;
#630 = CARTESIAN_POINT ( 'NONE',  ( -11.60474041071087292, 9.349999999999900169, -119.4999999999997300 ) ) ;
#631 = LINE ( 'NONE', #296, #2329 ) ;
#632 = DIRECTION ( 'NONE',  ( 1.000000000000000000, 0.000000000000000000, 0.000000000000000000 ) ) ;
#633 = EDGE_LOOP ( 'NONE', ( #2124, #1610 ) ) ;
#634 = ORIENTED_EDGE ( 'NONE', *, *, #695, .T. ) ;
#635 = EDGE_CURVE ( 'NONE', #327, #516, #1292, .T. ) ;
#636 = CARTESIAN_POINT ( 'NONE',  ( -0.04999999999999483330, -29.99999999999982947, -94.67499999999994031 ) ) ;
#637 = DIRECTION ( 'NONE',  ( -1.000000000000000000, -6.731078879466019206E-31, 2.829314537780693759E-16 ) ) ;
#638 = EDGE_CURVE ( 'NONE', #1418, #75, #2015, .T. ) ;
#639 = CARTESIAN_POINT ( 'NONE',  ( -13.30570456204284824, -4.667951537024192632, -119.4999999999998010 ) ) ;
#640 = AXIS2_PLACEMENT_3D ( 'NONE', #2222, #2202, #221 ) ;
#641 = ORIENTED_EDGE ( 'NONE', *, *, #2302, .T. ) ;
#642 = AXIS2_PLACEMENT_3D ( 'NONE', #1828, #2049, #1669 ) ;
#643 = ORIENTED_EDGE ( 'NONE', *, *, #2352, .T. ) ;
#644 = CIRCLE ( 'NONE', #948, 1.899999999999044009 ) ;
#645 = CIRCLE ( 'NONE', #116, 2.649999999999999467 ) ;
#646 = PLANE ( 'NONE',  #2027 ) ;
#647 = LINE ( 'NONE', #1741, #1407 ) ;
#648 = ORIENTED_EDGE ( 'NONE', *, *, #1850, .F. ) ;
#649 = ORIENTED_EDGE ( 'NONE', *, *, #539, .F. ) ;
#650 = DIRECTION ( 'NONE',  ( -0.7668107407455122537, 0.6418732646537934627, 0.000000000000000000 ) ) ;
#651 = DIRECTION ( 'NONE',  ( 1.000000000000000000, 0.000000000000000000, 0.000000000000000000 ) ) ;
#652 = CARTESIAN_POINT ( 'NONE',  ( -7.729159201799995493, -5.865644134339918231E-14, -117.1999999999997897 ) ) ;
#653 = VERTEX_POINT ( 'NONE', #103 ) ;
#654 = ORIENTED_EDGE ( 'NONE', *, *, #141, .T. ) ;
#655 = ADVANCED_FACE ( 'NONE', ( #2123, #499 ), #1950, .T. ) ;
#656 = EDGE_CURVE ( 'NONE', #1354, #417, #1402, .T. ) ;
#657 = AXIS2_PLACEMENT_3D ( 'NONE', #144, #1992, #1084 ) ;
#658 = FACE_OUTER_BOUND ( 'NONE', #2103, .T. ) ;
#659 = DIRECTION ( 'NONE',  ( 1.414657268890346879E-16, -2.379049338482478526E-15, 1.000000000000000000 ) ) ;
#660 = ORIENTED_EDGE ( 'NONE', *, *, #907, .T. ) ;
#661 = VECTOR ( 'NONE', #204, 1000.000000000000000 ) ;
#662 = EDGE_LOOP ( 'NONE', ( #373, #1579, #728, #1822 ) ) ;
#663 = FACE_OUTER_BOUND ( 'NONE', #744, .T. ) ;
#664 = LINE ( 'NONE', #2133, #360 ) ;
#665 = VECTOR ( 'NONE', #637, 1000.000000000000000 ) ;
#666 = FACE_OUTER_BOUND ( 'NONE', #1462, .T. ) ;
#667 = VECTOR ( 'NONE', #2096, 1000.000000000000227 ) ;
#668 = ORIENTED_EDGE ( 'NONE', *, *, #1903, .F. ) ;
#669 = EDGE_CURVE ( 'NONE', #1493, #2114, #1976, .T. ) ;
#670 = VERTEX_POINT ( 'NONE', #652 ) ;
#671 = EDGE_CURVE ( 'NONE', #1051, #516, #1558, .T. ) ;
#672 = FACE_OUTER_BOUND ( 'NONE', #176, .T. ) ;
#673 = CARTESIAN_POINT ( 'NONE',  ( -4.000000000001073808, -52.99999999999992895, -82.40000000000972591 ) ) ;
#674 = ORIENTED_EDGE ( 'NONE', *, *, #1862, .F. ) ;
#675 = VERTEX_POINT ( 'NONE', #639 ) ;
#676 = CARTESIAN_POINT ( 'NONE',  ( -4.974999999999629274, 11.90784930203486880, -108.8259884629744789 ) ) ;
#677 = DIRECTION ( 'NONE',  ( 2.829314537780693759E-16, -4.758098676964957053E-15, 1.000000000000000000 ) ) ;
#678 = CYLINDRICAL_SURFACE ( 'NONE', #2314, 3.549999999999917666 ) ;
#679 = VERTEX_POINT ( 'NONE', #2090 ) ;
#680 = ORIENTED_EDGE ( 'NONE', *, *, #1620, .F. ) ;
#681 = CARTESIAN_POINT ( 'NONE',  ( 21.95673594181084098, -55.55000000007794370, -69.35000000000003695 ) ) ;
#682 = VECTOR ( 'NONE', #1821, 1000.000000000000227 ) ;
#683 = ORIENTED_EDGE ( 'NONE', *, *, #638, .F. ) ;
#684 = CIRCLE ( 'NONE', #1172, 2.649999999999999467 ) ;
#685 = FACE_OUTER_BOUND ( 'NONE', #581, .T. ) ;
#686 = DIRECTION ( 'NONE',  ( -2.829314537780693759E-16, 4.758098676964957053E-15, -1.000000000000000000 ) ) ;
#687 = DIRECTION ( 'NONE',  ( 0.000000000000000000, 1.000000000000000000, 5.236901059552626099E-15 ) ) ;
#688 = CIRCLE ( 'NONE', #2017, 3.549999999999917666 ) ;
#689 = DIRECTION ( 'NONE',  ( 0.6976007928767717914, -0.5066325758267518076, 0.5066325758267522517 ) ) ;
#690 = EDGE_LOOP ( 'NONE', ( #1320, #751, #464, #1106 ) ) ;
#691 = ORIENTED_EDGE ( 'NONE', *, *, #2220, .T. ) ;
#692 = PLANE ( 'NONE',  #1837 ) ;
#693 = CARTESIAN_POINT ( 'NONE',  ( 1.267889254004311606E-12, -13.39999999999901092, -117.1999999999998607 ) ) ;
#694 = ORIENTED_EDGE ( 'NONE', *, *, #809, .F. ) ;
#695 = EDGE_CURVE ( 'NONE', #1405, #1535, #415, .T. ) ;
#696 = DIRECTION ( 'NONE',  ( 3.154042683597136586E-16, -2.523234146877709268E-15, 1.000000000000000000 ) ) ;
#697 = DIRECTION ( 'NONE',  ( -2.829314537780693759E-16, 4.758098676964957053E-15, -1.000000000000000000 ) ) ;
#698 = DIRECTION ( 'NONE',  ( 0.3431409490534293449, -0.9392839235730119363, -4.566290961613674262E-15 ) ) ;
#699 = VECTOR ( 'NONE', #1780, 1000.000000000000000 ) ;
#700 = EDGE_CURVE ( 'NONE', #2345, #1202, #841, .T. ) ;
#701 = CARTESIAN_POINT ( 'NONE',  ( 10.69541689572047360, -9.189102397467079797, -119.4999999999998295 ) ) ;
#702 = EDGE_CURVE ( 'NONE', #1469, #187, #1482, .T. ) ;
#703 = VERTEX_POINT ( 'NONE', #521 ) ;
#704 = CARTESIAN_POINT ( 'NONE',  ( -7.499999999999926281, -61.99999999999988631, -94.15000000000006253 ) ) ;
#705 = ORIENTED_EDGE ( 'NONE', *, *, #1283, .T. ) ;
#706 = VECTOR ( 'NONE', #275, 1000.000000000000114 ) ;
#707 = DIRECTION ( 'NONE',  ( 0.000000000000000000, 1.000000000000000000, 3.909236002201341921E-15 ) ) ;
#708 = DIRECTION ( 'NONE',  ( -1.414657268890346879E-16, 2.379049338482478526E-15, -1.000000000000000000 ) ) ;
#709 = ORIENTED_EDGE ( 'NONE', *, *, #940, .T. ) ;
#710 = ORIENTED_EDGE ( 'NONE', *, *, #1882, .F. ) ;
#711 = CARTESIAN_POINT ( 'NONE',  ( -4.974999999999631051, 11.90784930203490788, -114.1999999999997328 ) ) ;
#712 = DIRECTION ( 'NONE',  ( 1.414657268890346879E-16, -2.379049338482478526E-15, 1.000000000000000000 ) ) ;
#713 = DIRECTION ( 'NONE',  ( -2.829314537780693759E-16, 4.758098676964957053E-15, -1.000000000000000000 ) ) ;
#714 = ORIENTED_EDGE ( 'NONE', *, *, #1254, .F. ) ;
#715 = EDGE_CURVE ( 'NONE', #326, #2168, #644, .T. ) ;
#716 = ORIENTED_EDGE ( 'NONE', *, *, #318, .F. ) ;
#717 = CARTESIAN_POINT ( 'NONE',  ( 19.99999999999998934, -26.99999999999978328, -104.1999999999998892 ) ) ;
#718 = DIRECTION ( 'NONE',  ( 0.000000000000000000, 1.000000000000000000, 3.909236002201341921E-15 ) ) ;
#719 = ORIENTED_EDGE ( 'NONE', *, *, #237, .F. ) ;
#720 = VECTOR ( 'NONE', #489, 1000.000000000000000 ) ;
#721 = CIRCLE ( 'NONE', #1891, 1.900000000002652234 ) ;
#722 = ORIENTED_EDGE ( 'NONE', *, *, #306, .F. ) ;
#723 = CARTESIAN_POINT ( 'NONE',  ( -2.610287666322979483, -13.85705393449213041, -74.26748904726102296 ) ) ;
#724 = DIRECTION ( 'NONE',  ( -1.414657268890346879E-16, 2.379049338482478526E-15, -1.000000000000000000 ) ) ;
#725 = AXIS2_PLACEMENT_3D ( 'NONE', #1207, #1935, #1400 ) ;
#726 = FACE_BOUND ( 'NONE', #797, .T. ) ;
#727 = CARTESIAN_POINT ( 'NONE',  ( 4.725000000002107292, -11.47483660014214202, -114.1999999999998465 ) ) ;
#728 = ORIENTED_EDGE ( 'NONE', *, *, #1283, .F. ) ;
#729 = AXIS2_PLACEMENT_3D ( 'NONE', #1651, #2186, #1986 ) ;
#730 = CARTESIAN_POINT ( 'NONE',  ( -13.30570456204283580, -4.667951537024407571, -74.26748904726096612 ) ) ;
#731 = DIRECTION ( 'NONE',  ( 1.000000000000000000, -6.921589929084501615E-16, -2.829314537780726792E-16 ) ) ;
#732 = VERTEX_POINT ( 'NONE', #1243 ) ;
#733 = EDGE_CURVE ( 'NONE', #2243, #1954, #2195, .T. ) ;
#734 = ORIENTED_EDGE ( 'NONE', *, *, #886, .T. ) ;
#735 = LINE ( 'NONE', #1616, #456 ) ;
#736 = DIRECTION ( 'NONE',  ( 0.9392839235730119363, 0.3431409490534293449, 0.000000000000000000 ) ) ;
#738 = CARTESIAN_POINT ( 'NONE',  ( 40.05000000000003268, -29.99999999999992184, -74.59999999999996589 ) ) ;
#737 = AXIS2_PLACEMENT_3D ( 'NONE', #1448, #2128, #707 ) ;
#739 = AXIS2_PLACEMENT_3D ( 'NONE', #1165, #1770, #1944 ) ;
#740 = FACE_OUTER_BOUND ( 'NONE', #494, .T. ) ;
#741 = ORIENTED_EDGE ( 'NONE', *, *, #2024, .T. ) ;
#742 = ADVANCED_FACE ( 'NONE', ( #2160 ), #558, .F. ) ;
#743 = AXIS2_PLACEMENT_3D ( 'NONE', #194, #698, #736 ) ;
#744 = EDGE_LOOP ( 'NONE', ( #1278, #1598, #2231, #648 ) ) ;
#745 = EDGE_CURVE ( 'NONE', #1627, #1879, #1630, .T. ) ;
#746 = DIRECTION ( 'NONE',  ( 2.829314537780693759E-16, -4.758098676964957053E-15, 1.000000000000000000 ) ) ;
#747 = DIRECTION ( 'NONE',  ( -2.829314537780693759E-16, 4.758098676964957053E-15, -1.000000000000000000 ) ) ;
#748 = CARTESIAN_POINT ( 'NONE',  ( -8.525000000001341505, -11.47483660014702878, -108.8259884629745926 ) ) ;
#749 = FACE_OUTER_BOUND ( 'NONE', #485, .T. ) ;
#750 = DIRECTION ( 'NONE',  ( -0.1724731828275081758, 0.9850142137072687154, 0.000000000000000000 ) ) ;
#751 = ORIENTED_EDGE ( 'NONE', *, *, #54, .T. ) ;
#752 = EDGE_LOOP ( 'NONE', ( #245, #1446 ) ) ;
#753 = CARTESIAN_POINT ( 'NONE',  ( 40.00000000000002132, -61.99999999999982947, -97.67500000000009663 ) ) ;
#754 = VECTOR ( 'NONE', #2082, 1000.000000000000000 ) ;
#755 = DIRECTION ( 'NONE',  ( 1.000000000000000000, 0.000000000000000000, 0.000000000000000000 ) ) ;
#756 = VECTOR ( 'NONE', #2184, 1000.000000000000000 ) ;
#757 = DIRECTION ( 'NONE',  ( 0.000000000000000000, -1.000000000000000000, -5.551115123125782702E-15 ) ) ;
#758 = CIRCLE ( 'NONE', #604, 1.900000000000000577 ) ;
#759 = ADVANCED_FACE ( 'NONE', ( #749 ), #389, .F. ) ;
#760 = AXIS2_PLACEMENT_3D ( 'NONE', #862, #2287, #650 ) ;
#761 = CARTESIAN_POINT ( 'NONE',  ( -1.723052553508438955E-14, 13.40000000000028990, -119.4999999999997158 ) ) ;
#762 = ORIENTED_EDGE ( 'NONE', *, *, #1370, .T. ) ;
#763 = ORIENTED_EDGE ( 'NONE', *, *, #1966, .F. ) ;
#764 = DIRECTION ( 'NONE',  ( 4.881349231072853463E-16, -1.000000000000000000, -3.630468118044610585E-15 ) ) ;
#765 = FACE_OUTER_BOUND ( 'NONE', #468, .T. ) ;
#766 = LINE ( 'NONE', #2237, #897 ) ;
#767 = CARTESIAN_POINT ( 'NONE',  ( -7.729159201800007928, -5.762883040315991057E-14, -119.4999999999997868 ) ) ;
#768 = CARTESIAN_POINT ( 'NONE',  ( -6.875000000002280842, 11.90784930203486880, -108.8259884629744789 ) ) ;
#769 = ADVANCED_FACE ( 'NONE', ( #568 ), #1441, .F. ) ;
#770 = DIRECTION ( 'NONE',  ( 3.154042683597136586E-16, -2.523234146877709268E-15, 1.000000000000000000 ) ) ;
#771 = ORIENTED_EDGE ( 'NONE', *, *, #1222, .T. ) ;
#772 = CIRCLE ( 'NONE', #48, 1.900000000000000577 ) ;
#773 = ORIENTED_EDGE ( 'NONE', *, *, #635, .F. ) ;
#774 = LINE ( 'NONE', #595, #2232 ) ;
#775 = CARTESIAN_POINT ( 'NONE',  ( 10.69541689571983056, 9.189102397469476102, -117.1999999999997470 ) ) ;
#776 = CARTESIAN_POINT ( 'NONE',  ( -0.05000000000001049438, -61.99999999999983658, -94.67500000000009663 ) ) ;
#777 = CARTESIAN_POINT ( 'NONE',  ( 34.00000000002042810, -32.00000000015609203, -69.34999999999996589 ) ) ;
#778 =( NAMED_UNIT ( * ) PLANE_ANGLE_UNIT ( ) SI_UNIT ( $, .RADIAN. ) );
#779 = DIRECTION ( 'NONE',  ( -2.829314537780693759E-16, 4.758098676964957053E-15, -1.000000000000000000 ) ) ;
#780 = ORIENTED_EDGE ( 'NONE', *, *, #1016, .F. ) ;
#781 = ORIENTED_EDGE ( 'NONE', *, *, #1731, .T. ) ;
#782 = DIRECTION ( 'NONE',  ( -2.829314537780693759E-16, 4.758098676964957053E-15, -1.000000000000000000 ) ) ;
#783 = CYLINDRICAL_SURFACE ( 'NONE', #1151, 2.649999999999999467 ) ;
#784 = DIRECTION ( 'NONE',  ( 2.829314537780693759E-16, -4.758098676964957053E-15, 1.000000000000000000 ) ) ;
#785 = DIRECTION ( 'NONE',  ( -1.414657268890346879E-16, 2.379049338482478526E-15, -1.000000000000000000 ) ) ;
#786 = DIRECTION ( 'NONE',  ( -2.829314537780693759E-16, 4.758098676964957053E-15, -1.000000000000000000 ) ) ;
#787 = AXIS2_PLACEMENT_3D ( 'NONE', #1739, #1790, #619 ) ;
#788 = CARTESIAN_POINT ( 'NONE',  ( 6.625000000002104095, -11.47483660014215268, -114.1999999999998465 ) ) ;
#789 = ORIENTED_EDGE ( 'NONE', *, *, #1411, .F. ) ;
#790 = AXIS2_PLACEMENT_3D ( 'NONE', #825, #815, #1392 ) ;
#791 = AXIS2_PLACEMENT_3D ( 'NONE', #928, #1973, #344 ) ;
#792 = ORIENTED_EDGE ( 'NONE', *, *, #2094, .T. ) ;
#793 = EDGE_CURVE ( 'NONE', #598, #1285, #917, .T. ) ;
#794 = CARTESIAN_POINT ( 'NONE',  ( 20.00000000000001066, -27.00000000000011724, -34.43793713324313899 ) ) ;
#795 = CARTESIAN_POINT ( 'NONE',  ( -0.04999999999999307776, -30.00000000000011724, -34.43793713324313899 ) ) ;
#796 = CIRCLE ( 'NONE', #6, 2.649999999999999467 ) ;
#797 = EDGE_LOOP ( 'NONE', ( #2331, #118 ) ) ;
#798 = DIRECTION ( 'NONE',  ( -2.829314537780693759E-16, 4.758098676964957053E-15, -1.000000000000000000 ) ) ;
#799 = PLANE ( 'NONE',  #46 ) ;
#800 = UNCERTAINTY_MEASURE_WITH_UNIT (LENGTH_MEASURE( 1.000000000000000082E-05 ), #1982, 'distance_accuracy_value', 'NONE');
#801 = LINE ( 'NONE', #994, #1597 ) ;
#802 = VERTEX_POINT ( 'NONE', #1259 ) ;
#803 = VECTOR ( 'NONE', #1601, 1000.000000000000000 ) ;
#804 = ORIENTED_EDGE ( 'NONE', *, *, #1966, .T. ) ;
#805 = ADVANCED_FACE ( 'NONE', ( #1642 ), #2001, .F. ) ;
#806 = PLANE ( 'NONE',  #529 ) ;
#807 = CYLINDRICAL_SURFACE ( 'NONE', #1037, 1.900000000000000577 ) ;
#808 = DIRECTION ( 'NONE',  ( 1.414657268890346879E-16, -2.379049338482478526E-15, 1.000000000000000000 ) ) ;
#809 = EDGE_CURVE ( 'NONE', #2168, #326, #2125, .T. ) ;
#810 = ORIENTED_EDGE ( 'NONE', *, *, #1128, .T. ) ;
#811 = ORIENTED_EDGE ( 'NONE', *, *, #1161, .F. ) ;
#812 = CARTESIAN_POINT ( 'NONE',  ( 19.99999999999998224, 2.922175030254601056E-13, -119.4999999999998010 ) ) ;
#813 = CARTESIAN_POINT ( 'NONE',  ( -2.610287666324278888, 13.85705393449318557, -119.4999999999997158 ) ) ;
#814 = AXIS2_PLACEMENT_3D ( 'NONE', #2117, #1730, #1563 ) ;
#815 = DIRECTION ( 'NONE',  ( 1.414657268890346879E-16, -2.379049338482478526E-15, 1.000000000000000000 ) ) ;
#816 = ORIENTED_EDGE ( 'NONE', *, *, #1502, .F. ) ;
#817 = ORIENTED_EDGE ( 'NONE', *, *, #565, .F. ) ;
#818 = DIRECTION ( 'NONE',  ( -1.414657268890346879E-16, 2.379049338482478526E-15, -1.000000000000000000 ) ) ;
#819 = DIRECTION ( 'NONE',  ( -4.881349231072853463E-16, 1.000000000000000000, 3.630468118044610585E-15 ) ) ;
#820 = CARTESIAN_POINT ( 'NONE',  ( -3.864579600899078482, -6.693648218653315496, -117.1999999999998181 ) ) ;
#821 = VERTEX_POINT ( 'NONE', #357 ) ;
#822 = ORIENTED_EDGE ( 'NONE', *, *, #89, .T. ) ;
#823 = CYLINDRICAL_SURFACE ( 'NONE', #874, 1.899999999999996358 ) ;
#824 = LINE ( 'NONE', #1581, #964 ) ;
#825 = CARTESIAN_POINT ( 'NONE',  ( 21.95673594181084098, -52.00000000007800338, -69.35000000000002274 ) ) ;
#826 = CIRCLE ( 'NONE', #1056, 3.549999999999921219 ) ;
#827 = EDGE_CURVE ( 'NONE', #1389, #1244, #10, .T. ) ;
#828 = VERTEX_POINT ( 'NONE', #2011 ) ;
#829 = EDGE_CURVE ( 'NONE', #1902, #1908, #1429, .T. ) ;
#830 = AXIS2_PLACEMENT_3D ( 'NONE', #272, #107, #999 ) ;
#831 = VERTEX_POINT ( 'NONE', #701 ) ;
#832 = CIRCLE ( 'NONE', #451, 2.749999999997434941 ) ;
#833 = FACE_OUTER_BOUND ( 'NONE', #2119, .T. ) ;
#834 = DIRECTION ( 'NONE',  ( 0.9393813346027009015, 0.3428741871299859079, 1.365648689497495459E-15 ) ) ;
#835 = LINE ( 'NONE', #621, #706 ) ;
#836 = ORIENTED_EDGE ( 'NONE', *, *, #381, .F. ) ;
#837 = VERTEX_POINT ( 'NONE', #1831 ) ;
#838 = FACE_BOUND ( 'NONE', #270, .T. ) ;
#839 = DIRECTION ( 'NONE',  ( 0.7668107407454598512, 0.6418732646538558573, 2.837141453676938585E-15 ) ) ;
#840 = ADVANCED_FACE ( 'NONE', ( #2149, #195, #1811, #173, #726, #893 ), #547, .T. ) ;
#841 = LINE ( 'NONE', #1568, #533 ) ;
#842 = ORIENTED_EDGE ( 'NONE', *, *, #918, .T. ) ;
#843 = EDGE_CURVE ( 'NONE', #2023, #572, #1293, .T. ) ;
#844 = EDGE_CURVE ( 'NONE', #675, #1717, #1273, .T. ) ;
#845 = ORIENTED_EDGE ( 'NONE', *, *, #1862, .T. ) ;
#846 = VECTOR ( 'NONE', #1804, 1000.000000000000000 ) ;
#847 = CARTESIAN_POINT ( 'NONE',  ( -9.050000000000006040, -29.99999999999988631, -82.26408761284557158 ) ) ;
#848 = DIRECTION ( 'NONE',  ( -2.829314537780693759E-16, 4.758098676964957053E-15, -1.000000000000000000 ) ) ;
#849 = VERTEX_POINT ( 'NONE', #1883 ) ;
#850 = AXIS2_PLACEMENT_3D ( 'NONE', #1650, #156, #890 ) ;
#851 = ORIENTED_EDGE ( 'NONE', *, *, #306, .T. ) ;
#852 = DIRECTION ( 'NONE',  ( 2.829314537780693759E-16, -4.758098676964957053E-15, 1.000000000000000000 ) ) ;
#853 = DIRECTION ( 'NONE',  ( 0.7668107407454950453, 0.6418732646538140019, 0.000000000000000000 ) ) ;
#854 = DIRECTION ( 'NONE',  ( -2.829314537780693759E-16, 4.758098676964957053E-15, -1.000000000000000000 ) ) ;
#855 = ORIENTED_EDGE ( 'NONE', *, *, #159, .F. ) ;
#856 = ORIENTED_EDGE ( 'NONE', *, *, #1618, .F. ) ;
#857 = CARTESIAN_POINT ( 'NONE',  ( -0.05000000000000998784, 2.788354244918708215E-13, -117.1999999999997897 ) ) ;
#858 = DIRECTION ( 'NONE',  ( -1.414657268890346879E-16, 2.379049338482478526E-15, -1.000000000000000000 ) ) ;
#859 = ORIENTED_EDGE ( 'NONE', *, *, #242, .T. ) ;
#860 = EDGE_CURVE ( 'NONE', #113, #2085, #605, .T. ) ;
#861 = ORIENTED_EDGE ( 'NONE', *, *, #2220, .F. ) ;
#862 = CARTESIAN_POINT ( 'NONE',  ( 13.30570456204473651, -4.667951537023273367, -74.26748904726099454 ) ) ;
#863 = PLANE ( 'NONE',  #19 ) ;
#864 = CARTESIAN_POINT ( 'NONE',  ( 40.00000000000002132, -61.99999999999982236, -99.67500000000009663 ) ) ;
#865 = ORIENTED_EDGE ( 'NONE', *, *, #423, .T. ) ;
#866 = AXIS2_PLACEMENT_3D ( 'NONE', #363, #899, #2344 ) ;
#867 = ADVANCED_FACE ( 'NONE', ( #1341 ), #1529, .F. ) ;
#868 = VERTEX_POINT ( 'NONE', #1686 ) ;
#869 = VECTOR ( 'NONE', #1795, 1000.000000000000000 ) ;
#870 = CARTESIAN_POINT ( 'NONE',  ( -10.69541689571856757, -9.189102397468207784, -117.1999999999998323 ) ) ;
#871 = CIRCLE ( 'NONE', #450, 3.549999999999917666 ) ;
#872 = ORIENTED_EDGE ( 'NONE', *, *, #1047, .T. ) ;
#873 = EDGE_CURVE ( 'NONE', #244, #598, #249, .T. ) ;
#874 = AXIS2_PLACEMENT_3D ( 'NONE', #1390, #686, #1775 ) ;
#875 = ADVANCED_FACE ( 'NONE', ( #1706 ), #2042, .F. ) ;
#876 = VERTEX_POINT ( 'NONE', #2031 ) ;
#877 = DIRECTION ( 'NONE',  ( -2.829314537780693759E-16, 4.758098676964957053E-15, -1.000000000000000000 ) ) ;
#878 = CARTESIAN_POINT ( 'NONE',  ( 34.00000000002042810, -32.00000000015608492, -73.59999999999996589 ) ) ;
#879 = VECTOR ( 'NONE', #328, 1000.000000000000000 ) ;
#880 = DIRECTION ( 'NONE',  ( 2.829314537780693759E-16, -4.758098676964957053E-15, 1.000000000000000000 ) ) ;
#881 = ORIENTED_EDGE ( 'NONE', *, *, #1108, .F. ) ;
#882 = DIRECTION ( 'NONE',  ( 0.000000000000000000, 1.000000000000000000, 0.000000000000000000 ) ) ;
#883 = EDGE_LOOP ( 'NONE', ( #2213, #1933 ) ) ;
#884 = LINE ( 'NONE', #1814, #465 ) ;
#885 = ORIENTED_EDGE ( 'NONE', *, *, #1222, .F. ) ;
#886 = EDGE_CURVE ( 'NONE', #868, #1152, #1331, .T. ) ;
#887 =( GEOMETRIC_REPRESENTATION_CONTEXT ( 3 ) GLOBAL_UNCERTAINTY_ASSIGNED_CONTEXT ( ( #1160 ) ) GLOBAL_UNIT_ASSIGNED_CONTEXT ( ( #2043, #778, #2063 ) ) REPRESENTATION_CONTEXT ( 'NONE', 'WORKASPACE' ) );
#888 = FACE_OUTER_BOUND ( 'NONE', #981, .T. ) ;
#889 = ADVANCED_FACE ( 'NONE', ( #2239 ), #410, .F. ) ;
#890 = DIRECTION ( 'NONE',  ( 0.000000000000000000, 1.000000000000000000, 5.236901059552631621E-15 ) ) ;
#891 = DIRECTION ( 'NONE',  ( -0.8091295337755755046, 2.796003066714540579E-15, -0.5876303239045103100 ) ) ;
#892 = CIRCLE ( 'NONE', #1272, 1.900000000000000577 ) ;
#893 = FACE_BOUND ( 'NONE', #225, .T. ) ;
#894 = ORIENTED_EDGE ( 'NONE', *, *, #228, .T. ) ;
#895 = DIRECTION ( 'NONE',  ( 0.9850142137072688264, 0.1724731828275082035, 5.419529195472425797E-16 ) ) ;
#896 = ORIENTED_EDGE ( 'NONE', *, *, #1573, .T. ) ;
#897 = VECTOR ( 'NONE', #432, 1000.000000000000000 ) ;
#898 = CARTESIAN_POINT ( 'NONE',  ( 21.95673594181084098, -52.00000000007799628, -73.60000000000002274 ) ) ;
#899 = DIRECTION ( 'NONE',  ( -2.829314537780693759E-16, 4.758098676964957053E-15, -1.000000000000000000 ) ) ;
#900 = ORIENTED_EDGE ( 'NONE', *, *, #172, .F. ) ;
#901 = ORIENTED_EDGE ( 'NONE', *, *, #1044, .T. ) ;
#902 = CARTESIAN_POINT ( 'NONE',  ( 2.610287666325493916, -13.85705393449211442, -117.1999999999998607 ) ) ;
#903 = CARTESIAN_POINT ( 'NONE',  ( 40.00000000000002842, -26.99999999999995737, -68.59999999999996589 ) ) ;
#904 = DIRECTION ( 'NONE',  ( 0.000000000000000000, 1.000000000000000000, 5.236901059552626099E-15 ) ) ;
#905 = EDGE_CURVE ( 'NONE', #1002, #653, #688, .T. ) ;
#906 = CARTESIAN_POINT ( 'NONE',  ( -4.000000000001067590, -61.99999999999994316, -76.90000000001488445 ) ) ;
#907 = EDGE_CURVE ( 'NONE', #617, #1965, #612, .T. ) ;
#908 = ORIENTED_EDGE ( 'NONE', *, *, #2235, .F. ) ;
#909 = DIRECTION ( 'NONE',  ( -0.9392839235730117142, 0.3431409490534300666, 1.898451461710506475E-15 ) ) ;
#910 = CARTESIAN_POINT ( 'NONE',  ( 20.00000000000001066, -27.00000000000011724, -34.43793713324313899 ) ) ;
#911 = ORIENTED_EDGE ( 'NONE', *, *, #1684, .F. ) ;
#912 = CIRCLE ( 'NONE', #2269, 2.650000000000000355 ) ;
#913 = ORIENTED_EDGE ( 'NONE', *, *, #1146, .F. ) ;
#914 = CARTESIAN_POINT ( 'NONE',  ( 19.99999999999998579, -26.99999999999973710, -114.1999999999999318 ) ) ;
#915 = CYLINDRICAL_SURFACE ( 'NONE', #131, 1.899999999999919087 ) ;
#916 = AXIS2_PLACEMENT_3D ( 'NONE', #305, #1232, #1914 ) ;
#917 = LINE ( 'NONE', #1294, #1753 ) ;
#918 = EDGE_CURVE ( 'NONE', #1500, #2014, #1369, .T. ) ;
#919 = DIRECTION ( 'NONE',  ( -0.3428741871299858524, 0.9393813346027007904, 4.566678977566347218E-15 ) ) ;
#920 = EDGE_CURVE ( 'NONE', #821, #1951, #433, .T. ) ;
#921 = ORIENTED_EDGE ( 'NONE', *, *, #523, .T. ) ;
#922 = VECTOR ( 'NONE', #2060, 1000.000000000000000 ) ;
#923 = EDGE_CURVE ( 'NONE', #628, #1434, #2, .T. ) ;
#924 = ORIENTED_EDGE ( 'NONE', *, *, #1234, .T. ) ;
#925 = LINE ( 'NONE', #386, #1938 ) ;
#926 = DIRECTION ( 'NONE',  ( -0.1724731828275076484, -0.9850142137072688264, -5.724854400729084896E-15 ) ) ;
#927 = FACE_OUTER_BOUND ( 'NONE', #2153, .T. ) ;
#928 = CARTESIAN_POINT ( 'NONE',  ( -1.573098883006062856E-14, 2.645502864392511110E-13, -114.1999999999997897 ) ) ;
#929 = LINE ( 'NONE', #346, #69 ) ;
#930 = ORIENTED_EDGE ( 'NONE', *, *, #200, .F. ) ;
#931 = ORIENTED_EDGE ( 'NONE', *, *, #172, .T. ) ;
#932 = DIRECTION ( 'NONE',  ( 3.154042683597136586E-16, -2.523234146877709268E-15, 1.000000000000000000 ) ) ;
#933 = DIRECTION ( 'NONE',  ( -2.829314537780693759E-16, 4.758098676964957053E-15, -1.000000000000000000 ) ) ;
#934 = CARTESIAN_POINT ( 'NONE',  ( -10.69541689571919640, 9.189102397468341010, -117.1999999999997328 ) ) ;
#935 = EDGE_CURVE ( 'NONE', #2190, #1244, #1865, .T. ) ;
#936 = LINE ( 'NONE', #588, #1827 ) ;
#937 = CARTESIAN_POINT ( 'NONE',  ( -6.875000000002280842, 11.90784930203486880, -108.8259884629744789 ) ) ;
#938 = DIRECTION ( 'NONE',  ( 1.000000000000000000, 0.000000000000000000, 0.000000000000000000 ) ) ;
#939 = VERTEX_POINT ( 'NONE', #1124 ) ;
#940 = EDGE_CURVE ( 'NONE', #1410, #486, #188, .T. ) ;
#941 = ORIENTED_EDGE ( 'NONE', *, *, #1253, .F. ) ;
#942 = CARTESIAN_POINT ( 'NONE',  ( 8.525000000002098233, -11.47483660014212958, -119.4999999999998437 ) ) ;
#943 = DIRECTION ( 'NONE',  ( 3.154042683597136586E-16, -2.523234146877709268E-15, 1.000000000000000000 ) ) ;
#944 = EDGE_CURVE ( 'NONE', #1434, #1205, #936, .T. ) ;
#945 = CIRCLE ( 'NONE', #1287, 2.749999999997434941 ) ;
#946 = DIRECTION ( 'NONE',  ( 0.000000000000000000, 1.000000000000000000, 3.909236002201319044E-15 ) ) ;
#947 = CARTESIAN_POINT ( 'NONE',  ( -1.657978319139483861E-14, 2.788245824701459664E-13, -117.1999999999997897 ) ) ;
#948 = AXIS2_PLACEMENT_3D ( 'NONE', #2350, #20, #183 ) ;
#949 = AXIS2_PLACEMENT_3D ( 'NONE', #1987, #535, #904 ) ;
#950 = CARTESIAN_POINT ( 'NONE',  ( -6.625000000001342926, -11.47483660014700213, -114.1999999999998465 ) ) ;
#951 = ORIENTED_EDGE ( 'NONE', *, *, #733, .T. ) ;
#952 = ORIENTED_EDGE ( 'NONE', *, *, #28, .F. ) ;
#953 = CARTESIAN_POINT ( 'NONE',  ( 7.729159201800639423, 1.344935757505556870E-12, -119.4999999999997868 ) ) ;
#954 = DIRECTION ( 'NONE',  ( 1.414657268890346879E-16, -2.379049338482478526E-15, 1.000000000000000000 ) ) ;
#955 = DIRECTION ( 'NONE',  ( 0.000000000000000000, 1.000000000000000000, 5.236901059552626099E-15 ) ) ;
#956 = EDGE_CURVE ( 'NONE', #2014, #1140, #42, .T. ) ;
#957 = CARTESIAN_POINT ( 'NONE',  ( -4.000000000001068479, -61.99999999999993605, -79.65000000001232650 ) ) ;
#958 = DIRECTION ( 'NONE',  ( -7.344588673167348204E-31, -1.000000000000000000, -4.974939111462057939E-15 ) ) ;
#959 = VECTOR ( 'NONE', #2004, 1000.000000000000000 ) ;
#960 = CARTESIAN_POINT ( 'NONE',  ( -1.162140946393417293E-14, 1.954389031563351164E-13, -99.67499999999979821 ) ) ;
#961 = ORIENTED_EDGE ( 'NONE', *, *, #972, .T. ) ;
#962 = AXIS2_PLACEMENT_3D ( 'NONE', #1860, #933, #1142 ) ;
#963 = EDGE_LOOP ( 'NONE', ( #1299, #1492 ) ) ;
#964 = VECTOR ( 'NONE', #839, 1000.000000000000227 ) ;
#965 = CARTESIAN_POINT ( 'NONE',  ( -9.050000000000011369, -29.99999999999980460, -99.67499999999992610 ) ) ;
#966 = DIRECTION ( 'NONE',  ( 0.000000000000000000, 1.000000000000000000, 5.236901059552626099E-15 ) ) ;
#967 = CARTESIAN_POINT ( 'NONE',  ( -9.050000000000013145, -26.99999999999976907, -104.1999999999998749 ) ) ;
#968 = DIRECTION ( 'NONE',  ( 1.414657268890346879E-16, -2.379049338482478526E-15, 1.000000000000000000 ) ) ;
#969 = DIRECTION ( 'NONE',  ( 0.000000000000000000, 1.000000000000000000, 2.379049338482478526E-15 ) ) ;
#970 = LINE ( 'NONE', #864, #1250 ) ;
#971 = ORIENTED_EDGE ( 'NONE', *, *, #1340, .F. ) ;
#972 = EDGE_CURVE ( 'NONE', #353, #837, #832, .T. ) ;
#973 = EDGE_LOOP ( 'NONE', ( #2068, #1361, #560, #971 ) ) ;
#974 = PLANE ( 'NONE',  #1171 ) ;
#975 = DIRECTION ( 'NONE',  ( -1.000000000000000000, 2.168404344970997035E-16, 2.829314537780704112E-16 ) ) ;
#976 = CYLINDRICAL_SURFACE ( 'NONE', #1428, 1.899999999999922640 ) ;
#977 = CARTESIAN_POINT ( 'NONE',  ( 21.95673594181084098, -52.00000000007800338, -69.35000000000002274 ) ) ;
#978 = SURFACE_SIDE_STYLE ('',( #1342 ) ) ;
#979 = AXIS2_PLACEMENT_3D ( 'NONE', #1714, #818, #882 ) ;
#980 = DIRECTION ( 'NONE',  ( 4.881349231072853463E-16, -1.000000000000000000, -3.630468118044610585E-15 ) ) ;
#981 = EDGE_LOOP ( 'NONE', ( #705, #1778, #913, #816 ) ) ;
#982 = ADVANCED_FACE ( 'NONE', ( #1328 ), #1144, .F. ) ;
#983 = VECTOR ( 'NONE', #1082, 1000.000000000000000 ) ;
#984 = EDGE_CURVE ( 'NONE', #105, #417, #481, .T. ) ;
#985 = VECTOR ( 'NONE', #1114, 1000.000000000000000 ) ;
#986 = EDGE_LOOP ( 'NONE', ( #1577, #622, #382, #1094 ) ) ;
#987 = DIRECTION ( 'NONE',  ( 0.000000000000000000, 1.000000000000000000, 0.000000000000000000 ) ) ;
#988 = DIRECTION ( 'NONE',  ( 0.000000000000000000, 1.000000000000000000, 5.236901059552622943E-15 ) ) ;
#989 = CARTESIAN_POINT ( 'NONE',  ( 8.696166260317392371, -32.00000000015610624, -69.34999999999996589 ) ) ;
#990 = ORIENTED_EDGE ( 'NONE', *, *, #1687, .F. ) ;
#991 = ORIENTED_EDGE ( 'NONE', *, *, #1254, .T. ) ;
#992 = LINE ( 'NONE', #812, #1672 ) ;
#993 = CARTESIAN_POINT ( 'NONE',  ( -0.05000000000001791206, -61.99999999999987210, -97.67500000000009663 ) ) ;
#994 = CARTESIAN_POINT ( 'NONE',  ( 5.479780801402630352, -26.99999999999967670, -124.7453091929812246 ) ) ;
#995 = VERTEX_POINT ( 'NONE', #279 ) ;
#996 = STYLED_ITEM ( 'NONE', ( #31 ), #1718 ) ;
#997 = AXIS2_PLACEMENT_3D ( 'NONE', #768, #2252, #1897 ) ;
#998 = ORIENTED_EDGE ( 'NONE', *, *, #351, .T. ) ;
#999 = DIRECTION ( 'NONE',  ( 0.000000000000000000, 1.000000000000000000, 5.236901059552626099E-15 ) ) ;
#1000 = CARTESIAN_POINT ( 'NONE',  ( -11.60474041071087292, 9.349999999999889511, -117.1999999999997328 ) ) ;
#1001 = DIRECTION ( 'NONE',  ( 0.000000000000000000, 1.000000000000000000, 0.000000000000000000 ) ) ;
#1002 = VERTEX_POINT ( 'NONE', #471 ) ;
#1003 = ADVANCED_FACE ( 'NONE', ( #663 ), #496, .F. ) ;
#1004 = ORIENTED_EDGE ( 'NONE', *, *, #626, .F. ) ;
#1005 = FACE_OUTER_BOUND ( 'NONE', #1677, .T. ) ;
#1006 = ADVANCED_FACE ( 'NONE', ( #1031, #88, #838, #124 ), #1042, .T. ) ;
#1007 = DIRECTION ( 'NONE',  ( 0.3431409490534276241, 0.9392839235730126024, 4.372120226480732638E-15 ) ) ;
#1008 = AXIS2_PLACEMENT_3D ( 'NONE', #1716, #286, #1550 ) ;
#1009 = CARTESIAN_POINT ( 'NONE',  ( -9.050000000000009592, -62.00000000000000711, -68.60000000000005116 ) ) ;
#1010 = ORIENTED_EDGE ( 'NONE', *, *, #241, .T. ) ;
#1011 = ORIENTED_EDGE ( 'NONE', *, *, #1117, .F. ) ;
#1012 = DIRECTION ( 'NONE',  ( -2.829314537780693759E-16, 4.758098676964957053E-15, -1.000000000000000000 ) ) ;
#1013 = CARTESIAN_POINT ( 'NONE',  ( 8.774999999998565059, 11.90784930203667003, -114.1999999999997328 ) ) ;
#1014 = VERTEX_POINT ( 'NONE', #1734 ) ;
#1015 = ORIENTED_EDGE ( 'NONE', *, *, #1850, .T. ) ;
#1016 = EDGE_CURVE ( 'NONE', #1086, #2118, #1103, .T. ) ;
#1017 = DIRECTION ( 'NONE',  ( 1.000000000000000000, 0.000000000000000000, 0.000000000000000000 ) ) ;
#1018 = CARTESIAN_POINT ( 'NONE',  ( 40.00000000000002132, -61.99999999999983658, -94.67500000000009663 ) ) ;
#1019 = ADVANCED_FACE ( 'NONE', ( #1005 ), #823, .F. ) ;
#1020 = DIRECTION ( 'NONE',  ( 0.000000000000000000, 1.000000000000000000, 5.236901059552622943E-15 ) ) ;
#1021 = CIRCLE ( 'NONE', #866, 2.649999999999999467 ) ;
#1022 = ORIENTED_EDGE ( 'NONE', *, *, #2072, .F. ) ;
#1023 = AXIS2_PLACEMENT_3D ( 'NONE', #2145, #1774, #148 ) ;
#1024 = ORIENTED_EDGE ( 'NONE', *, *, #1574, .F. ) ;
#1025 = VECTOR ( 'NONE', #537, 1000.000000000000000 ) ;
#1026 = AXIS2_PLACEMENT_3D ( 'NONE', #137, #1592, #1760 ) ;
#1027 = DIRECTION ( 'NONE',  ( 3.154042683597136586E-16, -2.523234146877709268E-15, 1.000000000000000000 ) ) ;
#1028 = DIRECTION ( 'NONE',  ( 1.000000000000000000, -6.365957710006628626E-16, -1.414657268890361917E-16 ) ) ;
#1029 = ORIENTED_EDGE ( 'NONE', *, *, #479, .F. ) ;
#1030 = ORIENTED_EDGE ( 'NONE', *, *, #1584, .F. ) ;
#1031 = FACE_BOUND ( 'NONE', #584, .T. ) ;
#1032 = CARTESIAN_POINT ( 'NONE',  ( 8.696166260317392371, -30.10000000015618937, -69.34999999999996589 ) ) ;
#1033 = AXIS2_PLACEMENT_3D ( 'NONE', #2194, #2348, #1440 ) ;
#1034 = DIRECTION ( 'NONE',  ( -2.829314537780693759E-16, 4.758098676964957053E-15, -1.000000000000000000 ) ) ;
#1035 = ORIENTED_EDGE ( 'NONE', *, *, #448, .T. ) ;
#1036 = ORIENTED_EDGE ( 'NONE', *, *, #1268, .F. ) ;
#1037 = AXIS2_PLACEMENT_3D ( 'NONE', #2257, #1906, #1918 ) ;
#1038 = CARTESIAN_POINT ( 'NONE',  ( -4.000000000001072031, -52.99999999999992895, -82.40000000000972591 ) ) ;
#1039 = LINE ( 'NONE', #1359, #1773 ) ;
#1040 = VERTEX_POINT ( 'NONE', #636 ) ;
#1041 = CARTESIAN_POINT ( 'NONE',  ( 3.864579600901390855, -6.693648218652331394, -119.4999999999998153 ) ) ;
#1042 = PLANE ( 'NONE',  #1600 ) ;
#1043 = CARTESIAN_POINT ( 'NONE',  ( -6.625000000001342038, -11.47483660014702878, -108.8259884629745926 ) ) ;
#1044 = EDGE_CURVE ( 'NONE', #995, #1877, #1898, .T. ) ;
#1045 = CARTESIAN_POINT ( 'NONE',  ( -6.625000000001344702, -11.47483660014697726, -119.4999999999998437 ) ) ;
#1046 = ORIENTED_EDGE ( 'NONE', *, *, #905, .T. ) ;
#1047 = EDGE_CURVE ( 'NONE', #1140, #1478, #1745, .T. ) ;
#1048 = ORIENTED_EDGE ( 'NONE', *, *, #1584, .T. ) ;
#1049 = DIRECTION ( 'NONE',  ( -2.829314537780693759E-16, 4.758098676964957053E-15, -1.000000000000000000 ) ) ;
#1050 = ORIENTED_EDGE ( 'NONE', *, *, #1999, .T. ) ;
#1051 = VERTEX_POINT ( 'NONE', #2274 ) ;
#1052 = DIRECTION ( 'NONE',  ( -2.829314537780693759E-16, 4.758098676964957053E-15, -1.000000000000000000 ) ) ;
#1053 = DIRECTION ( 'NONE',  ( -2.829314537780693759E-16, 4.758098676964957053E-15, -1.000000000000000000 ) ) ;
#1054 = DIRECTION ( 'NONE',  ( 2.829314537780693759E-16, -4.758098676964957053E-15, 1.000000000000000000 ) ) ;
#1055 = EDGE_LOOP ( 'NONE', ( #1139, #438, #2115, #85 ) ) ;
#1056 = AXIS2_PLACEMENT_3D ( 'NONE', #1805, #2305, #718 ) ;
#1057 = LINE ( 'NONE', #1347, #378 ) ;
#1058 = ADVANCED_FACE ( 'NONE', ( #1197 ), #1566, .F. ) ;
#1059 = ORIENTED_EDGE ( 'NONE', *, *, #202, .F. ) ;
#1060 = EDGE_CURVE ( 'NONE', #2118, #1086, #534, .T. ) ;
#1061 = CARTESIAN_POINT ( 'NONE',  ( 2.610287666324257128, 13.85705393449297418, -74.26748904726088085 ) ) ;
#1062 = AXIS2_PLACEMENT_3D ( 'NONE', #1940, #1476, #2174 ) ;
#1063 = CARTESIAN_POINT ( 'NONE',  ( -1.690515436323961093E-14, 16.05000000000028848, -119.4999999999997016 ) ) ;
#1064 = VERTEX_POINT ( 'NONE', #2311 ) ;
#1065 = AXIS2_PLACEMENT_3D ( 'NONE', #1819, #2021, #1786 ) ;
#1066 = DIRECTION ( 'NONE',  ( 0.8091295337755755046, -2.796003066714540579E-15, 0.5876303239045103100 ) ) ;
#1067 = DIRECTION ( 'NONE',  ( 1.414657268890346879E-16, -2.379049338482478526E-15, 1.000000000000000000 ) ) ;
#1068 = FACE_OUTER_BOUND ( 'NONE', #2293, .T. ) ;
#1069 = CARTESIAN_POINT ( 'NONE',  ( 21.95673594181084098, -52.00000000007800338, -68.60000000000002274 ) ) ;
#1070 = ORIENTED_EDGE ( 'NONE', *, *, #196, .T. ) ;
#1071 = DIRECTION ( 'NONE',  ( 0.1724731828275083145, 0.9850142137072687154, 4.637996738677114798E-15 ) ) ;
#1072 = ORIENTED_EDGE ( 'NONE', *, *, #2207, .F. ) ;
#1073 = PLANE ( 'NONE',  #1722 ) ;
#1074 = VERTEX_POINT ( 'NONE', #1414 ) ;
#1075 = VECTOR ( 'NONE', #400, 1000.000000000000000 ) ;
#1076 = CARTESIAN_POINT ( 'NONE',  ( -4.000000000001076472, -52.99999999999989342, -92.40000000000974012 ) ) ;
#1077 = CARTESIAN_POINT ( 'NONE',  ( -1.554306261115407362E-14, -4.999999999999722000, -117.1999999999998181 ) ) ;
#1078 = CARTESIAN_POINT ( 'NONE',  ( 5.479780801402640122, -31.99999999999968736, -124.7453091929812388 ) ) ;
#1079 = VECTOR ( 'NONE', #954, 1000.000000000000000 ) ;
#1080 = EDGE_CURVE ( 'NONE', #282, #244, #1923, .T. ) ;
#1081 = CARTESIAN_POINT ( 'NONE',  ( -9.050000000000016698, -31.99999999999970868, -119.4999999999999432 ) ) ;
#1082 = DIRECTION ( 'NONE',  ( -1.000000000000000000, -6.731078879466019206E-31, 2.829314537780693759E-16 ) ) ;
#1083 = ORIENTED_EDGE ( 'NONE', *, *, #923, .T. ) ;
#1084 = DIRECTION ( 'NONE',  ( 0.000000000000000000, 1.000000000000000000, 0.000000000000000000 ) ) ;
#1085 = PLANE ( 'NONE',  #1479 ) ;
#1086 = VERTEX_POINT ( 'NONE', #2111 ) ;
#1087 = ORIENTED_EDGE ( 'NONE', *, *, #1339, .T. ) ;
#1088 = FACE_OUTER_BOUND ( 'NONE', #553, .T. ) ;
#1089 = CARTESIAN_POINT ( 'NONE',  ( -13.30570456204346641, 4.667951537024127795, -74.26748904726093770 ) ) ;
#1090 = EDGE_CURVE ( 'NONE', #1239, #2286, #443, .T. ) ;
#1091 = ADVANCED_FACE ( 'NONE', ( #2120 ), #1169, .F. ) ;
#1092 = DIRECTION ( 'NONE',  ( 1.000000000000000000, -6.921589929084501615E-16, -2.829314537780726792E-16 ) ) ;
#1093 = DIRECTION ( 'NONE',  ( 1.000000000000000000, 0.000000000000000000, 0.000000000000000000 ) ) ;
#1094 = ORIENTED_EDGE ( 'NONE', *, *, #1556, .T. ) ;
#1095 = DIRECTION ( 'NONE',  ( -1.000000000000000000, 2.168404344970997035E-16, 2.829314537780704112E-16 ) ) ;
#1096 = DIRECTION ( 'NONE',  ( 0.1724731828275076484, 0.9850142137072688264, 0.000000000000000000 ) ) ;
#1097 = ORIENTED_EDGE ( 'NONE', *, *, #405, .T. ) ;
#1098 = VECTOR ( 'NONE', #782, 1000.000000000000000 ) ;
#1099 = DIRECTION ( 'NONE',  ( 6.731078879466019206E-31, 1.000000000000000000, 4.758098676964957053E-15 ) ) ;
#1100 = CARTESIAN_POINT ( 'NONE',  ( 2.610287666324261124, 13.85705393449308254, -117.1999999999997186 ) ) ;
#1101 = CARTESIAN_POINT ( 'NONE',  ( 11.60474041071147333, 6.700000000001026024, -119.4999999999997584 ) ) ;
#1102 = AXIS2_PLACEMENT_3D ( 'NONE', #1366, #2300, #1223 ) ;
#1103 = CIRCLE ( 'NONE', #573, 1.899999999999043121 ) ;
#1104 = DIRECTION ( 'NONE',  ( 6.731078879466019206E-31, 1.000000000000000000, 4.758098676964957053E-15 ) ) ;
#1105 = DIRECTION ( 'NONE',  ( -2.829314537780693759E-16, 4.758098676964957053E-15, -1.000000000000000000 ) ) ;
#1106 = ORIENTED_EDGE ( 'NONE', *, *, #702, .T. ) ;
#1107 = VECTOR ( 'NONE', #1464, 1000.000000000000227 ) ;
#1108 = EDGE_CURVE ( 'NONE', #1266, #828, #2088, .T. ) ;
#1109 = ORIENTED_EDGE ( 'NONE', *, *, #392, .T. ) ;
#1110 = CARTESIAN_POINT ( 'NONE',  ( -4.000000000001070255, -61.99999999999990763, -86.90000000001489866 ) ) ;
#1111 = DIRECTION ( 'NONE',  ( 2.829314537780693759E-16, -4.758098676964957053E-15, 1.000000000000000000 ) ) ;
#1112 = CARTESIAN_POINT ( 'NONE',  ( 21.95673594181084098, -55.55000000007794370, -68.60000000000003695 ) ) ;
#1114 = DIRECTION ( 'NONE',  ( 1.414657268890346879E-16, -2.379049338482478526E-15, 1.000000000000000000 ) ) ;
#1113 = VECTOR ( 'NONE', #1890, 1000.000000000000000 ) ;
#1115 = CARTESIAN_POINT ( 'NONE',  ( -9.050000000000014921, -31.99999999999975842, -109.6750000000000114 ) ) ;
#1116 = ORIENTED_EDGE ( 'NONE', *, *, #829, .T. ) ;
#1117 = EDGE_CURVE ( 'NONE', #1813, #2318, #992, .T. ) ;
#1118 = CIRCLE ( 'NONE', #2144, 20.00000000000000000 ) ;
#1119 = EDGE_LOOP ( 'NONE', ( #1030, #998, #307, #1724 ) ) ;
#1120 = EDGE_CURVE ( 'NONE', #1354, #1350, #645, .T. ) ;
#1121 = DIRECTION ( 'NONE',  ( 1.414657268890346879E-16, -2.379049338482478526E-15, 1.000000000000000000 ) ) ;
#1122 = CARTESIAN_POINT ( 'NONE',  ( 34.00000000002042810, -32.00000000015608492, -73.59999999999996589 ) ) ;
#1123 = DIRECTION ( 'NONE',  ( 0.000000000000000000, 1.000000000000000000, 5.551115123125782702E-15 ) ) ;
#1124 = CARTESIAN_POINT ( 'NONE',  ( 8.525000000002100009, -11.47483660014214202, -114.1999999999998465 ) ) ;
#1125 = LINE ( 'NONE', #2076, #1939 ) ;
#1126 = ORIENTED_EDGE ( 'NONE', *, *, #512, .T. ) ;
#1127 = EDGE_LOOP ( 'NONE', ( #961, #1375 ) ) ;
#1128 = EDGE_CURVE ( 'NONE', #1247, #1500, #2052, .T. ) ;
#1129 = DIRECTION ( 'NONE',  ( -0.7668107407454950453, -0.6418732646538140019, -2.837141453676729143E-15 ) ) ;
#1130 = STYLED_ITEM ( 'NONE', ( #1636 ), #310 ) ;
#1131 = LINE ( 'NONE', #2080, #1685 ) ;
#1132 = DIRECTION ( 'NONE',  ( 0.000000000000000000, -1.000000000000000000, -2.379049338482478526E-15 ) ) ;
#1133 = VECTOR ( 'NONE', #169, 1000.000000000000000 ) ;
#1134 = DIRECTION ( 'NONE',  ( -2.829314537780693759E-16, 4.758098676964957053E-15, -1.000000000000000000 ) ) ;
#1135 = FACE_OUTER_BOUND ( 'NONE', #1206, .T. ) ;
#1136 = AXIS2_PLACEMENT_3D ( 'NONE', #1689, #602, #2253 ) ;
#1137 = AXIS2_PLACEMENT_3D ( 'NONE', #1219, #1948, #265 ) ;
#1138 = DIRECTION ( 'NONE',  ( 0.000000000000000000, 1.000000000000000000, 3.909236002201319044E-15 ) ) ;
#1139 = ORIENTED_EDGE ( 'NONE', *, *, #1161, .T. ) ;
#1140 = VERTEX_POINT ( 'NONE', #149 ) ;
#1141 = DIRECTION ( 'NONE',  ( -4.881349231072853463E-16, 1.000000000000000000, 3.630468118044610585E-15 ) ) ;
#1142 = DIRECTION ( 'NONE',  ( 0.000000000000000000, 1.000000000000000000, 5.551115123125782702E-15 ) ) ;
#1143 = DIRECTION ( 'NONE',  ( -6.731078879466019206E-31, -1.000000000000000000, -4.758098676964957053E-15 ) ) ;
#1144 = CYLINDRICAL_SURFACE ( 'NONE', #343, 1.899999999999936406 ) ;
#1145 = CARTESIAN_POINT ( 'NONE',  ( 11.60474041071147333, 6.700000000001026024, -119.4999999999997584 ) ) ;
#1146 = EDGE_CURVE ( 'NONE', #2129, #47, #340, .T. ) ;
#1147 = ADVANCED_FACE ( 'NONE', ( #1817 ), #555, .F. ) ;
#1148 = CIRCLE ( 'NONE', #1421, 2.649999999999999467 ) ;
#1149 = DIRECTION ( 'NONE',  ( -2.829314537780693759E-16, 4.758098676964957053E-15, -1.000000000000000000 ) ) ;
#1150 = VERTEX_POINT ( 'NONE', #902 ) ;
#1151 = AXIS2_PLACEMENT_3D ( 'NONE', #1839, #2059, #966 ) ;
#1152 = VERTEX_POINT ( 'NONE', #366 ) ;
#1153 = AXIS2_PLACEMENT_3D ( 'NONE', #1554, #2100, #2275 ) ;
#1154 = DIRECTION ( 'NONE',  ( -0.9850142137072687154, 0.1724731828275083145, 1.099335926499761819E-15 ) ) ;
#1155 = CARTESIAN_POINT ( 'NONE',  ( 8.696166260317390595, -30.10000000015617516, -73.59999999999996589 ) ) ;
#1156 = ADVANCED_FACE ( 'NONE', ( #170 ), #1809, .F. ) ;
#1157 = DIRECTION ( 'NONE',  ( -2.829314537780693759E-16, 4.758098676964957053E-15, -1.000000000000000000 ) ) ;
#1158 = CARTESIAN_POINT ( 'NONE',  ( 34.00000000002042810, -28.45000000015617303, -69.34999999999995168 ) ) ;
#1159 = ADVANCED_FACE ( 'NONE', ( #1088 ), #16, .F. ) ;
#1160 = UNCERTAINTY_MEASURE_WITH_UNIT (LENGTH_MEASURE( 1.000000000000000082E-05 ), #2043, 'distance_accuracy_value', 'NONE');
#1161 = EDGE_CURVE ( 'NONE', #294, #1535, #2146, .T. ) ;
#1162 = DIRECTION ( 'NONE',  ( 0.000000000000000000, 1.000000000000000000, 5.236901059552626099E-15 ) ) ;
#1163 = ORIENTED_EDGE ( 'NONE', *, *, #923, .F. ) ;
#1164 = ORIENTED_EDGE ( 'NONE', *, *, #1475, .F. ) ;
#1165 = CARTESIAN_POINT ( 'NONE',  ( -4.000000000001075584, -52.99999999999990052, -89.65000000001229807 ) ) ;
#1166 = FACE_OUTER_BOUND ( 'NONE', #2165, .T. ) ;
#1167 = AXIS2_PLACEMENT_3D ( 'NONE', #1265, #1436, #1625 ) ;
#1168 = ORIENTED_EDGE ( 'NONE', *, *, #745, .T. ) ;
#1169 = CYLINDRICAL_SURFACE ( 'NONE', #725, 2.749999999997434941 ) ;
#1170 = DIRECTION ( 'NONE',  ( 0.1724731828275601064, -0.9850142137072596116, 0.000000000000000000 ) ) ;
#1171 = AXIS2_PLACEMENT_3D ( 'NONE', #1561, #1357, #70 ) ;
#1172 = AXIS2_PLACEMENT_3D ( 'NONE', #761, #779, #1162 ) ;
#1173 = DIRECTION ( 'NONE',  ( 0.9392839235730126024, -0.3431409490534276241, -1.908284800243204478E-15 ) ) ;
#1174 = EDGE_LOOP ( 'NONE', ( #2150, #1457, #591, #154 ) ) ;
#1175 = AXIS2_PLACEMENT_3D ( 'NONE', #114, #852, #1720 ) ;
#1176 = VECTOR ( 'NONE', #1996, 1000.000000000000000 ) ;
#1177 = ORIENTED_EDGE ( 'NONE', *, *, #351, .F. ) ;
#1178 = EDGE_CURVE ( 'NONE', #2168, #2118, #181, .T. ) ;
#1179 = CARTESIAN_POINT ( 'NONE',  ( -2.610287666322955946, -13.85705393449213041, -117.1999999999998465 ) ) ;
#1180 = CARTESIAN_POINT ( 'NONE',  ( -11.60474041071087292, 6.699999999999903366, -119.4999999999997442 ) ) ;
#1181 = DIRECTION ( 'NONE',  ( 0.1724731828275083145, 0.9850142137072687154, 5.724854400729095152E-15 ) ) ;
#1182 = ORIENTED_EDGE ( 'NONE', *, *, #2169, .F. ) ;
#1183 = EDGE_LOOP ( 'NONE', ( #1109, #1394, #1011, #1252, #1116 ) ) ;
#1184 = DIRECTION ( 'NONE',  ( -0.6418732646538559683, 0.7668107407454600732, 3.830167306933282884E-15 ) ) ;
#1185 = CYLINDRICAL_SURFACE ( 'NONE', #160, 2.649999999999999467 ) ;
#1186 = FACE_BOUND ( 'NONE', #1799, .T. ) ;
#1187 = ORIENTED_EDGE ( 'NONE', *, *, #2130, .F. ) ;
#1188 = CIRCLE ( 'NONE', #1381, 2.649999999999999467 ) ;
#1189 = AXIS2_PLACEMENT_3D ( 'NONE', #50, #1871, #1703 ) ;
#1190 = ORIENTED_EDGE ( 'NONE', *, *, #843, .F. ) ;
#1191 = EDGE_CURVE ( 'NONE', #1664, #104, #735, .T. ) ;
#1192 = ADVANCED_FACE ( 'NONE', ( #1280 ), #2158, .F. ) ;
#1193 = DIRECTION ( 'NONE',  ( 1.000000000000000000, 0.000000000000000000, 0.000000000000000000 ) ) ;
#1194 = CARTESIAN_POINT ( 'NONE',  ( 6.874999999999522160, 11.90784930203663095, -108.8259884629744789 ) ) ;
#1195 = VERTEX_POINT ( 'NONE', #1100 ) ;
#1196 = ORIENTED_EDGE ( 'NONE', *, *, #793, .F. ) ;
#1197 = FACE_OUTER_BOUND ( 'NONE', #2306, .T. ) ;
#1198 = DIRECTION ( 'NONE',  ( -2.829314537780693759E-16, 4.758098676964957053E-15, -1.000000000000000000 ) ) ;
#1199 = AXIS2_PLACEMENT_3D ( 'NONE', #1661, #398, #1123 ) ;
#1200 = CARTESIAN_POINT ( 'NONE',  ( 34.00000000002042810, -32.00000000015608492, -73.59999999999996589 ) ) ;
#1201 = EDGE_LOOP ( 'NONE', ( #856, #2104, #2047, #1190 ) ) ;
#1202 = VERTEX_POINT ( 'NONE', #914 ) ;
#1203 = FACE_OUTER_BOUND ( 'NONE', #1319, .T. ) ;
#1204 = DIRECTION ( 'NONE',  ( 1.414657268890346879E-16, -2.379049338482478526E-15, 1.000000000000000000 ) ) ;
#1205 = VERTEX_POINT ( 'NONE', #1077 ) ;
#1206 = EDGE_LOOP ( 'NONE', ( #1615, #122, #1769, #1868 ) ) ;
#1207 = CARTESIAN_POINT ( 'NONE',  ( -4.000000000001072920, -52.99999999999993605, -79.65000000001229807 ) ) ;
#1208 = LINE ( 'NONE', #1949, #1912 ) ;
#1209 = CARTESIAN_POINT ( 'NONE',  ( 34.00000000002042810, -32.00000000015609203, -69.34999999999996589 ) ) ;
#1210 = ORIENTED_EDGE ( 'NONE', *, *, #1502, .T. ) ;
#1211 = ORIENTED_EDGE ( 'NONE', *, *, #159, .T. ) ;
#1212 = AXIS2_PLACEMENT_3D ( 'NONE', #580, #1853, #1521 ) ;
#1213 = VECTOR ( 'NONE', #2062, 1000.000000000000000 ) ;
#1214 = DIRECTION ( 'NONE',  ( 1.414657268890346879E-16, -2.379049338482478526E-15, 1.000000000000000000 ) ) ;
#1215 = CARTESIAN_POINT ( 'NONE',  ( -0.05000000000001138256, -61.99999999999998579, -74.60000000000012221 ) ) ;
#1216 = ORIENTED_EDGE ( 'NONE', *, *, #1413, .F. ) ;
#1217 = PRODUCT_DEFINITION_SHAPE ( 'NONE', 'NONE',  #441 ) ;
#1218 = VERTEX_POINT ( 'NONE', #1829 ) ;
#1219 = CARTESIAN_POINT ( 'NONE',  ( 11.60474041071147333, 6.700000000001016254, -117.1999999999997613 ) ) ;
#1220 = FACE_OUTER_BOUND ( 'NONE', #1621, .T. ) ;
#1221 = VECTOR ( 'NONE', #2040, 1000.000000000000000 ) ;
#1222 = EDGE_CURVE ( 'NONE', #47, #1405, #1241, .T. ) ;
#1223 = DIRECTION ( 'NONE',  ( 0.000000000000000000, 1.000000000000000000, 0.000000000000000000 ) ) ;
#1224 = VERTEX_POINT ( 'NONE', #1796 ) ;
#1225 = ORIENTED_EDGE ( 'NONE', *, *, #211, .T. ) ;
#1226 = CARTESIAN_POINT ( 'NONE',  ( -1.690515436323961093E-14, 16.05000000000027782, -117.1999999999997044 ) ) ;
#1227 = DIRECTION ( 'NONE',  ( -2.829314537780693759E-16, 4.758098676964957053E-15, -1.000000000000000000 ) ) ;
#1228 = ORIENTED_EDGE ( 'NONE', *, *, #242, .F. ) ;
#1229 = CARTESIAN_POINT ( 'NONE',  ( -4.000000000001075584, -52.99999999999990052, -89.65000000001229807 ) ) ;
#1230 = DIRECTION ( 'NONE',  ( 0.000000000000000000, 1.000000000000000000, 3.909236002201341921E-15 ) ) ;
#1231 = CARTESIAN_POINT ( 'NONE',  ( -4.432825453193545524E-15, 13.40000000000007496, -74.26748904726088085 ) ) ;
#1232 = DIRECTION ( 'NONE',  ( -2.829314537780693759E-16, 4.758098676964957053E-15, -1.000000000000000000 ) ) ;
#1233 = ORIENTED_EDGE ( 'NONE', *, *, #2012, .F. ) ;
#1234 = EDGE_CURVE ( 'NONE', #289, #283, #1991, .T. ) ;
#1235 = DIRECTION ( 'NONE',  ( 6.731078879466019206E-31, 1.000000000000000000, 4.758098676964957053E-15 ) ) ;
#1236 = EDGE_LOOP ( 'NONE', ( #660, #1310, #364, #1560 ) ) ;
#1237 = LINE ( 'NONE', #1955, #1952 ) ;
#1238 = APPLICATION_PROTOCOL_DEFINITION ( 'draft international standard', 'automotive_design', 1998, #409 ) ;
#1239 = VERTEX_POINT ( 'NONE', #711 ) ;
#1240 = LINE ( 'NONE', #1076, #869 ) ;
#1241 = LINE ( 'NONE', #193, #2101 ) ;
#1242 = DIRECTION ( 'NONE',  ( 2.829314537780693759E-16, -4.758098676964957053E-15, 1.000000000000000000 ) ) ;
#1243 = CARTESIAN_POINT ( 'NONE',  ( -1.657978319139483861E-14, 5.000000000000278888, -117.1999999999997613 ) ) ;
#1244 = VERTEX_POINT ( 'NONE', #2336 ) ;
#1245 = CIRCLE ( 'NONE', #32, 3.549999999999917666 ) ;
#1246 = LINE ( 'NONE', #175, #2353 ) ;
#1247 = VERTEX_POINT ( 'NONE', #1439 ) ;
#1248 = VECTOR ( 'NONE', #1099, 1000.000000000000000 ) ;
#1249 = DIRECTION ( 'NONE',  ( -2.829314537780693759E-16, 4.758098676964957053E-15, -1.000000000000000000 ) ) ;
#1250 = VECTOR ( 'NONE', #292, 1000.000000000000000 ) ;
#1251 = SURFACE_SIDE_STYLE ('',( #526 ) ) ;
#1252 = ORIENTED_EDGE ( 'NONE', *, *, #1888, .T. ) ;
#1253 = EDGE_CURVE ( 'NONE', #1877, #995, #2179, .T. ) ;
#1254 = EDGE_CURVE ( 'NONE', #1512, #1354, #354, .T. ) ;
#1255 = AXIS2_PLACEMENT_3D ( 'NONE', #977, #1316, #1673 ) ;
#1256 = LINE ( 'NONE', #2205, #2161 ) ;
#1257 = DIRECTION ( 'NONE',  ( -1.414657268890346879E-16, 2.379049338482478526E-15, -1.000000000000000000 ) ) ;
#1258 = CYLINDRICAL_SURFACE ( 'NONE', #729, 5.000000000000000000 ) ;
#1259 = CARTESIAN_POINT ( 'NONE',  ( 4.725000000002106404, -11.47483660014214202, -119.4999999999998437 ) ) ;
#1260 = ORIENTED_EDGE ( 'NONE', *, *, #935, .T. ) ;
#1261 = FACE_OUTER_BOUND ( 'NONE', #1399, .T. ) ;
#1262 = ORIENTED_EDGE ( 'NONE', *, *, #392, .F. ) ;
#1263 = EDGE_CURVE ( 'NONE', #679, #1908, #1453, .T. ) ;
#1264 = CARTESIAN_POINT ( 'NONE',  ( -9.050000000000013145, -26.99999999999976552, -104.1999999999998749 ) ) ;
#1265 = CARTESIAN_POINT ( 'NONE',  ( 6.625000000002102318, -11.47483660014212958, -119.4999999999998437 ) ) ;
#1266 = VERTEX_POINT ( 'NONE', #775 ) ;
#1267 = ADVANCED_FACE ( 'NONE', ( #1880 ), #1670, .F. ) ;
#1268 = EDGE_CURVE ( 'NONE', #598, #703, #1694, .T. ) ;
#1269 = DIRECTION ( 'NONE',  ( -0.3431409490534300666, -0.9392839235730117142, -4.372120226480727905E-15 ) ) ;
#1270 = DIRECTION ( 'NONE',  ( -2.829314537780693759E-16, 4.758098676964957053E-15, -1.000000000000000000 ) ) ;
#1271 = PLANE ( 'NONE',  #1832 ) ;
#1272 = AXIS2_PLACEMENT_3D ( 'NONE', #576, #1111, #224 ) ;
#1273 = LINE ( 'NONE', #767, #37 ) ;
#1274 = VECTOR ( 'NONE', #1204, 1000.000000000000000 ) ;
#1275 = EDGE_LOOP ( 'NONE', ( #2230, #322 ) ) ;
#1276 = LINE ( 'NONE', #681, #394 ) ;
#1277 = DIRECTION ( 'NONE',  ( -6.921589929084515420E-16, -1.000000000000000000, -4.758098676964957053E-15 ) ) ;
#1278 = ORIENTED_EDGE ( 'NONE', *, *, #1574, .T. ) ;
#1279 = ORIENTED_EDGE ( 'NONE', *, *, #2178, .F. ) ;
#1280 = FACE_OUTER_BOUND ( 'NONE', #986, .T. ) ;
#1281 = DIRECTION ( 'NONE',  ( 0.7668107407454777258, -0.6418732646538347630, 0.000000000000000000 ) ) ;
#1282 = CARTESIAN_POINT ( 'NONE',  ( 19.99999999999998934, -26.99999999999978328, -104.1999999999998892 ) ) ;
#1283 = EDGE_CURVE ( 'NONE', #1350, #831, #1314, .T. ) ;
#1284 = CARTESIAN_POINT ( 'NONE',  ( -9.050000000000016698, -29.99999999999973355, -114.1999999999999318 ) ) ;
#1285 = VERTEX_POINT ( 'NONE', #247 ) ;
#1286 = ORIENTED_EDGE ( 'NONE', *, *, #873, .F. ) ;
#1287 = AXIS2_PLACEMENT_3D ( 'NONE', #40, #1313, #25 ) ;
#1288 = CARTESIAN_POINT ( 'NONE',  ( 34.00000000002042810, -30.10000000015616450, -73.59999999999996589 ) ) ;
#1289 = CARTESIAN_POINT ( 'NONE',  ( -1.172973383851181537E-14, 5.000000000000197176, -100.0578643762688387 ) ) ;
#1290 = EDGE_CURVE ( 'NONE', #868, #1469, #387, .T. ) ;
#1291 = DIRECTION ( 'NONE',  ( 1.000000000000000000, 0.000000000000000000, 0.000000000000000000 ) ) ;
#1292 = CIRCLE ( 'NONE', #2233, 1.900000000000000577 ) ;
#1293 = CIRCLE ( 'NONE', #1979, 3.549999999999942091 ) ;
#1294 = CARTESIAN_POINT ( 'NONE',  ( -9.050000000000018474, -61.99999999999987210, -97.67500000000008242 ) ) ;
#1295 = EDGE_CURVE ( 'NONE', #995, #1779, #1514, .T. ) ;
#1296 = ADVANCED_FACE ( 'NONE', ( #431 ), #783, .F. ) ;
#1297 = LINE ( 'NONE', #1989, #983 ) ;
#1298 = EDGE_LOOP ( 'NONE', ( #480, #1376, #92, #930 ) ) ;
#1299 = ORIENTED_EDGE ( 'NONE', *, *, #352, .T. ) ;
#1300 = CARTESIAN_POINT ( 'NONE',  ( 34.00000000002042810, -32.00000000015609203, -69.34999999999996589 ) ) ;
#1301 = FACE_OUTER_BOUND ( 'NONE', #35, .T. ) ;
#1302 = LINE ( 'NONE', #1671, #78 ) ;
#1303 = MECHANICAL_DESIGN_GEOMETRIC_PRESENTATION_REPRESENTATION (  '', ( #996 ), #887 ) ;
#1305 = CARTESIAN_POINT ( 'NONE',  ( -11.60474041071087292, 6.699999999999892708, -117.1999999999997470 ) ) ;
#1304 = VECTOR ( 'NONE', #453, 1000.000000000000000 ) ;
#1306 = CARTESIAN_POINT ( 'NONE',  ( 4.725000000002109957, -11.47483660014217932, -108.8259884629745926 ) ) ;
#1307 = EDGE_CURVE ( 'NONE', #1902, #1988, #41, .T. ) ;
#1308 = PLANE ( 'NONE',  #2272 ) ;
#1309 = ADVANCED_FACE ( 'NONE', ( #765 ), #596, .T. ) ;
#1310 = ORIENTED_EDGE ( 'NONE', *, *, #1411, .T. ) ;
#1311 = AXIS2_PLACEMENT_3D ( 'NONE', #1194, #848, #632 ) ;
#1312 = ORIENTED_EDGE ( 'NONE', *, *, #257, .T. ) ;
#1313 = DIRECTION ( 'NONE',  ( -4.881349231072853463E-16, 1.000000000000000000, 3.630468118044610585E-15 ) ) ;
#1314 = LINE ( 'NONE', #1505, #661 ) ;
#1315 = LINE ( 'NONE', #967, #1643 ) ;
#1316 = DIRECTION ( 'NONE',  ( 1.414657268890346879E-16, -2.379049338482478526E-15, 1.000000000000000000 ) ) ;
#1317 = DIRECTION ( 'NONE',  ( 1.000000000000000000, 0.000000000000000000, 0.000000000000000000 ) ) ;
#1318 = DIRECTION ( 'NONE',  ( -1.000000000000000000, 0.000000000000000000, 0.000000000000000000 ) ) ;
#1319 = EDGE_LOOP ( 'NONE', ( #543, #1639, #1048, #1262 ) ) ;
#1320 = ORIENTED_EDGE ( 'NONE', *, *, #1370, .F. ) ;
#1321 = CARTESIAN_POINT ( 'NONE',  ( -11.60474041071022278, -6.699999999999750599, -117.1999999999998181 ) ) ;
#1322 =( GEOMETRIC_REPRESENTATION_CONTEXT ( 3 ) GLOBAL_UNCERTAINTY_ASSIGNED_CONTEXT ( ( #2065 ) ) GLOBAL_UNIT_ASSIGNED_CONTEXT ( ( #349, #1956, #1602 ) ) REPRESENTATION_CONTEXT ( 'NONE', 'WORKASPACE' ) );
#1323 = EDGE_CURVE ( 'NONE', #1051, #350, #892, .T. ) ;
#1324 = CARTESIAN_POINT ( 'NONE',  ( 13.30570456204473651, -4.667951537023077968, -117.1999999999998181 ) ) ;
#1325 = DIRECTION ( 'NONE',  ( -1.156482317317864822E-16, 1.000000000000000000, 4.758098676964957053E-15 ) ) ;
#1326 = ADVANCED_FACE ( 'NONE', ( #1680 ), #2019, .F. ) ;
#1327 = AXIS2_PLACEMENT_3D ( 'NONE', #1838, #746, #2214 ) ;
#1328 = FACE_OUTER_BOUND ( 'NONE', #690, .T. ) ;
#1329 = FACE_BOUND ( 'NONE', #2281, .T. ) ;
#1330 = AXIS2_PLACEMENT_3D ( 'NONE', #2229, #1533, #1138 ) ;
#1331 = CIRCLE ( 'NONE', #1900, 1.899999999999936406 ) ;
#1332 = CARTESIAN_POINT ( 'NONE',  ( -13.30570456204347884, 4.667951537024332076, -117.1999999999997613 ) ) ;
#1333 = ORIENTED_EDGE ( 'NONE', *, *, #482, .T. ) ;
#1334 = VECTOR ( 'NONE', #2173, 1000.000000000000000 ) ;
#1335 = ORIENTED_EDGE ( 'NONE', *, *, #1904, .T. ) ;
#1336 = ADVANCED_FACE ( 'NONE', ( #2215 ), #2193, .F. ) ;
#1337 = CARTESIAN_POINT ( 'NONE',  ( -0.05000000000001049438, -102.2120628667566677, -94.67500000000028137 ) ) ;
#1338 = DIRECTION ( 'NONE',  ( 0.000000000000000000, 1.000000000000000000, 0.000000000000000000 ) ) ;
#1339 = EDGE_CURVE ( 'NONE', #187, #1469, #1383, .T. ) ;
#1340 = EDGE_CURVE ( 'NONE', #628, #732, #563, .T. ) ;
#1341 = FACE_OUTER_BOUND ( 'NONE', #662, .T. ) ;
#1342 = SURFACE_STYLE_FILL_AREA ( #2240 ) ;
#1343 = DIRECTION ( 'NONE',  ( 2.829314537780693759E-16, -3.630468118044610585E-15, 1.000000000000000000 ) ) ;
#1344 = VERTEX_POINT ( 'NONE', #406 ) ;
#1345 = ORIENTED_EDGE ( 'NONE', *, *, #491, .F. ) ;
#1346 = AXIS2_PLACEMENT_3D ( 'NONE', #2121, #1415, #280 ) ;
#1347 = CARTESIAN_POINT ( 'NONE',  ( 34.00000000002042810, -35.55000000015600392, -69.34999999999998010 ) ) ;
#1348 = CARTESIAN_POINT ( 'NONE',  ( -1.554306261115405785E-14, -4.999999999999735323, -114.1999999999998181 ) ) ;
#1349 = DIRECTION ( 'NONE',  ( 0.000000000000000000, 1.000000000000000000, 0.000000000000000000 ) ) ;
#1350 = VERTEX_POINT ( 'NONE', #26 ) ;
#1351 = DIRECTION ( 'NONE',  ( 0.000000000000000000, -1.000000000000000000, -5.236901059552630043E-15 ) ) ;
#1352 = DIRECTION ( 'NONE',  ( -2.829314537780693759E-16, 4.758098676964957053E-15, -1.000000000000000000 ) ) ;
#1353 = CARTESIAN_POINT ( 'NONE',  ( 10.69541689571981813, 9.189102397469472550, -117.1999999999997470 ) ) ;
#1354 = VERTEX_POINT ( 'NONE', #1324 ) ;
#1355 = EDGE_CURVE ( 'NONE', #516, #327, #772, .T. ) ;
#1356 = VERTEX_POINT ( 'NONE', #397 ) ;
#1357 = DIRECTION ( 'NONE',  ( 1.414657268890346879E-16, -2.379049338482478526E-15, 1.000000000000000000 ) ) ;
#1358 = PLANE ( 'NONE',  #317 ) ;
#1359 = CARTESIAN_POINT ( 'NONE',  ( -4.432825453193545524E-15, 16.05000000000007532, -74.26748904726086664 ) ) ;
#1360 = ORIENTED_EDGE ( 'NONE', *, *, #1108, .T. ) ;
#1361 = ORIENTED_EDGE ( 'NONE', *, *, #944, .T. ) ;
#1362 = CARTESIAN_POINT ( 'NONE',  ( 6.874999999999518607, 11.90784930203668246, -119.4999999999997300 ) ) ;
#1363 = CARTESIAN_POINT ( 'NONE',  ( 7.729159201800652745, 1.129715006985527246E-12, -74.26748904726096612 ) ) ;
#1364 = AXIS2_PLACEMENT_3D ( 'NONE', #2157, #1269, #530 ) ;
#1365 = AXIS2_PLACEMENT_3D ( 'NONE', #52, #980, #1343 ) ;
#1366 = CARTESIAN_POINT ( 'NONE',  ( 34.00000000002042810, -32.00000000015609913, -69.34999999999996589 ) ) ;
#1367 = ORIENTED_EDGE ( 'NONE', *, *, #1060, .F. ) ;
#1368 = ADVANCED_FACE ( 'NONE', ( #1301 ), #1495, .F. ) ;
#1369 = CIRCLE ( 'NONE', #304, 2.649999999999997691 ) ;
#1370 = EDGE_CURVE ( 'NONE', #1152, #187, #1131, .T. ) ;
#1371 = ORIENTED_EDGE ( 'NONE', *, *, #1295, .F. ) ;
#1372 = CYLINDRICAL_SURFACE ( 'NONE', #1823, 1.899999999999936406 ) ;
#1373 = DIRECTION ( 'NONE',  ( 1.000000000000000000, 9.902600882232533418E-16, -2.829314537780646427E-16 ) ) ;
#1374 = DIRECTION ( 'NONE',  ( -4.881349231072853463E-16, 1.000000000000000000, 3.630468118044610585E-15 ) ) ;
#1375 = ORIENTED_EDGE ( 'NONE', *, *, #132, .T. ) ;
#1376 = ORIENTED_EDGE ( 'NONE', *, *, #1903, .T. ) ;
#1377 = CARTESIAN_POINT ( 'NONE',  ( 13.30570456204472407, -4.667951537023058428, -119.4999999999998153 ) ) ;
#1378 = CARTESIAN_POINT ( 'NONE',  ( -11.60474041071086049, 9.349999999999685230, -74.26748904726089506 ) ) ;
#1379 = CARTESIAN_POINT ( 'NONE',  ( 13.30570456204403840, 4.667951537025416542, -117.1999999999997755 ) ) ;
#1380 = EDGE_LOOP ( 'NONE', ( #1430, #1705, #1737, #309 ) ) ;
#1381 = AXIS2_PLACEMENT_3D ( 'NONE', #1761, #125, #687 ) ;
#1382 = EDGE_CURVE ( 'NONE', #1509, #152, #429, .T. ) ;
#1383 = CIRCLE ( 'NONE', #469, 1.899999999999936406 ) ;
#1384 = ORIENTED_EDGE ( 'NONE', *, *, #408, .F. ) ;
#1385 = DIRECTION ( 'NONE',  ( 2.829314537780693759E-16, -4.758098676964957053E-15, 1.000000000000000000 ) ) ;
#1386 = CARTESIAN_POINT ( 'NONE',  ( 8.525000000002101785, -11.47483660014217932, -108.8259884629745926 ) ) ;
#1387 = ORIENTED_EDGE ( 'NONE', *, *, #257, .F. ) ;
#1388 = AXIS2_PLACEMENT_3D ( 'NONE', #261, #1374, #2295 ) ;
#1389 = VERTEX_POINT ( 'NONE', #2283 ) ;
#1390 = CARTESIAN_POINT ( 'NONE',  ( 6.625000000002105871, -11.47483660014217932, -108.8259884629745926 ) ) ;
#1391 = CARTESIAN_POINT ( 'NONE',  ( -1.723052553508439902E-14, 2.897682094271654027E-13, -119.4999999999997868 ) ) ;
#1392 = DIRECTION ( 'NONE',  ( 0.000000000000000000, 1.000000000000000000, 2.379049338482478526E-15 ) ) ;
#1393 = ORIENTED_EDGE ( 'NONE', *, *, #209, .T. ) ;
#1394 = ORIENTED_EDGE ( 'NONE', *, *, #2105, .F. ) ;
#1395 = DIRECTION ( 'NONE',  ( 4.559712020051822367E-16, -4.758098676964957053E-15, 1.000000000000000000 ) ) ;
#1396 = CARTESIAN_POINT ( 'NONE',  ( 10.69541689571981813, 9.189102397469483208, -119.4999999999997442 ) ) ;
#1397 = EDGE_LOOP ( 'NONE', ( #1010, #1164, #2271, #2250, #414, #990, #2126, #900, #314 ) ) ;
#1398 = ADVANCED_FACE ( 'NONE', ( #311 ), #120, .T. ) ;
#1399 = EDGE_LOOP ( 'NONE', ( #264, #56, #1367, #276 ) ) ;
#1400 = DIRECTION ( 'NONE',  ( 3.154042683597136586E-16, -2.523234146877709268E-15, 1.000000000000000000 ) ) ;
#1401 = DIRECTION ( 'NONE',  ( 0.6418732646538140019, -0.7668107407454950453, -3.830167306933437501E-15 ) ) ;
#1402 = LINE ( 'NONE', #1545, #1789 ) ;
#1403 = ORIENTED_EDGE ( 'NONE', *, *, #196, .F. ) ;
#1404 = VECTOR ( 'NONE', #1235, 1000.000000000000000 ) ;
#1405 = VERTEX_POINT ( 'NONE', #1729 ) ;
#1406 = VECTOR ( 'NONE', #164, 1000.000000000000114 ) ;
#1407 = VECTOR ( 'NONE', #134, 1000.000000000000227 ) ;
#1408 = VECTOR ( 'NONE', #1608, 1000.000000000000000 ) ;
#1409 = LINE ( 'NONE', #4, #959 ) ;
#1410 = VERTEX_POINT ( 'NONE', #1038 ) ;
#1411 = EDGE_CURVE ( 'NONE', #1965, #105, #631, .T. ) ;
#1412 = ORIENTED_EDGE ( 'NONE', *, *, #1953, .F. ) ;
#1413 = EDGE_CURVE ( 'NONE', #527, #1202, #1549, .T. ) ;
#1414 = CARTESIAN_POINT ( 'NONE',  ( -4.000000000001073808, -52.99999999999989342, -92.40000000000974012 ) ) ;
#1415 = DIRECTION ( 'NONE',  ( -0.3431409490534800266, 0.9392839235729935066, 4.566290961613600898E-15 ) ) ;
#1416 = CIRCLE ( 'NONE', #422, 1.900000000002652234 ) ;
#1417 = DIRECTION ( 'NONE',  ( 1.000000000000000000, 0.000000000000000000, 0.000000000000000000 ) ) ;
#1418 = VERTEX_POINT ( 'NONE', #1562 ) ;
#1419 = LINE ( 'NONE', #1548, #1404 ) ;
#1420 = ORIENTED_EDGE ( 'NONE', *, *, #669, .F. ) ;
#1421 = AXIS2_PLACEMENT_3D ( 'NONE', #1145, #613, #589 ) ;
#1422 = CARTESIAN_POINT ( 'NONE',  ( 3.864579600901391299, -6.693648218652342052, -117.1999999999998323 ) ) ;
#1423 =( NAMED_UNIT ( * ) PLANE_ANGLE_UNIT ( ) SI_UNIT ( $, .RADIAN. ) );
#1424 = ORIENTED_EDGE ( 'NONE', *, *, #1120, .T. ) ;
#1425 = CARTESIAN_POINT ( 'NONE',  ( 11.60474041071148577, 9.350000000000811440, -74.26748904726092348 ) ) ;
#1426 = CARTESIAN_POINT ( 'NONE',  ( -11.60474041071086049, 6.699999999999687539, -74.26748904726090927 ) ) ;
#1427 = FACE_BOUND ( 'NONE', #81, .T. ) ;
#1428 = AXIS2_PLACEMENT_3D ( 'NONE', #73, #659, #1001 ) ;
#1429 = LINE ( 'NONE', #1081, #570 ) ;
#1430 = ORIENTED_EDGE ( 'NONE', *, *, #448, .F. ) ;
#1431 = ADVANCED_FACE ( 'NONE', ( #1929 ), #1358, .T. ) ;
#1432 = CARTESIAN_POINT ( 'NONE',  ( 3.864579600900044820, 6.693648218653851067, -74.26748904726093770 ) ) ;
#1433 = EDGE_CURVE ( 'NONE', #283, #253, #232, .T. ) ;
#1434 = VERTEX_POINT ( 'NONE', #1348 ) ;
#1435 = LINE ( 'NONE', #730, #699 ) ;
#1436 = DIRECTION ( 'NONE',  ( 2.829314537780693759E-16, -4.758098676964957053E-15, 1.000000000000000000 ) ) ;
#1437 = ORIENTED_EDGE ( 'NONE', *, *, #700, .T. ) ;
#1438 = PLANE ( 'NONE',  #1364 ) ;
#1439 = CARTESIAN_POINT ( 'NONE',  ( -13.30570456204347707, 4.667951537024330300, -117.1999999999997613 ) ) ;
#1440 = DIRECTION ( 'NONE',  ( -1.000000000000000000, -6.731078879466019206E-31, 2.829314537780693759E-16 ) ) ;
#1441 = PLANE ( 'NONE',  #1520 ) ;
#1442 = ORIENTED_EDGE ( 'NONE', *, *, #905, .F. ) ;
#1443 = CIRCLE ( 'NONE', #1167, 1.899999999999996358 ) ;
#1444 = DIRECTION ( 'NONE',  ( -0.1724731828275076484, -0.9850142137072688264, -4.637996738677115587E-15 ) ) ;
#1445 = EDGE_CURVE ( 'NONE', #2320, #2286, #2138, .T. ) ;
#1446 = ORIENTED_EDGE ( 'NONE', *, *, #408, .T. ) ;
#1447 = ADVANCED_FACE ( 'NONE', ( #658 ), #2268, .F. ) ;
#1448 = CARTESIAN_POINT ( 'NONE',  ( 8.696166260317392371, -32.00000000015610624, -68.59999999999996589 ) ) ;
#1449 = VECTOR ( 'NONE', #1491, 1000.000000000000114 ) ;
#1450 = VERTEX_POINT ( 'NONE', #439 ) ;
#1451 = VECTOR ( 'NONE', #1662, 1000.000000000000114 ) ;
#1452 = LINE ( 'NONE', #1970, #1133 ) ;
#1453 = LINE ( 'NONE', #2172, #1496 ) ;
#1454 = DIRECTION ( 'NONE',  ( 0.000000000000000000, 1.000000000000000000, 0.000000000000000000 ) ) ;
#1455 = DIRECTION ( 'NONE',  ( -1.000000000000000000, -6.391086490444083847E-15, 0.000000000000000000 ) ) ;
#1456 = CARTESIAN_POINT ( 'NONE',  ( -2.610287666324277556, 13.85705393449317668, -117.1999999999997186 ) ) ;
#1457 = ORIENTED_EDGE ( 'NONE', *, *, #1618, .T. ) ;
#1458 = DIRECTION ( 'NONE',  ( -6.731078879466019206E-31, -1.000000000000000000, -4.758098676964957053E-15 ) ) ;
#1459 = DIRECTION ( 'NONE',  ( 0.1724731828275082035, -0.9850142137072687154, -4.735592915387350003E-15 ) ) ;
#1460 = ORIENTED_EDGE ( 'NONE', *, *, #873, .T. ) ;
#1461 = AXIS2_PLACEMENT_3D ( 'NONE', #1740, #2069, #988 ) ;
#1462 = EDGE_LOOP ( 'NONE', ( #2301, #607, #1754, #1070, #1015, #1886, #810, #842, #1744, #2273, #1889, #1035, #365, #97, #1360, #859, #66, #991, #1424, #1210, #1946 ) ) ;
#1463 = DIRECTION ( 'NONE',  ( 1.000000000000000000, 0.000000000000000000, 0.000000000000000000 ) ) ;
#1464 = DIRECTION ( 'NONE',  ( -0.1724731828275601064, 0.9850142137072596116, 5.724854400729798027E-15 ) ) ;
#1465 = AXIS2_PLACEMENT_3D ( 'NONE', #72, #1473, #943 ) ;
#1466 = DIRECTION ( 'NONE',  ( 3.154042683597136586E-16, -2.523234146877709268E-15, 1.000000000000000000 ) ) ;
#1467 = AXIS2_PLACEMENT_3D ( 'NONE', #1101, #1053, #341 ) ;
#1468 = CARTESIAN_POINT ( 'NONE',  ( 4.975000000000476597, 11.90784930203667003, -114.1999999999997328 ) ) ;
#1469 = VERTEX_POINT ( 'NONE', #487 ) ;
#1470 = ADVANCED_FACE ( 'NONE', ( #1203 ), #1756, .F. ) ;
#1471 = ORIENTED_EDGE ( 'NONE', *, *, #2280, .F. ) ;
#1472 = PLANE ( 'NONE',  #184 ) ;
#1473 = DIRECTION ( 'NONE',  ( 4.881349231072853463E-16, -1.000000000000000000, -3.630468118044610585E-15 ) ) ;
#1474 = PLANE ( 'NONE',  #1033 ) ;
#1475 = EDGE_CURVE ( 'NONE', #1943, #524, #1575, .T. ) ;
#1476 = DIRECTION ( 'NONE',  ( 1.414657268890346879E-16, -2.379049338482478526E-15, 1.000000000000000000 ) ) ;
#1477 = DIRECTION ( 'NONE',  ( -1.000000000000000000, 0.000000000000000000, 0.000000000000000000 ) ) ;
#1478 = VERTEX_POINT ( 'NONE', #476 ) ;
#1479 = AXIS2_PLACEMENT_3D ( 'NONE', #910, #1277, #731 ) ;
#1480 = ORIENTED_EDGE ( 'NONE', *, *, #1586, .T. ) ;
#1481 = CIRCLE ( 'NONE', #1327, 1.899999999999995470 ) ;
#1482 = CIRCLE ( 'NONE', #1062, 1.899999999999936406 ) ;
#1483 = LINE ( 'NONE', #1679, #1974 ) ;
#1484 = DIRECTION ( 'NONE',  ( 1.414657268890346879E-16, -2.379049338482478526E-15, 1.000000000000000000 ) ) ;
#1485 = CARTESIAN_POINT ( 'NONE',  ( 34.00000000002042810, -33.90000000015601245, -69.34999999999996589 ) ) ;
#1486 = ADVANCED_FACE ( 'NONE', ( #672 ), #646, .F. ) ;
#1487 = ADVANCED_FACE ( 'NONE', ( #83 ), #807, .F. ) ;
#1488 = VECTOR ( 'NONE', #1052, 1000.000000000000000 ) ;
#1489 = DIRECTION ( 'NONE',  ( 0.000000000000000000, 1.000000000000000000, 3.909236002201345865E-15 ) ) ;
#1490 = DIRECTION ( 'NONE',  ( -2.829314537780693759E-16, 4.758098676964957053E-15, -1.000000000000000000 ) ) ;
#1491 = DIRECTION ( 'NONE',  ( -0.7668107407454777258, 0.6418732646538347630, 3.271051208980345168E-15 ) ) ;
#1492 = ORIENTED_EDGE ( 'NONE', *, *, #1445, .T. ) ;
#1493 = VERTEX_POINT ( 'NONE', #274 ) ;
#1494 = CARTESIAN_POINT ( 'NONE',  ( -10.69541689571856757, -9.189102397468197125, -119.4999999999998295 ) ) ;
#1495 = CYLINDRICAL_SURFACE ( 'NONE', #1873, 1.899999999999919087 ) ;
#1497 = DIRECTION ( 'NONE',  ( 0.7668107407454598512, 0.6418732646538558573, 1.908284800243265220E-15 ) ) ;
#1496 = VECTOR ( 'NONE', #1270, 1000.000000000000000 ) ;
#1498 = LINE ( 'NONE', #1518, #1075 ) ;
#1499 = DIRECTION ( 'NONE',  ( -1.000000000000000000, 0.000000000000000000, 0.000000000000000000 ) ) ;
#1500 = VERTEX_POINT ( 'NONE', #1000 ) ;
#1501 = EDGE_CURVE ( 'NONE', #1285, #1994, #95, .T. ) ;
#1502 = EDGE_CURVE ( 'NONE', #1350, #2129, #285, .T. ) ;
#1503 = VERTEX_POINT ( 'NONE', #503 ) ;
#1504 = CARTESIAN_POINT ( 'NONE',  ( 34.00000000002042810, -32.00000000015608492, -73.59999999999996589 ) ) ;
#1505 = CARTESIAN_POINT ( 'NONE',  ( 10.69541689572048426, -9.189102397467294736, -74.26748904726099454 ) ) ;
#1506 = DIRECTION ( 'NONE',  ( 4.673340790910533611E-17, -0.7071067811865473507, 0.7071067811865477948 ) ) ;
#1507 = DIRECTION ( 'NONE',  ( -4.881349231072853463E-16, 1.000000000000000000, 3.630468118044610585E-15 ) ) ;
#1508 = DIRECTION ( 'NONE',  ( 1.000000000000000000, 6.731078879466019206E-31, -2.829314537780693759E-16 ) ) ;
#1509 = VERTEX_POINT ( 'NONE', #334 ) ;
#1510 = EDGE_CURVE ( 'NONE', #1064, #2098, #1409, .T. ) ;
#1511 = PRODUCT_CONTEXT ( 'NONE', #409, 'mechanical' ) ;
#1512 = VERTEX_POINT ( 'NONE', #348 ) ;
#1513 = LINE ( 'NONE', #1337, #1248 ) ;
#1514 = LINE ( 'NONE', #1155, #548 ) ;
#1515 = CARTESIAN_POINT ( 'NONE',  ( 3.864579600900031942, 6.693648218654066007, -119.4999999999997584 ) ) ;
#1516 = VECTOR ( 'NONE', #1129, 1000.000000000000000 ) ;
#1517 = CARTESIAN_POINT ( 'NONE',  ( 40.00000000000002842, -61.99999999999995026, -68.60000000000005116 ) ) ;
#1518 = CARTESIAN_POINT ( 'NONE',  ( 40.00000000000002132, -29.99999999999982947, -94.67499999999995453 ) ) ;
#1519 = AXIS2_PLACEMENT_3D ( 'NONE', #217, #2034, #770 ) ;
#1520 = AXIS2_PLACEMENT_3D ( 'NONE', #1282, #2188, #1092 ) ;
#1521 = DIRECTION ( 'NONE',  ( 0.000000000000000000, -1.000000000000000000, -5.236901059552626099E-15 ) ) ;
#1522 = ORIENTED_EDGE ( 'NONE', *, *, #132, .F. ) ;
#1523 = AXIS2_PLACEMENT_3D ( 'NONE', #407, #2051, #2248 ) ;
#1524 = ORIENTED_EDGE ( 'NONE', *, *, #67, .F. ) ;
#1525 = FACE_OUTER_BOUND ( 'NONE', #1719, .T. ) ;
#1526 = CARTESIAN_POINT ( 'NONE',  ( 19.99999999999999645, 2.909464618929794244E-14, -64.19999999999978968 ) ) ;
#1527 = PLANE ( 'NONE',  #2241 ) ;
#1528 = ORIENTED_EDGE ( 'NONE', *, *, #1047, .F. ) ;
#1529 = CYLINDRICAL_SURFACE ( 'NONE', #2238, 2.649999999999999467 ) ;
#1530 = ADVANCED_FACE ( 'NONE', ( #1981 ), #324, .F. ) ;
#1531 = CYLINDRICAL_SURFACE ( 'NONE', #997, 1.900000000002652234 ) ;
#1532 = VECTOR ( 'NONE', #909, 1000.000000000000000 ) ;
#1533 = DIRECTION ( 'NONE',  ( 1.414657268890346879E-16, -2.379049338482478526E-15, 1.000000000000000000 ) ) ;
#1534 = ORIENTED_EDGE ( 'NONE', *, *, #421, .T. ) ;
#1535 = VERTEX_POINT ( 'NONE', #133 ) ;
#1536 = DIRECTION ( 'NONE',  ( 4.881349231072854449E-16, -1.000000000000000000, -3.630468118044610585E-15 ) ) ;
#1537 = DIRECTION ( 'NONE',  ( -1.156482317317864822E-16, 1.000000000000000000, 4.758098676964957053E-15 ) ) ;
#1538 = LINE ( 'NONE', #2258, #667 ) ;
#1539 = ORIENTED_EDGE ( 'NONE', *, *, #200, .T. ) ;
#1540 = EDGE_LOOP ( 'NONE', ( #63, #2221 ) ) ;
#1541 = ADVANCED_FACE ( 'NONE', ( #515 ), #692, .T. ) ;
#1542 = DIRECTION ( 'NONE',  ( -0.7668107407454598512, -0.6418732646538558573, 0.000000000000000000 ) ) ;
#1543 = CYLINDRICAL_SURFACE ( 'NONE', #550, 1.900000000000000577 ) ;
#1544 = ADVANCED_FACE ( 'NONE', ( #1624 ), #1073, .F. ) ;
#1545 = CARTESIAN_POINT ( 'NONE',  ( 13.30570456204473651, -4.667951537023273367, -74.26748904726099454 ) ) ;
#1546 = ORIENTED_EDGE ( 'NONE', *, *, #844, .F. ) ;
#1547 = EDGE_LOOP ( 'NONE', ( #1559, #1725 ) ) ;
#1548 = CARTESIAN_POINT ( 'NONE',  ( -9.050000000000016698, -26.99999999999971578, -114.1999999999999176 ) ) ;
#1549 = LINE ( 'NONE', #794, #1304 ) ;
#1550 = DIRECTION ( 'NONE',  ( 3.154042683597136586E-16, -2.523234146877709268E-15, 1.000000000000000000 ) ) ;
#1551 = EDGE_LOOP ( 'NONE', ( #763, #190, #370, #773 ) ) ;
#1552 = ORIENTED_EDGE ( 'NONE', *, *, #1726, .T. ) ;
#1553 = DIRECTION ( 'NONE',  ( -2.829314537780693759E-16, 4.758098676964957053E-15, -1.000000000000000000 ) ) ;
#1554 = CARTESIAN_POINT ( 'NONE',  ( 8.696166260317392371, -32.00000000015610624, -69.34999999999996589 ) ) ;
#1555 = VECTOR ( 'NONE', #1917, 1000.000000000000000 ) ;
#1556 = EDGE_CURVE ( 'NONE', #1779, #849, #199, .T. ) ;
#1557 = AXIS2_PLACEMENT_3D ( 'NONE', #1812, #2175, #938 ) ;
#1558 = LINE ( 'NONE', #1777, #258 ) ;
#1559 = ORIENTED_EDGE ( 'NONE', *, *, #2134, .F. ) ;
#1560 = ORIENTED_EDGE ( 'NONE', *, *, #102, .F. ) ;
#1561 = CARTESIAN_POINT ( 'NONE',  ( 8.696166260317390595, -32.00000000015609913, -73.59999999999996589 ) ) ;
#1562 = CARTESIAN_POINT ( 'NONE',  ( 34.00000000002042810, -33.90000000015599824, -73.59999999999996589 ) ) ;
#1563 = DIRECTION ( 'NONE',  ( -1.000000000000000000, 0.000000000000000000, 0.000000000000000000 ) ) ;
#1564 = ORIENTED_EDGE ( 'NONE', *, *, #1339, .F. ) ;
#1565 = ORIENTED_EDGE ( 'NONE', *, *, #827, .T. ) ;
#1566 = PLANE ( 'NONE',  #760 ) ;
#1567 = CARTESIAN_POINT ( 'NONE',  ( 19.99999999999998579, -31.99999999999970868, -119.4999999999999574 ) ) ;
#1568 = CARTESIAN_POINT ( 'NONE',  ( 19.99999999999998224, 2.669995800375458140E-13, -114.1999999999997897 ) ) ;
#1569 = ORIENTED_EDGE ( 'NONE', *, *, #1080, .T. ) ;
#1570 = AXIS2_PLACEMENT_3D ( 'NONE', #371, #1458, #2304 ) ;
#1571 = VECTOR ( 'NONE', #2347, 1000.000000000000114 ) ;
#1572 = ORIENTED_EDGE ( 'NONE', *, *, #2075, .F. ) ;
#1573 = EDGE_CURVE ( 'NONE', #1195, #313, #540, .T. ) ;
#1574 = EDGE_CURVE ( 'NONE', #2016, #675, #1435, .T. ) ;
#1575 = LINE ( 'NONE', #1715, #1113 ) ;
#1576 = CARTESIAN_POINT ( 'NONE',  ( 34.00000000002042810, -33.90000000015599824, -73.59999999999996589 ) ) ;
#1577 = ORIENTED_EDGE ( 'NONE', *, *, #2245, .F. ) ;
#1578 = VECTOR ( 'NONE', #1746, 1000.000000000000000 ) ;
#1579 = ORIENTED_EDGE ( 'NONE', *, *, #1782, .T. ) ;
#1580 = DIRECTION ( 'NONE',  ( 1.414657268890346879E-16, -2.379049338482478526E-15, 1.000000000000000000 ) ) ;
#1581 = CARTESIAN_POINT ( 'NONE',  ( -7.729159201800007040, -6.857245736017935944E-14, -117.1999999999997897 ) ) ;
#1582 = CARTESIAN_POINT ( 'NONE',  ( 19.99999999999998579, -31.99999999999973710, -114.1999999999999460 ) ) ;
#1583 = VERTEX_POINT ( 'NONE', #1226 ) ;
#1584 = EDGE_CURVE ( 'NONE', #2212, #876, #1237, .T. ) ;
#1585 = VERTEX_POINT ( 'NONE', #870 ) ;
#1586 = EDGE_CURVE ( 'NONE', #1247, #289, #2167, .T. ) ;
#1587 = ADVANCED_FACE ( 'NONE', ( #166 ), #2343, .T. ) ;
#1588 = CARTESIAN_POINT ( 'NONE',  ( -13.30570456204346463, 4.667951537024128683, -74.26748904726093770 ) ) ;
#1589 = CYLINDRICAL_SURFACE ( 'NONE', #1311, 1.899999999999043121 ) ;
#1590 = ORIENTED_EDGE ( 'NONE', *, *, #1888, .F. ) ;
#1591 = CARTESIAN_POINT ( 'NONE',  ( 5.479780801402616142, -46.99999999999968736, -124.7453091929813240 ) ) ;
#1592 = DIRECTION ( 'NONE',  ( -1.414657268890346879E-16, 2.379049338482478526E-15, -1.000000000000000000 ) ) ;
#1593 = PLANE ( 'NONE',  #1653 ) ;
#1594 = DIRECTION ( 'NONE',  ( -1.000000000000000000, -6.731078879466019206E-31, 2.829314537780693759E-16 ) ) ;
#1595 = VECTOR ( 'NONE', #1071, 1000.000000000000000 ) ;
#1596 = ORIENTED_EDGE ( 'NONE', *, *, #29, .F. ) ;
#1597 = VECTOR ( 'NONE', #1723, 1000.000000000000000 ) ;
#1598 = ORIENTED_EDGE ( 'NONE', *, *, #844, .T. ) ;
#1599 = CIRCLE ( 'NONE', #1899, 1.899999999999919087 ) ;
#1600 = AXIS2_PLACEMENT_3D ( 'NONE', #2261, #1580, #302 ) ;
#1601 = DIRECTION ( 'NONE',  ( -2.829314537780693759E-16, 4.758098676964957053E-15, -1.000000000000000000 ) ) ;
#1602 =( NAMED_UNIT ( * ) SI_UNIT ( $, .STERADIAN. ) SOLID_ANGLE_UNIT ( ) );
#1603 = ORIENTED_EDGE ( 'NONE', *, *, #2072, .T. ) ;
#1604 = ORIENTED_EDGE ( 'NONE', *, *, #920, .F. ) ;
#1605 = DIRECTION ( 'NONE',  ( -2.829314537780693759E-16, 4.758098676964957053E-15, -1.000000000000000000 ) ) ;
#1606 = LINE ( 'NONE', #17, #1107 ) ;
#1607 = EDGE_CURVE ( 'NONE', #527, #1356, #2141, .T. ) ;
#1608 = DIRECTION ( 'NONE',  ( -1.000000000000000000, -1.496448085048376584E-30, 4.559712020051821381E-16 ) ) ;
#1609 = ORIENTED_EDGE ( 'NONE', *, *, #567, .F. ) ;
#1610 = ORIENTED_EDGE ( 'NONE', *, *, #1382, .T. ) ;
#1611 = CIRCLE ( 'NONE', #1648, 5.000000000000000000 ) ;
#1612 = DIRECTION ( 'NONE',  ( 1.000000000000000000, 6.731078879466019206E-31, -2.829314537780693759E-16 ) ) ;
#1613 = FILL_AREA_STYLE_COLOUR ( '', #1743 ) ;
#1614 = EDGE_LOOP ( 'NONE', ( #855, #2109 ) ) ;
#1615 = ORIENTED_EDGE ( 'NONE', *, *, #1977, .T. ) ;
#1616 = CARTESIAN_POINT ( 'NONE',  ( -10.69541689571856757, -9.189102397468197125, -119.4999999999998295 ) ) ;
#1617 = DIRECTION ( 'NONE',  ( 0.000000000000000000, 1.000000000000000000, 2.379049338482478526E-15 ) ) ;
#1618 = EDGE_CURVE ( 'NONE', #2085, #2023, #1276, .T. ) ;
#1619 = DIRECTION ( 'NONE',  ( -1.414657268890346879E-16, 2.379049338482478526E-15, -1.000000000000000000 ) ) ;
#1620 = EDGE_CURVE ( 'NONE', #1040, #457, #884, .T. ) ;
#1621 = EDGE_LOOP ( 'NONE', ( #2259, #393, #1168, #851 ) ) ;
#1622 = CARTESIAN_POINT ( 'NONE',  ( 11.60474041071148577, 6.700000000000811085, -74.26748904726093770 ) ) ;
#1623 = ORIENTED_EDGE ( 'NONE', *, *, #935, .F. ) ;
#1624 = FACE_OUTER_BOUND ( 'NONE', #129, .T. ) ;
#1625 = DIRECTION ( 'NONE',  ( 1.000000000000000000, 0.000000000000000000, 0.000000000000000000 ) ) ;
#1626 = EDGE_LOOP ( 'NONE', ( #1931, #1564 ) ) ;
#1627 = VERTEX_POINT ( 'NONE', #2332 ) ;
#1628 = CARTESIAN_POINT ( 'NONE',  ( 13.30570456204472407, -4.667951537023068198, -117.1999999999998181 ) ) ;
#1629 = CARTESIAN_POINT ( 'NONE',  ( -6.875000000002282619, 11.90784930203489544, -114.1999999999997328 ) ) ;
#1630 = LINE ( 'NONE', #377, #2163 ) ;
#1631 = DIRECTION ( 'NONE',  ( 1.000000000000000000, 0.000000000000000000, 0.000000000000000000 ) ) ;
#1632 = ORIENTED_EDGE ( 'NONE', *, *, #1932, .F. ) ;
#1633 = AXIS2_PLACEMENT_3D ( 'NONE', #430, #1154, #2256 ) ;
#1634 = CARTESIAN_POINT ( 'NONE',  ( 40.00000000000001421, 2.788245824701460169E-13, -117.1999999999998039 ) ) ;
#1635 = CIRCLE ( 'NONE', #1519, 2.749999999997434941 ) ;
#1636 = PRESENTATION_STYLE_ASSIGNMENT (( #372 ) ) ;
#1637 = ORIENTED_EDGE ( 'NONE', *, *, #1647, .T. ) ;
#1638 = VECTOR ( 'NONE', #51, 1000.000000000000000 ) ;
#1639 = ORIENTED_EDGE ( 'NONE', *, *, #318, .T. ) ;
#1640 = DIRECTION ( 'NONE',  ( 0.000000000000000000, -1.000000000000000000, -5.236901059552626099E-15 ) ) ;
#1641 = LINE ( 'NONE', #1078, #385 ) ;
#1642 = FACE_OUTER_BOUND ( 'NONE', #14, .T. ) ;
#1643 = VECTOR ( 'NONE', #1506, 1000.000000000000000 ) ;
#1644 = CARTESIAN_POINT ( 'NONE',  ( 40.00000000000002132, -61.99999999999983658, -94.67500000000009663 ) ) ;
#1645 = ORIENTED_EDGE ( 'NONE', *, *, #23, .T. ) ;
#1646 = EDGE_LOOP ( 'NONE', ( #1471, #2244 ) ) ;
#1647 = EDGE_CURVE ( 'NONE', #1954, #1951, #2177, .T. ) ;
#1648 = AXIS2_PLACEMENT_3D ( 'NONE', #2228, #600, #1875 ) ;
#1649 = LINE ( 'NONE', #2018, #1516 ) ;
#1650 = CARTESIAN_POINT ( 'NONE',  ( -11.60474041071087292, 6.699999999999903366, -119.4999999999997442 ) ) ;
#1651 = CARTESIAN_POINT ( 'NONE',  ( -1.172973383851181537E-14, 1.972606096385180215E-13, -100.0578643762688671 ) ) ;
#1652 = DIRECTION ( 'NONE',  ( -2.829314537780693759E-16, 4.758098676964957053E-15, -1.000000000000000000 ) ) ;
#1653 = AXIS2_PLACEMENT_3D ( 'NONE', #2288, #1007, #266 ) ;
#1654 = CARTESIAN_POINT ( 'NONE',  ( -10.69541689571856757, -9.189102397468207784, -117.1999999999998323 ) ) ;
#1655 = ORIENTED_EDGE ( 'NONE', *, *, #1501, .T. ) ;
#1656 = EDGE_LOOP ( 'NONE', ( #719, #683 ) ) ;
#1657 = EDGE_CURVE ( 'NONE', #1150, #1405, #2154, .T. ) ;
#1658 = PRODUCT ( '010_011_Spin_servo_mount_2', '010_011_Spin_servo_mount_2', '', ( #1511 ) ) ;
#1659 = CARTESIAN_POINT ( 'NONE',  ( 21.95673594181084098, -48.45000000007806307, -69.35000000000000853 ) ) ;
#1660 = DIRECTION ( 'NONE',  ( -2.168404344971010594E-16, -1.000000000000000000, -4.758098676964957053E-15 ) ) ;
#1661 = CARTESIAN_POINT ( 'NONE',  ( -1.657978319139483861E-14, 2.788245824701459664E-13, -117.1999999999997897 ) ) ;
#1662 = DIRECTION ( 'NONE',  ( 0.9392839235730126024, -0.3431409490534276241, -1.898451461710495431E-15 ) ) ;
#1663 = FACE_OUTER_BOUND ( 'NONE', #1201, .T. ) ;
#1664 = VERTEX_POINT ( 'NONE', #177 ) ;
#1665 = AXIS2_PLACEMENT_3D ( 'NONE', #2333, #167, #1096 ) ;
#1666 = VERTEX_POINT ( 'NONE', #1264 ) ;
#1667 = CIRCLE ( 'NONE', #1023, 1.899999999999936406 ) ;
#1668 = AXIS2_PLACEMENT_3D ( 'NONE', #788, #267, #1499 ) ;
#1669 = DIRECTION ( 'NONE',  ( 0.000000000000000000, 1.000000000000000000, 3.909236002201319044E-15 ) ) ;
#1670 = CYLINDRICAL_SURFACE ( 'NONE', #962, 5.000000000000000000 ) ;
#1671 = CARTESIAN_POINT ( 'NONE',  ( -9.050000000000011369, -26.99999999999979394, -97.67499999999991189 ) ) ;
#1672 = VECTOR ( 'NONE', #458, 1000.000000000000000 ) ;
#1673 = DIRECTION ( 'NONE',  ( 0.000000000000000000, 1.000000000000000000, 3.909236002201319044E-15 ) ) ;
#1674 = DIRECTION ( 'NONE',  ( 0.000000000000000000, 1.000000000000000000, 5.551115123125782702E-15 ) ) ;
#1675 = ADVANCED_FACE ( 'NONE', ( #1135 ), #1531, .F. ) ;
#1676 = LINE ( 'NONE', #1353, #380 ) ;
#1677 = EDGE_LOOP ( 'NONE', ( #911, #921, #691, #1384 ) ) ;
#1678 = VERTEX_POINT ( 'NONE', #1158 ) ;
#1679 = CARTESIAN_POINT ( 'NONE',  ( 4.975000000000478373, 11.90784930203663095, -108.8259884629744789 ) ) ;
#1680 = FACE_OUTER_BOUND ( 'NONE', #1298, .T. ) ;
#1681 = CARTESIAN_POINT ( 'NONE',  ( -1.723052553508439902E-14, 2.897682094271654027E-13, -119.4999999999997868 ) ) ;
#1682 = ORIENTED_EDGE ( 'NONE', *, *, #479, .T. ) ;
#1683 = COLOUR_RGB ( '',1.000000000000000000, 0.000000000000000000, 0.000000000000000000 ) ;
#1684 = EDGE_CURVE ( 'NONE', #359, #802, #1707, .T. ) ;
#1686 = CARTESIAN_POINT ( 'NONE',  ( 21.95673594181084098, -50.10000000007806165, -73.60000000000002274 ) ) ;
#1685 = VECTOR ( 'NONE', #1214, 1000.000000000000000 ) ;
#1687 = EDGE_CURVE ( 'NONE', #457, #1389, #1498, .T. ) ;
#1688 = EDGE_CURVE ( 'NONE', #2162, #1218, #1148, .T. ) ;
#1689 = CARTESIAN_POINT ( 'NONE',  ( 8.696166260317392371, -32.00000000015610624, -69.34999999999996589 ) ) ;
#1690 = ORIENTED_EDGE ( 'NONE', *, *, #1510, .F. ) ;
#1691 = VECTOR ( 'NONE', #1735, 1000.000000000000000 ) ;
#1692 = ORIENTED_EDGE ( 'NONE', *, *, #18, .T. ) ;
#1693 = DIRECTION ( 'NONE',  ( -2.829314537780693759E-16, 4.758098676964957053E-15, -1.000000000000000000 ) ) ;
#1694 = LINE ( 'NONE', #2225, #1913 ) ;
#1695 = CARTESIAN_POINT ( 'NONE',  ( -2.749769170950433367E-14, -16.99999999999978328, -114.1999999999998749 ) ) ;
#1696 = CARTESIAN_POINT ( 'NONE',  ( 11.60474041071213236, -6.699999999998835776, -74.26748904726099454 ) ) ;
#1697 = FACE_OUTER_BOUND ( 'NONE', #2035, .T. ) ;
#1698 = CARTESIAN_POINT ( 'NONE',  ( 40.00000000000002132, -26.99999999999981881, -99.67499999999992610 ) ) ;
#1699 = ORIENTED_EDGE ( 'NONE', *, *, #405, .F. ) ;
#1700 = APPLICATION_CONTEXT ( 'automotive_design' ) ;
#1701 = ORIENTED_EDGE ( 'NONE', *, *, #1445, .F. ) ;
#1702 = CARTESIAN_POINT ( 'NONE',  ( 40.00000000000002842, -61.99999999999995026, -74.60000000000013642 ) ) ;
#1703 = DIRECTION ( 'NONE',  ( 0.000000000000000000, 1.000000000000000000, 5.236901059552631621E-15 ) ) ;
#1704 = DIRECTION ( 'NONE',  ( -2.829314537780693759E-16, 4.758098676964957053E-15, -1.000000000000000000 ) ) ;
#1705 = ORIENTED_EDGE ( 'NONE', *, *, #2249, .T. ) ;
#1706 = FACE_OUTER_BOUND ( 'NONE', #1174, .T. ) ;
#1707 = LINE ( 'NONE', #1306, #86 ) ;
#1708 = VECTOR ( 'NONE', #1444, 1000.000000000000000 ) ;
#1709 = CARTESIAN_POINT ( 'NONE',  ( -4.000000000001072031, -52.99999999999994316, -76.90000000001485603 ) ) ;
#1710 = ADVANCED_FACE ( 'NONE', ( #2218 ), #239, .F. ) ;
#1711 = ORIENTED_EDGE ( 'NONE', *, *, #2280, .T. ) ;
#1712 = ORIENTED_EDGE ( 'NONE', *, *, #2169, .T. ) ;
#1713 = ADVANCED_FACE ( 'NONE', ( #1697 ), #1866, .F. ) ;
#1714 = CARTESIAN_POINT ( 'NONE',  ( 34.00000000002042810, -32.00000000015608492, -73.59999999999996589 ) ) ;
#1715 = CARTESIAN_POINT ( 'NONE',  ( 40.00000000000002842, -26.99999999999995026, -71.59999999999996589 ) ) ;
#1716 = CARTESIAN_POINT ( 'NONE',  ( -4.000000000001075584, -52.99999999999990052, -89.65000000001229807 ) ) ;
#1717 = VERTEX_POINT ( 'NONE', #227 ) ;
#1718 = MANIFOLD_SOLID_BREP ( 'Wytnij-wyci¹gniêcie15', #601 ) ;
#1719 = EDGE_LOOP ( 'NONE', ( #734, #762, #1087, #1742 ) ) ;
#1720 = DIRECTION ( 'NONE',  ( 1.000000000000000000, 0.000000000000000000, 0.000000000000000000 ) ) ;
#1721 = CYLINDRICAL_SURFACE ( 'NONE', #323, 20.00000000000000000 ) ;
#1722 = AXIS2_PLACEMENT_3D ( 'NONE', #857, #1095, #551 ) ;
#1723 = DIRECTION ( 'NONE',  ( 0.8091295337755755046, -3.349986233588966192E-15, 0.5876303239045104210 ) ) ;
#1724 = ORIENTED_EDGE ( 'NONE', *, *, #2105, .T. ) ;
#1725 = ORIENTED_EDGE ( 'NONE', *, *, #1762, .F. ) ;
#1726 = EDGE_CURVE ( 'NONE', #1389, #282, #434, .T. ) ;
#1727 = CIRCLE ( 'NONE', #814, 1.900000000002652234 ) ;
#1728 = CARTESIAN_POINT ( 'NONE',  ( 2.610287666324244249, 13.85705393449318912, -119.4999999999997158 ) ) ;
#1729 = CARTESIAN_POINT ( 'NONE',  ( 2.610287666325529443, -13.85705393449189948, -119.4999999999998579 ) ) ;
#1730 = DIRECTION ( 'NONE',  ( 2.829314537780693759E-16, -4.758098676964957053E-15, 1.000000000000000000 ) ) ;
#1731 = EDGE_CURVE ( 'NONE', #1434, #628, #1611, .T. ) ;
#1732 = ORIENTED_EDGE ( 'NONE', *, *, #2183, .F. ) ;
#1733 = ORIENTED_EDGE ( 'NONE', *, *, #700, .F. ) ;
#1734 = CARTESIAN_POINT ( 'NONE',  ( 26.23063683304636839, -31.99999999999975842, -109.6750000000000256 ) ) ;
#1735 = DIRECTION ( 'NONE',  ( -2.829314537780693759E-16, 4.758098676964957053E-15, -1.000000000000000000 ) ) ;
#1736 = LINE ( 'NONE', #473, #2122 ) ;
#1737 = ORIENTED_EDGE ( 'NONE', *, *, #565, .T. ) ;
#1738 = ORIENTED_EDGE ( 'NONE', *, *, #2151, .T. ) ;
#1739 = CARTESIAN_POINT ( 'NONE',  ( 11.60474041071147333, 6.700000000001016254, -117.1999999999997613 ) ) ;
#1740 = CARTESIAN_POINT ( 'NONE',  ( 1.280036211742512687E-12, -13.39999999999921698, -74.26748904726102296 ) ) ;
#1741 = CARTESIAN_POINT ( 'NONE',  ( 3.864579600900031942, 6.693648218654066007, -119.4999999999997584 ) ) ;
#1742 = ORIENTED_EDGE ( 'NONE', *, *, #1290, .F. ) ;
#1743 = COLOUR_RGB ( '',1.000000000000000000, 0.000000000000000000, 0.000000000000000000 ) ;
#1744 = ORIENTED_EDGE ( 'NONE', *, *, #956, .T. ) ;
#1745 = LINE ( 'NONE', #100, #2201 ) ;
#1746 = DIRECTION ( 'NONE',  ( 6.731078879466019206E-31, 1.000000000000000000, 4.758098676964957053E-15 ) ) ;
#1747 = VECTOR ( 'NONE', #396, 1000.000000000000000 ) ;
#1748 = AXIS2_PLACEMENT_3D ( 'NONE', #2327, #368, #1466 ) ;
#1749 = DIRECTION ( 'NONE',  ( 2.829314537780693759E-16, -4.758098676964957053E-15, 1.000000000000000000 ) ) ;
#1750 = ADVANCED_FACE ( 'NONE', ( #1852, #1329 ), #799, .T. ) ;
#1751 = ORIENTED_EDGE ( 'NONE', *, *, #1684, .T. ) ;
#1752 = ADVANCED_FACE ( 'NONE', ( #425 ), #215, .F. ) ;
#1753 = VECTOR ( 'NONE', #1652, 1000.000000000000000 ) ;
#1754 = ORIENTED_EDGE ( 'NONE', *, *, #418, .T. ) ;
#1755 = VECTOR ( 'NONE', #355, 1000.000000000000000 ) ;
#1756 = PLANE ( 'NONE',  #508 ) ;
#1757 = DIRECTION ( 'NONE',  ( -2.829314537780693759E-16, 4.758098676964957053E-15, -1.000000000000000000 ) ) ;
#1758 = EDGE_LOOP ( 'NONE', ( #2191, #461, #2077, #2254 ) ) ;
#1759 = ORIENTED_EDGE ( 'NONE', *, *, #860, .F. ) ;
#1760 = DIRECTION ( 'NONE',  ( 0.000000000000000000, 1.000000000000000000, 0.000000000000000000 ) ) ;
#1761 = CARTESIAN_POINT ( 'NONE',  ( 11.60474041071211992, -6.699999999998619948, -119.4999999999998295 ) ) ;
#1762 = EDGE_CURVE ( 'NONE', #1205, #732, #126, .T. ) ;
#1763 = FACE_BOUND ( 'NONE', #963, .T. ) ;
#1764 = ORIENTED_EDGE ( 'NONE', *, *, #482, .F. ) ;
#1765 = EDGE_CURVE ( 'NONE', #1666, #527, #1208, .T. ) ;
#1766 = AXIS2_PLACEMENT_3D ( 'NONE', #937, #1352, #1317 ) ;
#1767 = ADVANCED_FACE ( 'NONE', ( #1220 ), #1185, .F. ) ;
#1768 = AXIS2_PLACEMENT_3D ( 'NONE', #108, #819, #1027 ) ;
#1769 = ORIENTED_EDGE ( 'NONE', *, *, #352, .F. ) ;
#1770 = DIRECTION ( 'NONE',  ( 4.881349231072853463E-16, -1.000000000000000000, -3.630468118044610585E-15 ) ) ;
#1771 = CARTESIAN_POINT ( 'NONE',  ( 34.00000000002042810, -32.00000000015609203, -69.34999999999996589 ) ) ;
#1772 = EDGE_LOOP ( 'NONE', ( #1764, #513 ) ) ;
#1773 = VECTOR ( 'NONE', #1757, 1000.000000000000000 ) ;
#1774 = DIRECTION ( 'NONE',  ( -1.414657268890346879E-16, 2.379049338482478526E-15, -1.000000000000000000 ) ) ;
#1775 = DIRECTION ( 'NONE',  ( 1.000000000000000000, 0.000000000000000000, 0.000000000000000000 ) ) ;
#1776 = LINE ( 'NONE', #1925, #665 ) ;
#1777 = CARTESIAN_POINT ( 'NONE',  ( -4.725000000001340794, -11.47483660014702878, -108.8259884629745926 ) ) ;
#1778 = ORIENTED_EDGE ( 'NONE', *, *, #29, .T. ) ;
#1779 = VERTEX_POINT ( 'NONE', #1032 ) ;
#1780 = DIRECTION ( 'NONE',  ( -2.829314537780693759E-16, 4.758098676964957053E-15, -1.000000000000000000 ) ) ;
#1781 = ORIENTED_EDGE ( 'NONE', *, *, #2024, .F. ) ;
#1782 = EDGE_CURVE ( 'NONE', #417, #831, #1188, .T. ) ;
#1783 = LINE ( 'NONE', #1425, #756 ) ;
#1784 = DIRECTION ( 'NONE',  ( 0.000000000000000000, 1.000000000000000000, 0.000000000000000000 ) ) ;
#1785 = FACE_OUTER_BOUND ( 'NONE', #505, .T. ) ;
#1786 = DIRECTION ( 'NONE',  ( 1.000000000000000000, 6.731078879466019206E-31, -2.829314537780693759E-16 ) ) ;
#1787 = CIRCLE ( 'NONE', #2048, 2.749999999997434941 ) ;
#1788 = EDGE_LOOP ( 'NONE', ( #1083, #781 ) ) ;
#1789 = VECTOR ( 'NONE', #1034, 1000.000000000000000 ) ;
#1790 = DIRECTION ( 'NONE',  ( -2.829314537780693759E-16, 4.758098676964957053E-15, -1.000000000000000000 ) ) ;
#1791 = EDGE_LOOP ( 'NONE', ( #741, #2131, #218, #2260 ) ) ;
#1792 = AXIS2_PLACEMENT_3D ( 'NONE', #375, #506, #1230 ) ;
#1793 = DIRECTION ( 'NONE',  ( -2.829314537780693759E-16, 4.758098676964957053E-15, -1.000000000000000000 ) ) ;
#1794 = ORIENTED_EDGE ( 'NONE', *, *, #984, .T. ) ;
#1795 = DIRECTION ( 'NONE',  ( 4.881349231072853463E-16, -1.000000000000000000, -3.630468118044610585E-15 ) ) ;
#1796 = CARTESIAN_POINT ( 'NONE',  ( -3.864579600899078482, -6.693648218653315496, -117.1999999999998323 ) ) ;
#1797 = DIRECTION ( 'NONE',  ( -2.829314537780693759E-16, 4.758098676964957053E-15, -1.000000000000000000 ) ) ;
#1798 = DIRECTION ( 'NONE',  ( 0.000000000000000000, 1.000000000000000000, 3.909236002201319044E-15 ) ) ;
#1799 = EDGE_LOOP ( 'NONE', ( #38, #885, #1596, #2264, #165, #789, #1632, #1806, #1182, #2339, #817, #722, #1279, #2203, #395, #231, #908, #1546, #1233, #2316, #1412 ) ) ;
#1800 = CARTESIAN_POINT ( 'NONE',  ( 13.30570456204472407, -4.667951537023058428, -119.4999999999998153 ) ) ;
#1801 = ORIENTED_EDGE ( 'NONE', *, *, #2196, .T. ) ;
#1802 = PRESENTATION_LAYER_ASSIGNMENT (  '', '', ( #996 ) ) ;
#1803 = VECTOR ( 'NONE', #2039, 1000.000000000000000 ) ;
#1804 = DIRECTION ( 'NONE',  ( -2.829314537780693759E-16, 4.758098676964957053E-15, -1.000000000000000000 ) ) ;
#1805 = CARTESIAN_POINT ( 'NONE',  ( 8.696166260317392371, -32.00000000015610624, -68.59999999999996589 ) ) ;
#1806 = ORIENTED_EDGE ( 'NONE', *, *, #1688, .F. ) ;
#1807 = DIRECTION ( 'NONE',  ( -2.829314537780693759E-16, 4.758098676964957053E-15, -1.000000000000000000 ) ) ;
#1808 = ADVANCED_FACE ( 'NONE', ( #2299 ), #863, .F. ) ;
#1809 = CYLINDRICAL_SURFACE ( 'NONE', #2204, 2.649999999999996803 ) ;
#1810 = CARTESIAN_POINT ( 'NONE',  ( -8.775000000004933298, 11.90784930203486880, -108.8259884629744789 ) ) ;
#1811 = FACE_BOUND ( 'NONE', #1614, .T. ) ;
#1812 = CARTESIAN_POINT ( 'NONE',  ( 6.874999999999522160, 11.90784930203663095, -108.8259884629744789 ) ) ;
#1813 = VERTEX_POINT ( 'NONE', #1567 ) ;
#1814 = CARTESIAN_POINT ( 'NONE',  ( -0.05000000000001049438, -29.99999999999982947, -94.67499999999994031 ) ) ;
#1815 = EDGE_LOOP ( 'NONE', ( #1732, #1036, #1286, #1187 ) ) ;
#1816 = ORIENTED_EDGE ( 'NONE', *, *, #512, .F. ) ;
#1817 = FACE_OUTER_BOUND ( 'NONE', #403, .T. ) ;
#1818 = CARTESIAN_POINT ( 'NONE',  ( 8.696166260317392371, -28.45000000015618369, -68.59999999999995168 ) ) ;
#1819 = CARTESIAN_POINT ( 'NONE',  ( -0.05000000000001049438, -102.2120628667566677, -94.67500000000028137 ) ) ;
#1820 = ADVANCED_FACE ( 'NONE', ( #1911 ), #1721, .T. ) ;
#1821 = DIRECTION ( 'NONE',  ( -0.3428741871299858524, 0.9393813346027007904, 4.566678977566347218E-15 ) ) ;
#1822 = ORIENTED_EDGE ( 'NONE', *, *, #1120, .F. ) ;
#1823 = AXIS2_PLACEMENT_3D ( 'NONE', #2079, #2282, #987 ) ;
#1824 = AXIS2_PLACEMENT_3D ( 'NONE', #1200, #509, #91 ) ;
#1825 = CARTESIAN_POINT ( 'NONE',  ( 19.99999999999998224, 2.922175030254601056E-13, -119.4999999999998010 ) ) ;
#1826 = ORIENTED_EDGE ( 'NONE', *, *, #1882, .T. ) ;
#1827 = VECTOR ( 'NONE', #226, 1000.000000000000000 ) ;
#1828 = CARTESIAN_POINT ( 'NONE',  ( 21.95673594181084098, -52.00000000007800338, -69.35000000000002274 ) ) ;
#1829 = CARTESIAN_POINT ( 'NONE',  ( 11.60474041071147333, 9.350000000001028155, -119.4999999999997442 ) ) ;
#1830 = PLANE ( 'NONE',  #743 ) ;
#1831 = CARTESIAN_POINT ( 'NONE',  ( -4.000000000001072031, -61.99999999999992895, -82.40000000000975433 ) ) ;
#1832 = AXIS2_PLACEMENT_3D ( 'NONE', #1089, #9, #1281 ) ;
#1833 = ADVANCED_FACE ( 'NONE', ( #483 ), #1936, .F. ) ;
#1834 = LINE ( 'NONE', #1456, #1595 ) ;
#1835 = ORIENTED_EDGE ( 'NONE', *, *, #1263, .T. ) ;
#1836 = EDGE_LOOP ( 'NONE', ( #1893, #427, #2071, #470, #2342, #1733, #2334 ) ) ;
#1837 = AXIS2_PLACEMENT_3D ( 'NONE', #898, #1967, #361 ) ;
#1838 = CARTESIAN_POINT ( 'NONE',  ( 6.625000000002104095, -11.47483660014215268, -114.1999999999998465 ) ) ;
#1839 = CARTESIAN_POINT ( 'NONE',  ( -4.432825453193545524E-15, 13.40000000000007496, -74.26748904726088085 ) ) ;
#1840 = DIRECTION ( 'NONE',  ( 2.829314537780693759E-16, -4.758098676964957053E-15, 1.000000000000000000 ) ) ;
#1841 = DIRECTION ( 'NONE',  ( 3.154042683597136586E-16, -2.523234146877709268E-15, 1.000000000000000000 ) ) ;
#1842 = CARTESIAN_POINT ( 'NONE',  ( -1.573098883006062856E-14, 2.645502864392511110E-13, -114.1999999999997897 ) ) ;
#1843 = ORIENTED_EDGE ( 'NONE', *, *, #745, .F. ) ;
#1844 = APPLICATION_PROTOCOL_DEFINITION ( 'draft international standard', 'automotive_design', 1998, #1700 ) ;
#1845 = ORIENTED_EDGE ( 'NONE', *, *, #2178, .T. ) ;
#1846 = DIRECTION ( 'NONE',  ( -2.168404344971011333E-16, -1.000000000000000000, -4.758098676964957053E-15 ) ) ;
#1847 = ADVANCED_FACE ( 'NONE', ( #115 ), #1593, .F. ) ;
#1848 = DIRECTION ( 'NONE',  ( 1.414657268890346879E-16, -2.379049338482478526E-15, 1.000000000000000000 ) ) ;
#1849 = CARTESIAN_POINT ( 'NONE',  ( 40.00000000000002842, -26.99999999999995737, -68.59999999999996589 ) ) ;
#1850 = EDGE_CURVE ( 'NONE', #2016, #670, #824, .T. ) ;
#1851 = DIRECTION ( 'NONE',  ( -4.881349231072853463E-16, 1.000000000000000000, 3.630468118044610585E-15 ) ) ;
#1852 = FACE_OUTER_BOUND ( 'NONE', #1772, .T. ) ;
#1853 = DIRECTION ( 'NONE',  ( -2.829314537780693759E-16, 4.758098676964957053E-15, -1.000000000000000000 ) ) ;
#1854 = ORIENTED_EDGE ( 'NONE', *, *, #2235, .T. ) ;
#1855 = VECTOR ( 'NONE', #1459, 1000.000000000000000 ) ;
#1856 = ORIENTED_EDGE ( 'NONE', *, *, #202, .T. ) ;
#1857 = CIRCLE ( 'NONE', #830, 2.649999999999999467 ) ;
#1858 = VECTOR ( 'NONE', #161, 1000.000000000000000 ) ;
#1859 = DIRECTION ( 'NONE',  ( 2.829314537780693759E-16, -4.758098676964957053E-15, 1.000000000000000000 ) ) ;
#1860 = CARTESIAN_POINT ( 'NONE',  ( -1.172973383851181537E-14, 1.972606096385180215E-13, -100.0578643762688671 ) ) ;
#1861 = CARTESIAN_POINT ( 'NONE',  ( 8.774999999998561506, 11.90784930203668246, -119.4999999999997300 ) ) ;
#1862 = EDGE_CURVE ( 'NONE', #2037, #345, #664, .T. ) ;
#1863 = AXIS2_PLACEMENT_3D ( 'NONE', #2217, #214, #946 ) ;
#1864 = ADVANCED_FACE ( 'NONE', ( #497 ), #459, .F. ) ;
#1865 = LINE ( 'NONE', #424, #1213 ) ;
#1866 = CYLINDRICAL_SURFACE ( 'NONE', #1766, 1.900000000002652234 ) ;
#1867 = CYLINDRICAL_SURFACE ( 'NONE', #1330, 3.549999999999942091 ) ;
#1868 = ORIENTED_EDGE ( 'NONE', *, *, #1090, .F. ) ;
#1869 = ORIENTED_EDGE ( 'NONE', *, *, #2321, .F. ) ;
#1870 = CARTESIAN_POINT ( 'NONE',  ( -9.050000000000016698, -16.99999999999977618, -114.1999999999998749 ) ) ;
#1871 = DIRECTION ( 'NONE',  ( -2.829314537780693759E-16, 4.758098676964957053E-15, -1.000000000000000000 ) ) ;
#1872 = VECTOR ( 'NONE', #2180, 1000.000000000000000 ) ;
#1874 = DIRECTION ( 'NONE',  ( 0.000000000000000000, 1.000000000000000000, 0.000000000000000000 ) ) ;
#1873 = AXIS2_PLACEMENT_3D ( 'NONE', #1122, #1848, #586 ) ;
#1875 = DIRECTION ( 'NONE',  ( 0.000000000000000000, -1.000000000000000000, -5.551115123125782702E-15 ) ) ;
#1876 = CARTESIAN_POINT ( 'NONE',  ( -9.050000000000013145, -41.99999999999975842, -99.67499999999998295 ) ) ;
#1877 = VERTEX_POINT ( 'NONE', #303 ) ;
#1878 = VECTOR ( 'NONE', #1797, 1000.000000000000000 ) ;
#1879 = VERTEX_POINT ( 'NONE', #813 ) ;
#1880 = FACE_OUTER_BOUND ( 'NONE', #973, .T. ) ;
#1881 = LINE ( 'NONE', #1849, #205 ) ;
#1882 = EDGE_CURVE ( 'NONE', #2190, #2037, #2112, .T. ) ;
#1883 = CARTESIAN_POINT ( 'NONE',  ( 8.696166260317390595, -33.90000000015603376, -69.34999999999996589 ) ) ;
#1884 = DIRECTION ( 'NONE',  ( -0.9850142137072597226, -0.1724731828275601342, -5.419529195474923528E-16 ) ) ;
#1885 = CARTESIAN_POINT ( 'NONE',  ( -4.725000000001344347, -11.47483660014697726, -119.4999999999998437 ) ) ;
#1886 = ORIENTED_EDGE ( 'NONE', *, *, #567, .T. ) ;
#1887 = ADVANCED_FACE ( 'NONE', ( #2262 ), #1543, .F. ) ;
#1888 = EDGE_CURVE ( 'NONE', #1813, #1902, #1776, .T. ) ;
#1889 = ORIENTED_EDGE ( 'NONE', *, *, #2308, .T. ) ;
#1890 = DIRECTION ( 'NONE',  ( -2.829314537780693759E-16, 4.676656260252431183E-15, -1.000000000000000000 ) ) ;
#1891 = AXIS2_PLACEMENT_3D ( 'NONE', #2354, #571, #1631 ) ;
#1892 = DIRECTION ( 'NONE',  ( -2.829314537780693759E-16, 4.758098676964957053E-15, -1.000000000000000000 ) ) ;
#1893 = ORIENTED_EDGE ( 'NONE', *, *, #1117, .T. ) ;
#1894 = AXIS2_PLACEMENT_3D ( 'NONE', #319, #1749, #1594 ) ;
#1895 = ORIENTED_EDGE ( 'NONE', *, *, #498, .F. ) ;
#1896 = CARTESIAN_POINT ( 'NONE',  ( -7.729159201799995493, -2.728495809231894967E-13, -74.26748904726096612 ) ) ;
#1897 = DIRECTION ( 'NONE',  ( 1.000000000000000000, 0.000000000000000000, 0.000000000000000000 ) ) ;
#1898 = CIRCLE ( 'NONE', #1026, 1.899999999999922640 ) ;
#1899 = AXIS2_PLACEMENT_3D ( 'NONE', #110, #808, #1349 ) ;
#1900 = AXIS2_PLACEMENT_3D ( 'NONE', #2251, #578, #1874 ) ;
#1901 = DIRECTION ( 'NONE',  ( 0.000000000000000000, 1.000000000000000000, 3.909236002201345865E-15 ) ) ;
#1902 = VERTEX_POINT ( 'NONE', #138 ) ;
#1903 = EDGE_CURVE ( 'NONE', #1500, #283, #2087, .T. ) ;
#1904 = EDGE_CURVE ( 'NONE', #345, #457, #291, .T. ) ;
#1905 = ORIENTED_EDGE ( 'NONE', *, *, #2279, .T. ) ;
#1906 = DIRECTION ( 'NONE',  ( -2.829314537780693759E-16, 4.758098676964957053E-15, -1.000000000000000000 ) ) ;
#1907 = CYLINDRICAL_SURFACE ( 'NONE', #1008, 2.749999999997434941 ) ;
#1908 = VERTEX_POINT ( 'NONE', #376 ) ;
#1909 = EDGE_LOOP ( 'NONE', ( #1225, #1854, #2278, #1609 ) ) ;
#1910 = DIRECTION ( 'NONE',  ( 0.7668107407455122537, -0.6418732646537933517, -3.816569600485938794E-15 ) ) ;
#1911 = FACE_OUTER_BOUND ( 'NONE', #1119, .T. ) ;
#1912 = VECTOR ( 'NONE', #2312, 1000.000000000000000 ) ;
#1913 = VECTOR ( 'NONE', #58, 1000.000000000000000 ) ;
#1914 = DIRECTION ( 'NONE',  ( 1.000000000000000000, 6.731078879466019206E-31, -2.829314537780693759E-16 ) ) ;
#1915 = ORIENTED_EDGE ( 'NONE', *, *, #635, .T. ) ;
#1916 = ORIENTED_EDGE ( 'NONE', *, *, #1307, .T. ) ;
#1917 = DIRECTION ( 'NONE',  ( 6.921589929084517392E-16, 1.000000000000000000, 4.758098676964957053E-15 ) ) ;
#1918 = DIRECTION ( 'NONE',  ( 1.000000000000000000, 0.000000000000000000, 0.000000000000000000 ) ) ;
#1919 = LINE ( 'NONE', #454, #2033 ) ;
#1920 = ORIENTED_EDGE ( 'NONE', *, *, #2106, .F. ) ;
#1921 = EDGE_CURVE ( 'NONE', #210, #2320, #2147, .T. ) ;
#1922 = ORIENTED_EDGE ( 'NONE', *, *, #1191, .T. ) ;
#1923 = LINE ( 'NONE', #290, #2276 ) ;
#1924 = ADVANCED_FACE ( 'NONE', ( #1068 ), #915, .F. ) ;
#1925 = CARTESIAN_POINT ( 'NONE',  ( 19.99999999999998579, -31.99999999999970868, -119.4999999999999574 ) ) ;
#1926 = DIRECTION ( 'NONE',  ( -2.829314537780693759E-16, 4.758098676964957053E-15, -1.000000000000000000 ) ) ;
#1927 = EDGE_LOOP ( 'NONE', ( #1816, #2006, #1590, #53, #446 ) ) ;
#1928 = EDGE_LOOP ( 'NONE', ( #1228, #1983, #45, #301 ) ) ;
#1929 = FACE_OUTER_BOUND ( 'NONE', #1836, .T. ) ;
#1930 = LINE ( 'NONE', #477, #1274 ) ;
#1931 = ORIENTED_EDGE ( 'NONE', *, *, #702, .F. ) ;
#1932 = EDGE_CURVE ( 'NONE', #1218, #1965, #2187, .T. ) ;
#1933 = ORIENTED_EDGE ( 'NONE', *, *, #940, .F. ) ;
#1934 = ADVANCED_FACE ( 'NONE', ( #1785 ), #1830, .F. ) ;
#1935 = DIRECTION ( 'NONE',  ( 4.881349231072853463E-16, -1.000000000000000000, -3.630468118044610585E-15 ) ) ;
#1936 = PLANE ( 'NONE',  #1346 ) ;
#1937 = ADVANCED_FACE ( 'NONE', ( #927 ), #1258, .F. ) ;
#1938 = VECTOR ( 'NONE', #764, 1000.000000000000000 ) ;
#1939 = VECTOR ( 'NONE', #1173, 1000.000000000000114 ) ;
#1940 = CARTESIAN_POINT ( 'NONE',  ( 21.95673594181084098, -52.00000000007801049, -69.35000000000002274 ) ) ;
#1941 = ORIENTED_EDGE ( 'NONE', *, *, #557, .F. ) ;
#1942 = AXIS2_PLACEMENT_3D ( 'NONE', #777, #60, #30 ) ;
#1943 = VERTEX_POINT ( 'NONE', #903 ) ;
#1944 = DIRECTION ( 'NONE',  ( 2.829314537780693759E-16, -3.630468118044610585E-15, 1.000000000000000000 ) ) ;
#1945 = FACE_OUTER_BOUND ( 'NONE', #2310, .T. ) ;
#1946 = ORIENTED_EDGE ( 'NONE', *, *, #390, .T. ) ;
#1947 = ORIENTED_EDGE ( 'NONE', *, *, #143, .T. ) ;
#1948 = DIRECTION ( 'NONE',  ( -2.829314537780693759E-16, 4.758098676964957053E-15, -1.000000000000000000 ) ) ;
#1949 = CARTESIAN_POINT ( 'NONE',  ( 19.99999999999998934, -26.99999999999978328, -104.1999999999998892 ) ) ;
#1950 = PLANE ( 'NONE',  #790 ) ;
#1951 = VERTEX_POINT ( 'NONE', #2337 ) ;
#1952 = VECTOR ( 'NONE', #1793, 1000.000000000000000 ) ;
#1953 = EDGE_CURVE ( 'NONE', #1535, #1664, #1606, .T. ) ;
#1954 = VERTEX_POINT ( 'NONE', #1818 ) ;
#1955 = CARTESIAN_POINT ( 'NONE',  ( -20.00000000000000355, 2.419605899270853651E-14, -64.19999999999978968 ) ) ;
#1956 =( NAMED_UNIT ( * ) PLANE_ANGLE_UNIT ( ) SI_UNIT ( $, .RADIAN. ) );
#1957 = ORIENTED_EDGE ( 'NONE', *, *, #793, .T. ) ;
#1958 = EDGE_LOOP ( 'NONE', ( #1569, #1460, #1957, #1655, #931, #674, #710, #1029 ) ) ;
#1959 = CARTESIAN_POINT ( 'NONE',  ( -11.60474041071087292, 6.699999999999892708, -117.1999999999997470 ) ) ;
#1960 = CARTESIAN_POINT ( 'NONE',  ( 13.30570456204408103, 4.667951537025464503, -119.4999999999997726 ) ) ;
#1961 = PRODUCT_RELATED_PRODUCT_CATEGORY ( 'part', '', ( #1658 ) ) ;
#1962 = FACE_BOUND ( 'NONE', #1547, .T. ) ;
#1963 = ORIENTED_EDGE ( 'NONE', *, *, #1323, .F. ) ;
#1964 = ADVANCED_FACE ( 'NONE', ( #2325, #1427 ), #329, .T. ) ;
#1965 = VERTEX_POINT ( 'NONE', #1960 ) ;
#1966 = EDGE_CURVE ( 'NONE', #350, #327, #171, .T. ) ;
#1967 = DIRECTION ( 'NONE',  ( 1.414657268890346879E-16, -2.379049338482478526E-15, 1.000000000000000000 ) ) ;
#1968 = FILL_AREA_STYLE ('',( #1613 ) ) ;
#1969 = ORIENTED_EDGE ( 'NONE', *, *, #3, .T. ) ;
#1970 = CARTESIAN_POINT ( 'NONE',  ( 3.864579600901390855, -6.693648218652331394, -119.4999999999998153 ) ) ;
#1971 = DIRECTION ( 'NONE',  ( 0.000000000000000000, 1.000000000000000000, 5.236901059552631621E-15 ) ) ;
#1972 = CARTESIAN_POINT ( 'NONE',  ( -9.050000000000014921, -31.99999999999975842, -109.6750000000000114 ) ) ;
#1973 = DIRECTION ( 'NONE',  ( 2.829314537780693759E-16, -4.758098676964957053E-15, 1.000000000000000000 ) ) ;
#1974 = VECTOR ( 'NONE', #575, 1000.000000000000000 ) ;
#1975 = ORIENTED_EDGE ( 'NONE', *, *, #829, .F. ) ;
#1976 = CIRCLE ( 'NONE', #1102, 1.899999999999919087 ) ;
#1977 = EDGE_CURVE ( 'NONE', #1239, #210, #1416, .T. ) ;
#1978 = ORIENTED_EDGE ( 'NONE', *, *, #671, .F. ) ;
#1979 = AXIS2_PLACEMENT_3D ( 'NONE', #1069, #1619, #1798 ) ;
#1980 = EDGE_CURVE ( 'NONE', #1266, #2162, #1997, .T. ) ;
#1981 = FACE_OUTER_BOUND ( 'NONE', #1397, .T. ) ;
#1982 =( LENGTH_UNIT ( ) NAMED_UNIT ( * ) SI_UNIT ( .MILLI., .METRE. ) );
#1983 = ORIENTED_EDGE ( 'NONE', *, *, #28, .T. ) ;
#1984 = EDGE_LOOP ( 'NONE', ( #952, #881, #155, #478 ) ) ;
#1985 = DIRECTION ( 'NONE',  ( 0.000000000000000000, 1.000000000000000000, 0.000000000000000000 ) ) ;
#1986 = DIRECTION ( 'NONE',  ( 0.000000000000000000, 1.000000000000000000, 5.551115123125782702E-15 ) ) ;
#1987 = CARTESIAN_POINT ( 'NONE',  ( -11.60474041071021034, -6.699999999999954881, -74.26748904726099454 ) ) ;
#1988 = VERTEX_POINT ( 'NONE', #1972 ) ;
#1989 = CARTESIAN_POINT ( 'NONE',  ( -9.050000000000011369, -41.99999999999975842, -99.67499999999998295 ) ) ;
#1990 = ORIENTED_EDGE ( 'NONE', *, *, #390, .F. ) ;
#1991 = CIRCLE ( 'NONE', #850, 2.649999999999996803 ) ;
#1992 = DIRECTION ( 'NONE',  ( 1.414657268890346879E-16, -2.379049338482478526E-15, 1.000000000000000000 ) ) ;
#1993 = DIRECTION ( 'NONE',  ( 0.000000000000000000, -1.000000000000000000, -5.236901059552622943E-15 ) ) ;
#1994 = VERTEX_POINT ( 'NONE', #157 ) ;
#1995 = CARTESIAN_POINT ( 'NONE',  ( -4.000000000001074696, -52.99999999999990763, -86.90000000001487024 ) ) ;
#1996 = DIRECTION ( 'NONE',  ( -2.829314537780693759E-16, 4.758098676964957053E-15, -1.000000000000000000 ) ) ;
#1997 = LINE ( 'NONE', #556, #1755 ) ;
#1998 = VECTOR ( 'NONE', #1198, 1000.000000000000000 ) ;
#1999 = EDGE_CURVE ( 'NONE', #1014, #2345, #1641, .T. ) ;
#2000 = ADVANCED_FACE ( 'NONE', ( #182 ), #1474, .T. ) ;
#2001 = PLANE ( 'NONE',  #1065 ) ;
#2002 = CYLINDRICAL_SURFACE ( 'NONE', #569, 2.649999999999999467 ) ;
#2003 = EDGE_LOOP ( 'NONE', ( #475, #1969, #130, #24 ) ) ;
#2004 = DIRECTION ( 'NONE',  ( -2.829314537780693759E-16, 4.758098676964957053E-15, -1.000000000000000000 ) ) ;
#2005 = FACE_OUTER_BOUND ( 'NONE', #198, .T. ) ;
#2006 = ORIENTED_EDGE ( 'NONE', *, *, #1307, .F. ) ;
#2007 = CARTESIAN_POINT ( 'NONE',  ( -3.864579600899066492, -6.693648218653520665, -74.26748904726099454 ) ) ;
#2008 = CARTESIAN_POINT ( 'NONE',  ( 8.696166260317390595, -32.00000000015609913, -73.59999999999996589 ) ) ;
#2009 = EDGE_CURVE ( 'NONE', #572, #2023, #611, .T. ) ;
#2010 = ADVANCED_FACE ( 'NONE', ( #367 ), #1271, .F. ) ;
#2011 = CARTESIAN_POINT ( 'NONE',  ( 11.60474041071147333, 9.350000000001015721, -117.1999999999997470 ) ) ;
#2012 = EDGE_CURVE ( 'NONE', #104, #675, #796, .T. ) ;
#2013 = DIRECTION ( 'NONE',  ( -4.673340790910550867E-17, 0.7071067811865470176, -0.7071067811865481278 ) ) ;
#2014 = VERTEX_POINT ( 'NONE', #934 ) ;
#2015 = CIRCLE ( 'NONE', #1824, 1.899999999999919087 ) ;
#2016 = VERTEX_POINT ( 'NONE', #388 ) ;
#2017 = AXIS2_PLACEMENT_3D ( 'NONE', #624, #785, #1489 ) ;
#2018 = CARTESIAN_POINT ( 'NONE',  ( 7.729159201800640311, 1.333992130548537383E-12, -117.1999999999997897 ) ) ;
#2019 = CYLINDRICAL_SURFACE ( 'NONE', #1189, 2.649999999999996803 ) ;
#2020 = CARTESIAN_POINT ( 'NONE',  ( 3.864579600901390855, -6.693648218652342052, -117.1999999999998323 ) ) ;
#2021 = DIRECTION ( 'NONE',  ( -2.829314537780693759E-16, 4.758098676964957053E-15, -1.000000000000000000 ) ) ;
#2022 = LINE ( 'NONE', #391, #1025 ) ;
#2023 = VERTEX_POINT ( 'NONE', #1112 ) ;
#2024 = EDGE_CURVE ( 'NONE', #180, #1666, #1315, .T. ) ;
#2025 = AXIS2_PLACEMENT_3D ( 'NONE', #2209, #786, #250 ) ;
#2026 = ORIENTED_EDGE ( 'NONE', *, *, #2134, .T. ) ;
#2027 = AXIS2_PLACEMENT_3D ( 'NONE', #2095, #1395, #2116 ) ;
#2028 = DIRECTION ( 'NONE',  ( 0.000000000000000000, 1.000000000000000000, 3.909236002201345865E-15 ) ) ;
#2029 = DIRECTION ( 'NONE',  ( 2.829314537780693759E-16, -4.758098676964957053E-15, 1.000000000000000000 ) ) ;
#2030 = CARTESIAN_POINT ( 'NONE',  ( 21.95673594181084098, -55.55000000007794370, -69.35000000000003695 ) ) ;
#2031 = CARTESIAN_POINT ( 'NONE',  ( -20.00000000000001776, 2.873189158288706492E-13, -119.4999999999997868 ) ) ;
#2032 = DIRECTION ( 'NONE',  ( -2.829314537780693759E-16, 4.758098676964957053E-15, -1.000000000000000000 ) ) ;
#2033 = VECTOR ( 'NONE', #1181, 1000.000000000000000 ) ;
#2034 = DIRECTION ( 'NONE',  ( -4.881349231072853463E-16, 1.000000000000000000, 3.630468118044610585E-15 ) ) ;
#2035 = EDGE_LOOP ( 'NONE', ( #510, #1738, #111, #1701 ) ) ;
#2036 = EDGE_CURVE ( 'NONE', #1356, #180, #610, .T. ) ;
#2037 = VERTEX_POINT ( 'NONE', #776 ) ;
#2038 = LINE ( 'NONE', #57, #1098 ) ;
#2039 = DIRECTION ( 'NONE',  ( -2.829314537780693759E-16, 4.758098676964957053E-15, -1.000000000000000000 ) ) ;
#2040 = DIRECTION ( 'NONE',  ( -2.829314537780693759E-16, 4.758098676964957053E-15, -1.000000000000000000 ) ) ;
#2041 = ORIENTED_EDGE ( 'NONE', *, *, #669, .T. ) ;
#2042 = CYLINDRICAL_SURFACE ( 'NONE', #1255, 3.549999999999942091 ) ;
#2043 =( LENGTH_UNIT ( ) NAMED_UNIT ( * ) SI_UNIT ( .MILLI., .METRE. ) );
#2044 = FACE_OUTER_BOUND ( 'NONE', #883, .T. ) ;
#2045 = ORIENTED_EDGE ( 'NONE', *, *, #1475, .T. ) ;
#2046 = MECHANICAL_DESIGN_GEOMETRIC_PRESENTATION_REPRESENTATION (  '', ( #1130 ), #1322 ) ;
#2047 = ORIENTED_EDGE ( 'NONE', *, *, #65, .T. ) ;
#2048 = AXIS2_PLACEMENT_3D ( 'NONE', #1229, #7, #696 ) ;
#2049 = DIRECTION ( 'NONE',  ( -1.414657268890346879E-16, 2.379049338482478526E-15, -1.000000000000000000 ) ) ;
#2050 = CARTESIAN_POINT ( 'NONE',  ( 21.95673594181084098, -50.10000000007806165, -73.60000000000002274 ) ) ;
#2051 = DIRECTION ( 'NONE',  ( 1.414657268890346879E-16, -2.379049338482478526E-15, 1.000000000000000000 ) ) ;
#2052 = CIRCLE ( 'NONE', #2089, 2.649999999999997691 ) ;
#2053 = CARTESIAN_POINT ( 'NONE',  ( -3.864579600900141632, 6.693648218653621029, -117.1999999999997470 ) ) ;
#2054 = CARTESIAN_POINT ( 'NONE',  ( 8.696166260317392371, -32.00000000015610624, -69.34999999999996589 ) ) ;
#2055 = LINE ( 'NONE', #426, #112 ) ;
#2056 = EDGE_LOOP ( 'NONE', ( #402, #804, #98, #1978 ) ) ;
#2057 = EDGE_LOOP ( 'NONE', ( #333, #87 ) ) ;
#2058 = DIRECTION ( 'NONE',  ( 1.414657268890346879E-16, -2.379049338482478526E-15, 1.000000000000000000 ) ) ;
#2059 = DIRECTION ( 'NONE',  ( -2.829314537780693759E-16, 4.758098676964957053E-15, -1.000000000000000000 ) ) ;
#2060 = DIRECTION ( 'NONE',  ( -1.000000000000000000, 6.921589929084501615E-16, 2.829314537780726792E-16 ) ) ;
#2061 = AXIS2_PLACEMENT_3D ( 'NONE', #620, #1385, #1193 ) ;
#2062 = DIRECTION ( 'NONE',  ( 6.731078879466019206E-31, 1.000000000000000000, 4.758098676964957053E-15 ) ) ;
#2063 =( NAMED_UNIT ( * ) SI_UNIT ( $, .STERADIAN. ) SOLID_ANGLE_UNIT ( ) );
#2064 = ADVANCED_FACE ( 'NONE', ( #236 ), #1527, .T. ) ;
#2065 = UNCERTAINTY_MEASURE_WITH_UNIT (LENGTH_MEASURE( 1.000000000000000082E-05 ), #349, 'distance_accuracy_value', 'NONE');
#2066 = CARTESIAN_POINT ( 'NONE',  ( 40.00000000000001421, -31.99999999999975842, -109.6750000000000256 ) ) ;
#2067 = ORIENTED_EDGE ( 'NONE', *, *, #1765, .F. ) ;
#2068 = ORIENTED_EDGE ( 'NONE', *, *, #1731, .F. ) ;
#2069 = DIRECTION ( 'NONE',  ( -2.829314537780693759E-16, 4.758098676964957053E-15, -1.000000000000000000 ) ) ;
#2070 = DIRECTION ( 'NONE',  ( 0.000000000000000000, 1.000000000000000000, 3.909236002201345865E-15 ) ) ;
#2071 = ORIENTED_EDGE ( 'NONE', *, *, #2093, .F. ) ;
#2072 = EDGE_CURVE ( 'NONE', #1244, #1040, #587, .T. ) ;
#2073 = CARTESIAN_POINT ( 'NONE',  ( 8.696166260317392371, -35.55000000015602524, -69.34999999999998010 ) ) ;
#2074 = CARTESIAN_POINT ( 'NONE',  ( -3.864579600899066492, -6.693648218653520665, -74.26748904726099454 ) ) ;
#2075 = EDGE_CURVE ( 'NONE', #1666, #703, #1302, .T. ) ;
#2076 = CARTESIAN_POINT ( 'NONE',  ( -3.864579600900142520, 6.693648218653631687, -119.4999999999997584 ) ) ;
#2077 = ORIENTED_EDGE ( 'NONE', *, *, #209, .F. ) ;
#2078 = ORIENTED_EDGE ( 'NONE', *, *, #520, .T. ) ;
#2079 = CARTESIAN_POINT ( 'NONE',  ( 21.95673594181084098, -52.00000000007799628, -73.60000000000002274 ) ) ;
#2080 = CARTESIAN_POINT ( 'NONE',  ( 21.95673594181084098, -53.90000000007793091, -73.60000000000002274 ) ) ;
#2081 = CIRCLE ( 'NONE', #2351, 2.749999999997434941 ) ;
#2082 = DIRECTION ( 'NONE',  ( 1.414657268890346879E-16, -2.379049338482478526E-15, 1.000000000000000000 ) ) ;
#2083 = ORIENTED_EDGE ( 'NONE', *, *, #827, .F. ) ;
#2084 = VECTOR ( 'NONE', #854, 1000.000000000000000 ) ;
#2085 = VERTEX_POINT ( 'NONE', #2030 ) ;
#2086 = DIRECTION ( 'NONE',  ( -2.829314537780693759E-16, 4.758098676964957053E-15, -1.000000000000000000 ) ) ;
#2087 = LINE ( 'NONE', #1378, #1998 ) ;
#2088 = CIRCLE ( 'NONE', #1137, 2.649999999999999467 ) ;
#2089 = AXIS2_PLACEMENT_3D ( 'NONE', #1959, #1605, #544 ) ;
#2090 = CARTESIAN_POINT ( 'NONE',  ( -9.050000000000016698, -29.99999999999973355, -114.1999999999999318 ) ) ;
#2091 = ORIENTED_EDGE ( 'NONE', *, *, #337, .F. ) ;
#2092 = EDGE_LOOP ( 'NONE', ( #1539, #2078, #1528, #208 ) ) ;
#2093 = EDGE_CURVE ( 'NONE', #1356, #1344, #2226, .T. ) ;
#2094 = EDGE_CURVE ( 'NONE', #849, #1779, #2127, .T. ) ;
#2095 = CARTESIAN_POINT ( 'NONE',  ( 40.05000000000003268, -102.2120628667567672, -74.60000000000033538 ) ) ;
#2096 = DIRECTION ( 'NONE',  ( -0.7668107407454777258, 0.6418732646538346520, 3.816569600486187286E-15 ) ) ;
#2097 = EDGE_LOOP ( 'NONE', ( #522, #709, #140, #1522 ) ) ;
#2098 = VERTEX_POINT ( 'NONE', #1515 ) ;
#2099 = DIRECTION ( 'NONE',  ( 0.000000000000000000, 1.000000000000000000, 0.000000000000000000 ) ) ;
#2100 = DIRECTION ( 'NONE',  ( 1.414657268890346879E-16, -2.379049338482478526E-15, 1.000000000000000000 ) ) ;
#2101 = VECTOR ( 'NONE', #926, 1000.000000000000114 ) ;
#2102 = LINE ( 'NONE', #1582, #2084 ) ;
#2103 = EDGE_LOOP ( 'NONE', ( #474, #634, #811, #1869 ) ) ;
#2104 = ORIENTED_EDGE ( 'NONE', *, *, #67, .T. ) ;
#2105 = EDGE_CURVE ( 'NONE', #2318, #876, #1118, .T. ) ;
#2106 = EDGE_CURVE ( 'NONE', #486, #353, #766, .T. ) ;
#2107 = DIRECTION ( 'NONE',  ( -0.3428741871299858524, 0.9393813346027007904, 4.566678977566347218E-15 ) ) ;
#2108 = DIRECTION ( 'NONE',  ( -0.1724731828275601064, 0.9850142137072596116, 4.735592915387321604E-15 ) ) ;
#2109 = ORIENTED_EDGE ( 'NONE', *, *, #523, .F. ) ;
#2110 = ORIENTED_EDGE ( 'NONE', *, *, #944, .F. ) ;
#2111 = CARTESIAN_POINT ( 'NONE',  ( 4.975000000000474820, 11.90784930203667003, -119.4999999999997300 ) ) ;
#2112 = LINE ( 'NONE', #993, #1691 ) ;
#2113 = DIRECTION ( 'NONE',  ( -1.156482317317864822E-16, 1.000000000000000000, 4.758098676964957053E-15 ) ) ;
#2114 = VERTEX_POINT ( 'NONE', #1485 ) ;
#2115 = ORIENTED_EDGE ( 'NONE', *, *, #23, .F. ) ;
#2116 = DIRECTION ( 'NONE',  ( -1.000000000000000000, -1.496448085048376584E-30, 4.559712020051822367E-16 ) ) ;
#2117 = CARTESIAN_POINT ( 'NONE',  ( -6.875000000002282619, 11.90784930203489544, -114.1999999999997328 ) ) ;
#2118 = VERTEX_POINT ( 'NONE', #1861 ) ;
#2119 = EDGE_LOOP ( 'NONE', ( #502, #941 ) ) ;
#2120 = FACE_OUTER_BOUND ( 'NONE', #2255, .T. ) ;
#2121 = CARTESIAN_POINT ( 'NONE',  ( 10.69541689571983056, 9.189102397469268269, -74.26748904726090927 ) ) ;
#2122 = VECTOR ( 'NONE', #689, 1000.000000000000227 ) ;
#2123 = FACE_OUTER_BOUND ( 'NONE', #2199, .T. ) ;
#2124 = ORIENTED_EDGE ( 'NONE', *, *, #463, .T. ) ;
#2125 = CIRCLE ( 'NONE', #74, 1.899999999999044009 ) ;
#2126 = ORIENTED_EDGE ( 'NONE', *, *, #1904, .F. ) ;
#2127 = CIRCLE ( 'NONE', #1523, 1.899999999999922640 ) ;
#2128 = DIRECTION ( 'NONE',  ( -1.414657268890346879E-16, 2.379049338482478526E-15, -1.000000000000000000 ) ) ;
#2129 = VERTEX_POINT ( 'NONE', #2020 ) ;
#2130 = EDGE_CURVE ( 'NONE', #1943, #244, #1881, .T. ) ;
#2131 = ORIENTED_EDGE ( 'NONE', *, *, #1765, .T. ) ;
#2132 = CARTESIAN_POINT ( 'NONE',  ( 6.625000000002105871, -11.47483660014217932, -108.8259884629745926 ) ) ;
#2133 = CARTESIAN_POINT ( 'NONE',  ( -0.05000000000001272177, -61.99999999999983658, -94.67500000000009663 ) ) ;
#2134 = EDGE_CURVE ( 'NONE', #732, #1205, #514, .T. ) ;
#2135 = DIRECTION ( 'NONE',  ( 1.414657268890346879E-16, -2.379049338482478526E-15, 1.000000000000000000 ) ) ;
#2136 = ADVANCED_FACE ( 'NONE', ( #248 ), #976, .F. ) ;
#2137 = EDGE_LOOP ( 'NONE', ( #668, #255, #1480, #924 ) ) ;
#2138 = CIRCLE ( 'NONE', #2061, 1.900000000002652234 ) ;
#2139 = FACE_BOUND ( 'NONE', #633, .T. ) ;
#2140 = ORIENTED_EDGE ( 'NONE', *, *, #237, .T. ) ;
#2141 = LINE ( 'NONE', #717, #1872 ) ;
#2142 = CARTESIAN_POINT ( 'NONE',  ( 19.99999999999998224, -31.99999999999973710, -114.1999999999999602 ) ) ;
#2143 = ORIENTED_EDGE ( 'NONE', *, *, #1382, .F. ) ;
#2144 = AXIS2_PLACEMENT_3D ( 'NONE', #1681, #1840, #1291 ) ;
#2145 = CARTESIAN_POINT ( 'NONE',  ( 21.95673594181084098, -52.00000000007799628, -73.60000000000002274 ) ) ;
#2146 = LINE ( 'NONE', #723, #879 ) ;
#2147 = LINE ( 'NONE', #1810, #1878 ) ;
#2148 = ADVANCED_FACE ( 'NONE', ( #1945 ), #1589, .F. ) ;
#2149 = FACE_BOUND ( 'NONE', #1788, .T. ) ;
#2150 = ORIENTED_EDGE ( 'NONE', *, *, #860, .T. ) ;
#2151 = EDGE_CURVE ( 'NONE', #210, #1239, #1727, .T. ) ;
#2152 = FACE_OUTER_BOUND ( 'NONE', #1984, .T. ) ;
#2153 = EDGE_LOOP ( 'NONE', ( #2110, #1163, #629, #2026 ) ) ;
#2154 = LINE ( 'NONE', #525, #13 ) ;
#2155 = CARTESIAN_POINT ( 'NONE',  ( -8.775000000004936851, 11.90784930203490788, -119.4999999999997300 ) ) ;
#2156 = EDGE_LOOP ( 'NONE', ( #2176, #1177, #716, #1312, #168 ) ) ;
#2157 = CARTESIAN_POINT ( 'NONE',  ( 3.864579600901403733, -6.693648218652546333, -74.26748904726099454 ) ) ;
#2158 = CYLINDRICAL_SURFACE ( 'NONE', #277, 1.899999999999922640 ) ;
#2159 = CARTESIAN_POINT ( 'NONE',  ( 21.95673594181084098, -52.00000000007800338, -68.60000000000002274 ) ) ;
#2160 = FACE_OUTER_BOUND ( 'NONE', #2003, .T. ) ;
#2161 = VECTOR ( 'NONE', #203, 1000.000000000000000 ) ;
#2162 = VERTEX_POINT ( 'NONE', #1396 ) ;
#2163 = VECTOR ( 'NONE', #713, 1000.000000000000000 ) ;
#2164 = DIRECTION ( 'NONE',  ( 1.414657268890346879E-16, -2.379049338482478526E-15, 1.000000000000000000 ) ) ;
#2165 = EDGE_LOOP ( 'NONE', ( #2322, #1692, #1947, #2143 ) ) ;
#2166 = VECTOR ( 'NONE', #2086, 1000.000000000000000 ) ;
#2167 = LINE ( 'NONE', #1588, #803 ) ;
#2168 = VERTEX_POINT ( 'NONE', #1013 ) ;
#2169 = EDGE_CURVE ( 'NONE', #2098, #2162, #835, .T. ) ;
#2170 = ADVANCED_FACE ( 'NONE', ( #1166 ), #1907, .F. ) ;
#2171 = PLANE ( 'NONE',  #147 ) ;
#2172 = CARTESIAN_POINT ( 'NONE',  ( -9.050000000000006040, -29.99999999999988631, -82.26408761284557158 ) ) ;
#2173 = DIRECTION ( 'NONE',  ( -2.829314537780693759E-16, 4.758098676964957053E-15, -1.000000000000000000 ) ) ;
#2174 = DIRECTION ( 'NONE',  ( 0.000000000000000000, 1.000000000000000000, 0.000000000000000000 ) ) ;
#2175 = DIRECTION ( 'NONE',  ( -2.829314537780693759E-16, 4.758098676964957053E-15, -1.000000000000000000 ) ) ;
#2176 = ORIENTED_EDGE ( 'NONE', *, *, #2093, .T. ) ;
#2177 = CIRCLE ( 'NONE', #737, 3.549999999999921219 ) ;
#2178 = EDGE_CURVE ( 'NONE', #1478, #1879, #1919, .T. ) ;
#2179 = CIRCLE ( 'NONE', #163, 1.899999999999922640 ) ;
#2180 = DIRECTION ( 'NONE',  ( -2.818383984672211755E-16, 0.7071067811865473507, -0.7071067811865477948 ) ) ;
#2181 = ORIENTED_EDGE ( 'NONE', *, *, #1980, .F. ) ;
#2182 = EDGE_CURVE ( 'NONE', #294, #1224, #96, .T. ) ;
#2183 = EDGE_CURVE ( 'NONE', #703, #1943, #2270, .T. ) ;
#2184 = DIRECTION ( 'NONE',  ( -2.829314537780693759E-16, 4.758098676964957053E-15, -1.000000000000000000 ) ) ;
#2185 = DIRECTION ( 'NONE',  ( -0.9392839235730119363, -0.3431409490534293449, -1.908284800243092065E-15 ) ) ;
#2186 = DIRECTION ( 'NONE',  ( -2.829314537780693759E-16, 4.758098676964957053E-15, -1.000000000000000000 ) ) ;
#2187 = CIRCLE ( 'NONE', #1467, 2.649999999999999467 ) ;
#2188 = DIRECTION ( 'NONE',  ( -6.894930671222600967E-16, -0.7071067811865477948, -0.7071067811865473507 ) ) ;
#2189 = LINE ( 'NONE', #1115, #2309 ) ;
#2190 = VERTEX_POINT ( 'NONE', #1215 ) ;
#2191 = ORIENTED_EDGE ( 'NONE', *, *, #583, .F. ) ;
#2192 = LINE ( 'NONE', #753, #488 ) ;
#2193 = CYLINDRICAL_SURFACE ( 'NONE', #1465, 2.749999999997434941 ) ;
#2194 = CARTESIAN_POINT ( 'NONE',  ( -1.445072400171490781E-14, -31.99999999999975842, -109.6750000000000114 ) ) ;
#2195 = LINE ( 'NONE', #2338, #1858 ) ;
#2196 = EDGE_CURVE ( 'NONE', #313, #2098, #647, .T. ) ;
#2197 = CIRCLE ( 'NONE', #642, 3.549999999999942091 ) ;
#2198 = PLANE ( 'NONE',  #2313 ) ;
#2199 = EDGE_LOOP ( 'NONE', ( #1759, #1524 ) ) ;
#2200 = VECTOR ( 'NONE', #79, 1000.000000000000000 ) ;
#2201 = VECTOR ( 'NONE', #1553, 1000.000000000000000 ) ;
#2202 = DIRECTION ( 'NONE',  ( 0.000000000000000000, 0.000000000000000000, 1.000000000000000000 ) ) ;
#2203 = ORIENTED_EDGE ( 'NONE', *, *, #520, .F. ) ;
#2204 = AXIS2_PLACEMENT_3D ( 'NONE', #1426, #747, #1971 ) ;
#2205 = CARTESIAN_POINT ( 'NONE',  ( 21.95673594181084098, -48.45000000007806307, -69.35000000000000853 ) ) ;
#2206 = DIRECTION ( 'NONE',  ( 1.414657268890346879E-16, -2.379049338482478526E-15, 1.000000000000000000 ) ) ;
#2207 = EDGE_CURVE ( 'NONE', #2114, #1493, #1599, .T. ) ;
#2208 = CARTESIAN_POINT ( 'NONE',  ( -4.000000000001072920, -52.99999999999993605, -79.65000000001229807 ) ) ;
#2209 = CARTESIAN_POINT ( 'NONE',  ( 11.60474041071148577, 6.700000000000811085, -74.26748904726093770 ) ) ;
#2210 = EDGE_CURVE ( 'NONE', #12, #1074, #240, .T. ) ;
#2211 = CARTESIAN_POINT ( 'NONE',  ( 21.95673594181084098, -48.45000000007806307, -68.60000000000000853 ) ) ;
#2212 = VERTEX_POINT ( 'NONE', #2284 ) ;
#2213 = ORIENTED_EDGE ( 'NONE', *, *, #141, .F. ) ;
#2214 = DIRECTION ( 'NONE',  ( -1.000000000000000000, -6.391086490440883439E-15, 0.000000000000000000 ) ) ;
#2215 = FACE_OUTER_BOUND ( 'NONE', #2097, .T. ) ;
#2216 = DIRECTION ( 'NONE',  ( 2.829314537780693759E-16, -4.758098676964957053E-15, 1.000000000000000000 ) ) ;
#2217 = CARTESIAN_POINT ( 'NONE',  ( 21.95673594181084098, -52.00000000007800338, -69.35000000000002274 ) ) ;
#2218 = FACE_OUTER_BOUND ( 'NONE', #1928, .T. ) ;
#2219 = CARTESIAN_POINT ( 'NONE',  ( 40.05000000000001137, -61.99999999999993605, -74.60000000000013642 ) ) ;
#2220 = EDGE_CURVE ( 'NONE', #939, #93, #84, .T. ) ;
#2221 = ORIENTED_EDGE ( 'NONE', *, *, #843, .T. ) ;
#2222 = CARTESIAN_POINT ( 'NONE',  ( 0.000000000000000000, 0.000000000000000000, 0.000000000000000000 ) ) ;
#2223 = ORIENTED_EDGE ( 'NONE', *, *, #539, .T. ) ;
#2224 = LINE ( 'NONE', #965, #254 ) ;
#2225 = CARTESIAN_POINT ( 'NONE',  ( -9.050000000000009592, -62.00000000000000711, -68.60000000000005116 ) ) ;
#2226 = LINE ( 'NONE', #27, #191 ) ;
#2227 = DIRECTION ( 'NONE',  ( 3.154042683597136586E-16, -2.523234146877709268E-15, 1.000000000000000000 ) ) ;
#2228 = CARTESIAN_POINT ( 'NONE',  ( -1.573098883006062541E-14, 2.645502864392510606E-13, -114.1999999999997897 ) ) ;
#2229 = CARTESIAN_POINT ( 'NONE',  ( 21.95673594181084098, -52.00000000007800338, -69.35000000000002274 ) ) ;
#2230 = ORIENTED_EDGE ( 'NONE', *, *, #1060, .T. ) ;
#2231 = ORIENTED_EDGE ( 'NONE', *, *, #211, .F. ) ;
#2232 = VECTOR ( 'NONE', #1121, 1000.000000000000000 ) ;
#2233 = AXIS2_PLACEMENT_3D ( 'NONE', #1045, #1054, #1417 ) ;
#2234 = CARTESIAN_POINT ( 'NONE',  ( 21.95673594181084098, -53.90000000007794512, -69.35000000000002274 ) ) ;
#2235 = EDGE_CURVE ( 'NONE', #1717, #289, #1538, .T. ) ;
#2236 = CARTESIAN_POINT ( 'NONE',  ( -9.050000000000009592, 2.807869884023447294E-13, -117.1999999999997897 ) ) ;
#2237 = CARTESIAN_POINT ( 'NONE',  ( -4.000000000001072031, -52.99999999999994316, -76.90000000001485603 ) ) ;
#2238 = AXIS2_PLACEMENT_3D ( 'NONE', #1696, #1157, #206 ) ;
#2239 = FACE_OUTER_BOUND ( 'NONE', #331, .T. ) ;
#2240 = FILL_AREA_STYLE ('',( #61 ) ) ;
#2241 = AXIS2_PLACEMENT_3D ( 'NONE', #59, #1143, #2216 ) ;
#2242 = PLANE ( 'NONE',  #1365 ) ;
#2243 = VERTEX_POINT ( 'NONE', #467 ) ;
#2244 = ORIENTED_EDGE ( 'NONE', *, *, #99, .F. ) ;
#2245 = EDGE_CURVE ( 'NONE', #1877, #849, #1930, .T. ) ;
#2246 = CARTESIAN_POINT ( 'NONE',  ( 40.00000000000002842, -61.99999999999995026, -68.60000000000005116 ) ) ;
#2247 = DIRECTION ( 'NONE',  ( 0.000000000000000000, 1.000000000000000000, 5.236901059552631621E-15 ) ) ;
#2248 = DIRECTION ( 'NONE',  ( 0.000000000000000000, 1.000000000000000000, 0.000000000000000000 ) ) ;
#2249 = EDGE_CURVE ( 'NONE', #1583, #2335, #1039, .T. ) ;
#2250 = ORIENTED_EDGE ( 'NONE', *, *, #1080, .F. ) ;
#2251 = CARTESIAN_POINT ( 'NONE',  ( 21.95673594181084098, -52.00000000007799628, -73.60000000000002274 ) ) ;
#2252 = DIRECTION ( 'NONE',  ( -2.829314537780693759E-16, 4.758098676964957053E-15, -1.000000000000000000 ) ) ;
#2253 = DIRECTION ( 'NONE',  ( 0.000000000000000000, 1.000000000000000000, 3.909236002201341921E-15 ) ) ;
#2254 = ORIENTED_EDGE ( 'NONE', *, *, #421, .F. ) ;
#2255 = EDGE_LOOP ( 'NONE', ( #654, #1905, #299, #1920 ) ) ;
#2256 = DIRECTION ( 'NONE',  ( -0.1724731828275083145, -0.9850142137072687154, 0.000000000000000000 ) ) ;
#2257 = CARTESIAN_POINT ( 'NONE',  ( -6.625000000001342038, -11.47483660014702878, -108.8259884629745926 ) ) ;
#2258 = CARTESIAN_POINT ( 'NONE',  ( -13.30570456204347884, 4.667951537024342734, -119.4999999999997584 ) ) ;
#2259 = ORIENTED_EDGE ( 'NONE', *, *, #2249, .F. ) ;
#2260 = ORIENTED_EDGE ( 'NONE', *, *, #2036, .T. ) ;
#2261 = CARTESIAN_POINT ( 'NONE',  ( -9.799270928601999842E-15, 1.630045305083575597E-13, -68.59999999999989484 ) ) ;
#2262 = FACE_OUTER_BOUND ( 'NONE', #1551, .T. ) ;
#2263 = DIRECTION ( 'NONE',  ( -2.829314537780693759E-16, 4.758098676964957053E-15, -1.000000000000000000 ) ) ;
#2264 = ORIENTED_EDGE ( 'NONE', *, *, #1782, .F. ) ;
#2265 = EDGE_CURVE ( 'NONE', #1418, #2114, #121, .T. ) ;
#2266 = ORIENTED_EDGE ( 'NONE', *, *, #268, .T. ) ;
#2267 = FACE_OUTER_BOUND ( 'NONE', #2346, .T. ) ;
#2268 = CYLINDRICAL_SURFACE ( 'NONE', #1461, 2.650000000000001243 ) ;
#2269 = AXIS2_PLACEMENT_3D ( 'NONE', #1321, #1693, #234 ) ;
#2270 = LINE ( 'NONE', #298, #71 ) ;
#2271 = ORIENTED_EDGE ( 'NONE', *, *, #2130, .T. ) ;
#2272 = AXIS2_PLACEMENT_3D ( 'NONE', #960, #1149, #1508 ) ;
#2273 = ORIENTED_EDGE ( 'NONE', *, *, #381, .T. ) ;
#2274 = CARTESIAN_POINT ( 'NONE',  ( -4.725000000001342570, -11.47483660014698970, -114.1999999999998465 ) ) ;
#2275 = DIRECTION ( 'NONE',  ( 0.000000000000000000, 1.000000000000000000, 3.909236002201341921E-15 ) ) ;
#2276 = VECTOR ( 'NONE', #2298, 1000.000000000000000 ) ;
#2277 = FACE_BOUND ( 'NONE', #1275, .T. ) ;
#2278 = ORIENTED_EDGE ( 'NONE', *, *, #1586, .F. ) ;
#2279 = EDGE_CURVE ( 'NONE', #1410, #837, #312, .T. ) ;
#2280 = EDGE_CURVE ( 'NONE', #1678, #1503, #1245, .T. ) ;
#2281 = EDGE_LOOP ( 'NONE', ( #536, #2297 ) ) ;
#2282 = DIRECTION ( 'NONE',  ( 1.414657268890346879E-16, -2.379049338482478526E-15, 1.000000000000000000 ) ) ;
#2283 = CARTESIAN_POINT ( 'NONE',  ( 40.00000000000002842, -29.99999999999992539, -74.59999999999996589 ) ) ;
#2284 = CARTESIAN_POINT ( 'NONE',  ( -20.00000000000001776, 2.621009928409563576E-13, -114.1999999999997897 ) ) ;
#2285 = ORIENTED_EDGE ( 'NONE', *, *, #638, .T. ) ;
#2286 = VERTEX_POINT ( 'NONE', #440 ) ;
#2287 = DIRECTION ( 'NONE',  ( 0.6418732646537934627, 0.7668107407455122537, 3.466955035113967467E-15 ) ) ;
#2288 = CARTESIAN_POINT ( 'NONE',  ( -3.864579600900129641, 6.693648218653416748, -74.26748904726093770 ) ) ;
#2289 = VECTOR ( 'NONE', #958, 1000.000000000000000 ) ;
#2290 = VECTOR ( 'NONE', #2029, 1000.000000000000000 ) ;
#2291 = CARTESIAN_POINT ( 'NONE',  ( -1.615538601072771781E-14, 5.000000000000264677, -114.1999999999997613 ) ) ;
#2292 = EDGE_LOOP ( 'NONE', ( #142, #1915 ) ) ;
#2293 = EDGE_LOOP ( 'NONE', ( #603, #2285, #1856, #2041 ) ) ;
#2294 = DIRECTION ( 'NONE',  ( -0.7668107407454950453, -0.6418732646538140019, -1.908284800243146891E-15 ) ) ;
#2295 = DIRECTION ( 'NONE',  ( 3.154042683597136586E-16, -2.523234146877709268E-15, 1.000000000000000000 ) ) ;
#2296 = ORIENTED_EDGE ( 'NONE', *, *, #2183, .T. ) ;
#2297 = ORIENTED_EDGE ( 'NONE', *, *, #2094, .F. ) ;
#2298 = DIRECTION ( 'NONE',  ( 2.829314537780693759E-16, 2.180795226942265014E-15, 1.000000000000000000 ) ) ;
#2299 = FACE_OUTER_BOUND ( 'NONE', #1236, .T. ) ;
#2300 = DIRECTION ( 'NONE',  ( 1.414657268890346879E-16, -2.379049338482478526E-15, 1.000000000000000000 ) ) ;
#2301 = ORIENTED_EDGE ( 'NONE', *, *, #2321, .T. ) ;
#2302 = EDGE_CURVE ( 'NONE', #821, #2243, #445, .T. ) ;
#2303 = ORIENTED_EDGE ( 'NONE', *, *, #1510, .T. ) ;
#2304 = DIRECTION ( 'NONE',  ( 2.829314537780693759E-16, -4.758098676964957053E-15, 1.000000000000000000 ) ) ;
#2305 = DIRECTION ( 'NONE',  ( -1.414657268890346879E-16, 2.379049338482478526E-15, -1.000000000000000000 ) ) ;
#2306 = EDGE_LOOP ( 'NONE', ( #865, #1794, #136, #714 ) ) ;
#2307 = ADVANCED_FACE ( 'NONE', ( #2005 ), #541, .F. ) ;
#2308 = EDGE_CURVE ( 'NONE', #1627, #1583, #1021, .T. ) ;
#2309 = VECTOR ( 'NONE', #2013, 1000.000000000000000 ) ;
#2310 = EDGE_LOOP ( 'NONE', ( #561, #549, #278, #780 ) ) ;
#2311 = CARTESIAN_POINT ( 'NONE',  ( 3.864579600900068801, 6.693648218653851067, -117.1999999999997613 ) ) ;
#2312 = DIRECTION ( 'NONE',  ( 1.000000000000000000, -6.921589929084501615E-16, -2.829314537780726792E-16 ) ) ;
#2313 = AXIS2_PLACEMENT_3D ( 'NONE', #1432, #895, #750 ) ;
#2314 = AXIS2_PLACEMENT_3D ( 'NONE', #1209, #2135, #484 ) ;
#2315 = FACE_BOUND ( 'NONE', #752, .T. ) ;
#2316 = ORIENTED_EDGE ( 'NONE', *, *, #1191, .F. ) ;
#2317 = VECTOR ( 'NONE', #1910, 1000.000000000000227 ) ;
#2318 = VERTEX_POINT ( 'NONE', #1825 ) ;
#2319 = DIRECTION ( 'NONE',  ( -1.000000000000000000, -6.731078879466019206E-31, 2.829314537780693759E-16 ) ) ;
#2320 = VERTEX_POINT ( 'NONE', #2155 ) ;
#2321 = EDGE_CURVE ( 'NONE', #1150, #294, #146, .T. ) ;
#2322 = ORIENTED_EDGE ( 'NONE', *, *, #3, .F. ) ;
#2323 = EDGE_CURVE ( 'NONE', #1195, #1064, #325, .T. ) ;
#2324 = CARTESIAN_POINT ( 'NONE',  ( 3.864579600901403733, -6.693648218652546333, -74.26748904726099454 ) ) ;
#2325 = FACE_OUTER_BOUND ( 'NONE', #1646, .T. ) ;
#2327 = CARTESIAN_POINT ( 'NONE',  ( -4.000000000001075584, -52.99999999999990052, -89.65000000001229807 ) ) ;
#2326 = VECTOR ( 'NONE', #1373, 1000.000000000000000 ) ;
#2328 = ORIENTED_EDGE ( 'NONE', *, *, #886, .F. ) ;
#2329 = VECTOR ( 'NONE', #2294, 1000.000000000000000 ) ;
#2330 = FACE_BOUND ( 'NONE', #1127, .T. ) ;
#2331 = ORIENTED_EDGE ( 'NONE', *, *, #1977, .F. ) ;
#2332 = CARTESIAN_POINT ( 'NONE',  ( -2.610287666324276223, 13.85705393449318557, -117.1999999999997186 ) ) ;
#2333 = CARTESIAN_POINT ( 'NONE',  ( 2.610287666325542322, -13.85705393449211442, -74.26748904726102296 ) ) ;
#2334 = ORIENTED_EDGE ( 'NONE', *, *, #594, .T. ) ;
#2335 = VERTEX_POINT ( 'NONE', #1063 ) ;
#2336 = CARTESIAN_POINT ( 'NONE',  ( -0.05000000000000444367, -29.99999999999992184, -74.59999999999996589 ) ) ;
#2337 = CARTESIAN_POINT ( 'NONE',  ( 8.696166260317392371, -35.55000000015602524, -68.59999999999998010 ) ) ;
#2338 = CARTESIAN_POINT ( 'NONE',  ( 8.696166260317392371, -28.45000000015618369, -69.34999999999995168 ) ) ;
#2339 = ORIENTED_EDGE ( 'NONE', *, *, #2196, .F. ) ;
#2340 = DIRECTION ( 'NONE',  ( -2.829314537780693759E-16, 4.758098676964957053E-15, -1.000000000000000000 ) ) ;
#2341 = ADVANCED_FACE ( 'NONE', ( #335 ), #1085, .F. ) ;
#2342 = ORIENTED_EDGE ( 'NONE', *, *, #1413, .T. ) ;
#2343 = PLANE ( 'NONE',  #1570 ) ;
#2344 = DIRECTION ( 'NONE',  ( 0.000000000000000000, -1.000000000000000000, -5.236901059552626099E-15 ) ) ;
#2345 = VERTEX_POINT ( 'NONE', #2142 ) ;
#2346 = EDGE_LOOP ( 'NONE', ( #872, #1845, #1843, #836 ) ) ;
#2347 = DIRECTION ( 'NONE',  ( 0.7668107407455122537, -0.6418732646537934627, -3.271051208980158602E-15 ) ) ;
#2348 = DIRECTION ( 'NONE',  ( -2.000627495774404326E-16, -0.7071067811865481278, -0.7071067811865469066 ) ) ;
#2349 = AXIS2_PLACEMENT_3D ( 'NONE', #693, #1227, #1993 ) ;
#2350 = CARTESIAN_POINT ( 'NONE',  ( 6.874999999999520384, 11.90784930203665759, -114.1999999999997328 ) ) ;
#2351 = AXIS2_PLACEMENT_3D ( 'NONE', #562, #1141, #932 ) ;
#2352 = EDGE_CURVE ( 'NONE', #1951, #1954, #826, .T. ) ;
#2353 = VECTOR ( 'NONE', #919, 1000.000000000000227 ) ;
#2354 = CARTESIAN_POINT ( 'NONE',  ( -6.875000000002284395, 11.90784930203492031, -119.4999999999997300 ) ) ;
#2355 = EDGE_CURVE ( 'NONE', #93, #802, #1443, .T. ) ;
ENDSEC;
END-ISO-10303-21;
