ISO-10303-21;
HEADER;
FILE_DESCRIPTION (( 'STEP AP214' ),
    '1' );
FILE_NAME ('010_006_Front_back_servo_mount_2.STEP',
    '2024-07-21T08:33:54',
    ( '' ),
    ( '' ),
    'SwSTEP 2.0',
    'SolidWorks 2019',
    '' );
FILE_SCHEMA (( 'AUTOMOTIVE_DESIGN' ));
ENDSEC;

DATA;
#1 = ADVANCED_FACE ( 'NONE', ( #2337 ), #1788, .F. ) ;
#2 = CARTESIAN_POINT ( 'NONE',  ( -6.625000000000182965, -68.52516339985206173, 2.299999999999999822 ) ) ;
#3 = DIRECTION ( 'NONE',  ( 0.000000000000000000, 0.000000000000000000, 1.000000000000000000 ) ) ;
#4 = EDGE_LOOP ( 'NONE', ( #140, #1137, #1703, #182 ) ) ;
#5 = LINE ( 'NONE', #1676, #2034 ) ;
#6 = CARTESIAN_POINT ( 'NONE',  ( 1.284469037195706312E-12, -66.60000000000071907, 2.299999999999999822 ) ) ;
#7 = DIRECTION ( 'NONE',  ( 1.000000000000000000, -1.156482317317871478E-16, 0.000000000000000000 ) ) ;
#8 = VERTEX_POINT ( 'NONE', #124 ) ;
#9 = DIRECTION ( 'NONE',  ( 4.276423536147513034E-48, 2.465190328815661892E-32, -1.000000000000000000 ) ) ;
#10 = VERTEX_POINT ( 'NONE', #1948 ) ;
#11 = EDGE_CURVE ( 'NONE', #1762, #133, #1416, .T. ) ;
#12 = CARTESIAN_POINT ( 'NONE',  ( 4.974999999998320988, -91.90784930203709280, 2.299999999999999822 ) ) ;
#13 = ORIENTED_EDGE ( 'NONE', *, *, #1778, .F. ) ;
#14 = EDGE_CURVE ( 'NONE', #1240, #97, #2157, .T. ) ;
#15 = DIRECTION ( 'NONE',  ( 0.000000000000000000, 0.000000000000000000, 1.000000000000000000 ) ) ;
#16 = LINE ( 'NONE', #923, #732 ) ;
#17 = ORIENTED_EDGE ( 'NONE', *, *, #1672, .T. ) ;
#18 = CARTESIAN_POINT ( 'NONE',  ( 29.00000000000000355, -50.00000000000000000, 28.89999999999999503 ) ) ;
#19 = VERTEX_POINT ( 'NONE', #491 ) ;
#20 = EDGE_CURVE ( 'NONE', #2323, #1772, #2349, .T. ) ;
#21 = AXIS2_PLACEMENT_3D ( 'NONE', #509, #849, #1604 ) ;
#22 = FACE_OUTER_BOUND ( 'NONE', #107, .T. ) ;
#23 = AXIS2_PLACEMENT_3D ( 'NONE', #2018, #1868, #519 ) ;
#24 = VERTEX_POINT ( 'NONE', #523 ) ;
#25 = DIRECTION ( 'NONE',  ( -2.016023975600421011E-16, -1.000000000000000000, -1.232595164407830946E-32 ) ) ;
#26 = AXIS2_PLACEMENT_3D ( 'NONE', #2092, #1727, #1361 ) ;
#27 = FACE_OUTER_BOUND ( 'NONE', #1567, .T. ) ;
#28 = LINE ( 'NONE', #65, #1514 ) ;
#29 = CIRCLE ( 'NONE', #773, 5.000000000000001776 ) ;
#30 = DIRECTION ( 'NONE',  ( 1.000000000000000000, 0.000000000000000000, 0.000000000000000000 ) ) ;
#31 = AXIS2_PLACEMENT_3D ( 'NONE', #891, #1998, #1619 ) ;
#32 = ORIENTED_EDGE ( 'NONE', *, *, #1816, .F. ) ;
#33 = AXIS2_PLACEMENT_3D ( 'NONE', #1984, #142, #120 ) ;
#34 = LINE ( 'NONE', #927, #341 ) ;
#35 = AXIS2_PLACEMENT_3D ( 'NONE', #362, #1850, #1485 ) ;
#36 = SHAPE_DEFINITION_REPRESENTATION ( #1054, #435 ) ;
#37 = DIRECTION ( 'NONE',  ( -0.000000000000000000, -0.000000000000000000, 1.000000000000000000 ) ) ;
#38 = ORIENTED_EDGE ( 'NONE', *, *, #2156, .T. ) ;
#39 = DIRECTION ( 'NONE',  ( 1.000000000000000000, 0.000000000000000000, 0.000000000000000000 ) ) ;
#40 = CARTESIAN_POINT ( 'NONE',  ( 13.30570456204473651, -75.33204846297665824, 0.000000000000000000 ) ) ;
#41 = DIRECTION ( 'NONE',  ( 0.000000000000000000, 0.000000000000000000, -1.000000000000000000 ) ) ;
#42 = CARTESIAN_POINT ( 'NONE',  ( 11.60474041071213591, -73.30000000000109139, -42.93251095273882356 ) ) ;
#43 = ORIENTED_EDGE ( 'NONE', *, *, #51, .T. ) ;
#44 = AXIS2_PLACEMENT_3D ( 'NONE', #359, #2242, #1096 ) ;
#45 = LINE ( 'NONE', #1911, #928 ) ;
#46 = ADVANCED_FACE ( 'NONE', ( #502 ), #1764, .F. ) ;
#47 = VERTEX_POINT ( 'NONE', #2181 ) ;
#48 = EDGE_CURVE ( 'NONE', #2127, #1751, #29, .T. ) ;
#49 = CARTESIAN_POINT ( 'NONE',  ( 10.69541689572049137, -70.81089760253263421, -42.93251095273882356 ) ) ;
#50 = ORIENTED_EDGE ( 'NONE', *, *, #2160, .F. ) ;
#51 = EDGE_CURVE ( 'NONE', #471, #10, #720, .T. ) ;
#52 = DIRECTION ( 'NONE',  ( 0.000000000000000000, 0.000000000000000000, -1.000000000000000000 ) ) ;
#53 = FACE_OUTER_BOUND ( 'NONE', #1993, .T. ) ;
#54 = CARTESIAN_POINT ( 'NONE',  ( -3.864579600899063827, -73.30635178134640739, -42.93251095273882356 ) ) ;
#55 = DIRECTION ( 'NONE',  ( 0.000000000000000000, 0.000000000000000000, 1.000000000000000000 ) ) ;
#56 = EDGE_LOOP ( 'NONE', ( #2320, #2159, #2197, #1218 ) ) ;
#57 = CARTESIAN_POINT ( 'NONE',  ( 13.30570456204473651, -75.33204846297665824, 0.000000000000000000 ) ) ;
#58 = VERTEX_POINT ( 'NONE', #556 ) ;
#59 = CARTESIAN_POINT ( 'NONE',  ( 6.874999999998321343, -91.90784930203709280, -3.000000000000000000 ) ) ;
#60 = ORIENTED_EDGE ( 'NONE', *, *, #2405, .T. ) ;
#61 = CARTESIAN_POINT ( 'NONE',  ( -10.69541689571921417, -89.18910239746806212, 2.299999999999999822 ) ) ;
#62 = AXIS2_PLACEMENT_3D ( 'NONE', #1963, #2169, #1231 ) ;
#63 = EDGE_CURVE ( 'NONE', #1910, #1436, #902, .T. ) ;
#64 = CARTESIAN_POINT ( 'NONE',  ( 20.00000000000000355, -59.80000000000000426, 8.799999999999995381 ) ) ;
#65 = CARTESIAN_POINT ( 'NONE',  ( -4.725000000001084111, -68.52516339985206173, -8.374011537024829366 ) ) ;
#66 = ORIENTED_EDGE ( 'NONE', *, *, #1563, .F. ) ;
#67 = DIRECTION ( 'NONE',  ( -0.000000000000000000, -0.000000000000000000, 1.000000000000000000 ) ) ;
#68 = ORIENTED_EDGE ( 'NONE', *, *, #1497, .F. ) ;
#69 = CYLINDRICAL_SURFACE ( 'NONE', #964, 3.550000000000001155 ) ;
#70 = CIRCLE ( 'NONE', #1352, 3.550000000000001155 ) ;
#71 = AXIS2_PLACEMENT_3D ( 'NONE', #1960, #1437, #840 ) ;
#72 = CIRCLE ( 'NONE', #1397, 2.650000000000002132 ) ;
#73 = ORIENTED_EDGE ( 'NONE', *, *, #2331, .T. ) ;
#74 = ADVANCED_FACE ( 'NONE', ( #2032 ), #2215, .T. ) ;
#75 = EDGE_CURVE ( 'NONE', #1240, #1754, #2383, .T. ) ;
#76 = CARTESIAN_POINT ( 'NONE',  ( -11.60474041071085516, -86.69999999999960494, 2.299999999999999822 ) ) ;
#77 = ORIENTED_EDGE ( 'NONE', *, *, #1050, .T. ) ;
#78 = CYLINDRICAL_SURFACE ( 'NONE', #1887, 1.899999999999999689 ) ;
#79 = DIRECTION ( 'NONE',  ( 1.000000000000000000, 0.000000000000000000, 0.000000000000000000 ) ) ;
#80 = CARTESIAN_POINT ( 'NONE',  ( -6.625000000000182965, -68.52516339985206173, -8.374011537024829366 ) ) ;
#81 = EDGE_LOOP ( 'NONE', ( #326, #926 ) ) ;
#82 = CARTESIAN_POINT ( 'NONE',  ( -13.30570456204346108, -84.66795153702405230, 2.299999999999999822 ) ) ;
#83 = ORIENTED_EDGE ( 'NONE', *, *, #318, .T. ) ;
#84 = DIRECTION ( 'NONE',  ( 0.000000000000000000, 0.000000000000000000, 1.000000000000000000 ) ) ;
#85 = ORIENTED_EDGE ( 'NONE', *, *, #1139, .F. ) ;
#86 = DIRECTION ( 'NONE',  ( 1.000000000000000000, 0.000000000000000000, 0.000000000000000000 ) ) ;
#87 = ORIENTED_EDGE ( 'NONE', *, *, #1209, .T. ) ;
#88 = ADVANCED_FACE ( 'NONE', ( #1645 ), #192, .T. ) ;
#89 = DIRECTION ( 'NONE',  ( 0.000000000000000000, 0.000000000000000000, 1.000000000000000000 ) ) ;
#90 = LINE ( 'NONE', #1641, #504 ) ;
#91 = DIRECTION ( 'NONE',  ( 0.000000000000000000, 0.000000000000000000, 1.000000000000000000 ) ) ;
#92 = ORIENTED_EDGE ( 'NONE', *, *, #1978, .F. ) ;
#93 = EDGE_CURVE ( 'NONE', #748, #810, #1849, .T. ) ;
#94 = CARTESIAN_POINT ( 'NONE',  ( -24.00000000000002842, -59.00000000000000711, 23.84999999999997300 ) ) ;
#95 = VERTEX_POINT ( 'NONE', #1678 ) ;
#96 = FACE_OUTER_BOUND ( 'NONE', #1254, .T. ) ;
#97 = VERTEX_POINT ( 'NONE', #170 ) ;
#98 = ADVANCED_FACE ( 'NONE', ( #2199 ), #1083, .F. ) ;
#99 = DIRECTION ( 'NONE',  ( -0.000000000000000000, -0.000000000000000000, -1.000000000000000000 ) ) ;
#100 = VERTEX_POINT ( 'NONE', #1460 ) ;
#101 = CYLINDRICAL_SURFACE ( 'NONE', #534, 2.749999999999999112 ) ;
#102 = AXIS2_PLACEMENT_3D ( 'NONE', #1905, #442, #234 ) ;
#103 = EDGE_CURVE ( 'NONE', #2297, #2307, #116, .T. ) ;
#104 = DIRECTION ( 'NONE',  ( 0.000000000000000000, 0.000000000000000000, -1.000000000000000000 ) ) ;
#105 = MANIFOLD_SOLID_BREP ( 'Wytnij-wyci¹gniêcie10', #1475 ) ;
#106 = CARTESIAN_POINT ( 'NONE',  ( -24.51250000000001350, -74.04999999999999716, 12.94999999999998863 ) ) ;
#107 = EDGE_LOOP ( 'NONE', ( #549, #708 ) ) ;
#108 = DIRECTION ( 'NONE',  ( 0.1724731828275078982, 0.9850142137072688264, 0.000000000000000000 ) ) ;
#109 = CIRCLE ( 'NONE', #731, 1.899999999999098632 ) ;
#110 = VECTOR ( 'NONE', #958, 1000.000000000000000 ) ;
#111 = ORIENTED_EDGE ( 'NONE', *, *, #1625, .T. ) ;
#112 = CARTESIAN_POINT ( 'NONE',  ( 20.05000000000000782, -49.99999999999993605, 28.89999999999999503 ) ) ;
#113 = AXIS2_PLACEMENT_3D ( 'NONE', #2119, #453, #1649 ) ;
#114 = ORIENTED_EDGE ( 'NONE', *, *, #1372, .F. ) ;
#115 = CIRCLE ( 'NONE', #812, 2.649999999999997691 ) ;
#116 = CIRCLE ( 'NONE', #1783, 1.899999999999999023 ) ;
#117 = VECTOR ( 'NONE', #1049, 1000.000000000000000 ) ;
#118 = EDGE_LOOP ( 'NONE', ( #2315, #387, #1962, #1329 ) ) ;
#119 = PLANE ( 'NONE',  #21 ) ;
#120 = DIRECTION ( 'NONE',  ( -1.000000000000000000, 2.016023975600421011E-16, 0.000000000000000000 ) ) ;
#121 = PLANE ( 'NONE',  #269 ) ;
#122 = VERTEX_POINT ( 'NONE', #1471 ) ;
#123 = CARTESIAN_POINT ( 'NONE',  ( -20.00000000000000000, -80.00000000000000000, 2.299999999999999822 ) ) ;
#124 = CARTESIAN_POINT ( 'NONE',  ( 3.864579600901409506, -73.30635178134738794, 0.000000000000000000 ) ) ;
#125 = DIRECTION ( 'NONE',  ( 0.000000000000000000, 0.000000000000000000, 1.000000000000000000 ) ) ;
#126 = ORIENTED_EDGE ( 'NONE', *, *, #587, .T. ) ;
#127 = EDGE_CURVE ( 'NONE', #58, #97, #1246, .T. ) ;
#128 = VERTEX_POINT ( 'NONE', #1116 ) ;
#129 = DIRECTION ( 'NONE',  ( -0.000000000000000000, 1.000000000000000000, -0.000000000000000000 ) ) ;
#130 = FACE_OUTER_BOUND ( 'NONE', #468, .T. ) ;
#131 = CARTESIAN_POINT ( 'NONE',  ( 11.60474041071149109, -86.70000000000074181, -42.93251095273882356 ) ) ;
#132 = EDGE_CURVE ( 'NONE', #2010, #2323, #1442, .T. ) ;
#133 = VERTEX_POINT ( 'NONE', #2244 ) ;
#134 = DIRECTION ( 'NONE',  ( 0.000000000000000000, 0.000000000000000000, -1.000000000000000000 ) ) ;
#135 = ORIENTED_EDGE ( 'NONE', *, *, #2211, .T. ) ;
#136 = DIRECTION ( 'NONE',  ( -0.000000000000000000, -1.000000000000000000, -0.000000000000000000 ) ) ;
#137 = ORIENTED_EDGE ( 'NONE', *, *, #93, .T. ) ;
#138 = ORIENTED_EDGE ( 'NONE', *, *, #1028, .F. ) ;
#139 = VECTOR ( 'NONE', #1239, 1000.000000000000114 ) ;
#140 = ORIENTED_EDGE ( 'NONE', *, *, #2163, .T. ) ;
#141 = LINE ( 'NONE', #1380, #1922 ) ;
#142 = DIRECTION ( 'NONE',  ( -2.016023975600421011E-16, -1.000000000000000000, -2.465190328815661892E-32 ) ) ;
#143 = CARTESIAN_POINT ( 'NONE',  ( -10.69541689571855159, -70.81089760253152576, 2.299999999999999822 ) ) ;
#144 = ORIENTED_EDGE ( 'NONE', *, *, #433, .T. ) ;
#145 = CIRCLE ( 'NONE', #845, 2.649999999999995914 ) ;
#146 = FACE_OUTER_BOUND ( 'NONE', #1946, .T. ) ;
#147 = DIRECTION ( 'NONE',  ( -0.9850142137072688264, -0.1724731828275080092, 0.000000000000000000 ) ) ;
#148 = CARTESIAN_POINT ( 'NONE',  ( -24.51250000000001350, -74.04999999999999716, 12.94999999999998863 ) ) ;
#149 = EDGE_LOOP ( 'NONE', ( #880, #2102 ) ) ;
#150 = LINE ( 'NONE', #714, #415 ) ;
#151 = AXIS2_PLACEMENT_3D ( 'NONE', #563, #531, #332 ) ;
#152 = VERTEX_POINT ( 'NONE', #162 ) ;
#153 = AXIS2_PLACEMENT_3D ( 'NONE', #726, #3, #1466 ) ;
#154 = CIRCLE ( 'NONE', #2404, 2.749999999999999112 ) ;
#155 = EDGE_CURVE ( 'NONE', #533, #894, #2022, .T. ) ;
#156 = EDGE_CURVE ( 'NONE', #1418, #19, #1331, .T. ) ;
#157 = AXIS2_PLACEMENT_3D ( 'NONE', #320, #888, #1213 ) ;
#158 = DIRECTION ( 'NONE',  ( 1.000000000000000000, 0.000000000000000000, 0.000000000000000000 ) ) ;
#159 = EDGE_LOOP ( 'NONE', ( #1621, #1101, #495, #727 ) ) ;
#160 = CARTESIAN_POINT ( 'NONE',  ( -7.729159201799991052, -79.99999999999965894, 0.000000000000000000 ) ) ;
#161 = CIRCLE ( 'NONE', #2252, 1.899999999999098632 ) ;
#162 = CARTESIAN_POINT ( 'NONE',  ( -13.30570456204345930, -84.66795153702405230, 2.299999999999999822 ) ) ;
#163 = CARTESIAN_POINT ( 'NONE',  ( 2.610287666324261568, -93.85705393449291023, 2.299999999999999822 ) ) ;
#164 = EDGE_CURVE ( 'NONE', #209, #838, #629, .T. ) ;
#165 = ORIENTED_EDGE ( 'NONE', *, *, #2138, .F. ) ;
#166 = DIRECTION ( 'NONE',  ( -0.000000000000000000, 1.000000000000000000, -0.000000000000000000 ) ) ;
#167 = DIRECTION ( 'NONE',  ( -0.9392839235730120473, 0.3431409490534289564, 0.000000000000000000 ) ) ;
#168 = ORIENTED_EDGE ( 'NONE', *, *, #202, .F. ) ;
#169 = FACE_BOUND ( 'NONE', #2270, .T. ) ;
#170 = CARTESIAN_POINT ( 'NONE',  ( -2.610287666322975486, -66.14294606550778610, 2.299999999999999822 ) ) ;
#171 = CARTESIAN_POINT ( 'NONE',  ( -29.00000000000000000, -74.79999999999999716, -3.000000000000002665 ) ) ;
#172 = ORIENTED_EDGE ( 'NONE', *, *, #2341, .F. ) ;
#173 = DIRECTION ( 'NONE',  ( -0.9392839235730120473, 0.3431409490534289564, 0.000000000000000000 ) ) ;
#174 = EDGE_CURVE ( 'NONE', #659, #800, #1357, .T. ) ;
#175 = AXIS2_PLACEMENT_3D ( 'NONE', #1017, #1577, #2316 ) ;
#176 = FACE_OUTER_BOUND ( 'NONE', #909, .T. ) ;
#177 = CARTESIAN_POINT ( 'NONE',  ( 23.99999999999997158, -59.00000000000000711, 13.84999999999997655 ) ) ;
#178 = ORIENTED_EDGE ( 'NONE', *, *, #330, .T. ) ;
#179 = CARTESIAN_POINT ( 'NONE',  ( 29.00000000000000355, -50.00000000000000000, 28.89999999999999503 ) ) ;
#180 = CARTESIAN_POINT ( 'NONE',  ( 20.00000000000000000, -80.00000000000000000, -53.00000000000000711 ) ) ;
#181 = EDGE_CURVE ( 'NONE', #810, #205, #1175, .T. ) ;
#182 = ORIENTED_EDGE ( 'NONE', *, *, #743, .F. ) ;
#183 = DIRECTION ( 'NONE',  ( -1.000000000000000000, 0.000000000000000000, 0.000000000000000000 ) ) ;
#184 = CIRCLE ( 'NONE', #62, 1.899999999999999689 ) ;
#185 = AXIS2_PLACEMENT_3D ( 'NONE', #981, #2126, #1725 ) ;
#186 = CARTESIAN_POINT ( 'NONE',  ( 3.864579600900049705, -86.69364821865377735, 0.000000000000000000 ) ) ;
#187 = VECTOR ( 'NONE', #1192, 1000.000000000000000 ) ;
#188 = ORIENTED_EDGE ( 'NONE', *, *, #582, .F. ) ;
#189 = LINE ( 'NONE', #179, #2342 ) ;
#190 = VECTOR ( 'NONE', #405, 1000.000000000000000 ) ;
#191 = CIRCLE ( 'NONE', #542, 3.550000000000001155 ) ;
#192 = CYLINDRICAL_SURFACE ( 'NONE', #467, 20.00000000000000000 ) ;
#193 = DIRECTION ( 'NONE',  ( 0.000000000000000000, 0.000000000000000000, 1.000000000000000000 ) ) ;
#194 = EDGE_LOOP ( 'NONE', ( #1185, #347, #701, #358 ) ) ;
#195 = CARTESIAN_POINT ( 'NONE',  ( 2.610287666324261568, -93.85705393449291023, 0.000000000000000000 ) ) ;
#196 = ORIENTED_EDGE ( 'NONE', *, *, #2082, .T. ) ;
#197 = ADVANCED_FACE ( 'NONE', ( #53, #1322 ), #1930, .T. ) ;
#198 =( NAMED_UNIT ( * ) SI_UNIT ( $, .STERADIAN. ) SOLID_ANGLE_UNIT ( ) );
#199 = FACE_OUTER_BOUND ( 'NONE', #1920, .T. ) ;
#200 = EDGE_LOOP ( 'NONE', ( #2170, #126, #1167, #783 ) ) ;
#201 = DIRECTION ( 'NONE',  ( 1.000000000000000000, -8.140601786706808111E-15, 0.000000000000000000 ) ) ;
#202 = EDGE_CURVE ( 'NONE', #1720, #2161, #1554, .T. ) ;
#203 = FILL_AREA_STYLE ('',( #729 ) ) ;
#204 = DIRECTION ( 'NONE',  ( -1.000000000000000000, 0.000000000000000000, 0.000000000000000000 ) ) ;
#205 = VERTEX_POINT ( 'NONE', #257 ) ;
#206 = CARTESIAN_POINT ( 'NONE',  ( -20.05000000000003268, -59.79999999999999716, 4.979684464207636846E-31 ) ) ;
#207 = ORIENTED_EDGE ( 'NONE', *, *, #1952, .F. ) ;
#208 = CARTESIAN_POINT ( 'NONE',  ( 0.000000000000000000, -80.00000000000000000, -17.14213562373095812 ) ) ;
#209 = VERTEX_POINT ( 'NONE', #1733 ) ;
#210 = AXIS2_PLACEMENT_3D ( 'NONE', #692, #1253, #1785 ) ;
#211 = DIRECTION ( 'NONE',  ( -0.000000000000000000, -0.000000000000000000, 1.000000000000000000 ) ) ;
#212 = CYLINDRICAL_SURFACE ( 'NONE', #1283, 1.900000000002498579 ) ;
#213 = DIRECTION ( 'NONE',  ( -1.000000000000000000, -0.000000000000000000, 0.000000000000000000 ) ) ;
#214 = ORIENTED_EDGE ( 'NONE', *, *, #1625, .F. ) ;
#215 = CARTESIAN_POINT ( 'NONE',  ( -24.52500000000000568, -62.39999999999999858, 28.14999999999999503 ) ) ;
#216 = AXIS2_PLACEMENT_3D ( 'NONE', #835, #284, #1968 ) ;
#217 = CARTESIAN_POINT ( 'NONE',  ( -24.00000000000002842, -59.00000000000000711, 13.84999999999997122 ) ) ;
#218 = AXIS2_PLACEMENT_3D ( 'NONE', #2048, #1296, #1126 ) ;
#219 = ORIENTED_EDGE ( 'NONE', *, *, #778, .F. ) ;
#220 = DIRECTION ( 'NONE',  ( -0.000000000000000000, -0.000000000000000000, 1.000000000000000000 ) ) ;
#221 = VECTOR ( 'NONE', #282, 1000.000000000000000 ) ;
#222 = DIRECTION ( 'NONE',  ( 0.000000000000000000, 0.000000000000000000, 1.000000000000000000 ) ) ;
#223 = CARTESIAN_POINT ( 'NONE',  ( 24.52499999999999147, -62.39999999999998437, 24.39999999999999503 ) ) ;
#224 = VECTOR ( 'NONE', #1289, 1000.000000000000000 ) ;
#225 = DIRECTION ( 'NONE',  ( 1.000000000000000000, 0.000000000000000000, 0.000000000000000000 ) ) ;
#226 = ORIENTED_EDGE ( 'NONE', *, *, #1869, .F. ) ;
#227 = AXIS2_PLACEMENT_3D ( 'NONE', #285, #641, #104 ) ;
#228 = CYLINDRICAL_SURFACE ( 'NONE', #2326, 1.900000000002498579 ) ;
#229 = EDGE_CURVE ( 'NONE', #122, #698, #825, .T. ) ;
#230 = EDGE_CURVE ( 'NONE', #1248, #1803, #507, .T. ) ;
#231 = VERTEX_POINT ( 'NONE', #618 ) ;
#232 = DIRECTION ( 'NONE',  ( -1.000000000000000000, 0.000000000000000000, 0.000000000000000000 ) ) ;
#233 = ORIENTED_EDGE ( 'NONE', *, *, #1406, .T. ) ;
#234 = DIRECTION ( 'NONE',  ( 1.000000000000000000, 0.000000000000000000, 0.000000000000000000 ) ) ;
#235 = CARTESIAN_POINT ( 'NONE',  ( 3.864579600900049261, -86.69364821865377735, 2.299999999999999822 ) ) ;
#236 = CARTESIAN_POINT ( 'NONE',  ( 23.99999999999997158, -59.00000000000000711, 13.84999999999997655 ) ) ;
#237 = DIRECTION ( 'NONE',  ( -0.000000000000000000, -0.000000000000000000, -1.000000000000000000 ) ) ;
#238 = ORIENTED_EDGE ( 'NONE', *, *, #93, .F. ) ;
#239 = CARTESIAN_POINT ( 'NONE',  ( 20.00000000000000355, -50.00000000000000000, 8.799999999999995381 ) ) ;
#240 = ORIENTED_EDGE ( 'NONE', *, *, #1013, .T. ) ;
#241 = EDGE_CURVE ( 'NONE', #1981, #1490, #1159, .T. ) ;
#242 = DIRECTION ( 'NONE',  ( -0.000000000000000000, -0.000000000000000000, -1.000000000000000000 ) ) ;
#243 = ORIENTED_EDGE ( 'NONE', *, *, #1181, .F. ) ;
#244 = DIRECTION ( 'NONE',  ( 0.000000000000000000, 0.000000000000000000, 1.000000000000000000 ) ) ;
#245 = DIRECTION ( 'NONE',  ( -1.000000000000000000, 1.734723475976807094E-16, 0.000000000000000000 ) ) ;
#246 = DIRECTION ( 'NONE',  ( 2.016023975600421011E-16, 1.000000000000000000, 1.232595164407830946E-32 ) ) ;
#247 = ORIENTED_EDGE ( 'NONE', *, *, #2248, .F. ) ;
#248 = DIRECTION ( 'NONE',  ( -1.000000000000000000, 0.000000000000000000, 0.000000000000000000 ) ) ;
#249 = EDGE_LOOP ( 'NONE', ( #1504, #2050 ) ) ;
#250 = DIRECTION ( 'NONE',  ( 1.000000000000000000, -2.016023975600421257E-16, 0.000000000000000000 ) ) ;
#251 = EDGE_CURVE ( 'NONE', #133, #977, #72, .T. ) ;
#252 = EDGE_CURVE ( 'NONE', #1222, #2291, #2087, .T. ) ;
#253 = VERTEX_POINT ( 'NONE', #1916 ) ;
#254 = CARTESIAN_POINT ( 'NONE',  ( 0.000000000000000000, -80.00000000000000000, -2.999999999999999112 ) ) ;
#255 = EDGE_LOOP ( 'NONE', ( #2260, #2080, #874, #1033 ) ) ;
#256 = CARTESIAN_POINT ( 'NONE',  ( -5.000000000000001776, -80.00000000000000000, -2.999999999999999112 ) ) ;
#257 = CARTESIAN_POINT ( 'NONE',  ( -20.05000000000003268, -59.79999999999999716, 8.799999999999998934 ) ) ;
#258 = DIRECTION ( 'NONE',  ( 1.000000000000000000, 0.000000000000000000, 0.000000000000000000 ) ) ;
#259 = ORIENTED_EDGE ( 'NONE', *, *, #1003, .T. ) ;
#260 = LINE ( 'NONE', #1009, #413 ) ;
#261 = VECTOR ( 'NONE', #2392, 1000.000000000000000 ) ;
#262 = EDGE_LOOP ( 'NONE', ( #2393, #1038, #1675, #1798 ) ) ;
#263 = DIRECTION ( 'NONE',  ( 0.000000000000000000, 0.000000000000000000, -1.000000000000000000 ) ) ;
#264 = VECTOR ( 'NONE', #173, 1000.000000000000114 ) ;
#265 = AXIS2_PLACEMENT_3D ( 'NONE', #488, #1632, #1810 ) ;
#266 = AXIS2_PLACEMENT_3D ( 'NONE', #911, #536, #2223 ) ;
#267 = ORIENTED_EDGE ( 'NONE', *, *, #1064, .T. ) ;
#268 = ADVANCED_FACE ( 'NONE', ( #27 ), #212, .F. ) ;
#269 = AXIS2_PLACEMENT_3D ( 'NONE', #865, #680, #1068 ) ;
#270 = EDGE_CURVE ( 'NONE', #1326, #1975, #2368, .T. ) ;
#271 = CARTESIAN_POINT ( 'NONE',  ( 11.60474041071213591, -73.30000000000109139, 2.299999999999999822 ) ) ;
#272 = EDGE_LOOP ( 'NONE', ( #750, #1095, #1207, #2137 ) ) ;
#273 = CARTESIAN_POINT ( 'NONE',  ( -26.42500000000000426, -62.39999999999999858, 24.39999999999999503 ) ) ;
#274 = PLANE ( 'NONE',  #1091 ) ;
#275 = DIRECTION ( 'NONE',  ( 0.000000000000000000, 0.000000000000000000, -1.000000000000000000 ) ) ;
#276 = ORIENTED_EDGE ( 'NONE', *, *, #2414, .F. ) ;
#277 = LINE ( 'NONE', #82, #2204 ) ;
#278 = EDGE_CURVE ( 'NONE', #1180, #1874, #979, .T. ) ;
#279 = ORIENTED_EDGE ( 'NONE', *, *, #870, .T. ) ;
#280 = CARTESIAN_POINT ( 'NONE',  ( 20.00000000000000000, -80.00000000000000000, -3.000000000000002665 ) ) ;
#281 = ORIENTED_EDGE ( 'NONE', *, *, #1780, .F. ) ;
#282 = DIRECTION ( 'NONE',  ( -4.276423536147513034E-48, -2.465190328815661892E-32, 1.000000000000000000 ) ) ;
#283 = ORIENTED_EDGE ( 'NONE', *, *, #2138, .T. ) ;
#284 = DIRECTION ( 'NONE',  ( -0.000000000000000000, 0.000000000000000000, -1.000000000000000000 ) ) ;
#285 = CARTESIAN_POINT ( 'NONE',  ( 23.99999999999997158, -50.00000000000000000, 13.84999999999997655 ) ) ;
#286 = CARTESIAN_POINT ( 'NONE',  ( -24.00000000000002842, -59.00000000000000711, 23.84999999999997300 ) ) ;
#287 = EDGE_LOOP ( 'NONE', ( #505, #663, #2343, #827 ) ) ;
#288 = CARTESIAN_POINT ( 'NONE',  ( 3.864579600900049261, -86.69364821865377735, -42.93251095273882356 ) ) ;
#289 = ORIENTED_EDGE ( 'NONE', *, *, #1069, .F. ) ;
#290 = LINE ( 'NONE', #1036, #117 ) ;
#291 = ORIENTED_EDGE ( 'NONE', *, *, #241, .F. ) ;
#292 = EDGE_LOOP ( 'NONE', ( #2263, #312, #1250, #448, #1390, #687, #996 ) ) ;
#293 = CARTESIAN_POINT ( 'NONE',  ( 14.25474041071213449, -73.30000000000109139, -42.93251095273882356 ) ) ;
#294 = DIRECTION ( 'NONE',  ( -1.000000000000000000, 0.000000000000000000, 0.000000000000000000 ) ) ;
#295 = CYLINDRICAL_SURFACE ( 'NONE', #2006, 2.649999999999995914 ) ;
#296 = ORIENTED_EDGE ( 'NONE', *, *, #940, .F. ) ;
#297 = FACE_OUTER_BOUND ( 'NONE', #2125, .T. ) ;
#298 = VECTOR ( 'NONE', #1543, 1000.000000000000114 ) ;
#299 = CIRCLE ( 'NONE', #1154, 2.649999999999997691 ) ;
#300 = VERTEX_POINT ( 'NONE', #2257 ) ;
#301 = LINE ( 'NONE', #1257, #924 ) ;
#302 = EDGE_CURVE ( 'NONE', #558, #1488, #2076, .T. ) ;
#303 = VERTEX_POINT ( 'NONE', #1529 ) ;
#304 = AXIS2_PLACEMENT_3D ( 'NONE', #1196, #99, #1575 ) ;
#305 = VECTOR ( 'NONE', #1023, 1000.000000000000000 ) ;
#306 = AXIS2_PLACEMENT_3D ( 'NONE', #1646, #2182, #869 ) ;
#307 = EDGE_CURVE ( 'NONE', #2161, #2147, #2327, .T. ) ;
#308 = VERTEX_POINT ( 'NONE', #40 ) ;
#309 = FACE_BOUND ( 'NONE', #2325, .T. ) ;
#310 = FACE_OUTER_BOUND ( 'NONE', #1256, .T. ) ;
#311 = CARTESIAN_POINT ( 'NONE',  ( -24.52500000000000568, -62.39999999999999858, 24.39999999999999503 ) ) ;
#312 = ORIENTED_EDGE ( 'NONE', *, *, #1462, .F. ) ;
#313 = CARTESIAN_POINT ( 'NONE',  ( 3.864579600900049261, -86.69364821865377735, 2.299999999999999822 ) ) ;
#314 = ORIENTED_EDGE ( 'NONE', *, *, #1362, .T. ) ;
#315 = DIRECTION ( 'NONE',  ( -0.000000000000000000, 1.000000000000000000, -0.000000000000000000 ) ) ;
#316 = EDGE_LOOP ( 'NONE', ( #900, #1562, #1431, #1016 ) ) ;
#317 = VERTEX_POINT ( 'NONE', #2267 ) ;
#318 = EDGE_CURVE ( 'NONE', #1070, #2147, #604, .T. ) ;
#319 = CARTESIAN_POINT ( 'NONE',  ( -6.625000000000182965, -68.52516339985206173, -8.374011537024829366 ) ) ;
#320 = CARTESIAN_POINT ( 'NONE',  ( 1.470283216747640392E-15, -74.80000000000001137, 4.979684464207636846E-31 ) ) ;
#321 = DIRECTION ( 'NONE',  ( 1.000000000000000000, 0.000000000000000000, 0.000000000000000000 ) ) ;
#322 = ORIENTED_EDGE ( 'NONE', *, *, #251, .F. ) ;
#323 = DIRECTION ( 'NONE',  ( -0.000000000000000000, -0.000000000000000000, 1.000000000000000000 ) ) ;
#324 = DIRECTION ( 'NONE',  ( -0.000000000000000000, -0.000000000000000000, 1.000000000000000000 ) ) ;
#325 = CARTESIAN_POINT ( 'NONE',  ( -2.610287666322975042, -66.14294606550778610, 0.000000000000000000 ) ) ;
#326 = ORIENTED_EDGE ( 'NONE', *, *, #132, .F. ) ;
#327 = DIRECTION ( 'NONE',  ( -0.000000000000000000, -1.000000000000000000, -0.000000000000000000 ) ) ;
#328 = ADVANCED_FACE ( 'NONE', ( #130 ), #1067, .F. ) ;
#329 = AXIS2_PLACEMENT_3D ( 'NONE', #511, #1057, #1795 ) ;
#330 = EDGE_CURVE ( 'NONE', #933, #1542, #2304, .T. ) ;
#331 = CARTESIAN_POINT ( 'NONE',  ( 23.99999999999997158, -50.00000000000000000, 16.59999999999997655 ) ) ;
#332 = DIRECTION ( 'NONE',  ( 0.000000000000000000, 0.000000000000000000, -1.000000000000000000 ) ) ;
#333 = ORIENTED_EDGE ( 'NONE', *, *, #887, .T. ) ;
#334 = VECTOR ( 'NONE', #956, 1000.000000000000000 ) ;
#335 = CARTESIAN_POINT ( 'NONE',  ( 10.69541689571983589, -89.18910239746918478, -42.93251095273882356 ) ) ;
#336 = DIRECTION ( 'NONE',  ( -0.000000000000000000, 0.000000000000000000, -1.000000000000000000 ) ) ;
#337 = LINE ( 'NONE', #903, #2399 ) ;
#338 = EDGE_LOOP ( 'NONE', ( #2179, #992, #1383, #135 ) ) ;
#339 = DIRECTION ( 'NONE',  ( -1.000000000000000000, 0.000000000000000000, 0.000000000000000000 ) ) ;
#340 = VECTOR ( 'NONE', #379, 1000.000000000000000 ) ;
#341 = VECTOR ( 'NONE', #388, 1000.000000000000000 ) ;
#342 = ADVANCED_FACE ( 'NONE', ( #2318 ), #1770, .F. ) ;
#343 = SURFACE_STYLE_FILL_AREA ( #941 ) ;
#344 = ADVANCED_FACE ( 'NONE', ( #2177, #1957 ), #850, .T. ) ;
#345 = AXIS2_PLACEMENT_3D ( 'NONE', #1056, #1592, #2345 ) ;
#346 = FACE_OUTER_BOUND ( 'NONE', #4, .T. ) ;
#347 = ORIENTED_EDGE ( 'NONE', *, *, #1524, .T. ) ;
#348 = DIRECTION ( 'NONE',  ( 0.000000000000000000, 0.000000000000000000, -1.000000000000000000 ) ) ;
#349 = AXIS2_PLACEMENT_3D ( 'NONE', #1502, #2224, #2246 ) ;
#350 = CARTESIAN_POINT ( 'NONE',  ( -13.30570456204346108, -84.66795153702405230, 0.000000000000000000 ) ) ;
#351 = DIRECTION ( 'NONE',  ( -0.000000000000000000, -0.000000000000000000, 1.000000000000000000 ) ) ;
#352 = EDGE_CURVE ( 'NONE', #892, #2412, #1707, .T. ) ;
#353 = VERTEX_POINT ( 'NONE', #1237 ) ;
#354 = DIRECTION ( 'NONE',  ( 2.016023975600421011E-16, 1.000000000000000000, 1.232595164407830946E-32 ) ) ;
#355 = ADVANCED_FACE ( 'NONE', ( #510 ), #679, .F. ) ;
#356 = VECTOR ( 'NONE', #220, 1000.000000000000000 ) ;
#357 = FACE_OUTER_BOUND ( 'NONE', #159, .T. ) ;
#358 = ORIENTED_EDGE ( 'NONE', *, *, #1477, .F. ) ;
#359 = CARTESIAN_POINT ( 'NONE',  ( 24.52499999999999147, -62.39999999999998437, 24.39999999999999503 ) ) ;
#360 = ADVANCED_FACE ( 'NONE', ( #1381 ), #1433, .T. ) ;
#361 = DIRECTION ( 'NONE',  ( -0.1724731828275600509, -0.9850142137072596116, 0.000000000000000000 ) ) ;
#362 = CARTESIAN_POINT ( 'NONE',  ( 11.60474041071213591, -73.30000000000109139, 0.000000000000000000 ) ) ;
#363 = EDGE_LOOP ( 'NONE', ( #2251, #165, #1305, #1386, #1265, #1602 ) ) ;
#364 = FACE_OUTER_BOUND ( 'NONE', #2185, .T. ) ;
#365 = FACE_OUTER_BOUND ( 'NONE', #200, .T. ) ;
#366 = CARTESIAN_POINT ( 'NONE',  ( -10.69541689571855159, -70.81089760253152576, -42.93251095273882356 ) ) ;
#367 = VERTEX_POINT ( 'NONE', #473 ) ;
#368 = DIRECTION ( 'NONE',  ( 1.000000000000000000, 0.000000000000000000, 0.000000000000000000 ) ) ;
#369 = CARTESIAN_POINT ( 'NONE',  ( 23.99999999999997158, -59.00000000000000711, 23.84999999999998010 ) ) ;
#370 = DIRECTION ( 'NONE',  ( 4.956352788505124811E-15, 1.000000000000000000, 0.000000000000000000 ) ) ;
#371 = EDGE_CURVE ( 'NONE', #1173, #1766, #2123, .T. ) ;
#372 = ORIENTED_EDGE ( 'NONE', *, *, #2211, .F. ) ;
#373 = FACE_OUTER_BOUND ( 'NONE', #338, .T. ) ;
#374 = ORIENTED_EDGE ( 'NONE', *, *, #1538, .T. ) ;
#375 = VECTOR ( 'NONE', #250, 1000.000000000000000 ) ;
#376 = AXIS2_PLACEMENT_3D ( 'NONE', #1846, #2040, #1104 ) ;
#377 = EDGE_CURVE ( 'NONE', #1668, #659, #1401, .T. ) ;
#378 = LINE ( 'NONE', #1262, #1805 ) ;
#379 = DIRECTION ( 'NONE',  ( -0.7668107407454953783, 0.6418732646538136688, 0.000000000000000000 ) ) ;
#380 = AXIS2_PLACEMENT_3D ( 'NONE', #1736, #67, #1933 ) ;
#381 = ORIENTED_EDGE ( 'NONE', *, *, #554, .F. ) ;
#382 = DIRECTION ( 'NONE',  ( -0.000000000000000000, 1.000000000000000000, -0.000000000000000000 ) ) ;
#383 = VECTOR ( 'NONE', #1749, 1000.000000000000000 ) ;
#384 = DIRECTION ( 'NONE',  ( -0.000000000000000000, -0.000000000000000000, -1.000000000000000000 ) ) ;
#385 = FACE_OUTER_BOUND ( 'NONE', #2174, .T. ) ;
#386 = AXIS2_PLACEMENT_3D ( 'NONE', #223, #1201, #2306 ) ;
#387 = ORIENTED_EDGE ( 'NONE', *, *, #174, .T. ) ;
#388 = DIRECTION ( 'NONE',  ( 4.956352788505124811E-15, 1.000000000000000000, 0.000000000000000000 ) ) ;
#389 = ORIENTED_EDGE ( 'NONE', *, *, #1524, .F. ) ;
#390 = LINE ( 'NONE', #1499, #851 ) ;
#391 = EDGE_CURVE ( 'NONE', #1310, #47, #2333, .T. ) ;
#392 = ORIENTED_EDGE ( 'NONE', *, *, #688, .T. ) ;
#393 = FACE_OUTER_BOUND ( 'NONE', #2107, .T. ) ;
#394 = CARTESIAN_POINT ( 'NONE',  ( -24.51250000000000995, -70.29999999999999716, 12.94999999999998863 ) ) ;
#395 = DIRECTION ( 'NONE',  ( 1.000000000000000000, 0.000000000000000000, 0.000000000000000000 ) ) ;
#396 = EDGE_LOOP ( 'NONE', ( #722, #665, #1560, #1796 ) ) ;
#397 = FACE_OUTER_BOUND ( 'NONE', #1684, .T. ) ;
#398 = EDGE_LOOP ( 'NONE', ( #1228, #2352, #17, #314 ) ) ;
#399 = PRODUCT_RELATED_PRODUCT_CATEGORY ( 'part', '', ( #822 ) ) ;
#400 = ADVANCED_FACE ( 'NONE', ( #310 ), #1995, .F. ) ;
#401 = DIRECTION ( 'NONE',  ( 1.000000000000000000, 0.000000000000000000, 0.000000000000000000 ) ) ;
#402 = ORIENTED_EDGE ( 'NONE', *, *, #715, .T. ) ;
#403 = VECTOR ( 'NONE', #1041, 1000.000000000000000 ) ;
#404 = CARTESIAN_POINT ( 'NONE',  ( -24.51250000000000995, -70.29999999999999716, 12.94999999999998863 ) ) ;
#405 = DIRECTION ( 'NONE',  ( -0.000000000000000000, 1.000000000000000000, -0.000000000000000000 ) ) ;
#406 = EDGE_CURVE ( 'NONE', #2307, #2297, #1596, .T. ) ;
#407 = CARTESIAN_POINT ( 'NONE',  ( 23.99999999999997158, -59.00000000000000711, 16.59999999999997655 ) ) ;
#408 = ADVANCED_FACE ( 'NONE', ( #876 ), #274, .F. ) ;
#409 = DIRECTION ( 'NONE',  ( -1.000000000000000000, 0.000000000000000000, 0.000000000000000000 ) ) ;
#410 = VERTEX_POINT ( 'NONE', #1760 ) ;
#411 = CARTESIAN_POINT ( 'NONE',  ( -20.04999999999998295, -49.99999999999998579, 28.89999999999999503 ) ) ;
#412 = VERTEX_POINT ( 'NONE', #1018 ) ;
#413 = VECTOR ( 'NONE', #55, 1000.000000000000000 ) ;
#414 = CARTESIAN_POINT ( 'NONE',  ( 11.60474041071149109, -86.70000000000074181, 0.000000000000000000 ) ) ;
#415 = VECTOR ( 'NONE', #638, 1000.000000000000000 ) ;
#416 = ORIENTED_EDGE ( 'NONE', *, *, #307, .T. ) ;
#417 = PLANE ( 'NONE',  #959 ) ;
#418 = CIRCLE ( 'NONE', #1281, 5.000000000000001776 ) ;
#419 = DIRECTION ( 'NONE',  ( -0.000000000000000000, 1.000000000000000000, -0.000000000000000000 ) ) ;
#420 = DIRECTION ( 'NONE',  ( 0.000000000000000000, 0.000000000000000000, 1.000000000000000000 ) ) ;
#421 = AXIS2_PLACEMENT_3D ( 'NONE', #369, #1097, #547 ) ;
#422 = CARTESIAN_POINT ( 'NONE',  ( -24.52500000000000568, -62.39999999999999858, 28.14999999999999503 ) ) ;
#423 = EDGE_LOOP ( 'NONE', ( #2217, #860, #1123, #1463, #647, #1425, #1576, #1292, #1109, #1230, #1556, #1901, #987, #1710, #1790, #1155, #710, #1570, #144, #904 ) ) ;
#424 = LINE ( 'NONE', #842, #895 ) ;
#425 = EDGE_CURVE ( 'NONE', #1992, #1648, #697, .T. ) ;
#426 = VERTEX_POINT ( 'NONE', #1043 ) ;
#427 = DIRECTION ( 'NONE',  ( 1.000000000000000000, 0.000000000000000000, 0.000000000000000000 ) ) ;
#428 = EDGE_CURVE ( 'NONE', #686, #2091, #90, .T. ) ;
#429 = ORIENTED_EDGE ( 'NONE', *, *, #1345, .F. ) ;
#430 = PLANE ( 'NONE',  #789 ) ;
#431 = DIRECTION ( 'NONE',  ( 1.000000000000000000, 0.000000000000000000, 0.000000000000000000 ) ) ;
#432 = CARTESIAN_POINT ( 'NONE',  ( -13.30570456204282870, -75.33204846297552137, -42.93251095273882356 ) ) ;
#433 = EDGE_CURVE ( 'NONE', #1152, #1430, #2007, .T. ) ;
#434 = DIRECTION ( 'NONE',  ( -0.000000000000000000, -0.000000000000000000, 1.000000000000000000 ) ) ;
#435 = ADVANCED_BREP_SHAPE_REPRESENTATION ( '010_006_Front_back_servo_mount_2', ( #105, #1966 ), #758 ) ;
#436 = VERTEX_POINT ( 'NONE', #1651 ) ;
#437 = LINE ( 'NONE', #411, #1393 ) ;
#438 = ORIENTED_EDGE ( 'NONE', *, *, #764, .F. ) ;
#439 = PRODUCT_CONTEXT ( 'NONE', #1129, 'mechanical' ) ;
#440 = CYLINDRICAL_SURFACE ( 'NONE', #2129, 5.000000000000001776 ) ;
#441 = ORIENTED_EDGE ( 'NONE', *, *, #202, .T. ) ;
#442 = DIRECTION ( 'NONE',  ( -0.000000000000000000, -0.000000000000000000, -1.000000000000000000 ) ) ;
#443 = CARTESIAN_POINT ( 'NONE',  ( 6.624999999999895195, -68.52516339985629656, -8.374011537024829366 ) ) ;
#444 = DIRECTION ( 'NONE',  ( -0.1724731828275600509, -0.9850142137072596116, 0.000000000000000000 ) ) ;
#445 = EDGE_LOOP ( 'NONE', ( #66, #1243 ) ) ;
#446 = VECTOR ( 'NONE', #2142, 1000.000000000000000 ) ;
#447 = DIRECTION ( 'NONE',  ( -0.000000000000000000, -0.000000000000000000, -1.000000000000000000 ) ) ;
#448 = ORIENTED_EDGE ( 'NONE', *, *, #2186, .F. ) ;
#449 = DIRECTION ( 'NONE',  ( 1.000000000000000000, 0.000000000000000000, 0.000000000000000000 ) ) ;
#450 = EDGE_CURVE ( 'NONE', #1222, #209, #1702, .T. ) ;
#451 = VERTEX_POINT ( 'NONE', #186 ) ;
#452 = AXIS2_PLACEMENT_3D ( 'NONE', #2256, #590, #39 ) ;
#453 = DIRECTION ( 'NONE',  ( 2.016023975600421011E-16, 1.000000000000000000, 1.232595164407830946E-32 ) ) ;
#454 = ORIENTED_EDGE ( 'NONE', *, *, #1372, .T. ) ;
#455 = ADVANCED_FACE ( 'NONE', ( #2403 ), #899, .T. ) ;
#456 = LINE ( 'NONE', #678, #490 ) ;
#457 = DIRECTION ( 'NONE',  ( 0.7668107407455110325, 0.6418732646537949060, 0.000000000000000000 ) ) ;
#458 = CIRCLE ( 'NONE', #1937, 1.900000000002498579 ) ;
#459 = CARTESIAN_POINT ( 'NONE',  ( -24.51250000000000995, -70.29999999999999716, 12.94999999999998863 ) ) ;
#460 = ORIENTED_EDGE ( 'NONE', *, *, #1877, .F. ) ;
#461 = DIRECTION ( 'NONE',  ( -0.000000000000000000, -0.000000000000000000, 1.000000000000000000 ) ) ;
#462 = VECTOR ( 'NONE', #2003, 1000.000000000000000 ) ;
#463 = VERTEX_POINT ( 'NONE', #1286 ) ;
#464 = CARTESIAN_POINT ( 'NONE',  ( 23.99999999999997158, -59.00000000000000711, 26.59999999999997655 ) ) ;
#465 = CIRCLE ( 'NONE', #699, 3.550000000000001155 ) ;
#466 = AXIS2_PLACEMENT_3D ( 'NONE', #1241, #1987, #879 ) ;
#467 = AXIS2_PLACEMENT_3D ( 'NONE', #2235, #336, #1840 ) ;
#468 = EDGE_LOOP ( 'NONE', ( #634, #1000, #1618, #1233 ) ) ;
#469 = CIRCLE ( 'NONE', #2061, 1.899999999999999023 ) ;
#470 = DIRECTION ( 'NONE',  ( 1.000000000000000000, 0.000000000000000000, 0.000000000000000000 ) ) ;
#471 = VERTEX_POINT ( 'NONE', #931 ) ;
#472 = DIRECTION ( 'NONE',  ( 0.000000000000000000, 0.000000000000000000, -1.000000000000000000 ) ) ;
#473 = CARTESIAN_POINT ( 'NONE',  ( 10.69541689572048959, -70.81089760253263421, 0.000000000000000000 ) ) ;
#474 = CARTESIAN_POINT ( 'NONE',  ( -24.52500000000000568, -62.39999999999999858, 24.39999999999999503 ) ) ;
#475 = VERTEX_POINT ( 'NONE', #2027 ) ;
#476 = CARTESIAN_POINT ( 'NONE',  ( -22.62500000000000711, -62.39999999999999858, 24.39999999999999503 ) ) ;
#477 = EDGE_LOOP ( 'NONE', ( #2313, #1507, #1121, #243 ) ) ;
#478 = DIRECTION ( 'NONE',  ( 0.000000000000000000, 0.000000000000000000, 1.000000000000000000 ) ) ;
#479 = AXIS2_PLACEMENT_3D ( 'NONE', #1298, #15, #368 ) ;
#480 = ORIENTED_EDGE ( 'NONE', *, *, #1171, .T. ) ;
#481 = DIRECTION ( 'NONE',  ( -1.000000000000000000, 0.000000000000000000, 0.000000000000000000 ) ) ;
#482 = ORIENTED_EDGE ( 'NONE', *, *, #1654, .T. ) ;
#483 = DIRECTION ( 'NONE',  ( -0.000000000000000000, -0.000000000000000000, 1.000000000000000000 ) ) ;
#484 = EDGE_CURVE ( 'NONE', #1754, #95, #1674, .T. ) ;
#485 = DIRECTION ( 'NONE',  ( 1.000000000000000000, -4.956352788505124811E-15, 0.000000000000000000 ) ) ;
#486 = FACE_OUTER_BOUND ( 'NONE', #1521, .T. ) ;
#487 = ORIENTED_EDGE ( 'NONE', *, *, #1345, .T. ) ;
#488 = CARTESIAN_POINT ( 'NONE',  ( 23.99999999999997158, -50.00000000000000000, 13.84999999999997655 ) ) ;
#489 = ADVANCED_FACE ( 'NONE', ( #2220 ), #1489, .F. ) ;
#490 = VECTOR ( 'NONE', #1198, 1000.000000000000000 ) ;
#491 = CARTESIAN_POINT ( 'NONE',  ( 20.04999999999995808, -74.80000000000001137, 8.799999999999981171 ) ) ;
#492 = DIRECTION ( 'NONE',  ( 1.000000000000000000, 0.000000000000000000, 0.000000000000000000 ) ) ;
#493 = EDGE_CURVE ( 'NONE', #2302, #1133, #2017, .T. ) ;
#494 = ORIENTED_EDGE ( 'NONE', *, *, #2118, .F. ) ;
#495 = ORIENTED_EDGE ( 'NONE', *, *, #2163, .F. ) ;
#496 = LINE ( 'NONE', #1236, #724 ) ;
#497 = DIRECTION ( 'NONE',  ( 0.000000000000000000, 0.000000000000000000, 1.000000000000000000 ) ) ;
#498 = DIRECTION ( 'NONE',  ( -1.000000000000000000, 0.000000000000000000, 0.000000000000000000 ) ) ;
#499 = ORIENTED_EDGE ( 'NONE', *, *, #1497, .T. ) ;
#500 = DIRECTION ( 'NONE',  ( -0.000000000000000000, 1.000000000000000000, -0.000000000000000000 ) ) ;
#501 = VECTOR ( 'NONE', #1579, 1000.000000000000000 ) ;
#502 = FACE_OUTER_BOUND ( 'NONE', #639, .T. ) ;
#503 = CARTESIAN_POINT ( 'NONE',  ( -24.00000000000002842, -50.00000000000000000, 13.84999999999997122 ) ) ;
#504 = VECTOR ( 'NONE', #552, 1000.000000000000000 ) ;
#505 = ORIENTED_EDGE ( 'NONE', *, *, #940, .T. ) ;
#506 = VECTOR ( 'NONE', #1210, 1000.000000000000000 ) ;
#507 = CIRCLE ( 'NONE', #1088, 5.000000000000001776 ) ;
#508 = ORIENTED_EDGE ( 'NONE', *, *, #252, .T. ) ;
#509 = CARTESIAN_POINT ( 'NONE',  ( 0.000000000000000000, -80.00000000000000000, 28.89999999999999503 ) ) ;
#510 = FACE_OUTER_BOUND ( 'NONE', #363, .T. ) ;
#511 = CARTESIAN_POINT ( 'NONE',  ( -11.60474041071085516, -86.69999999999960494, -42.93251095273882356 ) ) ;
#512 = EDGE_LOOP ( 'NONE', ( #267, #1053, #2202, #568, #676, #584, #1959, #283 ) ) ;
#513 = DIRECTION ( 'NONE',  ( 1.000000000000000000, 0.000000000000000000, 0.000000000000000000 ) ) ;
#514 = ADVANCED_FACE ( 'NONE', ( #357 ), #2229, .F. ) ;
#515 = CARTESIAN_POINT ( 'NONE',  ( -26.42500000000000426, -62.39999999999999858, 24.39999999999999503 ) ) ;
#516 = DIRECTION ( 'NONE',  ( 0.000000000000000000, 0.000000000000000000, -1.000000000000000000 ) ) ;
#517 = ADVANCED_FACE ( 'NONE', ( #346 ), #1304, .F. ) ;
#518 = ORIENTED_EDGE ( 'NONE', *, *, #1099, .F. ) ;
#519 = DIRECTION ( 'NONE',  ( -1.000000000000000000, 0.000000000000000000, 0.000000000000000000 ) ) ;
#520 = CARTESIAN_POINT ( 'NONE',  ( -22.61250000000001137, -74.04999999999999716, 12.94999999999998863 ) ) ;
#521 = ORIENTED_EDGE ( 'NONE', *, *, #1792, .T. ) ;
#522 = LINE ( 'NONE', #1773, #1510 ) ;
#523 = CARTESIAN_POINT ( 'NONE',  ( -22.62500000000000711, -62.39999999999999858, 28.14999999999999503 ) ) ;
#524 = LINE ( 'NONE', #1775, #1671 ) ;
#525 = EDGE_CURVE ( 'NONE', #1613, #231, #2172, .T. ) ;
#526 = ORIENTED_EDGE ( 'NONE', *, *, #808, .F. ) ;
#527 = DIRECTION ( 'NONE',  ( 0.000000000000000000, 0.000000000000000000, 1.000000000000000000 ) ) ;
#528 = EDGE_CURVE ( 'NONE', #1072, #58, #907, .T. ) ;
#529 = CIRCLE ( 'NONE', #759, 1.899999999999098632 ) ;
#530 = DIRECTION ( 'NONE',  ( 1.000000000000000000, 0.000000000000000000, 0.000000000000000000 ) ) ;
#531 = DIRECTION ( 'NONE',  ( -0.000000000000000000, -1.000000000000000000, -0.000000000000000000 ) ) ;
#532 = EDGE_CURVE ( 'NONE', #2015, #1992, #1836, .T. ) ;
#533 = VERTEX_POINT ( 'NONE', #2380 ) ;
#534 = AXIS2_PLACEMENT_3D ( 'NONE', #653, #129, #472 ) ;
#535 = DIRECTION ( 'NONE',  ( -0.000000000000000000, 1.000000000000000000, -0.000000000000000000 ) ) ;
#536 = DIRECTION ( 'NONE',  ( 0.000000000000000000, 0.000000000000000000, 1.000000000000000000 ) ) ;
#537 = CARTESIAN_POINT ( 'NONE',  ( 24.52499999999999147, -62.39999999999998437, 28.14999999999999503 ) ) ;
#538 = ORIENTED_EDGE ( 'NONE', *, *, #1134, .F. ) ;
#539 = CARTESIAN_POINT ( 'NONE',  ( 23.99999999999997158, -59.00000000000000711, 13.84999999999997655 ) ) ;
#540 = ADVANCED_FACE ( 'NONE', ( #199 ), #1628, .F. ) ;
#541 = VECTOR ( 'NONE', #1784, 1000.000000000000000 ) ;
#542 = AXIS2_PLACEMENT_3D ( 'NONE', #537, #1461, #2023 ) ;
#543 = DIRECTION ( 'NONE',  ( 0.3431409490534290119, 0.9392839235730121583, 0.000000000000000000 ) ) ;
#544 = UNCERTAINTY_MEASURE_WITH_UNIT (LENGTH_MEASURE( 1.000000000000000082E-05 ), #1818, 'distance_accuracy_value', 'NONE');
#545 = VERTEX_POINT ( 'NONE', #705 ) ;
#546 = FACE_OUTER_BOUND ( 'NONE', #985, .T. ) ;
#547 = DIRECTION ( 'NONE',  ( 0.000000000000000000, 0.000000000000000000, -1.000000000000000000 ) ) ;
#548 = FACE_BOUND ( 'NONE', #595, .T. ) ;
#549 = ORIENTED_EDGE ( 'NONE', *, *, #2214, .F. ) ;
#550 = LINE ( 'NONE', #1325, #1741 ) ;
#551 =( NAMED_UNIT ( * ) SI_UNIT ( $, .STERADIAN. ) SOLID_ANGLE_UNIT ( ) );
#552 = DIRECTION ( 'NONE',  ( -0.000000000000000000, -0.000000000000000000, 1.000000000000000000 ) ) ;
#553 = VERTEX_POINT ( 'NONE', #919 ) ;
#554 = EDGE_CURVE ( 'NONE', #1595, #410, #1481, .T. ) ;
#555 = CYLINDRICAL_SURFACE ( 'NONE', #479, 1.900000000000000577 ) ;
#556 = CARTESIAN_POINT ( 'NONE',  ( 2.610287666325548539, -66.14294606550781452, 2.299999999999999822 ) ) ;
#557 = CARTESIAN_POINT ( 'NONE',  ( -4.974999999999909939, -91.90784930203599856, 2.299999999999999822 ) ) ;
#558 = VERTEX_POINT ( 'NONE', #2187 ) ;
#559 = CARTESIAN_POINT ( 'NONE',  ( 10.69541689571983589, -89.18910239746918478, 0.000000000000000000 ) ) ;
#560 = ORIENTED_EDGE ( 'NONE', *, *, #1294, .T. ) ;
#561 = AXIS2_PLACEMENT_3D ( 'NONE', #1274, #1480, #2379 ) ;
#562 = CIRCLE ( 'NONE', #1074, 1.900000000002498579 ) ;
#563 = CARTESIAN_POINT ( 'NONE',  ( -24.00000000000002842, -59.00000000000000711, 13.84999999999997122 ) ) ;
#564 = ORIENTED_EDGE ( 'NONE', *, *, #2339, .F. ) ;
#565 = DIRECTION ( 'NONE',  ( 1.734723475976806848E-16, 1.000000000000000000, 0.000000000000000000 ) ) ;
#566 = DIRECTION ( 'NONE',  ( 1.000000000000000000, 0.000000000000000000, 0.000000000000000000 ) ) ;
#567 = CARTESIAN_POINT ( 'NONE',  ( 8.774999999998321698, -91.90784930203709280, -3.000000000000000000 ) ) ;
#568 = ORIENTED_EDGE ( 'NONE', *, *, #778, .T. ) ;
#569 = DIRECTION ( 'NONE',  ( 1.000000000000000000, 0.000000000000000000, 0.000000000000000000 ) ) ;
#570 = ORIENTED_EDGE ( 'NONE', *, *, #1193, .T. ) ;
#571 = ADVANCED_FACE ( 'NONE', ( #1263 ), #1079, .F. ) ;
#572 = DIRECTION ( 'NONE',  ( 1.000000000000000000, 0.000000000000000000, 0.000000000000000000 ) ) ;
#573 = FACE_OUTER_BOUND ( 'NONE', #1756, .T. ) ;
#574 = AXIS2_PLACEMENT_3D ( 'NONE', #2413, #747, #1865 ) ;
#575 = AXIS2_PLACEMENT_3D ( 'NONE', #94, #1229, #134 ) ;
#576 = ORIENTED_EDGE ( 'NONE', *, *, #1261, .F. ) ;
#577 = LINE ( 'NONE', #1492, #1103 ) ;
#578 = VECTOR ( 'NONE', #222, 1000.000000000000000 ) ;
#579 = CARTESIAN_POINT ( 'NONE',  ( 20.04999999999995808, -74.80000000000001137, 4.979684464207636846E-31 ) ) ;
#580 = CARTESIAN_POINT ( 'NONE',  ( -4.725000000001084111, -68.52516339985206173, 2.299999999999999822 ) ) ;
#581 = VECTOR ( 'NONE', #1931, 1000.000000000000000 ) ;
#582 = EDGE_CURVE ( 'NONE', #1334, #1152, #2052, .T. ) ;
#583 = EDGE_CURVE ( 'NONE', #1975, #1326, #1391, .T. ) ;
#584 = ORIENTED_EDGE ( 'NONE', *, *, #302, .T. ) ;
#585 = CARTESIAN_POINT ( 'NONE',  ( -20.96250000000001279, -74.04999999999999716, 12.94999999999998863 ) ) ;
#586 = ORIENTED_EDGE ( 'NONE', *, *, #391, .F. ) ;
#587 = EDGE_CURVE ( 'NONE', #122, #1360, #2282, .T. ) ;
#588 = CYLINDRICAL_SURFACE ( 'NONE', #1434, 3.550000000000001155 ) ;
#589 = VERTEX_POINT ( 'NONE', #1353 ) ;
#590 = DIRECTION ( 'NONE',  ( 0.000000000000000000, 0.000000000000000000, 1.000000000000000000 ) ) ;
#591 = AXIS2_PLACEMENT_3D ( 'NONE', #2407, #978, #989 ) ;
#592 = DIRECTION ( 'NONE',  ( -0.7668107407454777258, -0.6418732646538347630, 0.000000000000000000 ) ) ;
#593 = CARTESIAN_POINT ( 'NONE',  ( -24.00000000000002842, -50.00000000000000000, 23.84999999999997300 ) ) ;
#594 = CARTESIAN_POINT ( 'NONE',  ( 6.874999999998321343, -91.90784930203709280, -3.000000000000000000 ) ) ;
#595 = EDGE_LOOP ( 'NONE', ( #32, #1131 ) ) ;
#596 = LINE ( 'NONE', #206, #617 ) ;
#597 = EDGE_CURVE ( 'NONE', #853, #553, #1238, .T. ) ;
#598 = ORIENTED_EDGE ( 'NONE', *, *, #2004, .F. ) ;
#599 =( GEOMETRIC_REPRESENTATION_CONTEXT ( 3 ) GLOBAL_UNCERTAINTY_ASSIGNED_CONTEXT ( ( #1837 ) ) GLOBAL_UNIT_ASSIGNED_CONTEXT ( ( #2228, #1465, #551 ) ) REPRESENTATION_CONTEXT ( 'NONE', 'WORKASPACE' ) );
#600 = DIRECTION ( 'NONE',  ( -0.000000000000000000, -0.000000000000000000, 1.000000000000000000 ) ) ;
#601 = ORIENTED_EDGE ( 'NONE', *, *, #51, .F. ) ;
#602 = DIRECTION ( 'NONE',  ( -1.734723475976807094E-16, -1.000000000000000000, 0.000000000000000000 ) ) ;
#603 = ADVANCED_FACE ( 'NONE', ( #1888 ), #588, .F. ) ;
#604 = LINE ( 'NONE', #2279, #897 ) ;
#605 = FACE_OUTER_BOUND ( 'NONE', #272, .T. ) ;
#606 = DIRECTION ( 'NONE',  ( 1.000000000000000000, 0.000000000000000000, 0.000000000000000000 ) ) ;
#607 = ORIENTED_EDGE ( 'NONE', *, *, #318, .F. ) ;
#608 = DIRECTION ( 'NONE',  ( -4.956352788505156365E-15, -1.000000000000000000, 0.000000000000000000 ) ) ;
#609 = ADVANCED_FACE ( 'NONE', ( #22 ), #1328, .T. ) ;
#610 = ORIENTED_EDGE ( 'NONE', *, *, #796, .F. ) ;
#611 = CIRCLE ( 'NONE', #1976, 1.900000000000000577 ) ;
#612 = CIRCLE ( 'NONE', #1349, 1.900000000000000577 ) ;
#613 = EDGE_CURVE ( 'NONE', #367, #967, #976, .T. ) ;
#614 = CARTESIAN_POINT ( 'NONE',  ( 6.624999999999895195, -68.52516339985629656, 2.299999999999999822 ) ) ;
#615 = ORIENTED_EDGE ( 'NONE', *, *, #428, .T. ) ;
#616 = DIRECTION ( 'NONE',  ( -0.000000000000000000, -1.000000000000000000, -0.000000000000000000 ) ) ;
#617 = VECTOR ( 'NONE', #9, 1000.000000000000000 ) ;
#618 = CARTESIAN_POINT ( 'NONE',  ( -26.41250000000000853, -74.04999999999999716, 12.94999999999998863 ) ) ;
#619 = CARTESIAN_POINT ( 'NONE',  ( 20.00000000000000000, -74.80000000000001137, 8.799999999999981171 ) ) ;
#620 = VECTOR ( 'NONE', #2012, 1000.000000000000114 ) ;
#621 = CARTESIAN_POINT ( 'NONE',  ( 23.99999999999997158, -59.00000000000000711, 23.84999999999998010 ) ) ;
#622 = AXIS2_PLACEMENT_3D ( 'NONE', #503, #711, #1244 ) ;
#623 = ORIENTED_EDGE ( 'NONE', *, *, #988, .T. ) ;
#624 = CARTESIAN_POINT ( 'NONE',  ( -8.774999999999909761, -91.90784930203599856, -3.000000000000000000 ) ) ;
#625 = EDGE_LOOP ( 'NONE', ( #438, #1080, #601, #247, #372, #1870, #1608, #775, #1394, #172, #526, #938, #1631, #2284, #2335, #50, #1191, #518, #1800, #1515 ) ) ;
#626 = CARTESIAN_POINT ( 'NONE',  ( -24.52500000000000568, -62.39999999999999858, 28.14999999999999503 ) ) ;
#627 = EDGE_LOOP ( 'NONE', ( #2378, #279 ) ) ;
#628 = FACE_OUTER_BOUND ( 'NONE', #1419, .T. ) ;
#629 = LINE ( 'NONE', #2109, #2176 ) ;
#630 = DIRECTION ( 'NONE',  ( -2.016023975600421011E-16, -1.000000000000000000, -1.232595164407830946E-32 ) ) ;
#631 = EDGE_LOOP ( 'NONE', ( #259, #1407 ) ) ;
#632 = ADVANCED_FACE ( 'NONE', ( #786 ), #2095, .F. ) ;
#633 = PLANE ( 'NONE',  #1977 ) ;
#634 = ORIENTED_EDGE ( 'NONE', *, *, #1563, .T. ) ;
#635 = CARTESIAN_POINT ( 'NONE',  ( -10.69541689571855159, -70.81089760253152576, 0.000000000000000000 ) ) ;
#636 = EDGE_LOOP ( 'NONE', ( #2111, #1623, #1896, #746 ) ) ;
#637 = EDGE_CURVE ( 'NONE', #1766, #47, #458, .T. ) ;
#638 = DIRECTION ( 'NONE',  ( -0.000000000000000000, -0.000000000000000000, 1.000000000000000000 ) ) ;
#639 = EDGE_LOOP ( 'NONE', ( #615, #1781, #1934, #2340 ) ) ;
#640 = DIRECTION ( 'NONE',  ( -0.000000000000000000, -0.000000000000000000, 1.000000000000000000 ) ) ;
#641 = DIRECTION ( 'NONE',  ( -0.000000000000000000, -1.000000000000000000, -0.000000000000000000 ) ) ;
#642 = DIRECTION ( 'NONE',  ( 1.000000000000000000, 0.000000000000000000, 0.000000000000000000 ) ) ;
#643 = CIRCLE ( 'NONE', #175, 2.749999999999999112 ) ;
#644 = ORIENTED_EDGE ( 'NONE', *, *, #1225, .T. ) ;
#645 = AXIS2_PLACEMENT_3D ( 'NONE', #286, #2356, #1214 ) ;
#646 = CYLINDRICAL_SURFACE ( 'NONE', #1663, 2.649999999999997691 ) ;
#647 = ORIENTED_EDGE ( 'NONE', *, *, #1869, .T. ) ;
#648 = DIRECTION ( 'NONE',  ( 1.000000000000000000, -8.673617379884033007E-17, 0.000000000000000000 ) ) ;
#649 = EDGE_LOOP ( 'NONE', ( #2300, #671 ) ) ;
#650 = VECTOR ( 'NONE', #2065, 1000.000000000000000 ) ;
#651 = LINE ( 'NONE', #1392, #221 ) ;
#652 = ORIENTED_EDGE ( 'NONE', *, *, #1217, .F. ) ;
#653 = CARTESIAN_POINT ( 'NONE',  ( 23.99999999999997158, -59.00000000000000711, 23.84999999999998010 ) ) ;
#654 = CARTESIAN_POINT ( 'NONE',  ( 11.60474041071213591, -73.30000000000109139, -42.93251095273882356 ) ) ;
#655 = CARTESIAN_POINT ( 'NONE',  ( -20.04999999999998295, -49.99999999999998579, 8.799999999999997158 ) ) ;
#656 = ORIENTED_EDGE ( 'NONE', *, *, #597, .F. ) ;
#657 = DIRECTION ( 'NONE',  ( 0.9392839235729936176, -0.3431409490534796936, 0.000000000000000000 ) ) ;
#658 = AXIS2_PLACEMENT_3D ( 'NONE', #2016, #2203, #1259 ) ;
#659 = VERTEX_POINT ( 'NONE', #2106 ) ;
#660 = CARTESIAN_POINT ( 'NONE',  ( 5.000000000000001776, -80.00000000000000000, 0.000000000000000000 ) ) ;
#661 = VECTOR ( 'NONE', #419, 1000.000000000000000 ) ;
#662 = AXIS2_PLACEMENT_3D ( 'NONE', #1199, #1411, #2141 ) ;
#663 = ORIENTED_EDGE ( 'NONE', *, *, #1261, .T. ) ;
#664 = CARTESIAN_POINT ( 'NONE',  ( -11.60474041071020679, -73.29999999999998295, 0.000000000000000000 ) ) ;
#665 = ORIENTED_EDGE ( 'NONE', *, *, #1395, .F. ) ;
#666 = EDGE_CURVE ( 'NONE', #1490, #1613, #1338, .T. ) ;
#667 = FACE_OUTER_BOUND ( 'NONE', #194, .T. ) ;
#668 = ADVANCED_FACE ( 'NONE', ( #1535 ), #799, .F. ) ;
#669 = CARTESIAN_POINT ( 'NONE',  ( 13.30570456204473651, -75.33204846297665824, -42.93251095273882356 ) ) ;
#670 = CARTESIAN_POINT ( 'NONE',  ( 6.624999999999895195, -68.52516339985629656, -3.000000000000000000 ) ) ;
#671 = ORIENTED_EDGE ( 'NONE', *, *, #2230, .F. ) ;
#672 = CYLINDRICAL_SURFACE ( 'NONE', #1633, 1.899999999999999023 ) ;
#673 = DIRECTION ( 'NONE',  ( 0.1724731828275080092, -0.9850142137072688264, 0.000000000000000000 ) ) ;
#674 = CARTESIAN_POINT ( 'NONE',  ( -24.00000000000002842, -50.00000000000000000, 13.84999999999997122 ) ) ;
#675 = CIRCLE ( 'NONE', #1414, 1.899999999999999023 ) ;
#676 = ORIENTED_EDGE ( 'NONE', *, *, #1677, .F. ) ;
#677 = EDGE_LOOP ( 'NONE', ( #137, #1552, #333, #214 ) ) ;
#678 = CARTESIAN_POINT ( 'NONE',  ( 13.30570456204473651, -75.33204846297665824, 2.299999999999999822 ) ) ;
#679 = PLANE ( 'NONE',  #662 ) ;
#680 = DIRECTION ( 'NONE',  ( 1.000000000000000000, 0.000000000000000000, 0.000000000000000000 ) ) ;
#681 = ORIENTED_EDGE ( 'NONE', *, *, #1169, .F. ) ;
#682 = CYLINDRICAL_SURFACE ( 'NONE', #1090, 2.749999999999997335 ) ;
#683 = EDGE_CURVE ( 'NONE', #47, #1766, #1586, .T. ) ;
#684 = CARTESIAN_POINT ( 'NONE',  ( 0.000000000000000000, -80.00000000000000000, -2.999999999999999112 ) ) ;
#685 = PLANE ( 'NONE',  #1594 ) ;
#686 = VERTEX_POINT ( 'NONE', #1913 ) ;
#687 = ORIENTED_EDGE ( 'NONE', *, *, #915, .F. ) ;
#688 = EDGE_CURVE ( 'NONE', #853, #436, #1145, .T. ) ;
#689 = CYLINDRICAL_SURFACE ( 'NONE', #1032, 1.899999999999098632 ) ;
#690 = ADVANCED_FACE ( 'NONE', ( #1550 ), #440, .F. ) ;
#691 = DIRECTION ( 'NONE',  ( 2.016023975600421011E-16, 1.000000000000000000, 1.232595164407830946E-32 ) ) ;
#692 = CARTESIAN_POINT ( 'NONE',  ( -24.00000000000002842, -50.00000000000000000, 23.84999999999997300 ) ) ;
#693 = ORIENTED_EDGE ( 'NONE', *, *, #1099, .T. ) ;
#694 = LINE ( 'NONE', #1255, #2134 ) ;
#695 = CARTESIAN_POINT ( 'NONE',  ( -2.610287666324261568, -93.85705393449291023, -42.93251095273882356 ) ) ;
#696 = LINE ( 'NONE', #1268, #1234 ) ;
#697 = CIRCLE ( 'NONE', #771, 3.550000000000001155 ) ;
#698 = VERTEX_POINT ( 'NONE', #12 ) ;
#699 = AXIS2_PLACEMENT_3D ( 'NONE', #215, #1885, #1505 ) ;
#700 = CIRCLE ( 'NONE', #575, 2.749999999999999112 ) ;
#701 = ORIENTED_EDGE ( 'NONE', *, *, #1603, .F. ) ;
#702 = COLOUR_RGB ( '',1.000000000000000000, 0.000000000000000000, 1.000000000000000000 ) ;
#703 = CIRCLE ( 'NONE', #1942, 2.749999999999999112 ) ;
#704 = CARTESIAN_POINT ( 'NONE',  ( 24.52499999999999147, -62.39999999999998437, 28.14999999999999503 ) ) ;
#705 = CARTESIAN_POINT ( 'NONE',  ( 20.00000000000000000, -74.80000000000001137, 2.299999999999998046 ) ) ;
#706 = CARTESIAN_POINT ( 'NONE',  ( -20.00000000000000000, -80.00000000000000000, -53.00000000000000711 ) ) ;
#707 = EDGE_CURVE ( 'NONE', #977, #1180, #390, .T. ) ;
#708 = ORIENTED_EDGE ( 'NONE', *, *, #1491, .F. ) ;
#709 = LINE ( 'NONE', #1449, #1200 ) ;
#710 = ORIENTED_EDGE ( 'NONE', *, *, #1834, .T. ) ;
#711 = DIRECTION ( 'NONE',  ( -0.000000000000000000, -1.000000000000000000, -0.000000000000000000 ) ) ;
#712 = ADVANCED_FACE ( 'NONE', ( #573 ), #2063, .F. ) ;
#713 = ORIENTED_EDGE ( 'NONE', *, *, #554, .T. ) ;
#714 = CARTESIAN_POINT ( 'NONE',  ( 14.25474041071148790, -86.70000000000074181, -42.93251095273882356 ) ) ;
#715 = EDGE_CURVE ( 'NONE', #883, #2015, #1156, .T. ) ;
#716 = DIRECTION ( 'NONE',  ( 0.000000000000000000, 0.000000000000000000, 1.000000000000000000 ) ) ;
#717 = DIRECTION ( 'NONE',  ( -0.000000000000000000, -0.000000000000000000, 1.000000000000000000 ) ) ;
#718 = ORIENTED_EDGE ( 'NONE', *, *, #525, .T. ) ;
#719 = FACE_OUTER_BOUND ( 'NONE', #316, .T. ) ;
#720 = LINE ( 'NONE', #765, #620 ) ;
#721 = PLANE ( 'NONE',  #349 ) ;
#722 = ORIENTED_EDGE ( 'NONE', *, *, #2354, .F. ) ;
#723 = FACE_BOUND ( 'NONE', #1324, .T. ) ;
#724 = VECTOR ( 'NONE', #1673, 1000.000000000000000 ) ;
#725 = FACE_BOUND ( 'NONE', #1786, .T. ) ;
#726 = CARTESIAN_POINT ( 'NONE',  ( 24.52499999999999147, -62.39999999999998437, 24.39999999999999503 ) ) ;
#727 = ORIENTED_EDGE ( 'NONE', *, *, #962, .F. ) ;
#728 = FACE_OUTER_BOUND ( 'NONE', #949, .T. ) ;
#729 = FILL_AREA_STYLE_COLOUR ( '', #702 ) ;
#730 = PLANE ( 'NONE',  #1468 ) ;
#731 = AXIS2_PLACEMENT_3D ( 'NONE', #1919, #1177, #1204 ) ;
#732 = VECTOR ( 'NONE', #193, 1000.000000000000000 ) ;
#733 = EDGE_LOOP ( 'NONE', ( #1532, #2154 ) ) ;
#734 = DIRECTION ( 'NONE',  ( -0.000000000000000000, 1.000000000000000000, -0.000000000000000000 ) ) ;
#735 = CIRCLE ( 'NONE', #1351, 2.649999999999994582 ) ;
#736 = VECTOR ( 'NONE', #1206, 1000.000000000000114 ) ;
#737 = EDGE_CURVE ( 'NONE', #1334, #2239, #150, .T. ) ;
#738 = STYLED_ITEM ( 'NONE', ( #1686 ), #105 ) ;
#739 = DIRECTION ( 'NONE',  ( 0.000000000000000000, 0.000000000000000000, 1.000000000000000000 ) ) ;
#740 = DIRECTION ( 'NONE',  ( 0.000000000000000000, 0.000000000000000000, -1.000000000000000000 ) ) ;
#741 = ORIENTED_EDGE ( 'NONE', *, *, #1309, .T. ) ;
#742 = CARTESIAN_POINT ( 'NONE',  ( 20.05000000000000782, -49.99999999999993605, 8.799999999999997158 ) ) ;
#743 = EDGE_CURVE ( 'NONE', #1007, #426, #735, .T. ) ;
#744 = CARTESIAN_POINT ( 'NONE',  ( -3.864579600899063827, -73.30635178134640739, 0.000000000000000000 ) ) ;
#745 = CARTESIAN_POINT ( 'NONE',  ( 0.000000000000000000, -80.00000000000000000, 28.89999999999999503 ) ) ;
#746 = ORIENTED_EDGE ( 'NONE', *, *, #11, .F. ) ;
#747 = DIRECTION ( 'NONE',  ( -0.000000000000000000, -0.000000000000000000, 1.000000000000000000 ) ) ;
#748 = VERTEX_POINT ( 'NONE', #2376 ) ;
#749 = CARTESIAN_POINT ( 'NONE',  ( -3.864579600899063827, -73.30635178134640739, -42.93251095273882356 ) ) ;
#750 = ORIENTED_EDGE ( 'NONE', *, *, #14, .T. ) ;
#751 = LINE ( 'NONE', #1278, #906 ) ;
#752 = DIRECTION ( 'NONE',  ( 1.000000000000000000, 0.000000000000000000, 0.000000000000000000 ) ) ;
#753 = CARTESIAN_POINT ( 'NONE',  ( 14.25474041071148790, -86.70000000000074181, 0.000000000000000000 ) ) ;
#754 = EDGE_CURVE ( 'NONE', #1114, #1180, #1124, .T. ) ;
#755 = ORIENTED_EDGE ( 'NONE', *, *, #103, .F. ) ;
#756 = LINE ( 'NONE', #2037, #2019 ) ;
#757 = ORIENTED_EDGE ( 'NONE', *, *, #2322, .T. ) ;
#758 =( GEOMETRIC_REPRESENTATION_CONTEXT ( 3 ) GLOBAL_UNCERTAINTY_ASSIGNED_CONTEXT ( ( #544 ) ) GLOBAL_UNIT_ASSIGNED_CONTEXT ( ( #1818, #2219, #198 ) ) REPRESENTATION_CONTEXT ( 'NONE', 'WORKASPACE' ) );
#759 = AXIS2_PLACEMENT_3D ( 'NONE', #2165, #1399, #1606 ) ;
#760 = CARTESIAN_POINT ( 'NONE',  ( 0.000000000000000000, -80.00000000000000000, -17.14213562373095812 ) ) ;
#761 = EDGE_CURVE ( 'NONE', #1751, #2127, #418, .T. ) ;
#762 = VERTEX_POINT ( 'NONE', #1939 ) ;
#763 = FACE_BOUND ( 'NONE', #1746, .T. ) ;
#764 = EDGE_CURVE ( 'NONE', #100, #353, #115, .T. ) ;
#765 = CARTESIAN_POINT ( 'NONE',  ( 7.729159201800661627, -80.00000000000106581, 2.299999999999999822 ) ) ;
#766 = FACE_BOUND ( 'NONE', #1693, .T. ) ;
#767 = AXIS2_PLACEMENT_3D ( 'NONE', #2292, #616, #1528 ) ;
#768 = ORIENTED_EDGE ( 'NONE', *, *, #1221, .F. ) ;
#769 = DIRECTION ( 'NONE',  ( -0.000000000000000000, -0.000000000000000000, 1.000000000000000000 ) ) ;
#770 = ORIENTED_EDGE ( 'NONE', *, *, #761, .T. ) ;
#771 = AXIS2_PLACEMENT_3D ( 'NONE', #1969, #691, #294 ) ;
#772 = CARTESIAN_POINT ( 'NONE',  ( 10.69541689571983589, -89.18910239746918478, -42.93251095273882356 ) ) ;
#773 = AXIS2_PLACEMENT_3D ( 'NONE', #684, #324, #1427 ) ;
#774 = AXIS2_PLACEMENT_3D ( 'NONE', #1609, #323, #513 ) ;
#775 = ORIENTED_EDGE ( 'NONE', *, *, #754, .F. ) ;
#776 = CARTESIAN_POINT ( 'NONE',  ( -3.864579600899063827, -73.30635178134640739, 2.299999999999999822 ) ) ;
#777 = DIRECTION ( 'NONE',  ( 1.000000000000000000, 0.000000000000000000, 0.000000000000000000 ) ) ;
#778 = EDGE_CURVE ( 'NONE', #933, #1910, #1587, .T. ) ;
#779 = CYLINDRICAL_SURFACE ( 'NONE', #1319, 1.899999999999098632 ) ;
#780 = CIRCLE ( 'NONE', #898, 1.899999999999999023 ) ;
#781 = DIRECTION ( 'NONE',  ( 0.000000000000000000, 0.000000000000000000, -1.000000000000000000 ) ) ;
#782 = ADVANCED_FACE ( 'NONE', ( #2387, #723, #1271, #2135, #1464, #998 ), #1832, .T. ) ;
#783 = ORIENTED_EDGE ( 'NONE', *, *, #2225, .F. ) ;
#784 = DIRECTION ( 'NONE',  ( -0.000000000000000000, 1.000000000000000000, -0.000000000000000000 ) ) ;
#785 = ADVANCED_FACE ( 'NONE', ( #1089 ), #1026, .F. ) ;
#786 = FACE_OUTER_BOUND ( 'NONE', #1572, .T. ) ;
#787 = ORIENTED_EDGE ( 'NONE', *, *, #1028, .T. ) ;
#788 = CARTESIAN_POINT ( 'NONE',  ( -10.69541689571855159, -70.81089760253152576, -42.93251095273882356 ) ) ;
#789 = AXIS2_PLACEMENT_3D ( 'NONE', #1516, #1138, #602 ) ;
#790 = CARTESIAN_POINT ( 'NONE',  ( -7.729159201799991052, -79.99999999999965894, 2.299999999999999822 ) ) ;
#791 = DIRECTION ( 'NONE',  ( 0.000000000000000000, 0.000000000000000000, 1.000000000000000000 ) ) ;
#792 = EDGE_CURVE ( 'NONE', #1822, #884, #1284, .T. ) ;
#793 = CARTESIAN_POINT ( 'NONE',  ( 1.470283216747640392E-15, -74.80000000000001137, 2.300000000000001599 ) ) ;
#794 = ORIENTED_EDGE ( 'NONE', *, *, #2100, .F. ) ;
#795 = CARTESIAN_POINT ( 'NONE',  ( 24.52499999999999147, -62.39999999999998437, 28.14999999999999503 ) ) ;
#796 = EDGE_CURVE ( 'NONE', #209, #1222, #1002, .T. ) ;
#797 = EDGE_LOOP ( 'NONE', ( #1379, #1144, #1010, #1127 ) ) ;
#798 = PRESENTATION_LAYER_ASSIGNMENT (  '', '', ( #1224 ) ) ;
#799 = CYLINDRICAL_SURFACE ( 'NONE', #1082, 5.000000000000001776 ) ;
#800 = VERTEX_POINT ( 'NONE', #1015 ) ;
#801 = DIRECTION ( 'NONE',  ( -1.000000000000000000, 0.000000000000000000, 0.000000000000000000 ) ) ;
#802 = DIRECTION ( 'NONE',  ( -0.000000000000000000, -0.000000000000000000, -1.000000000000000000 ) ) ;
#803 = DIRECTION ( 'NONE',  ( -0.000000000000000000, -1.000000000000000000, -0.000000000000000000 ) ) ;
#804 = CARTESIAN_POINT ( 'NONE',  ( 0.000000000000000000, -80.00000000000000000, 0.000000000000000000 ) ) ;
#805 = EDGE_LOOP ( 'NONE', ( #560, #60, #570, #238 ) ) ;
#806 = DIRECTION ( 'NONE',  ( -0.000000000000000000, 1.000000000000000000, -0.000000000000000000 ) ) ;
#807 = ORIENTED_EDGE ( 'NONE', *, *, #915, .T. ) ;
#808 = EDGE_CURVE ( 'NONE', #152, #2091, #1898, .T. ) ;
#809 = DIRECTION ( 'NONE',  ( 1.000000000000000000, 0.000000000000000000, 0.000000000000000000 ) ) ;
#810 = VERTEX_POINT ( 'NONE', #1815 ) ;
#811 = CARTESIAN_POINT ( 'NONE',  ( 13.30570456204409702, -84.66795153702517496, -42.93251095273882356 ) ) ;
#812 = AXIS2_PLACEMENT_3D ( 'NONE', #271, #527, #86 ) ;
#813 = DIRECTION ( 'NONE',  ( 0.000000000000000000, 0.000000000000000000, 1.000000000000000000 ) ) ;
#814 = DIRECTION ( 'NONE',  ( -0.000000000000000000, -1.000000000000000000, -0.000000000000000000 ) ) ;
#815 = ORIENTED_EDGE ( 'NONE', *, *, #1135, .T. ) ;
#816 = VECTOR ( 'NONE', #245, 1000.000000000000000 ) ;
#817 = CARTESIAN_POINT ( 'NONE',  ( 8.525000000002393108, -68.52516339985629656, 2.299999999999999822 ) ) ;
#818 = ADVANCED_FACE ( 'NONE', ( #1767 ), #823, .F. ) ;
#819 = ORIENTED_EDGE ( 'NONE', *, *, #1406, .F. ) ;
#820 = DIRECTION ( 'NONE',  ( 0.000000000000000000, 0.000000000000000000, 1.000000000000000000 ) ) ;
#821 = EDGE_LOOP ( 'NONE', ( #1355, #402, #1652, #1912 ) ) ;
#822 = PRODUCT ( '010_006_Front_back_servo_mount_2', '010_006_Front_back_servo_mount_2', '', ( #439 ) ) ;
#823 = PLANE ( 'NONE',  #2286 ) ;
#824 = CARTESIAN_POINT ( 'NONE',  ( -6.874999999999909406, -91.90784930203599856, -8.374011537024829366 ) ) ;
#825 = LINE ( 'NONE', #1004, #1354 ) ;
#826 = CARTESIAN_POINT ( 'NONE',  ( -24.52500000000000568, -62.39999999999999858, 28.14999999999999503 ) ) ;
#827 = ORIENTED_EDGE ( 'NONE', *, *, #988, .F. ) ;
#828 = FACE_OUTER_BOUND ( 'NONE', #1600, .T. ) ;
#829 = EDGE_LOOP ( 'NONE', ( #1336, #43, #2272, #2310 ) ) ;
#830 = LINE ( 'NONE', #1347, #187 ) ;
#831 = EDGE_CURVE ( 'NONE', #303, #1973, #2173, .T. ) ;
#832 = ORIENTED_EDGE ( 'NONE', *, *, #792, .F. ) ;
#833 = CARTESIAN_POINT ( 'NONE',  ( -13.30570456204346108, -84.66795153702405230, -42.93251095273882356 ) ) ;
#834 = ORIENTED_EDGE ( 'NONE', *, *, #1050, .F. ) ;
#835 = CARTESIAN_POINT ( 'NONE',  ( 0.000000000000000000, -80.00000000000000000, 0.000000000000000000 ) ) ;
#836 = DIRECTION ( 'NONE',  ( -0.000000000000000000, 1.000000000000000000, -0.000000000000000000 ) ) ;
#837 = CARTESIAN_POINT ( 'NONE',  ( 3.673940397442059178E-15, -50.00000000000000000, -3.000000000000002665 ) ) ;
#838 = VERTEX_POINT ( 'NONE', #2314 ) ;
#839 = EDGE_CURVE ( 'NONE', #1371, #1595, #651, .T. ) ;
#840 = DIRECTION ( 'NONE',  ( -0.7668107407454953783, 0.6418732646538136688, 0.000000000000000000 ) ) ;
#841 = DIRECTION ( 'NONE',  ( 0.3431409490534284012, -0.9392839235730123804, 0.000000000000000000 ) ) ;
#842 = CARTESIAN_POINT ( 'NONE',  ( -20.97500000000000497, -62.39999999999999858, 28.14999999999999503 ) ) ;
#843 = ORIENTED_EDGE ( 'NONE', *, *, #1778, .T. ) ;
#844 = EDGE_CURVE ( 'NONE', #1720, #1070, #154, .T. ) ;
#845 = AXIS2_PLACEMENT_3D ( 'NONE', #886, #89, #1956 ) ;
#846 = DIRECTION ( 'NONE',  ( -0.000000000000000000, -1.000000000000000000, -0.000000000000000000 ) ) ;
#847 = EDGE_LOOP ( 'NONE', ( #389, #1932, #1451, #1027 ) ) ;
#848 = VECTOR ( 'NONE', #461, 1000.000000000000000 ) ;
#849 = DIRECTION ( 'NONE',  ( 0.000000000000000000, 0.000000000000000000, 1.000000000000000000 ) ) ;
#850 = PLANE ( 'NONE',  #157 ) ;
#851 = VECTOR ( 'NONE', #2240, 1000.000000000000000 ) ;
#852 = CARTESIAN_POINT ( 'NONE',  ( 3.864579600901409506, -73.30635178134738794, 0.000000000000000000 ) ) ;
#853 = VERTEX_POINT ( 'NONE', #1132 ) ;
#854 = FACE_OUTER_BOUND ( 'NONE', #1904, .T. ) ;
#855 = VECTOR ( 'NONE', #1143, 1000.000000000000000 ) ;
#856 = ORIENTED_EDGE ( 'NONE', *, *, #2248, .T. ) ;
#857 = FACE_BOUND ( 'NONE', #1258, .T. ) ;
#858 = AXIS2_PLACEMENT_3D ( 'NONE', #1999, #841, #868 ) ;
#859 = VECTOR ( 'NONE', #370, 1000.000000000000000 ) ;
#860 = ORIENTED_EDGE ( 'NONE', *, *, #1728, .T. ) ;
#861 = ORIENTED_EDGE ( 'NONE', *, *, #952, .T. ) ;
#862 = EDGE_CURVE ( 'NONE', #19, #1965, #34, .T. ) ;
#863 = CARTESIAN_POINT ( 'NONE',  ( 26.42499999999999005, -62.39999999999998437, 24.39999999999999503 ) ) ;
#864 = DIRECTION ( 'NONE',  ( 0.000000000000000000, 0.000000000000000000, 1.000000000000000000 ) ) ;
#865 = CARTESIAN_POINT ( 'NONE',  ( 29.00000000000000355, -80.00000000000000000, 0.000000000000000000 ) ) ;
#866 = VERTEX_POINT ( 'NONE', #559 ) ;
#867 = LINE ( 'NONE', #476, #1125 ) ;
#868 = DIRECTION ( 'NONE',  ( 0.9392839235730122693, 0.3431409490534283457, 0.000000000000000000 ) ) ;
#869 = DIRECTION ( 'NONE',  ( 0.000000000000000000, 0.000000000000000000, -1.000000000000000000 ) ) ;
#870 = EDGE_CURVE ( 'NONE', #1648, #1992, #70, .T. ) ;
#871 = EDGE_CURVE ( 'NONE', #8, #1072, #756, .T. ) ;
#872 = ORIENTED_EDGE ( 'NONE', *, *, #862, .F. ) ;
#873 = EDGE_CURVE ( 'NONE', #353, #967, #1438, .T. ) ;
#874 = ORIENTED_EDGE ( 'NONE', *, *, #1069, .T. ) ;
#875 = CARTESIAN_POINT ( 'NONE',  ( 22.62499999999999289, -62.39999999999998437, 28.14999999999999503 ) ) ;
#876 = FACE_OUTER_BOUND ( 'NONE', #1847, .T. ) ;
#877 = CARTESIAN_POINT ( 'NONE',  ( -20.96250000000001279, -74.79999999999999716, 12.94999999999998863 ) ) ;
#878 = ORIENTED_EDGE ( 'NONE', *, *, #1819, .T. ) ;
#879 = DIRECTION ( 'NONE',  ( -0.1724731828275077872, 0.9850142137072688264, 0.000000000000000000 ) ) ;
#880 = ORIENTED_EDGE ( 'NONE', *, *, #1801, .F. ) ;
#881 = CARTESIAN_POINT ( 'NONE',  ( -24.00000000000002842, -59.00000000000000711, 26.59999999999996945 ) ) ;
#882 = AXIS2_PLACEMENT_3D ( 'NONE', #1518, #791, #2258 ) ;
#883 = VERTEX_POINT ( 'NONE', #585 ) ;
#884 = VERTEX_POINT ( 'NONE', #2250 ) ;
#885 = VERTEX_POINT ( 'NONE', #1487 ) ;
#886 = CARTESIAN_POINT ( 'NONE',  ( 11.60474041071149109, -86.70000000000074181, 2.299999999999999822 ) ) ;
#887 = EDGE_CURVE ( 'NONE', #205, #2060, #596, .T. ) ;
#888 = DIRECTION ( 'NONE',  ( -2.016023975600421011E-16, -1.000000000000000000, -2.465190328815661892E-32 ) ) ;
#889 = CYLINDRICAL_SURFACE ( 'NONE', #329, 2.649999999999994582 ) ;
#890 = ORIENTED_EDGE ( 'NONE', *, *, #1568, .F. ) ;
#891 = CARTESIAN_POINT ( 'NONE',  ( -20.00000000000000000, -80.00000000000000000, -53.00000000000000711 ) ) ;
#892 = VERTEX_POINT ( 'NONE', #948 ) ;
#893 = CARTESIAN_POINT ( 'NONE',  ( -28.99999999999999645, -50.00000000000000000, -3.000000000000002665 ) ) ;
#894 = VERTEX_POINT ( 'NONE', #1303 ) ;
#895 = VECTOR ( 'NONE', #820, 1000.000000000000000 ) ;
#896 = DIRECTION ( 'NONE',  ( -0.000000000000000000, -0.000000000000000000, 1.000000000000000000 ) ) ;
#897 = VECTOR ( 'NONE', #836, 1000.000000000000000 ) ;
#898 = AXIS2_PLACEMENT_3D ( 'NONE', #459, #246, #1700 ) ;
#899 = PLANE ( 'NONE',  #153 ) ;
#900 = ORIENTED_EDGE ( 'NONE', *, *, #932, .F. ) ;
#901 = CARTESIAN_POINT ( 'NONE',  ( -22.62500000000000711, -62.39999999999999858, 24.39999999999999503 ) ) ;
#902 = LINE ( 'NONE', #1826, #224 ) ;
#903 = CARTESIAN_POINT ( 'NONE',  ( 8.774999999998321698, -91.90784930203709280, -8.374011537024829366 ) ) ;
#904 = ORIENTED_EDGE ( 'NONE', *, *, #1134, .T. ) ;
#905 = DIRECTION ( 'NONE',  ( -0.000000000000000000, -0.000000000000000000, 1.000000000000000000 ) ) ;
#906 = VECTOR ( 'NONE', #2222, 1000.000000000000114 ) ;
#907 = LINE ( 'NONE', #1094, #963 ) ;
#908 = PRODUCT_DEFINITION_CONTEXT ( 'detailed design', #1086, 'design' ) ;
#909 = EDGE_LOOP ( 'NONE', ( #296, #281 ) ) ;
#910 = CARTESIAN_POINT ( 'NONE',  ( 23.99999999999997158, -59.00000000000000711, 23.84999999999998010 ) ) ;
#911 = CARTESIAN_POINT ( 'NONE',  ( -6.874999999999909406, -91.90784930203599856, -8.374011537024829366 ) ) ;
#912 = CARTESIAN_POINT ( 'NONE',  ( -20.97500000000000497, -62.39999999999999858, 28.89999999999999503 ) ) ;
#913 = VERTEX_POINT ( 'NONE', #914 ) ;
#914 = CARTESIAN_POINT ( 'NONE',  ( 28.07499999999999218, -62.39999999999998437, 28.14999999999999503 ) ) ;
#915 = EDGE_CURVE ( 'NONE', #1542, #1436, #2262, .T. ) ;
#916 = ADVANCED_FACE ( 'NONE', ( #364 ), #1495, .F. ) ;
#917 = EDGE_CURVE ( 'NONE', #1762, #412, #550, .T. ) ;
#918 = DIRECTION ( 'NONE',  ( 1.000000000000000000, 0.000000000000000000, 0.000000000000000000 ) ) ;
#919 = CARTESIAN_POINT ( 'NONE',  ( 20.00000000000000000, -80.00000000000000000, -3.000000000000002665 ) ) ;
#920 = EDGE_LOOP ( 'NONE', ( #2209, #598, #1052, #815 ) ) ;
#921 = DIRECTION ( 'NONE',  ( -0.000000000000000000, 1.000000000000000000, -0.000000000000000000 ) ) ;
#922 =( LENGTH_UNIT ( ) NAMED_UNIT ( * ) SI_UNIT ( .MILLI., .METRE. ) );
#923 = CARTESIAN_POINT ( 'NONE',  ( -8.774999999999909761, -91.90784930203599856, -8.374011537024829366 ) ) ;
#924 = VECTOR ( 'NONE', #1084, 1000.000000000000000 ) ;
#925 = CIRCLE ( 'NONE', #2278, 3.550000000000001155 ) ;
#926 = ORIENTED_EDGE ( 'NONE', *, *, #952, .F. ) ;
#927 = CARTESIAN_POINT ( 'NONE',  ( 20.05000000000000782, -49.99999999999993605, 8.799999999999997158 ) ) ;
#928 = VECTOR ( 'NONE', #1921, 1000.000000000000114 ) ;
#929 =( GEOMETRIC_REPRESENTATION_CONTEXT ( 3 ) GLOBAL_UNCERTAINTY_ASSIGNED_CONTEXT ( ( #2028 ) ) GLOBAL_UNIT_ASSIGNED_CONTEXT ( ( #922, #1307, #1300 ) ) REPRESENTATION_CONTEXT ( 'NONE', 'WORKASPACE' ) );
#930 = CIRCLE ( 'NONE', #622, 2.749999999999997335 ) ;
#931 = CARTESIAN_POINT ( 'NONE',  ( 13.30570456204409702, -84.66795153702517496, 2.299999999999999822 ) ) ;
#932 = EDGE_CURVE ( 'NONE', #1195, #1889, #2046, .T. ) ;
#933 = VERTEX_POINT ( 'NONE', #18 ) ;
#934 = FACE_BOUND ( 'NONE', #1282, .T. ) ;
#935 = FACE_OUTER_BOUND ( 'NONE', #2074, .T. ) ;
#936 = ORIENTED_EDGE ( 'NONE', *, *, #164, .F. ) ;
#937 = CYLINDRICAL_SURFACE ( 'NONE', #1588, 1.899999999999999023 ) ;
#938 = ORIENTED_EDGE ( 'NONE', *, *, #1792, .F. ) ;
#939 = EDGE_CURVE ( 'NONE', #133, #1114, #1122, .T. ) ;
#940 = EDGE_CURVE ( 'NONE', #2058, #463, #465, .T. ) ;
#941 = FILL_AREA_STYLE ('',( #2206 ) ) ;
#942 = CARTESIAN_POINT ( 'NONE',  ( -22.61250000000001137, -70.29999999999999716, 12.94999999999998863 ) ) ;
#943 = ORIENTED_EDGE ( 'NONE', *, *, #2055, .F. ) ;
#944 = LINE ( 'NONE', #335, #1717 ) ;
#945 = CARTESIAN_POINT ( 'NONE',  ( 20.00000000000000355, -59.80000000000000426, -3.000000000000002665 ) ) ;
#946 = DIRECTION ( 'NONE',  ( 0.000000000000000000, 0.000000000000000000, 1.000000000000000000 ) ) ;
#947 = ORIENTED_EDGE ( 'NONE', *, *, #1802, .T. ) ;
#948 = CARTESIAN_POINT ( 'NONE',  ( 23.99999999999997158, -50.00000000000000000, 11.09999999999997833 ) ) ;
#949 = EDGE_LOOP ( 'NONE', ( #1146, #861, #1866, #233 ) ) ;
#950 = MECHANICAL_DESIGN_GEOMETRIC_PRESENTATION_REPRESENTATION (  '', ( #1224 ), #599 ) ;
#951 = VECTOR ( 'NONE', #2334, 1000.000000000000000 ) ;
#952 = EDGE_CURVE ( 'NONE', #2323, #2010, #1705, .T. ) ;
#953 = DIRECTION ( 'NONE',  ( 1.000000000000000000, 0.000000000000000000, 0.000000000000000000 ) ) ;
#954 = ORIENTED_EDGE ( 'NONE', *, *, #1208, .F. ) ;
#955 = EDGE_CURVE ( 'NONE', #1376, #1436, #961, .T. ) ;
#956 = DIRECTION ( 'NONE',  ( -0.000000000000000000, 0.000000000000000000, -1.000000000000000000 ) ) ;
#957 = DIRECTION ( 'NONE',  ( 0.000000000000000000, 0.000000000000000000, 1.000000000000000000 ) ) ;
#958 = DIRECTION ( 'NONE',  ( 0.000000000000000000, 0.000000000000000000, 1.000000000000000000 ) ) ;
#959 = AXIS2_PLACEMENT_3D ( 'NONE', #404, #25, #2108 ) ;
#960 = ORIENTED_EDGE ( 'NONE', *, *, #1453, .F. ) ;
#961 = LINE ( 'NONE', #2059, #1314 ) ;
#962 = EDGE_CURVE ( 'NONE', #1754, #1007, #1704, .T. ) ;
#963 = VECTOR ( 'NONE', #1456, 1000.000000000000000 ) ;
#964 = AXIS2_PLACEMENT_3D ( 'NONE', #795, #1153, #1533 ) ;
#965 = DIRECTION ( 'NONE',  ( -0.000000000000000000, -0.000000000000000000, -1.000000000000000000 ) ) ;
#966 = ADVANCED_FACE ( 'NONE', ( #373 ), #1670, .F. ) ;
#967 = VERTEX_POINT ( 'NONE', #2069 ) ;
#968 = CARTESIAN_POINT ( 'NONE',  ( 23.99999999999997158, -50.00000000000000000, 21.09999999999998010 ) ) ;
#969 = VECTOR ( 'NONE', #497, 1000.000000000000000 ) ;
#970 = DIRECTION ( 'NONE',  ( -0.000000000000000000, -1.000000000000000000, -0.000000000000000000 ) ) ;
#971 = CARTESIAN_POINT ( 'NONE',  ( 29.00000000000000000, -74.80000000000001137, -3.000000000000002665 ) ) ;
#972 = FACE_OUTER_BOUND ( 'NONE', #1580, .T. ) ;
#973 = ORIENTED_EDGE ( 'NONE', *, *, #1277, .F. ) ;
#974 = LINE ( 'NONE', #2128, #736 ) ;
#975 = ORIENTED_EDGE ( 'NONE', *, *, #1724, .F. ) ;
#976 = LINE ( 'NONE', #49, #2243 ) ;
#977 = VERTEX_POINT ( 'NONE', #195 ) ;
#978 = DIRECTION ( 'NONE',  ( 0.000000000000000000, 0.000000000000000000, 1.000000000000000000 ) ) ;
#979 = LINE ( 'NONE', #235, #1636 ) ;
#980 = CARTESIAN_POINT ( 'NONE',  ( -8.524999999999280931, -68.52516339985206173, -8.374011537024829366 ) ) ;
#981 = CARTESIAN_POINT ( 'NONE',  ( -24.00000000000002842, -59.00000000000000711, 13.84999999999997122 ) ) ;
#982 = ORIENTED_EDGE ( 'NONE', *, *, #1548, .T. ) ;
#983 = LINE ( 'NONE', #280, #1085 ) ;
#984 = ADVANCED_FACE ( 'NONE', ( #397 ), #937, .F. ) ;
#985 = EDGE_LOOP ( 'NONE', ( #1997, #1585, #2150, #1546 ) ) ;
#986 = CARTESIAN_POINT ( 'NONE',  ( -20.00000000000000000, -80.00000000000000000, -3.000000000000002665 ) ) ;
#987 = ORIENTED_EDGE ( 'NONE', *, *, #11, .T. ) ;
#988 = EDGE_CURVE ( 'NONE', #2058, #1326, #424, .T. ) ;
#989 = DIRECTION ( 'NONE',  ( 1.000000000000000000, 0.000000000000000000, 0.000000000000000000 ) ) ;
#990 = DIRECTION ( 'NONE',  ( 0.000000000000000000, 0.000000000000000000, 1.000000000000000000 ) ) ;
#991 = CARTESIAN_POINT ( 'NONE',  ( 20.97499999999999076, -62.39999999999998437, 28.14999999999999503 ) ) ;
#992 = ORIENTED_EDGE ( 'NONE', *, *, #1834, .F. ) ;
#993 = LINE ( 'NONE', #1752, #1235 ) ;
#994 = ORIENTED_EDGE ( 'NONE', *, *, #528, .F. ) ;
#995 = LINE ( 'NONE', #893, #1118 ) ;
#996 = ORIENTED_EDGE ( 'NONE', *, *, #1135, .F. ) ;
#997 = CIRCLE ( 'NONE', #1857, 1.899999999999999023 ) ;
#998 = FACE_OUTER_BOUND ( 'NONE', #1058, .T. ) ;
#999 = AXIS2_PLACEMENT_3D ( 'NONE', #414, #1708, #1719 ) ;
#1000 = ORIENTED_EDGE ( 'NONE', *, *, #2308, .T. ) ;
#1001 = DIRECTION ( 'NONE',  ( 1.000000000000000000, 0.000000000000000000, 0.000000000000000000 ) ) ;
#1002 = CIRCLE ( 'NONE', #1667, 2.749999999999997335 ) ;
#1003 = EDGE_CURVE ( 'NONE', #1973, #303, #1473, .T. ) ;
#1004 = CARTESIAN_POINT ( 'NONE',  ( 4.974999999998320988, -91.90784930203709280, -8.374011537024829366 ) ) ;
#1005 = AXIS2_PLACEMENT_3D ( 'NONE', #288, #2348, #108 ) ;
#1006 = DIRECTION ( 'NONE',  ( -0.000000000000000000, 1.000000000000000000, -0.000000000000000000 ) ) ;
#1007 = VERTEX_POINT ( 'NONE', #635 ) ;
#1008 = AXIS2_PLACEMENT_3D ( 'NONE', #1862, #384, #2410 ) ;
#1009 = CARTESIAN_POINT ( 'NONE',  ( 28.07499999999999218, -62.39999999999998437, 28.14999999999999503 ) ) ;
#1010 = ORIENTED_EDGE ( 'NONE', *, *, #637, .F. ) ;
#1011 = CARTESIAN_POINT ( 'NONE',  ( 23.99999999999997158, -59.00000000000000711, 11.09999999999997833 ) ) ;
#1012 = ORIENTED_EDGE ( 'NONE', *, *, #1829, .F. ) ;
#1013 = EDGE_CURVE ( 'NONE', #967, #128, #1168, .T. ) ;
#1014 = EDGE_CURVE ( 'NONE', #589, #410, #437, .T. ) ;
#1015 = CARTESIAN_POINT ( 'NONE',  ( -7.729159201799991052, -79.99999999999965894, 2.299999999999999822 ) ) ;
#1016 = ORIENTED_EDGE ( 'NONE', *, *, #1654, .F. ) ;
#1017 = CARTESIAN_POINT ( 'NONE',  ( -24.00000000000002842, -59.00000000000000711, 23.84999999999997300 ) ) ;
#1018 = CARTESIAN_POINT ( 'NONE',  ( -3.864579600900127865, -86.69364821865332260, 2.299999999999999822 ) ) ;
#1019 = LINE ( 'NONE', #852, #139 ) ;
#1020 = VERTEX_POINT ( 'NONE', #1949 ) ;
#1021 = AXIS2_PLACEMENT_3D ( 'NONE', #1860, #1848, #2031 ) ;
#1022 = DIRECTION ( 'NONE',  ( -2.016023975600421011E-16, -1.000000000000000000, -1.232595164407830946E-32 ) ) ;
#1023 = DIRECTION ( 'NONE',  ( 0.000000000000000000, 0.000000000000000000, 1.000000000000000000 ) ) ;
#1024 = DIRECTION ( 'NONE',  ( -1.156482317317871478E-16, -1.000000000000000000, 0.000000000000000000 ) ) ;
#1025 = ORIENTED_EDGE ( 'NONE', *, *, #666, .T. ) ;
#1026 = CYLINDRICAL_SURFACE ( 'NONE', #1980, 2.749999999999999112 ) ;
#1027 = ORIENTED_EDGE ( 'NONE', *, *, #2390, .F. ) ;
#1028 = EDGE_CURVE ( 'NONE', #2147, #2161, #1242, .T. ) ;
#1029 = DIRECTION ( 'NONE',  ( 1.000000000000000000, 0.000000000000000000, 0.000000000000000000 ) ) ;
#1030 = DIRECTION ( 'NONE',  ( -2.016023975600421011E-16, -1.000000000000000000, -1.232595164407830946E-32 ) ) ;
#1031 = PLANE ( 'NONE',  #1615 ) ;
#1032 = AXIS2_PLACEMENT_3D ( 'NONE', #319, #2121, #1029 ) ;
#1033 = ORIENTED_EDGE ( 'NONE', *, *, #1908, .F. ) ;
#1034 = CYLINDRICAL_SURFACE ( 'NONE', #2366, 3.550000000000001155 ) ;
#1035 = ORIENTED_EDGE ( 'NONE', *, *, #525, .F. ) ;
#1036 = CARTESIAN_POINT ( 'NONE',  ( -4.974999999999909939, -91.90784930203599856, -8.374011537024829366 ) ) ;
#1037 = ORIENTED_EDGE ( 'NONE', *, *, #155, .F. ) ;
#1038 = ORIENTED_EDGE ( 'NONE', *, *, #761, .F. ) ;
#1039 = AXIS2_PLACEMENT_3D ( 'NONE', #621, #1166, #781 ) ;
#1040 = VECTOR ( 'NONE', #1883, 1000.000000000000000 ) ;
#1041 = DIRECTION ( 'NONE',  ( -0.000000000000000000, -0.000000000000000000, 1.000000000000000000 ) ) ;
#1042 = ADVANCED_FACE ( 'NONE', ( #2114 ), #228, .F. ) ;
#1043 = CARTESIAN_POINT ( 'NONE',  ( -13.30570456204282870, -75.33204846297552137, 0.000000000000000000 ) ) ;
#1044 = AXIS2_PLACEMENT_3D ( 'NONE', #614, #1172, #1683 ) ;
#1045 = DIRECTION ( 'NONE',  ( 1.000000000000000000, 0.000000000000000000, 0.000000000000000000 ) ) ;
#1046 = ORIENTED_EDGE ( 'NONE', *, *, #754, .T. ) ;
#1047 = CARTESIAN_POINT ( 'NONE',  ( -24.00000000000002842, -59.00000000000000711, 13.84999999999997122 ) ) ;
#1048 = ORIENTED_EDGE ( 'NONE', *, *, #613, .T. ) ;
#1049 = DIRECTION ( 'NONE',  ( 0.000000000000000000, 0.000000000000000000, 1.000000000000000000 ) ) ;
#1050 = EDGE_CURVE ( 'NONE', #545, #1859, #830, .T. ) ;
#1051 = VECTOR ( 'NONE', #592, 1000.000000000000114 ) ;
#1052 = ORIENTED_EDGE ( 'NONE', *, *, #1309, .F. ) ;
#1053 = ORIENTED_EDGE ( 'NONE', *, *, #1225, .F. ) ;
#1054 = PRODUCT_DEFINITION_SHAPE ( 'NONE', 'NONE',  #1951 ) ;
#1055 = CARTESIAN_POINT ( 'NONE',  ( -24.00000000000002842, -50.00000000000000000, 16.59999999999996945 ) ) ;
#1056 = CARTESIAN_POINT ( 'NONE',  ( -11.60474041071020679, -73.29999999999998295, 2.299999999999999822 ) ) ;
#1057 = DIRECTION ( 'NONE',  ( -0.000000000000000000, -0.000000000000000000, 1.000000000000000000 ) ) ;
#1058 = EDGE_LOOP ( 'NONE', ( #1967, #564, #834, #1876, #111, #1205, #13 ) ) ;
#1059 = DIRECTION ( 'NONE',  ( -1.000000000000000000, 0.000000000000000000, 0.000000000000000000 ) ) ;
#1060 = ORIENTED_EDGE ( 'NONE', *, *, #132, .T. ) ;
#1061 = LINE ( 'NONE', #1990, #1348 ) ;
#1062 = ORIENTED_EDGE ( 'NONE', *, *, #1317, .T. ) ;
#1063 = ORIENTED_EDGE ( 'NONE', *, *, #2354, .T. ) ;
#1064 = EDGE_CURVE ( 'NONE', #317, #1965, #2311, .T. ) ;
#1065 = ORIENTED_EDGE ( 'NONE', *, *, #1299, .F. ) ;
#1066 = CARTESIAN_POINT ( 'NONE',  ( -4.974999999999909939, -91.90784930203599856, -3.000000000000000000 ) ) ;
#1067 = CYLINDRICAL_SURFACE ( 'NONE', #1203, 3.550000000000001155 ) ;
#1068 = DIRECTION ( 'NONE',  ( 0.000000000000000000, 0.000000000000000000, -1.000000000000000000 ) ) ;
#1069 = EDGE_CURVE ( 'NONE', #1400, #892, #1388, .T. ) ;
#1070 = VERTEX_POINT ( 'NONE', #464 ) ;
#1071 = DIRECTION ( 'NONE',  ( 0.000000000000000000, 0.000000000000000000, -1.000000000000000000 ) ) ;
#1072 = VERTEX_POINT ( 'NONE', #2285 ) ;
#1073 = CARTESIAN_POINT ( 'NONE',  ( -24.00000000000002842, -59.00000000000000711, 16.59999999999996945 ) ) ;
#1074 = AXIS2_PLACEMENT_3D ( 'NONE', #670, #1412, #1761 ) ;
#1075 = ORIENTED_EDGE ( 'NONE', *, *, #683, .T. ) ;
#1076 = DIRECTION ( 'NONE',  ( 0.000000000000000000, 0.000000000000000000, -1.000000000000000000 ) ) ;
#1077 = AXIS2_PLACEMENT_3D ( 'NONE', #1941, #1396, #2353 ) ;
#1078 = CYLINDRICAL_SURFACE ( 'NONE', #2079, 3.550000000000001155 ) ;
#1079 = CYLINDRICAL_SURFACE ( 'NONE', #2090, 2.650000000000002132 ) ;
#1080 = ORIENTED_EDGE ( 'NONE', *, *, #2322, .F. ) ;
#1081 = DIRECTION ( 'NONE',  ( -0.000000000000000000, -0.000000000000000000, 1.000000000000000000 ) ) ;
#1082 = AXIS2_PLACEMENT_3D ( 'NONE', #208, #2274, #953 ) ;
#1083 = CYLINDRICAL_SURFACE ( 'NONE', #266, 1.899999999999999689 ) ;
#1084 = DIRECTION ( 'NONE',  ( -0.000000000000000000, -0.000000000000000000, 1.000000000000000000 ) ) ;
#1085 = VECTOR ( 'NONE', #1024, 1000.000000000000000 ) ;
#1086 = APPLICATION_CONTEXT ( 'automotive_design' ) ;
#1087 = EDGE_LOOP ( 'NONE', ( #1664, #83, #1729, #168 ) ) ;
#1088 = AXIS2_PLACEMENT_3D ( 'NONE', #2293, #813, #79 ) ;
#1089 = FACE_OUTER_BOUND ( 'NONE', #255, .T. ) ;
#1090 = AXIS2_PLACEMENT_3D ( 'NONE', #1047, #500, #1071 ) ;
#1091 = AXIS2_PLACEMENT_3D ( 'NONE', #2355, #485, #1226 ) ;
#1092 = CIRCLE ( 'NONE', #1405, 2.749999999999999112 ) ;
#1093 = SURFACE_SIDE_STYLE ('',( #343 ) ) ;
#1094 = CARTESIAN_POINT ( 'NONE',  ( 2.610287666325548539, -66.14294606550781452, -42.93251095273882356 ) ) ;
#1095 = ORIENTED_EDGE ( 'NONE', *, *, #2160, .T. ) ;
#1096 = DIRECTION ( 'NONE',  ( 1.000000000000000000, 0.000000000000000000, 0.000000000000000000 ) ) ;
#1097 = DIRECTION ( 'NONE',  ( 0.000000000000000000, 1.000000000000000000, 0.000000000000000000 ) ) ;
#1098 = FACE_BOUND ( 'NONE', #2406, .T. ) ;
#1099 = EDGE_CURVE ( 'NONE', #128, #58, #974, .T. ) ;
#1100 = EDGE_CURVE ( 'NONE', #1376, #553, #983, .T. ) ;
#1101 = ORIENTED_EDGE ( 'NONE', *, *, #2299, .T. ) ;
#1102 = DIRECTION ( 'NONE',  ( -0.000000000000000000, -0.000000000000000000, -1.000000000000000000 ) ) ;
#1103 = VECTOR ( 'NONE', #2021, 1000.000000000000000 ) ;
#1104 = DIRECTION ( 'NONE',  ( -1.000000000000000000, 0.000000000000000000, 0.000000000000000000 ) ) ;
#1105 = ORIENTED_EDGE ( 'NONE', *, *, #839, .F. ) ;
#1106 = PLANE ( 'NONE',  #1021 ) ;
#1107 = SURFACE_SIDE_STYLE ('',( #2395 ) ) ;
#1108 = LINE ( 'NONE', #1493, #1478 ) ;
#1109 = ORIENTED_EDGE ( 'NONE', *, *, #2057, .T. ) ;
#1110 = CARTESIAN_POINT ( 'NONE',  ( -24.00000000000002842, -59.00000000000000711, 23.84999999999997300 ) ) ;
#1111 = EDGE_CURVE ( 'NONE', #977, #451, #45, .T. ) ;
#1112 = CARTESIAN_POINT ( 'NONE',  ( 14.25474041071213449, -73.30000000000109139, 0.000000000000000000 ) ) ;
#1113 = DIRECTION ( 'NONE',  ( 1.000000000000000000, -2.016023975600421257E-16, 0.000000000000000000 ) ) ;
#1114 = VERTEX_POINT ( 'NONE', #2081 ) ;
#1115 = CARTESIAN_POINT ( 'NONE',  ( -28.07500000000000639, -62.39999999999999858, 28.89999999999999503 ) ) ;
#1116 = CARTESIAN_POINT ( 'NONE',  ( 3.864579600901409506, -73.30635178134738794, 2.299999999999999822 ) ) ;
#1117 = LINE ( 'NONE', #2396, #2213 ) ;
#1118 = VECTOR ( 'NONE', #315, 1000.000000000000000 ) ;
#1119 = ADVANCED_FACE ( 'NONE', ( #1765 ), #69, .F. ) ;
#1120 = ADVANCED_FACE ( 'NONE', ( #96 ), #1584, .F. ) ;
#1121 = ORIENTED_EDGE ( 'NONE', *, *, #428, .F. ) ;
#1122 = LINE ( 'NONE', #2026, #1824 ) ;
#1123 = ORIENTED_EDGE ( 'NONE', *, *, #1568, .T. ) ;
#1124 = CIRCLE ( 'NONE', #2093, 2.650000000000002132 ) ;
#1125 = VECTOR ( 'NONE', #2011, 1000.000000000000000 ) ;
#1126 = DIRECTION ( 'NONE',  ( 1.000000000000000000, 0.000000000000000000, 0.000000000000000000 ) ) ;
#1127 = ORIENTED_EDGE ( 'NONE', *, *, #371, .F. ) ;
#1128 = CARTESIAN_POINT ( 'NONE',  ( -26.41250000000000853, -70.29999999999999716, 12.94999999999998863 ) ) ;
#1129 = APPLICATION_CONTEXT ( 'automotive_design' ) ;
#1130 = DIRECTION ( 'NONE',  ( -1.156482317317871478E-16, -1.000000000000000000, 0.000000000000000000 ) ) ;
#1131 = ORIENTED_EDGE ( 'NONE', *, *, #587, .F. ) ;
#1132 = CARTESIAN_POINT ( 'NONE',  ( -20.00000000000000000, -80.00000000000000000, -3.000000000000000000 ) ) ;
#1133 = VERTEX_POINT ( 'NONE', #624 ) ;
#1134 = EDGE_CURVE ( 'NONE', #1430, #308, #2324, .T. ) ;
#1135 = EDGE_CURVE ( 'NONE', #1418, #1542, #2103, .T. ) ;
#1136 = DIRECTION ( 'NONE',  ( -0.3431409490534796936, -0.9392839235729936176, 0.000000000000000000 ) ) ;
#1137 = ORIENTED_EDGE ( 'NONE', *, *, #377, .T. ) ;
#1138 = DIRECTION ( 'NONE',  ( 1.000000000000000000, -1.734723475976807094E-16, 0.000000000000000000 ) ) ;
#1139 = EDGE_CURVE ( 'NONE', #1371, #558, #995, .T. ) ;
#1140 = CARTESIAN_POINT ( 'NONE',  ( -24.52500000000000568, -62.39999999999999858, 28.89999999999999503 ) ) ;
#1141 = DIRECTION ( 'NONE',  ( -1.156482317317871478E-16, -1.000000000000000000, 0.000000000000000000 ) ) ;
#1142 = ORIENTED_EDGE ( 'NONE', *, *, #1193, .F. ) ;
#1143 = DIRECTION ( 'NONE',  ( 4.276423536147513034E-48, 2.465190328815661892E-32, -1.000000000000000000 ) ) ;
#1144 = ORIENTED_EDGE ( 'NONE', *, *, #391, .T. ) ;
#1145 = LINE ( 'NONE', #986, #1817 ) ;
#1146 = ORIENTED_EDGE ( 'NONE', *, *, #20, .F. ) ;
#1147 = LINE ( 'NONE', #1732, #1216 ) ;
#1148 = CARTESIAN_POINT ( 'NONE',  ( -28.99999999999999645, -50.00000000000000000, -3.000000000000002665 ) ) ;
#1149 = CARTESIAN_POINT ( 'NONE',  ( -22.61250000000001137, -70.29999999999999716, 12.94999999999998863 ) ) ;
#1150 = VECTOR ( 'NONE', #1340, 1000.000000000000114 ) ;
#1151 = FACE_OUTER_BOUND ( 'NONE', #1774, .T. ) ;
#1152 = VERTEX_POINT ( 'NONE', #1441 ) ;
#1153 = DIRECTION ( 'NONE',  ( 0.000000000000000000, 0.000000000000000000, 1.000000000000000000 ) ) ;
#1154 = AXIS2_PLACEMENT_3D ( 'NONE', #1947, #434, #409 ) ;
#1155 = ORIENTED_EDGE ( 'NONE', *, *, #1943, .T. ) ;
#1156 = CIRCLE ( 'NONE', #113, 3.550000000000001155 ) ;
#1157 = AXIS2_PLACEMENT_3D ( 'NONE', #1571, #1375, #263 ) ;
#1158 = DIRECTION ( 'NONE',  ( -1.000000000000000000, 0.000000000000000000, 0.000000000000000000 ) ) ;
#1159 = CIRCLE ( 'NONE', #1669, 1.899999999999999023 ) ;
#1160 = ORIENTED_EDGE ( 'NONE', *, *, #1003, .F. ) ;
#1161 = AXIS2_PLACEMENT_3D ( 'NONE', #180, #7, #1141 ) ;
#1162 = CARTESIAN_POINT ( 'NONE',  ( 26.42499999999999005, -62.39999999999998437, 24.39999999999999503 ) ) ;
#1163 = DIRECTION ( 'NONE',  ( -0.000000000000000000, 1.000000000000000000, -0.000000000000000000 ) ) ;
#1164 = LINE ( 'NONE', #1566, #1806 ) ;
#1165 = EDGE_CURVE ( 'NONE', #1360, #1696, #337, .T. ) ;
#1166 = DIRECTION ( 'NONE',  ( -0.000000000000000000, -1.000000000000000000, -0.000000000000000000 ) ) ;
#1167 = ORIENTED_EDGE ( 'NONE', *, *, #1165, .T. ) ;
#1168 = LINE ( 'NONE', #1335, #2247 ) ;
#1169 = EDGE_CURVE ( 'NONE', #231, #1613, #997, .T. ) ;
#1170 = ORIENTED_EDGE ( 'NONE', *, *, #352, .F. ) ;
#1171 = EDGE_CURVE ( 'NONE', #451, #1874, #1061, .T. ) ;
#1172 = DIRECTION ( 'NONE',  ( -0.000000000000000000, -0.000000000000000000, -1.000000000000000000 ) ) ;
#1173 = VERTEX_POINT ( 'NONE', #1219 ) ;
#1174 = LINE ( 'NONE', #776, #1150 ) ;
#1175 = LINE ( 'NONE', #64, #816 ) ;
#1176 = DIRECTION ( 'NONE',  ( 1.000000000000000000, 0.000000000000000000, 0.000000000000000000 ) ) ;
#1177 = DIRECTION ( 'NONE',  ( 0.000000000000000000, 0.000000000000000000, -1.000000000000000000 ) ) ;
#1178 = ORIENTED_EDGE ( 'NONE', *, *, #707, .F. ) ;
#1179 = CARTESIAN_POINT ( 'NONE',  ( 1.470283216747640392E-15, -74.80000000000001137, 28.89999999999999503 ) ) ;
#1180 = VERTEX_POINT ( 'NONE', #163 ) ;
#1181 = EDGE_CURVE ( 'NONE', #894, #686, #2049, .T. ) ;
#1182 = COLOUR_RGB ( '',1.000000000000000000, 0.000000000000000000, 1.000000000000000000 ) ;
#1183 = VECTOR ( 'NONE', #1006, 1000.000000000000000 ) ;
#1184 = DIRECTION ( 'NONE',  ( -0.000000000000000000, -0.000000000000000000, 1.000000000000000000 ) ) ;
#1185 = ORIENTED_EDGE ( 'NONE', *, *, #1801, .T. ) ;
#1186 = CARTESIAN_POINT ( 'NONE',  ( 23.99999999999997158, -50.00000000000000000, 26.59999999999997655 ) ) ;
#1187 = DIRECTION ( 'NONE',  ( 0.7668107407454597402, -0.6418732646538563014, -0.000000000000000000 ) ) ;
#1188 = CARTESIAN_POINT ( 'NONE',  ( 7.729159201800661627, -80.00000000000106581, 0.000000000000000000 ) ) ;
#1189 = ORIENTED_EDGE ( 'NONE', *, *, #1245, .F. ) ;
#1190 = DIRECTION ( 'NONE',  ( 0.000000000000000000, 0.000000000000000000, -1.000000000000000000 ) ) ;
#1191 = ORIENTED_EDGE ( 'NONE', *, *, #127, .F. ) ;
#1192 = DIRECTION ( 'NONE',  ( -1.156482317317871478E-16, -1.000000000000000000, 0.000000000000000000 ) ) ;
#1193 = EDGE_CURVE ( 'NONE', #1643, #810, #1799, .T. ) ;
#1194 = EDGE_CURVE ( 'NONE', #1696, #698, #611, .T. ) ;
#1195 = VERTEX_POINT ( 'NONE', #881 ) ;
#1196 = CARTESIAN_POINT ( 'NONE',  ( 24.52499999999999147, -62.39999999999998437, 28.89999999999999503 ) ) ;
#1197 = ORIENTED_EDGE ( 'NONE', *, *, #1603, .T. ) ;
#1198 = DIRECTION ( 'NONE',  ( 0.7668107407455110325, 0.6418732646537950171, -0.000000000000000000 ) ) ;
#1199 = CARTESIAN_POINT ( 'NONE',  ( -20.04999999999998295, -49.99999999999998579, 28.89999999999999503 ) ) ;
#1200 = VECTOR ( 'NONE', #657, 1000.000000000000114 ) ;
#1201 = DIRECTION ( 'NONE',  ( 0.000000000000000000, 0.000000000000000000, 1.000000000000000000 ) ) ;
#1202 = ORIENTED_EDGE ( 'NONE', *, *, #2186, .T. ) ;
#1203 = AXIS2_PLACEMENT_3D ( 'NONE', #1605, #1030, #1578 ) ;
#1204 = DIRECTION ( 'NONE',  ( -1.000000000000000000, 0.000000000000000000, 0.000000000000000000 ) ) ;
#1205 = ORIENTED_EDGE ( 'NONE', *, *, #2038, .F. ) ;
#1206 = DIRECTION ( 'NONE',  ( -0.1724731828275077872, 0.9850142137072688264, -0.000000000000000000 ) ) ;
#1207 = ORIENTED_EDGE ( 'NONE', *, *, #484, .F. ) ;
#1208 = EDGE_CURVE ( 'NONE', #1751, #1248, #301, .T. ) ;
#1209 = EDGE_CURVE ( 'NONE', #838, #2291, #2277, .T. ) ;
#1210 = DIRECTION ( 'NONE',  ( -0.000000000000000000, 0.000000000000000000, -1.000000000000000000 ) ) ;
#1211 = ORIENTED_EDGE ( 'NONE', *, *, #1171, .F. ) ;
#1212 = CARTESIAN_POINT ( 'NONE',  ( 26.42499999999999005, -62.39999999999998437, 28.14999999999999503 ) ) ;
#1213 = DIRECTION ( 'NONE',  ( -1.000000000000000000, 2.016023975600421011E-16, 0.000000000000000000 ) ) ;
#1214 = DIRECTION ( 'NONE',  ( 0.000000000000000000, 0.000000000000000000, -1.000000000000000000 ) ) ;
#1215 = ORIENTED_EDGE ( 'NONE', *, *, #939, .T. ) ;
#1216 = VECTOR ( 'NONE', #211, 1000.000000000000000 ) ;
#1217 = EDGE_CURVE ( 'NONE', #1488, #589, #696, .T. ) ;
#1218 = ORIENTED_EDGE ( 'NONE', *, *, #831, .F. ) ;
#1219 = CARTESIAN_POINT ( 'NONE',  ( 8.525000000002393108, -68.52516339985629656, -3.000000000000000000 ) ) ;
#1220 = EDGE_LOOP ( 'NONE', ( #1715, #2221 ) ) ;
#1221 = EDGE_CURVE ( 'NONE', #475, #1374, #184, .T. ) ;
#1222 = VERTEX_POINT ( 'NONE', #1073 ) ;
#1223 = CARTESIAN_POINT ( 'NONE',  ( 10.69541689571983589, -89.18910239746918478, 2.299999999999999822 ) ) ;
#1224 = STYLED_ITEM ( 'NONE', ( #1835 ), #435 ) ;
#1225 = EDGE_CURVE ( 'NONE', #2255, #1965, #2192, .T. ) ;
#1226 = DIRECTION ( 'NONE',  ( -4.956352788505124811E-15, -1.000000000000000000, 0.000000000000000000 ) ) ;
#1227 = DIRECTION ( 'NONE',  ( 1.000000000000000000, 0.000000000000000000, 0.000000000000000000 ) ) ;
#1228 = ORIENTED_EDGE ( 'NONE', *, *, #2361, .T. ) ;
#1229 = DIRECTION ( 'NONE',  ( -0.000000000000000000, -1.000000000000000000, -0.000000000000000000 ) ) ;
#1230 = ORIENTED_EDGE ( 'NONE', *, *, #155, .T. ) ;
#1231 = DIRECTION ( 'NONE',  ( 1.000000000000000000, 0.000000000000000000, 0.000000000000000000 ) ) ;
#1232 = ORIENTED_EDGE ( 'NONE', *, *, #48, .F. ) ;
#1233 = ORIENTED_EDGE ( 'NONE', *, *, #532, .F. ) ;
#1234 = VECTOR ( 'NONE', #1452, 1000.000000000000000 ) ;
#1235 = VECTOR ( 'NONE', #1909, 1000.000000000000000 ) ;
#1236 = CARTESIAN_POINT ( 'NONE',  ( -20.00000000000000000, -74.80000000000001137, 4.979684464207636846E-31 ) ) ;
#1237 = CARTESIAN_POINT ( 'NONE',  ( 14.25474041071213449, -73.30000000000109139, 2.299999999999999822 ) ) ;
#1238 = CIRCLE ( 'NONE', #2364, 20.00000000000000000 ) ;
#1239 = DIRECTION ( 'NONE',  ( -0.9392839235730116032, -0.3431409490534301221, 0.000000000000000000 ) ) ;
#1240 = VERTEX_POINT ( 'NONE', #325 ) ;
#1241 = CARTESIAN_POINT ( 'NONE',  ( 2.610287666325548095, -66.14294606550781452, -42.93251095273882356 ) ) ;
#1242 = CIRCLE ( 'NONE', #1157, 2.749999999999999112 ) ;
#1243 = ORIENTED_EDGE ( 'NONE', *, *, #715, .F. ) ;
#1244 = DIRECTION ( 'NONE',  ( 0.000000000000000000, 0.000000000000000000, -1.000000000000000000 ) ) ;
#1245 = EDGE_CURVE ( 'NONE', #2302, #1374, #290, .T. ) ;
#1246 = CIRCLE ( 'NONE', #1828, 2.650000000000002132 ) ;
#1247 = AXIS2_PLACEMENT_3D ( 'NONE', #1622, #516, #204 ) ;
#1248 = VERTEX_POINT ( 'NONE', #660 ) ;
#1249 = ADVANCED_FACE ( 'NONE', ( #1812 ), #1789, .F. ) ;
#1250 = ORIENTED_EDGE ( 'NONE', *, *, #2405, .F. ) ;
#1251 = LINE ( 'NONE', #1432, #1954 ) ;
#1252 = CARTESIAN_POINT ( 'NONE',  ( 8.525000000002393108, -68.52516339985629656, -8.374011537024829366 ) ) ;
#1253 = DIRECTION ( 'NONE',  ( -0.000000000000000000, -1.000000000000000000, -0.000000000000000000 ) ) ;
#1254 = EDGE_LOOP ( 'NONE', ( #1048, #240, #1302, #890 ) ) ;
#1255 = CARTESIAN_POINT ( 'NONE',  ( -5.000000000000001776, -80.00000000000000000, -17.14213562373095812 ) ) ;
#1256 = EDGE_LOOP ( 'NONE', ( #196, #757, #1758, #538 ) ) ;
#1257 = CARTESIAN_POINT ( 'NONE',  ( 5.000000000000001776, -80.00000000000000000, -17.14213562373095812 ) ) ;
#1258 = EDGE_LOOP ( 'NONE', ( #681, #1035 ) ) ;
#1259 = DIRECTION ( 'NONE',  ( 1.000000000000000000, 0.000000000000000000, 0.000000000000000000 ) ) ;
#1260 = ORIENTED_EDGE ( 'NONE', *, *, #1291, .T. ) ;
#1261 = EDGE_CURVE ( 'NONE', #463, #1975, #524, .T. ) ;
#1262 = CARTESIAN_POINT ( 'NONE',  ( 22.62499999999999289, -62.39999999999998437, 24.39999999999999503 ) ) ;
#1263 = FACE_OUTER_BOUND ( 'NONE', #1682, .T. ) ;
#1264 = LINE ( 'NONE', #837, #501 ) ;
#1265 = ORIENTED_EDGE ( 'NONE', *, *, #2038, .T. ) ;
#1266 = CARTESIAN_POINT ( 'NONE',  ( -24.00000000000002842, -50.00000000000000000, 26.59999999999996945 ) ) ;
#1267 = SURFACE_STYLE_USAGE ( .BOTH. , #1107 ) ;
#1268 = CARTESIAN_POINT ( 'NONE',  ( -28.99999999999999645, -50.00000000000000000, 28.89999999999999503 ) ) ;
#1269 = VECTOR ( 'NONE', #2178, 1000.000000000000000 ) ;
#1270 = EDGE_LOOP ( 'NONE', ( #1469, #2362, #2068, #1496 ) ) ;
#1271 = FACE_BOUND ( 'NONE', #1925, .T. ) ;
#1272 = ADVANCED_FACE ( 'NONE', ( #2350, #857 ), #685, .T. ) ;
#1273 = CIRCLE ( 'NONE', #452, 2.649999999999995914 ) ;
#1274 = CARTESIAN_POINT ( 'NONE',  ( -24.52500000000000568, -62.39999999999999858, 28.14999999999999503 ) ) ;
#1275 = DIRECTION ( 'NONE',  ( 0.000000000000000000, 0.000000000000000000, 1.000000000000000000 ) ) ;
#1276 = ORIENTED_EDGE ( 'NONE', *, *, #450, .F. ) ;
#1277 = EDGE_CURVE ( 'NONE', #2291, #838, #930, .T. ) ;
#1278 = CARTESIAN_POINT ( 'NONE',  ( -2.610287666324261568, -93.85705393449291023, 2.299999999999999822 ) ) ;
#1279 = VECTOR ( 'NONE', #2084, 1000.000000000000000 ) ;
#1280 = CARTESIAN_POINT ( 'NONE',  ( -20.00000000000000000, -80.00000000000000000, 2.299999999999999822 ) ) ;
#1281 = AXIS2_PLACEMENT_3D ( 'NONE', #254, #896, #481 ) ;
#1282 = EDGE_LOOP ( 'NONE', ( #416, #787 ) ) ;
#1283 = AXIS2_PLACEMENT_3D ( 'NONE', #443, #990, #431 ) ;
#1284 = LINE ( 'NONE', #1953, #462 ) ;
#1285 = VECTOR ( 'NONE', #864, 1000.000000000000000 ) ;
#1286 = CARTESIAN_POINT ( 'NONE',  ( -28.07500000000000639, -62.39999999999999858, 28.14999999999999503 ) ) ;
#1287 = ORIENTED_EDGE ( 'NONE', *, *, #1014, .F. ) ;
#1288 = DIRECTION ( 'NONE',  ( 0.7668107407454596292, -0.6418732646538563014, 0.000000000000000000 ) ) ;
#1289 = DIRECTION ( 'NONE',  ( 0.000000000000000000, -1.000000000000000000, 0.000000000000000000 ) ) ;
#1290 = CARTESIAN_POINT ( 'NONE',  ( 20.00000000000000000, -80.00000000000000000, -53.00000000000000711 ) ) ;
#1291 = EDGE_CURVE ( 'NONE', #1310, #1173, #2289, .T. ) ;
#1292 = ORIENTED_EDGE ( 'NONE', *, *, #743, .T. ) ;
#1293 = DIRECTION ( 'NONE',  ( -0.000000000000000000, -0.000000000000000000, 1.000000000000000000 ) ) ;
#1294 = EDGE_CURVE ( 'NONE', #748, #545, #1108, .T. ) ;
#1295 = FACE_OUTER_BOUND ( 'NONE', #1726, .T. ) ;
#1296 = DIRECTION ( 'NONE',  ( -0.000000000000000000, -0.000000000000000000, 1.000000000000000000 ) ) ;
#1297 = EDGE_LOOP ( 'NONE', ( #38, #1582 ) ) ;
#1298 = CARTESIAN_POINT ( 'NONE',  ( 6.874999999998321343, -91.90784930203709280, -8.374011537024829366 ) ) ;
#1299 = EDGE_CURVE ( 'NONE', #2120, #913, #191, .T. ) ;
#1300 =( NAMED_UNIT ( * ) SI_UNIT ( $, .STERADIAN. ) SOLID_ANGLE_UNIT ( ) );
#1301 = CARTESIAN_POINT ( 'NONE',  ( 23.99999999999997158, -59.00000000000000711, 11.09999999999997833 ) ) ;
#1302 = ORIENTED_EDGE ( 'NONE', *, *, #1743, .F. ) ;
#1303 = CARTESIAN_POINT ( 'NONE',  ( -13.30570456204345930, -84.66795153702405230, 0.000000000000000000 ) ) ;
#1304 = CYLINDRICAL_SURFACE ( 'NONE', #218, 2.649999999999994582 ) ;
#1305 = ORIENTED_EDGE ( 'NONE', *, *, #1014, .T. ) ;
#1306 = FACE_OUTER_BOUND ( 'NONE', #1830, .T. ) ;
#1307 =( NAMED_UNIT ( * ) PLANE_ANGLE_UNIT ( ) SI_UNIT ( $, .RADIAN. ) );
#1308 = CARTESIAN_POINT ( 'NONE',  ( 20.00000000000000000, -74.80000000000001137, -3.000000000000002665 ) ) ;
#1309 = EDGE_CURVE ( 'NONE', #1418, #2255, #1679, .T. ) ;
#1310 = VERTEX_POINT ( 'NONE', #1666 ) ;
#1311 = CARTESIAN_POINT ( 'NONE',  ( -24.52500000000000568, -62.39999999999999858, 24.39999999999999503 ) ) ;
#1312 = AXIS2_PLACEMENT_3D ( 'NONE', #366, #543, #167 ) ;
#1313 = ORIENTED_EDGE ( 'NONE', *, *, #613, .F. ) ;
#1314 = VECTOR ( 'NONE', #1853, 1000.000000000000000 ) ;
#1315 = CIRCLE ( 'NONE', #265, 2.749999999999999112 ) ;
#1316 = VECTOR ( 'NONE', #673, 1000.000000000000114 ) ;
#1317 = EDGE_CURVE ( 'NONE', #533, #800, #1117, .T. ) ;
#1318 = CARTESIAN_POINT ( 'NONE',  ( 0.000000000000000000, -80.00000000000000000, -3.000000000000000000 ) ) ;
#1319 = AXIS2_PLACEMENT_3D ( 'NONE', #80, #1555, #258 ) ;
#1320 = ORIENTED_EDGE ( 'NONE', *, *, #20, .T. ) ;
#1321 = DIRECTION ( 'NONE',  ( 0.9392839235730122693, 0.3431409490534283457, 0.000000000000000000 ) ) ;
#1322 = FACE_BOUND ( 'NONE', #2375, .T. ) ;
#1323 = CARTESIAN_POINT ( 'NONE',  ( 20.04999999999995808, -74.80000000000001137, 28.89999999999999503 ) ) ;
#1324 = EDGE_LOOP ( 'NONE', ( #2295, #1075 ) ) ;
#1325 = CARTESIAN_POINT ( 'NONE',  ( -3.864579600900127865, -86.69364821865332260, -42.93251095273882356 ) ) ;
#1326 = VERTEX_POINT ( 'NONE', #912 ) ;
#1327 = VECTOR ( 'NONE', #1288, 1000.000000000000000 ) ;
#1328 = PLANE ( 'NONE',  #1740 ) ;
#1329 = ORIENTED_EDGE ( 'NONE', *, *, #2057, .F. ) ;
#1330 = LINE ( 'NONE', #1162, #2201 ) ;
#1331 = LINE ( 'NONE', #579, #383 ) ;
#1332 = DIRECTION ( 'NONE',  ( -1.000000000000000000, 0.000000000000000000, 0.000000000000000000 ) ) ;
#1333 = CARTESIAN_POINT ( 'NONE',  ( -24.00000000000002842, -59.00000000000000711, 21.09999999999997300 ) ) ;
#1334 = VERTEX_POINT ( 'NONE', #753 ) ;
#1335 = CARTESIAN_POINT ( 'NONE',  ( 3.864579600901409506, -73.30635178134738794, 2.299999999999999822 ) ) ;
#1336 = ORIENTED_EDGE ( 'NONE', *, *, #2100, .T. ) ;
#1337 = VECTOR ( 'NONE', #716, 1000.000000000000000 ) ;
#1338 = LINE ( 'NONE', #942, #1279 ) ;
#1339 = ORIENTED_EDGE ( 'NONE', *, *, #406, .F. ) ;
#1340 = DIRECTION ( 'NONE',  ( -0.1724731828275600509, -0.9850142137072596116, -0.000000000000000000 ) ) ;
#1341 = CARTESIAN_POINT ( 'NONE',  ( 23.99999999999997158, -50.00000000000000000, 23.84999999999998010 ) ) ;
#1342 = ADVANCED_FACE ( 'NONE', ( #935 ), #2200, .T. ) ;
#1343 = PLANE ( 'NONE',  #1574 ) ;
#1344 = DIRECTION ( 'NONE',  ( 0.000000000000000000, 0.000000000000000000, 1.000000000000000000 ) ) ;
#1345 = EDGE_CURVE ( 'NONE', #1133, #475, #16, .T. ) ;
#1346 = ORIENTED_EDGE ( 'NONE', *, *, #1209, .F. ) ;
#1347 = CARTESIAN_POINT ( 'NONE',  ( 20.00000000000000000, -80.00000000000000000, 2.299999999999999822 ) ) ;
#1348 = VECTOR ( 'NONE', #2013, 1000.000000000000000 ) ;
#1349 = AXIS2_PLACEMENT_3D ( 'NONE', #594, #1190, #248 ) ;
#1350 = ORIENTED_EDGE ( 'NONE', *, *, #2225, .T. ) ;
#1351 = AXIS2_PLACEMENT_3D ( 'NONE', #664, #905, #339 ) ;
#1352 = AXIS2_PLACEMENT_3D ( 'NONE', #1476, #354, #183 ) ;
#1353 = CARTESIAN_POINT ( 'NONE',  ( -20.04999999999998295, -49.99999999999998579, 28.89999999999999503 ) ) ;
#1354 = VECTOR ( 'NONE', #1882, 1000.000000000000000 ) ;
#1355 = ORIENTED_EDGE ( 'NONE', *, *, #2308, .F. ) ;
#1356 = CARTESIAN_POINT ( 'NONE',  ( 22.62499999999999289, -62.39999999999998437, 24.39999999999999503 ) ) ;
#1357 = LINE ( 'NONE', #790, #1745 ) ;
#1358 = LINE ( 'NONE', #432, #951 ) ;
#1359 = CARTESIAN_POINT ( 'NONE',  ( 24.52499999999999147, -62.39999999999998437, 28.14999999999999503 ) ) ;
#1360 = VERTEX_POINT ( 'NONE', #567 ) ;
#1361 = DIRECTION ( 'NONE',  ( -0.9392839235730116032, -0.3431409490534301221, 0.000000000000000000 ) ) ;
#1362 = EDGE_CURVE ( 'NONE', #1880, #253, #2411, .T. ) ;
#1363 = ORIENTED_EDGE ( 'NONE', *, *, #2156, .F. ) ;
#1364 = APPLICATION_PROTOCOL_DEFINITION ( 'draft international standard', 'automotive_design', 1998, #1086 ) ;
#1365 = DIRECTION ( 'NONE',  ( -0.000000000000000000, 1.000000000000000000, -0.000000000000000000 ) ) ;
#1366 = ORIENTED_EDGE ( 'NONE', *, *, #1988, .F. ) ;
#1367 = LINE ( 'NONE', #1564, #334 ) ;
#1368 = CARTESIAN_POINT ( 'NONE',  ( 23.99999999999997158, -59.00000000000000711, 21.09999999999998010 ) ) ;
#1369 = ADVANCED_FACE ( 'NONE', ( #766, #2236 ), #2067, .F. ) ;
#1370 = LINE ( 'NONE', #991, #581 ) ;
#1371 = VERTEX_POINT ( 'NONE', #171 ) ;
#1372 = EDGE_CURVE ( 'NONE', #553, #1859, #1687, .T. ) ;
#1373 = CARTESIAN_POINT ( 'NONE',  ( -26.42500000000000426, -62.39999999999999858, 28.14999999999999503 ) ) ;
#1374 = VERTEX_POINT ( 'NONE', #557 ) ;
#1375 = DIRECTION ( 'NONE',  ( -0.000000000000000000, -1.000000000000000000, -0.000000000000000000 ) ) ;
#1376 = VERTEX_POINT ( 'NONE', #1308 ) ;
#1377 = CIRCLE ( 'NONE', #210, 2.749999999999999112 ) ;
#1378 = DIRECTION ( 'NONE',  ( -0.6418732646538347630, 0.7668107407454777258, 0.000000000000000000 ) ) ;
#1379 = ORIENTED_EDGE ( 'NONE', *, *, #1627, .T. ) ;
#1380 = CARTESIAN_POINT ( 'NONE',  ( -20.96250000000001279, -74.04999999999999716, 12.94999999999998863 ) ) ;
#1381 = FACE_OUTER_BOUND ( 'NONE', #292, .T. ) ;
#1382 = CARTESIAN_POINT ( 'NONE',  ( -6.625000000000182965, -68.52516339985206173, -3.000000000000000000 ) ) ;
#1383 = ORIENTED_EDGE ( 'NONE', *, *, #2055, .T. ) ;
#1384 = PLANE ( 'NONE',  #185 ) ;
#1385 = ADVANCED_FACE ( 'NONE', ( #1472 ), #730, .F. ) ;
#1386 = ORIENTED_EDGE ( 'NONE', *, *, #1952, .T. ) ;
#1387 = CIRCLE ( 'NONE', #767, 2.749999999999999112 ) ;
#1388 = LINE ( 'NONE', #1011, #2132 ) ;
#1389 = ADVANCED_FACE ( 'NONE', ( #1098, #2384, #548, #1863, #2033, #385 ), #721, .T. ) ;
#1390 = ORIENTED_EDGE ( 'NONE', *, *, #955, .T. ) ;
#1391 = CIRCLE ( 'NONE', #1979, 3.550000000000001155 ) ;
#1392 = CARTESIAN_POINT ( 'NONE',  ( -29.00000000000000000, -74.79999999999999716, 4.979684464207636846E-31 ) ) ;
#1393 = VECTOR ( 'NONE', #608, 1000.000000000000000 ) ;
#1394 = ORIENTED_EDGE ( 'NONE', *, *, #2001, .F. ) ;
#1395 = EDGE_CURVE ( 'NONE', #308, #2386, #1638, .T. ) ;
#1396 = DIRECTION ( 'NONE',  ( -0.6418732646538563014, -0.7668107407454596292, 0.000000000000000000 ) ) ;
#1397 = AXIS2_PLACEMENT_3D ( 'NONE', #2098, #1517, #1906 ) ;
#1398 = CARTESIAN_POINT ( 'NONE',  ( 29.00000000000000355, -50.00000000000000000, 28.89999999999999503 ) ) ;
#1399 = DIRECTION ( 'NONE',  ( -0.000000000000000000, -0.000000000000000000, -1.000000000000000000 ) ) ;
#1400 = VERTEX_POINT ( 'NONE', #1301 ) ;
#1401 = CIRCLE ( 'NONE', #345, 2.649999999999994582 ) ;
#1402 = CARTESIAN_POINT ( 'NONE',  ( -24.51250000000000995, -70.29999999999999716, 12.94999999999998863 ) ) ;
#1403 = ORIENTED_EDGE ( 'NONE', *, *, #839, .T. ) ;
#1404 = CARTESIAN_POINT ( 'NONE',  ( -24.51250000000000995, -74.04999999999999716, 12.94999999999998863 ) ) ;
#1405 = AXIS2_PLACEMENT_3D ( 'NONE', #593, #803, #41 ) ;
#1406 = EDGE_CURVE ( 'NONE', #24, #1772, #469, .T. ) ;
#1407 = ORIENTED_EDGE ( 'NONE', *, *, #831, .T. ) ;
#1408 = DIRECTION ( 'NONE',  ( -0.7668107407454777258, -0.6418732646538347630, 0.000000000000000000 ) ) ;
#1409 = VERTEX_POINT ( 'NONE', #580 ) ;
#1410 = LINE ( 'NONE', #1614, #2115 ) ;
#1411 = DIRECTION ( 'NONE',  ( -1.000000000000000000, 4.956352788505157154E-15, 0.000000000000000000 ) ) ;
#1412 = DIRECTION ( 'NONE',  ( 0.000000000000000000, 0.000000000000000000, -1.000000000000000000 ) ) ;
#1413 = ORIENTED_EDGE ( 'NONE', *, *, #1677, .T. ) ;
#1414 = AXIS2_PLACEMENT_3D ( 'NONE', #1747, #2276, #1697 ) ;
#1415 = DIRECTION ( 'NONE',  ( -2.016023975600421011E-16, -1.000000000000000000, -1.232595164407830946E-32 ) ) ;
#1416 = LINE ( 'NONE', #2373, #1316 ) ;
#1417 = DIRECTION ( 'NONE',  ( 0.000000000000000000, 0.000000000000000000, -1.000000000000000000 ) ) ;
#1418 = VERTEX_POINT ( 'NONE', #1323 ) ;
#1419 = EDGE_LOOP ( 'NONE', ( #1852, #487, #1363, #1189 ) ) ;
#1420 = FACE_BOUND ( 'NONE', #631, .T. ) ;
#1421 = PRODUCT_DEFINITION_FORMATION_WITH_SPECIFIED_SOURCE ( 'ANY', '', #822, .NOT_KNOWN. ) ;
#1422 = ADVANCED_FACE ( 'NONE', ( #1907 ), #2280, .F. ) ;
#1423 = DIRECTION ( 'NONE',  ( -0.000000000000000000, -0.000000000000000000, 1.000000000000000000 ) ) ;
#1424 = CARTESIAN_POINT ( 'NONE',  ( -29.00000000000000000, -74.79999999999999716, 28.89999999999999503 ) ) ;
#1425 = ORIENTED_EDGE ( 'NONE', *, *, #75, .T. ) ;
#1426 = CARTESIAN_POINT ( 'NONE',  ( 29.00000000000000355, -50.00000000000000000, -3.000000000000002665 ) ) ;
#1427 = DIRECTION ( 'NONE',  ( -1.000000000000000000, 0.000000000000000000, 0.000000000000000000 ) ) ;
#1428 = DIRECTION ( 'NONE',  ( -1.000000000000000000, 2.016023975600421011E-16, 0.000000000000000000 ) ) ;
#1429 = EDGE_CURVE ( 'NONE', #1534, #885, #161, .T. ) ;
#1430 = VERTEX_POINT ( 'NONE', #1188 ) ;
#1431 = ORIENTED_EDGE ( 'NONE', *, *, #792, .T. ) ;
#1432 = CARTESIAN_POINT ( 'NONE',  ( -10.69541689571855159, -70.81089760253152576, 2.299999999999999822 ) ) ;
#1433 = PLANE ( 'NONE',  #33 ) ;
#1434 = AXIS2_PLACEMENT_3D ( 'NONE', #626, #2290, #401 ) ;
#1435 = FACE_OUTER_BOUND ( 'NONE', #249, .T. ) ;
#1436 = VERTEX_POINT ( 'NONE', #971 ) ;
#1437 = DIRECTION ( 'NONE',  ( 0.6418732646538136688, 0.7668107407454953783, 0.000000000000000000 ) ) ;
#1438 = CIRCLE ( 'NONE', #1547, 2.649999999999997691 ) ;
#1439 = CIRCLE ( 'NONE', #1742, 2.650000000000002132 ) ;
#1440 = CARTESIAN_POINT ( 'NONE',  ( -2.610287666322975486, -66.14294606550778610, -42.93251095273882356 ) ) ;
#1441 = CARTESIAN_POINT ( 'NONE',  ( 13.30570456204409702, -84.66795153702517496, 0.000000000000000000 ) ) ;
#1442 = CIRCLE ( 'NONE', #1008, 1.899999999999999023 ) ;
#1443 = ORIENTED_EDGE ( 'NONE', *, *, #666, .F. ) ;
#1444 = EDGE_CURVE ( 'NONE', #1490, #1981, #780, .T. ) ;
#1445 = DIRECTION ( 'NONE',  ( -0.000000000000000000, -0.000000000000000000, -1.000000000000000000 ) ) ;
#1446 = CARTESIAN_POINT ( 'NONE',  ( 1.470283216747640392E-15, -74.80000000000001137, 28.89999999999999503 ) ) ;
#1447 = DIRECTION ( 'NONE',  ( 0.000000000000000000, 0.000000000000000000, 1.000000000000000000 ) ) ;
#1448 = EDGE_LOOP ( 'NONE', ( #610, #1276 ) ) ;
#1449 = CARTESIAN_POINT ( 'NONE',  ( 10.69541689571983589, -89.18910239746918478, 0.000000000000000000 ) ) ;
#1450 = EDGE_CURVE ( 'NONE', #2120, #303, #1370, .T. ) ;
#1451 = ORIENTED_EDGE ( 'NONE', *, *, #1477, .T. ) ;
#1452 = DIRECTION ( 'NONE',  ( 1.000000000000000000, 7.752954082577896804E-16, 0.000000000000000000 ) ) ;
#1453 = EDGE_CURVE ( 'NONE', #1981, #231, #1734, .T. ) ;
#1454 = ORIENTED_EDGE ( 'NONE', *, *, #862, .T. ) ;
#1455 = DIRECTION ( 'NONE',  ( 0.000000000000000000, 0.000000000000000000, 1.000000000000000000 ) ) ;
#1456 = DIRECTION ( 'NONE',  ( -0.000000000000000000, -0.000000000000000000, 1.000000000000000000 ) ) ;
#1457 = EDGE_LOOP ( 'NONE', ( #1232, #1598, #1691, #954 ) ) ;
#1458 = FACE_OUTER_BOUND ( 'NONE', #512, .T. ) ;
#1459 = CIRCLE ( 'NONE', #2391, 1.899999999999098632 ) ;
#1460 = CARTESIAN_POINT ( 'NONE',  ( 13.30570456204473651, -75.33204846297665824, 2.299999999999999822 ) ) ;
#1461 = DIRECTION ( 'NONE',  ( -0.000000000000000000, -0.000000000000000000, -1.000000000000000000 ) ) ;
#1462 = EDGE_CURVE ( 'NONE', #1643, #19, #2099, .T. ) ;
#1463 = ORIENTED_EDGE ( 'NONE', *, *, #871, .T. ) ;
#1464 = FACE_BOUND ( 'NONE', #1918, .T. ) ;
#1465 =( NAMED_UNIT ( * ) PLANE_ANGLE_UNIT ( ) SI_UNIT ( $, .RADIAN. ) );
#1466 = DIRECTION ( 'NONE',  ( 1.000000000000000000, 0.000000000000000000, 0.000000000000000000 ) ) ;
#1467 = CIRCLE ( 'NONE', #2400, 5.000000000000001776 ) ;
#1468 = AXIS2_PLACEMENT_3D ( 'NONE', #1873, #2216, #2053 ) ;
#1469 = ORIENTED_EDGE ( 'NONE', *, *, #1988, .T. ) ;
#1470 = LINE ( 'NONE', #2233, #2261 ) ;
#1471 = CARTESIAN_POINT ( 'NONE',  ( 4.974999999998320988, -91.90784930203709280, -3.000000000000000000 ) ) ;
#1472 = FACE_OUTER_BOUND ( 'NONE', #677, .T. ) ;
#1473 = CIRCLE ( 'NONE', #2208, 3.550000000000001155 ) ;
#1474 = ORIENTED_EDGE ( 'NONE', *, *, #1169, .T. ) ;
#1475 = CLOSED_SHELL ( 'NONE', ( #1647, #1753, #668, #984, #328, #1520, #1573, #2377, #603, #916, #540, #2234, #632, #1042, #2009, #2130, #2305, #1385, #1698, #1342, #1886, #782, #88, #2283, #1389, #1991, #1509, #98, #2385, #268, #1249, #1657, #355, #1369, #408, #2273, #1878, #1688, #2047, #74, #785, #609, #2071, #1607, #344, #360, #2105, #2388, #489, #197, #1119, #1620, #2072, #455, #1422, #1272, #1903, #2210, #1899, #690, #342, #400, #1928, #966, #712, #1854, #571, #1, #46, #1642, #818, #2253, #517, #514, #1525, #1851, #1961, #1120 ) ) ;
#1476 = CARTESIAN_POINT ( 'NONE',  ( -24.51250000000001350, -74.79999999999999716, 12.94999999999998863 ) ) ;
#1477 = EDGE_CURVE ( 'NONE', #885, #1409, #28, .T. ) ;
#1478 = VECTOR ( 'NONE', #1130, 1000.000000000000000 ) ;
#1479 = EDGE_CURVE ( 'NONE', #1772, #24, #1831, .T. ) ;
#1480 = DIRECTION ( 'NONE',  ( 0.000000000000000000, 0.000000000000000000, 1.000000000000000000 ) ) ;
#1481 = LINE ( 'NONE', #1446, #1506 ) ;
#1482 = ORIENTED_EDGE ( 'NONE', *, *, #1601, .T. ) ;
#1483 = CARTESIAN_POINT ( 'NONE',  ( -28.06250000000001421, -74.79999999999999716, 12.94999999999998863 ) ) ;
#1484 = DIRECTION ( 'NONE',  ( 0.000000000000000000, 0.000000000000000000, 1.000000000000000000 ) ) ;
#1485 = DIRECTION ( 'NONE',  ( -1.000000000000000000, -5.236901059552630043E-15, 0.000000000000000000 ) ) ;
#1486 = ORIENTED_EDGE ( 'NONE', *, *, #1444, .T. ) ;
#1487 = CARTESIAN_POINT ( 'NONE',  ( -4.725000000001084111, -68.52516339985206173, -3.000000000000000000 ) ) ;
#1488 = VERTEX_POINT ( 'NONE', #1713 ) ;
#1489 = CYLINDRICAL_SURFACE ( 'NONE', #2401, 3.550000000000001155 ) ;
#1490 = VERTEX_POINT ( 'NONE', #1149 ) ;
#1491 = EDGE_CURVE ( 'NONE', #1020, #1400, #703, .T. ) ;
#1492 = CARTESIAN_POINT ( 'NONE',  ( 1.470283216747640392E-15, -74.80000000000001137, -3.000000000000002665 ) ) ;
#1493 = CARTESIAN_POINT ( 'NONE',  ( 20.00000000000000000, -80.00000000000000000, 2.299999999999999822 ) ) ;
#1494 = ORIENTED_EDGE ( 'NONE', *, *, #270, .T. ) ;
#1495 = CYLINDRICAL_SURFACE ( 'NONE', #1508, 2.749999999999999112 ) ;
#1496 = ORIENTED_EDGE ( 'NONE', *, *, #2183, .F. ) ;
#1497 = EDGE_CURVE ( 'NONE', #884, #1889, #1092, .T. ) ;
#1498 = AXIS2_PLACEMENT_3D ( 'NONE', #2303, #1929, #1553 ) ;
#1499 = CARTESIAN_POINT ( 'NONE',  ( 2.610287666324261568, -93.85705393449291023, -42.93251095273882356 ) ) ;
#1500 = ORIENTED_EDGE ( 'NONE', *, *, #1450, .T. ) ;
#1501 = LINE ( 'NONE', #1871, #1825 ) ;
#1502 = CARTESIAN_POINT ( 'NONE',  ( 0.000000000000000000, -80.00000000000000000, -3.000000000000000000 ) ) ;
#1503 = AXIS2_PLACEMENT_3D ( 'NONE', #177, #1856, #740 ) ;
#1504 = ORIENTED_EDGE ( 'NONE', *, *, #2331, .F. ) ;
#1505 = DIRECTION ( 'NONE',  ( 1.000000000000000000, 0.000000000000000000, 0.000000000000000000 ) ) ;
#1506 = VECTOR ( 'NONE', #1113, 1000.000000000000000 ) ;
#1507 = ORIENTED_EDGE ( 'NONE', *, *, #808, .T. ) ;
#1508 = AXIS2_PLACEMENT_3D ( 'NONE', #1110, #734, #2218 ) ;
#1509 = ADVANCED_FACE ( 'NONE', ( #1530 ), #779, .F. ) ;
#1510 = VECTOR ( 'NONE', #1972, 1000.000000000000000 ) ;
#1511 = AXIS2_PLACEMENT_3D ( 'NONE', #1892, #957, #2066 ) ;
#1512 = CARTESIAN_POINT ( 'NONE',  ( 0.000000000000000000, 0.000000000000000000, 0.000000000000000000 ) ) ;
#1513 = CARTESIAN_POINT ( 'NONE',  ( -24.52500000000000568, -62.39999999999999858, 28.89999999999999503 ) ) ;
#1514 = VECTOR ( 'NONE', #1945, 1000.000000000000000 ) ;
#1515 = ORIENTED_EDGE ( 'NONE', *, *, #873, .F. ) ;
#1516 = CARTESIAN_POINT ( 'NONE',  ( 20.00000000000000000, -74.80000000000001137, -3.000000000000002665 ) ) ;
#1517 = DIRECTION ( 'NONE',  ( -0.000000000000000000, -0.000000000000000000, 1.000000000000000000 ) ) ;
#1518 = CARTESIAN_POINT ( 'NONE',  ( 24.52499999999999147, -62.39999999999998437, 24.39999999999999503 ) ) ;
#1519 = CARTESIAN_POINT ( 'NONE',  ( -5.000000000000001776, -80.00000000000000000, 0.000000000000000000 ) ) ;
#1520 = ADVANCED_FACE ( 'NONE', ( #2268 ), #2110, .F. ) ;
#1521 = EDGE_LOOP ( 'NONE', ( #188, #1814, #856, #794 ) ) ;
#1522 = CARTESIAN_POINT ( 'NONE',  ( -24.00000000000002842, -59.00000000000000711, 26.59999999999996945 ) ) ;
#1523 = AXIS2_PLACEMENT_3D ( 'NONE', #910, #382, #348 ) ;
#1524 = EDGE_CURVE ( 'NONE', #1534, #300, #2294, .T. ) ;
#1525 = ADVANCED_FACE ( 'NONE', ( #605 ), #1343, .F. ) ;
#1526 = DIRECTION ( 'NONE',  ( 0.000000000000000000, 0.000000000000000000, -1.000000000000000000 ) ) ;
#1527 = ORIENTED_EDGE ( 'NONE', *, *, #796, .T. ) ;
#1528 = DIRECTION ( 'NONE',  ( 0.000000000000000000, 0.000000000000000000, -1.000000000000000000 ) ) ;
#1529 = CARTESIAN_POINT ( 'NONE',  ( 20.97499999999999076, -62.39999999999998437, 28.89999999999999503 ) ) ;
#1530 = FACE_OUTER_BOUND ( 'NONE', #847, .T. ) ;
#1531 = CARTESIAN_POINT ( 'NONE',  ( 8.774999999998321698, -91.90784930203709280, 2.299999999999999822 ) ) ;
#1532 = ORIENTED_EDGE ( 'NONE', *, *, #1627, .F. ) ;
#1533 = DIRECTION ( 'NONE',  ( 1.000000000000000000, 0.000000000000000000, 0.000000000000000000 ) ) ;
#1534 = VERTEX_POINT ( 'NONE', #1723 ) ;
#1535 = FACE_OUTER_BOUND ( 'NONE', #1457, .T. ) ;
#1536 = ORIENTED_EDGE ( 'NONE', *, *, #406, .T. ) ;
#1537 = LINE ( 'NONE', #1915, #650 ) ;
#1538 = EDGE_CURVE ( 'NONE', #1020, #2412, #2088, .T. ) ;
#1539 = DIRECTION ( 'NONE',  ( 0.1724731828275078982, 0.9850142137072687154, -0.000000000000000000 ) ) ;
#1540 = DIRECTION ( 'NONE',  ( 0.9392839235729935066, -0.3431409490534797491, -0.000000000000000000 ) ) ;
#1541 = CARTESIAN_POINT ( 'NONE',  ( -3.864579600899064271, -73.30635178134640739, 0.000000000000000000 ) ) ;
#1542 = VERTEX_POINT ( 'NONE', #1750 ) ;
#1543 = DIRECTION ( 'NONE',  ( 0.7668107407455110325, 0.6418732646537949060, 0.000000000000000000 ) ) ;
#1544 = AXIS2_PLACEMENT_3D ( 'NONE', #674, #136, #1417 ) ;
#1545 = VECTOR ( 'NONE', #1447, 1000.000000000000000 ) ;
#1546 = ORIENTED_EDGE ( 'NONE', *, *, #1165, .F. ) ;
#1547 = AXIS2_PLACEMENT_3D ( 'NONE', #2227, #1875, #569 ) ;
#1548 = EDGE_CURVE ( 'NONE', #1874, #2347, #1164, .T. ) ;
#1549 = EDGE_CURVE ( 'NONE', #426, #659, #1358, .T. ) ;
#1550 = FACE_OUTER_BOUND ( 'NONE', #262, .T. ) ;
#1551 = VECTOR ( 'NONE', #1484, 1000.000000000000000 ) ;
#1552 = ORIENTED_EDGE ( 'NONE', *, *, #181, .T. ) ;
#1553 = DIRECTION ( 'NONE',  ( 1.000000000000000000, 0.000000000000000000, 0.000000000000000000 ) ) ;
#1554 = LINE ( 'NONE', #1368, #190 ) ;
#1555 = DIRECTION ( 'NONE',  ( 0.000000000000000000, 0.000000000000000000, 1.000000000000000000 ) ) ;
#1556 = ORIENTED_EDGE ( 'NONE', *, *, #1181, .T. ) ;
#1557 = DIRECTION ( 'NONE',  ( 1.000000000000000000, 0.000000000000000000, 0.000000000000000000 ) ) ;
#1558 = ORIENTED_EDGE ( 'NONE', *, *, #1453, .T. ) ;
#1559 = DIRECTION ( 'NONE',  ( -1.000000000000000000, 0.000000000000000000, 0.000000000000000000 ) ) ;
#1560 = ORIENTED_EDGE ( 'NONE', *, *, #2245, .T. ) ;
#1561 = CARTESIAN_POINT ( 'NONE',  ( 0.000000000000000000, -93.39999999999999147, 2.299999999999999822 ) ) ;
#1562 = ORIENTED_EDGE ( 'NONE', *, *, #1923, .T. ) ;
#1563 = EDGE_CURVE ( 'NONE', #2015, #883, #2116, .T. ) ;
#1564 = CARTESIAN_POINT ( 'NONE',  ( -20.04999999999998295, -49.99999999999998579, 28.89999999999999503 ) ) ;
#1565 = DIRECTION ( 'NONE',  ( -1.000000000000000000, 0.000000000000000000, 0.000000000000000000 ) ) ;
#1566 = CARTESIAN_POINT ( 'NONE',  ( 10.69541689571983589, -89.18910239746918478, 2.299999999999999822 ) ) ;
#1567 = EDGE_LOOP ( 'NONE', ( #586, #1260, #2371, #2029 ) ) ;
#1568 = EDGE_CURVE ( 'NONE', #367, #8, #1019, .T. ) ;
#1569 = DIRECTION ( 'NONE',  ( -0.7668107407454777258, -0.6418732646538347630, -0.000000000000000000 ) ) ;
#1570 = ORIENTED_EDGE ( 'NONE', *, *, #582, .T. ) ;
#1571 = CARTESIAN_POINT ( 'NONE',  ( 23.99999999999997158, -50.00000000000000000, 23.84999999999998010 ) ) ;
#1572 = EDGE_LOOP ( 'NONE', ( #1527, #508, #1346, #936 ) ) ;
#1573 = ADVANCED_FACE ( 'NONE', ( #1970 ), #1808, .F. ) ;
#1574 = AXIS2_PLACEMENT_3D ( 'NONE', #54, #2077, #444 ) ;
#1575 = DIRECTION ( 'NONE',  ( 1.000000000000000000, 0.000000000000000000, 0.000000000000000000 ) ) ;
#1576 = ORIENTED_EDGE ( 'NONE', *, *, #962, .T. ) ;
#1577 = DIRECTION ( 'NONE',  ( -0.000000000000000000, -1.000000000000000000, -0.000000000000000000 ) ) ;
#1578 = DIRECTION ( 'NONE',  ( -1.000000000000000000, 0.000000000000000000, 0.000000000000000000 ) ) ;
#1579 = DIRECTION ( 'NONE',  ( 1.000000000000000000, 0.000000000000000000, 0.000000000000000000 ) ) ;
#1580 = EDGE_LOOP ( 'NONE', ( #1864, #1063, #2145, #1313 ) ) ;
#1581 = PLANE ( 'NONE',  #1005 ) ;
#1582 = ORIENTED_EDGE ( 'NONE', *, *, #1221, .T. ) ;
#1583 = CIRCLE ( 'NONE', #1813, 1.899999999999999689 ) ;
#1584 = PLANE ( 'NONE',  #26 ) ;
#1585 = ORIENTED_EDGE ( 'NONE', *, *, #229, .T. ) ;
#1586 = CIRCLE ( 'NONE', #1044, 1.900000000002498579 ) ;
#1587 = LINE ( 'NONE', #1639, #506 ) ;
#1588 = AXIS2_PLACEMENT_3D ( 'NONE', #1681, #1935, #1559 ) ;
#1589 = ORIENTED_EDGE ( 'NONE', *, *, #181, .F. ) ;
#1590 = DIRECTION ( 'NONE',  ( -0.000000000000000000, -0.000000000000000000, -1.000000000000000000 ) ) ;
#1591 = AXIS2_PLACEMENT_3D ( 'NONE', #1140, #802, #777 ) ;
#1592 = DIRECTION ( 'NONE',  ( 0.000000000000000000, 0.000000000000000000, 1.000000000000000000 ) ) ;
#1593 = CARTESIAN_POINT ( 'NONE',  ( 20.00000000000000355, -59.80000000000000426, 2.299999999999999822 ) ) ;
#1594 = AXIS2_PLACEMENT_3D ( 'NONE', #148, #2374, #1428 ) ;
#1595 = VERTEX_POINT ( 'NONE', #1424 ) ;
#1596 = CIRCLE ( 'NONE', #2024, 1.899999999999999023 ) ;
#1597 = DIRECTION ( 'NONE',  ( -0.000000000000000000, -0.000000000000000000, 1.000000000000000000 ) ) ;
#1598 = ORIENTED_EDGE ( 'NONE', *, *, #1964, .T. ) ;
#1599 = DIRECTION ( 'NONE',  ( -1.000000000000000000, 0.000000000000000000, 0.000000000000000000 ) ) ;
#1600 = EDGE_LOOP ( 'NONE', ( #2166, #2085, #2226, #226 ) ) ;
#1601 = EDGE_CURVE ( 'NONE', #317, #205, #1985, .T. ) ;
#1602 = ORIENTED_EDGE ( 'NONE', *, *, #887, .F. ) ;
#1603 = EDGE_CURVE ( 'NONE', #1409, #300, #529, .T. ) ;
#1604 = DIRECTION ( 'NONE',  ( 1.000000000000000000, 0.000000000000000000, 0.000000000000000000 ) ) ;
#1605 = CARTESIAN_POINT ( 'NONE',  ( -24.51250000000001350, -74.04999999999999716, 12.94999999999998863 ) ) ;
#1606 = DIRECTION ( 'NONE',  ( 1.000000000000000000, 0.000000000000000000, 0.000000000000000000 ) ) ;
#1607 = ADVANCED_FACE ( 'NONE', ( #1435 ), #2008, .T. ) ;
#1608 = ORIENTED_EDGE ( 'NONE', *, *, #278, .F. ) ;
#1609 = CARTESIAN_POINT ( 'NONE',  ( 1.284469037195706312E-12, -66.60000000000071907, -42.93251095273882356 ) ) ;
#1610 = EDGE_LOOP ( 'NONE', ( #1060, #1320, #2025, #460 ) ) ;
#1611 = DIRECTION ( 'NONE',  ( 1.734723475976806848E-16, 1.000000000000000000, 0.000000000000000000 ) ) ;
#1612 = ORIENTED_EDGE ( 'NONE', *, *, #2183, .T. ) ;
#1613 = VERTEX_POINT ( 'NONE', #520 ) ;
#1614 = CARTESIAN_POINT ( 'NONE',  ( -3.864579600900127865, -86.69364821865332260, 2.299999999999999822 ) ) ;
#1615 = AXIS2_PLACEMENT_3D ( 'NONE', #311, #1771, #321 ) ;
#1616 = DIRECTION ( 'NONE',  ( 1.000000000000000000, 0.000000000000000000, 0.000000000000000000 ) ) ;
#1617 = DIRECTION ( 'NONE',  ( -0.000000000000000000, -0.000000000000000000, 1.000000000000000000 ) ) ;
#1618 = ORIENTED_EDGE ( 'NONE', *, *, #425, .F. ) ;
#1619 = DIRECTION ( 'NONE',  ( 1.156482317317871478E-16, 1.000000000000000000, 0.000000000000000000 ) ) ;
#1620 = ADVANCED_FACE ( 'NONE', ( #1958 ), #1031, .T. ) ;
#1621 = ORIENTED_EDGE ( 'NONE', *, *, #484, .T. ) ;
#1622 = CARTESIAN_POINT ( 'NONE',  ( 6.624999999999895195, -68.52516339985629656, -3.000000000000000000 ) ) ;
#1623 = ORIENTED_EDGE ( 'NONE', *, *, #2001, .T. ) ;
#1624 = EDGE_LOOP ( 'NONE', ( #87, #2357 ) ) ;
#1625 = EDGE_CURVE ( 'NONE', #748, #2060, #2188, .T. ) ;
#1626 = PLANE ( 'NONE',  #216 ) ;
#1627 = EDGE_CURVE ( 'NONE', #1173, #1310, #562, .T. ) ;
#1628 = CYLINDRICAL_SURFACE ( 'NONE', #1503, 2.749999999999999112 ) ;
#1629 = AXIS2_PLACEMENT_3D ( 'NONE', #217, #1365, #1526 ) ;
#1630 = FACE_OUTER_BOUND ( 'NONE', #2275, .T. ) ;
#1631 = ORIENTED_EDGE ( 'NONE', *, *, #174, .F. ) ;
#1632 = DIRECTION ( 'NONE',  ( -0.000000000000000000, -1.000000000000000000, -0.000000000000000000 ) ) ;
#1633 = AXIS2_PLACEMENT_3D ( 'NONE', #1402, #1022, #2358 ) ;
#1634 = DIRECTION ( 'NONE',  ( 0.1724731828275080092, -0.9850142137072688264, 0.000000000000000000 ) ) ;
#1635 = CARTESIAN_POINT ( 'NONE',  ( 6.874999999998321343, -91.90784930203709280, 2.299999999999999822 ) ) ;
#1636 = VECTOR ( 'NONE', #1539, 1000.000000000000114 ) ;
#1637 = EDGE_LOOP ( 'NONE', ( #576, #1776, #623, #2381 ) ) ;
#1638 = CIRCLE ( 'NONE', #35, 2.649999999999997691 ) ;
#1639 = CARTESIAN_POINT ( 'NONE',  ( 29.00000000000000355, -50.00000000000000000, -3.000000000000002665 ) ) ;
#1640 = DIRECTION ( 'NONE',  ( 0.000000000000000000, 0.000000000000000000, 1.000000000000000000 ) ) ;
#1641 = CARTESIAN_POINT ( 'NONE',  ( -10.69541689571921417, -89.18910239746806212, -42.93251095273882356 ) ) ;
#1642 = ADVANCED_FACE ( 'NONE', ( #2346 ), #889, .F. ) ;
#1643 = VERTEX_POINT ( 'NONE', #2153 ) ;
#1644 = CARTESIAN_POINT ( 'NONE',  ( -20.97500000000000497, -62.39999999999999858, 28.14999999999999503 ) ) ;
#1645 = FACE_OUTER_BOUND ( 'NONE', #1768, .T. ) ;
#1646 = CARTESIAN_POINT ( 'NONE',  ( -28.99999999999999645, -80.00000000000000000, 0.000000000000000000 ) ) ;
#1647 = ADVANCED_FACE ( 'NONE', ( #486 ), #295, .F. ) ;
#1648 = VERTEX_POINT ( 'NONE', #877 ) ;
#1649 = DIRECTION ( 'NONE',  ( -1.000000000000000000, 0.000000000000000000, 0.000000000000000000 ) ) ;
#1650 = CARTESIAN_POINT ( 'NONE',  ( 20.00000000000000000, -74.80000000000001137, -3.000000000000002665 ) ) ;
#1651 = CARTESIAN_POINT ( 'NONE',  ( -20.00000000000000000, -74.80000000000001137, -3.000000000000002665 ) ) ;
#1652 = ORIENTED_EDGE ( 'NONE', *, *, #532, .T. ) ;
#1653 = CARTESIAN_POINT ( 'NONE',  ( -24.00000000000002842, -59.00000000000000711, 23.84999999999997300 ) ) ;
#1654 = EDGE_CURVE ( 'NONE', #1889, #884, #1377, .T. ) ;
#1655 = CARTESIAN_POINT ( 'NONE',  ( 24.52499999999999147, -62.39999999999998437, 28.14999999999999503 ) ) ;
#1656 = DIRECTION ( 'NONE',  ( -0.000000000000000000, 0.000000000000000000, -1.000000000000000000 ) ) ;
#1657 = ADVANCED_FACE ( 'NONE', ( #1630 ), #121, .T. ) ;
#1658 = ORIENTED_EDGE ( 'NONE', *, *, #1819, .F. ) ;
#1659 = DIRECTION ( 'NONE',  ( 0.000000000000000000, 0.000000000000000000, -1.000000000000000000 ) ) ;
#1660 = PLANE ( 'NONE',  #561 ) ;
#1661 = CARTESIAN_POINT ( 'NONE',  ( 7.729159201800661627, -80.00000000000106581, 0.000000000000000000 ) ) ;
#1662 = VECTOR ( 'NONE', #1611, 1000.000000000000000 ) ;
#1663 = AXIS2_PLACEMENT_3D ( 'NONE', #42, #1895, #225 ) ;
#1664 = ORIENTED_EDGE ( 'NONE', *, *, #844, .T. ) ;
#1665 = CARTESIAN_POINT ( 'NONE',  ( 28.07499999999999218, -62.39999999999998437, 28.89999999999999503 ) ) ;
#1666 = CARTESIAN_POINT ( 'NONE',  ( 4.724999999997396394, -68.52516339985629656, -3.000000000000000000 ) ) ;
#1667 = AXIS2_PLACEMENT_3D ( 'NONE', #1744, #327, #1076 ) ;
#1668 = VERTEX_POINT ( 'NONE', #143 ) ;
#1669 = AXIS2_PLACEMENT_3D ( 'NONE', #394, #1699, #1565 ) ;
#1670 = CYLINDRICAL_SURFACE ( 'NONE', #574, 2.649999999999995914 ) ;
#1671 = VECTOR ( 'NONE', #478, 1000.000000000000000 ) ;
#1672 = EDGE_CURVE ( 'NONE', #853, #1880, #2370, .T. ) ;
#1673 = DIRECTION ( 'NONE',  ( 4.276423536147513034E-48, 2.465190328815661892E-32, -1.000000000000000000 ) ) ;
#1674 = LINE ( 'NONE', #749, #1861 ) ;
#1675 = ORIENTED_EDGE ( 'NONE', *, *, #1208, .T. ) ;
#1676 = CARTESIAN_POINT ( 'NONE',  ( -3.864579600900127865, -86.69364821865332260, 0.000000000000000000 ) ) ;
#1677 = EDGE_CURVE ( 'NONE', #558, #1910, #1264, .T. ) ;
#1678 = CARTESIAN_POINT ( 'NONE',  ( -3.864579600899063827, -73.30635178134640739, 2.299999999999999822 ) ) ;
#1679 = LINE ( 'NONE', #1841, #859 ) ;
#1680 = EDGE_LOOP ( 'NONE', ( #92, #713, #1287, #652 ) ) ;
#1681 = CARTESIAN_POINT ( 'NONE',  ( -24.51250000000000995, -70.29999999999999716, 12.94999999999998863 ) ) ;
#1682 = EDGE_LOOP ( 'NONE', ( #1215, #1046, #1178, #322 ) ) ;
#1683 = DIRECTION ( 'NONE',  ( 1.000000000000000000, 0.000000000000000000, 0.000000000000000000 ) ) ;
#1684 = EDGE_LOOP ( 'NONE', ( #1716, #1025, #718, #960 ) ) ;
#1685 = CARTESIAN_POINT ( 'NONE',  ( -28.06250000000001421, -74.04999999999999716, 12.94999999999998863 ) ) ;
#1686 = PRESENTATION_STYLE_ASSIGNMENT (( #1267 ) ) ;
#1687 = LINE ( 'NONE', #1290, #110 ) ;
#1688 = ADVANCED_FACE ( 'NONE', ( #2319 ), #1384, .T. ) ;
#1689 = CIRCLE ( 'NONE', #2312, 20.00000000000000000 ) ;
#1690 = VECTOR ( 'NONE', #2124, 1000.000000000000000 ) ;
#1691 = ORIENTED_EDGE ( 'NONE', *, *, #1724, .T. ) ;
#1692 = CARTESIAN_POINT ( 'NONE',  ( 29.00000000000000000, -74.80000000000001137, 4.979684464207636846E-31 ) ) ;
#1693 = EDGE_LOOP ( 'NONE', ( #1494, #2104 ) ) ;
#1694 = CIRCLE ( 'NONE', #1498, 1.899999999999999689 ) ;
#1695 = DIRECTION ( 'NONE',  ( 0.000000000000000000, 0.000000000000000000, -1.000000000000000000 ) ) ;
#1696 = VERTEX_POINT ( 'NONE', #1531 ) ;
#1697 = DIRECTION ( 'NONE',  ( 1.000000000000000000, 0.000000000000000000, 0.000000000000000000 ) ) ;
#1698 = ADVANCED_FACE ( 'NONE', ( #1151 ), #633, .T. ) ;
#1699 = DIRECTION ( 'NONE',  ( 2.016023975600421011E-16, 1.000000000000000000, 1.232595164407830946E-32 ) ) ;
#1700 = DIRECTION ( 'NONE',  ( -1.000000000000000000, 0.000000000000000000, 0.000000000000000000 ) ) ;
#1701 = DIRECTION ( 'NONE',  ( 0.2947306635662971241, 0.9555803660361437135, 0.000000000000000000 ) ) ;
#1702 = CIRCLE ( 'NONE', #151, 2.749999999999997335 ) ;
#1703 = ORIENTED_EDGE ( 'NONE', *, *, #1549, .F. ) ;
#1704 = LINE ( 'NONE', #1844, #264 ) ;
#1705 = CIRCLE ( 'NONE', #2365, 1.899999999999999023 ) ;
#1706 = AXIS2_PLACEMENT_3D ( 'NONE', #1341, #970, #1712 ) ;
#1707 = CIRCLE ( 'NONE', #227, 2.749999999999999112 ) ;
#1708 = DIRECTION ( 'NONE',  ( -0.000000000000000000, -0.000000000000000000, 1.000000000000000000 ) ) ;
#1709 = VECTOR ( 'NONE', #630, 1000.000000000000000 ) ;
#1710 = ORIENTED_EDGE ( 'NONE', *, *, #251, .T. ) ;
#1711 = LINE ( 'NONE', #788, #2014 ) ;
#1712 = DIRECTION ( 'NONE',  ( 0.000000000000000000, 0.000000000000000000, -1.000000000000000000 ) ) ;
#1713 = CARTESIAN_POINT ( 'NONE',  ( -28.99999999999999645, -50.00000000000000000, 28.89999999999999503 ) ) ;
#1714 = CARTESIAN_POINT ( 'NONE',  ( 23.99999999999997158, -59.00000000000000711, 21.09999999999998010 ) ) ;
#1715 = ORIENTED_EDGE ( 'NONE', *, *, #844, .F. ) ;
#1716 = ORIENTED_EDGE ( 'NONE', *, *, #241, .T. ) ;
#1717 = VECTOR ( 'NONE', #1081, 1000.000000000000000 ) ;
#1718 = EDGE_CURVE ( 'NONE', #913, #1973, #260, .T. ) ;
#1719 = DIRECTION ( 'NONE',  ( -1.000000000000000000, 0.000000000000000000, 0.000000000000000000 ) ) ;
#1720 = VERTEX_POINT ( 'NONE', #1714 ) ;
#1721 = CARTESIAN_POINT ( 'NONE',  ( -6.874999999999909406, -91.90784930203599856, -3.000000000000000000 ) ) ;
#1722 = CARTESIAN_POINT ( 'NONE',  ( -24.00000000000002842, -59.00000000000000711, 16.59999999999996945 ) ) ;
#1723 = CARTESIAN_POINT ( 'NONE',  ( -8.524999999999280931, -68.52516339985206173, -3.000000000000000000 ) ) ;
#1724 = EDGE_CURVE ( 'NONE', #1803, #1248, #1467, .T. ) ;
#1725 = DIRECTION ( 'NONE',  ( 0.000000000000000000, 0.000000000000000000, -1.000000000000000000 ) ) ;
#1726 = EDGE_LOOP ( 'NONE', ( #878, #1500, #1160, #2184 ) ) ;
#1727 = DIRECTION ( 'NONE',  ( -0.3431409490534301776, 0.9392839235730117142, 0.000000000000000000 ) ) ;
#1728 = EDGE_CURVE ( 'NONE', #2386, #367, #299, .T. ) ;
#1729 = ORIENTED_EDGE ( 'NONE', *, *, #307, .F. ) ;
#1730 = DIRECTION ( 'NONE',  ( 1.156482317317871478E-16, 1.000000000000000000, 0.000000000000000000 ) ) ;
#1731 = EDGE_LOOP ( 'NONE', ( #429, #2020, #2131, #768 ) ) ;
#1732 = CARTESIAN_POINT ( 'NONE',  ( 7.729159201800661627, -80.00000000000106581, -42.93251095273882356 ) ) ;
#1733 = CARTESIAN_POINT ( 'NONE',  ( -24.00000000000002842, -59.00000000000000711, 11.09999999999997478 ) ) ;
#1734 = LINE ( 'NONE', #1894, #1709 ) ;
#1735 = EDGE_LOOP ( 'NONE', ( #276, #2096, #1612, #1536 ) ) ;
#1736 = CARTESIAN_POINT ( 'NONE',  ( 11.60474041071149109, -86.70000000000074181, 0.000000000000000000 ) ) ;
#1737 = ORIENTED_EDGE ( 'NONE', *, *, #1462, .T. ) ;
#1738 = DIRECTION ( 'NONE',  ( -0.000000000000000000, -0.000000000000000000, -1.000000000000000000 ) ) ;
#1739 = ORIENTED_EDGE ( 'NONE', *, *, #707, .T. ) ;
#1740 = AXIS2_PLACEMENT_3D ( 'NONE', #1879, #1902, #1695 ) ;
#1741 = VECTOR ( 'NONE', #1293, 1000.000000000000000 ) ;
#1742 = AXIS2_PLACEMENT_3D ( 'NONE', #1797, #1597, #2144 ) ;
#1743 = EDGE_CURVE ( 'NONE', #8, #128, #2112, .T. ) ;
#1744 = CARTESIAN_POINT ( 'NONE',  ( -24.00000000000002842, -59.00000000000000711, 13.84999999999997122 ) ) ;
#1745 = VECTOR ( 'NONE', #1187, 1000.000000000000000 ) ;
#1746 = EDGE_LOOP ( 'NONE', ( #1843, #2351 ) ) ;
#1747 = CARTESIAN_POINT ( 'NONE',  ( 24.52499999999999147, -62.39999999999998437, 24.39999999999999503 ) ) ;
#1748 = VECTOR ( 'NONE', #642, 1000.000000000000000 ) ;
#1749 = DIRECTION ( 'NONE',  ( 4.276423536147513034E-48, 2.465190328815661892E-32, -1.000000000000000000 ) ) ;
#1750 = CARTESIAN_POINT ( 'NONE',  ( 29.00000000000000000, -74.80000000000001137, 28.89999999999998082 ) ) ;
#1751 = VERTEX_POINT ( 'NONE', #2259 ) ;
#1752 = CARTESIAN_POINT ( 'NONE',  ( -13.30570456204345930, -84.66795153702405230, -42.93251095273882356 ) ) ;
#1753 = ADVANCED_FACE ( 'NONE', ( #972 ), #646, .F. ) ;
#1754 = VERTEX_POINT ( 'NONE', #1541 ) ;
#1755 = CARTESIAN_POINT ( 'NONE',  ( 6.624999999999895195, -68.52516339985629656, -8.374011537024829366 ) ) ;
#1756 = EDGE_LOOP ( 'NONE', ( #480, #982, #943, #2036 ) ) ;
#1757 = DIRECTION ( 'NONE',  ( 0.9392839235729936176, -0.3431409490534796936, 0.000000000000000000 ) ) ;
#1758 = ORIENTED_EDGE ( 'NONE', *, *, #2245, .F. ) ;
#1759 = CARTESIAN_POINT ( 'NONE',  ( 14.25474041071148790, -86.70000000000074181, 2.299999999999999822 ) ) ;
#1760 = CARTESIAN_POINT ( 'NONE',  ( -20.05000000000003624, -74.80000000000001137, 28.89999999999999503 ) ) ;
#1761 = DIRECTION ( 'NONE',  ( -1.000000000000000000, 0.000000000000000000, 0.000000000000000000 ) ) ;
#1762 = VERTEX_POINT ( 'NONE', #2101 ) ;
#1763 = FACE_OUTER_BOUND ( 'NONE', #829, .T. ) ;
#1764 = PLANE ( 'NONE',  #858 ) ;
#1765 = FACE_OUTER_BOUND ( 'NONE', #56, .T. ) ;
#1766 = VERTEX_POINT ( 'NONE', #817 ) ;
#1767 = FACE_OUTER_BOUND ( 'NONE', #2002, .T. ) ;
#1768 = EDGE_LOOP ( 'NONE', ( #2189, #2397, #454, #2064 ) ) ;
#1769 = DIRECTION ( 'NONE',  ( -2.016023975600421011E-16, -1.000000000000000000, -1.232595164407830946E-32 ) ) ;
#1770 = CYLINDRICAL_SURFACE ( 'NONE', #1900, 2.649999999999997691 ) ;
#1771 = DIRECTION ( 'NONE',  ( 0.000000000000000000, 0.000000000000000000, 1.000000000000000000 ) ) ;
#1772 = VERTEX_POINT ( 'NONE', #1373 ) ;
#1773 = CARTESIAN_POINT ( 'NONE',  ( -20.05000000000003624, -74.80000000000001137, 4.979684464207636846E-31 ) ) ;
#1774 = EDGE_LOOP ( 'NONE', ( #1989, #1482, #1589, #1142, #1737, #1454 ) ) ;
#1775 = CARTESIAN_POINT ( 'NONE',  ( -28.07500000000000639, -62.39999999999999858, 28.14999999999999503 ) ) ;
#1776 = ORIENTED_EDGE ( 'NONE', *, *, #1780, .T. ) ;
#1777 = CIRCLE ( 'NONE', #1891, 3.550000000000001155 ) ;
#1778 = EDGE_CURVE ( 'NONE', #253, #762, #2281, .T. ) ;
#1779 = AXIS2_PLACEMENT_3D ( 'NONE', #59, #2073, #1158 ) ;
#1780 = EDGE_CURVE ( 'NONE', #463, #2058, #1777, .T. ) ;
#1781 = ORIENTED_EDGE ( 'NONE', *, *, #2341, .T. ) ;
#1782 = CARTESIAN_POINT ( 'NONE',  ( 13.30570456204473651, -75.33204846297665824, -42.93251095273882356 ) ) ;
#1783 = AXIS2_PLACEMENT_3D ( 'NONE', #1655, #1872, #566 ) ;
#1784 = DIRECTION ( 'NONE',  ( 0.000000000000000000, -1.000000000000000000, 0.000000000000000000 ) ) ;
#1785 = DIRECTION ( 'NONE',  ( 0.000000000000000000, 0.000000000000000000, -1.000000000000000000 ) ) ;
#1786 = EDGE_LOOP ( 'NONE', ( #819, #2045 ) ) ;
#1787 = FACE_OUTER_BOUND ( 'NONE', #821, .T. ) ;
#1788 = PLANE ( 'NONE',  #2136 ) ;
#1789 = PLANE ( 'NONE',  #306 ) ;
#1790 = ORIENTED_EDGE ( 'NONE', *, *, #1111, .T. ) ;
#1791 = ORIENTED_EDGE ( 'NONE', *, *, #871, .F. ) ;
#1792 = EDGE_CURVE ( 'NONE', #800, #152, #277, .T. ) ;
#1793 = FACE_OUTER_BOUND ( 'NONE', #118, .T. ) ;
#1794 = DIRECTION ( 'NONE',  ( 0.000000000000000000, 0.000000000000000000, 1.000000000000000000 ) ) ;
#1795 = DIRECTION ( 'NONE',  ( 1.000000000000000000, 0.000000000000000000, 0.000000000000000000 ) ) ;
#1796 = ORIENTED_EDGE ( 'NONE', *, *, #764, .T. ) ;
#1797 = CARTESIAN_POINT ( 'NONE',  ( 1.284469037195706312E-12, -66.60000000000071907, 0.000000000000000000 ) ) ;
#1798 = ORIENTED_EDGE ( 'NONE', *, *, #230, .T. ) ;
#1799 = LINE ( 'NONE', #2000, #1662 ) ;
#1800 = ORIENTED_EDGE ( 'NONE', *, *, #1013, .F. ) ;
#1801 = EDGE_CURVE ( 'NONE', #885, #1534, #109, .T. ) ;
#1802 = EDGE_CURVE ( 'NONE', #1070, #1720, #2086, .T. ) ;
#1803 = VERTEX_POINT ( 'NONE', #1519 ) ;
#1804 = FACE_OUTER_BOUND ( 'NONE', #920, .T. ) ;
#1805 = VECTOR ( 'NONE', #739, 1000.000000000000000 ) ;
#1806 = VECTOR ( 'NONE', #1540, 1000.000000000000000 ) ;
#1807 = DIRECTION ( 'NONE',  ( 1.000000000000000000, 0.000000000000000000, 0.000000000000000000 ) ) ;
#1808 = CYLINDRICAL_SURFACE ( 'NONE', #1924, 1.899999999999999023 ) ;
#1809 = ORIENTED_EDGE ( 'NONE', *, *, #1444, .F. ) ;
#1810 = DIRECTION ( 'NONE',  ( 0.000000000000000000, 0.000000000000000000, -1.000000000000000000 ) ) ;
#1811 = EDGE_LOOP ( 'NONE', ( #1884, #2359, #1927, #973 ) ) ;
#1812 = FACE_OUTER_BOUND ( 'NONE', #2265, .T. ) ;
#1813 = AXIS2_PLACEMENT_3D ( 'NONE', #1721, #52, #801 ) ;
#1814 = ORIENTED_EDGE ( 'NONE', *, *, #737, .T. ) ;
#1815 = CARTESIAN_POINT ( 'NONE',  ( 20.00000000000000355, -59.80000000000000426, 8.799999999999981171 ) ) ;
#1816 = EDGE_CURVE ( 'NONE', #1360, #122, #612, .T. ) ;
#1817 = VECTOR ( 'NONE', #1730, 1000.000000000000000 ) ;
#1818 =( LENGTH_UNIT ( ) NAMED_UNIT ( * ) SI_UNIT ( .MILLI., .METRE. ) );
#1819 = EDGE_CURVE ( 'NONE', #913, #2120, #925, .T. ) ;
#1820 = CARTESIAN_POINT ( 'NONE',  ( 0.000000000000000000, -93.39999999999999147, -42.93251095273882356 ) ) ;
#1821 = VECTOR ( 'NONE', #648, 1000.000000000000000 ) ;
#1822 = VERTEX_POINT ( 'NONE', #1333 ) ;
#1823 = LINE ( 'NONE', #160, #1327 ) ;
#1824 = VECTOR ( 'NONE', #769, 1000.000000000000000 ) ;
#1825 = VECTOR ( 'NONE', #535, 1000.000000000000000 ) ;
#1826 = CARTESIAN_POINT ( 'NONE',  ( 29.00000000000000355, -50.00000000000000000, -3.000000000000002665 ) ) ;
#1827 = DIRECTION ( 'NONE',  ( -0.000000000000000000, 0.000000000000000000, -1.000000000000000000 ) ) ;
#1828 = AXIS2_PLACEMENT_3D ( 'NONE', #6, #2043, #752 ) ;
#1829 = EDGE_CURVE ( 'NONE', #894, #152, #993, .T. ) ;
#1830 = EDGE_LOOP ( 'NONE', ( #607, #947, #441, #138 ) ) ;
#1831 = CIRCLE ( 'NONE', #2140, 1.899999999999999023 ) ;
#1832 = PLANE ( 'NONE',  #658 ) ;
#1833 = ORIENTED_EDGE ( 'NONE', *, *, #2214, .T. ) ;
#1834 = EDGE_CURVE ( 'NONE', #866, #1334, #2056, .T. ) ;
#1835 = PRESENTATION_STYLE_ASSIGNMENT (( #1855 ) ) ;
#1836 = LINE ( 'NONE', #2196, #261 ) ;
#1837 = UNCERTAINTY_MEASURE_WITH_UNIT (LENGTH_MEASURE( 1.000000000000000082E-05 ), #2228, 'distance_accuracy_value', 'NONE');
#1838 = ORIENTED_EDGE ( 'NONE', *, *, #1978, .T. ) ;
#1839 = CYLINDRICAL_SURFACE ( 'NONE', #1842, 2.749999999999999112 ) ;
#1840 = DIRECTION ( 'NONE',  ( -1.000000000000000000, 0.000000000000000000, 0.000000000000000000 ) ) ;
#1841 = CARTESIAN_POINT ( 'NONE',  ( 20.05000000000000782, -49.99999999999993605, 28.89999999999999503 ) ) ;
#1842 = AXIS2_PLACEMENT_3D ( 'NONE', #1653, #921, #2394 ) ;
#1843 = ORIENTED_EDGE ( 'NONE', *, *, #352, .T. ) ;
#1844 = CARTESIAN_POINT ( 'NONE',  ( -10.69541689571855159, -70.81089760253152576, 0.000000000000000000 ) ) ;
#1845 = DIRECTION ( 'NONE',  ( 1.000000000000000000, 0.000000000000000000, 0.000000000000000000 ) ) ;
#1846 = CARTESIAN_POINT ( 'NONE',  ( -24.51250000000000995, -74.04999999999999716, 12.94999999999998863 ) ) ;
#1847 = EDGE_LOOP ( 'NONE', ( #872, #2363, #741, #644 ) ) ;
#1848 = DIRECTION ( 'NONE',  ( 0.000000000000000000, 1.000000000000000000, 0.000000000000000000 ) ) ;
#1849 = LINE ( 'NONE', #945, #1551 ) ;
#1850 = DIRECTION ( 'NONE',  ( -0.000000000000000000, -0.000000000000000000, 1.000000000000000000 ) ) ;
#1851 = ADVANCED_FACE ( 'NONE', ( #828 ), #2309, .F. ) ;
#1852 = ORIENTED_EDGE ( 'NONE', *, *, #493, .T. ) ;
#1853 = DIRECTION ( 'NONE',  ( 1.000000000000000000, 0.000000000000000000, 0.000000000000000000 ) ) ;
#1854 = ADVANCED_FACE ( 'NONE', ( #854 ), #1581, .F. ) ;
#1855 = SURFACE_STYLE_USAGE ( .BOTH. , #1093 ) ;
#1856 = DIRECTION ( 'NONE',  ( -0.000000000000000000, 1.000000000000000000, -0.000000000000000000 ) ) ;
#1857 = AXIS2_PLACEMENT_3D ( 'NONE', #1404, #1974, #1599 ) ;
#1858 = VECTOR ( 'NONE', #2296, 1000.000000000000000 ) ;
#1859 = VERTEX_POINT ( 'NONE', #2155 ) ;
#1860 = CARTESIAN_POINT ( 'NONE',  ( 3.673940397442059178E-15, -50.00000000000000000, -53.00000000000000711 ) ) ;
#1861 = VECTOR ( 'NONE', #2207, 1000.000000000000000 ) ;
#1862 = CARTESIAN_POINT ( 'NONE',  ( -24.52500000000000568, -62.39999999999999858, 24.39999999999999503 ) ) ;
#1863 = FACE_BOUND ( 'NONE', #649, .T. ) ;
#1864 = ORIENTED_EDGE ( 'NONE', *, *, #1728, .F. ) ;
#1865 = DIRECTION ( 'NONE',  ( 1.000000000000000000, 0.000000000000000000, 0.000000000000000000 ) ) ;
#1866 = ORIENTED_EDGE ( 'NONE', *, *, #1877, .T. ) ;
#1867 = APPLICATION_PROTOCOL_DEFINITION ( 'draft international standard', 'automotive_design', 1998, #1129 ) ;
#1868 = DIRECTION ( 'NONE',  ( 0.000000000000000000, 0.000000000000000000, -1.000000000000000000 ) ) ;
#1869 = EDGE_CURVE ( 'NONE', #1072, #1240, #1439, .T. ) ;
#1870 = ORIENTED_EDGE ( 'NONE', *, *, #1548, .F. ) ;
#1871 = CARTESIAN_POINT ( 'NONE',  ( -28.99999999999999645, -50.00000000000000000, 28.89999999999999503 ) ) ;
#1872 = DIRECTION ( 'NONE',  ( 0.000000000000000000, 0.000000000000000000, 1.000000000000000000 ) ) ;
#1873 = CARTESIAN_POINT ( 'NONE',  ( 20.00000000000000355, -59.80000000000000426, 49.98300620401575856 ) ) ;
#1874 = VERTEX_POINT ( 'NONE', #313 ) ;
#1875 = DIRECTION ( 'NONE',  ( 0.000000000000000000, 0.000000000000000000, 1.000000000000000000 ) ) ;
#1876 = ORIENTED_EDGE ( 'NONE', *, *, #1294, .F. ) ;
#1877 = EDGE_CURVE ( 'NONE', #2010, #24, #867, .T. ) ;
#1878 = ADVANCED_FACE ( 'NONE', ( #2190 ), #682, .F. ) ;
#1879 = CARTESIAN_POINT ( 'NONE',  ( 23.99999999999997158, -59.00000000000000711, 13.84999999999997655 ) ) ;
#1880 = VERTEX_POINT ( 'NONE', #123 ) ;
#1881 = CARTESIAN_POINT ( 'NONE',  ( 20.97499999999999076, -62.39999999999998437, 28.14999999999999503 ) ) ;
#1882 = DIRECTION ( 'NONE',  ( 0.000000000000000000, 0.000000000000000000, 1.000000000000000000 ) ) ;
#1883 = DIRECTION ( 'NONE',  ( 1.156482317317871478E-16, 1.000000000000000000, 0.000000000000000000 ) ) ;
#1884 = ORIENTED_EDGE ( 'NONE', *, *, #252, .F. ) ;
#1885 = DIRECTION ( 'NONE',  ( -0.000000000000000000, -0.000000000000000000, -1.000000000000000000 ) ) ;
#1886 = ADVANCED_FACE ( 'NONE', ( #2372 ), #2336, .T. ) ;
#1887 = AXIS2_PLACEMENT_3D ( 'NONE', #824, #2075, #1001 ) ;
#1888 = FACE_OUTER_BOUND ( 'NONE', #287, .T. ) ;
#1889 = VERTEX_POINT ( 'NONE', #1266 ) ;
#1890 = LINE ( 'NONE', #811, #356 ) ;
#1891 = AXIS2_PLACEMENT_3D ( 'NONE', #422, #447, #30 ) ;
#1892 = CARTESIAN_POINT ( 'NONE',  ( 24.52499999999999147, -62.39999999999998437, 28.14999999999999503 ) ) ;
#1893 = AXIS2_PLACEMENT_3D ( 'NONE', #745, #1656, #213 ) ;
#1894 = CARTESIAN_POINT ( 'NONE',  ( -26.41250000000000853, -70.29999999999999716, 12.94999999999998863 ) ) ;
#1895 = DIRECTION ( 'NONE',  ( -0.000000000000000000, -0.000000000000000000, 1.000000000000000000 ) ) ;
#1896 = ORIENTED_EDGE ( 'NONE', *, *, #939, .F. ) ;
#1897 = DIRECTION ( 'NONE',  ( 1.000000000000000000, 0.000000000000000000, 0.000000000000000000 ) ) ;
#1898 = CIRCLE ( 'NONE', #2054, 2.649999999999994582 ) ;
#1899 = ADVANCED_FACE ( 'NONE', ( #146 ), #672, .F. ) ;
#1900 = AXIS2_PLACEMENT_3D ( 'NONE', #654, #1423, #1807 ) ;
#1901 = ORIENTED_EDGE ( 'NONE', *, *, #2035, .T. ) ;
#1902 = DIRECTION ( 'NONE',  ( 0.000000000000000000, 1.000000000000000000, 0.000000000000000000 ) ) ;
#1903 = ADVANCED_FACE ( 'NONE', ( #1787 ), #1034, .F. ) ;
#1904 = EDGE_LOOP ( 'NONE', ( #1739, #2143, #1211, #1986 ) ) ;
#1905 = CARTESIAN_POINT ( 'NONE',  ( 6.874999999998321343, -91.90784930203709280, 2.299999999999999822 ) ) ;
#1906 = DIRECTION ( 'NONE',  ( -1.000000000000000000, 0.000000000000000000, 0.000000000000000000 ) ) ;
#1907 = FACE_OUTER_BOUND ( 'NONE', #1735, .T. ) ;
#1908 = EDGE_CURVE ( 'NONE', #2412, #892, #1315, .T. ) ;
#1909 = DIRECTION ( 'NONE',  ( -0.000000000000000000, -0.000000000000000000, 1.000000000000000000 ) ) ;
#1910 = VERTEX_POINT ( 'NONE', #1426 ) ;
#1911 = CARTESIAN_POINT ( 'NONE',  ( 3.864579600900049261, -86.69364821865377735, 0.000000000000000000 ) ) ;
#1912 = ORIENTED_EDGE ( 'NONE', *, *, #870, .F. ) ;
#1913 = CARTESIAN_POINT ( 'NONE',  ( -10.69541689571921417, -89.18910239746806212, 0.000000000000000000 ) ) ;
#1914 = ORIENTED_EDGE ( 'NONE', *, *, #955, .F. ) ;
#1915 = CARTESIAN_POINT ( 'NONE',  ( 20.00000000000000000, -74.80000000000001137, -3.000000000000002665 ) ) ;
#1916 = CARTESIAN_POINT ( 'NONE',  ( -20.00000000000000000, -74.80000000000001137, 2.299999999999999822 ) ) ;
#1917 = DIRECTION ( 'NONE',  ( 0.000000000000000000, 0.000000000000000000, -1.000000000000000000 ) ) ;
#1918 = EDGE_LOOP ( 'NONE', ( #1197, #1971 ) ) ;
#1919 = CARTESIAN_POINT ( 'NONE',  ( -6.625000000000182965, -68.52516339985206173, -3.000000000000000000 ) ) ;
#1920 = EDGE_LOOP ( 'NONE', ( #1833, #374, #1170, #289 ) ) ;
#1921 = DIRECTION ( 'NONE',  ( 0.1724731828275078982, 0.9850142137072688264, 0.000000000000000000 ) ) ;
#1922 = VECTOR ( 'NONE', #1769, 1000.000000000000000 ) ;
#1923 = EDGE_CURVE ( 'NONE', #1195, #1822, #700, .T. ) ;
#1924 = AXIS2_PLACEMENT_3D ( 'NONE', #474, #91, #1227 ) ;
#1925 = EDGE_LOOP ( 'NONE', ( #1940, #1350 ) ) ;
#1926 = DIRECTION ( 'NONE',  ( 1.000000000000000000, 0.000000000000000000, 0.000000000000000000 ) ) ;
#1927 = ORIENTED_EDGE ( 'NONE', *, *, #164, .T. ) ;
#1928 = ADVANCED_FACE ( 'NONE', ( #1763 ), #2321, .F. ) ;
#1929 = DIRECTION ( 'NONE',  ( -0.000000000000000000, -0.000000000000000000, -1.000000000000000000 ) ) ;
#1930 = PLANE ( 'NONE',  #1511 ) ;
#1931 = DIRECTION ( 'NONE',  ( 0.000000000000000000, 0.000000000000000000, 1.000000000000000000 ) ) ;
#1932 = ORIENTED_EDGE ( 'NONE', *, *, #1429, .T. ) ;
#1933 = DIRECTION ( 'NONE',  ( -1.000000000000000000, 0.000000000000000000, 0.000000000000000000 ) ) ;
#1934 = ORIENTED_EDGE ( 'NONE', *, *, #917, .F. ) ;
#1935 = DIRECTION ( 'NONE',  ( -2.016023975600421011E-16, -1.000000000000000000, -1.232595164407830946E-32 ) ) ;
#1936 = ORIENTED_EDGE ( 'NONE', *, *, #1139, .T. ) ;
#1937 = AXIS2_PLACEMENT_3D ( 'NONE', #2264, #242, #427 ) ;
#1938 = VECTOR ( 'NONE', #784, 1000.000000000000000 ) ;
#1939 = CARTESIAN_POINT ( 'NONE',  ( -20.05000000000003624, -74.80000000000001137, 2.300000000000001599 ) ) ;
#1940 = ORIENTED_EDGE ( 'NONE', *, *, #1194, .T. ) ;
#1941 = CARTESIAN_POINT ( 'NONE',  ( -7.729159201799991052, -79.99999999999965894, -42.93251095273882356 ) ) ;
#1942 = AXIS2_PLACEMENT_3D ( 'NONE', #236, #814, #275 ) ;
#1943 = EDGE_CURVE ( 'NONE', #451, #866, #709, .T. ) ;
#1944 = CARTESIAN_POINT ( 'NONE',  ( 24.52499999999999147, -62.39999999999998437, 28.14999999999999503 ) ) ;
#1945 = DIRECTION ( 'NONE',  ( 0.000000000000000000, 0.000000000000000000, 1.000000000000000000 ) ) ;
#1946 = EDGE_LOOP ( 'NONE', ( #1443, #1486, #1558, #1474 ) ) ;
#1947 = CARTESIAN_POINT ( 'NONE',  ( 11.60474041071213591, -73.30000000000109139, 0.000000000000000000 ) ) ;
#1948 = CARTESIAN_POINT ( 'NONE',  ( 7.729159201800661627, -80.00000000000106581, 2.299999999999999822 ) ) ;
#1949 = CARTESIAN_POINT ( 'NONE',  ( 23.99999999999997158, -59.00000000000000711, 16.59999999999997655 ) ) ;
#1950 = ORIENTED_EDGE ( 'NONE', *, *, #48, .T. ) ;
#1951 = PRODUCT_DEFINITION ( 'UNKNOWN', '', #1421, #908 ) ;
#1952 = EDGE_CURVE ( 'NONE', #410, #762, #522, .T. ) ;
#1953 = CARTESIAN_POINT ( 'NONE',  ( -24.00000000000002842, -59.00000000000000711, 21.09999999999997300 ) ) ;
#1954 = VECTOR ( 'NONE', #2139, 1000.000000000000114 ) ;
#1955 = ORIENTED_EDGE ( 'NONE', *, *, #2030, .T. ) ;
#1956 = DIRECTION ( 'NONE',  ( 1.000000000000000000, 0.000000000000000000, 0.000000000000000000 ) ) ;
#1957 = FACE_OUTER_BOUND ( 'NONE', #2083, .T. ) ;
#1958 = FACE_OUTER_BOUND ( 'NONE', #81, .T. ) ;
#1959 = ORIENTED_EDGE ( 'NONE', *, *, #1217, .T. ) ;
#1960 = CARTESIAN_POINT ( 'NONE',  ( 7.729159201800661627, -80.00000000000106581, -42.93251095273882356 ) ) ;
#1961 = ADVANCED_FACE ( 'NONE', ( #297 ), #2167, .F. ) ;
#1962 = ORIENTED_EDGE ( 'NONE', *, *, #1317, .F. ) ;
#1963 = CARTESIAN_POINT ( 'NONE',  ( -6.874999999999909406, -91.90784930203599856, 2.299999999999999822 ) ) ;
#1964 = EDGE_CURVE ( 'NONE', #2127, #1803, #694, .T. ) ;
#1965 = VERTEX_POINT ( 'NONE', #742 ) ;
#1966 = AXIS2_PLACEMENT_3D ( 'NONE', #1512, #2062, #572 ) ;
#1967 = ORIENTED_EDGE ( 'NONE', *, *, #1362, .F. ) ;
#1968 = DIRECTION ( 'NONE',  ( -1.000000000000000000, -0.000000000000000000, 0.000000000000000000 ) ) ;
#1969 = CARTESIAN_POINT ( 'NONE',  ( -24.51250000000001350, -74.79999999999999716, 12.94999999999998863 ) ) ;
#1970 = FACE_OUTER_BOUND ( 'NONE', #1610, .T. ) ;
#1971 = ORIENTED_EDGE ( 'NONE', *, *, #2390, .T. ) ;
#1972 = DIRECTION ( 'NONE',  ( 4.276423536147513034E-48, 2.465190328815661892E-32, -1.000000000000000000 ) ) ;
#1973 = VERTEX_POINT ( 'NONE', #1665 ) ;
#1974 = DIRECTION ( 'NONE',  ( -2.016023975600421011E-16, -1.000000000000000000, -1.232595164407830946E-32 ) ) ;
#1975 = VERTEX_POINT ( 'NONE', #1115 ) ;
#1976 = AXIS2_PLACEMENT_3D ( 'NONE', #1635, #2146, #492 ) ;
#1977 = AXIS2_PLACEMENT_3D ( 'NONE', #2269, #2078, #1701 ) ;
#1978 = EDGE_CURVE ( 'NONE', #1595, #1488, #1501, .T. ) ;
#1979 = AXIS2_PLACEMENT_3D ( 'NONE', #1513, #965, #2254 ) ;
#1980 = AXIS2_PLACEMENT_3D ( 'NONE', #539, #166, #2301 ) ;
#1981 = VERTEX_POINT ( 'NONE', #1128 ) ;
#1982 = CARTESIAN_POINT ( 'NONE',  ( 20.05000000000000782, -49.99999999999993605, 28.89999999999999503 ) ) ;
#1983 = PRESENTATION_LAYER_ASSIGNMENT (  '', '', ( #738 ) ) ;
#1984 = CARTESIAN_POINT ( 'NONE',  ( 1.470283216747640392E-15, -74.80000000000001137, 4.979684464207636846E-31 ) ) ;
#1985 = LINE ( 'NONE', #655, #1269 ) ;
#1986 = ORIENTED_EDGE ( 'NONE', *, *, #1111, .F. ) ;
#1987 = DIRECTION ( 'NONE',  ( 0.9850142137072688264, 0.1724731828275077872, 0.000000000000000000 ) ) ;
#1988 = EDGE_CURVE ( 'NONE', #2249, #2231, #2149, .T. ) ;
#1989 = ORIENTED_EDGE ( 'NONE', *, *, #1064, .F. ) ;
#1990 = CARTESIAN_POINT ( 'NONE',  ( 3.864579600900049261, -86.69364821865377735, -42.93251095273882356 ) ) ;
#1991 = ADVANCED_FACE ( 'NONE', ( #169, #763, #934, #2042, #1458 ), #1106, .T. ) ;
#1992 = VERTEX_POINT ( 'NONE', #1483 ) ;
#1993 = EDGE_LOOP ( 'NONE', ( #1658, #1065 ) ) ;
#1994 = LINE ( 'NONE', #1782, #2122 ) ;
#1995 = PLANE ( 'NONE',  #2329 ) ;
#1996 = DIRECTION ( 'NONE',  ( 2.016023975600421011E-16, 1.000000000000000000, 1.232595164407830946E-32 ) ) ;
#1997 = ORIENTED_EDGE ( 'NONE', *, *, #1816, .T. ) ;
#1998 = DIRECTION ( 'NONE',  ( -1.000000000000000000, 1.156482317317871478E-16, 0.000000000000000000 ) ) ;
#1999 = CARTESIAN_POINT ( 'NONE',  ( -3.864579600900127865, -86.69364821865332260, -42.93251095273882356 ) ) ;
#2000 = CARTESIAN_POINT ( 'NONE',  ( 20.00000000000000000, -74.80000000000001137, 8.799999999999981171 ) ) ;
#2001 = EDGE_CURVE ( 'NONE', #412, #1114, #751, .T. ) ;
#2002 = EDGE_LOOP ( 'NONE', ( #1062, #521, #1012, #1037 ) ) ;
#2003 = DIRECTION ( 'NONE',  ( -0.000000000000000000, 1.000000000000000000, -0.000000000000000000 ) ) ;
#2004 = EDGE_CURVE ( 'NONE', #2255, #933, #189, .T. ) ;
#2005 = LINE ( 'NONE', #1650, #1337 ) ;
#2006 = AXIS2_PLACEMENT_3D ( 'NONE', #131, #1617, #1045 ) ;
#2007 = LINE ( 'NONE', #1661, #340 ) ;
#2008 = PLANE ( 'NONE',  #645 ) ;
#2009 = ADVANCED_FACE ( 'NONE', ( #546 ), #555, .F. ) ;
#2010 = VERTEX_POINT ( 'NONE', #901 ) ;
#2011 = DIRECTION ( 'NONE',  ( 0.000000000000000000, 0.000000000000000000, 1.000000000000000000 ) ) ;
#2012 = DIRECTION ( 'NONE',  ( -0.7668107407454954894, 0.6418732646538135578, -0.000000000000000000 ) ) ;
#2013 = DIRECTION ( 'NONE',  ( -0.000000000000000000, -0.000000000000000000, 1.000000000000000000 ) ) ;
#2014 = VECTOR ( 'NONE', #640, 1000.000000000000000 ) ;
#2015 = VERTEX_POINT ( 'NONE', #1685 ) ;
#2016 = CARTESIAN_POINT ( 'NONE',  ( 0.000000000000000000, -80.00000000000000000, 2.299999999999999822 ) ) ;
#2017 = CIRCLE ( 'NONE', #23, 1.899999999999999689 ) ;
#2018 = CARTESIAN_POINT ( 'NONE',  ( -6.874999999999909406, -91.90784930203599856, -3.000000000000000000 ) ) ;
#2019 = VECTOR ( 'NONE', #2398, 1000.000000000000114 ) ;
#2020 = ORIENTED_EDGE ( 'NONE', *, *, #2230, .T. ) ;
#2021 = DIRECTION ( 'NONE',  ( -1.000000000000000000, 2.016023975600421257E-16, 0.000000000000000000 ) ) ;
#2022 = LINE ( 'NONE', #350, #1051 ) ;
#2023 = DIRECTION ( 'NONE',  ( 1.000000000000000000, 0.000000000000000000, 0.000000000000000000 ) ) ;
#2024 = AXIS2_PLACEMENT_3D ( 'NONE', #1944, #1794, #1616 ) ;
#2025 = ORIENTED_EDGE ( 'NONE', *, *, #1479, .T. ) ;
#2026 = CARTESIAN_POINT ( 'NONE',  ( -2.610287666324262013, -93.85705393449291023, -42.93251095273882356 ) ) ;
#2027 = CARTESIAN_POINT ( 'NONE',  ( -8.774999999999909761, -91.90784930203599856, 2.299999999999999822 ) ) ;
#2028 = UNCERTAINTY_MEASURE_WITH_UNIT (LENGTH_MEASURE( 1.000000000000000082E-05 ), #922, 'distance_accuracy_value', 'NONE');
#2029 = ORIENTED_EDGE ( 'NONE', *, *, #683, .F. ) ;
#2030 = EDGE_CURVE ( 'NONE', #436, #1371, #577, .T. ) ;
#2031 = DIRECTION ( 'NONE',  ( 0.000000000000000000, 0.000000000000000000, -1.000000000000000000 ) ) ;
#2032 = FACE_OUTER_BOUND ( 'NONE', #1220, .T. ) ;
#2033 = FACE_BOUND ( 'NONE', #149, .T. ) ;
#2034 = VECTOR ( 'NONE', #1321, 1000.000000000000114 ) ;
#2035 = EDGE_CURVE ( 'NONE', #686, #1762, #5, .T. ) ;
#2036 = ORIENTED_EDGE ( 'NONE', *, *, #1943, .F. ) ;
#2037 = CARTESIAN_POINT ( 'NONE',  ( 2.610287666325548095, -66.14294606550781452, 0.000000000000000000 ) ) ;
#2038 = EDGE_CURVE ( 'NONE', #762, #2060, #1470, .T. ) ;
#2039 = DIRECTION ( 'NONE',  ( 0.000000000000000000, 0.000000000000000000, 1.000000000000000000 ) ) ;
#2040 = DIRECTION ( 'NONE',  ( -2.016023975600421011E-16, -1.000000000000000000, -1.232595164407830946E-32 ) ) ;
#2041 = ORIENTED_EDGE ( 'NONE', *, *, #2361, .F. ) ;
#2042 = FACE_BOUND ( 'NONE', #1624, .T. ) ;
#2043 = DIRECTION ( 'NONE',  ( 0.000000000000000000, 0.000000000000000000, 1.000000000000000000 ) ) ;
#2044 = CARTESIAN_POINT ( 'NONE',  ( -24.52500000000000568, -62.39999999999999858, 28.14999999999999503 ) ) ;
#2045 = ORIENTED_EDGE ( 'NONE', *, *, #1479, .F. ) ;
#2046 = LINE ( 'NONE', #1522, #1938 ) ;
#2047 = ADVANCED_FACE ( 'NONE', ( #1306 ), #2051, .F. ) ;
#2048 = CARTESIAN_POINT ( 'NONE',  ( -11.60474041071020679, -73.29999999999998295, -42.93251095273882356 ) ) ;
#2049 = CIRCLE ( 'NONE', #2171, 2.649999999999994582 ) ;
#2050 = ORIENTED_EDGE ( 'NONE', *, *, #1923, .F. ) ;
#2051 = CYLINDRICAL_SURFACE ( 'NONE', #1523, 2.749999999999999112 ) ;
#2052 = CIRCLE ( 'NONE', #999, 2.649999999999995914 ) ;
#2053 = DIRECTION ( 'NONE',  ( 1.000000000000000000, -1.734723475976807094E-16, 0.000000000000000000 ) ) ;
#2054 = AXIS2_PLACEMENT_3D ( 'NONE', #76, #2328, #470 ) ;
#2055 = EDGE_CURVE ( 'NONE', #866, #2347, #944, .T. ) ;
#2056 = CIRCLE ( 'NONE', #380, 2.649999999999995914 ) ;
#2057 = EDGE_CURVE ( 'NONE', #426, #533, #1823, .T. ) ;
#2058 = VERTEX_POINT ( 'NONE', #1644 ) ;
#2059 = CARTESIAN_POINT ( 'NONE',  ( 20.00000000000000000, -74.80000000000001137, -3.000000000000002665 ) ) ;
#2060 = VERTEX_POINT ( 'NONE', #2382 ) ;
#2061 = AXIS2_PLACEMENT_3D ( 'NONE', #2044, #946, #395 ) ;
#2062 = DIRECTION ( 'NONE',  ( 0.000000000000000000, 0.000000000000000000, 1.000000000000000000 ) ) ;
#2063 = PLANE ( 'NONE',  #2205 ) ;
#2064 = ORIENTED_EDGE ( 'NONE', *, *, #2339, .T. ) ;
#2065 = DIRECTION ( 'NONE',  ( 0.000000000000000000, 0.000000000000000000, 1.000000000000000000 ) ) ;
#2066 = DIRECTION ( 'NONE',  ( 1.000000000000000000, 0.000000000000000000, 0.000000000000000000 ) ) ;
#2067 = PLANE ( 'NONE',  #1893 ) ;
#2068 = ORIENTED_EDGE ( 'NONE', *, *, #103, .T. ) ;
#2069 = CARTESIAN_POINT ( 'NONE',  ( 10.69541689572049137, -70.81089760253263421, 2.299999999999999822 ) ) ;
#2070 = ORIENTED_EDGE ( 'NONE', *, *, #932, .T. ) ;
#2071 = ADVANCED_FACE ( 'NONE', ( #719 ), #1839, .F. ) ;
#2072 = ADVANCED_FACE ( 'NONE', ( #728 ), #2212, .F. ) ;
#2073 = DIRECTION ( 'NONE',  ( 0.000000000000000000, 0.000000000000000000, -1.000000000000000000 ) ) ;
#2074 = EDGE_LOOP ( 'NONE', ( #1202, #77, #114, #2168 ) ) ;
#2075 = DIRECTION ( 'NONE',  ( 0.000000000000000000, 0.000000000000000000, 1.000000000000000000 ) ) ;
#2076 = LINE ( 'NONE', #1148, #578 ) ;
#2077 = DIRECTION ( 'NONE',  ( -0.9850142137072597226, 0.1724731828275600787, 0.000000000000000000 ) ) ;
#2078 = DIRECTION ( 'NONE',  ( 0.000000000000000000, -0.000000000000000000, 1.000000000000000000 ) ) ;
#2079 = AXIS2_PLACEMENT_3D ( 'NONE', #704, #2039, #918 ) ;
#2080 = ORIENTED_EDGE ( 'NONE', *, *, #1491, .T. ) ;
#2081 = CARTESIAN_POINT ( 'NONE',  ( -2.610287666324262013, -93.85705393449291023, 2.299999999999999822 ) ) ;
#2082 = EDGE_CURVE ( 'NONE', #1430, #10, #1147, .T. ) ;
#2083 = EDGE_LOOP ( 'NONE', ( #207, #381, #1105, #2094, #2041, #843 ) ) ;
#2084 = DIRECTION ( 'NONE',  ( -2.016023975600421011E-16, -1.000000000000000000, -1.232595164407830946E-32 ) ) ;
#2085 = ORIENTED_EDGE ( 'NONE', *, *, #127, .T. ) ;
#2086 = CIRCLE ( 'NONE', #1039, 2.749999999999999112 ) ;
#2087 = LINE ( 'NONE', #1722, #661 ) ;
#2088 = LINE ( 'NONE', #407, #1183 ) ;
#2089 = CARTESIAN_POINT ( 'NONE',  ( 3.864579600901409506, -73.30635178134738794, -42.93251095273882356 ) ) ;
#2090 = AXIS2_PLACEMENT_3D ( 'NONE', #1820, #717, #809 ) ;
#2091 = VERTEX_POINT ( 'NONE', #61 ) ;
#2092 = CARTESIAN_POINT ( 'NONE',  ( 3.864579600901409506, -73.30635178134738794, -42.93251095273882356 ) ) ;
#2093 = AXIS2_PLACEMENT_3D ( 'NONE', #1561, #1455, #2194 ) ;
#2094 = ORIENTED_EDGE ( 'NONE', *, *, #2030, .F. ) ;
#2095 = CYLINDRICAL_SURFACE ( 'NONE', #1629, 2.749999999999997335 ) ;
#2096 = ORIENTED_EDGE ( 'NONE', *, *, #2118, .T. ) ;
#2097 = FACE_OUTER_BOUND ( 'NONE', #1087, .T. ) ;
#2098 = CARTESIAN_POINT ( 'NONE',  ( 0.000000000000000000, -93.39999999999999147, 0.000000000000000000 ) ) ;
#2099 = LINE ( 'NONE', #619, #1748 ) ;
#2100 = EDGE_CURVE ( 'NONE', #1152, #471, #1890, .T. ) ;
#2101 = CARTESIAN_POINT ( 'NONE',  ( -3.864579600900127865, -86.69364821865332260, 0.000000000000000000 ) ) ;
#2102 = ORIENTED_EDGE ( 'NONE', *, *, #1429, .F. ) ;
#2103 = LINE ( 'NONE', #1179, #375 ) ;
#2104 = ORIENTED_EDGE ( 'NONE', *, *, #583, .T. ) ;
#2105 = ADVANCED_FACE ( 'NONE', ( #2266 ), #430, .F. ) ;
#2106 = CARTESIAN_POINT ( 'NONE',  ( -13.30570456204282870, -75.33204846297552137, 2.299999999999999822 ) ) ;
#2107 = EDGE_LOOP ( 'NONE', ( #291, #1809 ) ) ;
#2108 = DIRECTION ( 'NONE',  ( -1.000000000000000000, 2.016023975600421011E-16, 0.000000000000000000 ) ) ;
#2109 = CARTESIAN_POINT ( 'NONE',  ( -24.00000000000002842, -59.00000000000000711, 11.09999999999997478 ) ) ;
#2110 = CYLINDRICAL_SURFACE ( 'NONE', #882, 1.899999999999999023 ) ;
#2111 = ORIENTED_EDGE ( 'NONE', *, *, #917, .T. ) ;
#2112 = LINE ( 'NONE', #2089, #848 ) ;
#2113 = ORIENTED_EDGE ( 'NONE', *, *, #1100, .T. ) ;
#2114 = FACE_OUTER_BOUND ( 'NONE', #797, .T. ) ;
#2115 = VECTOR ( 'NONE', #2151, 1000.000000000000114 ) ;
#2116 = CIRCLE ( 'NONE', #2232, 3.550000000000001155 ) ;
#2117 = ORIENTED_EDGE ( 'NONE', *, *, #63, .F. ) ;
#2118 = EDGE_CURVE ( 'NONE', #2231, #2249, #675, .T. ) ;
#2119 = CARTESIAN_POINT ( 'NONE',  ( -24.51250000000001350, -74.04999999999999716, 12.94999999999998863 ) ) ;
#2120 = VERTEX_POINT ( 'NONE', #1881 ) ;
#2121 = DIRECTION ( 'NONE',  ( 0.000000000000000000, 0.000000000000000000, 1.000000000000000000 ) ) ;
#2122 = VECTOR ( 'NONE', #483, 1000.000000000000000 ) ;
#2123 = LINE ( 'NONE', #1252, #1285 ) ;
#2124 = DIRECTION ( 'NONE',  ( 0.000000000000000000, 0.000000000000000000, 1.000000000000000000 ) ) ;
#2125 = EDGE_LOOP ( 'NONE', ( #2288, #693, #994, #1791 ) ) ;
#2126 = DIRECTION ( 'NONE',  ( 0.000000000000000000, 1.000000000000000000, 0.000000000000000000 ) ) ;
#2127 = VERTEX_POINT ( 'NONE', #256 ) ;
#2128 = CARTESIAN_POINT ( 'NONE',  ( 2.610287666325548095, -66.14294606550781452, 2.299999999999999822 ) ) ;
#2129 = AXIS2_PLACEMENT_3D ( 'NONE', #760, #1184, #1926 ) ;
#2130 = ADVANCED_FACE ( 'NONE', ( #628 ), #78, .F. ) ;
#2131 = ORIENTED_EDGE ( 'NONE', *, *, #1245, .T. ) ;
#2132 = VECTOR ( 'NONE', #806, 1000.000000000000000 ) ;
#2133 = MECHANICAL_DESIGN_GEOMETRIC_PRESENTATION_REPRESENTATION (  '', ( #738 ), #929 ) ;
#2134 = VECTOR ( 'NONE', #2198, 1000.000000000000000 ) ;
#2135 = FACE_BOUND ( 'NONE', #1297, .T. ) ;
#2136 = AXIS2_PLACEMENT_3D ( 'NONE', #695, #147, #1634 ) ;
#2137 = ORIENTED_EDGE ( 'NONE', *, *, #75, .F. ) ;
#2138 = EDGE_CURVE ( 'NONE', #589, #317, #1367, .T. ) ;
#2139 = DIRECTION ( 'NONE',  ( -0.9392839235730120473, 0.3431409490534289564, -0.000000000000000000 ) ) ;
#2140 = AXIS2_PLACEMENT_3D ( 'NONE', #826, #420, #1176 ) ;
#2141 = DIRECTION ( 'NONE',  ( 4.956352788505157154E-15, 1.000000000000000000, 0.000000000000000000 ) ) ;
#2142 = DIRECTION ( 'NONE',  ( -1.000000000000000000, 1.734723475976807094E-16, 0.000000000000000000 ) ) ;
#2143 = ORIENTED_EDGE ( 'NONE', *, *, #278, .T. ) ;
#2144 = DIRECTION ( 'NONE',  ( -1.000000000000000000, 0.000000000000000000, 0.000000000000000000 ) ) ;
#2145 = ORIENTED_EDGE ( 'NONE', *, *, #873, .T. ) ;
#2146 = DIRECTION ( 'NONE',  ( -0.000000000000000000, -0.000000000000000000, -1.000000000000000000 ) ) ;
#2147 = VERTEX_POINT ( 'NONE', #1186 ) ;
#2148 = CARTESIAN_POINT ( 'NONE',  ( 23.99999999999997158, -59.00000000000000711, 23.84999999999998010 ) ) ;
#2149 = CIRCLE ( 'NONE', #44, 1.899999999999999023 ) ;
#2150 = ORIENTED_EDGE ( 'NONE', *, *, #1194, .F. ) ;
#2151 = DIRECTION ( 'NONE',  ( 0.9392839235730122693, 0.3431409490534283457, -0.000000000000000000 ) ) ;
#2152 = DIRECTION ( 'NONE',  ( 0.6418732646537949060, -0.7668107407455110325, 0.000000000000000000 ) ) ;
#2153 = CARTESIAN_POINT ( 'NONE',  ( 20.00000000000000000, -74.80000000000001137, 8.799999999999981171 ) ) ;
#2154 = ORIENTED_EDGE ( 'NONE', *, *, #1291, .F. ) ;
#2155 = CARTESIAN_POINT ( 'NONE',  ( 20.00000000000000000, -80.00000000000000000, 2.299999999999999822 ) ) ;
#2156 = EDGE_CURVE ( 'NONE', #1374, #475, #1694, .T. ) ;
#2157 = LINE ( 'NONE', #1440, #2408 ) ;
#2158 = CARTESIAN_POINT ( 'NONE',  ( -11.60474041071085516, -86.69999999999960494, 0.000000000000000000 ) ) ;
#2159 = ORIENTED_EDGE ( 'NONE', *, *, #1299, .T. ) ;
#2160 = EDGE_CURVE ( 'NONE', #97, #95, #1174, .T. ) ;
#2161 = VERTEX_POINT ( 'NONE', #968 ) ;
#2162 = DIRECTION ( 'NONE',  ( 1.000000000000000000, 0.000000000000000000, 0.000000000000000000 ) ) ;
#2163 = EDGE_CURVE ( 'NONE', #1007, #1668, #1711, .T. ) ;
#2164 = CARTESIAN_POINT ( 'NONE',  ( 4.724999999997396394, -68.52516339985629656, -8.374011537024829366 ) ) ;
#2165 = CARTESIAN_POINT ( 'NONE',  ( -6.625000000000182965, -68.52516339985206173, 2.299999999999999822 ) ) ;
#2166 = ORIENTED_EDGE ( 'NONE', *, *, #528, .T. ) ;
#2167 = PLANE ( 'NONE',  #466 ) ;
#2168 = ORIENTED_EDGE ( 'NONE', *, *, #1100, .F. ) ;
#2169 = DIRECTION ( 'NONE',  ( -0.000000000000000000, -0.000000000000000000, -1.000000000000000000 ) ) ;
#2170 = ORIENTED_EDGE ( 'NONE', *, *, #229, .F. ) ;
#2171 = AXIS2_PLACEMENT_3D ( 'NONE', #2158, #2360, #2338 ) ;
#2172 = CIRCLE ( 'NONE', #376, 1.899999999999999023 ) ;
#2173 = CIRCLE ( 'NONE', #304, 3.550000000000001155 ) ;
#2174 = EDGE_LOOP ( 'NONE', ( #656, #392, #1955, #1936, #1413, #2241, #1914, #2113 ) ) ;
#2175 = LINE ( 'NONE', #293, #403 ) ;
#2176 = VECTOR ( 'NONE', #1163, 1000.000000000000000 ) ;
#2177 = FACE_BOUND ( 'NONE', #627, .T. ) ;
#2178 = DIRECTION ( 'NONE',  ( -4.956352788505156365E-15, -1.000000000000000000, 0.000000000000000000 ) ) ;
#2179 = ORIENTED_EDGE ( 'NONE', *, *, #737, .F. ) ;
#2180 = CARTESIAN_POINT ( 'NONE',  ( -24.51250000000001350, -74.04999999999999716, 12.94999999999998863 ) ) ;
#2181 = CARTESIAN_POINT ( 'NONE',  ( 4.724999999997396394, -68.52516339985629656, 2.299999999999999822 ) ) ;
#2182 = DIRECTION ( 'NONE',  ( 1.000000000000000000, 0.000000000000000000, 0.000000000000000000 ) ) ;
#2183 = EDGE_CURVE ( 'NONE', #2249, #2307, #1330, .T. ) ;
#2184 = ORIENTED_EDGE ( 'NONE', *, *, #1718, .F. ) ;
#2185 = EDGE_LOOP ( 'NONE', ( #73, #2070, #68, #832 ) ) ;
#2186 = EDGE_CURVE ( 'NONE', #1376, #545, #1537, .T. ) ;
#2187 = CARTESIAN_POINT ( 'NONE',  ( -28.99999999999999645, -50.00000000000000000, -3.000000000000002665 ) ) ;
#2188 = LINE ( 'NONE', #1593, #446 ) ;
#2189 = ORIENTED_EDGE ( 'NONE', *, *, #1672, .F. ) ;
#2190 = FACE_OUTER_BOUND ( 'NONE', #1811, .T. ) ;
#2191 = DIRECTION ( 'NONE',  ( -0.000000000000000000, -0.000000000000000000, 1.000000000000000000 ) ) ;
#2192 = LINE ( 'NONE', #112, #2409 ) ;
#2193 = EDGE_LOOP ( 'NONE', ( #1366, #494 ) ) ;
#2194 = DIRECTION ( 'NONE',  ( 1.000000000000000000, 0.000000000000000000, 0.000000000000000000 ) ) ;
#2195 = CYLINDRICAL_SURFACE ( 'NONE', #2389, 1.900000000000000577 ) ;
#2196 = CARTESIAN_POINT ( 'NONE',  ( -28.06250000000001421, -74.04999999999999716, 12.94999999999998863 ) ) ;
#2197 = ORIENTED_EDGE ( 'NONE', *, *, #1718, .T. ) ;
#2198 = DIRECTION ( 'NONE',  ( -0.000000000000000000, -0.000000000000000000, 1.000000000000000000 ) ) ;
#2199 = FACE_OUTER_BOUND ( 'NONE', #1731, .T. ) ;
#2200 = PLANE ( 'NONE',  #1161 ) ;
#2201 = VECTOR ( 'NONE', #244, 1000.000000000000000 ) ;
#2202 = ORIENTED_EDGE ( 'NONE', *, *, #2004, .T. ) ;
#2203 = DIRECTION ( 'NONE',  ( 0.000000000000000000, 0.000000000000000000, 1.000000000000000000 ) ) ;
#2204 = VECTOR ( 'NONE', #1569, 1000.000000000000000 ) ;
#2205 = AXIS2_PLACEMENT_3D ( 'NONE', #772, #1136, #1757 ) ;
#2206 = FILL_AREA_STYLE_COLOUR ( '', #1182 ) ;
#2207 = DIRECTION ( 'NONE',  ( -0.000000000000000000, -0.000000000000000000, 1.000000000000000000 ) ) ;
#2208 = AXIS2_PLACEMENT_3D ( 'NONE', #2298, #1738, #1897 ) ;
#2209 = ORIENTED_EDGE ( 'NONE', *, *, #330, .F. ) ;
#2210 = ADVANCED_FACE ( 'NONE', ( #393 ), #417, .T. ) ;
#2211 = EDGE_CURVE ( 'NONE', #2347, #2239, #1273, .T. ) ;
#2212 = CYLINDRICAL_SURFACE ( 'NONE', #591, 1.899999999999999023 ) ;
#2213 = VECTOR ( 'NONE', #351, 1000.000000000000000 ) ;
#2214 = EDGE_CURVE ( 'NONE', #1400, #1020, #1387, .T. ) ;
#2215 = PLANE ( 'NONE',  #421 ) ;
#2216 = DIRECTION ( 'NONE',  ( 1.734723475976807094E-16, 1.000000000000000000, 0.000000000000000000 ) ) ;
#2217 = ORIENTED_EDGE ( 'NONE', *, *, #1395, .T. ) ;
#2218 = DIRECTION ( 'NONE',  ( 0.000000000000000000, 0.000000000000000000, -1.000000000000000000 ) ) ;
#2219 =( NAMED_UNIT ( * ) PLANE_ANGLE_UNIT ( ) SI_UNIT ( $, .RADIAN. ) );
#2220 = FACE_OUTER_BOUND ( 'NONE', #1637, .T. ) ;
#2221 = ORIENTED_EDGE ( 'NONE', *, *, #1802, .F. ) ;
#2222 = DIRECTION ( 'NONE',  ( 0.1724731828275080092, -0.9850142137072687154, -0.000000000000000000 ) ) ;
#2223 = DIRECTION ( 'NONE',  ( 1.000000000000000000, 0.000000000000000000, 0.000000000000000000 ) ) ;
#2224 = DIRECTION ( 'NONE',  ( -0.000000000000000000, 0.000000000000000000, -1.000000000000000000 ) ) ;
#2225 = EDGE_CURVE ( 'NONE', #698, #1696, #2317, .T. ) ;
#2226 = ORIENTED_EDGE ( 'NONE', *, *, #14, .F. ) ;
#2227 = CARTESIAN_POINT ( 'NONE',  ( 11.60474041071213591, -73.30000000000109139, 2.299999999999999822 ) ) ;
#2228 =( LENGTH_UNIT ( ) NAMED_UNIT ( * ) SI_UNIT ( .MILLI., .METRE. ) );
#2229 = PLANE ( 'NONE',  #1312 ) ;
#2230 = EDGE_CURVE ( 'NONE', #1133, #2302, #1583, .T. ) ;
#2231 = VERTEX_POINT ( 'NONE', #1356 ) ;
#2232 = AXIS2_PLACEMENT_3D ( 'NONE', #106, #1996, #498 ) ;
#2233 = CARTESIAN_POINT ( 'NONE',  ( -20.05000000000003624, -74.80000000000001137, 2.300000000000001599 ) ) ;
#2234 = ADVANCED_FACE ( 'NONE', ( #2097 ), #101, .F. ) ;
#2235 = CARTESIAN_POINT ( 'NONE',  ( 0.000000000000000000, -80.00000000000000000, 2.299999999999999822 ) ) ;
#2236 = FACE_OUTER_BOUND ( 'NONE', #1680, .T. ) ;
#2237 = ORIENTED_EDGE ( 'NONE', *, *, #302, .F. ) ;
#2238 = DIRECTION ( 'NONE',  ( 1.000000000000000000, 0.000000000000000000, 0.000000000000000000 ) ) ;
#2239 = VERTEX_POINT ( 'NONE', #1759 ) ;
#2240 = DIRECTION ( 'NONE',  ( -0.000000000000000000, -0.000000000000000000, 1.000000000000000000 ) ) ;
#2241 = ORIENTED_EDGE ( 'NONE', *, *, #63, .T. ) ;
#2242 = DIRECTION ( 'NONE',  ( -0.000000000000000000, -0.000000000000000000, -1.000000000000000000 ) ) ;
#2243 = VECTOR ( 'NONE', #37, 1000.000000000000000 ) ;
#2244 = CARTESIAN_POINT ( 'NONE',  ( -2.610287666324261124, -93.85705393449291023, 0.000000000000000000 ) ) ;
#2245 = EDGE_CURVE ( 'NONE', #308, #100, #1994, .T. ) ;
#2246 = DIRECTION ( 'NONE',  ( -1.000000000000000000, -0.000000000000000000, 0.000000000000000000 ) ) ;
#2247 = VECTOR ( 'NONE', #2271, 1000.000000000000114 ) ;
#2248 = EDGE_CURVE ( 'NONE', #2239, #471, #145, .T. ) ;
#2249 = VERTEX_POINT ( 'NONE', #863 ) ;
#2250 = CARTESIAN_POINT ( 'NONE',  ( -24.00000000000002842, -50.00000000000000000, 21.09999999999997300 ) ) ;
#2251 = ORIENTED_EDGE ( 'NONE', *, *, #1601, .F. ) ;
#2252 = AXIS2_PLACEMENT_3D ( 'NONE', #1382, #1917, #1332 ) ;
#2253 = ADVANCED_FACE ( 'NONE', ( #1793 ), #2367, .F. ) ;
#2254 = DIRECTION ( 'NONE',  ( 1.000000000000000000, 0.000000000000000000, 0.000000000000000000 ) ) ;
#2255 = VERTEX_POINT ( 'NONE', #1982 ) ;
#2256 = CARTESIAN_POINT ( 'NONE',  ( 11.60474041071149109, -86.70000000000074181, 2.299999999999999822 ) ) ;
#2257 = CARTESIAN_POINT ( 'NONE',  ( -8.524999999999280931, -68.52516339985206173, 2.299999999999999822 ) ) ;
#2258 = DIRECTION ( 'NONE',  ( 1.000000000000000000, 0.000000000000000000, 0.000000000000000000 ) ) ;
#2259 = CARTESIAN_POINT ( 'NONE',  ( 5.000000000000001776, -80.00000000000000000, -2.999999999999999112 ) ) ;
#2260 = ORIENTED_EDGE ( 'NONE', *, *, #1538, .F. ) ;
#2261 = VECTOR ( 'NONE', #565, 1000.000000000000000 ) ;
#2262 = LINE ( 'NONE', #1692, #855 ) ;
#2263 = ORIENTED_EDGE ( 'NONE', *, *, #156, .T. ) ;
#2264 = CARTESIAN_POINT ( 'NONE',  ( 6.624999999999895195, -68.52516339985629656, 2.299999999999999822 ) ) ;
#2265 = EDGE_LOOP ( 'NONE', ( #85, #1403, #1838, #2237 ) ) ;
#2266 = FACE_OUTER_BOUND ( 'NONE', #805, .T. ) ;
#2267 = CARTESIAN_POINT ( 'NONE',  ( -20.05000000000001137, -50.00000000000000000, 8.799999999999995381 ) ) ;
#2268 = FACE_OUTER_BOUND ( 'NONE', #1270, .T. ) ;
#2269 = CARTESIAN_POINT ( 'NONE',  ( 8.756016744992933809E-13, -80.00000000000167688, 8.799999999999997158 ) ) ;
#2270 = EDGE_LOOP ( 'NONE', ( #499, #482 ) ) ;
#2271 = DIRECTION ( 'NONE',  ( -0.9392839235730116032, -0.3431409490534301221, -0.000000000000000000 ) ) ;
#2272 = ORIENTED_EDGE ( 'NONE', *, *, #2082, .F. ) ;
#2273 = ADVANCED_FACE ( 'NONE', ( #1420, #1804 ), #119, .T. ) ;
#2274 = DIRECTION ( 'NONE',  ( -0.000000000000000000, -0.000000000000000000, 1.000000000000000000 ) ) ;
#2275 = EDGE_LOOP ( 'NONE', ( #2117, #219, #178, #807 ) ) ;
#2276 = DIRECTION ( 'NONE',  ( -0.000000000000000000, -0.000000000000000000, -1.000000000000000000 ) ) ;
#2277 = CIRCLE ( 'NONE', #1544, 2.749999999999997335 ) ;
#2278 = AXIS2_PLACEMENT_3D ( 'NONE', #1359, #237, #1557 ) ;
#2279 = CARTESIAN_POINT ( 'NONE',  ( 23.99999999999997158, -59.00000000000000711, 26.59999999999997655 ) ) ;
#2280 = CYLINDRICAL_SURFACE ( 'NONE', #386, 1.899999999999999023 ) ;
#2281 = LINE ( 'NONE', #793, #1858 ) ;
#2282 = CIRCLE ( 'NONE', #1779, 1.900000000000000577 ) ;
#2283 = ADVANCED_FACE ( 'NONE', ( #309, #2332 ), #1626, .F. ) ;
#2284 = ORIENTED_EDGE ( 'NONE', *, *, #377, .F. ) ;
#2285 = CARTESIAN_POINT ( 'NONE',  ( 2.610287666325547651, -66.14294606550781452, 0.000000000000000000 ) ) ;
#2286 = AXIS2_PLACEMENT_3D ( 'NONE', #833, #1378, #1408 ) ;
#2287 = VECTOR ( 'NONE', #361, 1000.000000000000227 ) ;
#2288 = ORIENTED_EDGE ( 'NONE', *, *, #1743, .T. ) ;
#2289 = CIRCLE ( 'NONE', #1247, 1.900000000002498579 ) ;
#2290 = DIRECTION ( 'NONE',  ( 0.000000000000000000, 0.000000000000000000, 1.000000000000000000 ) ) ;
#2291 = VERTEX_POINT ( 'NONE', #1055 ) ;
#2292 = CARTESIAN_POINT ( 'NONE',  ( 23.99999999999997158, -59.00000000000000711, 13.84999999999997655 ) ) ;
#2293 = CARTESIAN_POINT ( 'NONE',  ( 0.000000000000000000, -80.00000000000000000, 0.000000000000000000 ) ) ;
#2294 = LINE ( 'NONE', #980, #1690 ) ;
#2295 = ORIENTED_EDGE ( 'NONE', *, *, #637, .T. ) ;
#2296 = DIRECTION ( 'NONE',  ( -1.000000000000000000, 2.016023975600421257E-16, 0.000000000000000000 ) ) ;
#2297 = VERTEX_POINT ( 'NONE', #875 ) ;
#2298 = CARTESIAN_POINT ( 'NONE',  ( 24.52499999999999147, -62.39999999999998437, 28.89999999999999503 ) ) ;
#2299 = EDGE_CURVE ( 'NONE', #95, #1668, #1251, .T. ) ;
#2300 = ORIENTED_EDGE ( 'NONE', *, *, #493, .F. ) ;
#2301 = DIRECTION ( 'NONE',  ( 0.000000000000000000, 0.000000000000000000, -1.000000000000000000 ) ) ;
#2302 = VERTEX_POINT ( 'NONE', #1066 ) ;
#2303 = CARTESIAN_POINT ( 'NONE',  ( -6.874999999999909406, -91.90784930203599856, 2.299999999999999822 ) ) ;
#2304 = LINE ( 'NONE', #1398, #541 ) ;
#2305 = ADVANCED_FACE ( 'NONE', ( #667 ), #689, .F. ) ;
#2306 = DIRECTION ( 'NONE',  ( 1.000000000000000000, 0.000000000000000000, 0.000000000000000000 ) ) ;
#2307 = VERTEX_POINT ( 'NONE', #1212 ) ;
#2308 = EDGE_CURVE ( 'NONE', #883, #1648, #141, .T. ) ;
#2309 = CYLINDRICAL_SURFACE ( 'NONE', #774, 2.650000000000002132 ) ;
#2310 = ORIENTED_EDGE ( 'NONE', *, *, #433, .F. ) ;
#2311 = LINE ( 'NONE', #239, #1821 ) ;
#2312 = AXIS2_PLACEMENT_3D ( 'NONE', #2344, #1590, #2162 ) ;
#2313 = ORIENTED_EDGE ( 'NONE', *, *, #1829, .T. ) ;
#2314 = CARTESIAN_POINT ( 'NONE',  ( -24.00000000000002842, -50.00000000000000000, 11.09999999999997478 ) ) ;
#2315 = ORIENTED_EDGE ( 'NONE', *, *, #1549, .T. ) ;
#2316 = DIRECTION ( 'NONE',  ( 0.000000000000000000, 0.000000000000000000, -1.000000000000000000 ) ) ;
#2317 = CIRCLE ( 'NONE', #102, 1.900000000000000577 ) ;
#2318 = FACE_OUTER_BOUND ( 'NONE', #396, .T. ) ;
#2319 = FACE_OUTER_BOUND ( 'NONE', #1448, .T. ) ;
#2320 = ORIENTED_EDGE ( 'NONE', *, *, #1450, .F. ) ;
#2321 = PLANE ( 'NONE',  #71 ) ;
#2322 = EDGE_CURVE ( 'NONE', #10, #100, #456, .T. ) ;
#2323 = VERTEX_POINT ( 'NONE', #273 ) ;
#2324 = LINE ( 'NONE', #57, #298 ) ;
#2325 = EDGE_LOOP ( 'NONE', ( #2330, #975 ) ) ;
#2326 = AXIS2_PLACEMENT_3D ( 'NONE', #1755, #84, #449 ) ;
#2327 = CIRCLE ( 'NONE', #1706, 2.749999999999999112 ) ;
#2328 = DIRECTION ( 'NONE',  ( 0.000000000000000000, 0.000000000000000000, 1.000000000000000000 ) ) ;
#2329 = AXIS2_PLACEMENT_3D ( 'NONE', #669, #2152, #457 ) ;
#2330 = ORIENTED_EDGE ( 'NONE', *, *, #230, .F. ) ;
#2331 = EDGE_CURVE ( 'NONE', #1822, #1195, #643, .T. ) ;
#2332 = FACE_OUTER_BOUND ( 'NONE', #423, .T. ) ;
#2333 = LINE ( 'NONE', #2164, #969 ) ;
#2334 = DIRECTION ( 'NONE',  ( -0.000000000000000000, -0.000000000000000000, 1.000000000000000000 ) ) ;
#2335 = ORIENTED_EDGE ( 'NONE', *, *, #2299, .F. ) ;
#2336 = PLANE ( 'NONE',  #31 ) ;
#2337 = FACE_OUTER_BOUND ( 'NONE', #636, .T. ) ;
#2338 = DIRECTION ( 'NONE',  ( -1.000000000000000000, 0.000000000000000000, 0.000000000000000000 ) ) ;
#2339 = EDGE_CURVE ( 'NONE', #1859, #1880, #1689, .T. ) ;
#2340 = ORIENTED_EDGE ( 'NONE', *, *, #2035, .F. ) ;
#2341 = EDGE_CURVE ( 'NONE', #2091, #412, #1410, .T. ) ;
#2342 = VECTOR ( 'NONE', #201, 1000.000000000000000 ) ;
#2343 = ORIENTED_EDGE ( 'NONE', *, *, #270, .F. ) ;
#2344 = CARTESIAN_POINT ( 'NONE',  ( 0.000000000000000000, -80.00000000000000000, 2.299999999999999822 ) ) ;
#2345 = DIRECTION ( 'NONE',  ( 1.000000000000000000, 0.000000000000000000, 0.000000000000000000 ) ) ;
#2346 = FACE_OUTER_BOUND ( 'NONE', #477, .T. ) ;
#2347 = VERTEX_POINT ( 'NONE', #1223 ) ;
#2348 = DIRECTION ( 'NONE',  ( 0.9850142137072688264, -0.1724731828275078982, 0.000000000000000000 ) ) ;
#2349 = LINE ( 'NONE', #515, #305 ) ;
#2350 = FACE_OUTER_BOUND ( 'NONE', #445, .T. ) ;
#2351 = ORIENTED_EDGE ( 'NONE', *, *, #1908, .T. ) ;
#2352 = ORIENTED_EDGE ( 'NONE', *, *, #688, .F. ) ;
#2353 = DIRECTION ( 'NONE',  ( 0.7668107407454596292, -0.6418732646538563014, 0.000000000000000000 ) ) ;
#2354 = EDGE_CURVE ( 'NONE', #2386, #353, #2175, .T. ) ;
#2355 = CARTESIAN_POINT ( 'NONE',  ( 20.05000000000000782, -49.99999999999993605, 28.89999999999999503 ) ) ;
#2356 = DIRECTION ( 'NONE',  ( 0.000000000000000000, 1.000000000000000000, 0.000000000000000000 ) ) ;
#2357 = ORIENTED_EDGE ( 'NONE', *, *, #1277, .T. ) ;
#2358 = DIRECTION ( 'NONE',  ( -1.000000000000000000, 0.000000000000000000, 0.000000000000000000 ) ) ;
#2359 = ORIENTED_EDGE ( 'NONE', *, *, #450, .T. ) ;
#2360 = DIRECTION ( 'NONE',  ( -0.000000000000000000, -0.000000000000000000, 1.000000000000000000 ) ) ;
#2361 = EDGE_CURVE ( 'NONE', #253, #436, #496, .T. ) ;
#2362 = ORIENTED_EDGE ( 'NONE', *, *, #2414, .T. ) ;
#2363 = ORIENTED_EDGE ( 'NONE', *, *, #156, .F. ) ;
#2364 = AXIS2_PLACEMENT_3D ( 'NONE', #1318, #600, #232 ) ;
#2365 = AXIS2_PLACEMENT_3D ( 'NONE', #1311, #1102, #2238 ) ;
#2366 = AXIS2_PLACEMENT_3D ( 'NONE', #2180, #1415, #1059 ) ;
#2367 = PLANE ( 'NONE',  #1077 ) ;
#2368 = CIRCLE ( 'NONE', #1591, 3.550000000000001155 ) ;
#2369 = CARTESIAN_POINT ( 'NONE',  ( -24.52500000000000568, -62.39999999999999858, 28.14999999999999503 ) ) ;
#2370 = LINE ( 'NONE', #706, #1545 ) ;
#2371 = ORIENTED_EDGE ( 'NONE', *, *, #371, .T. ) ;
#2372 = FACE_OUTER_BOUND ( 'NONE', #398, .T. ) ;
#2373 = CARTESIAN_POINT ( 'NONE',  ( -2.610287666324261568, -93.85705393449291023, 0.000000000000000000 ) ) ;
#2374 = DIRECTION ( 'NONE',  ( -2.016023975600421011E-16, -1.000000000000000000, -1.232595164407830946E-32 ) ) ;
#2375 = EDGE_LOOP ( 'NONE', ( #1339, #755 ) ) ;
#2376 = CARTESIAN_POINT ( 'NONE',  ( 20.00000000000000355, -59.80000000000000426, 2.299999999999998046 ) ) ;
#2377 = ADVANCED_FACE ( 'NONE', ( #1295 ), #1078, .F. ) ;
#2378 = ORIENTED_EDGE ( 'NONE', *, *, #425, .T. ) ;
#2379 = DIRECTION ( 'NONE',  ( 1.000000000000000000, 0.000000000000000000, 0.000000000000000000 ) ) ;
#2380 = CARTESIAN_POINT ( 'NONE',  ( -7.729159201799991052, -79.99999999999965894, 0.000000000000000000 ) ) ;
#2381 = ORIENTED_EDGE ( 'NONE', *, *, #583, .F. ) ;
#2382 = CARTESIAN_POINT ( 'NONE',  ( -20.05000000000003268, -59.79999999999999716, 2.300000000000001599 ) ) ;
#2383 = LINE ( 'NONE', #744, #2287 ) ;
#2384 = FACE_BOUND ( 'NONE', #733, .T. ) ;
#2385 = ADVANCED_FACE ( 'NONE', ( #365 ), #2195, .F. ) ;
#2386 = VERTEX_POINT ( 'NONE', #1112 ) ;
#2387 = FACE_BOUND ( 'NONE', #625, .T. ) ;
#2388 = ADVANCED_FACE ( 'NONE', ( #176, #725 ), #1660, .T. ) ;
#2389 = AXIS2_PLACEMENT_3D ( 'NONE', #2402, #1640, #1845 ) ;
#2390 = EDGE_CURVE ( 'NONE', #300, #1409, #1459, .T. ) ;
#2391 = AXIS2_PLACEMENT_3D ( 'NONE', #2, #1445, #530 ) ;
#2392 = DIRECTION ( 'NONE',  ( -2.016023975600421011E-16, -1.000000000000000000, -1.232595164407830946E-32 ) ) ;
#2393 = ORIENTED_EDGE ( 'NONE', *, *, #1964, .F. ) ;
#2394 = DIRECTION ( 'NONE',  ( 0.000000000000000000, 0.000000000000000000, -1.000000000000000000 ) ) ;
#2395 = SURFACE_STYLE_FILL_AREA ( #203 ) ;
#2396 = CARTESIAN_POINT ( 'NONE',  ( -7.729159201799991052, -79.99999999999965894, -42.93251095273882356 ) ) ;
#2397 = ORIENTED_EDGE ( 'NONE', *, *, #597, .T. ) ;
#2398 = DIRECTION ( 'NONE',  ( -0.1724731828275077872, 0.9850142137072688264, 0.000000000000000000 ) ) ;
#2399 = VECTOR ( 'NONE', #125, 1000.000000000000000 ) ;
#2400 = AXIS2_PLACEMENT_3D ( 'NONE', #804, #1344, #606 ) ;
#2401 = AXIS2_PLACEMENT_3D ( 'NONE', #2369, #1275, #158 ) ;
#2402 = CARTESIAN_POINT ( 'NONE',  ( 6.874999999998321343, -91.90784930203709280, -8.374011537024829366 ) ) ;
#2403 = FACE_OUTER_BOUND ( 'NONE', #2193, .T. ) ;
#2404 = AXIS2_PLACEMENT_3D ( 'NONE', #2148, #846, #1659 ) ;
#2405 = EDGE_CURVE ( 'NONE', #545, #1643, #2005, .T. ) ;
#2406 = EDGE_LOOP ( 'NONE', ( #770, #1950 ) ) ;
#2407 = CARTESIAN_POINT ( 'NONE',  ( -24.52500000000000568, -62.39999999999999858, 24.39999999999999503 ) ) ;
#2408 = VECTOR ( 'NONE', #2191, 1000.000000000000000 ) ;
#2409 = VECTOR ( 'NONE', #1827, 1000.000000000000000 ) ;
#2410 = DIRECTION ( 'NONE',  ( 1.000000000000000000, 0.000000000000000000, 0.000000000000000000 ) ) ;
#2411 = LINE ( 'NONE', #1280, #1040 ) ;
#2412 = VERTEX_POINT ( 'NONE', #331 ) ;
#2413 = CARTESIAN_POINT ( 'NONE',  ( 11.60474041071149109, -86.70000000000074181, -42.93251095273882356 ) ) ;
#2414 = EDGE_CURVE ( 'NONE', #2231, #2297, #378, .T. ) ;
ENDSEC;
END-ISO-10303-21;
