ISO-10303-21;
HEADER;
FILE_DESCRIPTION (( 'STEP AP214' ),
    '1' );
FILE_NAME ('010_018_Camera_mount.STEP',
    '2024-07-21T08:38:44',
    ( '' ),
    ( '' ),
    'SwSTEP 2.0',
    'SolidWorks 2019',
    '' );
FILE_SCHEMA (( 'AUTOMOTIVE_DESIGN' ));
ENDSEC;

DATA;
#1 = DIRECTION ( 'NONE',  ( 0.000000000000000000, -0.000000000000000000, 1.000000000000000000 ) ) ;
#2 = CARTESIAN_POINT ( 'NONE',  ( 0.000000000000000000, 0.000000000000000000, -87.04999999999996874 ) ) ;
#3 = DIRECTION ( 'NONE',  ( -1.000000000000000000, 0.000000000000000000, -0.000000000000000000 ) ) ;
#4 = ORIENTED_EDGE ( 'NONE', *, *, #211, .F. ) ;
#5 = FACE_BOUND ( 'NONE', #1914, .T. ) ;
#6 = ORIENTED_EDGE ( 'NONE', *, *, #63, .F. ) ;
#7 =( NAMED_UNIT ( * ) SI_UNIT ( $, .STERADIAN. ) SOLID_ANGLE_UNIT ( ) );
#8 = CARTESIAN_POINT ( 'NONE',  ( -10.50000000000000000, -66.47500000000000853, -3.999999999999992450 ) ) ;
#9 = ORIENTED_EDGE ( 'NONE', *, *, #1507, .T. ) ;
#10 = EDGE_CURVE ( 'NONE', #2847, #894, #3512, .T. ) ;
#11 = CARTESIAN_POINT ( 'NONE',  ( -9.699999999999990408, -44.47500000000000853, -81.04999999999999716 ) ) ;
#12 = ORIENTED_EDGE ( 'NONE', *, *, #989, .T. ) ;
#13 = EDGE_CURVE ( 'NONE', #3084, #31, #1792, .T. ) ;
#14 = ORIENTED_EDGE ( 'NONE', *, *, #2641, .T. ) ;
#15 = FACE_OUTER_BOUND ( 'NONE', #2806, .T. ) ;
#16 = DIRECTION ( 'NONE',  ( 0.000000000000000000, 0.000000000000000000, 1.000000000000000000 ) ) ;
#17 = CARTESIAN_POINT ( 'NONE',  ( 9.700000000000001066, -43.97500000000000853, -24.54999999999999716 ) ) ;
#18 = ORIENTED_EDGE ( 'NONE', *, *, #803, .F. ) ;
#19 = CARTESIAN_POINT ( 'NONE',  ( -8.199999999999990408, -41.47500000000000142, -81.04999999999999716 ) ) ;
#20 = VERTEX_POINT ( 'NONE', #2604 ) ;
#21 = CARTESIAN_POINT ( 'NONE',  ( 8.999999999999985789, -41.47500000000000142, -5.499999999999988454 ) ) ;
#22 = CYLINDRICAL_SURFACE ( 'NONE', #567, 3.249999999999999556 ) ;
#23 = DIRECTION ( 'NONE',  ( 1.000000000000000000, 0.000000000000000000, 0.000000000000000000 ) ) ;
#24 = ORIENTED_EDGE ( 'NONE', *, *, #26, .T. ) ;
#25 = FACE_OUTER_BOUND ( 'NONE', #2951, .T. ) ;
#26 = EDGE_CURVE ( 'NONE', #139, #2218, #354, .T. ) ;
#27 = VERTEX_POINT ( 'NONE', #1628 ) ;
#28 = AXIS2_PLACEMENT_3D ( 'NONE', #3643, #2365, #2071 ) ;
#29 = VECTOR ( 'NONE', #2961, 1000.000000000000000 ) ;
#30 = EDGE_CURVE ( 'NONE', #2377, #4038, #2848, .T. ) ;
#31 = VERTEX_POINT ( 'NONE', #3491 ) ;
#32 = DIRECTION ( 'NONE',  ( -1.239088197126290817E-16, 1.000000000000000000, -3.582458973934590448E-32 ) ) ;
#33 = DIRECTION ( 'NONE',  ( 1.239088197126290817E-16, -1.000000000000000000, 3.582458973934590448E-32 ) ) ;
#34 = VECTOR ( 'NONE', #1869, 1000.000000000000000 ) ;
#35 = ADVANCED_BREP_SHAPE_REPRESENTATION ( '010_018_Camera_mount', ( #1669, #1826 ), #2090 ) ;
#36 = VECTOR ( 'NONE', #1474, 1000.000000000000000 ) ;
#37 = AXIS2_PLACEMENT_3D ( 'NONE', #3486, #2476, #3734 ) ;
#38 = ADVANCED_FACE ( 'NONE', ( #15 ), #990, .F. ) ;
#39 = ORIENTED_EDGE ( 'NONE', *, *, #3404, .F. ) ;
#40 = CYLINDRICAL_SURFACE ( 'NONE', #223, 2.399999999999999467 ) ;
#41 = AXIS2_PLACEMENT_3D ( 'NONE', #604, #2736, #278 ) ;
#42 = ORIENTED_EDGE ( 'NONE', *, *, #404, .F. ) ;
#43 = FACE_OUTER_BOUND ( 'NONE', #3458, .T. ) ;
#44 = AXIS2_PLACEMENT_3D ( 'NONE', #1424, #2688, #3959 ) ;
#45 = DIRECTION ( 'NONE',  ( -1.000000000000000000, 0.000000000000000000, 0.000000000000000000 ) ) ;
#46 = DIRECTION ( 'NONE',  ( -0.000000000000000000, 0.000000000000000000, 1.000000000000000000 ) ) ;
#47 = ORIENTED_EDGE ( 'NONE', *, *, #2966, .T. ) ;
#48 = CIRCLE ( 'NONE', #113, 2.399999999999999467 ) ;
#49 = FACE_BOUND ( 'NONE', #3427, .T. ) ;
#50 = LINE ( 'NONE', #2167, #3938 ) ;
#51 = ORIENTED_EDGE ( 'NONE', *, *, #3109, .F. ) ;
#52 = VECTOR ( 'NONE', #568, 1000.000000000000000 ) ;
#53 = CIRCLE ( 'NONE', #904, 2.399999999999999467 ) ;
#54 = EDGE_LOOP ( 'NONE', ( #1214, #708, #685, #2837, #787, #3221, #176, #1902, #274, #312, #3888, #2621 ) ) ;
#55 = CARTESIAN_POINT ( 'NONE',  ( -13.19999999999999218, -41.47500000000000142, -81.04999999999999716 ) ) ;
#56 = VECTOR ( 'NONE', #1459, 1000.000000000000000 ) ;
#57 = CYLINDRICAL_SURFACE ( 'NONE', #289, 2.399999999999999467 ) ;
#58 = EDGE_CURVE ( 'NONE', #222, #3642, #3533, .T. ) ;
#59 = VERTEX_POINT ( 'NONE', #1279 ) ;
#60 = EDGE_LOOP ( 'NONE', ( #1123, #495 ) ) ;
#61 = LINE ( 'NONE', #2249, #96 ) ;
#62 = EDGE_LOOP ( 'NONE', ( #2380, #1331 ) ) ;
#63 = EDGE_CURVE ( 'NONE', #865, #1943, #98, .T. ) ;
#64 = CARTESIAN_POINT ( 'NONE',  ( 25.00000000000005684, 3.097720492815734167E-15, -87.04999999999996874 ) ) ;
#65 = DIRECTION ( 'NONE',  ( -0.000000000000000000, -0.000000000000000000, -1.000000000000000000 ) ) ;
#66 = DIRECTION ( 'NONE',  ( 1.000000000000000000, 0.000000000000000000, 0.000000000000000000 ) ) ;
#67 = ORIENTED_EDGE ( 'NONE', *, *, #942, .T. ) ;
#68 = ADVANCED_FACE ( 'NONE', ( #3178 ), #2895, .F. ) ;
#69 = CARTESIAN_POINT ( 'NONE',  ( -9.999999999999998224, -7.475000000000002309, 2.999999999999999112 ) ) ;
#70 = DIRECTION ( 'NONE',  ( -0.000000000000000000, -0.000000000000000000, -1.000000000000000000 ) ) ;
#71 = CARTESIAN_POINT ( 'NONE',  ( -13.00499999999999545, -34.47499999999996589, -87.04999999999996874 ) ) ;
#72 = ORIENTED_EDGE ( 'NONE', *, *, #2315, .F. ) ;
#73 = CARTESIAN_POINT ( 'NONE',  ( 9.700000000000001066, -41.47500000000000142, -24.54999999999999716 ) ) ;
#74 = ORIENTED_EDGE ( 'NONE', *, *, #3780, .T. ) ;
#75 = DIRECTION ( 'NONE',  ( 0.000000000000000000, 0.000000000000000000, 1.000000000000000000 ) ) ;
#76 = DIRECTION ( 'NONE',  ( -1.000000000000000000, 0.000000000000000000, 0.000000000000000000 ) ) ;
#77 = ORIENTED_EDGE ( 'NONE', *, *, #653, .F. ) ;
#78 = EDGE_LOOP ( 'NONE', ( #1894, #3693, #1480, #2070 ) ) ;
#79 = EDGE_CURVE ( 'NONE', #1415, #1258, #3991, .T. ) ;
#80 = DIRECTION ( 'NONE',  ( 0.000000000000000000, 0.000000000000000000, 1.000000000000000000 ) ) ;
#81 = ORIENTED_EDGE ( 'NONE', *, *, #3622, .T. ) ;
#82 = DIRECTION ( 'NONE',  ( 1.000000000000000000, 0.000000000000000000, 0.000000000000000000 ) ) ;
#83 = CYLINDRICAL_SURFACE ( 'NONE', #1751, 3.499999999999999556 ) ;
#84 = EDGE_CURVE ( 'NONE', #1561, #3350, #2520, .T. ) ;
#85 = DIRECTION ( 'NONE',  ( 1.000000000000000000, 0.000000000000000000, 0.000000000000000000 ) ) ;
#86 =( LENGTH_UNIT ( ) NAMED_UNIT ( * ) SI_UNIT ( .MILLI., .METRE. ) );
#87 = DIRECTION ( 'NONE',  ( -1.000000000000000000, 0.000000000000000000, 0.000000000000000000 ) ) ;
#88 = CARTESIAN_POINT ( 'NONE',  ( 9.700000000000001066, -44.47500000000000853, -24.54999999999999716 ) ) ;
#89 = ADVANCED_FACE ( 'NONE', ( #679 ), #415, .F. ) ;
#90 = EDGE_LOOP ( 'NONE', ( #2768, #3700, #200, #4044 ) ) ;
#91 = DIRECTION ( 'NONE',  ( -0.000000000000000000, -0.000000000000000000, -1.000000000000000000 ) ) ;
#92 = ORIENTED_EDGE ( 'NONE', *, *, #2257, .F. ) ;
#93 = ADVANCED_FACE ( 'NONE', ( #2230 ), #1259, .T. ) ;
#94 = LINE ( 'NONE', #3553, #2858 ) ;
#95 = CARTESIAN_POINT ( 'NONE',  ( 8.249999999999765521, 1.081600087271539223E-12, 7.949747468305831788 ) ) ;
#96 = VECTOR ( 'NONE', #2550, 1000.000000000000000 ) ;
#97 = AXIS2_PLACEMENT_3D ( 'NONE', #1941, #1916, #1362 ) ;
#98 = CIRCLE ( 'NONE', #1865, 2.399999999999999467 ) ;
#99 = VERTEX_POINT ( 'NONE', #55 ) ;
#100 = ORIENTED_EDGE ( 'NONE', *, *, #1577, .T. ) ;
#101 = CARTESIAN_POINT ( 'NONE',  ( -14.99999999999999467, -41.47500000000000142, 5.000000000000000000 ) ) ;
#102 = CARTESIAN_POINT ( 'NONE',  ( 9.700000000000001066, -43.97500000000000853, -24.54999999999999716 ) ) ;
#103 = CYLINDRICAL_SURFACE ( 'NONE', #1095, 2.399999999999999467 ) ;
#104 = CIRCLE ( 'NONE', #1408, 0.5000000000000004441 ) ;
#105 = CARTESIAN_POINT ( 'NONE',  ( -10.00000000000023093, 1.017415318660397361E-12, 3.000000000000000000 ) ) ;
#106 = VERTEX_POINT ( 'NONE', #1337 ) ;
#107 =( NAMED_UNIT ( * ) SI_UNIT ( $, .STERADIAN. ) SOLID_ANGLE_UNIT ( ) );
#108 = ADVANCED_FACE ( 'NONE', ( #2562 ), #3508, .T. ) ;
#109 = CIRCLE ( 'NONE', #3934, 3.499999999999999556 ) ;
#110 = CARTESIAN_POINT ( 'NONE',  ( 13.00500000000000256, -22.47500000000000853, -91.04999999999998295 ) ) ;
#111 = CARTESIAN_POINT ( 'NONE',  ( 8.200000000000001066, -41.47500000000000142, -24.54999999999999716 ) ) ;
#112 = ORIENTED_EDGE ( 'NONE', *, *, #2823, .T. ) ;
#113 = AXIS2_PLACEMENT_3D ( 'NONE', #1313, #457, #2973 ) ;
#114 = EDGE_CURVE ( 'NONE', #1004, #99, #94, .T. ) ;
#115 = AXIS2_PLACEMENT_3D ( 'NONE', #2200, #2475, #4074 ) ;
#116 = DIRECTION ( 'NONE',  ( 1.239088197126291063E-16, -1.000000000000000000, 3.582458973934590448E-32 ) ) ;
#117 = CARTESIAN_POINT ( 'NONE',  ( -10.50000000000000000, -53.97500000000000853, -3.999999999999992450 ) ) ;
#118 = ORIENTED_EDGE ( 'NONE', *, *, #459, .T. ) ;
#119 = CARTESIAN_POINT ( 'NONE',  ( -8.500000000000014211, -37.47500000000000853, -3.999999999999990674 ) ) ;
#120 = LINE ( 'NONE', #3509, #3251 ) ;
#121 = AXIS2_PLACEMENT_3D ( 'NONE', #606, #1823, #1510 ) ;
#122 = AXIS2_PLACEMENT_3D ( 'NONE', #1360, #762, #1396 ) ;
#123 = VERTEX_POINT ( 'NONE', #3782 ) ;
#124 = ORIENTED_EDGE ( 'NONE', *, *, #3480, .F. ) ;
#125 = CARTESIAN_POINT ( 'NONE',  ( -11.99999999999999112, -71.47500000000000853, -9.999999999999994671 ) ) ;
#126 = LINE ( 'NONE', #1288, #234 ) ;
#127 = DIRECTION ( 'NONE',  ( -0.000000000000000000, -0.000000000000000000, -1.000000000000000000 ) ) ;
#128 = CARTESIAN_POINT ( 'NONE',  ( 10.50000000000000000, -66.47500000000000853, -4.499999999999992006 ) ) ;
#129 = ORIENTED_EDGE ( 'NONE', *, *, #1482, .F. ) ;
#130 = DIRECTION ( 'NONE',  ( -0.000000000000000000, -0.000000000000000000, -1.000000000000000000 ) ) ;
#131 = DIRECTION ( 'NONE',  ( 1.239088197126291063E-16, -1.000000000000000000, 0.000000000000000000 ) ) ;
#132 = ORIENTED_EDGE ( 'NONE', *, *, #1969, .F. ) ;
#133 = EDGE_CURVE ( 'NONE', #123, #2433, #955, .T. ) ;
#134 = CARTESIAN_POINT ( 'NONE',  ( 11.99999999999996980, -68.47500000000000853, -6.999999999999992006 ) ) ;
#135 = ORIENTED_EDGE ( 'NONE', *, *, #803, .T. ) ;
#136 = EDGE_CURVE ( 'NONE', #3308, #2455, #646, .T. ) ;
#137 = DIRECTION ( 'NONE',  ( 1.000000000000000000, 0.000000000000000000, 0.000000000000000000 ) ) ;
#138 = EDGE_LOOP ( 'NONE', ( #3570, #978, #2527, #3822 ) ) ;
#139 = VERTEX_POINT ( 'NONE', #1194 ) ;
#140 = DIRECTION ( 'NONE',  ( 1.000000000000000000, 1.239088197126290817E-16, 4.795620454587664703E-16 ) ) ;
#141 = DIRECTION ( 'NONE',  ( -1.000000000000000000, 0.000000000000000000, 0.000000000000000000 ) ) ;
#142 = DIRECTION ( 'NONE',  ( 1.000000000000000000, 0.000000000000000000, 0.000000000000000000 ) ) ;
#143 = LINE ( 'NONE', #3015, #3530 ) ;
#144 = ADVANCED_FACE ( 'NONE', ( #2691 ), #155, .T. ) ;
#145 = DIRECTION ( 'NONE',  ( -0.000000000000000000, -0.000000000000000000, -1.000000000000000000 ) ) ;
#146 = VERTEX_POINT ( 'NONE', #3304 ) ;
#147 = DIRECTION ( 'NONE',  ( 0.000000000000000000, 0.000000000000000000, 1.000000000000000000 ) ) ;
#148 = LINE ( 'NONE', #1391, #1471 ) ;
#149 = CARTESIAN_POINT ( 'NONE',  ( 15.00000000000000355, 7.475000000000000533, 5.000000000000000000 ) ) ;
#150 = ORIENTED_EDGE ( 'NONE', *, *, #2117, .T. ) ;
#151 = EDGE_CURVE ( 'NONE', #123, #1817, #3322, .T. ) ;
#152 = CARTESIAN_POINT ( 'NONE',  ( -14.99999999999999467, -41.47500000000000142, -77.05000000000002558 ) ) ;
#153 = CARTESIAN_POINT ( 'NONE',  ( 10.50000000000000000, -66.47500000000000853, -3.999999999999992450 ) ) ;
#154 = EDGE_LOOP ( 'NONE', ( #135, #930, #2507, #1827 ) ) ;
#155 = CYLINDRICAL_SURFACE ( 'NONE', #2791, 3.499999999999999556 ) ;
#156 = DIRECTION ( 'NONE',  ( 0.000000000000000000, 3.582458973934590448E-32, 1.000000000000000000 ) ) ;
#157 = EDGE_CURVE ( 'NONE', #2576, #916, #1531, .T. ) ;
#158 = VERTEX_POINT ( 'NONE', #1053 ) ;
#159 = EDGE_LOOP ( 'NONE', ( #3295, #2602 ) ) ;
#160 = AXIS2_PLACEMENT_3D ( 'NONE', #2212, #1506, #1261 ) ;
#161 = DIRECTION ( 'NONE',  ( 1.239088197126290817E-16, -1.000000000000000000, 3.582458973934590448E-32 ) ) ;
#162 = EDGE_CURVE ( 'NONE', #3161, #2272, #2024, .T. ) ;
#163 = DIRECTION ( 'NONE',  ( -1.000000000000000000, 0.000000000000000000, 0.000000000000000000 ) ) ;
#164 = CARTESIAN_POINT ( 'NONE',  ( 15.00000000000000355, -7.474999999999998757, 3.000000000000000000 ) ) ;
#165 = DIRECTION ( 'NONE',  ( 0.000000000000000000, 0.000000000000000000, 1.000000000000000000 ) ) ;
#166 = FACE_OUTER_BOUND ( 'NONE', #2485, .T. ) ;
#167 = EDGE_LOOP ( 'NONE', ( #1322, #1316, #3262, #1342 ) ) ;
#168 = AXIS2_PLACEMENT_3D ( 'NONE', #2164, #4050, #1893 ) ;
#169 = DIRECTION ( 'NONE',  ( -1.239088197126290817E-16, 1.000000000000000000, -3.582458973934590448E-32 ) ) ;
#170 = VECTOR ( 'NONE', #3522, 1000.000000000000000 ) ;
#171 = DIRECTION ( 'NONE',  ( 1.000000000000000000, 0.000000000000000000, 0.000000000000000000 ) ) ;
#172 = VERTEX_POINT ( 'NONE', #2939 ) ;
#173 = AXIS2_PLACEMENT_3D ( 'NONE', #348, #3115, #3487 ) ;
#174 = CARTESIAN_POINT ( 'NONE',  ( -27.39499999999999602, -22.47500000000000853, -91.04999999999999716 ) ) ;
#175 = CARTESIAN_POINT ( 'NONE',  ( 10.00000000000000355, -10.47499999999999787, 0.000000000000000000 ) ) ;
#176 = ORIENTED_EDGE ( 'NONE', *, *, #706, .F. ) ;
#177 = AXIS2_PLACEMENT_3D ( 'NONE', #1624, #3566, #1330 ) ;
#178 = CARTESIAN_POINT ( 'NONE',  ( 14.99999999999997513, -48.47500000000003695, -11.99999999999999112 ) ) ;
#179 = CARTESIAN_POINT ( 'NONE',  ( 10.50000000000000000, -66.47500000000000853, -4.499999999999992006 ) ) ;
#180 = ORIENTED_EDGE ( 'NONE', *, *, #3690, .T. ) ;
#181 = VERTEX_POINT ( 'NONE', #3327 ) ;
#182 = AXIS2_PLACEMENT_3D ( 'NONE', #4008, #2157, #3727 ) ;
#183 = PLANE ( 'NONE',  #3245 ) ;
#184 = EDGE_CURVE ( 'NONE', #539, #3903, #883, .T. ) ;
#185 = AXIS2_PLACEMENT_3D ( 'NONE', #2689, #1773, #2302 ) ;
#186 = CARTESIAN_POINT ( 'NONE',  ( -7.299999999999997158, -43.97500000000000853, -24.55000000000000071 ) ) ;
#187 = FACE_OUTER_BOUND ( 'NONE', #1983, .T. ) ;
#188 = DIRECTION ( 'NONE',  ( -0.000000000000000000, -0.000000000000000000, 1.000000000000000000 ) ) ;
#189 = CARTESIAN_POINT ( 'NONE',  ( 8.999999999999985789, -41.47500000000000142, -4.999999999999988454 ) ) ;
#190 = EDGE_CURVE ( 'NONE', #1632, #2290, #3060, .T. ) ;
#191 = ORIENTED_EDGE ( 'NONE', *, *, #162, .F. ) ;
#192 = CARTESIAN_POINT ( 'NONE',  ( 10.50000000000000000, -53.97500000000000853, -4.499999999999992006 ) ) ;
#193 = CARTESIAN_POINT ( 'NONE',  ( 10.50000000000000000, -66.47500000000000853, -4.499999999999992006 ) ) ;
#194 = EDGE_CURVE ( 'NONE', #385, #106, #2398, .T. ) ;
#195 = CARTESIAN_POINT ( 'NONE',  ( 9.000000000000001776, -66.47500000000000853, -3.999999999999992450 ) ) ;
#196 = CARTESIAN_POINT ( 'NONE',  ( -8.100000000000001421, -66.47500000000000853, -4.499999999999992006 ) ) ;
#197 = ORIENTED_EDGE ( 'NONE', *, *, #2454, .T. ) ;
#198 = CARTESIAN_POINT ( 'NONE',  ( -9.699999999999997513, -41.47500000000000142, -24.55000000000000071 ) ) ;
#199 = VERTEX_POINT ( 'NONE', #784 ) ;
#200 = ORIENTED_EDGE ( 'NONE', *, *, #3357, .T. ) ;
#201 = CARTESIAN_POINT ( 'NONE',  ( 27.39500000000000313, -22.47500000000000853, -87.04999999999996874 ) ) ;
#202 = EDGE_CURVE ( 'NONE', #1584, #1888, #576, .T. ) ;
#203 = FACE_OUTER_BOUND ( 'NONE', #3333, .T. ) ;
#204 = CARTESIAN_POINT ( 'NONE',  ( 10.50000000000000000, -53.97500000000000853, -3.999999999999992450 ) ) ;
#205 = DIRECTION ( 'NONE',  ( 1.000000000000000000, 0.000000000000000000, 0.000000000000000000 ) ) ;
#206 = FACE_BOUND ( 'NONE', #2758, .T. ) ;
#207 = ORIENTED_EDGE ( 'NONE', *, *, #965, .F. ) ;
#208 = ADVANCED_FACE ( 'NONE', ( #802 ), #2645, .F. ) ;
#209 = CYLINDRICAL_SURFACE ( 'NONE', #3123, 3.500000000000002220 ) ;
#210 = CARTESIAN_POINT ( 'NONE',  ( -9.000000000000001776, -53.97500000000000853, -3.999999999999992450 ) ) ;
#211 = EDGE_CURVE ( 'NONE', #2377, #3933, #2540, .T. ) ;
#212 = CARTESIAN_POINT ( 'NONE',  ( -14.99999999999999645, 7.474999999999996980, 3.000000000000000000 ) ) ;
#213 = DIRECTION ( 'NONE',  ( -0.000000000000000000, -0.000000000000000000, 1.000000000000000000 ) ) ;
#214 = ORIENTED_EDGE ( 'NONE', *, *, #2723, .F. ) ;
#215 = ORIENTED_EDGE ( 'NONE', *, *, #2035, .F. ) ;
#216 = VERTEX_POINT ( 'NONE', #2044 ) ;
#217 = DIRECTION ( 'NONE',  ( 0.000000000000000000, 0.000000000000000000, 1.000000000000000000 ) ) ;
#218 = FACE_BOUND ( 'NONE', #510, .T. ) ;
#219 = DIRECTION ( 'NONE',  ( 1.000000000000000000, 0.000000000000000000, 0.000000000000000000 ) ) ;
#220 = CARTESIAN_POINT ( 'NONE',  ( 6.999999999999998224, -66.47500000000000853, -3.999999999999992450 ) ) ;
#221 = DIRECTION ( 'NONE',  ( 0.000000000000000000, 0.000000000000000000, 1.000000000000000000 ) ) ;
#222 = VERTEX_POINT ( 'NONE', #2378 ) ;
#223 = AXIS2_PLACEMENT_3D ( 'NONE', #263, #1512, #902 ) ;
#224 = DIRECTION ( 'NONE',  ( -0.000000000000000000, -0.000000000000000000, -1.000000000000000000 ) ) ;
#225 = DIRECTION ( 'NONE',  ( 1.000000000000000000, 0.000000000000000000, 0.000000000000000000 ) ) ;
#226 = DIRECTION ( 'NONE',  ( 1.000000000000000000, 0.000000000000000000, 0.000000000000000000 ) ) ;
#227 = VECTOR ( 'NONE', #2453, 1000.000000000000114 ) ;
#228 = EDGE_CURVE ( 'NONE', #2499, #2028, #3451, .T. ) ;
#229 = AXIS2_PLACEMENT_3D ( 'NONE', #3463, #2137, #3438 ) ;
#230 = AXIS2_PLACEMENT_3D ( 'NONE', #3816, #1572, #1848 ) ;
#231 = LINE ( 'NONE', #2144, #2152 ) ;
#232 = CARTESIAN_POINT ( 'NONE',  ( 8.100000000000001421, -53.97500000000000853, -3.999999999999992450 ) ) ;
#233 = ORIENTED_EDGE ( 'NONE', *, *, #1363, .T. ) ;
#234 = VECTOR ( 'NONE', #2921, 1000.000000000000000 ) ;
#235 = EDGE_CURVE ( 'NONE', #4011, #1578, #2730, .T. ) ;
#236 = VERTEX_POINT ( 'NONE', #178 ) ;
#237 = VERTEX_POINT ( 'NONE', #1998 ) ;
#238 = ORIENTED_EDGE ( 'NONE', *, *, #1542, .T. ) ;
#239 = DIRECTION ( 'NONE',  ( 1.000000000000000000, 0.000000000000000000, -0.000000000000000000 ) ) ;
#240 = FACE_BOUND ( 'NONE', #2440, .T. ) ;
#241 = AXIS2_PLACEMENT_3D ( 'NONE', #301, #2468, #243 ) ;
#242 = DIRECTION ( 'NONE',  ( 1.000000000000000000, 1.239088197126290817E-16, 0.000000000000000000 ) ) ;
#243 = DIRECTION ( 'NONE',  ( -1.000000000000000000, 0.000000000000000000, 0.000000000000000000 ) ) ;
#244 = ORIENTED_EDGE ( 'NONE', *, *, #392, .T. ) ;
#245 = DIRECTION ( 'NONE',  ( 1.000000000000000000, 0.000000000000000000, 0.000000000000000000 ) ) ;
#246 = ORIENTED_EDGE ( 'NONE', *, *, #1055, .F. ) ;
#247 = CARTESIAN_POINT ( 'NONE',  ( 9.700000000000006395, -43.97500000000000853, -81.04999999999999716 ) ) ;
#248 = FACE_BOUND ( 'NONE', #2210, .T. ) ;
#249 = CIRCLE ( 'NONE', #3610, 3.249999999999999556 ) ;
#250 = ORIENTED_EDGE ( 'NONE', *, *, #2750, .F. ) ;
#251 = CARTESIAN_POINT ( 'NONE',  ( -14.00000000000000178, -53.97500000000000853, -3.999999999999992450 ) ) ;
#252 = EDGE_CURVE ( 'NONE', #1725, #946, #1596, .T. ) ;
#253 = VERTEX_POINT ( 'NONE', #1757 ) ;
#254 = EDGE_CURVE ( 'NONE', #2179, #1343, #291, .T. ) ;
#255 = ORIENTED_EDGE ( 'NONE', *, *, #3408, .F. ) ;
#256 = VERTEX_POINT ( 'NONE', #926 ) ;
#257 = DIRECTION ( 'NONE',  ( 0.000000000000000000, 3.582458973934590448E-32, 1.000000000000000000 ) ) ;
#258 = ADVANCED_FACE ( 'NONE', ( #2202, #1557 ), #3171, .T. ) ;
#259 = DIRECTION ( 'NONE',  ( -1.000000000000000000, 0.000000000000000000, 0.000000000000000000 ) ) ;
#260 = CARTESIAN_POINT ( 'NONE',  ( -11.99999999999999112, -68.47500000000000853, 1.074737692180377025E-30 ) ) ;
#261 = FACE_OUTER_BOUND ( 'NONE', #1018, .T. ) ;
#262 = EDGE_LOOP ( 'NONE', ( #1365, #2233, #3538, #3763 ) ) ;
#263 = CARTESIAN_POINT ( 'NONE',  ( -9.699999999999997513, -43.97500000000000853, -24.55000000000000071 ) ) ;
#264 = EDGE_LOOP ( 'NONE', ( #1837, #2053 ) ) ;
#265 = CARTESIAN_POINT ( 'NONE',  ( -18.44999999999999574, -27.47500000000000497, -88.04999999999996874 ) ) ;
#266 = EDGE_CURVE ( 'NONE', #511, #3378, #3466, .T. ) ;
#267 = DIRECTION ( 'NONE',  ( -2.532905239608406037E-16, 4.439659870964747057E-33, 1.000000000000000000 ) ) ;
#268 = CARTESIAN_POINT ( 'NONE',  ( 14.99999999999996803, -48.47500000000003695, -11.99999999999998934 ) ) ;
#269 = ORIENTED_EDGE ( 'NONE', *, *, #3971, .F. ) ;
#270 = LINE ( 'NONE', #596, #2812 ) ;
#271 = FACE_OUTER_BOUND ( 'NONE', #477, .T. ) ;
#272 = ORIENTED_EDGE ( 'NONE', *, *, #4025, .T. ) ;
#273 = EDGE_CURVE ( 'NONE', #3596, #3642, #1534, .T. ) ;
#274 = ORIENTED_EDGE ( 'NONE', *, *, #3622, .F. ) ;
#275 = ORIENTED_EDGE ( 'NONE', *, *, #1217, .T. ) ;
#276 = LINE ( 'NONE', #602, #3180 ) ;
#277 = EDGE_CURVE ( 'NONE', #3527, #2243, #1515, .T. ) ;
#278 = DIRECTION ( 'NONE',  ( 1.000000000000000000, 0.000000000000000000, 0.000000000000000000 ) ) ;
#279 = CARTESIAN_POINT ( 'NONE',  ( -14.99999999999999289, -48.47500000000004405, -11.99999999999999289 ) ) ;
#280 = LINE ( 'NONE', #4067, #3673 ) ;
#281 = ORIENTED_EDGE ( 'NONE', *, *, #1357, .T. ) ;
#282 = CARTESIAN_POINT ( 'NONE',  ( 12.00000000000000000, -53.97500000000000853, -3.999999999999992450 ) ) ;
#283 = ORIENTED_EDGE ( 'NONE', *, *, #4078, .F. ) ;
#284 = EDGE_CURVE ( 'NONE', #703, #2034, #1908, .T. ) ;
#285 = FACE_OUTER_BOUND ( 'NONE', #3869, .T. ) ;
#286 = CARTESIAN_POINT ( 'NONE',  ( -8.684348419387220019, -37.47500000000000853, -2.000000000000027534 ) ) ;
#287 = CARTESIAN_POINT ( 'NONE',  ( 8.249999999999765521, 1.081600087271539223E-12, 3.000000000000000000 ) ) ;
#288 = VERTEX_POINT ( 'NONE', #1290 ) ;
#289 = AXIS2_PLACEMENT_3D ( 'NONE', #2646, #2693, #483 ) ;
#290 = DIRECTION ( 'NONE',  ( -0.000000000000000000, -0.000000000000000000, -1.000000000000000000 ) ) ;
#291 = CIRCLE ( 'NONE', #1931, 3.500000000000001332 ) ;
#292 = LINE ( 'NONE', #2867, #1938 ) ;
#293 = ORIENTED_EDGE ( 'NONE', *, *, #404, .T. ) ;
#294 = AXIS2_PLACEMENT_3D ( 'NONE', #3524, #393, #87 ) ;
#295 = VECTOR ( 'NONE', #3756, 1000.000000000000000 ) ;
#296 = ORIENTED_EDGE ( 'NONE', *, *, #776, .T. ) ;
#297 = ORIENTED_EDGE ( 'NONE', *, *, #859, .F. ) ;
#298 = PLANE ( 'NONE',  #2064 ) ;
#299 = VECTOR ( 'NONE', #950, 1000.000000000000000 ) ;
#300 = DIRECTION ( 'NONE',  ( -1.000000000000000000, -1.239088197126290817E-16, 0.000000000000000000 ) ) ;
#301 = CARTESIAN_POINT ( 'NONE',  ( -9.699999999999990408, -44.47500000000000853, -81.04999999999999716 ) ) ;
#302 = ORIENTED_EDGE ( 'NONE', *, *, #228, .F. ) ;
#303 = ADVANCED_FACE ( 'NONE', ( #1252, #311 ), #345, .T. ) ;
#304 = CIRCLE ( 'NONE', #1611, 1.499999999999999556 ) ;
#305 = PLANE ( 'NONE',  #1728 ) ;
#306 = ORIENTED_EDGE ( 'NONE', *, *, #3786, .T. ) ;
#307 = CIRCLE ( 'NONE', #633, 1.499999999999999556 ) ;
#308 = DIRECTION ( 'NONE',  ( -1.000000000000000000, 0.000000000000000000, 0.000000000000000000 ) ) ;
#309 = DIRECTION ( 'NONE',  ( 1.000000000000000000, 0.000000000000000000, 0.000000000000000000 ) ) ;
#310 = ADVANCED_FACE ( 'NONE', ( #3798 ), #2556, .T. ) ;
#311 = FACE_OUTER_BOUND ( 'NONE', #549, .T. ) ;
#312 = ORIENTED_EDGE ( 'NONE', *, *, #383, .F. ) ;
#313 = VECTOR ( 'NONE', #2331, 1000.000000000000000 ) ;
#314 = DIRECTION ( 'NONE',  ( -1.000000000000000000, 0.000000000000000000, 0.000000000000000000 ) ) ;
#315 = EDGE_CURVE ( 'NONE', #181, #288, #1409, .T. ) ;
#316 = ORIENTED_EDGE ( 'NONE', *, *, #479, .F. ) ;
#317 = PRODUCT_DEFINITION_FORMATION_WITH_SPECIFIED_SOURCE ( 'ANY', '', #1384, .NOT_KNOWN. ) ;
#318 = ORIENTED_EDGE ( 'NONE', *, *, #688, .T. ) ;
#319 = CARTESIAN_POINT ( 'NONE',  ( -9.999999999999996447, -34.47500000000000853, 5.000000000000000000 ) ) ;
#320 = CARTESIAN_POINT ( 'NONE',  ( 10.00000000000000178, -10.47499999999999787, 5.000000000000000000 ) ) ;
#321 = LINE ( 'NONE', #546, #1488 ) ;
#322 = ORIENTED_EDGE ( 'NONE', *, *, #3153, .F. ) ;
#323 = CARTESIAN_POINT ( 'NONE',  ( 18.45000000000000284, -27.47500000000000497, -88.04999999999996874 ) ) ;
#324 = ORIENTED_EDGE ( 'NONE', *, *, #3426, .T. ) ;
#325 = EDGE_CURVE ( 'NONE', #1943, #645, #3156, .T. ) ;
#326 = FACE_BOUND ( 'NONE', #2043, .T. ) ;
#327 = CARTESIAN_POINT ( 'NONE',  ( 14.00000000000000178, -66.47500000000000853, -6.999999999999992006 ) ) ;
#328 = CARTESIAN_POINT ( 'NONE',  ( -12.90000000000000036, -66.47500000000000853, -4.499999999999992006 ) ) ;
#329 = ORIENTED_EDGE ( 'NONE', *, *, #2040, .F. ) ;
#330 = EDGE_CURVE ( 'NONE', #511, #2899, #2998, .T. ) ;
#331 = LINE ( 'NONE', #2537, #299 ) ;
#332 = ORIENTED_EDGE ( 'NONE', *, *, #1328, .T. ) ;
#333 = EDGE_CURVE ( 'NONE', #3235, #2702, #556, .T. ) ;
#334 = ORIENTED_EDGE ( 'NONE', *, *, #1138, .T. ) ;
#335 = CARTESIAN_POINT ( 'NONE',  ( 14.99999999999995914, -41.47500000000000142, 5.000000000000000000 ) ) ;
#336 = LINE ( 'NONE', #2850, #2924 ) ;
#337 = EDGE_CURVE ( 'NONE', #236, #3166, #2224, .T. ) ;
#338 = DIRECTION ( 'NONE',  ( 1.000000000000000000, 0.000000000000000000, 0.000000000000000000 ) ) ;
#339 = ORIENTED_EDGE ( 'NONE', *, *, #2264, .T. ) ;
#340 = ORIENTED_EDGE ( 'NONE', *, *, #1155, .F. ) ;
#341 = DIRECTION ( 'NONE',  ( 1.239088197126290817E-16, -1.000000000000000000, 3.582458973934590448E-32 ) ) ;
#342 = VERTEX_POINT ( 'NONE', #287 ) ;
#343 = DIRECTION ( 'NONE',  ( -0.000000000000000000, -0.000000000000000000, -1.000000000000000000 ) ) ;
#344 = LINE ( 'NONE', #2841, #3402 ) ;
#345 = PLANE ( 'NONE',  #884 ) ;
#346 = FACE_OUTER_BOUND ( 'NONE', #669, .T. ) ;
#347 = CYLINDRICAL_SURFACE ( 'NONE', #2945, 3.000000000000000000 ) ;
#348 = CARTESIAN_POINT ( 'NONE',  ( 9.700000000000006395, -44.47500000000000853, -81.04999999999999716 ) ) ;
#349 = ORIENTED_EDGE ( 'NONE', *, *, #1763, .T. ) ;
#350 = AXIS2_PLACEMENT_3D ( 'NONE', #3431, #934, #3066 ) ;
#351 = ADVANCED_FACE ( 'NONE', ( #1212 ), #969, .F. ) ;
#352 = AXIS2_PLACEMENT_3D ( 'NONE', #2770, #4039, #2463 ) ;
#353 = ORIENTED_EDGE ( 'NONE', *, *, #3099, .F. ) ;
#354 = LINE ( 'NONE', #1900, #358 ) ;
#355 = EDGE_CURVE ( 'NONE', #3672, #2438, #908, .T. ) ;
#356 = CIRCLE ( 'NONE', #3254, 3.000000000000000000 ) ;
#357 = CARTESIAN_POINT ( 'NONE',  ( 9.700000000000001066, -43.97500000000000853, -24.54999999999999716 ) ) ;
#358 = VECTOR ( 'NONE', #1317, 1000.000000000000000 ) ;
#359 = AXIS2_PLACEMENT_3D ( 'NONE', #2110, #300, #3684 ) ;
#360 = AXIS2_PLACEMENT_3D ( 'NONE', #128, #407, #66 ) ;
#361 = ORIENTED_EDGE ( 'NONE', *, *, #425, .F. ) ;
#362 = ORIENTED_EDGE ( 'NONE', *, *, #2546, .F. ) ;
#363 = CARTESIAN_POINT ( 'NONE',  ( 13.20000000000000995, -41.47500000000000142, -81.04999999999999716 ) ) ;
#364 = CIRCLE ( 'NONE', #687, 1.499999999999999556 ) ;
#365 = ORIENTED_EDGE ( 'NONE', *, *, #3559, .T. ) ;
#366 = CARTESIAN_POINT ( 'NONE',  ( -10.00000000000023093, 1.017415318660397361E-12, 5.000000000000000000 ) ) ;
#367 = AXIS2_PLACEMENT_3D ( 'NONE', #3159, #1539, #2809 ) ;
#368 = LINE ( 'NONE', #3833, #760 ) ;
#369 = DIRECTION ( 'NONE',  ( 0.000000000000000000, 1.000000000000000000, 0.000000000000000000 ) ) ;
#370 = AXIS2_PLACEMENT_3D ( 'NONE', #193, #1456, #2353 ) ;
#371 = CYLINDRICAL_SURFACE ( 'NONE', #2399, 3.250000000000000444 ) ;
#372 = FACE_OUTER_BOUND ( 'NONE', #3349, .T. ) ;
#373 = CARTESIAN_POINT ( 'NONE',  ( 9.700000000000001066, -44.47500000000000853, -24.54999999999999716 ) ) ;
#374 = ORIENTED_EDGE ( 'NONE', *, *, #1049, .F. ) ;
#375 = AXIS2_PLACEMENT_3D ( 'NONE', #3686, #1127, #1719 ) ;
#376 = AXIS2_PLACEMENT_3D ( 'NONE', #1419, #1440, #1723 ) ;
#377 = EDGE_CURVE ( 'NONE', #2028, #385, #1234, .T. ) ;
#378 = LINE ( 'NONE', #3088, #3593 ) ;
#379 = ORIENTED_EDGE ( 'NONE', *, *, #3005, .F. ) ;
#380 = DIRECTION ( 'NONE',  ( -0.000000000000000000, -1.000000000000000000, -0.000000000000000000 ) ) ;
#381 = CIRCLE ( 'NONE', #2687, 1.499999999999999556 ) ;
#382 = CARTESIAN_POINT ( 'NONE',  ( -9.699999999999997513, -44.47500000000000853, -24.55000000000000071 ) ) ;
#383 = EDGE_CURVE ( 'NONE', #199, #2832, #2181, .T. ) ;
#384 = ORIENTED_EDGE ( 'NONE', *, *, #1985, .T. ) ;
#385 = VERTEX_POINT ( 'NONE', #1972 ) ;
#386 = DIRECTION ( 'NONE',  ( -1.239088197126290817E-16, 1.000000000000000000, -3.582458973934590448E-32 ) ) ;
#387 = ORIENTED_EDGE ( 'NONE', *, *, #194, .F. ) ;
#388 = CARTESIAN_POINT ( 'NONE',  ( 8.499999999999985789, -41.47500000000000142, -3.499999999999987566 ) ) ;
#389 = CARTESIAN_POINT ( 'NONE',  ( 9.700000000000006395, -44.47500000000000853, -81.04999999999999716 ) ) ;
#390 = CARTESIAN_POINT ( 'NONE',  ( 13.20000000000000995, -44.47500000000000853, -81.04999999999999716 ) ) ;
#391 =( NAMED_UNIT ( * ) PLANE_ANGLE_UNIT ( ) SI_UNIT ( $, .RADIAN. ) );
#392 = EDGE_CURVE ( 'NONE', #3219, #916, #713, .T. ) ;
#393 = DIRECTION ( 'NONE',  ( -0.000000000000000000, -0.000000000000000000, -1.000000000000000000 ) ) ;
#394 = DIRECTION ( 'NONE',  ( 3.035766082959409654E-15, -1.000000000000000000, 0.000000000000000000 ) ) ;
#395 = CARTESIAN_POINT ( 'NONE',  ( 6.999999999999998224, -53.97500000000000853, -3.999999999999992450 ) ) ;
#396 = ORIENTED_EDGE ( 'NONE', *, *, #2354, .F. ) ;
#397 = CARTESIAN_POINT ( 'NONE',  ( -6.999999999999998224, -53.97500000000000853, -3.999999999999992450 ) ) ;
#398 = EDGE_LOOP ( 'NONE', ( #903, #4036, #541, #238 ) ) ;
#399 = CARTESIAN_POINT ( 'NONE',  ( -15.00000000000000711, 61.24380519941477985, -91.05000000000001137 ) ) ;
#400 = DIRECTION ( 'NONE',  ( -0.000000000000000000, -0.000000000000000000, -1.000000000000000000 ) ) ;
#401 = ORIENTED_EDGE ( 'NONE', *, *, #3865, .F. ) ;
#402 = ORIENTED_EDGE ( 'NONE', *, *, #2094, .T. ) ;
#403 = DIRECTION ( 'NONE',  ( -1.000000000000000000, 0.000000000000000000, 0.000000000000000000 ) ) ;
#404 = EDGE_CURVE ( 'NONE', #1694, #1638, #2635, .T. ) ;
#405 = DIRECTION ( 'NONE',  ( -1.000000000000000000, 0.000000000000000000, 0.000000000000000000 ) ) ;
#406 = DIRECTION ( 'NONE',  ( 1.239088197126290817E-16, -1.000000000000000000, 3.582458973934590448E-32 ) ) ;
#407 = DIRECTION ( 'NONE',  ( 0.000000000000000000, 0.000000000000000000, 1.000000000000000000 ) ) ;
#408 = EDGE_CURVE ( 'NONE', #1965, #4002, #3063, .T. ) ;
#409 = LINE ( 'NONE', #2721, #3653 ) ;
#410 = PLANE ( 'NONE',  #2478 ) ;
#411 = VERTEX_POINT ( 'NONE', #1988 ) ;
#412 = CARTESIAN_POINT ( 'NONE',  ( -23.44999999999999574, -27.47500000000000497, -88.04999999999998295 ) ) ;
#413 = FACE_BOUND ( 'NONE', #4037, .T. ) ;
#414 = ORIENTED_EDGE ( 'NONE', *, *, #1658, .F. ) ;
#415 = PLANE ( 'NONE',  #3121 ) ;
#416 = FACE_OUTER_BOUND ( 'NONE', #3810, .T. ) ;
#417 = VECTOR ( 'NONE', #3310, 1000.000000000000000 ) ;
#418 = AXIS2_PLACEMENT_3D ( 'NONE', #976, #3492, #2292 ) ;
#419 = AXIS2_PLACEMENT_3D ( 'NONE', #3712, #2140, #3401 ) ;
#420 = ORIENTED_EDGE ( 'NONE', *, *, #151, .T. ) ;
#421 = ORIENTED_EDGE ( 'NONE', *, *, #3452, .T. ) ;
#422 = CARTESIAN_POINT ( 'NONE',  ( -10.50000000000000000, -66.47500000000000853, -3.999999999999992450 ) ) ;
#423 = AXIS2_PLACEMENT_3D ( 'NONE', #1928, #1329, #3861 ) ;
#424 = CIRCLE ( 'NONE', #3723, 1.750000000000001554 ) ;
#425 = EDGE_CURVE ( 'NONE', #1181, #2433, #2001, .T. ) ;
#426 = CARTESIAN_POINT ( 'NONE',  ( -20.19999999999999574, -27.47500000000000497, -88.04999999999996874 ) ) ;
#427 = CARTESIAN_POINT ( 'NONE',  ( -9.699999999999990408, -41.47500000000000142, -81.04999999999999716 ) ) ;
#428 = CARTESIAN_POINT ( 'NONE',  ( 13.24999999999976552, 1.081998097481262245E-12, 3.000000000000000000 ) ) ;
#429 = DIRECTION ( 'NONE',  ( -1.156482317317871478E-16, 1.000000000000000000, 0.000000000000000000 ) ) ;
#430 = AXIS2_PLACEMENT_3D ( 'NONE', #2957, #1069, #3617 ) ;
#431 = EDGE_CURVE ( 'NONE', #2996, #1502, #2011, .T. ) ;
#432 = LINE ( 'NONE', #3886, #2067 ) ;
#433 = CARTESIAN_POINT ( 'NONE',  ( -20.19999999999999574, -27.47500000000000497, -91.04999999999999716 ) ) ;
#434 = EDGE_LOOP ( 'NONE', ( #6, #74, #3017, #1692 ) ) ;
#435 = VECTOR ( 'NONE', #2017, 1000.000000000000000 ) ;
#436 = EDGE_CURVE ( 'NONE', #2243, #775, #2655, .T. ) ;
#437 = AXIS2_PLACEMENT_3D ( 'NONE', #2430, #2700, #2097 ) ;
#438 = LINE ( 'NONE', #3867, #1017 ) ;
#439 = LINE ( 'NONE', #1051, #2422 ) ;
#440 = ORIENTED_EDGE ( 'NONE', *, *, #79, .F. ) ;
#441 = DIRECTION ( 'NONE',  ( -0.000000000000000000, -0.000000000000000000, -1.000000000000000000 ) ) ;
#442 = DIRECTION ( 'NONE',  ( -0.000000000000000000, -0.000000000000000000, -1.000000000000000000 ) ) ;
#443 = CIRCLE ( 'NONE', #572, 2.399999999999999467 ) ;
#444 = EDGE_CURVE ( 'NONE', #1229, #2996, #3256, .T. ) ;
#445 = CIRCLE ( 'NONE', #2553, 1.750000000000001554 ) ;
#446 = ORIENTED_EDGE ( 'NONE', *, *, #2883, .F. ) ;
#447 = VERTEX_POINT ( 'NONE', #1085 ) ;
#448 = DIRECTION ( 'NONE',  ( 0.000000000000000000, -3.582458973934590448E-32, -1.000000000000000000 ) ) ;
#449 = CARTESIAN_POINT ( 'NONE',  ( -20.19999999999999574, -27.47500000000000497, -87.04999999999996874 ) ) ;
#450 = CARTESIAN_POINT ( 'NONE',  ( -13.00499999999999545, -37.47500000000000853, -91.04999999999999716 ) ) ;
#451 = CYLINDRICAL_SURFACE ( 'NONE', #3141, 1.499999999999999556 ) ;
#452 = DIRECTION ( 'NONE',  ( 1.000000000000000000, 0.000000000000000000, 0.000000000000000000 ) ) ;
#453 = ORIENTED_EDGE ( 'NONE', *, *, #3414, .T. ) ;
#454 = EDGE_CURVE ( 'NONE', #3757, #2732, #2534, .T. ) ;
#455 =( LENGTH_UNIT ( ) NAMED_UNIT ( * ) SI_UNIT ( .MILLI., .METRE. ) );
#456 = CYLINDRICAL_SURFACE ( 'NONE', #2260, 2.399999999999999467 ) ;
#457 = DIRECTION ( 'NONE',  ( 1.239088197126290817E-16, -1.000000000000000000, 3.582458973934590448E-32 ) ) ;
#458 = VERTEX_POINT ( 'NONE', #1349 ) ;
#459 = EDGE_CURVE ( 'NONE', #3259, #2501, #744, .T. ) ;
#460 = CYLINDRICAL_SURFACE ( 'NONE', #958, 3.500000000000002220 ) ;
#461 = CARTESIAN_POINT ( 'NONE',  ( -6.199999999999987743, -44.47500000000000853, -81.04999999999999716 ) ) ;
#462 = EDGE_LOOP ( 'NONE', ( #2281, #582, #453, #3937 ) ) ;
#463 = DIRECTION ( 'NONE',  ( 0.000000000000000000, -1.000000000000000000, 0.000000000000000000 ) ) ;
#464 = DIRECTION ( 'NONE',  ( -0.000000000000000000, -0.000000000000000000, -1.000000000000000000 ) ) ;
#465 = EDGE_CURVE ( 'NONE', #2753, #539, #3214, .T. ) ;
#466 = ORIENTED_EDGE ( 'NONE', *, *, #3432, .F. ) ;
#467 = ORIENTED_EDGE ( 'NONE', *, *, #26, .F. ) ;
#468 = PLANE ( 'NONE',  #1994 ) ;
#469 = CYLINDRICAL_SURFACE ( 'NONE', #3130, 3.249999999999999556 ) ;
#470 = CARTESIAN_POINT ( 'NONE',  ( -10.50000000000000000, -66.47500000000000853, -3.999999999999992450 ) ) ;
#471 = LINE ( 'NONE', #4009, #1483 ) ;
#472 = DIRECTION ( 'NONE',  ( 0.000000000000000000, -1.000000000000000000, 0.000000000000000000 ) ) ;
#473 = ORIENTED_EDGE ( 'NONE', *, *, #1357, .F. ) ;
#474 = FILL_AREA_STYLE ('',( #2352 ) ) ;
#475 = CARTESIAN_POINT ( 'NONE',  ( -9.999999999999998224, -7.475000000000001421, 5.000000000000000000 ) ) ;
#476 = DIRECTION ( 'NONE',  ( -0.000000000000000000, -0.000000000000000000, 1.000000000000000000 ) ) ;
#477 = EDGE_LOOP ( 'NONE', ( #269, #2349, #1361, #281 ) ) ;
#478 = FACE_OUTER_BOUND ( 'NONE', #1550, .T. ) ;
#479 = EDGE_CURVE ( 'NONE', #385, #139, #3191, .T. ) ;
#480 = CARTESIAN_POINT ( 'NONE',  ( 12.90000000000000036, -66.47500000000000853, -4.499999999999992006 ) ) ;
#481 = ORIENTED_EDGE ( 'NONE', *, *, #1835, .T. ) ;
#482 = DIRECTION ( 'NONE',  ( 2.891205793294678819E-16, 0.000000000000000000, -1.000000000000000000 ) ) ;
#483 = DIRECTION ( 'NONE',  ( 1.000000000000000000, 0.000000000000000000, 0.000000000000000000 ) ) ;
#484 = EDGE_CURVE ( 'NONE', #1526, #2753, #1044, .T. ) ;
#485 = ORIENTED_EDGE ( 'NONE', *, *, #2500, .T. ) ;
#486 = ORIENTED_EDGE ( 'NONE', *, *, #1436, .T. ) ;
#487 = VECTOR ( 'NONE', #2918, 1000.000000000000000 ) ;
#488 = FACE_OUTER_BOUND ( 'NONE', #2370, .T. ) ;
#489 = AXIS2_PLACEMENT_3D ( 'NONE', #3843, #1646, #2268 ) ;
#490 = CARTESIAN_POINT ( 'NONE',  ( -8.500000000000015987, -19.36422972372517748, -3.999999999999990674 ) ) ;
#491 = LINE ( 'NONE', #1368, #512 ) ;
#492 = DIRECTION ( 'NONE',  ( 0.000000000000000000, 0.000000000000000000, 1.000000000000000000 ) ) ;
#493 = CYLINDRICAL_SURFACE ( 'NONE', #2930, 1.499999999999999556 ) ;
#494 = AXIS2_PLACEMENT_3D ( 'NONE', #2080, #1785, #1439 ) ;
#495 = ORIENTED_EDGE ( 'NONE', *, *, #1586, .F. ) ;
#496 = AXIS2_PLACEMENT_3D ( 'NONE', #2679, #939, #1527 ) ;
#497 = DIRECTION ( 'NONE',  ( 1.000000000000000000, 0.000000000000000000, 0.000000000000000000 ) ) ;
#498 = VECTOR ( 'NONE', #1125, 1000.000000000000000 ) ;
#499 = LINE ( 'NONE', #2705, #2877 ) ;
#500 = CARTESIAN_POINT ( 'NONE',  ( 15.00000000000000355, -7.474999999999998757, 0.000000000000000000 ) ) ;
#501 = AXIS2_PLACEMENT_3D ( 'NONE', #1547, #919, #1 ) ;
#502 = DIRECTION ( 'NONE',  ( 1.000000000000000000, 0.000000000000000000, -0.000000000000000000 ) ) ;
#503 = CARTESIAN_POINT ( 'NONE',  ( -27.39499999999999602, -22.47500000000000853, -91.04999999999999716 ) ) ;
#504 = EDGE_LOOP ( 'NONE', ( #2625, #876, #3541, #3897 ) ) ;
#505 = CIRCLE ( 'NONE', #2941, 3.249999999999999556 ) ;
#506 = CARTESIAN_POINT ( 'NONE',  ( 9.999999999999765521, 1.081600087271539223E-12, 0.000000000000000000 ) ) ;
#507 = DIRECTION ( 'NONE',  ( -1.000000000000000000, 0.000000000000000000, 0.000000000000000000 ) ) ;
#508 = EDGE_CURVE ( 'NONE', #684, #2113, #3922, .T. ) ;
#509 = VECTOR ( 'NONE', #2384, 1000.000000000000000 ) ;
#510 = EDGE_LOOP ( 'NONE', ( #2902, #3641 ) ) ;
#511 = VERTEX_POINT ( 'NONE', #1326 ) ;
#512 = VECTOR ( 'NONE', #2345, 1000.000000000000000 ) ;
#513 = LINE ( 'NONE', #1795, #1464 ) ;
#514 = EDGE_CURVE ( 'NONE', #27, #1871, #1870, .T. ) ;
#515 = AXIS2_PLACEMENT_3D ( 'NONE', #2592, #3587, #3904 ) ;
#516 = DIRECTION ( 'NONE',  ( -1.000000000000000000, 0.000000000000000000, 0.000000000000000000 ) ) ;
#517 = CARTESIAN_POINT ( 'NONE',  ( -10.00000000000023093, 1.017415318660397361E-12, 5.000000000000000000 ) ) ;
#518 = CARTESIAN_POINT ( 'NONE',  ( 10.50000000000000000, -53.97500000000000853, -6.999999999999992006 ) ) ;
#519 = EDGE_LOOP ( 'NONE', ( #2636, #2843 ) ) ;
#520 = ADVANCED_FACE ( 'NONE', ( #2348 ), #2300, .F. ) ;
#521 = DIRECTION ( 'NONE',  ( -1.000000000000000000, 0.000000000000000000, 0.000000000000000000 ) ) ;
#522 = CARTESIAN_POINT ( 'NONE',  ( 27.39499999999999602, 17.39707030903790042, -88.04999999999996874 ) ) ;
#523 = DIRECTION ( 'NONE',  ( 1.000000000000000000, 0.000000000000000000, 0.000000000000000000 ) ) ;
#524 = CARTESIAN_POINT ( 'NONE',  ( -6.999999999999998224, -53.97500000000000853, -6.999999999999992006 ) ) ;
#525 = EDGE_LOOP ( 'NONE', ( #3732, #3769, #3997, #3008, #874, #1129 ) ) ;
#526 = VERTEX_POINT ( 'NONE', #2949 ) ;
#527 = EDGE_LOOP ( 'NONE', ( #3044, #3388, #2656, #933 ) ) ;
#528 = FACE_OUTER_BOUND ( 'NONE', #3863, .T. ) ;
#529 = CARTESIAN_POINT ( 'NONE',  ( 8.499999999999984013, -37.47500000000000853, -3.999999999999988010 ) ) ;
#530 = DIRECTION ( 'NONE',  ( 1.000000000000000000, 0.000000000000000000, 0.000000000000000000 ) ) ;
#531 = CARTESIAN_POINT ( 'NONE',  ( 14.99999999999999822, -41.47500000000000142, -6.999999999999992006 ) ) ;
#532 = ADVANCED_FACE ( 'NONE', ( #3544 ), #3582, .F. ) ;
#533 = DIRECTION ( 'NONE',  ( -0.5773502691896282846, 0.5773502691896271743, -0.5773502691896218453 ) ) ;
#534 = ORIENTED_EDGE ( 'NONE', *, *, #2883, .T. ) ;
#535 = CARTESIAN_POINT ( 'NONE',  ( -7.299999999999990941, -43.97500000000000853, -81.04999999999999716 ) ) ;
#536 = DIRECTION ( 'NONE',  ( -1.000000000000000000, 0.000000000000000000, 0.000000000000000000 ) ) ;
#537 = ADVANCED_FACE ( 'NONE', ( #2886, #1308, #3834, #1951, #693 ), #774, .F. ) ;
#538 = CYLINDRICAL_SURFACE ( 'NONE', #1604, 1.499999999999999556 ) ;
#539 = VERTEX_POINT ( 'NONE', #2432 ) ;
#540 = ORIENTED_EDGE ( 'NONE', *, *, #1810, .F. ) ;
#541 = ORIENTED_EDGE ( 'NONE', *, *, #688, .F. ) ;
#542 = CARTESIAN_POINT ( 'NONE',  ( -14.99999999999999467, -41.47500000000000142, -18.99999999999996092 ) ) ;
#543 = LINE ( 'NONE', #1798, #2938 ) ;
#544 = AXIS2_PLACEMENT_3D ( 'NONE', #1164, #257, #1546 ) ;
#545 = DIRECTION ( 'NONE',  ( 0.000000000000000000, 0.000000000000000000, 1.000000000000000000 ) ) ;
#546 = CARTESIAN_POINT ( 'NONE',  ( 12.09999999999999964, -43.97500000000000853, -24.54999999999999716 ) ) ;
#547 = ORIENTED_EDGE ( 'NONE', *, *, #3957, .F. ) ;
#548 = DIRECTION ( 'NONE',  ( 1.000000000000000000, 0.000000000000000000, 0.000000000000000000 ) ) ;
#549 = EDGE_LOOP ( 'NONE', ( #1040, #3412 ) ) ;
#550 = AXIS2_PLACEMENT_3D ( 'NONE', #1183, #623, #4063 ) ;
#551 = EDGE_CURVE ( 'NONE', #1404, #1638, #2472, .T. ) ;
#552 = PLANE ( 'NONE',  #229 ) ;
#553 = DIRECTION ( 'NONE',  ( 1.156482317317871478E-16, -1.000000000000000000, 0.000000000000000000 ) ) ;
#554 = EDGE_LOOP ( 'NONE', ( #845, #2535, #2092, #1619 ) ) ;
#555 = EDGE_CURVE ( 'NONE', #3098, #1885, #424, .T. ) ;
#556 = CIRCLE ( 'NONE', #3323, 1.499999999999999556 ) ;
#557 = PLANE ( 'NONE',  #1281 ) ;
#558 = VERTEX_POINT ( 'NONE', #2077 ) ;
#559 = CIRCLE ( 'NONE', #1079, 3.499999999999999556 ) ;
#560 = ADVANCED_FACE ( 'NONE', ( #3315 ), #493, .F. ) ;
#561 = CIRCLE ( 'NONE', #3523, 2.399999999999999467 ) ;
#562 = ORIENTED_EDGE ( 'NONE', *, *, #887, .F. ) ;
#563 = EDGE_LOOP ( 'NONE', ( #396, #1039, #3131, #1292 ) ) ;
#564 = LINE ( 'NONE', #1489, #2121 ) ;
#565 = AXIS2_PLACEMENT_3D ( 'NONE', #2223, #2452, #1571 ) ;
#566 = CARTESIAN_POINT ( 'NONE',  ( 27.39500000000000313, -22.47500000000000853, -91.04999999999998295 ) ) ;
#567 = AXIS2_PLACEMENT_3D ( 'NONE', #1268, #2531, #3797 ) ;
#568 = DIRECTION ( 'NONE',  ( -1.000000000000000000, 0.000000000000000000, 0.000000000000000000 ) ) ;
#569 = ORIENTED_EDGE ( 'NONE', *, *, #431, .F. ) ;
#570 = DIRECTION ( 'NONE',  ( 0.000000000000000000, 0.000000000000000000, 1.000000000000000000 ) ) ;
#571 = ORIENTED_EDGE ( 'NONE', *, *, #1574, .T. ) ;
#572 = AXIS2_PLACEMENT_3D ( 'NONE', #3443, #3056, #861 ) ;
#573 = CARTESIAN_POINT ( 'NONE',  ( 10.50000000000000000, -66.47500000000000853, -3.999999999999992450 ) ) ;
#574 = DIRECTION ( 'NONE',  ( 1.239088197126290817E-16, -1.000000000000000000, 3.582458973934590448E-32 ) ) ;
#575 = AXIS2_PLACEMENT_3D ( 'NONE', #2665, #1444, #3936 ) ;
#576 = LINE ( 'NONE', #3962, #616 ) ;
#577 = EDGE_CURVE ( 'NONE', #2649, #3903, #2701, .T. ) ;
#578 = ORIENTED_EDGE ( 'NONE', *, *, #3379, .F. ) ;
#579 = DIRECTION ( 'NONE',  ( -1.000000000000000000, 0.000000000000000000, 0.000000000000000000 ) ) ;
#580 = EDGE_LOOP ( 'NONE', ( #3507, #665 ) ) ;
#581 = EDGE_CURVE ( 'NONE', #31, #940, #2759, .T. ) ;
#582 = ORIENTED_EDGE ( 'NONE', *, *, #2889, .T. ) ;
#583 = ORIENTED_EDGE ( 'NONE', *, *, #3812, .F. ) ;
#584 = EDGE_CURVE ( 'NONE', #2218, #2028, #3969, .T. ) ;
#585 = CARTESIAN_POINT ( 'NONE',  ( 14.00000000000000178, -66.47500000000000853, -3.999999999999992450 ) ) ;
#586 = DIRECTION ( 'NONE',  ( 1.000000000000000000, 0.000000000000000000, 0.000000000000000000 ) ) ;
#587 = CARTESIAN_POINT ( 'NONE',  ( 12.00000000000000000, -66.47500000000000853, -6.999999999999992006 ) ) ;
#588 = DIRECTION ( 'NONE',  ( -0.000000000000000000, -0.000000000000000000, -1.000000000000000000 ) ) ;
#589 = ORIENTED_EDGE ( 'NONE', *, *, #3426, .F. ) ;
#590 = DIRECTION ( 'NONE',  ( -1.239088197126290817E-16, 1.000000000000000000, -3.582458973934590448E-32 ) ) ;
#591 = ORIENTED_EDGE ( 'NONE', *, *, #1542, .F. ) ;
#592 = DIRECTION ( 'NONE',  ( -1.000000000000000000, 0.000000000000000000, 0.000000000000000000 ) ) ;
#593 = DIRECTION ( 'NONE',  ( 1.000000000000000000, 0.000000000000000000, 0.000000000000000000 ) ) ;
#594 = CARTESIAN_POINT ( 'NONE',  ( -9.699999999999997513, -44.47500000000000853, -24.55000000000000071 ) ) ;
#595 = ORIENTED_EDGE ( 'NONE', *, *, #1586, .T. ) ;
#596 = CARTESIAN_POINT ( 'NONE',  ( -13.00499999999999545, -37.47500000000000853, -91.04999999999999716 ) ) ;
#597 = CARTESIAN_POINT ( 'NONE',  ( -8.500000000000012434, -37.47500000000000853, -3.499999999999990230 ) ) ;
#598 = EDGE_LOOP ( 'NONE', ( #3981, #1898, #973, #3630, #47 ) ) ;
#599 = EDGE_CURVE ( 'NONE', #447, #1844, #4030, .T. ) ;
#600 = VERTEX_POINT ( 'NONE', #189 ) ;
#601 = ORIENTED_EDGE ( 'NONE', *, *, #444, .T. ) ;
#602 = CARTESIAN_POINT ( 'NONE',  ( 7.000000000000006217, -41.47500000000000142, 3.429011037612589276E-15 ) ) ;
#603 = ADVANCED_FACE ( 'NONE', ( #1802 ), #3985, .F. ) ;
#604 = CARTESIAN_POINT ( 'NONE',  ( -10.50000000000000000, -53.97500000000000853, -4.499999999999992006 ) ) ;
#605 = FACE_BOUND ( 'NONE', #3160, .T. ) ;
#606 = CARTESIAN_POINT ( 'NONE',  ( 0.000000000000000000, 0.000000000000000000, 3.000000000000000000 ) ) ;
#607 = EDGE_LOOP ( 'NONE', ( #831, #3781, #3823, #663 ) ) ;
#608 = CARTESIAN_POINT ( 'NONE',  ( -12.90000000000000036, -66.47500000000000853, -4.499999999999992006 ) ) ;
#609 = VERTEX_POINT ( 'NONE', #1171 ) ;
#610 = DIRECTION ( 'NONE',  ( 1.239088197126290817E-16, -1.000000000000000000, 3.582458973934590448E-32 ) ) ;
#611 = CARTESIAN_POINT ( 'NONE',  ( 7.000000000000005329, -34.47500000000000853, 3.429011037612589276E-15 ) ) ;
#612 = CARTESIAN_POINT ( 'NONE',  ( 21.95000000000000284, -27.47500000000000497, -95.99974746830584138 ) ) ;
#613 = AXIS2_PLACEMENT_3D ( 'NONE', #1762, #1405, #1104 ) ;
#614 = EDGE_LOOP ( 'NONE', ( #2338, #2598, #1982, #24 ) ) ;
#615 = VECTOR ( 'NONE', #3765, 1000.000000000000000 ) ;
#616 = VECTOR ( 'NONE', #441, 1000.000000000000000 ) ;
#617 = CARTESIAN_POINT ( 'NONE',  ( -11.99999999999999112, -71.47500000000000853, -6.999999999999992006 ) ) ;
#618 = ORIENTED_EDGE ( 'NONE', *, *, #1205, .T. ) ;
#619 = AXIS2_PLACEMENT_3D ( 'NONE', #3341, #2052, #1452 ) ;
#620 = VERTEX_POINT ( 'NONE', #2385 ) ;
#621 = AXIS2_PLACEMENT_3D ( 'NONE', #1636, #2237, #405 ) ;
#622 = ORIENTED_EDGE ( 'NONE', *, *, #3249, .F. ) ;
#623 = DIRECTION ( 'NONE',  ( 1.239088197126290817E-16, -1.000000000000000000, 3.582458973934590448E-32 ) ) ;
#624 = ADVANCED_FACE ( 'NONE', ( #1147 ), #3646, .F. ) ;
#625 = CARTESIAN_POINT ( 'NONE',  ( -12.09999999999999609, -44.47500000000000853, -24.55000000000000071 ) ) ;
#626 = CARTESIAN_POINT ( 'NONE',  ( 8.499999999999984013, -37.47500000000000853, -5.499999999999988454 ) ) ;
#627 = DIRECTION ( 'NONE',  ( -1.000000000000000000, 0.000000000000000000, 0.000000000000000000 ) ) ;
#628 = ORIENTED_EDGE ( 'NONE', *, *, #2747, .T. ) ;
#629 = CIRCLE ( 'NONE', #370, 1.499999999999999556 ) ;
#630 = DIRECTION ( 'NONE',  ( 0.000000000000000000, -1.000000000000000000, 0.000000000000000000 ) ) ;
#631 = ADVANCED_FACE ( 'NONE', ( #206, #2719 ), #2114, .T. ) ;
#632 = ORIENTED_EDGE ( 'NONE', *, *, #1477, .F. ) ;
#633 = AXIS2_PLACEMENT_3D ( 'NONE', #635, #3134, #1907 ) ;
#634 = PLANE ( 'NONE',  #3517 ) ;
#635 = CARTESIAN_POINT ( 'NONE',  ( -10.50000000000000000, -66.47500000000000853, -6.999999999999992006 ) ) ;
#636 = DIRECTION ( 'NONE',  ( 1.000000000000000000, 0.000000000000000000, 0.000000000000000000 ) ) ;
#637 = EDGE_CURVE ( 'NONE', #3242, #775, #2098, .T. ) ;
#638 = AXIS2_PLACEMENT_3D ( 'NONE', #1254, #3776, #3468 ) ;
#639 = ORIENTED_EDGE ( 'NONE', *, *, #2680, .F. ) ;
#640 = VECTOR ( 'NONE', #2977, 1000.000000000000000 ) ;
#641 = CARTESIAN_POINT ( 'NONE',  ( -9.999999999999998224, -7.475000000000001421, 0.000000000000000000 ) ) ;
#642 = DIRECTION ( 'NONE',  ( 2.891205793294678819E-16, 3.343628375672285075E-32, -1.000000000000000000 ) ) ;
#643 = ORIENTED_EDGE ( 'NONE', *, *, #3858, .T. ) ;
#644 = EDGE_CURVE ( 'NONE', #2567, #31, #1782, .T. ) ;
#645 = VERTEX_POINT ( 'NONE', #3073 ) ;
#646 = LINE ( 'NONE', #335, #1402 ) ;
#647 = PLANE ( 'NONE',  #1394 ) ;
#648 = LINE ( 'NONE', #959, #1490 ) ;
#649 = ORIENTED_EDGE ( 'NONE', *, *, #1735, .T. ) ;
#650 = ORIENTED_EDGE ( 'NONE', *, *, #3944, .T. ) ;
#651 = DIRECTION ( 'NONE',  ( -0.000000000000000000, -0.000000000000000000, -1.000000000000000000 ) ) ;
#652 = ORIENTED_EDGE ( 'NONE', *, *, #1763, .F. ) ;
#653 = EDGE_CURVE ( 'NONE', #2649, #901, #1495, .T. ) ;
#654 = DIRECTION ( 'NONE',  ( 1.239088197126290817E-16, -1.000000000000000000, 3.582458973934590448E-32 ) ) ;
#655 = CARTESIAN_POINT ( 'NONE',  ( 27.39499999999999602, 17.39707030903790042, -88.04999999999996874 ) ) ;
#656 = EDGE_CURVE ( 'NONE', #1004, #1374, #1668, .T. ) ;
#657 = DIRECTION ( 'NONE',  ( 0.000000000000000000, 0.000000000000000000, -1.000000000000000000 ) ) ;
#658 = ORIENTED_EDGE ( 'NONE', *, *, #2148, .T. ) ;
#659 = ORIENTED_EDGE ( 'NONE', *, *, #1376, .T. ) ;
#660 = DIRECTION ( 'NONE',  ( 1.000000000000000000, 0.000000000000000000, 0.000000000000000000 ) ) ;
#661 = DIRECTION ( 'NONE',  ( 1.239088197126290817E-16, -1.000000000000000000, 3.582458973934590448E-32 ) ) ;
#662 = EDGE_LOOP ( 'NONE', ( #1283, #2629, #1389, #840 ) ) ;
#663 = ORIENTED_EDGE ( 'NONE', *, *, #2443, .T. ) ;
#664 = LINE ( 'NONE', #125, #3845 ) ;
#665 = ORIENTED_EDGE ( 'NONE', *, *, #3835, .T. ) ;
#666 = CARTESIAN_POINT ( 'NONE',  ( -21.94999999999999574, -27.47500000000000497, -91.04999999999999716 ) ) ;
#667 = CARTESIAN_POINT ( 'NONE',  ( -6.199999999999997513, -44.47500000000000853, -24.55000000000000071 ) ) ;
#668 = DIRECTION ( 'NONE',  ( 0.000000000000000000, 0.000000000000000000, 1.000000000000000000 ) ) ;
#669 = EDGE_LOOP ( 'NONE', ( #569, #3689, #3875, #1645 ) ) ;
#670 = ADVANCED_FACE ( 'NONE', ( #166 ), #1414, .F. ) ;
#671 = DIRECTION ( 'NONE',  ( 1.284980352575412502E-15, -1.000000000000000000, 0.000000000000000000 ) ) ;
#672 = DIRECTION ( 'NONE',  ( 1.239088197126290817E-16, -1.000000000000000000, 3.582458973934590448E-32 ) ) ;
#673 = ORIENTED_EDGE ( 'NONE', *, *, #2707, .F. ) ;
#674 = AXIS2_PLACEMENT_3D ( 'NONE', #4045, #570, #2838 ) ;
#675 = ADVANCED_FACE ( 'NONE', ( #1825 ), #1228, .F. ) ;
#676 = AXIS2_PLACEMENT_3D ( 'NONE', #3288, #3028, #2669 ) ;
#677 = CLOSED_SHELL ( 'NONE', ( #532, #1111, #1814, #1461, #869, #1454, #935, #2390, #2374, #2026, #957, #1323, #2952, #3656, #1682, #1778, #670, #1905, #3023, #560, #786, #3278, #2976, #2403, #3506, #2552, #2647, #3061, #2410, #2627, #2288, #723, #3711, #2876, #996, #2934, #3336, #3204, #1031, #1487, #2956, #3078, #520, #1899, #2423, #89, #2828, #2059, #780, #1416, #3352, #310, #2622, #3330, #3243, #3197, #929, #1559, #829, #93, #208, #2920, #2697, #3485, #258, #1257, #1742, #144, #747, #2293, #4020, #3305, #3501, #1989, #2831, #1787, #3490, #1006, #2575, #2466, #3052, #3136, #2473, #2570, #3683, #2600, #1706, #1236, #537, #2190, #3878, #3082, #631, #1554, #1833, #3831, #303, #1791, #3040, #1114, #1653, #1650, #1602, #2849, #3228, #2225, #931, #3367, #38, #1287, #1037, #68, #3428, #624, #2172, #675, #351, #603, #3185, #3917, #1934, #3497, #1494, #3747, #1174, #979, #1864, #108, #2270, #3817, #2046, #741, #3011, #1282, #1304, #3528, #3612, #2634 ) ) ;
#678 = ORIENTED_EDGE ( 'NONE', *, *, #3890, .T. ) ;
#679 = FACE_OUTER_BOUND ( 'NONE', #3680, .T. ) ;
#680 = CARTESIAN_POINT ( 'NONE',  ( 14.99999999999995914, -37.47500000000000142, 5.000000000000000000 ) ) ;
#681 = EDGE_CURVE ( 'NONE', #2436, #3259, #2448, .T. ) ;
#682 = AXIS2_PLACEMENT_3D ( 'NONE', #1467, #3983, #1060 ) ;
#683 = AXIS2_PLACEMENT_3D ( 'NONE', #3423, #46, #2781 ) ;
#684 = VERTEX_POINT ( 'NONE', #3151 ) ;
#685 = ORIENTED_EDGE ( 'NONE', *, *, #315, .T. ) ;
#686 = CYLINDRICAL_SURFACE ( 'NONE', #2919, 1.750000000000001554 ) ;
#687 = AXIS2_PLACEMENT_3D ( 'NONE', #1295, #2559, #1851 ) ;
#688 = EDGE_CURVE ( 'NONE', #901, #3516, #3707, .T. ) ;
#689 = ORIENTED_EDGE ( 'NONE', *, *, #3086, .T. ) ;
#690 = FACE_OUTER_BOUND ( 'NONE', #981, .T. ) ;
#691 = AXIS2_PLACEMENT_3D ( 'NONE', #522, #3320, #1441 ) ;
#692 = DIRECTION ( 'NONE',  ( -1.000000000000000000, -1.156482317317871478E-16, -2.891205793294678819E-16 ) ) ;
#693 = FACE_OUTER_BOUND ( 'NONE', #525, .T. ) ;
#694 = VECTOR ( 'NONE', #2969, 1000.000000000000000 ) ;
#695 = FACE_OUTER_BOUND ( 'NONE', #3585, .T. ) ;
#696 = CYLINDRICAL_SURFACE ( 'NONE', #2277, 0.5000000000000004441 ) ;
#697 = DIRECTION ( 'NONE',  ( 1.000000000000000000, 0.000000000000000000, 0.000000000000000000 ) ) ;
#698 = VERTEX_POINT ( 'NONE', #3107 ) ;
#699 = AXIS2_PLACEMENT_3D ( 'NONE', #3750, #2514, #3739 ) ;
#700 = VECTOR ( 'NONE', #3277, 1000.000000000000000 ) ;
#701 = CARTESIAN_POINT ( 'NONE',  ( 18.45000000000000284, -27.47500000000000497, -95.99974746830584138 ) ) ;
#702 = EDGE_CURVE ( 'NONE', #3026, #1769, #2131, .T. ) ;
#703 = VERTEX_POINT ( 'NONE', #608 ) ;
#704 = CARTESIAN_POINT ( 'NONE',  ( -8.199999999999997513, -44.47500000000000853, -24.55000000000000071 ) ) ;
#705 = DIRECTION ( 'NONE',  ( -0.000000000000000000, -0.000000000000000000, -1.000000000000000000 ) ) ;
#706 = EDGE_CURVE ( 'NONE', #3903, #961, #1568, .T. ) ;
#707 = ORIENTED_EDGE ( 'NONE', *, *, #157, .F. ) ;
#708 = ORIENTED_EDGE ( 'NONE', *, *, #2870, .T. ) ;
#709 = LINE ( 'NONE', #2234, #1332 ) ;
#710 = ORIENTED_EDGE ( 'NONE', *, *, #330, .T. ) ;
#711 = DIRECTION ( 'NONE',  ( 0.000000000000000000, 0.000000000000000000, 1.000000000000000000 ) ) ;
#712 = DIRECTION ( 'NONE',  ( 1.000000000000000000, 0.000000000000000000, 0.000000000000000000 ) ) ;
#713 = LINE ( 'NONE', #390, #3454 ) ;
#714 = EDGE_LOOP ( 'NONE', ( #1563, #401, #643, #2833 ) ) ;
#715 = CARTESIAN_POINT ( 'NONE',  ( -10.50000000000000000, -66.47500000000000853, -3.999999999999992450 ) ) ;
#716 = DIRECTION ( 'NONE',  ( 1.239088197126291063E-16, -1.000000000000000000, 3.582458973934590448E-32 ) ) ;
#717 = DIRECTION ( 'NONE',  ( 1.000000000000000000, 0.000000000000000000, 1.445602896647339656E-16 ) ) ;
#718 = VERTEX_POINT ( 'NONE', #2798 ) ;
#719 = DIRECTION ( 'NONE',  ( 0.000000000000000000, 3.582458973934590448E-32, 1.000000000000000000 ) ) ;
#720 = CARTESIAN_POINT ( 'NONE',  ( 7.000000000000007994, -34.47500000000000853, 5.000000000000000000 ) ) ;
#721 = ORIENTED_EDGE ( 'NONE', *, *, #2169, .T. ) ;
#722 = DIRECTION ( 'NONE',  ( -0.000000000000000000, -0.000000000000000000, -1.000000000000000000 ) ) ;
#723 = ADVANCED_FACE ( 'NONE', ( #875 ), #2470, .F. ) ;
#724 = ORIENTED_EDGE ( 'NONE', *, *, #1522, .F. ) ;
#725 = DIRECTION ( 'NONE',  ( 1.239088197126290817E-16, -1.000000000000000000, 3.582458973934590448E-32 ) ) ;
#726 = EDGE_CURVE ( 'NONE', #1997, #1404, #2508, .T. ) ;
#727 = PLANE ( 'NONE',  #2864 ) ;
#728 = CARTESIAN_POINT ( 'NONE',  ( 15.00000000000000355, -7.474999999999998757, 3.000000000000000000 ) ) ;
#729 =( NAMED_UNIT ( * ) SI_UNIT ( $, .STERADIAN. ) SOLID_ANGLE_UNIT ( ) );
#730 = PLANE ( 'NONE',  #1929 ) ;
#731 = DIRECTION ( 'NONE',  ( -1.000000000000000000, 0.000000000000000000, 0.000000000000000000 ) ) ;
#732 = VERTEX_POINT ( 'NONE', #1249 ) ;
#733 = CARTESIAN_POINT ( 'NONE',  ( -25.00000000000006040, -41.47500000000000142, -87.04999999999996874 ) ) ;
#734 = VERTEX_POINT ( 'NONE', #323 ) ;
#735 = CARTESIAN_POINT ( 'NONE',  ( 10.00000000000003553, -34.47500000000000853, -91.04999999999999716 ) ) ;
#736 = CARTESIAN_POINT ( 'NONE',  ( 10.50000000000000000, -53.97500000000000853, -3.999999999999992450 ) ) ;
#737 = VECTOR ( 'NONE', #3540, 1000.000000000000000 ) ;
#738 = CIRCLE ( 'NONE', #550, 3.500000000000002220 ) ;
#739 = ORIENTED_EDGE ( 'NONE', *, *, #3786, .F. ) ;
#740 = EDGE_LOOP ( 'NONE', ( #1463, #3718 ) ) ;
#741 = ADVANCED_FACE ( 'NONE', ( #3731, #5 ), #305, .F. ) ;
#742 = DIRECTION ( 'NONE',  ( -0.000000000000000000, -0.000000000000000000, -1.000000000000000000 ) ) ;
#743 = CIRCLE ( 'NONE', #2334, 2.999999999999997335 ) ;
#744 = CIRCLE ( 'NONE', #1275, 2.399999999999999467 ) ;
#745 = DIRECTION ( 'NONE',  ( 0.000000000000000000, 0.000000000000000000, 1.000000000000000000 ) ) ;
#746 = LINE ( 'NONE', #3313, #694 ) ;
#747 = ADVANCED_FACE ( 'NONE', ( #1903, #3128 ), #923, .T. ) ;
#748 = AXIS2_PLACEMENT_3D ( 'NONE', #2903, #711, #2568 ) ;
#749 = CARTESIAN_POINT ( 'NONE',  ( 20.20000000000000284, -27.47500000000000497, -87.04999999999996874 ) ) ;
#750 = ORIENTED_EDGE ( 'NONE', *, *, #2674, .F. ) ;
#751 = DIRECTION ( 'NONE',  ( 1.000000000000000000, 0.000000000000000000, 0.000000000000000000 ) ) ;
#752 = AXIS2_PLACEMENT_3D ( 'NONE', #1501, #799, #3382 ) ;
#753 = FACE_BOUND ( 'NONE', #3896, .T. ) ;
#754 = DIRECTION ( 'NONE',  ( -1.000000000000000000, 0.000000000000000000, 0.000000000000000000 ) ) ;
#755 = DIRECTION ( 'NONE',  ( -1.000000000000000000, 0.000000000000000000, 0.000000000000000000 ) ) ;
#756 = EDGE_CURVE ( 'NONE', #3144, #1110, #3575, .T. ) ;
#757 = ORIENTED_EDGE ( 'NONE', *, *, #3577, .F. ) ;
#758 = CIRCLE ( 'NONE', #2079, 1.499999999999999556 ) ;
#759 = VERTEX_POINT ( 'NONE', #19 ) ;
#760 = VECTOR ( 'NONE', #2253, 1000.000000000000000 ) ;
#761 = PLANE ( 'NONE',  #1875 ) ;
#762 = DIRECTION ( 'NONE',  ( 0.000000000000000000, 0.000000000000000000, 1.000000000000000000 ) ) ;
#763 = ORIENTED_EDGE ( 'NONE', *, *, #136, .F. ) ;
#764 = DIRECTION ( 'NONE',  ( 0.000000000000000000, 0.000000000000000000, -1.000000000000000000 ) ) ;
#765 = CARTESIAN_POINT ( 'NONE',  ( 6.999999999999998224, -53.97500000000000853, -3.999999999999992450 ) ) ;
#766 = AXIS2_PLACEMENT_3D ( 'NONE', #2757, #1247, #2489 ) ;
#767 = VECTOR ( 'NONE', #3000, 1000.000000000000000 ) ;
#768 = ORIENTED_EDGE ( 'NONE', *, *, #330, .F. ) ;
#769 = ORIENTED_EDGE ( 'NONE', *, *, #2136, .T. ) ;
#770 = CARTESIAN_POINT ( 'NONE',  ( -14.00000000000000178, -53.97500000000000853, -6.999999999999992006 ) ) ;
#771 = DIRECTION ( 'NONE',  ( -1.239088197126290817E-16, 1.000000000000000000, -3.582458973934590448E-32 ) ) ;
#772 = DIRECTION ( 'NONE',  ( -1.000000000000000000, 0.000000000000000000, 0.000000000000000000 ) ) ;
#773 = CARTESIAN_POINT ( 'NONE',  ( 10.50000000000000000, -66.47500000000000853, -4.499999999999992006 ) ) ;
#774 = PLANE ( 'NONE',  #619 ) ;
#775 = VERTEX_POINT ( 'NONE', #2526 ) ;
#776 = EDGE_CURVE ( 'NONE', #342, #1493, #3779, .T. ) ;
#777 = CARTESIAN_POINT ( 'NONE',  ( -10.50000000000000000, -53.97500000000000853, -4.499999999999992006 ) ) ;
#778 = CARTESIAN_POINT ( 'NONE',  ( 0.000000000000000000, -35.47500000000000853, 0.000000000000000000 ) ) ;
#779 = ORIENTED_EDGE ( 'NONE', *, *, #1260, .F. ) ;
#780 = ADVANCED_FACE ( 'NONE', ( #1264 ), #3792, .F. ) ;
#781 = LINE ( 'NONE', #3935, #3331 ) ;
#782 = CARTESIAN_POINT ( 'NONE',  ( -27.39499999999999602, -41.47500000000000142, -91.04999999999999716 ) ) ;
#783 = EDGE_LOOP ( 'NONE', ( #2810, #92, #1056, #1253, #2194 ) ) ;
#784 = CARTESIAN_POINT ( 'NONE',  ( 10.00000000000000355, -7.474999999999999645, 0.000000000000000000 ) ) ;
#785 = CARTESIAN_POINT ( 'NONE',  ( -10.50000000000000000, -66.47500000000000853, -6.999999999999992006 ) ) ;
#786 = ADVANCED_FACE ( 'NONE', ( #2219 ), #40, .F. ) ;
#787 = ORIENTED_EDGE ( 'NONE', *, *, #4051, .T. ) ;
#788 = ORIENTED_EDGE ( 'NONE', *, *, #2778, .T. ) ;
#789 = DIRECTION ( 'NONE',  ( 1.000000000000000000, 0.000000000000000000, 0.000000000000000000 ) ) ;
#790 = UNCERTAINTY_MEASURE_WITH_UNIT (LENGTH_MEASURE( 1.000000000000000082E-05 ), #455, 'distance_accuracy_value', 'NONE');
#791 = FACE_BOUND ( 'NONE', #4083, .T. ) ;
#792 = PLANE ( 'NONE',  #2608 ) ;
#793 = CARTESIAN_POINT ( 'NONE',  ( -9.000000000000014211, -37.47500000000000853, -5.499999999999990230 ) ) ;
#794 = ORIENTED_EDGE ( 'NONE', *, *, #2006, .T. ) ;
#795 = CARTESIAN_POINT ( 'NONE',  ( 15.00000000000000178, -71.47500000000000853, -6.999999999999992006 ) ) ;
#796 = LINE ( 'NONE', #210, #3730 ) ;
#797 = EDGE_CURVE ( 'NONE', #645, #2221, #3713, .T. ) ;
#798 = ORIENTED_EDGE ( 'NONE', *, *, #190, .F. ) ;
#799 = DIRECTION ( 'NONE',  ( -0.000000000000000000, -0.000000000000000000, 1.000000000000000000 ) ) ;
#800 = CARTESIAN_POINT ( 'NONE',  ( 8.249999999999765521, 1.081600087271539223E-12, 0.000000000000000000 ) ) ;
#801 = VERTEX_POINT ( 'NONE', #1303 ) ;
#802 = FACE_OUTER_BOUND ( 'NONE', #3482, .T. ) ;
#803 = EDGE_CURVE ( 'NONE', #2548, #2964, #664, .T. ) ;
#804 = DIRECTION ( 'NONE',  ( -1.239088197126290817E-16, 1.000000000000000000, -3.582458973934590448E-32 ) ) ;
#805 = ORIENTED_EDGE ( 'NONE', *, *, #273, .F. ) ;
#806 = ORIENTED_EDGE ( 'NONE', *, *, #3944, .F. ) ;
#807 = EDGE_CURVE ( 'NONE', #3098, #1775, #61, .T. ) ;
#808 = CIRCLE ( 'NONE', #3377, 1.749999999999999778 ) ;
#809 = PLANE ( 'NONE',  #28 ) ;
#810 = CIRCLE ( 'NONE', #877, 1.749999999999999778 ) ;
#811 = AXIS2_PLACEMENT_3D ( 'NONE', #319, #2188, #1161 ) ;
#812 = LINE ( 'NONE', #3032, #498 ) ;
#813 = CARTESIAN_POINT ( 'NONE',  ( 0.000000000000000000, 0.000000000000000000, 3.000000000000000000 ) ) ;
#814 = DIRECTION ( 'NONE',  ( -1.000000000000000000, 0.000000000000000000, 0.000000000000000000 ) ) ;
#815 = STYLED_ITEM ( 'NONE', ( #1455 ), #1669 ) ;
#816 = ORIENTED_EDGE ( 'NONE', *, *, #2100, .F. ) ;
#817 = VECTOR ( 'NONE', #3563, 1000.000000000000000 ) ;
#818 = CARTESIAN_POINT ( 'NONE',  ( -13.25000000000023093, 1.017415318660397361E-12, 5.000000000000000000 ) ) ;
#819 = VECTOR ( 'NONE', #1434, 1000.000000000000000 ) ;
#820 = LINE ( 'NONE', #2415, #1818 ) ;
#821 = CARTESIAN_POINT ( 'NONE',  ( 9.700000000000006395, -41.47500000000000142, -81.04999999999999716 ) ) ;
#822 = AXIS2_PLACEMENT_3D ( 'NONE', #134, #719, #1033 ) ;
#823 = DIRECTION ( 'NONE',  ( 1.239088197126290817E-16, -1.000000000000000000, 3.582458973934590448E-32 ) ) ;
#824 = PLANE ( 'NONE',  #185 ) ;
#825 = ORIENTED_EDGE ( 'NONE', *, *, #4078, .T. ) ;
#826 = AXIS2_PLACEMENT_3D ( 'NONE', #655, #267, #2139 ) ;
#827 = CARTESIAN_POINT ( 'NONE',  ( -11.75000000000023093, 1.017415318660397361E-12, 3.000000000000000000 ) ) ;
#828 = AXIS2_PLACEMENT_3D ( 'NONE', #773, #188, #3355 ) ;
#829 = ADVANCED_FACE ( 'NONE', ( #1984 ), #686, .F. ) ;
#830 = ORIENTED_EDGE ( 'NONE', *, *, #2427, .F. ) ;
#831 = ORIENTED_EDGE ( 'NONE', *, *, #3086, .F. ) ;
#832 = CIRCLE ( 'NONE', #699, 0.5000000000000004441 ) ;
#833 = DIRECTION ( 'NONE',  ( -0.000000000000000000, -0.000000000000000000, -1.000000000000000000 ) ) ;
#834 = EDGE_CURVE ( 'NONE', #1415, #1139, #1016, .T. ) ;
#835 = AXIS2_PLACEMENT_3D ( 'NONE', #1780, #3685, #851 ) ;
#836 = DIRECTION ( 'NONE',  ( -0.000000000000000000, -0.000000000000000000, -1.000000000000000000 ) ) ;
#837 = DIRECTION ( 'NONE',  ( -1.239088197126290817E-16, 1.000000000000000000, -3.582458973934590448E-32 ) ) ;
#838 = FACE_OUTER_BOUND ( 'NONE', #2748, .T. ) ;
#839 = CARTESIAN_POINT ( 'NONE',  ( 10.50000000000000000, -53.97500000000000853, -3.999999999999992450 ) ) ;
#840 = ORIENTED_EDGE ( 'NONE', *, *, #3795, .F. ) ;
#841 =( LENGTH_UNIT ( ) NAMED_UNIT ( * ) SI_UNIT ( .MILLI., .METRE. ) );
#842 = DIRECTION ( 'NONE',  ( -1.000000000000000000, 0.000000000000000000, 0.000000000000000000 ) ) ;
#843 = FACE_OUTER_BOUND ( 'NONE', #4082, .T. ) ;
#844 = DIRECTION ( 'NONE',  ( 0.000000000000000000, 0.000000000000000000, 1.000000000000000000 ) ) ;
#845 = ORIENTED_EDGE ( 'NONE', *, *, #2846, .F. ) ;
#846 = ORIENTED_EDGE ( 'NONE', *, *, #1608, .T. ) ;
#847 = ORIENTED_EDGE ( 'NONE', *, *, #2680, .T. ) ;
#848 = DIRECTION ( 'NONE',  ( -1.000000000000000000, 0.000000000000000000, 0.000000000000000000 ) ) ;
#849 = EDGE_CURVE ( 'NONE', #2863, #3235, #3515, .T. ) ;
#850 = CARTESIAN_POINT ( 'NONE',  ( 10.50000000000000000, -53.97500000000000853, -4.499999999999992006 ) ) ;
#851 = DIRECTION ( 'NONE',  ( 1.000000000000000000, 0.000000000000000000, 0.000000000000000000 ) ) ;
#852 = CARTESIAN_POINT ( 'NONE',  ( -22.00000000000001776, -37.47500000000000853, -84.04999999999995453 ) ) ;
#853 = VERTEX_POINT ( 'NONE', #3811 ) ;
#854 = DIRECTION ( 'NONE',  ( 0.000000000000000000, 0.000000000000000000, 1.000000000000000000 ) ) ;
#855 = EDGE_CURVE ( 'NONE', #288, #2847, #980, .T. ) ;
#856 = ORIENTED_EDGE ( 'NONE', *, *, #1179, .F. ) ;
#857 = CYLINDRICAL_SURFACE ( 'NONE', #494, 2.399999999999999467 ) ;
#858 = DIRECTION ( 'NONE',  ( -1.000000000000000000, 0.000000000000000000, -1.445602896647339410E-16 ) ) ;
#859 = EDGE_CURVE ( 'NONE', #894, #698, #709, .T. ) ;
#860 = ORIENTED_EDGE ( 'NONE', *, *, #2966, .F. ) ;
#861 = DIRECTION ( 'NONE',  ( 1.000000000000000000, 0.000000000000000000, 0.000000000000000000 ) ) ;
#862 = DIRECTION ( 'NONE',  ( 1.239088197126290817E-16, -1.000000000000000000, 3.582458973934590448E-32 ) ) ;
#863 = ORIENTED_EDGE ( 'NONE', *, *, #1727, .F. ) ;
#864 = EDGE_CURVE ( 'NONE', #946, #2229, #1041, .T. ) ;
#865 = VERTEX_POINT ( 'NONE', #2566 ) ;
#866 = ORIENTED_EDGE ( 'NONE', *, *, #408, .F. ) ;
#867 = ORIENTED_EDGE ( 'NONE', *, *, #3122, .F. ) ;
#868 = DIRECTION ( 'NONE',  ( -0.000000000000000000, -0.000000000000000000, -1.000000000000000000 ) ) ;
#869 = ADVANCED_FACE ( 'NONE', ( #3829 ), #1633, .F. ) ;
#870 = DIRECTION ( 'NONE',  ( 1.000000000000000000, 0.000000000000000000, 0.000000000000000000 ) ) ;
#871 = AXIS2_PLACEMENT_3D ( 'NONE', #1564, #3476, #4084 ) ;
#872 = LINE ( 'NONE', #1509, #1553 ) ;
#873 = LINE ( 'NONE', #2795, #52 ) ;
#874 = ORIENTED_EDGE ( 'NONE', *, *, #508, .F. ) ;
#875 = FACE_OUTER_BOUND ( 'NONE', #1877, .T. ) ;
#876 = ORIENTED_EDGE ( 'NONE', *, *, #1380, .F. ) ;
#877 = AXIS2_PLACEMENT_3D ( 'NONE', #1137, #1733, #3963 ) ;
#878 = CARTESIAN_POINT ( 'NONE',  ( 0.000000000000000000, 0.000000000000000000, 0.000000000000000000 ) ) ;
#879 = EDGE_CURVE ( 'NONE', #1761, #2034, #3317, .T. ) ;
#880 = CARTESIAN_POINT ( 'NONE',  ( 13.00500000000000256, -37.47500000000000853, -84.04999999999995453 ) ) ;
#881 = FACE_OUTER_BOUND ( 'NONE', #2273, .T. ) ;
#882 = VECTOR ( 'NONE', #4073, 1000.000000000000000 ) ;
#883 = LINE ( 'NONE', #1427, #3187 ) ;
#884 = AXIS2_PLACEMENT_3D ( 'NONE', #8, #1591, #3500 ) ;
#885 = CIRCLE ( 'NONE', #41, 2.399999999999999467 ) ;
#886 = VECTOR ( 'NONE', #1470, 1000.000000000000000 ) ;
#887 = EDGE_CURVE ( 'NONE', #1649, #3505, #2586, .T. ) ;
#888 = DIRECTION ( 'NONE',  ( 1.000000000000000000, 0.000000000000000000, 0.000000000000000000 ) ) ;
#889 = DIRECTION ( 'NONE',  ( 1.000000000000000000, 0.000000000000000000, 0.000000000000000000 ) ) ;
#890 = ORIENTED_EDGE ( 'NONE', *, *, #1049, .T. ) ;
#891 = AXIS2_PLACEMENT_3D ( 'NONE', #2498, #3425, #3469 ) ;
#892 = AXIS2_PLACEMENT_3D ( 'NONE', #2722, #553, #2373 ) ;
#893 = ORIENTED_EDGE ( 'NONE', *, *, #551, .F. ) ;
#894 = VERTEX_POINT ( 'NONE', #2631 ) ;
#895 = DIRECTION ( 'NONE',  ( 0.000000000000000000, 0.000000000000000000, 1.000000000000000000 ) ) ;
#896 = AXIS2_PLACEMENT_3D ( 'NONE', #1532, #2803, #3755 ) ;
#897 = DIRECTION ( 'NONE',  ( 1.000000000000000000, 0.000000000000000000, 0.000000000000000000 ) ) ;
#898 = CIRCLE ( 'NONE', #2744, 1.499999999999999556 ) ;
#899 = FACE_OUTER_BOUND ( 'NONE', #3980, .T. ) ;
#900 = CARTESIAN_POINT ( 'NONE',  ( -8.199999999999997513, -41.47500000000000142, -24.55000000000000071 ) ) ;
#901 = VERTEX_POINT ( 'NONE', #1321 ) ;
#902 = DIRECTION ( 'NONE',  ( 1.000000000000000000, 0.000000000000000000, 0.000000000000000000 ) ) ;
#903 = ORIENTED_EDGE ( 'NONE', *, *, #2518, .T. ) ;
#904 = AXIS2_PLACEMENT_3D ( 'NONE', #1107, #3272, #3881 ) ;
#905 = DIRECTION ( 'NONE',  ( -0.000000000000000000, -0.000000000000000000, -1.000000000000000000 ) ) ;
#906 = LINE ( 'NONE', #1847, #3075 ) ;
#907 = CIRCLE ( 'NONE', #3210, 3.499999999999999556 ) ;
#908 = LINE ( 'NONE', #3112, #1936 ) ;
#909 = EDGE_CURVE ( 'NONE', #3478, #2971, #1967, .T. ) ;
#910 =( GEOMETRIC_REPRESENTATION_CONTEXT ( 3 ) GLOBAL_UNCERTAINTY_ASSIGNED_CONTEXT ( ( #1697 ) ) GLOBAL_UNIT_ASSIGNED_CONTEXT ( ( #86, #2617, #107 ) ) REPRESENTATION_CONTEXT ( 'NONE', 'WORKASPACE' ) );
#911 = DIRECTION ( 'NONE',  ( -0.000000000000000000, -0.000000000000000000, -1.000000000000000000 ) ) ;
#912 = CARTESIAN_POINT ( 'NONE',  ( 9.999999999999765521, 1.081600087271539223E-12, 0.000000000000000000 ) ) ;
#913 = ORIENTED_EDGE ( 'NONE', *, *, #1768, .F. ) ;
#914 = EDGE_CURVE ( 'NONE', #1139, #3942, #808, .T. ) ;
#915 = ORIENTED_EDGE ( 'NONE', *, *, #2186, .T. ) ;
#916 = VERTEX_POINT ( 'NONE', #363 ) ;
#917 = LINE ( 'NONE', #1222, #1466 ) ;
#918 = EDGE_CURVE ( 'NONE', #158, #3308, #1920, .T. ) ;
#919 = DIRECTION ( 'NONE',  ( 0.000000000000000000, 1.000000000000000000, 0.000000000000000000 ) ) ;
#920 = DIRECTION ( 'NONE',  ( 0.000000000000000000, -1.000000000000000000, 0.000000000000000000 ) ) ;
#921 = DIRECTION ( 'NONE',  ( 1.000000000000000000, 0.000000000000000000, 0.000000000000000000 ) ) ;
#922 = ORIENTED_EDGE ( 'NONE', *, *, #879, .F. ) ;
#923 = PLANE ( 'NONE',  #2786 ) ;
#924 = ORIENTED_EDGE ( 'NONE', *, *, #1913, .T. ) ;
#925 = CARTESIAN_POINT ( 'NONE',  ( -27.39499999999999602, -41.47500000000000142, -91.04999999999999716 ) ) ;
#926 = CARTESIAN_POINT ( 'NONE',  ( -12.00000000000000000, -66.47500000000000853, -4.499999999999992006 ) ) ;
#927 = VERTEX_POINT ( 'NONE', #1058 ) ;
#928 = DIRECTION ( 'NONE',  ( -0.000000000000000000, -0.000000000000000000, -1.000000000000000000 ) ) ;
#929 = ADVANCED_FACE ( 'NONE', ( #2880 ), #2609, .F. ) ;
#930 = ORIENTED_EDGE ( 'NONE', *, *, #3808, .F. ) ;
#931 = ADVANCED_FACE ( 'NONE', ( #2314 ), #2004, .F. ) ;
#932 = ORIENTED_EDGE ( 'NONE', *, *, #1300, .T. ) ;
#933 = ORIENTED_EDGE ( 'NONE', *, *, #3951, .T. ) ;
#934 = DIRECTION ( 'NONE',  ( 0.000000000000000000, 0.000000000000000000, 1.000000000000000000 ) ) ;
#935 = ADVANCED_FACE ( 'NONE', ( #2049 ), #3682, .F. ) ;
#936 = CARTESIAN_POINT ( 'NONE',  ( 8.499999999999984013, -41.47500000000000142, -5.499999999999988454 ) ) ;
#937 = DIRECTION ( 'NONE',  ( 1.000000000000000000, 0.000000000000000000, 0.000000000000000000 ) ) ;
#938 = ORIENTED_EDGE ( 'NONE', *, *, #2311, .F. ) ;
#939 = DIRECTION ( 'NONE',  ( -1.239088197126290817E-16, 1.000000000000000000, -3.582458973934590448E-32 ) ) ;
#940 = VERTEX_POINT ( 'NONE', #201 ) ;
#941 = PLANE ( 'NONE',  #2997 ) ;
#942 = EDGE_CURVE ( 'NONE', #894, #2509, #2029, .T. ) ;
#943 = CARTESIAN_POINT ( 'NONE',  ( -7.171572875253805712, -35.47500000000000853, 0.000000000000000000 ) ) ;
#944 = CARTESIAN_POINT ( 'NONE',  ( -6.999999999999993783, -37.47500000000000853, -91.04999999999999716 ) ) ;
#945 = AXIS2_PLACEMENT_3D ( 'NONE', #3031, #2341, #3009 ) ;
#946 = VERTEX_POINT ( 'NONE', #3982 ) ;
#947 = CIRCLE ( 'NONE', #97, 3.000000000000000000 ) ;
#948 = PLANE ( 'NONE',  #1030 ) ;
#949 = AXIS2_PLACEMENT_3D ( 'NONE', #506, #3893, #3287 ) ;
#950 = DIRECTION ( 'NONE',  ( -1.239088197126290817E-16, 1.000000000000000000, -3.582458973934590448E-32 ) ) ;
#951 = EDGE_LOOP ( 'NONE', ( #2660, #2872 ) ) ;
#952 = VECTOR ( 'NONE', #2530, 1000.000000000000000 ) ;
#953 = EDGE_LOOP ( 'NONE', ( #3403, #332, #275, #3753 ) ) ;
#954 = CIRCLE ( 'NONE', #1013, 3.499999999999999556 ) ;
#955 = LINE ( 'NONE', #2211, #2925 ) ;
#956 = CARTESIAN_POINT ( 'NONE',  ( -27.39499999999999602, -41.47500000000000142, -87.04999999999996874 ) ) ;
#957 = ADVANCED_FACE ( 'NONE', ( #2109 ), #2650, .F. ) ;
#958 = AXIS2_PLACEMENT_3D ( 'NONE', #3568, #1050, #1960 ) ;
#959 = CARTESIAN_POINT ( 'NONE',  ( 7.000000000000005329, -34.47500000000000853, -8.673617379884047305E-16 ) ) ;
#960 = PLANE ( 'NONE',  #3019 ) ;
#961 = VERTEX_POINT ( 'NONE', #3966 ) ;
#962 = AXIS2_PLACEMENT_3D ( 'NONE', #433, #3838, #3280 ) ;
#963 = DIRECTION ( 'NONE',  ( -0.000000000000000000, -0.000000000000000000, -1.000000000000000000 ) ) ;
#964 = ORIENTED_EDGE ( 'NONE', *, *, #2014, .T. ) ;
#965 = EDGE_CURVE ( 'NONE', #3116, #20, #1660, .T. ) ;
#966 = AXIS2_PLACEMENT_3D ( 'NONE', #17, #1525, #937 ) ;
#967 = DIRECTION ( 'NONE',  ( -1.000000000000000000, 0.000000000000000000, 0.000000000000000000 ) ) ;
#968 = DIRECTION ( 'NONE',  ( 0.000000000000000000, 3.582458973934590448E-32, 1.000000000000000000 ) ) ;
#969 = PLANE ( 'NONE',  #37 ) ;
#970 = VECTOR ( 'NONE', #394, 1000.000000000000000 ) ;
#971 = AXIS2_PLACEMENT_3D ( 'NONE', #1978, #3569, #3595 ) ;
#972 = CARTESIAN_POINT ( 'NONE',  ( 9.000000000000001776, -66.47500000000000853, -4.499999999999992006 ) ) ;
#973 = ORIENTED_EDGE ( 'NONE', *, *, #855, .F. ) ;
#974 = VERTEX_POINT ( 'NONE', #1465 ) ;
#975 = DIRECTION ( 'NONE',  ( 1.239088197126290817E-16, -1.000000000000000000, 3.582458973934590448E-32 ) ) ;
#976 = CARTESIAN_POINT ( 'NONE',  ( -9.699999999999997513, -44.47500000000000853, -24.55000000000000071 ) ) ;
#977 = ORIENTED_EDGE ( 'NONE', *, *, #2449, .T. ) ;
#978 = ORIENTED_EDGE ( 'NONE', *, *, #4072, .F. ) ;
#979 = ADVANCED_FACE ( 'NONE', ( #3916 ), #3366, .F. ) ;
#980 = LINE ( 'NONE', #3208, #1524 ) ;
#981 = EDGE_LOOP ( 'NONE', ( #1904, #2695, #3276, #2517 ) ) ;
#982 = CARTESIAN_POINT ( 'NONE',  ( 12.90000000000000036, -53.97500000000000853, -4.499999999999992006 ) ) ;
#983 = FACE_OUTER_BOUND ( 'NONE', #138, .T. ) ;
#984 = EDGE_CURVE ( 'NONE', #4062, #2583, #2192, .T. ) ;
#985 = CARTESIAN_POINT ( 'NONE',  ( -14.99999999999999645, -7.475000000000002309, 3.000000000000000000 ) ) ;
#986 = DIRECTION ( 'NONE',  ( 1.000000000000000000, 1.156482317317871478E-16, -0.000000000000000000 ) ) ;
#987 = ORIENTED_EDGE ( 'NONE', *, *, #3300, .T. ) ;
#988 = VERTEX_POINT ( 'NONE', #542 ) ;
#989 = EDGE_CURVE ( 'NONE', #3358, #1122, #1077, .T. ) ;
#990 = PLANE ( 'NONE',  #2256 ) ;
#991 = CARTESIAN_POINT ( 'NONE',  ( -8.250000000000230926, 1.017629631850248141E-12, 3.000000000000000000 ) ) ;
#992 = ORIENTED_EDGE ( 'NONE', *, *, #2767, .F. ) ;
#993 = ORIENTED_EDGE ( 'NONE', *, *, #3975, .T. ) ;
#994 = DIRECTION ( 'NONE',  ( 1.000000000000000000, 0.000000000000000000, 0.000000000000000000 ) ) ;
#995 = ORIENTED_EDGE ( 'NONE', *, *, #3314, .T. ) ;
#996 = ADVANCED_FACE ( 'NONE', ( #488 ), #183, .T. ) ;
#997 = DIRECTION ( 'NONE',  ( 1.000000000000000000, 0.000000000000000000, -0.000000000000000000 ) ) ;
#998 = FACE_OUTER_BOUND ( 'NONE', #1529, .T. ) ;
#999 = CARTESIAN_POINT ( 'NONE',  ( 11.99999999999997158, -68.47500000000000853, -11.99999999999999112 ) ) ;
#1000 = EDGE_CURVE ( 'NONE', #3332, #609, #513, .T. ) ;
#1001 = CARTESIAN_POINT ( 'NONE',  ( 11.99999999999996625, -68.47500000000000853, 5.754744545505179500E-15 ) ) ;
#1002 = DIRECTION ( 'NONE',  ( 1.000000000000000000, 0.000000000000000000, 0.000000000000000000 ) ) ;
#1003 = FACE_OUTER_BOUND ( 'NONE', #3573, .T. ) ;
#1004 = VERTEX_POINT ( 'NONE', #3604 ) ;
#1005 = VECTOR ( 'NONE', #386, 1000.000000000000000 ) ;
#1006 = ADVANCED_FACE ( 'NONE', ( #2696, #2734 ), #1142, .T. ) ;
#1007 = AXIS2_PLACEMENT_3D ( 'NONE', #736, #464, #3621 ) ;
#1008 = LINE ( 'NONE', #2266, #2138 ) ;
#1009 = ORIENTED_EDGE ( 'NONE', *, *, #2117, .F. ) ;
#1010 = VECTOR ( 'NONE', #1770, 1000.000000000000000 ) ;
#1011 = DIRECTION ( 'NONE',  ( -1.000000000000000000, 0.000000000000000000, 0.000000000000000000 ) ) ;
#1012 = VECTOR ( 'NONE', #630, 1000.000000000000000 ) ;
#1013 = AXIS2_PLACEMENT_3D ( 'NONE', #1185, #3702, #870 ) ;
#1014 = VERTEX_POINT ( 'NONE', #770 ) ;
#1015 = ORIENTED_EDGE ( 'NONE', *, *, #2901, .T. ) ;
#1016 = LINE ( 'NONE', #3576, #737 ) ;
#1017 = VECTOR ( 'NONE', #3220, 1000.000000000000000 ) ;
#1018 = EDGE_LOOP ( 'NONE', ( #1659, #3924, #1198, #3157 ) ) ;
#1019 = CYLINDRICAL_SURFACE ( 'NONE', #2205, 3.249999999999999556 ) ;
#1020 = VECTOR ( 'NONE', #731, 1000.000000000000000 ) ;
#1021 = DIRECTION ( 'NONE',  ( 1.239088197126290817E-16, -1.000000000000000000, 3.582458973934590448E-32 ) ) ;
#1022 = CARTESIAN_POINT ( 'NONE',  ( -10.50000000000000000, -53.97500000000000853, -4.499999999999992006 ) ) ;
#1023 = EDGE_LOOP ( 'NONE', ( #215, #1432, #2086, #3876 ) ) ;
#1024 = AXIS2_PLACEMENT_3D ( 'NONE', #813, #2368, #2718 ) ;
#1025 = FILL_AREA_STYLE ('',( #1351 ) ) ;
#1026 = CARTESIAN_POINT ( 'NONE',  ( -8.199999999999997513, -43.97500000000000853, -24.55000000000000071 ) ) ;
#1027 = CARTESIAN_POINT ( 'NONE',  ( -9.999999999999998224, -10.47500000000000142, 2.999999999999999556 ) ) ;
#1028 = DIRECTION ( 'NONE',  ( 1.000000000000000000, 0.000000000000000000, 0.000000000000000000 ) ) ;
#1029 = EDGE_LOOP ( 'NONE', ( #2720, #2439 ) ) ;
#1030 = AXIS2_PLACEMENT_3D ( 'NONE', #3381, #3695, #2166 ) ;
#1031 = ADVANCED_FACE ( 'NONE', ( #2382, #3665 ), #468, .T. ) ;
#1032 = AXIS2_PLACEMENT_3D ( 'NONE', #715, #3252, #1310 ) ;
#1033 = DIRECTION ( 'NONE',  ( 0.000000000000000000, 1.000000000000000000, 0.000000000000000000 ) ) ;
#1034 = FACE_OUTER_BOUND ( 'NONE', #3514, .T. ) ;
#1035 = ORIENTED_EDGE ( 'NONE', *, *, #2926, .T. ) ;
#1036 = DIRECTION ( 'NONE',  ( -1.000000000000000000, 0.000000000000000000, 0.000000000000000000 ) ) ;
#1037 = ADVANCED_FACE ( 'NONE', ( #528 ), #809, .F. ) ;
#1038 = DIRECTION ( 'NONE',  ( 0.000000000000000000, 0.000000000000000000, 1.000000000000000000 ) ) ;
#1039 = ORIENTED_EDGE ( 'NONE', *, *, #984, .F. ) ;
#1040 = ORIENTED_EDGE ( 'NONE', *, *, #3694, .T. ) ;
#1041 = LINE ( 'NONE', #3495, #1005 ) ;
#1042 = DIRECTION ( 'NONE',  ( 0.000000000000000000, 0.000000000000000000, 1.000000000000000000 ) ) ;
#1043 = DIRECTION ( 'NONE',  ( -1.239088197126290817E-16, 1.000000000000000000, -3.582458973934590448E-32 ) ) ;
#1044 = LINE ( 'NONE', #2318, #3054 ) ;
#1045 = ORIENTED_EDGE ( 'NONE', *, *, #3414, .F. ) ;
#1046 = LINE ( 'NONE', #985, #1148 ) ;
#1047 = CARTESIAN_POINT ( 'NONE',  ( 14.99999999999999822, -41.47500000000000142, -6.999999999999992006 ) ) ;
#1048 = ORIENTED_EDGE ( 'NONE', *, *, #2006, .F. ) ;
#1049 = EDGE_CURVE ( 'NONE', #3672, #3166, #4004, .T. ) ;
#1050 = DIRECTION ( 'NONE',  ( -1.239088197126290817E-16, 1.000000000000000000, -3.582458973934590448E-32 ) ) ;
#1051 = CARTESIAN_POINT ( 'NONE',  ( 11.99999999999997158, -71.47500000000002274, -11.99999999999999112 ) ) ;
#1052 = EDGE_LOOP ( 'NONE', ( #721, #1842 ) ) ;
#1053 = CARTESIAN_POINT ( 'NONE',  ( -14.99999999999999467, -41.47500000000000142, 5.000000000000000000 ) ) ;
#1054 = FACE_OUTER_BOUND ( 'NONE', #554, .T. ) ;
#1055 = EDGE_CURVE ( 'NONE', #684, #2548, #2321, .T. ) ;
#1056 = ORIENTED_EDGE ( 'NONE', *, *, #1350, .F. ) ;
#1057 = ORIENTED_EDGE ( 'NONE', *, *, #807, .T. ) ;
#1058 = CARTESIAN_POINT ( 'NONE',  ( 13.19999999999999929, -44.47500000000000853, -24.54999999999999716 ) ) ;
#1059 = EDGE_CURVE ( 'NONE', #2955, #3090, #276, .T. ) ;
#1060 = DIRECTION ( 'NONE',  ( 1.000000000000000000, 0.000000000000000000, 0.000000000000000000 ) ) ;
#1061 = DIRECTION ( 'NONE',  ( -1.000000000000000000, 0.000000000000000000, 0.000000000000000000 ) ) ;
#1062 = CARTESIAN_POINT ( 'NONE',  ( -9.000000000000012434, -41.47500000000000142, -5.499999999999990230 ) ) ;
#1063 = VERTEX_POINT ( 'NONE', #3746 ) ;
#1064 = DIRECTION ( 'NONE',  ( 1.239088197126290817E-16, -1.000000000000000000, 3.582458973934590448E-32 ) ) ;
#1065 = CARTESIAN_POINT ( 'NONE',  ( -10.50000000000000000, -66.47500000000000853, -4.499999999999992006 ) ) ;
#1066 = CARTESIAN_POINT ( 'NONE',  ( 9.700000000000006395, -41.47500000000000142, -81.04999999999999716 ) ) ;
#1067 = ORIENTED_EDGE ( 'NONE', *, *, #2240, .F. ) ;
#1068 = AXIS2_PLACEMENT_3D ( 'NONE', #2900, #742, #2274 ) ;
#1069 = DIRECTION ( 'NONE',  ( 0.000000000000000000, 0.000000000000000000, 1.000000000000000000 ) ) ;
#1070 = DIRECTION ( 'NONE',  ( 0.000000000000000000, 0.000000000000000000, 1.000000000000000000 ) ) ;
#1071 = ORIENTED_EDGE ( 'NONE', *, *, #2327, .T. ) ;
#1072 = CARTESIAN_POINT ( 'NONE',  ( -8.500000000000014211, -37.47500000000000853, -3.499999999999990230 ) ) ;
#1073 = CIRCLE ( 'NONE', #1661, 2.399999999999999467 ) ;
#1074 = AXIS2_PLACEMENT_3D ( 'NONE', #573, #1208, #308 ) ;
#1075 = ORIENTED_EDGE ( 'NONE', *, *, #3173, .T. ) ;
#1076 = ORIENTED_EDGE ( 'NONE', *, *, #1300, .F. ) ;
#1077 = LINE ( 'NONE', #1383, #417 ) ;
#1078 = EDGE_CURVE ( 'NONE', #2179, #3106, #564, .T. ) ;
#1079 = AXIS2_PLACEMENT_3D ( 'NONE', #2817, #2428, #586 ) ;
#1080 = AXIS2_PLACEMENT_3D ( 'NONE', #1022, #668, #3250 ) ;
#1081 = CARTESIAN_POINT ( 'NONE',  ( -9.699999999999997513, -41.47500000000000142, -24.55000000000000071 ) ) ;
#1082 = CARTESIAN_POINT ( 'NONE',  ( 15.00000000000000178, -68.47500000000000853, -6.999999999999992006 ) ) ;
#1083 = PLANE ( 'NONE',  #1024 ) ;
#1084 = VECTOR ( 'NONE', #141, 1000.000000000000000 ) ;
#1085 = CARTESIAN_POINT ( 'NONE',  ( -6.999999999999998224, -66.47500000000000853, -3.999999999999992450 ) ) ;
#1086 = EDGE_CURVE ( 'NONE', #2069, #1182, #2851, .T. ) ;
#1087 = ORIENTED_EDGE ( 'NONE', *, *, #2747, .F. ) ;
#1088 = DIRECTION ( 'NONE',  ( 1.239088197126290817E-16, -1.000000000000000000, 3.582458973934590448E-32 ) ) ;
#1089 = CIRCLE ( 'NONE', #891, 3.249999999999999556 ) ;
#1090 = CARTESIAN_POINT ( 'NONE',  ( 8.999999999999984013, -37.47500000000000853, -5.499999999999988454 ) ) ;
#1091 = FACE_OUTER_BOUND ( 'NONE', #3420, .T. ) ;
#1092 = DIRECTION ( 'NONE',  ( 1.000000000000000000, 0.000000000000000000, -0.000000000000000000 ) ) ;
#1093 = ORIENTED_EDGE ( 'NONE', *, *, #30, .T. ) ;
#1094 = AXIS2_PLACEMENT_3D ( 'NONE', #1255, #1575, #314 ) ;
#1095 = AXIS2_PLACEMENT_3D ( 'NONE', #2010, #3230, #1987 ) ;
#1096 = LINE ( 'NONE', #3841, #4000 ) ;
#1097 = DIRECTION ( 'NONE',  ( -1.000000000000000000, 0.000000000000000000, 0.000000000000000000 ) ) ;
#1098 = ORIENTED_EDGE ( 'NONE', *, *, #3679, .T. ) ;
#1099 = DIRECTION ( 'NONE',  ( 0.7071067811865513475, 0.000000000000000000, -0.7071067811865435759 ) ) ;
#1100 = AXIS2_PLACEMENT_3D ( 'NONE', #2986, #3561, #142 ) ;
#1101 = AXIS2_PLACEMENT_3D ( 'NONE', #175, #1730, #3977 ) ;
#1102 = ORIENTED_EDGE ( 'NONE', *, *, #3808, .T. ) ;
#1103 = ORIENTED_EDGE ( 'NONE', *, *, #2870, .F. ) ;
#1104 = DIRECTION ( 'NONE',  ( 1.000000000000000000, 0.000000000000000000, 0.000000000000000000 ) ) ;
#1105 = EDGE_CURVE ( 'NONE', #3106, #1218, #3915, .T. ) ;
#1106 = CARTESIAN_POINT ( 'NONE',  ( 8.100000000000001421, -66.47500000000000853, -4.499999999999992006 ) ) ;
#1107 = CARTESIAN_POINT ( 'NONE',  ( 9.700000000000001066, -44.47500000000000853, -24.54999999999999716 ) ) ;
#1108 = DIRECTION ( 'NONE',  ( 0.000000000000000000, 0.000000000000000000, 1.000000000000000000 ) ) ;
#1109 = CARTESIAN_POINT ( 'NONE',  ( -14.99999999999999645, 7.474999999999996980, 3.000000000000000000 ) ) ;
#1110 = VERTEX_POINT ( 'NONE', #585 ) ;
#1111 = ADVANCED_FACE ( 'NONE', ( #2503 ), #3784, .F. ) ;
#1112 = DIRECTION ( 'NONE',  ( 1.000000000000000000, 0.000000000000000000, 0.000000000000000000 ) ) ;
#1113 = PLANE ( 'NONE',  #892 ) ;
#1114 = ADVANCED_FACE ( 'NONE', ( #1521, #1855 ), #647, .T. ) ;
#1115 = FACE_OUTER_BOUND ( 'NONE', #4068, .T. ) ;
#1116 = CARTESIAN_POINT ( 'NONE',  ( 7.171572875253819035, -35.47500000000000853, 0.000000000000000000 ) ) ;
#1117 = ORIENTED_EDGE ( 'NONE', *, *, #3631, .F. ) ;
#1118 = DIRECTION ( 'NONE',  ( 1.000000000000000000, 0.000000000000000000, 0.000000000000000000 ) ) ;
#1119 =( BOUNDED_CURVE ( )  B_SPLINE_CURVE ( 3, ( #943, #4049, #286, #3422 ),
 .UNSPECIFIED., .F., .T. ) 
 B_SPLINE_CURVE_WITH_KNOTS ( ( 4, 4 ),
 ( 1.910633236249019262, 3.141592653589793560 ),
 .UNSPECIFIED. ) 
 CURVE ( )  GEOMETRIC_REPRESENTATION_ITEM ( )  RATIONAL_B_SPLINE_CURVE ( ( 1.000000000000000000, 0.8776643872851508377, 0.8776643872851508377, 1.000000000000000000 ) ) 
 REPRESENTATION_ITEM ( '' )  );
#1120 = LINE ( 'NONE', #2379, #3715 ) ;
#1121 = EDGE_CURVE ( 'NONE', #2421, #2460, #2251, .T. ) ;
#1122 = VERTEX_POINT ( 'NONE', #956 ) ;
#1123 = ORIENTED_EDGE ( 'NONE', *, *, #1086, .F. ) ;
#1124 = CARTESIAN_POINT ( 'NONE',  ( -10.50000000000000000, -53.97500000000000853, -3.999999999999992450 ) ) ;
#1125 = DIRECTION ( 'NONE',  ( 1.239088197126290817E-16, -1.000000000000000000, 3.582458973934590448E-32 ) ) ;
#1126 = PLANE ( 'NONE',  #2215 ) ;
#1127 = DIRECTION ( 'NONE',  ( 1.000000000000000000, 0.000000000000000000, 0.000000000000000000 ) ) ;
#1128 = DIRECTION ( 'NONE',  ( -1.000000000000000000, 0.000000000000000000, 0.000000000000000000 ) ) ;
#1129 = ORIENTED_EDGE ( 'NONE', *, *, #1055, .T. ) ;
#1130 = DIRECTION ( 'NONE',  ( 1.000000000000000000, 0.000000000000000000, 0.000000000000000000 ) ) ;
#1131 = DIRECTION ( 'NONE',  ( -0.000000000000000000, -0.000000000000000000, -1.000000000000000000 ) ) ;
#1132 = DIRECTION ( 'NONE',  ( 1.000000000000000000, 0.000000000000000000, 0.000000000000000000 ) ) ;
#1133 = EDGE_CURVE ( 'NONE', #2182, #2847, #1243, .T. ) ;
#1134 = DIRECTION ( 'NONE',  ( 0.000000000000000000, 0.000000000000000000, 1.000000000000000000 ) ) ;
#1135 = CARTESIAN_POINT ( 'NONE',  ( -9.699999999999990408, -43.97500000000000853, -81.04999999999999716 ) ) ;
#1136 = ORIENTED_EDGE ( 'NONE', *, *, #465, .F. ) ;
#1137 = CARTESIAN_POINT ( 'NONE',  ( 9.999999999999765521, 1.081600087271539223E-12, 3.000000000000000000 ) ) ;
#1138 = EDGE_CURVE ( 'NONE', #1947, #99, #738, .T. ) ;
#1139 = VERTEX_POINT ( 'NONE', #2442 ) ;
#1140 = ORIENTED_EDGE ( 'NONE', *, *, #2449, .F. ) ;
#1141 = AXIS2_PLACEMENT_3D ( 'NONE', #1585, #963, #2855 ) ;
#1142 = PLANE ( 'NONE',  #3510 ) ;
#1143 = AXIS2_PLACEMENT_3D ( 'NONE', #3450, #895, #1819 ) ;
#1144 = AXIS2_PLACEMENT_3D ( 'NONE', #735, #482, #3571 ) ;
#1145 = CARTESIAN_POINT ( 'NONE',  ( 27.39499999999999602, 17.39707030903790042, -91.04999999999998295 ) ) ;
#1146 = CARTESIAN_POINT ( 'NONE',  ( -8.100000000000001421, -66.47500000000000853, -4.499999999999992006 ) ) ;
#1147 = FACE_OUTER_BOUND ( 'NONE', #1178, .T. ) ;
#1148 = VECTOR ( 'NONE', #130, 1000.000000000000000 ) ;
#1149 = ORIENTED_EDGE ( 'NONE', *, *, #1856, .F. ) ;
#1150 = DIRECTION ( 'NONE',  ( 1.000000000000000000, 0.000000000000000000, -0.000000000000000000 ) ) ;
#1151 = AXIS2_PLACEMENT_3D ( 'NONE', #3899, #3353, #2383 ) ;
#1152 = DIRECTION ( 'NONE',  ( -0.000000000000000000, -0.000000000000000000, -1.000000000000000000 ) ) ;
#1153 = VECTOR ( 'NONE', #2975, 1000.000000000000000 ) ;
#1154 = CARTESIAN_POINT ( 'NONE',  ( 14.99999999999999822, -37.47500000000000142, -77.05000000000002558 ) ) ;
#1155 = EDGE_CURVE ( 'NONE', #288, #2727, #917, .T. ) ;
#1156 = LINE ( 'NONE', #3042, #640 ) ;
#1157 = EDGE_LOOP ( 'NONE', ( #1648, #1834, #2694, #51 ) ) ;
#1158 = AXIS2_PLACEMENT_3D ( 'NONE', #821, #2081, #3155 ) ;
#1159 = CIRCLE ( 'NONE', #3013, 3.500000000000003109 ) ;
#1160 = EDGE_CURVE ( 'NONE', #4062, #2295, #3701, .T. ) ;
#1161 = DIRECTION ( 'NONE',  ( 1.000000000000000000, 0.000000000000000000, 0.000000000000000000 ) ) ;
#1162 = ORIENTED_EDGE ( 'NONE', *, *, #1350, .T. ) ;
#1163 = AXIS2_PLACEMENT_3D ( 'NONE', #2388, #3955, #3319 ) ;
#1164 = CARTESIAN_POINT ( 'NONE',  ( -11.99999999999999112, -68.47500000000000853, -6.999999999999992006 ) ) ;
#1165 = AXIS2_PLACEMENT_3D ( 'NONE', #2128, #920, #3416 ) ;
#1166 = EDGE_CURVE ( 'NONE', #3745, #558, #1271, .T. ) ;
#1167 = CARTESIAN_POINT ( 'NONE',  ( 8.499999999999985789, -41.47500000000000142, -3.999999999999988010 ) ) ;
#1168 = PLANE ( 'NONE',  #1165 ) ;
#1169 = DIRECTION ( 'NONE',  ( -1.000000000000000000, 0.000000000000000000, 0.000000000000000000 ) ) ;
#1170 = EDGE_LOOP ( 'NONE', ( #1776, #2937, #3183, #3299 ) ) ;
#1171 = CARTESIAN_POINT ( 'NONE',  ( -8.100000000000001421, -53.97500000000000853, -3.999999999999992450 ) ) ;
#1172 = ORIENTED_EDGE ( 'NONE', *, *, #2962, .F. ) ;
#1173 = CARTESIAN_POINT ( 'NONE',  ( 9.000000000000001776, -53.97500000000000853, -6.999999999999992006 ) ) ;
#1174 = ADVANCED_FACE ( 'NONE', ( #2173, #2834, #1201 ), #298, .T. ) ;
#1175 = FACE_OUTER_BOUND ( 'NONE', #563, .T. ) ;
#1176 = DIRECTION ( 'NONE',  ( -0.000000000000000000, -0.000000000000000000, -1.000000000000000000 ) ) ;
#1177 = DIRECTION ( 'NONE',  ( -0.000000000000000000, 0.000000000000000000, -1.000000000000000000 ) ) ;
#1178 = EDGE_LOOP ( 'NONE', ( #1296, #3830, #3907, #3592 ) ) ;
#1179 = EDGE_CURVE ( 'NONE', #2702, #3235, #2590, .T. ) ;
#1180 = VERTEX_POINT ( 'NONE', #3725 ) ;
#1181 = VERTEX_POINT ( 'NONE', #2153 ) ;
#1182 = VERTEX_POINT ( 'NONE', #3413 ) ;
#1183 = CARTESIAN_POINT ( 'NONE',  ( -9.699999999999990408, -41.47500000000000142, -81.04999999999999716 ) ) ;
#1184 = EDGE_CURVE ( 'NONE', #2295, #2461, #3783, .T. ) ;
#1185 = CARTESIAN_POINT ( 'NONE',  ( 9.700000000000001066, -44.47500000000000853, -24.54999999999999716 ) ) ;
#1186 = DIRECTION ( 'NONE',  ( 1.000000000000000000, 0.000000000000000000, 0.000000000000000000 ) ) ;
#1187 = DIRECTION ( 'NONE',  ( 1.239088197126291063E-16, -1.000000000000000000, 3.582458973934590448E-32 ) ) ;
#1188 = ORIENTED_EDGE ( 'NONE', *, *, #849, .F. ) ;
#1189 = DIRECTION ( 'NONE',  ( 1.000000000000000000, 0.000000000000000000, -0.000000000000000000 ) ) ;
#1190 = ORIENTED_EDGE ( 'NONE', *, *, #2651, .F. ) ;
#1191 = EDGE_CURVE ( 'NONE', #2455, #4038, #2487, .T. ) ;
#1192 = CARTESIAN_POINT ( 'NONE',  ( 13.19999999999999929, -44.47500000000000853, -24.54999999999999716 ) ) ;
#1193 = FACE_OUTER_BOUND ( 'NONE', #1968, .T. ) ;
#1194 = CARTESIAN_POINT ( 'NONE',  ( -9.000000000000012434, -41.47500000000000142, -4.999999999999990230 ) ) ;
#1195 = ORIENTED_EDGE ( 'NONE', *, *, #2835, .F. ) ;
#1196 = CARTESIAN_POINT ( 'NONE',  ( -10.50000000000000000, -66.47500000000000853, -6.999999999999992006 ) ) ;
#1197 = FACE_OUTER_BOUND ( 'NONE', #2830, .T. ) ;
#1198 = ORIENTED_EDGE ( 'NONE', *, *, #114, .T. ) ;
#1199 = EDGE_LOOP ( 'NONE', ( #915, #420 ) ) ;
#1200 = ORIENTED_EDGE ( 'NONE', *, *, #1969, .T. ) ;
#1201 = FACE_BOUND ( 'NONE', #1513, .T. ) ;
#1202 = LINE ( 'NONE', #566, #1278 ) ;
#1203 = DIRECTION ( 'NONE',  ( 1.239088197126290817E-16, -1.000000000000000000, 3.582458973934590448E-32 ) ) ;
#1204 = ORIENTED_EDGE ( 'NONE', *, *, #599, .T. ) ;
#1205 = EDGE_CURVE ( 'NONE', #1518, #4021, #3449, .T. ) ;
#1206 = CARTESIAN_POINT ( 'NONE',  ( 8.999999999999982236, -19.36422972372517748, -3.499999999999987566 ) ) ;
#1207 = ORIENTED_EDGE ( 'NONE', *, *, #3690, .F. ) ;
#1208 = DIRECTION ( 'NONE',  ( -0.000000000000000000, -0.000000000000000000, -1.000000000000000000 ) ) ;
#1209 = FACE_OUTER_BOUND ( 'NONE', #167, .T. ) ;
#1210 = EDGE_CURVE ( 'NONE', #1725, #759, #120, .T. ) ;
#1211 = VECTOR ( 'NONE', #671, 1000.000000000000000 ) ;
#1212 = FACE_OUTER_BOUND ( 'NONE', #1170, .T. ) ;
#1213 = AXIS2_PLACEMENT_3D ( 'NONE', #839, #3688, #1189 ) ;
#1214 = ORIENTED_EDGE ( 'NONE', *, *, #1276, .T. ) ;
#1215 = AXIS2_PLACEMENT_3D ( 'NONE', #366, #1615, #967 ) ;
#1216 = CARTESIAN_POINT ( 'NONE',  ( -27.39500000000000313, 17.39707030903790042, -91.04999999999999716 ) ) ;
#1217 = EDGE_CURVE ( 'NONE', #342, #4011, #1299, .T. ) ;
#1218 = VERTEX_POINT ( 'NONE', #3223 ) ;
#1219 = VECTOR ( 'NONE', #2084, 1000.000000000000000 ) ;
#1220 = ORIENTED_EDGE ( 'NONE', *, *, #1909, .F. ) ;
#1221 = EDGE_LOOP ( 'NONE', ( #1336, #4081, #2813, #3970 ) ) ;
#1222 = CARTESIAN_POINT ( 'NONE',  ( -6.999999999999993783, -41.47500000000000142, 0.000000000000000000 ) ) ;
#1223 = CIRCLE ( 'NONE', #3268, 2.399999999999999467 ) ;
#1224 = DIRECTION ( 'NONE',  ( 0.000000000000000000, 0.000000000000000000, -1.000000000000000000 ) ) ;
#1225 = FACE_OUTER_BOUND ( 'NONE', #3708, .T. ) ;
#1226 = FACE_BOUND ( 'NONE', #3623, .T. ) ;
#1227 = ORIENTED_EDGE ( 'NONE', *, *, #211, .T. ) ;
#1228 = PLANE ( 'NONE',  #2261 ) ;
#1229 = VERTEX_POINT ( 'NONE', #2628 ) ;
#1230 = CIRCLE ( 'NONE', #3537, 2.399999999999999467 ) ;
#1231 = EDGE_CURVE ( 'NONE', #1943, #865, #3059, .T. ) ;
#1232 = FACE_OUTER_BOUND ( 'NONE', #3074, .T. ) ;
#1233 = CARTESIAN_POINT ( 'NONE',  ( -9.699999999999997513, -43.97500000000000853, -24.55000000000000071 ) ) ;
#1234 = LINE ( 'NONE', #2495, #295 ) ;
#1235 = ORIENTED_EDGE ( 'NONE', *, *, #1784, .F. ) ;
#1236 = ADVANCED_FACE ( 'NONE', ( #3825 ), #3203, .F. ) ;
#1237 = CARTESIAN_POINT ( 'NONE',  ( -13.19999999999999574, -44.47500000000000853, -24.55000000000000071 ) ) ;
#1238 = CARTESIAN_POINT ( 'NONE',  ( -12.00000000000000000, -66.47500000000000853, -6.999999999999992006 ) ) ;
#1239 = ORIENTED_EDGE ( 'NONE', *, *, #2981, .T. ) ;
#1240 = EDGE_CURVE ( 'NONE', #2460, #1014, #2231, .T. ) ;
#1241 = ORIENTED_EDGE ( 'NONE', *, *, #30, .F. ) ;
#1242 = ORIENTED_EDGE ( 'NONE', *, *, #2686, .F. ) ;
#1243 = LINE ( 'NONE', #4024, #615 ) ;
#1244 = EDGE_CURVE ( 'NONE', #3332, #1381, #1073, .T. ) ;
#1245 = CARTESIAN_POINT ( 'NONE',  ( -9.000000000000014211, -37.47500000000000853, -4.999999999999990230 ) ) ;
#1246 = FACE_BOUND ( 'NONE', #4019, .T. ) ;
#1247 = DIRECTION ( 'NONE',  ( 0.000000000000000000, 0.000000000000000000, 1.000000000000000000 ) ) ;
#1248 = VERTEX_POINT ( 'NONE', #1580 ) ;
#1249 = CARTESIAN_POINT ( 'NONE',  ( -9.000000000000001776, -66.47500000000000853, -6.999999999999992006 ) ) ;
#1250 = ORIENTED_EDGE ( 'NONE', *, *, #1896, .F. ) ;
#1251 = DIRECTION ( 'NONE',  ( -0.000000000000000000, -0.000000000000000000, -1.000000000000000000 ) ) ;
#1252 = FACE_BOUND ( 'NONE', #2078, .T. ) ;
#1253 = ORIENTED_EDGE ( 'NONE', *, *, #637, .T. ) ;
#1254 = CARTESIAN_POINT ( 'NONE',  ( 10.50000000000000000, -66.47500000000000853, -4.499999999999992006 ) ) ;
#1255 = CARTESIAN_POINT ( 'NONE',  ( 9.700000000000006395, -44.47500000000000853, -81.04999999999999716 ) ) ;
#1256 = EDGE_LOOP ( 'NONE', ( #2039, #3545, #3360, #1804 ) ) ;
#1257 = ADVANCED_FACE ( 'NONE', ( #3844 ), #1318, .T. ) ;
#1258 = VERTEX_POINT ( 'NONE', #991 ) ;
#1259 = PLANE ( 'NONE',  #2198 ) ;
#1260 = EDGE_CURVE ( 'NONE', #3219, #1472, #1995, .T. ) ;
#1261 = DIRECTION ( 'NONE',  ( -1.000000000000000000, 0.000000000000000000, 0.000000000000000000 ) ) ;
#1262 = CARTESIAN_POINT ( 'NONE',  ( 8.200000000000008171, -41.47500000000000142, -81.04999999999999716 ) ) ;
#1263 = ORIENTED_EDGE ( 'NONE', *, *, #1856, .T. ) ;
#1264 = FACE_OUTER_BOUND ( 'NONE', #953, .T. ) ;
#1265 = ORIENTED_EDGE ( 'NONE', *, *, #2771, .T. ) ;
#1266 = AXIS2_PLACEMENT_3D ( 'NONE', #2033, #3036, #814 ) ;
#1267 = DIRECTION ( 'NONE',  ( 1.000000000000000000, -0.000000000000000000, 9.637352644315595243E-17 ) ) ;
#1268 = CARTESIAN_POINT ( 'NONE',  ( 20.20000000000000284, -27.47500000000000497, -87.04999999999996874 ) ) ;
#1269 = CARTESIAN_POINT ( 'NONE',  ( -25.00000000000006040, -41.47500000000000142, -87.04999999999996874 ) ) ;
#1270 = AXIS2_PLACEMENT_3D ( 'NONE', #3091, #3481, #2776 ) ;
#1271 = CIRCLE ( 'NONE', #3584, 2.999999999999999112 ) ;
#1272 = CARTESIAN_POINT ( 'NONE',  ( -14.99999999999999467, -41.47500000000000142, -91.05000000000001137 ) ) ;
#1273 = ORIENTED_EDGE ( 'NONE', *, *, #454, .F. ) ;
#1274 = CIRCLE ( 'NONE', #3719, 1.499999999999999556 ) ;
#1275 = AXIS2_PLACEMENT_3D ( 'NONE', #3274, #2614, #452 ) ;
#1276 = EDGE_CURVE ( 'NONE', #2955, #3933, #947, .T. ) ;
#1277 = ORIENTED_EDGE ( 'NONE', *, *, #162, .T. ) ;
#1278 = VECTOR ( 'NONE', #259, 1000.000000000000000 ) ;
#1279 = CARTESIAN_POINT ( 'NONE',  ( 6.200000000000001066, -44.47500000000000853, -24.54999999999999716 ) ) ;
#1280 = FACE_OUTER_BOUND ( 'NONE', #783, .T. ) ;
#1281 = AXIS2_PLACEMENT_3D ( 'NONE', #212, #502, #1177 ) ;
#1282 = ADVANCED_FACE ( 'NONE', ( #1280 ), #3163, .T. ) ;
#1283 = ORIENTED_EDGE ( 'NONE', *, *, #4003, .F. ) ;
#1284 = ORIENTED_EDGE ( 'NONE', *, *, #1639, .T. ) ;
#1285 = CARTESIAN_POINT ( 'NONE',  ( 20.20000000000000284, -27.47500000000000497, -95.99974746830584138 ) ) ;
#1286 = ORIENTED_EDGE ( 'NONE', *, *, #2593, .F. ) ;
#1287 = ADVANCED_FACE ( 'NONE', ( #1054 ), #3807, .F. ) ;
#1288 = CARTESIAN_POINT ( 'NONE',  ( 23.45000000000000284, -27.47500000000000497, -87.04999999999996874 ) ) ;
#1289 = CARTESIAN_POINT ( 'NONE',  ( -6.199999999999997513, -44.47500000000000853, -24.55000000000000071 ) ) ;
#1290 = CARTESIAN_POINT ( 'NONE',  ( -6.999999999999994671, -34.47500000000000853, 0.000000000000000000 ) ) ;
#1291 = VECTOR ( 'NONE', #290, 1000.000000000000000 ) ;
#1292 = ORIENTED_EDGE ( 'NONE', *, *, #1184, .T. ) ;
#1293 = CARTESIAN_POINT ( 'NONE',  ( 11.99999999999996980, -71.47500000000000853, -6.999999999999992006 ) ) ;
#1294 = VECTOR ( 'NONE', #2307, 1000.000000000000000 ) ;
#1295 = CARTESIAN_POINT ( 'NONE',  ( 9.700000000000006395, -41.47500000000000142, -81.04999999999999716 ) ) ;
#1296 = ORIENTED_EDGE ( 'NONE', *, *, #3439, .F. ) ;
#1297 = EDGE_LOOP ( 'NONE', ( #1897, #3953 ) ) ;
#1298 = CARTESIAN_POINT ( 'NONE',  ( 13.00500000000000256, -22.47500000000000853, -91.04999999999998295 ) ) ;
#1299 = LINE ( 'NONE', #95, #2255 ) ;
#1300 = EDGE_CURVE ( 'NONE', #3117, #2047, #3181, .T. ) ;
#1301 = ORIENTED_EDGE ( 'NONE', *, *, #859, .T. ) ;
#1302 = EDGE_LOOP ( 'NONE', ( #1603, #2012, #3043, #794, #12, #3267 ) ) ;
#1303 = CARTESIAN_POINT ( 'NONE',  ( -13.00499999999999545, -22.47500000000000853, -91.04999999999999716 ) ) ;
#1304 = ADVANCED_FACE ( 'NONE', ( #416 ), #1606, .F. ) ;
#1305 = ORIENTED_EDGE ( 'NONE', *, *, #3158, .F. ) ;
#1306 = CARTESIAN_POINT ( 'NONE',  ( -6.999999999999998224, -66.47500000000000853, -6.999999999999992006 ) ) ;
#1307 = CARTESIAN_POINT ( 'NONE',  ( -10.50000000000000000, -53.97500000000000853, -6.999999999999992006 ) ) ;
#1308 = FACE_BOUND ( 'NONE', #159, .T. ) ;
#1309 = EDGE_CURVE ( 'NONE', #4047, #600, #336, .T. ) ;
#1310 = DIRECTION ( 'NONE',  ( 1.000000000000000000, 0.000000000000000000, 0.000000000000000000 ) ) ;
#1311 = DIRECTION ( 'NONE',  ( -1.000000000000000000, 0.000000000000000000, -9.637352644315595243E-17 ) ) ;
#1312 = DIRECTION ( 'NONE',  ( -1.000000000000000000, 0.000000000000000000, 0.000000000000000000 ) ) ;
#1313 = CARTESIAN_POINT ( 'NONE',  ( -9.699999999999997513, -44.47500000000000853, -24.55000000000000071 ) ) ;
#1314 = ORIENTED_EDGE ( 'NONE', *, *, #1896, .T. ) ;
#1315 = CARTESIAN_POINT ( 'NONE',  ( -16.94999999999999574, -27.47500000000000497, -87.04999999999996874 ) ) ;
#1316 = ORIENTED_EDGE ( 'NONE', *, *, #2354, .T. ) ;
#1317 = DIRECTION ( 'NONE',  ( -1.239088197126290817E-16, 1.000000000000000000, -3.582458973934590448E-32 ) ) ;
#1318 = CYLINDRICAL_SURFACE ( 'NONE', #418, 3.499999999999999556 ) ;
#1319 = ORIENTED_EDGE ( 'NONE', *, *, #3404, .T. ) ;
#1320 = ORIENTED_EDGE ( 'NONE', *, *, #965, .T. ) ;
#1321 = CARTESIAN_POINT ( 'NONE',  ( -14.99999999999999645, -7.475000000000002309, 5.000000000000000000 ) ) ;
#1322 = ORIENTED_EDGE ( 'NONE', *, *, #1581, .F. ) ;
#1323 = ADVANCED_FACE ( 'NONE', ( #2874 ), #57, .F. ) ;
#1324 = CARTESIAN_POINT ( 'NONE',  ( 8.999999999999985789, -41.47500000000000142, -3.999999999999988010 ) ) ;
#1325 = FACE_OUTER_BOUND ( 'NONE', #4060, .T. ) ;
#1326 = CARTESIAN_POINT ( 'NONE',  ( 21.95000000000000284, -27.47500000000000497, -91.04999999999999716 ) ) ;
#1327 = CARTESIAN_POINT ( 'NONE',  ( -9.699999999999990408, -44.47500000000000853, -81.04999999999999716 ) ) ;
#1328 = EDGE_CURVE ( 'NONE', #1493, #342, #810, .T. ) ;
#1329 = DIRECTION ( 'NONE',  ( -0.000000000000000000, -0.000000000000000000, 1.000000000000000000 ) ) ;
#1330 = DIRECTION ( 'NONE',  ( -1.000000000000000000, 0.000000000000000000, -2.891205793294678326E-16 ) ) ;
#1331 = ORIENTED_EDGE ( 'NONE', *, *, #2143, .T. ) ;
#1332 = VECTOR ( 'NONE', #1651, 1000.000000000000000 ) ;
#1333 = AXIS2_PLACEMENT_3D ( 'NONE', #3894, #3871, #3179 ) ;
#1334 = AXIS2_PLACEMENT_3D ( 'NONE', #2543, #1939, #2291 ) ;
#1335 = DIRECTION ( 'NONE',  ( 0.000000000000000000, 0.000000000000000000, 1.000000000000000000 ) ) ;
#1336 = ORIENTED_EDGE ( 'NONE', *, *, #2143, .F. ) ;
#1337 = CARTESIAN_POINT ( 'NONE',  ( -8.500000000000015987, -41.47500000000000142, -3.499999999999990230 ) ) ;
#1338 = CIRCLE ( 'NONE', #2928, 1.499999999999999556 ) ;
#1339 = CARTESIAN_POINT ( 'NONE',  ( -9.699999999999997513, -43.97500000000000853, -24.55000000000000071 ) ) ;
#1340 = AXIS2_PLACEMENT_3D ( 'NONE', #105, #1370, #85 ) ;
#1341 = AXIS2_PLACEMENT_3D ( 'NONE', #1167, #3069, #2127 ) ;
#1342 = ORIENTED_EDGE ( 'NONE', *, *, #1160, .F. ) ;
#1343 = VERTEX_POINT ( 'NONE', #765 ) ;
#1344 = DIRECTION ( 'NONE',  ( 1.000000000000000000, 0.000000000000000000, 0.000000000000000000 ) ) ;
#1345 = CARTESIAN_POINT ( 'NONE',  ( -10.00000000000023093, 1.017415318660397361E-12, 5.000000000000000000 ) ) ;
#1346 = VECTOR ( 'NONE', #3526, 1000.000000000000000 ) ;
#1347 = CARTESIAN_POINT ( 'NONE',  ( 13.00500000000000078, -37.47500000000000853, -91.04999999999999716 ) ) ;
#1348 = DIRECTION ( 'NONE',  ( -1.239088197126290817E-16, 1.000000000000000000, -3.582458973934590448E-32 ) ) ;
#1349 = CARTESIAN_POINT ( 'NONE',  ( -6.750000000000231815, 1.017813328870120383E-12, 5.000000000000000000 ) ) ;
#1350 = EDGE_CURVE ( 'NONE', #3242, #2441, #3911, .T. ) ;
#1351 = FILL_AREA_STYLE_COLOUR ( '', #3879 ) ;
#1352 = FACE_OUTER_BOUND ( 'NONE', #1861, .T. ) ;
#1353 = CARTESIAN_POINT ( 'NONE',  ( -8.500000000000015987, -19.36422972372518103, -4.999999999999990230 ) ) ;
#1354 = DIRECTION ( 'NONE',  ( 0.000000000000000000, 0.000000000000000000, 1.000000000000000000 ) ) ;
#1355 = ORIENTED_EDGE ( 'NONE', *, *, #1401, .F. ) ;
#1356 = CIRCLE ( 'NONE', #3947, 1.750000000000001554 ) ;
#1357 = EDGE_CURVE ( 'NONE', #3884, #1731, #1120, .T. ) ;
#1358 = VECTOR ( 'NONE', #3362, 1000.000000000000000 ) ;
#1359 = CARTESIAN_POINT ( 'NONE',  ( 9.999999999999765521, 1.081600087271539223E-12, 3.000000000000000000 ) ) ;
#1360 = CARTESIAN_POINT ( 'NONE',  ( 10.50000000000000000, -66.47500000000000853, -3.999999999999992450 ) ) ;
#1361 = ORIENTED_EDGE ( 'NONE', *, *, #2459, .F. ) ;
#1362 = DIRECTION ( 'NONE',  ( -1.000000000000000000, 0.000000000000000000, 0.000000000000000000 ) ) ;
#1363 = EDGE_CURVE ( 'NONE', #106, #2499, #3660, .T. ) ;
#1364 = ORIENTED_EDGE ( 'NONE', *, *, #3957, .T. ) ;
#1365 = ORIENTED_EDGE ( 'NONE', *, *, #79, .T. ) ;
#1366 = DIRECTION ( 'NONE',  ( 1.000000000000000000, 0.000000000000000000, 0.000000000000000000 ) ) ;
#1367 = DIRECTION ( 'NONE',  ( 1.000000000000000000, 0.000000000000000000, 0.000000000000000000 ) ) ;
#1368 = CARTESIAN_POINT ( 'NONE',  ( 14.99999999999996625, -48.47500000000003695, -11.99999999999999112 ) ) ;
#1369 = CARTESIAN_POINT ( 'NONE',  ( -11.19999999999999574, -43.97500000000000853, -24.55000000000000071 ) ) ;
#1370 = DIRECTION ( 'NONE',  ( 0.000000000000000000, 0.000000000000000000, 1.000000000000000000 ) ) ;
#1371 = ORIENTED_EDGE ( 'NONE', *, *, #855, .T. ) ;
#1372 = CYLINDRICAL_SURFACE ( 'NONE', #423, 1.750000000000001554 ) ;
#1373 = LINE ( 'NONE', #3862, #2142 ) ;
#1374 = VERTEX_POINT ( 'NONE', #1712 ) ;
#1375 = DIRECTION ( 'NONE',  ( -0.000000000000000000, -0.000000000000000000, -1.000000000000000000 ) ) ;
#1376 = EDGE_CURVE ( 'NONE', #801, #3884, #1693, .T. ) ;
#1377 = ORIENTED_EDGE ( 'NONE', *, *, #1086, .T. ) ;
#1378 = DIRECTION ( 'NONE',  ( -1.000000000000000000, -1.156482317317871478E-16, 0.000000000000000000 ) ) ;
#1379 = CYLINDRICAL_SURFACE ( 'NONE', #1007, 1.499999999999999556 ) ;
#1380 = EDGE_CURVE ( 'NONE', #4002, #1965, #2325, .T. ) ;
#1381 = VERTEX_POINT ( 'NONE', #3979 ) ;
#1382 = ORIENTED_EDGE ( 'NONE', *, *, #3606, .T. ) ;
#1383 = CARTESIAN_POINT ( 'NONE',  ( -27.39499999999999602, -22.47500000000000853, -87.04999999999996874 ) ) ;
#1384 = PRODUCT ( '010_018_Camera_mount', '010_018_Camera_mount', '', ( #2135 ) ) ;
#1385 = DIRECTION ( 'NONE',  ( 1.000000000000000000, 0.000000000000000000, 0.000000000000000000 ) ) ;
#1386 = DIRECTION ( 'NONE',  ( 1.239088197126290817E-16, -1.000000000000000000, 3.582458973934590448E-32 ) ) ;
#1387 = CARTESIAN_POINT ( 'NONE',  ( 13.00500000000000256, -37.47500000000000853, -84.04999999999995453 ) ) ;
#1388 = CARTESIAN_POINT ( 'NONE',  ( 11.99999999999996980, -71.47500000000000853, -6.999999999999993783 ) ) ;
#1389 = ORIENTED_EDGE ( 'NONE', *, *, #1166, .F. ) ;
#1390 = APPLICATION_PROTOCOL_DEFINITION ( 'draft international standard', 'automotive_design', 1998, #3826 ) ;
#1391 = CARTESIAN_POINT ( 'NONE',  ( -12.00000000000000000, -66.47500000000000853, -3.999999999999992450 ) ) ;
#1392 = LINE ( 'NONE', #1808, #2147 ) ;
#1393 = ORIENTED_EDGE ( 'NONE', *, *, #3998, .F. ) ;
#1394 = AXIS2_PLACEMENT_3D ( 'NONE', #3120, #2189, #239 ) ;
#1395 = DIRECTION ( 'NONE',  ( -1.000000000000000000, -1.239088197126290817E-16, -1.156482317317871725E-16 ) ) ;
#1396 = DIRECTION ( 'NONE',  ( 1.000000000000000000, 0.000000000000000000, -0.000000000000000000 ) ) ;
#1397 = ORIENTED_EDGE ( 'NONE', *, *, #1376, .F. ) ;
#1398 = CARTESIAN_POINT ( 'NONE',  ( 9.700000000000001066, -44.47500000000000853, -24.54999999999999716 ) ) ;
#1399 = CYLINDRICAL_SURFACE ( 'NONE', #3652, 1.749999999999999778 ) ;
#1400 = AXIS2_PLACEMENT_3D ( 'NONE', #1667, #2940, #3572 ) ;
#1401 = EDGE_CURVE ( 'NONE', #2120, #2118, #1530, .T. ) ;
#1402 = VECTOR ( 'NONE', #1579, 1000.000000000000000 ) ;
#1403 = EDGE_LOOP ( 'NONE', ( #2557, #1933, #2141, #1918 ) ) ;
#1404 = VERTEX_POINT ( 'NONE', #2025 ) ;
#1405 = DIRECTION ( 'NONE',  ( -0.000000000000000000, -0.000000000000000000, 1.000000000000000000 ) ) ;
#1406 = UNCERTAINTY_MEASURE_WITH_UNIT (LENGTH_MEASURE( 1.000000000000000082E-05 ), #841, 'distance_accuracy_value', 'NONE');
#1407 = EDGE_CURVE ( 'NONE', #253, #2982, #2124, .T. ) ;
#1408 = AXIS2_PLACEMENT_3D ( 'NONE', #529, #2698, #3644 ) ;
#1409 = CIRCLE ( 'NONE', #683, 2.999999999999999112 ) ;
#1410 = FACE_BOUND ( 'NONE', #1297, .T. ) ;
#1411 = DIRECTION ( 'NONE',  ( -0.000000000000000000, -0.000000000000000000, -1.000000000000000000 ) ) ;
#1412 = DIRECTION ( 'NONE',  ( 0.000000000000000000, -1.000000000000000000, 0.000000000000000000 ) ) ;
#1413 = AXIS2_PLACEMENT_3D ( 'NONE', #912, #3097, #1597 ) ;
#1414 = CYLINDRICAL_SURFACE ( 'NONE', #496, 1.499999999999999556 ) ;
#1415 = VERTEX_POINT ( 'NONE', #827 ) ;
#1416 = ADVANCED_FACE ( 'NONE', ( #2063 ), #1399, .F. ) ;
#1417 = CIRCLE ( 'NONE', #3600, 1.499999999999999556 ) ;
#1418 = SURFACE_STYLE_USAGE ( .BOTH. , #2414 ) ;
#1419 = CARTESIAN_POINT ( 'NONE',  ( -6.999999999999993783, -37.47500000000000853, -2.000000000000029310 ) ) ;
#1420 = DIRECTION ( 'NONE',  ( -1.000000000000000000, -1.239088197126290817E-16, -1.156482317317871725E-16 ) ) ;
#1421 = ORIENTED_EDGE ( 'NONE', *, *, #1581, .T. ) ;
#1422 = EDGE_CURVE ( 'NONE', #2863, #411, #2462, .T. ) ;
#1423 = CIRCLE ( 'NONE', #1163, 3.000000000000000888 ) ;
#1424 = CARTESIAN_POINT ( 'NONE',  ( -9.699999999999997513, -43.97500000000000853, -24.55000000000000071 ) ) ;
#1425 = FACE_OUTER_BOUND ( 'NONE', #3494, .T. ) ;
#1426 = EDGE_LOOP ( 'NONE', ( #1747, #591, #77, #2542 ) ) ;
#1427 = CARTESIAN_POINT ( 'NONE',  ( 15.00000000000000355, 7.475000000000000533, 0.000000000000000000 ) ) ;
#1428 = CARTESIAN_POINT ( 'NONE',  ( 10.50000000000000000, -66.47500000000000853, -6.999999999999992006 ) ) ;
#1429 = VECTOR ( 'NONE', #1411, 1000.000000000000000 ) ;
#1430 = CIRCLE ( 'NONE', #1889, 1.499999999999999556 ) ;
#1431 = ORIENTED_EDGE ( 'NONE', *, *, #2703, .F. ) ;
#1432 = ORIENTED_EDGE ( 'NONE', *, *, #3549, .F. ) ;
#1433 = DIRECTION ( 'NONE',  ( -0.000000000000000000, -0.000000000000000000, 1.000000000000000000 ) ) ;
#1434 = DIRECTION ( 'NONE',  ( -0.000000000000000000, -0.000000000000000000, 1.000000000000000000 ) ) ;
#1435 = FACE_OUTER_BOUND ( 'NONE', #3209, .T. ) ;
#1436 = EDGE_CURVE ( 'NONE', #3827, #2971, #2995, .T. ) ;
#1437 = CARTESIAN_POINT ( 'NONE',  ( -9.699999999999990408, -44.47500000000000853, -81.04999999999999716 ) ) ;
#1438 = EDGE_LOOP ( 'NONE', ( #2814, #3658, #3473, #601, #1102, #3364 ) ) ;
#1439 = DIRECTION ( 'NONE',  ( 1.000000000000000000, 0.000000000000000000, 0.000000000000000000 ) ) ;
#1440 = DIRECTION ( 'NONE',  ( 0.000000000000000000, -0.7071067811865524577, 0.7071067811865425767 ) ) ;
#1441 = DIRECTION ( 'NONE',  ( 1.000000000000000000, 0.000000000000000000, 2.532905239608406037E-16 ) ) ;
#1442 = EDGE_CURVE ( 'NONE', #2438, #1587, #2711, .T. ) ;
#1443 = CARTESIAN_POINT ( 'NONE',  ( -13.00499999999999545, -22.47500000000000853, -91.04999999999999716 ) ) ;
#1444 = DIRECTION ( 'NONE',  ( -0.000000000000000000, -0.000000000000000000, 1.000000000000000000 ) ) ;
#1445 = ORIENTED_EDGE ( 'NONE', *, *, #136, .T. ) ;
#1446 = DIRECTION ( 'NONE',  ( 1.239088197126290817E-16, -1.000000000000000000, 3.582458973934590448E-32 ) ) ;
#1447 = ORIENTED_EDGE ( 'NONE', *, *, #3200, .T. ) ;
#1448 = ORIENTED_EDGE ( 'NONE', *, *, #1959, .T. ) ;
#1449 = CARTESIAN_POINT ( 'NONE',  ( 9.700000000000006395, -43.97500000000000853, -81.04999999999999716 ) ) ;
#1450 = DIRECTION ( 'NONE',  ( 1.000000000000000000, 0.000000000000000000, 0.000000000000000000 ) ) ;
#1451 = CARTESIAN_POINT ( 'NONE',  ( 11.74999999999976552, 1.081814400461390004E-12, 7.949747468305831788 ) ) ;
#1452 = DIRECTION ( 'NONE',  ( 0.000000000000000000, 1.000000000000000000, -3.582458973934590448E-32 ) ) ;
#1453 = EDGE_LOOP ( 'NONE', ( #2502, #1809 ) ) ;
#1454 = ADVANCED_FACE ( 'NONE', ( #2087 ), #1379, .F. ) ;
#1455 = PRESENTATION_STYLE_ASSIGNMENT (( #1418 ) ) ;
#1456 = DIRECTION ( 'NONE',  ( 0.000000000000000000, 0.000000000000000000, 1.000000000000000000 ) ) ;
#1457 = EDGE_CURVE ( 'NONE', #1888, #1844, #3321, .T. ) ;
#1458 = DIRECTION ( 'NONE',  ( -0.000000000000000000, -0.000000000000000000, -1.000000000000000000 ) ) ;
#1459 = DIRECTION ( 'NONE',  ( 1.000000000000000000, 0.000000000000000000, 0.000000000000000000 ) ) ;
#1460 = ORIENTED_EDGE ( 'NONE', *, *, #2651, .T. ) ;
#1461 = ADVANCED_FACE ( 'NONE', ( #3905 ), #371, .F. ) ;
#1462 = ORIENTED_EDGE ( 'NONE', *, *, #3780, .F. ) ;
#1463 = ORIENTED_EDGE ( 'NONE', *, *, #3631, .T. ) ;
#1464 = VECTOR ( 'NONE', #1433, 1000.000000000000000 ) ;
#1465 = CARTESIAN_POINT ( 'NONE',  ( -13.00499999999999545, -37.47500000000000853, -84.04999999999995453 ) ) ;
#1466 = VECTOR ( 'NONE', #2816, 1000.000000000000000 ) ;
#1467 = CARTESIAN_POINT ( 'NONE',  ( 10.50000000000000000, -53.97500000000000853, -4.499999999999992006 ) ) ;
#1468 = CARTESIAN_POINT ( 'NONE',  ( -9.699999999999997513, -41.47500000000000142, -24.55000000000000071 ) ) ;
#1469 = CARTESIAN_POINT ( 'NONE',  ( 11.19999999999999929, -41.47500000000000142, -24.54999999999999716 ) ) ;
#1470 = DIRECTION ( 'NONE',  ( 0.000000000000000000, 1.000000000000000000, 0.000000000000000000 ) ) ;
#1471 = VECTOR ( 'NONE', #3318, 1000.000000000000000 ) ;
#1472 = VERTEX_POINT ( 'NONE', #3565 ) ;
#1473 = VECTOR ( 'NONE', #2923, 1000.000000000000000 ) ;
#1474 = DIRECTION ( 'NONE',  ( -0.000000000000000000, -0.000000000000000000, -1.000000000000000000 ) ) ;
#1475 = CIRCLE ( 'NONE', #3793, 1.499999999999999556 ) ;
#1476 = CARTESIAN_POINT ( 'NONE',  ( -21.94999999999999574, -27.47500000000000497, -95.99974746830584138 ) ) ;
#1477 = EDGE_CURVE ( 'NONE', #216, #256, #1274, .T. ) ;
#1478 = VECTOR ( 'NONE', #2577, 1000.000000000000000 ) ;
#1479 = CARTESIAN_POINT ( 'NONE',  ( -12.09999999999998899, -43.97500000000000853, -81.04999999999999716 ) ) ;
#1480 = ORIENTED_EDGE ( 'NONE', *, *, #337, .F. ) ;
#1481 = AXIS2_PLACEMENT_3D ( 'NONE', #88, #672, #2574 ) ;
#1482 = EDGE_CURVE ( 'NONE', #222, #526, #2638, .T. ) ;
#1483 = VECTOR ( 'NONE', #1412, 1000.000000000000000 ) ;
#1484 = EDGE_LOOP ( 'NONE', ( #2666, #768, #2107, #995 ) ) ;
#1485 = ORIENTED_EDGE ( 'NONE', *, *, #3357, .F. ) ;
#1486 = ORIENTED_EDGE ( 'NONE', *, *, #337, .T. ) ;
#1487 = ADVANCED_FACE ( 'NONE', ( #1352, #3819, #2322, #49, #753 ), #730, .T. ) ;
#1488 = VECTOR ( 'NONE', #1187, 1000.000000000000000 ) ;
#1489 = CARTESIAN_POINT ( 'NONE',  ( 14.00000000000000178, -53.97500000000000853, -3.999999999999992450 ) ) ;
#1490 = VECTOR ( 'NONE', #3789, 1000.000000000000000 ) ;
#1491 = CARTESIAN_POINT ( 'NONE',  ( -14.99999999999999289, -68.47500000000000853, -11.99999999999999467 ) ) ;
#1492 = CARTESIAN_POINT ( 'NONE',  ( -6.750000000000231815, 1.017813328870120383E-12, 5.000000000000000000 ) ) ;
#1493 = VERTEX_POINT ( 'NONE', #2890 ) ;
#1494 = ADVANCED_FACE ( 'NONE', ( #346 ), #3216, .T. ) ;
#1495 = LINE ( 'NONE', #3294, #2731 ) ;
#1496 = ORIENTED_EDGE ( 'NONE', *, *, #325, .T. ) ;
#1497 = DIRECTION ( 'NONE',  ( 1.000000000000000000, 1.239088197126290817E-16, 0.000000000000000000 ) ) ;
#1498 = CARTESIAN_POINT ( 'NONE',  ( 10.50000000000000000, -53.97500000000000853, -4.499999999999992006 ) ) ;
#1499 = DIRECTION ( 'NONE',  ( 1.239088197126290817E-16, -1.000000000000000000, 3.582458973934590448E-32 ) ) ;
#1500 = ORIENTED_EDGE ( 'NONE', *, *, #266, .F. ) ;
#1501 = CARTESIAN_POINT ( 'NONE',  ( 20.20000000000000284, -27.47500000000000497, -95.99974746830584138 ) ) ;
#1502 = VERTEX_POINT ( 'NONE', #1293 ) ;
#1503 = EDGE_CURVE ( 'NONE', #3851, #4056, #2558, .T. ) ;
#1504 = ORIENTED_EDGE ( 'NONE', *, *, #1442, .T. ) ;
#1505 = ORIENTED_EDGE ( 'NONE', *, *, #1422, .T. ) ;
#1506 = DIRECTION ( 'NONE',  ( -0.000000000000000000, -0.000000000000000000, -1.000000000000000000 ) ) ;
#1507 = EDGE_CURVE ( 'NONE', #3117, #237, #432, .T. ) ;
#1508 = CARTESIAN_POINT ( 'NONE',  ( -9.699999999999990408, -43.97500000000000853, -81.04999999999999716 ) ) ;
#1509 = CARTESIAN_POINT ( 'NONE',  ( 7.000000000000001776, -10.47499999999999787, 3.000000000000003997 ) ) ;
#1510 = DIRECTION ( 'NONE',  ( -1.000000000000000000, 0.000000000000000000, -0.000000000000000000 ) ) ;
#1511 = VERTEX_POINT ( 'NONE', #3502 ) ;
#1512 = DIRECTION ( 'NONE',  ( 1.239088197126291063E-16, -1.000000000000000000, 3.582458973934590448E-32 ) ) ;
#1513 = EDGE_LOOP ( 'NONE', ( #2133, #3326 ) ) ;
#1514 = FACE_OUTER_BOUND ( 'NONE', #2775, .T. ) ;
#1515 = LINE ( 'NONE', #1269, #3925 ) ;
#1516 = EDGE_LOOP ( 'NONE', ( #1319, #1783, #1705, #830 ) ) ;
#1517 = DIRECTION ( 'NONE',  ( 0.000000000000000000, -1.000000000000000000, 0.000000000000000000 ) ) ;
#1518 = VERTEX_POINT ( 'NONE', #2572 ) ;
#1519 = ORIENTED_EDGE ( 'NONE', *, *, #1217, .F. ) ;
#1520 = ORIENTED_EDGE ( 'NONE', *, *, #3764, .T. ) ;
#1521 = FACE_BOUND ( 'NONE', #1609, .T. ) ;
#1522 = EDGE_CURVE ( 'NONE', #2982, #253, #3589, .T. ) ;
#1523 = CARTESIAN_POINT ( 'NONE',  ( -6.999999999999998224, -10.47500000000000142, 5.000000000000000000 ) ) ;
#1524 = VECTOR ( 'NONE', #3244, 1000.000000000000000 ) ;
#1525 = DIRECTION ( 'NONE',  ( 1.239088197126291063E-16, -1.000000000000000000, 3.582458973934590448E-32 ) ) ;
#1526 = VERTEX_POINT ( 'NONE', #1655 ) ;
#1527 = DIRECTION ( 'NONE',  ( -1.000000000000000000, 0.000000000000000000, 0.000000000000000000 ) ) ;
#1528 = EDGE_CURVE ( 'NONE', #236, #1229, #1683, .T. ) ;
#1529 = EDGE_LOOP ( 'NONE', ( #622, #689, #486, #2684 ) ) ;
#1530 = CIRCLE ( 'NONE', #3918, 3.249999999999999556 ) ;
#1531 = CIRCLE ( 'NONE', #3847, 3.500000000000003109 ) ;
#1532 = CARTESIAN_POINT ( 'NONE',  ( 9.700000000000006395, -43.97500000000000853, -81.04999999999999716 ) ) ;
#1533 = VECTOR ( 'NONE', #1311, 1000.000000000000000 ) ;
#1534 = LINE ( 'NONE', #944, #2329 ) ;
#1535 = EDGE_CURVE ( 'NONE', #1180, #684, #2953, .T. ) ;
#1536 = EDGE_LOOP ( 'NONE', ( #2196, #724 ) ) ;
#1537 = VECTOR ( 'NONE', #1949, 1000.000000000000000 ) ;
#1538 = CARTESIAN_POINT ( 'NONE',  ( -13.00499999999999545, -26.47499999999992326, -95.04999999999994031 ) ) ;
#1539 = DIRECTION ( 'NONE',  ( 1.239088197126291063E-16, -1.000000000000000000, 3.582458973934590448E-32 ) ) ;
#1540 = ORIENTED_EDGE ( 'NONE', *, *, #2522, .T. ) ;
#1541 = VECTOR ( 'NONE', #1458, 1000.000000000000000 ) ;
#1542 = EDGE_CURVE ( 'NONE', #901, #961, #1046, .T. ) ;
#1543 = CIRCLE ( 'NONE', #1158, 3.500000000000003109 ) ;
#1544 = ORIENTED_EDGE ( 'NONE', *, *, #2771, .F. ) ;
#1545 = ORIENTED_EDGE ( 'NONE', *, *, #508, .T. ) ;
#1546 = DIRECTION ( 'NONE',  ( 0.000000000000000000, 1.000000000000000000, 0.000000000000000000 ) ) ;
#1547 = CARTESIAN_POINT ( 'NONE',  ( 3.717264591378872007E-15, -71.47500000000000853, 1.074737692180377025E-30 ) ) ;
#1548 = AXIS2_PLACEMENT_3D ( 'NONE', #2699, #1765, #3339 ) ;
#1549 = CARTESIAN_POINT ( 'NONE',  ( -8.100000000000001421, -53.97500000000000853, -4.499999999999992006 ) ) ;
#1550 = EDGE_LOOP ( 'NONE', ( #866, #3943, #1320, #2477 ) ) ;
#1551 = DIRECTION ( 'NONE',  ( 1.000000000000000000, 0.000000000000000000, 1.445602896647339656E-16 ) ) ;
#1552 = ORIENTED_EDGE ( 'NONE', *, *, #1598, .F. ) ;
#1553 = VECTOR ( 'NONE', #2818, 1000.000000000000000 ) ;
#1554 = ADVANCED_FACE ( 'NONE', ( #2594 ), #2908, .T. ) ;
#1555 = DIRECTION ( 'NONE',  ( 1.239088197126290817E-16, -1.000000000000000000, 3.582458973934590448E-32 ) ) ;
#1556 = DIRECTION ( 'NONE',  ( -0.000000000000000000, -1.000000000000000000, -0.000000000000000000 ) ) ;
#1557 = FACE_OUTER_BOUND ( 'NONE', #1052, .T. ) ;
#1558 = ORIENTED_EDGE ( 'NONE', *, *, #1985, .F. ) ;
#1559 = ADVANCED_FACE ( 'NONE', ( #695 ), #1372, .F. ) ;
#1560 = CYLINDRICAL_SURFACE ( 'NONE', #3138, 1.499999999999999556 ) ;
#1561 = VERTEX_POINT ( 'NONE', #1026 ) ;
#1562 = ORIENTED_EDGE ( 'NONE', *, *, #2565, .T. ) ;
#1563 = ORIENTED_EDGE ( 'NONE', *, *, #3795, .T. ) ;
#1564 = CARTESIAN_POINT ( 'NONE',  ( 10.50000000000000000, -53.97500000000000853, -6.999999999999992006 ) ) ;
#1565 = FACE_OUTER_BOUND ( 'NONE', #1302, .T. ) ;
#1566 = CARTESIAN_POINT ( 'NONE',  ( 25.00000000000006040, -34.47499999999996589, -87.04999999999996874 ) ) ;
#1567 = ORIENTED_EDGE ( 'NONE', *, *, #1210, .T. ) ;
#1568 = LINE ( 'NONE', #2821, #1012 ) ;
#1569 = ORIENTED_EDGE ( 'NONE', *, *, #3865, .T. ) ;
#1570 = FACE_OUTER_BOUND ( 'NONE', #2606, .T. ) ;
#1571 = DIRECTION ( 'NONE',  ( -1.000000000000000000, 0.000000000000000000, 0.000000000000000000 ) ) ;
#1572 = DIRECTION ( 'NONE',  ( -0.000000000000000000, -0.000000000000000000, 1.000000000000000000 ) ) ;
#1573 = ORIENTED_EDGE ( 'NONE', *, *, #3129, .F. ) ;
#1574 = EDGE_CURVE ( 'NONE', #1258, #1415, #2792, .T. ) ;
#1575 = DIRECTION ( 'NONE',  ( -1.239088197126290817E-16, 1.000000000000000000, -3.582458973934590448E-32 ) ) ;
#1576 = ORIENTED_EDGE ( 'NONE', *, *, #2579, .F. ) ;
#1577 = EDGE_CURVE ( 'NONE', #3615, #1229, #409, .T. ) ;
#1578 = VERTEX_POINT ( 'NONE', #3020 ) ;
#1579 = DIRECTION ( 'NONE',  ( 0.000000000000000000, 1.000000000000000000, 0.000000000000000000 ) ) ;
#1580 = CARTESIAN_POINT ( 'NONE',  ( 9.000000000000001776, -66.47500000000000853, -6.999999999999992006 ) ) ;
#1581 = EDGE_CURVE ( 'NONE', #2583, #4062, #2595, .T. ) ;
#1582 = LINE ( 'NONE', #720, #313 ) ;
#1583 = ORIENTED_EDGE ( 'NONE', *, *, #1240, .T. ) ;
#1584 = VERTEX_POINT ( 'NONE', #3954 ) ;
#1585 = CARTESIAN_POINT ( 'NONE',  ( 9.999999999999765521, 1.081600087271539223E-12, 7.949747468305831788 ) ) ;
#1586 = EDGE_CURVE ( 'NONE', #1182, #2069, #1999, .T. ) ;
#1587 = VERTEX_POINT ( 'NONE', #3650 ) ;
#1588 = AXIS2_PLACEMENT_3D ( 'NONE', #3269, #448, #2984 ) ;
#1589 = CARTESIAN_POINT ( 'NONE',  ( -21.94999999999999574, -27.47500000000000497, -88.04999999999996874 ) ) ;
#1590 = CARTESIAN_POINT ( 'NONE',  ( -10.50000000000000000, -53.97500000000000853, -6.999999999999992006 ) ) ;
#1591 = DIRECTION ( 'NONE',  ( 0.000000000000000000, 0.000000000000000000, 1.000000000000000000 ) ) ;
#1592 = AXIS2_PLACEMENT_3D ( 'NONE', #357, #3240, #2544 ) ;
#1593 = ORIENTED_EDGE ( 'NONE', *, *, #3068, .F. ) ;
#1594 = DIRECTION ( 'NONE',  ( 4.795620454587663717E-16, 0.000000000000000000, -1.000000000000000000 ) ) ;
#1595 = CIRCLE ( 'NONE', #2668, 2.399999999999999467 ) ;
#1596 = CIRCLE ( 'NONE', #3384, 1.499999999999999556 ) ;
#1597 = DIRECTION ( 'NONE',  ( -1.000000000000000000, 0.000000000000000000, 0.000000000000000000 ) ) ;
#1598 = EDGE_CURVE ( 'NONE', #974, #3242, #2372, .T. ) ;
#1599 = ORIENTED_EDGE ( 'NONE', *, *, #184, .T. ) ;
#1600 = VECTOR ( 'NONE', #3854, 1000.000000000000000 ) ;
#1601 = VECTOR ( 'NONE', #1746, 1000.000000000000000 ) ;
#1602 = ADVANCED_FACE ( 'NONE', ( #2434 ), #456, .F. ) ;
#1603 = ORIENTED_EDGE ( 'NONE', *, *, #436, .T. ) ;
#1604 = AXIS2_PLACEMENT_3D ( 'NONE', #2104, #3995, #2746 ) ;
#1605 = CARTESIAN_POINT ( 'NONE',  ( 15.00000000000000355, 7.475000000000000533, 3.000000000000000000 ) ) ;
#1606 = PLANE ( 'NONE',  #1400 ) ;
#1607 = VECTOR ( 'NONE', #2601, 1000.000000000000114 ) ;
#1608 = EDGE_CURVE ( 'NONE', #4038, #146, #743, .T. ) ;
#1609 = EDGE_LOOP ( 'NONE', ( #2305, #632 ) ) ;
#1610 = EDGE_LOOP ( 'NONE', ( #1075, #2917 ) ) ;
#1611 = AXIS2_PLACEMENT_3D ( 'NONE', #1066, #3547, #697 ) ;
#1612 = CARTESIAN_POINT ( 'NONE',  ( -20.19999999999999574, -27.47500000000000497, -87.04999999999996874 ) ) ;
#1613 = ORIENTED_EDGE ( 'NONE', *, *, #584, .F. ) ;
#1614 = CIRCLE ( 'NONE', #3945, 2.399999999999999467 ) ;
#1615 = DIRECTION ( 'NONE',  ( -0.000000000000000000, -0.000000000000000000, -1.000000000000000000 ) ) ;
#1616 = FACE_OUTER_BOUND ( 'NONE', #264, .T. ) ;
#1617 = DIRECTION ( 'NONE',  ( -1.000000000000000000, 0.000000000000000000, 0.000000000000000000 ) ) ;
#1618 = AXIS2_PLACEMENT_3D ( 'NONE', #2009, #1699, #2653 ) ;
#1619 = ORIENTED_EDGE ( 'NONE', *, *, #3583, .F. ) ;
#1620 = CARTESIAN_POINT ( 'NONE',  ( 12.10000000000000675, -43.97500000000000853, -81.04999999999999716 ) ) ;
#1621 = DIRECTION ( 'NONE',  ( 1.000000000000000000, 0.000000000000000000, 0.000000000000000000 ) ) ;
#1622 = CIRCLE ( 'NONE', #835, 1.499999999999999556 ) ;
#1623 = DIRECTION ( 'NONE',  ( 1.000000000000000000, 0.000000000000000000, 0.000000000000000000 ) ) ;
#1624 = CARTESIAN_POINT ( 'NONE',  ( 10.00000000000000178, -10.47499999999999787, 3.000000000000004885 ) ) ;
#1625 = ORIENTED_EDGE ( 'NONE', *, *, #252, .T. ) ;
#1626 = CARTESIAN_POINT ( 'NONE',  ( 13.00500000000000256, -34.47499999999996589, -87.04999999999996874 ) ) ;
#1627 = EDGE_LOOP ( 'NONE', ( #1076, #9, #1961, #1485 ) ) ;
#1628 = CARTESIAN_POINT ( 'NONE',  ( -12.00000000000000000, -53.97500000000000853, -4.499999999999992006 ) ) ;
#1629 = CARTESIAN_POINT ( 'NONE',  ( -10.50000000000000000, -53.97500000000000853, -4.499999999999992006 ) ) ;
#1630 = EDGE_CURVE ( 'NONE', #853, #3757, #3633, .T. ) ;
#1631 = EDGE_LOOP ( 'NONE', ( #2644, #2943, #1540, #3698 ) ) ;
#1632 = VERTEX_POINT ( 'NONE', #2742 ) ;
#1633 = CYLINDRICAL_SURFACE ( 'NONE', #1068, 1.499999999999999556 ) ;
#1634 = VERTEX_POINT ( 'NONE', #535 ) ;
#1635 = EDGE_CURVE ( 'NONE', #3615, #3140, #3279, .T. ) ;
#1636 = CARTESIAN_POINT ( 'NONE',  ( 9.700000000000001066, -44.47500000000000853, -24.54999999999999716 ) ) ;
#1637 = DIRECTION ( 'NONE',  ( -0.000000000000000000, -0.000000000000000000, -1.000000000000000000 ) ) ;
#1638 = VERTEX_POINT ( 'NONE', #1173 ) ;
#1639 = EDGE_CURVE ( 'NONE', #256, #2578, #148, .T. ) ;
#1640 = CARTESIAN_POINT ( 'NONE',  ( 8.999999999999982236, -37.47500000000000853, -5.499999999999988454 ) ) ;
#1641 = FACE_OUTER_BOUND ( 'NONE', #90, .T. ) ;
#1642 = CARTESIAN_POINT ( 'NONE',  ( 15.00000000000000355, 7.475000000000000533, 5.000000000000000000 ) ) ;
#1643 = EDGE_LOOP ( 'NONE', ( #2630, #1567, #485, #2204 ) ) ;
#1644 = PLANE ( 'NONE',  #3464 ) ;
#1645 = ORIENTED_EDGE ( 'NONE', *, *, #2275, .F. ) ;
#1646 = DIRECTION ( 'NONE',  ( 1.156482317317871725E-16, -2.149475384360753831E-32, -1.000000000000000000 ) ) ;
#1647 = CARTESIAN_POINT ( 'NONE',  ( -14.00000000000000178, -53.97500000000000853, -3.999999999999992450 ) ) ;
#1648 = ORIENTED_EDGE ( 'NONE', *, *, #514, .T. ) ;
#1649 = VERTEX_POINT ( 'NONE', #1749 ) ;
#1650 = ADVANCED_FACE ( 'NONE', ( #2037, #3038 ), #2657, .T. ) ;
#1651 = DIRECTION ( 'NONE',  ( -1.000000000000000000, 0.000000000000000000, 0.000000000000000000 ) ) ;
#1652 = DIRECTION ( 'NONE',  ( 2.532905239608406037E-16, -4.439659870964747057E-33, -1.000000000000000000 ) ) ;
#1653 = ADVANCED_FACE ( 'NONE', ( #3988 ), #857, .F. ) ;
#1654 = DIRECTION ( 'NONE',  ( -1.000000000000000000, 0.000000000000000000, 0.000000000000000000 ) ) ;
#1655 = CARTESIAN_POINT ( 'NONE',  ( 15.00000000000000355, -7.474999999999998757, 5.000000000000000000 ) ) ;
#1656 = DIRECTION ( 'NONE',  ( 1.239088197126291063E-16, -1.000000000000000000, 3.582458973934590448E-32 ) ) ;
#1657 = DIRECTION ( 'NONE',  ( -1.239088197126290817E-16, 1.000000000000000000, -3.582458973934590448E-32 ) ) ;
#1658 = EDGE_CURVE ( 'NONE', #1511, #4047, #3297, .T. ) ;
#1659 = ORIENTED_EDGE ( 'NONE', *, *, #3926, .F. ) ;
#1660 = CIRCLE ( 'NONE', #3987, 2.399999999999999467 ) ;
#1661 = AXIS2_PLACEMENT_3D ( 'NONE', #1629, #2310, #2915 ) ;
#1662 = AXIS2_PLACEMENT_3D ( 'NONE', #119, #463, #764 ) ;
#1663 = DIRECTION ( 'NONE',  ( -0.000000000000000000, -0.000000000000000000, -1.000000000000000000 ) ) ;
#1664 = VERTEX_POINT ( 'NONE', #2704 ) ;
#1665 = DIRECTION ( 'NONE',  ( -1.000000000000000000, -1.239088197126290817E-16, 0.000000000000000000 ) ) ;
#1666 = AXIS2_PLACEMENT_3D ( 'NONE', #1991, #2259, #3194 ) ;
#1667 = CARTESIAN_POINT ( 'NONE',  ( 25.00000000000005684, 3.097720492815734167E-15, -87.04999999999996874 ) ) ;
#1668 = CIRCLE ( 'NONE', #2400, 3.500000000000002220 ) ;
#1669 = MANIFOLD_SOLID_BREP ( 'Sfazowanie7', #677 ) ;
#1670 = CIRCLE ( 'NONE', #2799, 3.249999999999999556 ) ;
#1671 = EDGE_LOOP ( 'NONE', ( #2764, #1098 ) ) ;
#1672 = EDGE_LOOP ( 'NONE', ( #2099, #2003, #334, #3809 ) ) ;
#1673 = DIRECTION ( 'NONE',  ( -1.239088197126290817E-16, 1.000000000000000000, -3.582458973934590448E-32 ) ) ;
#1674 = CIRCLE ( 'NONE', #2005, 3.249999999999999556 ) ;
#1675 = DIRECTION ( 'NONE',  ( 0.000000000000000000, 0.000000000000000000, 1.000000000000000000 ) ) ;
#1676 = DIRECTION ( 'NONE',  ( 1.000000000000000000, 0.000000000000000000, 0.000000000000000000 ) ) ;
#1677 = DIRECTION ( 'NONE',  ( 0.000000000000000000, 3.582458973934590448E-32, 1.000000000000000000 ) ) ;
#1678 = CARTESIAN_POINT ( 'NONE',  ( -14.99999999999999112, -71.47500000000000853, -6.999999999999992006 ) ) ;
#1679 = EDGE_LOOP ( 'NONE', ( #3266, #1421 ) ) ;
#1680 = AXIS2_PLACEMENT_3D ( 'NONE', #2569, #2299, #3273 ) ;
#1681 = CARTESIAN_POINT ( 'NONE',  ( 10.00000000000000888, -37.47500000000000142, 5.000000000000000000 ) ) ;
#1682 = ADVANCED_FACE ( 'NONE', ( #285 ), #209, .T. ) ;
#1683 = LINE ( 'NONE', #2927, #1211 ) ;
#1684 = LINE ( 'NONE', #2016, #3873 ) ;
#1685 = FACE_OUTER_BOUND ( 'NONE', #3225, .T. ) ;
#1686 = ORIENTED_EDGE ( 'NONE', *, *, #1839, .T. ) ;
#1687 = VECTOR ( 'NONE', #2612, 1000.000000000000000 ) ;
#1688 = EDGE_CURVE ( 'NONE', #1871, #27, #1338, .T. ) ;
#1689 = VECTOR ( 'NONE', #1859, 1000.000000000000000 ) ;
#1690 = DIRECTION ( 'NONE',  ( 1.693924155574013122E-16, -0.7071067811865439090, -0.7071067811865512365 ) ) ;
#1691 = FACE_OUTER_BOUND ( 'NONE', #2878, .T. ) ;
#1692 = ORIENTED_EDGE ( 'NONE', *, *, #325, .F. ) ;
#1693 = LINE ( 'NONE', #2335, #29 ) ;
#1694 = VERTEX_POINT ( 'NONE', #3754 ) ;
#1695 = ORIENTED_EDGE ( 'NONE', *, *, #1309, .F. ) ;
#1696 = DIRECTION ( 'NONE',  ( 1.000000000000000000, 0.000000000000000000, 0.000000000000000000 ) ) ;
#1697 = UNCERTAINTY_MEASURE_WITH_UNIT (LENGTH_MEASURE( 1.000000000000000082E-05 ), #86, 'distance_accuracy_value', 'NONE');
#1698 = CARTESIAN_POINT ( 'NONE',  ( 12.09999999999999964, -43.97500000000000853, -24.54999999999999716 ) ) ;
#1699 = DIRECTION ( 'NONE',  ( 1.239088197126290817E-16, -1.000000000000000000, 3.582458973934590448E-32 ) ) ;
#1700 = DIRECTION ( 'NONE',  ( 1.239088197126290817E-16, -1.000000000000000000, 3.582458973934590448E-32 ) ) ;
#1701 = DIRECTION ( 'NONE',  ( -0.000000000000000000, -0.000000000000000000, -1.000000000000000000 ) ) ;
#1702 = ORIENTED_EDGE ( 'NONE', *, *, #3662, .T. ) ;
#1703 = CARTESIAN_POINT ( 'NONE',  ( 10.00000000000000711, -34.47500000000000853, 5.000000000000000000 ) ) ;
#1704 = LINE ( 'NONE', #1932, #1346 ) ;
#1705 = ORIENTED_EDGE ( 'NONE', *, *, #3606, .F. ) ;
#1706 = ADVANCED_FACE ( 'NONE', ( #1232 ), #941, .T. ) ;
#1707 = LINE ( 'NONE', #1315, #3006 ) ;
#1708 = CARTESIAN_POINT ( 'NONE',  ( 8.499999999999982236, -19.36422972372517748, -4.999999999999988454 ) ) ;
#1709 = ORIENTED_EDGE ( 'NONE', *, *, #797, .F. ) ;
#1710 = CARTESIAN_POINT ( 'NONE',  ( 9.700000000000006395, -41.47500000000000142, -81.04999999999999716 ) ) ;
#1711 = EDGE_CURVE ( 'NONE', #927, #1063, #2801, .T. ) ;
#1712 = CARTESIAN_POINT ( 'NONE',  ( -6.199999999999987743, -44.47500000000000853, -81.04999999999999716 ) ) ;
#1713 = ORIENTED_EDGE ( 'NONE', *, *, #555, .F. ) ;
#1714 = ORIENTED_EDGE ( 'NONE', *, *, #4057, .F. ) ;
#1715 = DIRECTION ( 'NONE',  ( 4.795620454587664703E-16, 0.000000000000000000, -1.000000000000000000 ) ) ;
#1716 = PRODUCT_DEFINITION_SHAPE ( 'NONE', 'NONE',  #2712 ) ;
#1717 = CARTESIAN_POINT ( 'NONE',  ( -13.00499999999999545, -22.47500000000000853, -87.04999999999996874 ) ) ;
#1718 = CARTESIAN_POINT ( 'NONE',  ( 15.00000000000000355, 7.475000000000000533, 0.000000000000000000 ) ) ;
#1719 = DIRECTION ( 'NONE',  ( 0.000000000000000000, 0.000000000000000000, -1.000000000000000000 ) ) ;
#1720 = CARTESIAN_POINT ( 'NONE',  ( -9.699999999999990408, -44.47500000000000853, -81.04999999999999716 ) ) ;
#1721 = ORIENTED_EDGE ( 'NONE', *, *, #2014, .F. ) ;
#1722 = DIRECTION ( 'NONE',  ( -0.000000000000000000, -0.000000000000000000, 1.000000000000000000 ) ) ;
#1723 = DIRECTION ( 'NONE',  ( 1.000000000000000000, 0.000000000000000000, 0.000000000000000000 ) ) ;
#1724 = FACE_BOUND ( 'NONE', #519, .T. ) ;
#1725 = VERTEX_POINT ( 'NONE', #2493 ) ;
#1726 = ORIENTED_EDGE ( 'NONE', *, *, #1191, .F. ) ;
#1727 = EDGE_CURVE ( 'NONE', #3516, #2182, #356, .T. ) ;
#1728 = AXIS2_PLACEMENT_3D ( 'NONE', #2195, #2491, #3167 ) ;
#1729 = CARTESIAN_POINT ( 'NONE',  ( -14.99999999999999467, -37.47500000000000142, -77.05000000000002558 ) ) ;
#1730 = DIRECTION ( 'NONE',  ( -0.000000000000000000, 0.000000000000000000, 1.000000000000000000 ) ) ;
#1731 = VERTEX_POINT ( 'NONE', #925 ) ;
#1732 = CARTESIAN_POINT ( 'NONE',  ( 10.00000000000000888, -37.47500000000000853, -2.000000000000029310 ) ) ;
#1733 = DIRECTION ( 'NONE',  ( -0.000000000000000000, 0.000000000000000000, 1.000000000000000000 ) ) ;
#1734 = VECTOR ( 'NONE', #705, 1000.000000000000000 ) ;
#1735 = EDGE_CURVE ( 'NONE', #1587, #3161, #4032, .T. ) ;
#1736 = VECTOR ( 'NONE', #2865, 1000.000000000000000 ) ;
#1737 = VECTOR ( 'NONE', #533, 1000.000000000000000 ) ;
#1738 = EDGE_LOOP ( 'NONE', ( #779, #244, #1015, #3307 ) ) ;
#1739 = ORIENTED_EDGE ( 'NONE', *, *, #333, .F. ) ;
#1740 = DIRECTION ( 'NONE',  ( 2.891205793294678819E-16, 0.000000000000000000, -1.000000000000000000 ) ) ;
#1741 = AXIS2_PLACEMENT_3D ( 'NONE', #490, #2050, #516 ) ;
#1742 = ADVANCED_FACE ( 'NONE', ( #326, #1570 ), #552, .T. ) ;
#1743 = FACE_OUTER_BOUND ( 'NONE', #2122, .T. ) ;
#1744 = CARTESIAN_POINT ( 'NONE',  ( 13.20000000000000995, -44.47500000000000853, -81.04999999999999716 ) ) ;
#1745 = CIRCLE ( 'NONE', #2802, 3.499999999999999556 ) ;
#1746 = DIRECTION ( 'NONE',  ( 0.000000000000000000, 0.000000000000000000, 1.000000000000000000 ) ) ;
#1747 = ORIENTED_EDGE ( 'NONE', *, *, #706, .T. ) ;
#1748 = AXIS2_PLACEMENT_3D ( 'NONE', #1873, #1517, #657 ) ;
#1749 = CARTESIAN_POINT ( 'NONE',  ( -23.44999999999999574, -27.47500000000000497, -87.04999999999996874 ) ) ;
#1750 = LINE ( 'NONE', #3956, #2871 ) ;
#1751 = AXIS2_PLACEMENT_3D ( 'NONE', #2860, #1348, #45 ) ;
#1752 = ORIENTED_EDGE ( 'NONE', *, *, #392, .F. ) ;
#1753 = AXIS2_PLACEMENT_3D ( 'NONE', #1196, #2456, #3716 ) ;
#1754 = CARTESIAN_POINT ( 'NONE',  ( 9.700000000000001066, -43.97500000000000853, -24.54999999999999716 ) ) ;
#1755 = LINE ( 'NONE', #782, #1358 ) ;
#1756 = ORIENTED_EDGE ( 'NONE', *, *, #2020, .F. ) ;
#1757 = CARTESIAN_POINT ( 'NONE',  ( 6.999999999999998224, -66.47500000000000853, -6.999999999999992006 ) ) ;
#1758 = CARTESIAN_POINT ( 'NONE',  ( -17.99999999999993960, -37.47500000000000853, -80.04999999999992610 ) ) ;
#1759 = CIRCLE ( 'NONE', #1032, 2.399999999999999467 ) ;
#1760 = ORIENTED_EDGE ( 'NONE', *, *, #914, .T. ) ;
#1761 = VERTEX_POINT ( 'NONE', #3375 ) ;
#1762 = CARTESIAN_POINT ( 'NONE',  ( -10.50000000000000000, -53.97500000000000853, -4.499999999999992006 ) ) ;
#1763 = EDGE_CURVE ( 'NONE', #2853, #2165, #2840, .T. ) ;
#1764 = CARTESIAN_POINT ( 'NONE',  ( 20.20000000000000284, -27.47500000000000497, -87.04999999999996874 ) ) ;
#1765 = DIRECTION ( 'NONE',  ( 0.000000000000000000, -0.7071067811865442421, -0.7071067811865509034 ) ) ;
#1766 = FACE_OUTER_BOUND ( 'NONE', #504, .T. ) ;
#1767 = DIRECTION ( 'NONE',  ( -0.000000000000000000, -0.000000000000000000, 1.000000000000000000 ) ) ;
#1768 = EDGE_CURVE ( 'NONE', #1664, #2549, #3062, .T. ) ;
#1769 = VERTEX_POINT ( 'NONE', #1866 ) ;
#1770 = DIRECTION ( 'NONE',  ( 0.000000000000000000, 0.000000000000000000, -1.000000000000000000 ) ) ;
#1771 = CARTESIAN_POINT ( 'NONE',  ( -10.50000000000000000, -66.47500000000000853, -4.499999999999992006 ) ) ;
#1772 = FACE_OUTER_BOUND ( 'NONE', #3079, .T. ) ;
#1773 = DIRECTION ( 'NONE',  ( 1.239088197126290817E-16, -1.000000000000000000, 3.582458973934590448E-32 ) ) ;
#1774 = EDGE_LOOP ( 'NONE', ( #1377, #1200, #3226, #3168 ) ) ;
#1775 = VERTEX_POINT ( 'NONE', #265 ) ;
#1776 = ORIENTED_EDGE ( 'NONE', *, *, #1784, .T. ) ;
#1777 = DIRECTION ( 'NONE',  ( 1.000000000000000000, 1.239088197126290817E-16, 0.000000000000000000 ) ) ;
#1778 = ADVANCED_FACE ( 'NONE', ( #3132 ), #1806, .T. ) ;
#1779 = CARTESIAN_POINT ( 'NONE',  ( -9.000000000000014211, -37.47500000000000853, -3.999999999999990674 ) ) ;
#1780 = CARTESIAN_POINT ( 'NONE',  ( 10.50000000000000000, -66.47500000000000853, -6.999999999999992006 ) ) ;
#1781 = FACE_OUTER_BOUND ( 'NONE', #3371, .T. ) ;
#1782 = LINE ( 'NONE', #3050, #4059 ) ;
#1783 = ORIENTED_EDGE ( 'NONE', *, *, #3439, .T. ) ;
#1784 = EDGE_CURVE ( 'NONE', #600, #1849, #2824, .T. ) ;
#1785 = DIRECTION ( 'NONE',  ( -0.000000000000000000, -0.000000000000000000, 1.000000000000000000 ) ) ;
#1786 = DIRECTION ( 'NONE',  ( 1.000000000000000000, 0.000000000000000000, 0.000000000000000000 ) ) ;
#1787 = ADVANCED_FACE ( 'NONE', ( #3772, #3796 ), #634, .T. ) ;
#1788 = LINE ( 'NONE', #195, #3597 ) ;
#1789 = ORIENTED_EDGE ( 'NONE', *, *, #3992, .T. ) ;
#1790 = AXIS2_PLACEMENT_3D ( 'NONE', #422, #3184, #1366 ) ;
#1791 = ADVANCED_FACE ( 'NONE', ( #1890 ), #3154, .T. ) ;
#1792 = LINE ( 'NONE', #3239, #1797 ) ;
#1793 = EDGE_LOOP ( 'NONE', ( #1709, #250 ) ) ;
#1794 = AXIS2_PLACEMENT_3D ( 'NONE', #1449, #3625, #789 ) ;
#1795 = CARTESIAN_POINT ( 'NONE',  ( -8.100000000000001421, -53.97500000000000853, -4.499999999999992006 ) ) ;
#1796 = VECTOR ( 'NONE', #3146, 1000.000000000000000 ) ;
#1797 = VECTOR ( 'NONE', #1915, 1000.000000000000000 ) ;
#1798 = CARTESIAN_POINT ( 'NONE',  ( -14.99999999999999467, -41.47500000000000142, -91.05000000000001137 ) ) ;
#1799 = DIRECTION ( 'NONE',  ( 0.000000000000000000, 1.000000000000000000, 0.000000000000000000 ) ) ;
#1800 = CARTESIAN_POINT ( 'NONE',  ( -12.09999999999998899, -44.47500000000000853, -81.04999999999999716 ) ) ;
#1801 = EDGE_LOOP ( 'NONE', ( #3714, #2710, #2892, #3601 ) ) ;
#1802 = FACE_OUTER_BOUND ( 'NONE', #2787, .T. ) ;
#1803 = AXIS2_PLACEMENT_3D ( 'NONE', #2282, #3546, #3233 ) ;
#1804 = ORIENTED_EDGE ( 'NONE', *, *, #3890, .F. ) ;
#1805 = AXIS2_PLACEMENT_3D ( 'NONE', #728, #429, #2254 ) ;
#1806 = CYLINDRICAL_SURFACE ( 'NONE', #1074, 3.500000000000002220 ) ;
#1807 = CIRCLE ( 'NONE', #2265, 1.749999999999999778 ) ;
#1808 = CARTESIAN_POINT ( 'NONE',  ( 8.999999999999984013, -37.47500000000000853, -3.999999999999988010 ) ) ;
#1809 = ORIENTED_EDGE ( 'NONE', *, *, #254, .T. ) ;
#1810 = EDGE_CURVE ( 'NONE', #237, #3791, #1595, .T. ) ;
#1811 = VECTOR ( 'NONE', #1134, 1000.000000000000000 ) ;
#1812 = FACE_OUTER_BOUND ( 'NONE', #1426, .T. ) ;
#1813 = ORIENTED_EDGE ( 'NONE', *, *, #1535, .F. ) ;
#1814 = ADVANCED_FACE ( 'NONE', ( #3832 ), #2587, .F. ) ;
#1815 = CIRCLE ( 'NONE', #3603, 3.249999999999999556 ) ;
#1816 = ORIENTED_EDGE ( 'NONE', *, *, #2103, .F. ) ;
#1817 = VERTEX_POINT ( 'NONE', #982 ) ;
#1818 = VECTOR ( 'NONE', #3255, 1000.000000000000000 ) ;
#1819 = DIRECTION ( 'NONE',  ( 1.000000000000000000, 0.000000000000000000, 0.000000000000000000 ) ) ;
#1820 = AXIS2_PLACEMENT_3D ( 'NONE', #3677, #844, #2105 ) ;
#1821 = CARTESIAN_POINT ( 'NONE',  ( 23.45000000000000284, -27.47500000000000497, -88.04999999999996874 ) ) ;
#1822 = CARTESIAN_POINT ( 'NONE',  ( 15.00000000000000533, -37.47500000000000142, -91.04999999999999716 ) ) ;
#1823 = DIRECTION ( 'NONE',  ( 0.000000000000000000, 0.000000000000000000, -1.000000000000000000 ) ) ;
#1824 = ORIENTED_EDGE ( 'NONE', *, *, #284, .T. ) ;
#1825 = FACE_OUTER_BOUND ( 'NONE', #2777, .T. ) ;
#1826 = AXIS2_PLACEMENT_3D ( 'NONE', #878, #3649, #4013 ) ;
#1827 = ORIENTED_EDGE ( 'NONE', *, *, #3283, .T. ) ;
#1828 = CARTESIAN_POINT ( 'NONE',  ( 10.50000000000000000, -53.97500000000000853, -3.999999999999992450 ) ) ;
#1829 = FACE_OUTER_BOUND ( 'NONE', #598, .T. ) ;
#1830 = DIRECTION ( 'NONE',  ( -1.239088197126290817E-16, 1.000000000000000000, -3.582458973934590448E-32 ) ) ;
#1831 = ORIENTED_EDGE ( 'NONE', *, *, #1735, .F. ) ;
#1832 = CYLINDRICAL_SURFACE ( 'NONE', #173, 3.500000000000002220 ) ;
#1833 = ADVANCED_FACE ( 'NONE', ( #2884, #2946 ), #3542, .T. ) ;
#1834 = ORIENTED_EDGE ( 'NONE', *, *, #2846, .T. ) ;
#1835 = EDGE_CURVE ( 'NONE', #1997, #1694, #3067, .T. ) ;
#1836 = ORIENTED_EDGE ( 'NONE', *, *, #797, .T. ) ;
#1837 = ORIENTED_EDGE ( 'NONE', *, *, #3872, .F. ) ;
#1838 = CARTESIAN_POINT ( 'NONE',  ( 9.700000000000006395, -44.47500000000000853, -81.04999999999999716 ) ) ;
#1839 = EDGE_CURVE ( 'NONE', #3721, #3084, #3229, .T. ) ;
#1840 = PLANE ( 'NONE',  #359 ) ;
#1841 = FACE_OUTER_BOUND ( 'NONE', #2232, .T. ) ;
#1842 = ORIENTED_EDGE ( 'NONE', *, *, #3249, .T. ) ;
#1843 = CARTESIAN_POINT ( 'NONE',  ( -9.699999999999997513, -44.47500000000000853, -24.55000000000000071 ) ) ;
#1844 = VERTEX_POINT ( 'NONE', #1306 ) ;
#1845 = CARTESIAN_POINT ( 'NONE',  ( -10.50000000000000000, -53.97500000000000853, -4.499999999999992006 ) ) ;
#1846 = EDGE_CURVE ( 'NONE', #1518, #2120, #126, .T. ) ;
#1847 = CARTESIAN_POINT ( 'NONE',  ( -13.00499999999999545, -22.47500000000000853, -91.04999999999999716 ) ) ;
#1848 = DIRECTION ( 'NONE',  ( -1.000000000000000000, 0.000000000000000000, 0.000000000000000000 ) ) ;
#1849 = VERTEX_POINT ( 'NONE', #1324 ) ;
#1850 = LINE ( 'NONE', #3114, #1291 ) ;
#1851 = DIRECTION ( 'NONE',  ( 1.000000000000000000, 0.000000000000000000, 0.000000000000000000 ) ) ;
#1852 = EDGE_LOOP ( 'NONE', ( #2244, #3762 ) ) ;
#1853 = ORIENTED_EDGE ( 'NONE', *, *, #702, .T. ) ;
#1854 = ORIENTED_EDGE ( 'NONE', *, *, #581, .T. ) ;
#1855 = FACE_OUTER_BOUND ( 'NONE', #1671, .T. ) ;
#1856 = EDGE_CURVE ( 'NONE', #411, #2863, #2405, .T. ) ;
#1857 = FACE_OUTER_BOUND ( 'NONE', #614, .T. ) ;
#1858 = VECTOR ( 'NONE', #1740, 1000.000000000000000 ) ;
#1859 = DIRECTION ( 'NONE',  ( -4.795620454587664703E-16, 0.000000000000000000, 1.000000000000000000 ) ) ;
#1860 = LINE ( 'NONE', #1566, #1880 ) ;
#1861 = EDGE_LOOP ( 'NONE', ( #1305, #2492, #750, #3705, #3165, #3424, #890, #112, #2447, #2490 ) ) ;
#1862 = DIRECTION ( 'NONE',  ( -1.000000000000000000, 0.000000000000000000, 0.000000000000000000 ) ) ;
#1863 = ORIENTED_EDGE ( 'NONE', *, *, #1635, .F. ) ;
#1864 = ADVANCED_FACE ( 'NONE', ( #690 ), #1019, .F. ) ;
#1865 = AXIS2_PLACEMENT_3D ( 'NONE', #3824, #975, #660 ) ;
#1866 = CARTESIAN_POINT ( 'NONE',  ( -11.19999999999999574, -41.47500000000000142, -24.55000000000000071 ) ) ;
#1867 = CARTESIAN_POINT ( 'NONE',  ( -6.999999999999994671, -41.47500000000000142, 3.000000000000000444 ) ) ;
#1868 = MECHANICAL_DESIGN_GEOMETRIC_PRESENTATION_REPRESENTATION (  '', ( #815 ), #2662 ) ;
#1869 = DIRECTION ( 'NONE',  ( -0.000000000000000000, -0.000000000000000000, 1.000000000000000000 ) ) ;
#1870 = CIRCLE ( 'NONE', #1080, 1.499999999999999556 ) ;
#1871 = VERTEX_POINT ( 'NONE', #2611 ) ;
#1872 = AXIS2_PLACEMENT_3D ( 'NONE', #3211, #1042, #1367 ) ;
#1873 = CARTESIAN_POINT ( 'NONE',  ( -8.500000000000014211, -37.47500000000000853, -4.999999999999990230 ) ) ;
#1874 = ORIENTED_EDGE ( 'NONE', *, *, #599, .F. ) ;
#1875 = AXIS2_PLACEMENT_3D ( 'NONE', #2041, #1690, #1395 ) ;
#1876 = AXIS2_PLACEMENT_3D ( 'NONE', #3591, #1354, #2620 ) ;
#1877 = EDGE_LOOP ( 'NONE', ( #296, #1447, #3092, #1519 ) ) ;
#1878 = EDGE_LOOP ( 'NONE', ( #3447, #1045 ) ) ;
#1879 = CARTESIAN_POINT ( 'NONE',  ( 12.10000000000000675, -43.97500000000000853, -81.04999999999999716 ) ) ;
#1880 = VECTOR ( 'NONE', #921, 1000.000000000000000 ) ;
#1881 = DIRECTION ( 'NONE',  ( 0.000000000000000000, 0.000000000000000000, -1.000000000000000000 ) ) ;
#1882 = AXIS2_PLACEMENT_3D ( 'NONE', #470, #3247, #3920 ) ;
#1883 = CARTESIAN_POINT ( 'NONE',  ( -6.199999999999997513, -41.47500000000000142, -24.55000000000000071 ) ) ;
#1884 = DIRECTION ( 'NONE',  ( -0.5773502691896281735, -0.5773502691896271743, 0.5773502691896219563 ) ) ;
#1885 = VERTEX_POINT ( 'NONE', #666 ) ;
#1886 = EDGE_CURVE ( 'NONE', #3407, #609, #3003, .T. ) ;
#1887 = DIRECTION ( 'NONE',  ( -1.445602896647339656E-16, 1.791229486967294950E-32, 1.000000000000000000 ) ) ;
#1888 = VERTEX_POINT ( 'NONE', #2632 ) ;
#1889 = AXIS2_PLACEMENT_3D ( 'NONE', #1468, #837, #530 ) ;
#1890 = FACE_OUTER_BOUND ( 'NONE', #3186, .T. ) ;
#1891 = CARTESIAN_POINT ( 'NONE',  ( -11.99999999999999112, -71.47500000000000853, -11.99999999999999467 ) ) ;
#1892 = EDGE_CURVE ( 'NONE', #4002, #20, #3519, .T. ) ;
#1893 = DIRECTION ( 'NONE',  ( -1.239088197126291063E-16, 1.000000000000000000, 0.000000000000000000 ) ) ;
#1894 = ORIENTED_EDGE ( 'NONE', *, *, #3706, .F. ) ;
#1895 = DIRECTION ( 'NONE',  ( 1.000000000000000000, 0.000000000000000000, 0.000000000000000000 ) ) ;
#1896 = EDGE_CURVE ( 'NONE', #2151, #172, #2554, .T. ) ;
#1897 = ORIENTED_EDGE ( 'NONE', *, *, #914, .F. ) ;
#1898 = ORIENTED_EDGE ( 'NONE', *, *, #10, .F. ) ;
#1899 = ADVANCED_FACE ( 'NONE', ( #1970 ), #727, .F. ) ;
#1900 = CARTESIAN_POINT ( 'NONE',  ( -9.000000000000014211, -37.47500000000000853, -4.999999999999990230 ) ) ;
#1901 = DIRECTION ( 'NONE',  ( 1.000000000000000000, 0.000000000000000000, 0.000000000000000000 ) ) ;
#1902 = ORIENTED_EDGE ( 'NONE', *, *, #184, .F. ) ;
#1903 = FACE_BOUND ( 'NONE', #2002, .T. ) ;
#1904 = ORIENTED_EDGE ( 'NONE', *, *, #3309, .F. ) ;
#1905 = ADVANCED_FACE ( 'NONE', ( #43 ), #3560, .F. ) ;
#1906 = CARTESIAN_POINT ( 'NONE',  ( 15.00000000000000355, -7.474999999999998757, 3.000000000000000000 ) ) ;
#1907 = DIRECTION ( 'NONE',  ( 1.000000000000000000, 0.000000000000000000, 0.000000000000000000 ) ) ;
#1908 = LINE ( 'NONE', #328, #2663 ) ;
#1909 = EDGE_CURVE ( 'NONE', #2290, #1632, #3521, .T. ) ;
#1910 = CARTESIAN_POINT ( 'NONE',  ( -15.00000000000000711, -37.47500000000000142, 5.000000000000000000 ) ) ;
#1911 = CARTESIAN_POINT ( 'NONE',  ( 9.700000000000001066, -44.47500000000000853, -24.54999999999999716 ) ) ;
#1912 = ORIENTED_EDGE ( 'NONE', *, *, #3480, .T. ) ;
#1913 = EDGE_CURVE ( 'NONE', #1775, #1927, #3386, .T. ) ;
#1914 = EDGE_LOOP ( 'NONE', ( #1721, #2525 ) ) ;
#1915 = DIRECTION ( 'NONE',  ( 1.000000000000000000, 0.000000000000000000, 0.000000000000000000 ) ) ;
#1916 = DIRECTION ( 'NONE',  ( -0.000000000000000000, 0.000000000000000000, 1.000000000000000000 ) ) ;
#1917 = APPLICATION_CONTEXT ( 'automotive_design' ) ;
#1918 = ORIENTED_EDGE ( 'NONE', *, *, #918, .F. ) ;
#1919 = ORIENTED_EDGE ( 'NONE', *, *, #2264, .F. ) ;
#1920 = LINE ( 'NONE', #101, #2990 ) ;
#1921 = EDGE_LOOP ( 'NONE', ( #3108, #3794, #2481, #3241 ) ) ;
#1922 = AXIS2_PLACEMENT_3D ( 'NONE', #3752, #3396, #1862 ) ;
#1923 = CARTESIAN_POINT ( 'NONE',  ( 12.90000000000000036, -66.47500000000000853, -4.499999999999992006 ) ) ;
#1924 = LINE ( 'NONE', #3189, #3866 ) ;
#1925 = CARTESIAN_POINT ( 'NONE',  ( -25.00000000000006040, -37.47500000000000142, -87.04999999999996874 ) ) ;
#1926 = AXIS2_PLACEMENT_3D ( 'NONE', #1428, #156, #2362 ) ;
#1927 = VERTEX_POINT ( 'NONE', #1589 ) ;
#1928 = CARTESIAN_POINT ( 'NONE',  ( -20.19999999999999574, -27.47500000000000497, -95.99974746830584138 ) ) ;
#1929 = AXIS2_PLACEMENT_3D ( 'NONE', #2241, #3253, #1954 ) ;
#1930 = CYLINDRICAL_SURFACE ( 'NONE', #3142, 2.399999999999999467 ) ;
#1931 = AXIS2_PLACEMENT_3D ( 'NONE', #2763, #4034, #23 ) ;
#1932 = CARTESIAN_POINT ( 'NONE',  ( -6.999999999999993783, -41.47500000000000142, -91.04999999999999716 ) ) ;
#1933 = ORIENTED_EDGE ( 'NONE', *, *, #2728, .F. ) ;
#1934 = ADVANCED_FACE ( 'NONE', ( #3498 ), #3188, .F. ) ;
#1935 = CIRCLE ( 'NONE', #3929, 2.399999999999999467 ) ;
#1936 = VECTOR ( 'NONE', #4075, 1000.000000000000000 ) ;
#1937 = VERTEX_POINT ( 'NONE', #1717 ) ;
#1938 = VECTOR ( 'NONE', #642, 1000.000000000000000 ) ;
#1939 = DIRECTION ( 'NONE',  ( -0.000000000000000000, 0.000000000000000000, 1.000000000000000000 ) ) ;
#1940 = EDGE_CURVE ( 'NONE', #1381, #3407, #3919, .T. ) ;
#1941 = CARTESIAN_POINT ( 'NONE',  ( 10.00000000000000888, -34.47500000000000853, 0.000000000000000000 ) ) ;
#1942 = AXIS2_PLACEMENT_3D ( 'NONE', #1498, #2762, #1092 ) ;
#1943 = VERTEX_POINT ( 'NONE', #186 ) ;
#1944 = ORIENTED_EDGE ( 'NONE', *, *, #3153, .T. ) ;
#1945 = AXIS2_PLACEMENT_3D ( 'NONE', #2885, #3562, #1971 ) ;
#1946 = CARTESIAN_POINT ( 'NONE',  ( 11.19999999999999929, -44.47500000000000853, -24.54999999999999716 ) ) ;
#1947 = VERTEX_POINT ( 'NONE', #3948 ) ;
#1948 = VECTOR ( 'NONE', #3749, 1000.000000000000000 ) ;
#1949 = DIRECTION ( 'NONE',  ( -0.000000000000000000, -0.000000000000000000, 1.000000000000000000 ) ) ;
#1950 = CARTESIAN_POINT ( 'NONE',  ( 7.000000000000005329, -41.47500000000000142, 3.000000000000003997 ) ) ;
#1951 = FACE_BOUND ( 'NONE', #1536, .T. ) ;
#1952 = AXIS2_PLACEMENT_3D ( 'NONE', #1708, #2420, #1097 ) ;
#1953 = SURFACE_STYLE_USAGE ( .BOTH. , #2258 ) ;
#1954 = DIRECTION ( 'NONE',  ( 1.000000000000000000, 1.239088197126290817E-16, 0.000000000000000000 ) ) ;
#1955 = AXIS2_PLACEMENT_3D ( 'NONE', #2, #2643, #3456 ) ;
#1956 = CARTESIAN_POINT ( 'NONE',  ( -16.94999999999999574, -27.47500000000000497, -87.04999999999996874 ) ) ;
#1957 = DIRECTION ( 'NONE',  ( -1.000000000000000000, -1.239088197126291063E-16, 0.000000000000000000 ) ) ;
#1958 = ORIENTED_EDGE ( 'NONE', *, *, #3840, .T. ) ;
#1959 = EDGE_CURVE ( 'NONE', #1769, #3350, #2933, .T. ) ;
#1960 = DIRECTION ( 'NONE',  ( -1.000000000000000000, 0.000000000000000000, 0.000000000000000000 ) ) ;
#1961 = ORIENTED_EDGE ( 'NONE', *, *, #1810, .T. ) ;
#1962 = DIRECTION ( 'NONE',  ( -1.000000000000000000, 0.000000000000000000, 0.000000000000000000 ) ) ;
#1963 = CARTESIAN_POINT ( 'NONE',  ( 9.700000000000006395, -44.47500000000000853, -81.04999999999999716 ) ) ;
#1964 = EDGE_CURVE ( 'NONE', #1511, #2151, #104, .T. ) ;
#1965 = VERTEX_POINT ( 'NONE', #1106 ) ;
#1966 = ORIENTED_EDGE ( 'NONE', *, *, #3462, .F. ) ;
#1967 = LINE ( 'NONE', #2584, #3446 ) ;
#1968 = EDGE_LOOP ( 'NONE', ( #1220, #798 ) ) ;
#1969 = EDGE_CURVE ( 'NONE', #1182, #3100, #3667, .T. ) ;
#1970 = FACE_OUTER_BOUND ( 'NONE', #2381, .T. ) ;
#1971 = DIRECTION ( 'NONE',  ( 1.000000000000000000, 1.239088197126290817E-16, 0.000000000000000000 ) ) ;
#1972 = CARTESIAN_POINT ( 'NONE',  ( -9.000000000000012434, -41.47500000000000142, -3.999999999999990674 ) ) ;
#1973 = ORIENTED_EDGE ( 'NONE', *, *, #2522, .F. ) ;
#1974 = CARTESIAN_POINT ( 'NONE',  ( -14.99999999999999112, -68.47500000000000853, -6.999999999999992006 ) ) ;
#1975 = FACE_OUTER_BOUND ( 'NONE', #662, .T. ) ;
#1976 = ORIENTED_EDGE ( 'NONE', *, *, #1598, .T. ) ;
#1977 = CARTESIAN_POINT ( 'NONE',  ( -9.000000000000001776, -66.47500000000000853, -3.999999999999992450 ) ) ;
#1978 = CARTESIAN_POINT ( 'NONE',  ( -9.699999999999990408, -41.47500000000000142, -81.04999999999999716 ) ) ;
#1979 = EDGE_LOOP ( 'NONE', ( #1195, #913 ) ) ;
#1980 = DIRECTION ( 'NONE',  ( -1.239088197126290817E-16, 1.000000000000000000, -3.582458973934590448E-32 ) ) ;
#1981 = DIRECTION ( 'NONE',  ( -1.000000000000000000, 0.000000000000000000, 0.000000000000000000 ) ) ;
#1982 = ORIENTED_EDGE ( 'NONE', *, *, #479, .T. ) ;
#1983 = EDGE_LOOP ( 'NONE', ( #856, #1739 ) ) ;
#1984 = FACE_OUTER_BOUND ( 'NONE', #1484, .T. ) ;
#1985 = EDGE_CURVE ( 'NONE', #4056, #2853, #812, .T. ) ;
#1986 = DIRECTION ( 'NONE',  ( -1.156482317317871478E-16, 1.000000000000000000, 0.000000000000000000 ) ) ;
#1987 = DIRECTION ( 'NONE',  ( 1.000000000000000000, 0.000000000000000000, 0.000000000000000000 ) ) ;
#1988 = CARTESIAN_POINT ( 'NONE',  ( 8.200000000000001066, -43.97500000000000853, -24.54999999999999716 ) ) ;
#1989 = ADVANCED_FACE ( 'NONE', ( #218, #203 ), #3012, .T. ) ;
#1990 = CARTESIAN_POINT ( 'NONE',  ( 10.50000000000000000, -53.97500000000000853, -4.499999999999992006 ) ) ;
#1991 = CARTESIAN_POINT ( 'NONE',  ( 10.50000000000000000, -66.47500000000000853, -6.999999999999992006 ) ) ;
#1992 = CARTESIAN_POINT ( 'NONE',  ( -6.750000000000231815, 1.017813328870120383E-12, 3.000000000000000000 ) ) ;
#1993 = EDGE_LOOP ( 'NONE', ( #1382, #3282 ) ) ;
#1994 = AXIS2_PLACEMENT_3D ( 'NONE', #2093, #161, #3946 ) ;
#1995 = CIRCLE ( 'NONE', #2729, 3.500000000000003109 ) ;
#1996 = LINE ( 'NONE', #152, #3133 ) ;
#1997 = VERTEX_POINT ( 'NONE', #3337 ) ;
#1998 = CARTESIAN_POINT ( 'NONE',  ( 7.300000000000000711, -44.47500000000000853, -24.54999999999999716 ) ) ;
#1999 = CIRCLE ( 'NONE', #3993, 3.249999999999999556 ) ;
#2000 = DIRECTION ( 'NONE',  ( 1.239088197126291063E-16, -1.000000000000000000, 3.582458973934590448E-32 ) ) ;
#2001 = CIRCLE ( 'NONE', #2596, 2.399999999999999467 ) ;
#2002 = EDGE_LOOP ( 'NONE', ( #2796, #353 ) ) ;
#2003 = ORIENTED_EDGE ( 'NONE', *, *, #3926, .T. ) ;
#2004 = PLANE ( 'NONE',  #1588 ) ;
#2005 = AXIS2_PLACEMENT_3D ( 'NONE', #1359, #4018, #523 ) ;
#2006 = EDGE_CURVE ( 'NONE', #1937, #3358, #2316, .T. ) ;
#2007 = CARTESIAN_POINT ( 'NONE',  ( -12.90000000000000036, -53.97500000000000853, -4.499999999999992006 ) ) ;
#2008 = VECTOR ( 'NONE', #536, 1000.000000000000000 ) ;
#2009 = CARTESIAN_POINT ( 'NONE',  ( 9.700000000000006395, -44.47500000000000853, -81.04999999999999716 ) ) ;
#2010 = CARTESIAN_POINT ( 'NONE',  ( -10.50000000000000000, -66.47500000000000853, -4.499999999999992006 ) ) ;
#2011 = LINE ( 'NONE', #1388, #817 ) ;
#2012 = ORIENTED_EDGE ( 'NONE', *, *, #2395, .T. ) ;
#2013 = DIRECTION ( 'NONE',  ( 1.000000000000000000, 0.000000000000000000, 0.000000000000000000 ) ) ;
#2014 = EDGE_CURVE ( 'NONE', #4021, #1518, #1670, .T. ) ;
#2015 = CARTESIAN_POINT ( 'NONE',  ( 9.999999999999765521, 1.081600087271539223E-12, 5.000000000000000000 ) ) ;
#2016 = CARTESIAN_POINT ( 'NONE',  ( -6.999999999999993783, -37.47500000000000853, -2.000000000000029310 ) ) ;
#2017 = DIRECTION ( 'NONE',  ( 1.239088197126291063E-16, -1.000000000000000000, 3.582458973934590448E-32 ) ) ;
#2018 = ORIENTED_EDGE ( 'NONE', *, *, #656, .T. ) ;
#2019 = AXIS2_PLACEMENT_3D ( 'NONE', #1135, #2022, #3325 ) ;
#2020 = EDGE_CURVE ( 'NONE', #2733, #1937, #2343, .T. ) ;
#2021 = DIRECTION ( 'NONE',  ( 1.239088197126290817E-16, -1.000000000000000000, -0.000000000000000000 ) ) ;
#2022 = DIRECTION ( 'NONE',  ( 1.239088197126290817E-16, -1.000000000000000000, 3.582458973934590448E-32 ) ) ;
#2023 = VERTEX_POINT ( 'NONE', #3292 ) ;
#2024 = LINE ( 'NONE', #2309, #227 ) ;
#2025 = CARTESIAN_POINT ( 'NONE',  ( 12.00000000000000000, -53.97500000000000853, -6.999999999999992006 ) ) ;
#2026 = ADVANCED_FACE ( 'NONE', ( #1743 ), #2366, .F. ) ;
#2027 = ORIENTED_EDGE ( 'NONE', *, *, #1105, .T. ) ;
#2028 = VERTEX_POINT ( 'NONE', #1779 ) ;
#2029 = LINE ( 'NONE', #2673, #1858 ) ;
#2030 = DIRECTION ( 'NONE',  ( 1.000000000000000000, 0.000000000000000000, 0.000000000000000000 ) ) ;
#2031 = LINE ( 'NONE', #164, #1429 ) ;
#2032 = CARTESIAN_POINT ( 'NONE',  ( -10.50000000000000000, -53.97500000000000853, -3.999999999999992450 ) ) ;
#2033 = CARTESIAN_POINT ( 'NONE',  ( 10.50000000000000000, -66.47500000000000853, -3.999999999999992450 ) ) ;
#2034 = VERTEX_POINT ( 'NONE', #3626 ) ;
#2035 = EDGE_CURVE ( 'NONE', #2681, #2567, #2967, .T. ) ;
#2036 = DIRECTION ( 'NONE',  ( 1.000000000000000000, 0.000000000000000000, 0.000000000000000000 ) ) ;
#2037 = FACE_BOUND ( 'NONE', #3805, .T. ) ;
#2038 = LINE ( 'NONE', #1476, #3529 ) ;
#2039 = ORIENTED_EDGE ( 'NONE', *, *, #887, .T. ) ;
#2040 = EDGE_CURVE ( 'NONE', #2433, #1181, #1935, .T. ) ;
#2041 = CARTESIAN_POINT ( 'NONE',  ( 11.99999999999996980, -48.47500000000003695, -11.99999999999999112 ) ) ;
#2042 = CARTESIAN_POINT ( 'NONE',  ( 9.999999999999765521, 1.081600087271539223E-12, 3.000000000000000000 ) ) ;
#2043 = EDGE_LOOP ( 'NONE', ( #757, #540 ) ) ;
#2044 = CARTESIAN_POINT ( 'NONE',  ( -9.000000000000001776, -66.47500000000000853, -4.499999999999992006 ) ) ;
#2045 = DIRECTION ( 'NONE',  ( 0.000000000000000000, 3.582458973934590448E-32, 1.000000000000000000 ) ) ;
#2046 = ADVANCED_FACE ( 'NONE', ( #3271 ), #469, .F. ) ;
#2047 = VERTEX_POINT ( 'NONE', #1698 ) ;
#2048 = ORIENTED_EDGE ( 'NONE', *, *, #2236, .F. ) ;
#2049 = FACE_OUTER_BOUND ( 'NONE', #1157, .T. ) ;
#2050 = DIRECTION ( 'NONE',  ( -1.239088197126290817E-16, 1.000000000000000000, -3.582458973934590448E-32 ) ) ;
#2051 = LINE ( 'NONE', #3608, #2350 ) ;
#2052 = DIRECTION ( 'NONE',  ( 0.000000000000000000, -3.582458973934590448E-32, -1.000000000000000000 ) ) ;
#2053 = ORIENTED_EDGE ( 'NONE', *, *, #2500, .F. ) ;
#2054 = CARTESIAN_POINT ( 'NONE',  ( 9.700000000000006395, -43.97500000000000853, -81.04999999999999716 ) ) ;
#2055 = PLANE ( 'NONE',  #376 ) ;
#2056 = CARTESIAN_POINT ( 'NONE',  ( -8.500000000000012434, -41.47500000000000142, -5.499999999999990230 ) ) ;
#2057 = AXIS2_PLACEMENT_3D ( 'NONE', #1843, #725, #1696 ) ;
#2058 = DIRECTION ( 'NONE',  ( 1.239088197126290817E-16, -1.000000000000000000, 3.582458973934590448E-32 ) ) ;
#2059 = ADVANCED_FACE ( 'NONE', ( #2652, #1410, #791 ), #2676, .T. ) ;
#2060 = CARTESIAN_POINT ( 'NONE',  ( -14.99999999999999645, 7.474999999999996980, 0.000000000000000000 ) ) ;
#2061 = ORIENTED_EDGE ( 'NONE', *, *, #3743, .F. ) ;
#2062 = DIRECTION ( 'NONE',  ( 0.000000000000000000, 0.000000000000000000, 1.000000000000000000 ) ) ;
#2063 = FACE_OUTER_BOUND ( 'NONE', #2227, .T. ) ;
#2064 = AXIS2_PLACEMENT_3D ( 'NONE', #3389, #16, #3087 ) ;
#2065 = AXIS2_PLACEMENT_3D ( 'NONE', #2361, #3263, #2626 ) ;
#2066 = EDGE_CURVE ( 'NONE', #3942, #1139, #1807, .T. ) ;
#2067 = VECTOR ( 'NONE', #716, 1000.000000000000000 ) ;
#2068 = VECTOR ( 'NONE', #2512, 1000.000000000000000 ) ;
#2069 = VERTEX_POINT ( 'NONE', #2772 ) ;
#2070 = ORIENTED_EDGE ( 'NONE', *, *, #3616, .F. ) ;
#2071 = DIRECTION ( 'NONE',  ( 0.000000000000000000, 1.000000000000000000, -3.582458973934590448E-32 ) ) ;
#2072 = VECTOR ( 'NONE', #2297, 1000.000000000000000 ) ;
#2073 = CARTESIAN_POINT ( 'NONE',  ( -13.00499999999999545, -22.47500000000000853, -87.04999999999996874 ) ) ;
#2074 = DIRECTION ( 'NONE',  ( 0.000000000000000000, 0.000000000000000000, 1.000000000000000000 ) ) ;
#2075 = LINE ( 'NONE', #1451, #509 ) ;
#2076 = CIRCLE ( 'NONE', #2869, 2.399999999999999467 ) ;
#2077 = CARTESIAN_POINT ( 'NONE',  ( 10.00000000000000178, -7.474999999999998757, 5.000000000000000000 ) ) ;
#2078 = EDGE_LOOP ( 'NONE', ( #922, #283 ) ) ;
#2079 = AXIS2_PLACEMENT_3D ( 'NONE', #1233, #574, #593 ) ;
#2080 = CARTESIAN_POINT ( 'NONE',  ( -10.50000000000000000, -53.97500000000000853, -4.499999999999992006 ) ) ;
#2081 = DIRECTION ( 'NONE',  ( 1.239088197126290817E-16, -1.000000000000000000, 3.582458973934590448E-32 ) ) ;
#2082 = AXIS2_PLACEMENT_3D ( 'NONE', #3293, #3340, #1169 ) ;
#2083 = AXIS2_PLACEMENT_3D ( 'NONE', #427, #1386, #3967 ) ;
#2084 = DIRECTION ( 'NONE',  ( 1.000000000000000000, 0.000000000000000000, 0.000000000000000000 ) ) ;
#2085 = CARTESIAN_POINT ( 'NONE',  ( -8.250000000000230926, 1.017629631850248141E-12, 0.000000000000000000 ) ) ;
#2086 = ORIENTED_EDGE ( 'NONE', *, *, #581, .F. ) ;
#2087 = FACE_OUTER_BOUND ( 'NONE', #2714, .T. ) ;
#2088 = VECTOR ( 'NONE', #2216, 1000.000000000000000 ) ;
#2089 = EDGE_CURVE ( 'NONE', #927, #59, #954, .T. ) ;
#2090 =( GEOMETRIC_REPRESENTATION_CONTEXT ( 3 ) GLOBAL_UNCERTAINTY_ASSIGNED_CONTEXT ( ( #790 ) ) GLOBAL_UNIT_ASSIGNED_CONTEXT ( ( #455, #391, #729 ) ) REPRESENTATION_CONTEXT ( 'NONE', 'WORKASPACE' ) );
#2091 = ORIENTED_EDGE ( 'NONE', *, *, #551, .T. ) ;
#2092 = ORIENTED_EDGE ( 'NONE', *, *, #3109, .T. ) ;
#2093 = CARTESIAN_POINT ( 'NONE',  ( 4.858258306232665858E-15, -41.47500000000000142, 2.677888083016106357E-31 ) ) ;
#2094 = EDGE_CURVE ( 'NONE', #172, #1849, #3328, .T. ) ;
#2095 = DIRECTION ( 'NONE',  ( 0.000000000000000000, 0.000000000000000000, 1.000000000000000000 ) ) ;
#2096 = CARTESIAN_POINT ( 'NONE',  ( 4.858258306232665858E-15, -41.47500000000000142, 2.677888083016106357E-31 ) ) ;
#2097 = DIRECTION ( 'NONE',  ( -1.000000000000000000, 0.000000000000000000, 0.000000000000000000 ) ) ;
#2098 = LINE ( 'NONE', #3356, #1737 ) ;
#2099 = ORIENTED_EDGE ( 'NONE', *, *, #4025, .F. ) ;
#2100 = EDGE_CURVE ( 'NONE', #2165, #3851, #2467, .T. ) ;
#2101 =( NAMED_UNIT ( * ) PLANE_ANGLE_UNIT ( ) SI_UNIT ( $, .RADIAN. ) );
#2102 = FACE_OUTER_BOUND ( 'NONE', #3207, .T. ) ;
#2103 = EDGE_CURVE ( 'NONE', #732, #2578, #1475, .T. ) ;
#2104 = CARTESIAN_POINT ( 'NONE',  ( -10.50000000000000000, -66.47500000000000853, -3.999999999999992450 ) ) ;
#2105 = DIRECTION ( 'NONE',  ( 1.000000000000000000, 0.000000000000000000, 0.000000000000000000 ) ) ;
#2106 = EDGE_LOOP ( 'NONE', ( #2519, #255 ) ) ;
#2107 = ORIENTED_EDGE ( 'NONE', *, *, #266, .T. ) ;
#2108 = ORIENTED_EDGE ( 'NONE', *, *, #4040, .F. ) ;
#2109 = FACE_OUTER_BOUND ( 'NONE', #1221, .T. ) ;
#2110 = CARTESIAN_POINT ( 'NONE',  ( -9.000000000000015987, -19.36422972372517748, -5.499999999999990230 ) ) ;
#2111 = LINE ( 'NONE', #1822, #1948 ) ;
#2112 = DIRECTION ( 'NONE',  ( 0.000000000000000000, -0.000000000000000000, 1.000000000000000000 ) ) ;
#2113 = VERTEX_POINT ( 'NONE', #4041 ) ;
#2114 = PLANE ( 'NONE',  #1213 ) ;
#2115 = ORIENTED_EDGE ( 'NONE', *, *, #2340, .T. ) ;
#2116 = CARTESIAN_POINT ( 'NONE',  ( 8.100000000000001421, -66.47500000000000853, -4.499999999999992006 ) ) ;
#2117 = EDGE_CURVE ( 'NONE', #2681, #222, #1202, .T. ) ;
#2118 = VERTEX_POINT ( 'NONE', #2488 ) ;
#2119 = CARTESIAN_POINT ( 'NONE',  ( 14.99999999999995914, -37.47500000000000142, 5.000000000000000000 ) ) ;
#2120 = VERTEX_POINT ( 'NONE', #1821 ) ;
#2121 = VECTOR ( 'NONE', #2521, 1000.000000000000000 ) ;
#2122 = EDGE_LOOP ( 'NONE', ( #3058, #2751, #3619, #2839 ) ) ;
#2123 = ORIENTED_EDGE ( 'NONE', *, *, #3951, .F. ) ;
#2124 = CIRCLE ( 'NONE', #1926, 3.500000000000003109 ) ;
#2125 = DIRECTION ( 'NONE',  ( 1.000000000000000000, 0.000000000000000000, 0.000000000000000000 ) ) ;
#2126 = VECTOR ( 'NONE', #521, 1000.000000000000000 ) ;
#2127 = DIRECTION ( 'NONE',  ( 1.000000000000000000, 0.000000000000000000, 0.000000000000000000 ) ) ;
#2128 = CARTESIAN_POINT ( 'NONE',  ( -6.999999999999993783, -37.47500000000000853, -91.04999999999999716 ) ) ;
#2129 = CYLINDRICAL_SURFACE ( 'NONE', #2356, 1.499999999999999556 ) ;
#2130 = ORIENTED_EDGE ( 'NONE', *, *, #2565, .F. ) ;
#2131 = LINE ( 'NONE', #3419, #2203 ) ;
#2132 = AXIS2_PLACEMENT_3D ( 'NONE', #1508, #3726, #897 ) ;
#2133 = ORIENTED_EDGE ( 'NONE', *, *, #3224, .F. ) ;
#2134 = AXIS2_PLACEMENT_3D ( 'NONE', #999, #2905, #1654 ) ;
#2135 = PRODUCT_CONTEXT ( 'NONE', #3826, 'mechanical' ) ;
#2136 = EDGE_CURVE ( 'NONE', #1472, #2576, #378, .T. ) ;
#2137 = DIRECTION ( 'NONE',  ( 1.239088197126290817E-16, -1.000000000000000000, 3.582458973934590448E-32 ) ) ;
#2138 = VECTOR ( 'NONE', #116, 1000.000000000000000 ) ;
#2139 = DIRECTION ( 'NONE',  ( 1.000000000000000000, 0.000000000000000000, 2.532905239608406037E-16 ) ) ;
#2140 = DIRECTION ( 'NONE',  ( 2.532905239608406037E-16, -4.439659870964747057E-33, -1.000000000000000000 ) ) ;
#2141 = ORIENTED_EDGE ( 'NONE', *, *, #3743, .T. ) ;
#2142 = VECTOR ( 'NONE', #717, 1000.000000000000000 ) ;
#2143 = EDGE_CURVE ( 'NONE', #1381, #3332, #885, .T. ) ;
#2144 = CARTESIAN_POINT ( 'NONE',  ( 12.00000000000000000, -66.47500000000000853, -3.999999999999992450 ) ) ;
#2145 = FACE_BOUND ( 'NONE', #2959, .T. ) ;
#2146 = ORIENTED_EDGE ( 'NONE', *, *, #2901, .F. ) ;
#2147 = VECTOR ( 'NONE', #2706, 1000.000000000000000 ) ;
#2148 = EDGE_CURVE ( 'NONE', #1634, #2436, #2337, .T. ) ;
#2149 = VECTOR ( 'NONE', #1043, 1000.000000000000000 ) ;
#2150 = ORIENTED_EDGE ( 'NONE', *, *, #228, .T. ) ;
#2151 = VERTEX_POINT ( 'NONE', #2156 ) ;
#2152 = VECTOR ( 'NONE', #911, 1000.000000000000000 ) ;
#2153 = CARTESIAN_POINT ( 'NONE',  ( 12.90000000000000036, -53.97500000000000853, -3.999999999999992450 ) ) ;
#2154 = PRODUCT_RELATED_PRODUCT_CATEGORY ( 'part', '', ( #1384 ) ) ;
#2155 = AXIS2_PLACEMENT_3D ( 'NONE', #1327, #1064, #2036 ) ;
#2156 = CARTESIAN_POINT ( 'NONE',  ( 8.499999999999985789, -37.47500000000000853, -3.499999999999987566 ) ) ;
#2157 = DIRECTION ( 'NONE',  ( 0.000000000000000000, 0.000000000000000000, 1.000000000000000000 ) ) ;
#2158 = CARTESIAN_POINT ( 'NONE',  ( -9.699999999999997513, -43.97500000000000853, -24.55000000000000071 ) ) ;
#2159 = ORIENTED_EDGE ( 'NONE', *, *, #1210, .F. ) ;
#2160 = DIRECTION ( 'NONE',  ( 1.239088197126291063E-16, -1.000000000000000000, 3.582458973934590448E-32 ) ) ;
#2161 = VERTEX_POINT ( 'NONE', #3415 ) ;
#2162 = CARTESIAN_POINT ( 'NONE',  ( 4.858258306232665858E-15, -41.47500000000000142, 2.677888083016106357E-31 ) ) ;
#2163 = PLANE ( 'NONE',  #2344 ) ;
#2164 = CARTESIAN_POINT ( 'NONE',  ( 27.39499999999999602, 17.39707030903790042, -91.04999999999998295 ) ) ;
#2165 = VERTEX_POINT ( 'NONE', #936 ) ;
#2166 = DIRECTION ( 'NONE',  ( 0.000000000000000000, 1.000000000000000000, -3.582458973934590448E-32 ) ) ;
#2167 = CARTESIAN_POINT ( 'NONE',  ( 15.00000000000000355, -7.474999999999998757, 0.000000000000000000 ) ) ;
#2168 = ORIENTED_EDGE ( 'NONE', *, *, #383, .T. ) ;
#2169 = EDGE_CURVE ( 'NONE', #3478, #3071, #559, .T. ) ;
#2170 = ORIENTED_EDGE ( 'NONE', *, *, #1133, .F. ) ;
#2171 = ORIENTED_EDGE ( 'NONE', *, *, #2804, .F. ) ;
#2172 = ADVANCED_FACE ( 'NONE', ( #1857 ), #1840, .F. ) ;
#2173 = FACE_BOUND ( 'NONE', #60, .T. ) ;
#2174 = DIRECTION ( 'NONE',  ( -1.239088197126290817E-16, 1.000000000000000000, -3.582458973934590448E-32 ) ) ;
#2175 = LINE ( 'NONE', #3048, #1689 ) ;
#2176 = CYLINDRICAL_SURFACE ( 'NONE', #241, 3.500000000000003109 ) ;
#2177 = EDGE_LOOP ( 'NONE', ( #2312, #2820, #1958, #1500 ) ) ;
#2178 = CARTESIAN_POINT ( 'NONE',  ( -14.99999999999999645, -7.475000000000002309, 5.000000000000000000 ) ) ;
#2179 = VERTEX_POINT ( 'NONE', #3104 ) ;
#2180 = CARTESIAN_POINT ( 'NONE',  ( 11.99999999999997158, -71.47500000000003695, -11.99999999999999112 ) ) ;
#2181 = LINE ( 'NONE', #3441, #1473 ) ;
#2182 = VERTEX_POINT ( 'NONE', #1523 ) ;
#2183 = FACE_OUTER_BOUND ( 'NONE', #1993, .T. ) ;
#2184 = CARTESIAN_POINT ( 'NONE',  ( -7.299999999999990941, -44.47500000000000853, -81.04999999999999716 ) ) ;
#2185 = ORIENTED_EDGE ( 'NONE', *, *, #3055, .T. ) ;
#2186 = EDGE_CURVE ( 'NONE', #1817, #123, #2603, .T. ) ;
#2187 = ORIENTED_EDGE ( 'NONE', *, *, #1909, .T. ) ;
#2188 = DIRECTION ( 'NONE',  ( -0.000000000000000000, -0.000000000000000000, -1.000000000000000000 ) ) ;
#2189 = DIRECTION ( 'NONE',  ( 0.000000000000000000, 0.000000000000000000, 1.000000000000000000 ) ) ;
#2190 = ADVANCED_FACE ( 'NONE', ( #3433 ), #3748, .F. ) ;
#2191 = LINE ( 'NONE', #1491, #3661 ) ;
#2192 = CIRCLE ( 'NONE', #1794, 2.399999999999999467 ) ;
#2193 = CARTESIAN_POINT ( 'NONE',  ( -10.50000000000000000, -66.47500000000000853, -3.999999999999992450 ) ) ;
#2194 = ORIENTED_EDGE ( 'NONE', *, *, #436, .F. ) ;
#2195 = CARTESIAN_POINT ( 'NONE',  ( 0.000000000000000000, 0.000000000000000000, -87.04999999999996874 ) ) ;
#2196 = ORIENTED_EDGE ( 'NONE', *, *, #1407, .F. ) ;
#2197 = AXIS2_PLACEMENT_3D ( 'NONE', #382, #2581, #76 ) ;
#2198 = AXIS2_PLACEMENT_3D ( 'NONE', #399, #1665, #2580 ) ;
#2199 = DIRECTION ( 'NONE',  ( 1.000000000000000000, 0.000000000000000000, 0.000000000000000000 ) ) ;
#2200 = CARTESIAN_POINT ( 'NONE',  ( 8.499999999999984013, -37.47500000000000853, -4.999999999999988454 ) ) ;
#2201 = VECTOR ( 'NONE', #169, 1000.000000000000000 ) ;
#2202 = FACE_BOUND ( 'NONE', #1793, .T. ) ;
#2203 = VECTOR ( 'NONE', #590, 1000.000000000000000 ) ;
#2204 = ORIENTED_EDGE ( 'NONE', *, *, #864, .F. ) ;
#2205 = AXIS2_PLACEMENT_3D ( 'NONE', #1345, #343, #2278 ) ;
#2206 = CYLINDRICAL_SURFACE ( 'NONE', #1094, 1.499999999999999556 ) ;
#2207 = ORIENTED_EDGE ( 'NONE', *, *, #1535, .T. ) ;
#2208 = AXIS2_PLACEMENT_3D ( 'NONE', #850, #2794, #4065 ) ;
#2209 = VECTOR ( 'NONE', #2242, 1000.000000000000000 ) ;
#2210 = EDGE_LOOP ( 'NONE', ( #2108, #3022 ) ) ;
#2211 = CARTESIAN_POINT ( 'NONE',  ( 8.100000000000001421, -53.97500000000000853, -4.499999999999992006 ) ) ;
#2212 = CARTESIAN_POINT ( 'NONE',  ( -20.19999999999999574, -27.47500000000000497, -87.04999999999996874 ) ) ;
#2213 = EDGE_CURVE ( 'NONE', #1180, #718, #2191, .T. ) ;
#2214 = AXIS2_PLACEMENT_3D ( 'NONE', #2032, #165, #205 ) ;
#2215 = AXIS2_PLACEMENT_3D ( 'NONE', #2096, #4066, #242 ) ;
#2216 = DIRECTION ( 'NONE',  ( -1.239088197126290817E-16, 1.000000000000000000, -3.582458973934590448E-32 ) ) ;
#2217 = FACE_BOUND ( 'NONE', #2551, .T. ) ;
#2218 = VERTEX_POINT ( 'NONE', #1245 ) ;
#2219 = FACE_OUTER_BOUND ( 'NONE', #434, .T. ) ;
#2220 = EDGE_CURVE ( 'NONE', #988, #3527, #543, .T. ) ;
#2221 = VERTEX_POINT ( 'NONE', #625 ) ;
#2222 = DIRECTION ( 'NONE',  ( 1.000000000000000000, 0.000000000000000000, 0.000000000000000000 ) ) ;
#2223 = CARTESIAN_POINT ( 'NONE',  ( -10.50000000000000000, -66.47500000000000853, -3.999999999999992450 ) ) ;
#2224 = LINE ( 'NONE', #268, #3518 ) ;
#2225 = ADVANCED_FACE ( 'NONE', ( #240, #3766 ), #1644, .T. ) ;
#2226 = CARTESIAN_POINT ( 'NONE',  ( -9.699999999999990408, -41.47500000000000142, -81.04999999999999716 ) ) ;
#2227 = EDGE_LOOP ( 'NONE', ( #867, #571, #2942, #1760 ) ) ;
#2228 = EDGE_CURVE ( 'NONE', #3539, #620, #3860, .T. ) ;
#2229 = VERTEX_POINT ( 'NONE', #2306 ) ;
#2230 = FACE_OUTER_BOUND ( 'NONE', #3986, .T. ) ;
#2231 = LINE ( 'NONE', #1647, #1734 ) ;
#2232 = EDGE_LOOP ( 'NONE', ( #3574, #4029 ) ) ;
#2233 = ORIENTED_EDGE ( 'NONE', *, *, #3122, .T. ) ;
#2234 = CARTESIAN_POINT ( 'NONE',  ( -9.999999999999996447, -37.47500000000000142, 5.000000000000000000 ) ) ;
#2235 = ORIENTED_EDGE ( 'NONE', *, *, #726, .T. ) ;
#2236 = EDGE_CURVE ( 'NONE', #1063, #3286, #1745, .T. ) ;
#2237 = DIRECTION ( 'NONE',  ( -1.239088197126290817E-16, 1.000000000000000000, -3.582458973934590448E-32 ) ) ;
#2238 = CARTESIAN_POINT ( 'NONE',  ( -9.699999999999990408, -43.97500000000000853, -81.04999999999999716 ) ) ;
#2239 = DIRECTION ( 'NONE',  ( -0.7071067811865513475, -8.761676666762190053E-17, -0.7071067811865435759 ) ) ;
#2240 = EDGE_CURVE ( 'NONE', #3084, #3672, #3889, .T. ) ;
#2241 = CARTESIAN_POINT ( 'NONE',  ( 4.858258306232665858E-15, -41.47500000000000142, 2.677888083016106357E-31 ) ) ;
#2242 = DIRECTION ( 'NONE',  ( -0.000000000000000000, -0.000000000000000000, -1.000000000000000000 ) ) ;
#2243 = VERTEX_POINT ( 'NONE', #733 ) ;
#2244 = ORIENTED_EDGE ( 'NONE', *, *, #1380, .T. ) ;
#2245 = DIRECTION ( 'NONE',  ( -0.000000000000000000, -0.000000000000000000, -1.000000000000000000 ) ) ;
#2246 = DIRECTION ( 'NONE',  ( 1.239088197126290817E-16, -1.000000000000000000, 3.582458973934590448E-32 ) ) ;
#2247 = ORIENTED_EDGE ( 'NONE', *, *, #3872, .T. ) ;
#2248 = ORIENTED_EDGE ( 'NONE', *, *, #514, .F. ) ;
#2249 = CARTESIAN_POINT ( 'NONE',  ( -18.44999999999999574, -27.47500000000000497, -95.99974746830584138 ) ) ;
#2250 = ORIENTED_EDGE ( 'NONE', *, *, #2459, .T. ) ;
#2251 = CIRCLE ( 'NONE', #1143, 3.500000000000002220 ) ;
#2252 = DIRECTION ( 'NONE',  ( 1.239088197126290817E-16, -1.000000000000000000, 3.582458973934590448E-32 ) ) ;
#2253 = DIRECTION ( 'NONE',  ( 2.891205793294678819E-16, 3.343628375672285075E-32, -1.000000000000000000 ) ) ;
#2254 = DIRECTION ( 'NONE',  ( -1.000000000000000000, -1.156482317317871478E-16, 0.000000000000000000 ) ) ;
#2255 = VECTOR ( 'NONE', #400, 1000.000000000000000 ) ;
#2256 = AXIS2_PLACEMENT_3D ( 'NONE', #3222, #3162, #2914 ) ;
#2257 = EDGE_CURVE ( 'NONE', #2441, #3527, #1996, .T. ) ;
#2258 = SURFACE_SIDE_STYLE ('',( #2907 ) ) ;
#2259 = DIRECTION ( 'NONE',  ( 0.000000000000000000, 3.582458973934590448E-32, 1.000000000000000000 ) ) ;
#2260 = AXIS2_PLACEMENT_3D ( 'NONE', #192, #1722, #1130 ) ;
#2261 = AXIS2_PLACEMENT_3D ( 'NONE', #1206, #1887, #1551 ) ;
#2262 = CARTESIAN_POINT ( 'NONE',  ( -14.99999999999999645, 7.474999999999996980, 5.000000000000000000 ) ) ;
#2263 = ORIENTED_EDGE ( 'NONE', *, *, #2089, .F. ) ;
#2264 = EDGE_CURVE ( 'NONE', #59, #3286, #438, .T. ) ;
#2265 = AXIS2_PLACEMENT_3D ( 'NONE', #3455, #1881, #4026 ) ;
#2266 = CARTESIAN_POINT ( 'NONE',  ( 7.300000000000007816, -43.97500000000000853, -81.04999999999999716 ) ) ;
#2267 = ORIENTED_EDGE ( 'NONE', *, *, #4046, .F. ) ;
#2268 = DIRECTION ( 'NONE',  ( -1.000000000000000000, 0.000000000000000000, -1.156482317317871725E-16 ) ) ;
#2269 = DIRECTION ( 'NONE',  ( 1.000000000000000000, 0.000000000000000000, 0.000000000000000000 ) ) ;
#2270 = ADVANCED_FACE ( 'NONE', ( #3908 ), #761, .T. ) ;
#2271 = AXIS2_PLACEMENT_3D ( 'NONE', #1771, #3344, #1786 ) ;
#2272 = VERTEX_POINT ( 'NONE', #1626 ) ;
#2273 = EDGE_LOOP ( 'NONE', ( #3978, #618, #1071, #3437 ) ) ;
#2274 = DIRECTION ( 'NONE',  ( -1.000000000000000000, 0.000000000000000000, 0.000000000000000000 ) ) ;
#2275 = EDGE_CURVE ( 'NONE', #1502, #3615, #4064, .T. ) ;
#2276 = ORIENTED_EDGE ( 'NONE', *, *, #2707, .T. ) ;
#2277 = AXIS2_PLACEMENT_3D ( 'NONE', #1353, #2929, #1312 ) ;
#2278 = DIRECTION ( 'NONE',  ( -1.000000000000000000, 0.000000000000000000, 0.000000000000000000 ) ) ;
#2279 = DIRECTION ( 'NONE',  ( -1.239088197126290817E-16, 1.000000000000000000, -3.582458973934590448E-32 ) ) ;
#2280 = AXIS2_PLACEMENT_3D ( 'NONE', #204, #545, #219 ) ;
#2281 = ORIENTED_EDGE ( 'NONE', *, *, #2641, .F. ) ;
#2282 = CARTESIAN_POINT ( 'NONE',  ( -10.00000000000023093, 1.017415318660397361E-12, 3.000000000000000000 ) ) ;
#2283 = STYLED_ITEM ( 'NONE', ( #3215 ), #35 ) ;
#2284 = DIRECTION ( 'NONE',  ( 1.239088197126291063E-16, -1.000000000000000000, 3.582458973934590448E-32 ) ) ;
#2285 = CYLINDRICAL_SURFACE ( 'NONE', #3799, 3.499999999999999556 ) ;
#2286 = ORIENTED_EDGE ( 'NONE', *, *, #2100, .T. ) ;
#2287 = CARTESIAN_POINT ( 'NONE',  ( 12.10000000000000675, -44.47500000000000853, -81.04999999999999716 ) ) ;
#2288 = ADVANCED_FACE ( 'NONE', ( #2623 ), #3236, .F. ) ;
#2289 = CYLINDRICAL_SURFACE ( 'NONE', #4015, 3.500000000000001332 ) ;
#2290 = VERTEX_POINT ( 'NONE', #412 ) ;
#2291 = DIRECTION ( 'NONE',  ( -1.000000000000000000, 0.000000000000000000, 0.000000000000000000 ) ) ;
#2292 = DIRECTION ( 'NONE',  ( -1.000000000000000000, 0.000000000000000000, 0.000000000000000000 ) ) ;
#2293 = ADVANCED_FACE ( 'NONE', ( #2642 ), #460, .T. ) ;
#2294 = ORIENTED_EDGE ( 'NONE', *, *, #681, .T. ) ;
#2295 = VERTEX_POINT ( 'NONE', #2287 ) ;
#2296 = CARTESIAN_POINT ( 'NONE',  ( 0.000000000000000000, -22.47500000000000853, 0.000000000000000000 ) ) ;
#2297 = DIRECTION ( 'NONE',  ( 1.239088197126290817E-16, -1.000000000000000000, 3.582458973934590448E-32 ) ) ;
#2298 = CARTESIAN_POINT ( 'NONE',  ( -10.50000000000000000, -53.97500000000000853, -6.999999999999992006 ) ) ;
#2299 = DIRECTION ( 'NONE',  ( -1.239088197126290817E-16, 1.000000000000000000, -3.582458973934590448E-32 ) ) ;
#2300 = PLANE ( 'NONE',  #1805 ) ;
#2301 = EDGE_LOOP ( 'NONE', ( #3664, #816, #2978, #1695 ) ) ;
#2302 = DIRECTION ( 'NONE',  ( 1.000000000000000000, 1.239088197126290817E-16, 0.000000000000000000 ) ) ;
#2303 = DIRECTION ( 'NONE',  ( -1.000000000000000000, 0.000000000000000000, 0.000000000000000000 ) ) ;
#2304 = FACE_OUTER_BOUND ( 'NONE', #462, .T. ) ;
#2305 = ORIENTED_EDGE ( 'NONE', *, *, #2778, .F. ) ;
#2306 = CARTESIAN_POINT ( 'NONE',  ( -11.19999999999998863, -41.47500000000000142, -81.04999999999999716 ) ) ;
#2307 = DIRECTION ( 'NONE',  ( -1.239088197126290817E-16, 1.000000000000000000, -3.582458973934590448E-32 ) ) ;
#2308 = ORIENTED_EDGE ( 'NONE', *, *, #1407, .T. ) ;
#2309 = CARTESIAN_POINT ( 'NONE',  ( 13.00500000000000256, -26.47499999999993037, -95.04999999999994031 ) ) ;
#2310 = DIRECTION ( 'NONE',  ( 0.000000000000000000, 0.000000000000000000, 1.000000000000000000 ) ) ;
#2311 = EDGE_CURVE ( 'NONE', #3505, #1632, #1707, .T. ) ;
#2312 = ORIENTED_EDGE ( 'NONE', *, *, #3992, .F. ) ;
#2313 = ORIENTED_EDGE ( 'NONE', *, *, #465, .T. ) ;
#2314 = FACE_OUTER_BOUND ( 'NONE', #1029, .T. ) ;
#2315 = EDGE_CURVE ( 'NONE', #2421, #3892, #2935, .T. ) ;
#2316 = LINE ( 'NONE', #2073, #1084 ) ;
#2317 = CARTESIAN_POINT ( 'NONE',  ( 14.00000000000000178, -53.97500000000000853, -6.999999999999992006 ) ) ;
#2318 = CARTESIAN_POINT ( 'NONE',  ( 15.00000000000000355, -7.474999999999998757, 5.000000000000000000 ) ) ;
#2319 = ORIENTED_EDGE ( 'NONE', *, *, #3679, .F. ) ;
#2320 = EDGE_CURVE ( 'NONE', #2899, #734, #2664, .T. ) ;
#2321 = CIRCLE ( 'NONE', #544, 3.000000000000002665 ) ;
#2322 = FACE_BOUND ( 'NONE', #3385, .T. ) ;
#2323 = CARTESIAN_POINT ( 'NONE',  ( 0.000000000000000000, -34.47499999999996589, -87.04999999999996874 ) ) ;
#2324 = EDGE_LOOP ( 'NONE', ( #1149, #3488 ) ) ;
#2325 = CIRCLE ( 'NONE', #3119, 2.399999999999999467 ) ;
#2326 = EDGE_LOOP ( 'NONE', ( #3828, #2585 ) ) ;
#2327 = EDGE_CURVE ( 'NONE', #4021, #2118, #781, .T. ) ;
#2328 = VECTOR ( 'NONE', #3004, 1000.000000000000114 ) ;
#2329 = VECTOR ( 'NONE', #636, 1000.000000000000000 ) ;
#2330 = CARTESIAN_POINT ( 'NONE',  ( 25.00000000000006040, -41.47500000000000142, -87.04999999999996874 ) ) ;
#2331 = DIRECTION ( 'NONE',  ( -2.529805069132843351E-16, 1.000000000000000000, 0.000000000000000000 ) ) ;
#2332 = ORIENTED_EDGE ( 'NONE', *, *, #2148, .F. ) ;
#2333 = CARTESIAN_POINT ( 'NONE',  ( 7.610123402124744807, -36.71540820577347830, -1.240408205773474437 ) ) ;
#2334 = AXIS2_PLACEMENT_3D ( 'NONE', #1703, #224, #3613 ) ;
#2335 = CARTESIAN_POINT ( 'NONE',  ( -27.39499999999999602, -22.47500000000000853, -91.04999999999999716 ) ) ;
#2336 = AXIS2_PLACEMENT_3D ( 'NONE', #518, #221, #245 ) ;
#2337 = CIRCLE ( 'NONE', #2132, 2.399999999999999467 ) ;
#2338 = ORIENTED_EDGE ( 'NONE', *, *, #584, .T. ) ;
#2339 = ORIENTED_EDGE ( 'NONE', *, *, #1231, .F. ) ;
#2340 = EDGE_CURVE ( 'NONE', #1817, #1181, #1096, .T. ) ;
#2341 = DIRECTION ( 'NONE',  ( -0.000000000000000000, -0.000000000000000000, -1.000000000000000000 ) ) ;
#2342 = AXIS2_PLACEMENT_3D ( 'NONE', #3024, #823, #3740 ) ;
#2343 = LINE ( 'NONE', #2716, #3999 ) ;
#2344 = AXIS2_PLACEMENT_3D ( 'NONE', #1867, #3094, #2511 ) ;
#2345 = DIRECTION ( 'NONE',  ( 1.000000000000000000, 1.239088197126290817E-16, 1.156482317317871725E-16 ) ) ;
#2346 = PLANE ( 'NONE',  #375 ) ;
#2347 = EDGE_CURVE ( 'NONE', #216, #732, #3550, .T. ) ;
#2348 = FACE_OUTER_BOUND ( 'NONE', #398, .T. ) ;
#2349 = ORIENTED_EDGE ( 'NONE', *, *, #989, .F. ) ;
#2350 = VECTOR ( 'NONE', #3034, 1000.000000000000000 ) ;
#2351 = LINE ( 'NONE', #69, #700 ) ;
#2352 = FILL_AREA_STYLE_COLOUR ( '', #3787 ) ;
#2353 = DIRECTION ( 'NONE',  ( 1.000000000000000000, 0.000000000000000000, 0.000000000000000000 ) ) ;
#2354 = EDGE_CURVE ( 'NONE', #2583, #2461, #1008, .T. ) ;
#2355 = ORIENTED_EDGE ( 'NONE', *, *, #84, .T. ) ;
#2356 = AXIS2_PLACEMENT_3D ( 'NONE', #2193, #588, #627 ) ;
#2357 = CIRCLE ( 'NONE', #575, 1.750000000000001554 ) ;
#2358 = DIRECTION ( 'NONE',  ( -0.000000000000000000, -0.000000000000000000, 1.000000000000000000 ) ) ;
#2359 = DIRECTION ( 'NONE',  ( 1.000000000000000000, 0.000000000000000000, 0.000000000000000000 ) ) ;
#2360 = ORIENTED_EDGE ( 'NONE', *, *, #3812, .T. ) ;
#2361 = CARTESIAN_POINT ( 'NONE',  ( -8.500000000000012434, -41.47500000000000142, -3.999999999999990674 ) ) ;
#2362 = DIRECTION ( 'NONE',  ( 0.000000000000000000, 1.000000000000000000, 0.000000000000000000 ) ) ;
#2363 = ORIENTED_EDGE ( 'NONE', *, *, #3176, .T. ) ;
#2364 = ORIENTED_EDGE ( 'NONE', *, *, #1959, .F. ) ;
#2365 = DIRECTION ( 'NONE',  ( 0.000000000000000000, -3.582458973934590448E-32, -1.000000000000000000 ) ) ;
#2366 = CYLINDRICAL_SURFACE ( 'NONE', #682, 2.399999999999999467 ) ;
#2367 = DIRECTION ( 'NONE',  ( 0.000000000000000000, 0.000000000000000000, 1.000000000000000000 ) ) ;
#2368 = DIRECTION ( 'NONE',  ( 0.000000000000000000, 0.000000000000000000, -1.000000000000000000 ) ) ;
#2369 = CARTESIAN_POINT ( 'NONE',  ( -20.19999999999999574, -27.47500000000000497, -91.04999999999999716 ) ) ;
#2370 = EDGE_LOOP ( 'NONE', ( #374, #2827, #1207, #763, #2061, #1863, #100, #4070, #1486 ) ) ;
#2371 = EDGE_CURVE ( 'NONE', #3100, #2161, #1674, .T. ) ;
#2372 = LINE ( 'NONE', #2387, #2126 ) ;
#2373 = DIRECTION ( 'NONE',  ( 1.000000000000000000, 1.156482317317871478E-16, 0.000000000000000000 ) ) ;
#2374 = ADVANCED_FACE ( 'NONE', ( #478 ), #3696, .F. ) ;
#2375 = PLANE ( 'NONE',  #2342 ) ;
#2376 = LINE ( 'NONE', #3960, #3145 ) ;
#2377 = VERTEX_POINT ( 'NONE', #3676 ) ;
#2378 = CARTESIAN_POINT ( 'NONE',  ( 13.00500000000000256, -22.47500000000000853, -91.04999999999998295 ) ) ;
#2379 = CARTESIAN_POINT ( 'NONE',  ( -27.39500000000000313, 17.39707030903790042, -91.04999999999999716 ) ) ;
#2380 = ORIENTED_EDGE ( 'NONE', *, *, #1244, .T. ) ;
#2381 = EDGE_LOOP ( 'NONE', ( #2760, #3724, #2185, #2168 ) ) ;
#2382 = FACE_BOUND ( 'NONE', #2671, .T. ) ;
#2383 = DIRECTION ( 'NONE',  ( 1.000000000000000000, 1.239088197126290817E-16, 0.000000000000000000 ) ) ;
#2384 = DIRECTION ( 'NONE',  ( -0.000000000000000000, -0.000000000000000000, -1.000000000000000000 ) ) ;
#2385 = CARTESIAN_POINT ( 'NONE',  ( -9.000000000000001776, -53.97500000000000853, -6.999999999999992006 ) ) ;
#2386 = ORIENTED_EDGE ( 'NONE', *, *, #756, .F. ) ;
#2387 = CARTESIAN_POINT ( 'NONE',  ( -6.999999999999993783, -37.47500000000000853, -84.04999999999995453 ) ) ;
#2388 = CARTESIAN_POINT ( 'NONE',  ( -11.99999999999999112, -68.47500000000000853, -11.99999999999999467 ) ) ;
#2389 = FACE_OUTER_BOUND ( 'NONE', #1199, .T. ) ;
#2390 = ADVANCED_FACE ( 'NONE', ( #843 ), #538, .F. ) ;
#2391 = AXIS2_PLACEMENT_3D ( 'NONE', #1124, #833, #848 ) ;
#2392 = CARTESIAN_POINT ( 'NONE',  ( 10.50000000000000000, -66.47500000000000853, -4.499999999999992006 ) ) ;
#2393 = LINE ( 'NONE', #461, #767 ) ;
#2394 = EDGE_LOOP ( 'NONE', ( #806, #1364, #3064, #322 ) ) ;
#2395 = EDGE_CURVE ( 'NONE', #775, #2733, #2725, .T. ) ;
#2396 = DIRECTION ( 'NONE',  ( 1.000000000000000000, 0.000000000000000000, 0.000000000000000000 ) ) ;
#2397 = AXIS2_PLACEMENT_3D ( 'NONE', #1838, #3102, #2790 ) ;
#2398 = CIRCLE ( 'NONE', #2065, 0.5000000000000004441 ) ;
#2399 = AXIS2_PLACEMENT_3D ( 'NONE', #2015, #70, #2303 ) ;
#2400 = AXIS2_PLACEMENT_3D ( 'NONE', #1720, #3372, #548 ) ;
#2401 = EDGE_LOOP ( 'NONE', ( #2616, #3238, #1284, #1816 ) ) ;
#2402 = ORIENTED_EDGE ( 'NONE', *, *, #2443, .F. ) ;
#2403 = ADVANCED_FACE ( 'NONE', ( #1772 ), #3636, .F. ) ;
#2404 = CARTESIAN_POINT ( 'NONE',  ( 9.700000000000001066, -43.97500000000000853, -24.54999999999999716 ) ) ;
#2405 = CIRCLE ( 'NONE', #2536, 1.499999999999999556 ) ;
#2406 = DIRECTION ( 'NONE',  ( 1.239088197126291063E-16, -1.000000000000000000, 3.582458973934590448E-32 ) ) ;
#2407 = DIRECTION ( 'NONE',  ( 0.000000000000000000, 3.582458973934590448E-32, 1.000000000000000000 ) ) ;
#2408 = FACE_OUTER_BOUND ( 'NONE', #3729, .T. ) ;
#2409 = VECTOR ( 'NONE', #1663, 1000.000000000000000 ) ;
#2410 = ADVANCED_FACE ( 'NONE', ( #3041 ), #2999, .F. ) ;
#2411 = DIRECTION ( 'NONE',  ( -1.239088197126290817E-16, 1.000000000000000000, -3.582458973934590448E-32 ) ) ;
#2412 = EDGE_LOOP ( 'NONE', ( #3182, #3030, #1273, #4077 ) ) ;
#2413 = CIRCLE ( 'NONE', #2271, 1.499999999999999556 ) ;
#2414 = SURFACE_SIDE_STYLE ('',( #3972 ) ) ;
#2415 = CARTESIAN_POINT ( 'NONE',  ( 13.00500000000000256, -37.47500000000000853, -91.04999999999998295 ) ) ;
#2416 = PLANE ( 'NONE',  #691 ) ;
#2417 = CIRCLE ( 'NONE', #4007, 3.500000000000003109 ) ;
#2418 = AXIS2_PLACEMENT_3D ( 'NONE', #3312, #3627, #772 ) ;
#2419 = CARTESIAN_POINT ( 'NONE',  ( -9.699999999999997513, -41.47500000000000142, -24.55000000000000071 ) ) ;
#2420 = DIRECTION ( 'NONE',  ( -1.239088197126290817E-16, 1.000000000000000000, -3.582458973934590448E-32 ) ) ;
#2421 = VERTEX_POINT ( 'NONE', #3346 ) ;
#2422 = VECTOR ( 'NONE', #3551, 1000.000000000000000 ) ;
#2423 = ADVANCED_FACE ( 'NONE', ( #1812 ), #557, .F. ) ;
#2424 = ORIENTED_EDGE ( 'NONE', *, *, #1574, .F. ) ;
#2425 = ORIENTED_EDGE ( 'NONE', *, *, #4040, .T. ) ;
#2426 = DIRECTION ( 'NONE',  ( 1.239088197126290817E-16, -1.000000000000000000, 3.582458973934590448E-32 ) ) ;
#2427 = EDGE_CURVE ( 'NONE', #2582, #1248, #1788, .T. ) ;
#2428 = DIRECTION ( 'NONE',  ( 1.239088197126290817E-16, -1.000000000000000000, 3.582458973934590448E-32 ) ) ;
#2429 = LINE ( 'NONE', #2445, #2615 ) ;
#2430 = CARTESIAN_POINT ( 'NONE',  ( 8.499999999999982236, -19.36422972372517748, -3.999999999999988010 ) ) ;
#2431 = EDGE_LOOP ( 'NONE', ( #1599, #3101, #639, #2313 ) ) ;
#2432 = CARTESIAN_POINT ( 'NONE',  ( 15.00000000000000355, 7.475000000000000533, 0.000000000000000000 ) ) ;
#2433 = VERTEX_POINT ( 'NONE', #232 ) ;
#2434 = FACE_OUTER_BOUND ( 'NONE', #2845, .T. ) ;
#2435 = CARTESIAN_POINT ( 'NONE',  ( 9.700000000000006395, -43.97500000000000853, -81.04999999999999716 ) ) ;
#2436 = VERTEX_POINT ( 'NONE', #1479 ) ;
#2437 = LINE ( 'NONE', #1443, #1541 ) ;
#2438 = VERTEX_POINT ( 'NONE', #1154 ) ;
#2439 = ORIENTED_EDGE ( 'NONE', *, *, #2103, .T. ) ;
#2440 = EDGE_LOOP ( 'NONE', ( #39, #2713 ) ) ;
#2441 = VERTEX_POINT ( 'NONE', #1729 ) ;
#2442 = CARTESIAN_POINT ( 'NONE',  ( -11.75000000000023093, 1.017415318660397361E-12, 0.000000000000000000 ) ) ;
#2443 = EDGE_CURVE ( 'NONE', #2971, #3827, #109, .T. ) ;
#2444 = DIRECTION ( 'NONE',  ( -1.000000000000000000, 0.000000000000000000, -0.000000000000000000 ) ) ;
#2445 = CARTESIAN_POINT ( 'NONE',  ( -12.09999999999999609, -43.97500000000000853, -24.55000000000000071 ) ) ;
#2446 = CARTESIAN_POINT ( 'NONE',  ( -27.39499999999999602, -22.47500000000000853, -87.04999999999996874 ) ) ;
#2447 = ORIENTED_EDGE ( 'NONE', *, *, #2220, .T. ) ;
#2448 = LINE ( 'NONE', #4069, #2793 ) ;
#2449 = EDGE_CURVE ( 'NONE', #1937, #801, #2437, .T. ) ;
#2450 = ORIENTED_EDGE ( 'NONE', *, *, #2906, .F. ) ;
#2451 = DIRECTION ( 'NONE',  ( -0.000000000000000000, -0.000000000000000000, -1.000000000000000000 ) ) ;
#2452 = DIRECTION ( 'NONE',  ( -0.000000000000000000, -0.000000000000000000, -1.000000000000000000 ) ) ;
#2453 = DIRECTION ( 'NONE',  ( -0.000000000000000000, 0.7071067811865507924, -0.7071067811865441310 ) ) ;
#2454 = EDGE_CURVE ( 'NONE', #2047, #3117, #561, .T. ) ;
#2455 = VERTEX_POINT ( 'NONE', #2119 ) ;
#2456 = DIRECTION ( 'NONE',  ( 0.000000000000000000, 3.582458973934590448E-32, 1.000000000000000000 ) ) ;
#2457 = PLANE ( 'NONE',  #44 ) ;
#2458 = ORIENTED_EDGE ( 'NONE', *, *, #194, .T. ) ;
#2459 = EDGE_CURVE ( 'NONE', #3884, #3358, #3080, .T. ) ;
#2460 = VERTEX_POINT ( 'NONE', #251 ) ;
#2461 = VERTEX_POINT ( 'NONE', #4035 ) ;
#2462 = CIRCLE ( 'NONE', #676, 1.499999999999999556 ) ;
#2463 = DIRECTION ( 'NONE',  ( 1.000000000000000000, 0.000000000000000000, 0.000000000000000000 ) ) ;
#2464 = PRESENTATION_LAYER_ASSIGNMENT (  '', '', ( #815 ) ) ;
#2465 = VECTOR ( 'NONE', #380, 1000.000000000000000 ) ;
#2466 = ADVANCED_FACE ( 'NONE', ( #2145, #1197 ), #2457, .T. ) ;
#2467 = LINE ( 'NONE', #3147, #3260 ) ;
#2468 = DIRECTION ( 'NONE',  ( -1.239088197126290817E-16, 1.000000000000000000, -3.582458973934590448E-32 ) ) ;
#2469 = ORIENTED_EDGE ( 'NONE', *, *, #2723, .T. ) ;
#2470 = CYLINDRICAL_SURFACE ( 'NONE', #1922, 1.749999999999999778 ) ;
#2471 = ORIENTED_EDGE ( 'NONE', *, *, #58, .F. ) ;
#2472 = CIRCLE ( 'NONE', #2336, 1.499999999999999556 ) ;
#2473 = ADVANCED_FACE ( 'NONE', ( #1115 ), #2375, .T. ) ;
#2474 = DIRECTION ( 'NONE',  ( -1.000000000000000000, 0.000000000000000000, 0.000000000000000000 ) ) ;
#2475 = DIRECTION ( 'NONE',  ( 0.000000000000000000, -1.000000000000000000, 0.000000000000000000 ) ) ;
#2476 = DIRECTION ( 'NONE',  ( 1.000000000000000000, 1.239088197126290817E-16, -0.000000000000000000 ) ) ;
#2477 = ORIENTED_EDGE ( 'NONE', *, *, #1892, .F. ) ;
#2478 = AXIS2_PLACEMENT_3D ( 'NONE', #2323, #2659, #3218 ) ;
#2479 = EDGE_CURVE ( 'NONE', #2501, #3259, #2076, .T. ) ;
#2480 = DIRECTION ( 'NONE',  ( 1.239088197126290817E-16, -1.000000000000000000, 3.582458973934590448E-32 ) ) ;
#2481 = ORIENTED_EDGE ( 'NONE', *, *, #3800, .T. ) ;
#2482 = AXIS2_PLACEMENT_3D ( 'NONE', #2633, #65, #3212 ) ;
#2483 = AXIS2_PLACEMENT_3D ( 'NONE', #3417, #3089, #3 ) ;
#2484 = EDGE_LOOP ( 'NONE', ( #2752, #14 ) ) ;
#2485 = EDGE_LOOP ( 'NONE', ( #3342, #2355, #306, #2879 ) ) ;
#2486 = CIRCLE ( 'NONE', #515, 2.999999999999999112 ) ;
#2487 = LINE ( 'NONE', #680, #3380 ) ;
#2488 = CARTESIAN_POINT ( 'NONE',  ( 16.95000000000000284, -27.47500000000000497, -88.04999999999996874 ) ) ;
#2489 = DIRECTION ( 'NONE',  ( 1.000000000000000000, 0.000000000000000000, 0.000000000000000000 ) ) ;
#2490 = ORIENTED_EDGE ( 'NONE', *, *, #277, .T. ) ;
#2491 = DIRECTION ( 'NONE',  ( 0.000000000000000000, 0.000000000000000000, -1.000000000000000000 ) ) ;
#2492 = ORIENTED_EDGE ( 'NONE', *, *, #3971, .T. ) ;
#2493 = CARTESIAN_POINT ( 'NONE',  ( -8.199999999999990408, -43.97500000000000853, -81.04999999999999716 ) ) ;
#2494 = DIRECTION ( 'NONE',  ( 0.000000000000000000, 0.000000000000000000, 1.000000000000000000 ) ) ;
#2495 = CARTESIAN_POINT ( 'NONE',  ( -9.000000000000012434, -41.47500000000000142, -3.999999999999990674 ) ) ;
#2496 = EDGE_CURVE ( 'NONE', #458, #853, #1089, .T. ) ;
#2497 = CARTESIAN_POINT ( 'NONE',  ( -12.90000000000000036, -53.97500000000000853, -3.999999999999992450 ) ) ;
#2498 = CARTESIAN_POINT ( 'NONE',  ( -10.00000000000023093, 1.017415318660397361E-12, 5.000000000000000000 ) ) ;
#2499 = VERTEX_POINT ( 'NONE', #597 ) ;
#2500 = EDGE_CURVE ( 'NONE', #759, #2229, #3395, .T. ) ;
#2501 = VERTEX_POINT ( 'NONE', #2184 ) ;
#2502 = ORIENTED_EDGE ( 'NONE', *, *, #3761, .T. ) ;
#2503 = FACE_OUTER_BOUND ( 'NONE', #1256, .T. ) ;
#2504 = DIRECTION ( 'NONE',  ( -0.000000000000000000, -0.000000000000000000, -1.000000000000000000 ) ) ;
#2505 = CARTESIAN_POINT ( 'NONE',  ( -10.00000000000023093, 1.017415318660397361E-12, 3.000000000000000000 ) ) ;
#2506 = FACE_BOUND ( 'NONE', #2484, .T. ) ;
#2507 = ORIENTED_EDGE ( 'NONE', *, *, #431, .T. ) ;
#2508 = LINE ( 'NONE', #282, #3853 ) ;
#2509 = VERTEX_POINT ( 'NONE', #2784 ) ;
#2510 = CARTESIAN_POINT ( 'NONE',  ( 8.999999999999985789, -41.47500000000000142, -5.499999999999988454 ) ) ;
#2511 = DIRECTION ( 'NONE',  ( 2.891205793294678819E-16, 0.000000000000000000, -1.000000000000000000 ) ) ;
#2512 = DIRECTION ( 'NONE',  ( 1.239088197126291063E-16, -1.000000000000000000, 3.582458973934590448E-32 ) ) ;
#2513 = ORIENTED_EDGE ( 'NONE', *, *, #3103, .T. ) ;
#2514 = DIRECTION ( 'NONE',  ( -1.239088197126290817E-16, 1.000000000000000000, -3.582458973934590448E-32 ) ) ;
#2515 = CYLINDRICAL_SURFACE ( 'NONE', #367, 2.399999999999999467 ) ;
#2516 = EDGE_CURVE ( 'NONE', #1664, #2023, #331, .T. ) ;
#2517 = ORIENTED_EDGE ( 'NONE', *, *, #3835, .F. ) ;
#2518 = EDGE_CURVE ( 'NONE', #961, #3430, #50, .T. ) ;
#2519 = ORIENTED_EDGE ( 'NONE', *, *, #1457, .F. ) ;
#2520 = LINE ( 'NONE', #704, #3720 ) ;
#2521 = DIRECTION ( 'NONE',  ( -0.000000000000000000, -0.000000000000000000, -1.000000000000000000 ) ) ;
#2522 = EDGE_CURVE ( 'NONE', #2023, #3290, #364, .T. ) ;
#2523 = CARTESIAN_POINT ( 'NONE',  ( 8.200000000000001066, -44.47500000000000853, -24.54999999999999716 ) ) ;
#2524 = CARTESIAN_POINT ( 'NONE',  ( -13.00499999999999545, -22.47500000000000853, -91.04999999999999716 ) ) ;
#2525 = ORIENTED_EDGE ( 'NONE', *, *, #1205, .F. ) ;
#2526 = CARTESIAN_POINT ( 'NONE',  ( -25.00000000000006040, -34.47499999999996589, -87.04999999999996874 ) ) ;
#2527 = ORIENTED_EDGE ( 'NONE', *, *, #3998, .T. ) ;
#2528 = VECTOR ( 'NONE', #804, 1000.000000000000000 ) ;
#2529 = AXIS2_PLACEMENT_3D ( 'NONE', #3939, #2062, #3027 ) ;
#2530 = DIRECTION ( 'NONE',  ( -1.239088197126290817E-16, 1.000000000000000000, -3.582458973934590448E-32 ) ) ;
#2531 = DIRECTION ( 'NONE',  ( -0.000000000000000000, -0.000000000000000000, -1.000000000000000000 ) ) ;
#2532 = VECTOR ( 'NONE', #1267, 1000.000000000000000 ) ;
#2533 = DIRECTION ( 'NONE',  ( 2.514848076759614580E-16, 0.7071067811865512365, -0.7071067811865439090 ) ) ;
#2534 = CIRCLE ( 'NONE', #1340, 3.249999999999999556 ) ;
#2535 = ORIENTED_EDGE ( 'NONE', *, *, #1688, .T. ) ;
#2536 = AXIS2_PLACEMENT_3D ( 'NONE', #102, #654, #2859 ) ;
#2537 = CARTESIAN_POINT ( 'NONE',  ( 11.20000000000000639, -44.47500000000000853, -81.04999999999999716 ) ) ;
#2538 = EDGE_LOOP ( 'NONE', ( #440, #2424 ) ) ;
#2539 = AXIS2_PLACEMENT_3D ( 'NONE', #2392, #3324, #2765 ) ;
#2540 =( BOUNDED_CURVE ( )  B_SPLINE_CURVE ( 3, ( #1732, #3002, #2333, #3598 ),
 .UNSPECIFIED., .F., .T. ) 
 B_SPLINE_CURVE_WITH_KNOTS ( ( 4, 4 ),
 ( 3.851859888774467765E-31, 1.230959417340774964 ),
 .UNSPECIFIED. ) 
 CURVE ( )  GEOMETRIC_REPRESENTATION_ITEM ( )  RATIONAL_B_SPLINE_CURVE ( ( 1.000000000000000000, 0.8776643872851505046, 0.8776643872851505046, 1.000000000000000000 ) ) 
 REPRESENTATION_ITEM ( '' )  );
#2541 = AXIS2_PLACEMENT_3D ( 'NONE', #3465, #2780, #309 ) ;
#2542 = ORIENTED_EDGE ( 'NONE', *, *, #577, .T. ) ;
#2543 = CARTESIAN_POINT ( 'NONE',  ( -10.00000000000023093, 1.017415318660397361E-12, 3.000000000000000000 ) ) ;
#2544 = DIRECTION ( 'NONE',  ( 1.000000000000000000, 0.000000000000000000, 0.000000000000000000 ) ) ;
#2545 = VECTOR ( 'NONE', #3434, 1000.000000000000000 ) ;
#2546 = EDGE_CURVE ( 'NONE', #1578, #4011, #2670, .T. ) ;
#2547 = AXIS2_PLACEMENT_3D ( 'NONE', #3837, #2284, #1002 ) ;
#2548 = VERTEX_POINT ( 'NONE', #617 ) ;
#2549 = VERTEX_POINT ( 'NONE', #2844 ) ;
#2550 = DIRECTION ( 'NONE',  ( -0.000000000000000000, -0.000000000000000000, 1.000000000000000000 ) ) ;
#2551 = EDGE_LOOP ( 'NONE', ( #2994, #2564 ) ) ;
#2552 = ADVANCED_FACE ( 'NONE', ( #3821 ), #1832, .T. ) ;
#2553 = AXIS2_PLACEMENT_3D ( 'NONE', #3164, #3767, #338 ) ;
#2554 = LINE ( 'NONE', #388, #2072 ) ;
#2555 = CYLINDRICAL_SURFACE ( 'NONE', #2482, 3.500000000000002220 ) ;
#2556 = PLANE ( 'NONE',  #168 ) ;
#2557 = ORIENTED_EDGE ( 'NONE', *, *, #2579, .T. ) ;
#2558 = LINE ( 'NONE', #1640, #1533 ) ;
#2559 = DIRECTION ( 'NONE',  ( -1.239088197126290817E-16, 1.000000000000000000, -3.582458973934590448E-32 ) ) ;
#2560 = ORIENTED_EDGE ( 'NONE', *, *, #3258, .T. ) ;
#2561 = ORIENTED_EDGE ( 'NONE', *, *, #3068, .T. ) ;
#2562 = FACE_OUTER_BOUND ( 'NONE', #1438, .T. ) ;
#2563 = EDGE_LOOP ( 'NONE', ( #2130, #863, #1714, #3857 ) ) ;
#2564 = ORIENTED_EDGE ( 'NONE', *, *, #1328, .F. ) ;
#2565 = EDGE_CURVE ( 'NONE', #2182, #2727, #292, .T. ) ;
#2566 = CARTESIAN_POINT ( 'NONE',  ( -12.09999999999999609, -43.97500000000000853, -24.55000000000000071 ) ) ;
#2567 = VERTEX_POINT ( 'NONE', #3777 ) ;
#2568 = DIRECTION ( 'NONE',  ( 1.000000000000000000, 0.000000000000000000, 0.000000000000000000 ) ) ;
#2569 = CARTESIAN_POINT ( 'NONE',  ( 8.499999999999985789, -41.47500000000000142, -4.999999999999988454 ) ) ;
#2570 = ADVANCED_FACE ( 'NONE', ( #3801 ), #2206, .F. ) ;
#2571 = DIRECTION ( 'NONE',  ( -1.239088197126290817E-16, 1.000000000000000000, 0.000000000000000000 ) ) ;
#2572 = CARTESIAN_POINT ( 'NONE',  ( 23.45000000000000284, -27.47500000000000497, -87.04999999999996874 ) ) ;
#2573 = CYLINDRICAL_SURFACE ( 'NONE', #2547, 2.399999999999999467 ) ;
#2574 = DIRECTION ( 'NONE',  ( 1.000000000000000000, 0.000000000000000000, 0.000000000000000000 ) ) ;
#2575 = ADVANCED_FACE ( 'NONE', ( #25 ), #2515, .F. ) ;
#2576 = VERTEX_POINT ( 'NONE', #4080 ) ;
#2577 = DIRECTION ( 'NONE',  ( -0.000000000000000000, -0.000000000000000000, 1.000000000000000000 ) ) ;
#2578 = VERTEX_POINT ( 'NONE', #1238 ) ;
#2579 = EDGE_CURVE ( 'NONE', #158, #2113, #3406, .T. ) ;
#2580 = DIRECTION ( 'NONE',  ( 1.239088197126290817E-16, -1.000000000000000000, 0.000000000000000000 ) ) ;
#2581 = DIRECTION ( 'NONE',  ( -1.239088197126290817E-16, 1.000000000000000000, -3.582458973934590448E-32 ) ) ;
#2582 = VERTEX_POINT ( 'NONE', #972 ) ;
#2583 = VERTEX_POINT ( 'NONE', #3444 ) ;
#2584 = CARTESIAN_POINT ( 'NONE',  ( -13.19999999999999574, -44.47500000000000853, -24.55000000000000071 ) ) ;
#2585 = ORIENTED_EDGE ( 'NONE', *, *, #459, .F. ) ;
#2586 = CIRCLE ( 'NONE', #2724, 3.249999999999999556 ) ;
#2587 = CYLINDRICAL_SURFACE ( 'NONE', #1215, 3.249999999999999556 ) ;
#2588 = DIRECTION ( 'NONE',  ( -2.891205793294678819E-16, 0.000000000000000000, 1.000000000000000000 ) ) ;
#2589 = DIRECTION ( 'NONE',  ( 1.000000000000000000, 0.000000000000000000, 0.000000000000000000 ) ) ;
#2590 = CIRCLE ( 'NONE', #352, 1.499999999999999556 ) ;
#2591 = EDGE_LOOP ( 'NONE', ( #3442, #2332, #628, #3448 ) ) ;
#2592 = CARTESIAN_POINT ( 'NONE',  ( -9.999999999999998224, -10.47500000000000142, 0.000000000000000000 ) ) ;
#2593 = EDGE_CURVE ( 'NONE', #2218, #4056, #3398, .T. ) ;
#2594 = FACE_OUTER_BOUND ( 'NONE', #3556, .T. ) ;
#2595 = CIRCLE ( 'NONE', #3453, 2.399999999999999467 ) ;
#2596 = AXIS2_PLACEMENT_3D ( 'NONE', #2970, #3902, #2589 ) ;
#2597 = CYLINDRICAL_SURFACE ( 'NONE', #177, 3.000000000000000000 ) ;
#2598 = ORIENTED_EDGE ( 'NONE', *, *, #377, .T. ) ;
#2599 = AXIS2_PLACEMENT_3D ( 'NONE', #426, #1675, #3169 ) ;
#2600 = ADVANCED_FACE ( 'NONE', ( #3139 ), #1560, .F. ) ;
#2601 = DIRECTION ( 'NONE',  ( -0.7071067811865513475, -8.761676666762185123E-17, 0.7071067811865435759 ) ) ;
#2602 = ORIENTED_EDGE ( 'NONE', *, *, #3018, .F. ) ;
#2603 = CIRCLE ( 'NONE', #2208, 2.399999999999999467 ) ;
#2604 = CARTESIAN_POINT ( 'NONE',  ( 12.90000000000000036, -66.47500000000000853, -3.999999999999992450 ) ) ;
#2605 = DIRECTION ( 'NONE',  ( 1.000000000000000000, 0.000000000000000000, 0.000000000000000000 ) ) ;
#2606 = EDGE_LOOP ( 'NONE', ( #3429, #3029 ) ) ;
#2607 = ORIENTED_EDGE ( 'NONE', *, *, #1363, .F. ) ;
#2608 = AXIS2_PLACEMENT_3D ( 'NONE', #3049, #2737, #2112 ) ;
#2609 = PLANE ( 'NONE',  #3648 ) ;
#2610 = CIRCLE ( 'NONE', #182, 3.500000000000002220 ) ;
#2611 = CARTESIAN_POINT ( 'NONE',  ( -9.000000000000001776, -53.97500000000000853, -4.499999999999992006 ) ) ;
#2612 = DIRECTION ( 'NONE',  ( -0.000000000000000000, 1.000000000000000000, -0.000000000000000000 ) ) ;
#2613 = FACE_OUTER_BOUND ( 'NONE', #714, .T. ) ;
#2614 = DIRECTION ( 'NONE',  ( 1.239088197126290817E-16, -1.000000000000000000, 3.582458973934590448E-32 ) ) ;
#2615 = VECTOR ( 'NONE', #3669, 1000.000000000000000 ) ;
#2616 = ORIENTED_EDGE ( 'NONE', *, *, #2347, .F. ) ;
#2617 =( NAMED_UNIT ( * ) PLANE_ANGLE_UNIT ( ) SI_UNIT ( $, .RADIAN. ) );
#2618 = DIRECTION ( 'NONE',  ( -1.000000000000000000, 0.000000000000000000, -4.795620454587665689E-16 ) ) ;
#2619 = FACE_OUTER_BOUND ( 'NONE', #2591, .T. ) ;
#2620 = DIRECTION ( 'NONE',  ( 1.000000000000000000, 0.000000000000000000, 0.000000000000000000 ) ) ;
#2621 = ORIENTED_EDGE ( 'NONE', *, *, #1059, .F. ) ;
#2622 = ADVANCED_FACE ( 'NONE', ( #271 ), #4055, .T. ) ;
#2623 = FACE_OUTER_BOUND ( 'NONE', #262, .T. ) ;
#2624 = LINE ( 'NONE', #3891, #2088 ) ;
#2625 = ORIENTED_EDGE ( 'NONE', *, *, #2897, .F. ) ;
#2626 = DIRECTION ( 'NONE',  ( 1.000000000000000000, 0.000000000000000000, 0.000000000000000000 ) ) ;
#2627 = ADVANCED_FACE ( 'NONE', ( #2304 ), #3504, .F. ) ;
#2628 = CARTESIAN_POINT ( 'NONE',  ( 15.00000000000000178, -68.47500000000000853, -11.99999999999999112 ) ) ;
#2629 = ORIENTED_EDGE ( 'NONE', *, *, #3055, .F. ) ;
#2630 = ORIENTED_EDGE ( 'NONE', *, *, #3912, .T. ) ;
#2631 = CARTESIAN_POINT ( 'NONE',  ( -9.999999999999996447, -37.47500000000000142, 5.000000000000000000 ) ) ;
#2632 = CARTESIAN_POINT ( 'NONE',  ( -14.00000000000000178, -66.47500000000000853, -6.999999999999992006 ) ) ;
#2633 = CARTESIAN_POINT ( 'NONE',  ( 10.50000000000000000, -66.47500000000000853, -3.999999999999992450 ) ) ;
#2634 = ADVANCED_FACE ( 'NONE', ( #1685 ), #410, .T. ) ;
#2635 = LINE ( 'NONE', #3231, #3788 ) ;
#2636 = ORIENTED_EDGE ( 'NONE', *, *, #3314, .F. ) ;
#2637 = CARTESIAN_POINT ( 'NONE',  ( 8.999999999999984013, -37.47500000000000853, -4.999999999999988454 ) ) ;
#2638 = LINE ( 'NONE', #110, #1736 ) ;
#2639 = CARTESIAN_POINT ( 'NONE',  ( -7.299999999999990941, -43.97500000000000853, -81.04999999999999716 ) ) ;
#2640 = ORIENTED_EDGE ( 'NONE', *, *, #2593, .T. ) ;
#2641 = EDGE_CURVE ( 'NONE', #1885, #3098, #3941, .T. ) ;
#2642 = FACE_OUTER_BOUND ( 'NONE', #3839, .T. ) ;
#2643 = DIRECTION ( 'NONE',  ( 0.000000000000000000, 0.000000000000000000, 1.000000000000000000 ) ) ;
#2644 = ORIENTED_EDGE ( 'NONE', *, *, #2835, .T. ) ;
#2645 = CYLINDRICAL_SURFACE ( 'NONE', #1144, 3.000000000000000000 ) ;
#2646 = CARTESIAN_POINT ( 'NONE',  ( -10.50000000000000000, -66.47500000000000853, -4.499999999999992006 ) ) ;
#2647 = ADVANCED_FACE ( 'NONE', ( #1003 ), #2285, .T. ) ;
#2648 = ORIENTED_EDGE ( 'NONE', *, *, #3761, .F. ) ;
#2649 = VERTEX_POINT ( 'NONE', #2262 ) ;
#2650 = CYLINDRICAL_SURFACE ( 'NONE', #613, 2.399999999999999467 ) ;
#2651 = EDGE_CURVE ( 'NONE', #1343, #1218, #2954, .T. ) ;
#2652 = FACE_OUTER_BOUND ( 'NONE', #54, .T. ) ;
#2653 = DIRECTION ( 'NONE',  ( 1.000000000000000000, 0.000000000000000000, 0.000000000000000000 ) ) ;
#2654 = CARTESIAN_POINT ( 'NONE',  ( -20.19999999999999574, -27.47500000000000497, -87.04999999999996874 ) ) ;
#2655 = LINE ( 'NONE', #1925, #3124 ) ;
#2656 = ORIENTED_EDGE ( 'NONE', *, *, #1000, .T. ) ;
#2657 = PLANE ( 'NONE',  #4058 ) ;
#2658 = DIRECTION ( 'NONE',  ( -1.239088197126290817E-16, 1.000000000000000000, -3.582458973934590448E-32 ) ) ;
#2659 = DIRECTION ( 'NONE',  ( 0.000000000000000000, 0.7071067811865442421, 0.7071067811865509034 ) ) ;
#2660 = ORIENTED_EDGE ( 'NONE', *, *, #3764, .F. ) ;
#2661 = AXIS2_PLACEMENT_3D ( 'NONE', #2896, #1038, #1901 ) ;
#2662 =( GEOMETRIC_REPRESENTATION_CONTEXT ( 3 ) GLOBAL_UNCERTAINTY_ASSIGNED_CONTEXT ( ( #1406 ) ) GLOBAL_UNIT_ASSIGNED_CONTEXT ( ( #841, #2101, #7 ) ) REPRESENTATION_CONTEXT ( 'NONE', 'WORKASPACE' ) );
#2663 = VECTOR ( 'NONE', #2805, 1000.000000000000000 ) ;
#2664 = LINE ( 'NONE', #701, #1478 ) ;
#2665 = CARTESIAN_POINT ( 'NONE',  ( 20.20000000000000284, -27.47500000000000497, -91.04999999999999716 ) ) ;
#2666 = ORIENTED_EDGE ( 'NONE', *, *, #2320, .F. ) ;
#2667 = DIRECTION ( 'NONE',  ( -1.239088197126290817E-16, 1.000000000000000000, -3.582458973934590448E-32 ) ) ;
#2668 = AXIS2_PLACEMENT_3D ( 'NONE', #3733, #2252, #2222 ) ;
#2669 = DIRECTION ( 'NONE',  ( 1.000000000000000000, 0.000000000000000000, 0.000000000000000000 ) ) ;
#2670 = CIRCLE ( 'NONE', #1413, 1.749999999999999778 ) ;
#2671 = EDGE_LOOP ( 'NONE', ( #316, #2458, #446, #402, #1235, #3663, #652, #3909 ) ) ;
#2672 = ORIENTED_EDGE ( 'NONE', *, *, #484, .F. ) ;
#2673 = CARTESIAN_POINT ( 'NONE',  ( -9.999999999999994671, -37.47500000000000853, 0.000000000000000000 ) ) ;
#2674 = EDGE_CURVE ( 'NONE', #2567, #1731, #1704, .T. ) ;
#2675 = CIRCLE ( 'NONE', #1876, 1.499999999999999556 ) ;
#2676 = PLANE ( 'NONE',  #2735 ) ;
#2677 = CARTESIAN_POINT ( 'NONE',  ( 14.99999999999999822, -41.47500000000000142, -77.05000000000002558 ) ) ;
#2678 = FACE_OUTER_BOUND ( 'NONE', #580, .T. ) ;
#2679 = CARTESIAN_POINT ( 'NONE',  ( -9.699999999999997513, -44.47500000000000853, -24.55000000000000071 ) ) ;
#2680 = EDGE_CURVE ( 'NONE', #2753, #2649, #3196, .T. ) ;
#2681 = VERTEX_POINT ( 'NONE', #2931 ) ;
#2682 = AXIS2_PLACEMENT_3D ( 'NONE', #3370, #1700, #2774 ) ;
#2683 = FACE_OUTER_BOUND ( 'NONE', #2431, .T. ) ;
#2684 = ORIENTED_EDGE ( 'NONE', *, *, #909, .F. ) ;
#2685 = CIRCLE ( 'NONE', #1100, 1.499999999999999556 ) ;
#2686 = EDGE_CURVE ( 'NONE', #59, #927, #3265, .T. ) ;
#2687 = AXIS2_PLACEMENT_3D ( 'NONE', #1990, #2888, #2013 ) ;
#2688 = DIRECTION ( 'NONE',  ( 1.239088197126290817E-16, -1.000000000000000000, 3.582458973934590448E-32 ) ) ;
#2689 = CARTESIAN_POINT ( 'NONE',  ( -9.699999999999990408, -44.47500000000000853, -81.04999999999999716 ) ) ;
#2690 = VERTEX_POINT ( 'NONE', #3932 ) ;
#2691 = FACE_OUTER_BOUND ( 'NONE', #2856, .T. ) ;
#2692 = MECHANICAL_DESIGN_GEOMETRIC_PRESENTATION_REPRESENTATION (  '', ( #2283 ), #910 ) ;
#2693 = DIRECTION ( 'NONE',  ( -0.000000000000000000, -0.000000000000000000, 1.000000000000000000 ) ) ;
#2694 = ORIENTED_EDGE ( 'NONE', *, *, #2228, .F. ) ;
#2695 = ORIENTED_EDGE ( 'NONE', *, *, #2496, .T. ) ;
#2696 = FACE_BOUND ( 'NONE', #2324, .T. ) ;
#2697 = ADVANCED_FACE ( 'NONE', ( #1975 ), #2597, .F. ) ;
#2698 = DIRECTION ( 'NONE',  ( 0.000000000000000000, -1.000000000000000000, 0.000000000000000000 ) ) ;
#2699 = CARTESIAN_POINT ( 'NONE',  ( 0.000000000000000000, -34.47499999999996589, -87.04999999999996874 ) ) ;
#2700 = DIRECTION ( 'NONE',  ( -1.239088197126290817E-16, 1.000000000000000000, -3.582458973934590448E-32 ) ) ;
#2701 = LINE ( 'NONE', #1109, #2862 ) ;
#2702 = VERTEX_POINT ( 'NONE', #111 ) ;
#2703 = EDGE_CURVE ( 'NONE', #3290, #2023, #304, .T. ) ;
#2704 = CARTESIAN_POINT ( 'NONE',  ( 11.20000000000000639, -43.97500000000000853, -81.04999999999999716 ) ) ;
#2705 = CARTESIAN_POINT ( 'NONE',  ( 27.39500000000000313, -22.47500000000000853, -91.04999999999998295 ) ) ;
#2706 = DIRECTION ( 'NONE',  ( -1.239088197126290817E-16, 1.000000000000000000, -3.582458973934590448E-32 ) ) ;
#2707 = EDGE_CURVE ( 'NONE', #2499, #2151, #1373, .T. ) ;
#2708 = DIRECTION ( 'NONE',  ( 1.000000000000000000, 0.000000000000000000, 0.000000000000000000 ) ) ;
#2709 = DIRECTION ( 'NONE',  ( 0.000000000000000000, 0.000000000000000000, 1.000000000000000000 ) ) ;
#2710 = ORIENTED_EDGE ( 'NONE', *, *, #2315, .T. ) ;
#2711 = LINE ( 'NONE', #3940, #4053 ) ;
#2712 = PRODUCT_DEFINITION ( 'UNKNOWN', '', #317, #3409 ) ;
#2713 = ORIENTED_EDGE ( 'NONE', *, *, #2797, .F. ) ;
#2714 = EDGE_LOOP ( 'NONE', ( #2425, #2235, #214, #42 ) ) ;
#2715 = CARTESIAN_POINT ( 'NONE',  ( 14.99999999999999289, 61.24380519941477985, -91.04999999999999716 ) ) ;
#2716 = CARTESIAN_POINT ( 'NONE',  ( -13.00499999999999545, -37.47500000000000853, -87.04999999999996874 ) ) ;
#2717 = CARTESIAN_POINT ( 'NONE',  ( 10.50000000000000000, -53.97500000000000853, -6.999999999999992006 ) ) ;
#2718 = DIRECTION ( 'NONE',  ( -1.000000000000000000, 0.000000000000000000, -0.000000000000000000 ) ) ;
#2719 = FACE_OUTER_BOUND ( 'NONE', #1453, .T. ) ;
#2720 = ORIENTED_EDGE ( 'NONE', *, *, #2962, .T. ) ;
#2721 = CARTESIAN_POINT ( 'NONE',  ( 14.99999999999996980, -68.47500000000000853, -9.999999999999991118 ) ) ;
#2722 = CARTESIAN_POINT ( 'NONE',  ( 15.00000000000000355, 7.475000000000000533, 3.000000000000000000 ) ) ;
#2723 = EDGE_CURVE ( 'NONE', #1638, #1404, #2675, .T. ) ;
#2724 = AXIS2_PLACEMENT_3D ( 'NONE', #1612, #80, #3850 ) ;
#2725 = LINE ( 'NONE', #3717, #1219 ) ;
#2726 = DIRECTION ( 'NONE',  ( 0.000000000000000000, 0.000000000000000000, 1.000000000000000000 ) ) ;
#2727 = VERTEX_POINT ( 'NONE', #3887 ) ;
#2728 = EDGE_CURVE ( 'NONE', #3140, #2113, #2891, .T. ) ;
#2729 = AXIS2_PLACEMENT_3D ( 'NONE', #1963, #2246, #2605 ) ;
#2730 = CIRCLE ( 'NONE', #949, 1.749999999999999778 ) ;
#2731 = VECTOR ( 'NONE', #472, 1000.000000000000000 ) ;
#2732 = VERTEX_POINT ( 'NONE', #1992 ) ;
#2733 = VERTEX_POINT ( 'NONE', #71 ) ;
#2734 = FACE_OUTER_BOUND ( 'NONE', #3045, .T. ) ;
#2735 = AXIS2_PLACEMENT_3D ( 'NONE', #3311, #1224, #2444 ) ;
#2736 = DIRECTION ( 'NONE',  ( 0.000000000000000000, 0.000000000000000000, 1.000000000000000000 ) ) ;
#2737 = DIRECTION ( 'NONE',  ( 0.000000000000000000, 1.000000000000000000, 0.000000000000000000 ) ) ;
#2738 = AXIS2_PLACEMENT_3D ( 'NONE', #3284, #1375, #2893 ) ;
#2739 = DIRECTION ( 'NONE',  ( -0.000000000000000000, -0.000000000000000000, -1.000000000000000000 ) ) ;
#2740 = ORIENTED_EDGE ( 'NONE', *, *, #1964, .T. ) ;
#2741 = VECTOR ( 'NONE', #1420, 1000.000000000000000 ) ;
#2742 = CARTESIAN_POINT ( 'NONE',  ( -16.94999999999999574, -27.47500000000000497, -88.04999999999998295 ) ) ;
#2743 = DIRECTION ( 'NONE',  ( -0.000000000000000000, -0.000000000000000000, 1.000000000000000000 ) ) ;
#2744 = AXIS2_PLACEMENT_3D ( 'NONE', #2158, #1203, #2836 ) ;
#2745 = CIRCLE ( 'NONE', #1753, 3.500000000000003109 ) ;
#2746 = DIRECTION ( 'NONE',  ( -1.000000000000000000, 0.000000000000000000, 0.000000000000000000 ) ) ;
#2747 = EDGE_CURVE ( 'NONE', #1634, #2501, #3257, .T. ) ;
#2748 = EDGE_LOOP ( 'NONE', ( #3848, #992, #2782, #1250 ) ) ;
#2749 = CIRCLE ( 'NONE', #3806, 3.249999999999999556 ) ;
#2750 = EDGE_CURVE ( 'NONE', #2221, #645, #48, .T. ) ;
#2751 = ORIENTED_EDGE ( 'NONE', *, *, #133, .T. ) ;
#2752 = ORIENTED_EDGE ( 'NONE', *, *, #555, .T. ) ;
#2753 = VERTEX_POINT ( 'NONE', #149 ) ;
#2754 = DIRECTION ( 'NONE',  ( -1.156482317317871478E-16, 1.000000000000000000, -0.000000000000000000 ) ) ;
#2755 = DIRECTION ( 'NONE',  ( 0.000000000000000000, 0.000000000000000000, 1.000000000000000000 ) ) ;
#2756 = CARTESIAN_POINT ( 'NONE',  ( 7.000000000000001776, -10.47499999999999787, 5.000000000000000000 ) ) ;
#2757 = CARTESIAN_POINT ( 'NONE',  ( 20.20000000000000284, -27.47500000000000497, -88.04999999999996874 ) ) ;
#2758 = EDGE_LOOP ( 'NONE', ( #361, #329 ) ) ;
#2759 = LINE ( 'NONE', #3629, #886 ) ;
#2760 = ORIENTED_EDGE ( 'NONE', *, *, #3662, .F. ) ;
#2761 = CARTESIAN_POINT ( 'NONE',  ( -10.50000000000000000, -66.47500000000000853, -3.999999999999992450 ) ) ;
#2762 = DIRECTION ( 'NONE',  ( 0.000000000000000000, 0.000000000000000000, 1.000000000000000000 ) ) ;
#2763 = CARTESIAN_POINT ( 'NONE',  ( 10.50000000000000000, -53.97500000000000853, -3.999999999999992450 ) ) ;
#2764 = ORIENTED_EDGE ( 'NONE', *, *, #4072, .T. ) ;
#2765 = DIRECTION ( 'NONE',  ( 1.000000000000000000, 0.000000000000000000, 0.000000000000000000 ) ) ;
#2766 = ORIENTED_EDGE ( 'NONE', *, *, #484, .T. ) ;
#2767 = EDGE_CURVE ( 'NONE', #1849, #1511, #1392, .T. ) ;
#2768 = ORIENTED_EDGE ( 'NONE', *, *, #1507, .F. ) ;
#2769 = ORIENTED_EDGE ( 'NONE', *, *, #3706, .T. ) ;
#2770 = CARTESIAN_POINT ( 'NONE',  ( 9.700000000000001066, -41.47500000000000142, -24.54999999999999716 ) ) ;
#2771 = EDGE_CURVE ( 'NONE', #940, #526, #1750, .T. ) ;
#2772 = CARTESIAN_POINT ( 'NONE',  ( 6.749999999999765521, 1.081600087271539223E-12, 5.000000000000000000 ) ) ;
#2773 = CYLINDRICAL_SURFACE ( 'NONE', #3742, 3.000000000000000888 ) ;
#2774 = DIRECTION ( 'NONE',  ( 1.000000000000000000, 0.000000000000000000, 0.000000000000000000 ) ) ;
#2775 = EDGE_LOOP ( 'NONE', ( #340, #1371, #2170, #1562 ) ) ;
#2776 = DIRECTION ( 'NONE',  ( -1.000000000000000000, 0.000000000000000000, 0.000000000000000000 ) ) ;
#2777 = EDGE_LOOP ( 'NONE', ( #2276, #1314, #534, #233 ) ) ;
#2778 = EDGE_CURVE ( 'NONE', #256, #216, #2413, .T. ) ;
#2779 = DIRECTION ( 'NONE',  ( 1.000000000000000000, 0.000000000000000000, 0.000000000000000000 ) ) ;
#2780 = DIRECTION ( 'NONE',  ( -2.891205793294678819E-16, 0.000000000000000000, 1.000000000000000000 ) ) ;
#2781 = DIRECTION ( 'NONE',  ( -1.000000000000000000, 0.000000000000000000, 0.000000000000000000 ) ) ;
#2782 = ORIENTED_EDGE ( 'NONE', *, *, #2094, .F. ) ;
#2783 = DIRECTION ( 'NONE',  ( 0.000000000000000000, 0.000000000000000000, 1.000000000000000000 ) ) ;
#2784 = CARTESIAN_POINT ( 'NONE',  ( -9.999999999999994671, -37.47500000000000853, -2.000000000000029310 ) ) ;
#2785 = ORIENTED_EDGE ( 'NONE', *, *, #918, .T. ) ;
#2786 = AXIS2_PLACEMENT_3D ( 'NONE', #3770, #341, #3459 ) ;
#2787 = EDGE_LOOP ( 'NONE', ( #349, #2286, #3348, #384 ) ) ;
#2788 = ORIENTED_EDGE ( 'NONE', *, *, #1442, .F. ) ;
#2789 = AXIS2_PLACEMENT_3D ( 'NONE', #3554, #722, #1981 ) ;
#2790 = DIRECTION ( 'NONE',  ( 1.000000000000000000, 0.000000000000000000, 0.000000000000000000 ) ) ;
#2791 = AXIS2_PLACEMENT_3D ( 'NONE', #1398, #2667, #3620 ) ;
#2792 = CIRCLE ( 'NONE', #1803, 1.749999999999999778 ) ;
#2793 = VECTOR ( 'NONE', #2160, 1000.000000000000000 ) ;
#2794 = DIRECTION ( 'NONE',  ( 0.000000000000000000, 0.000000000000000000, 1.000000000000000000 ) ) ;
#2795 = CARTESIAN_POINT ( 'NONE',  ( 15.00000000000000178, -71.47500000000000853, -6.999999999999992006 ) ) ;
#2796 = ORIENTED_EDGE ( 'NONE', *, *, #1184, .F. ) ;
#2797 = EDGE_CURVE ( 'NONE', #2690, #2582, #629, .T. ) ;
#2798 = CARTESIAN_POINT ( 'NONE',  ( -14.99999999999999467, -48.47500000000004405, -11.99999999999999467 ) ) ;
#2799 = AXIS2_PLACEMENT_3D ( 'NONE', #1764, #2095, #1450 ) ;
#2800 = ORIENTED_EDGE ( 'NONE', *, *, #1457, .T. ) ;
#2801 = LINE ( 'NONE', #1192, #952 ) ;
#2802 = AXIS2_PLACEMENT_3D ( 'NONE', #73, #3261, #2912 ) ;
#2803 = DIRECTION ( 'NONE',  ( 1.239088197126291063E-16, -1.000000000000000000, 3.582458973934590448E-32 ) ) ;
#2804 = EDGE_CURVE ( 'NONE', #2118, #2120, #505, .T. ) ;
#2805 = DIRECTION ( 'NONE',  ( -0.000000000000000000, -0.000000000000000000, 1.000000000000000000 ) ) ;
#2806 = EDGE_LOOP ( 'NONE', ( #3496, #3394 ) ) ;
#2807 = VECTOR ( 'NONE', #2910, 1000.000000000000000 ) ;
#2808 = DIRECTION ( 'NONE',  ( 0.000000000000000000, -0.7071067811865507924, 0.7071067811865441310 ) ) ;
#2809 = DIRECTION ( 'NONE',  ( 1.000000000000000000, 0.000000000000000000, 0.000000000000000000 ) ) ;
#2810 = ORIENTED_EDGE ( 'NONE', *, *, #277, .F. ) ;
#2811 = CIRCLE ( 'NONE', #1680, 0.5000000000000004441 ) ;
#2812 = VECTOR ( 'NONE', #1176, 1000.000000000000000 ) ;
#2813 = ORIENTED_EDGE ( 'NONE', *, *, #1886, .T. ) ;
#2814 = ORIENTED_EDGE ( 'NONE', *, *, #2213, .T. ) ;
#2815 = AXIS2_PLACEMENT_3D ( 'NONE', #2717, #2407, #1799 ) ;
#2816 = DIRECTION ( 'NONE',  ( -1.156482317317871478E-16, 1.000000000000000000, -0.000000000000000000 ) ) ;
#2817 = CARTESIAN_POINT ( 'NONE',  ( -9.699999999999997513, -44.47500000000000853, -24.55000000000000071 ) ) ;
#2818 = DIRECTION ( 'NONE',  ( -2.891205793294678819E-16, -3.343628375672285075E-32, 1.000000000000000000 ) ) ;
#2819 = PLANE ( 'NONE',  #2483 ) ;
#2820 = ORIENTED_EDGE ( 'NONE', *, *, #2320, .T. ) ;
#2821 = CARTESIAN_POINT ( 'NONE',  ( -14.99999999999999645, 7.474999999999996980, 0.000000000000000000 ) ) ;
#2822 = EDGE_LOOP ( 'NONE', ( #3736, #1204, #2983, #3037 ) ) ;
#2823 = EDGE_CURVE ( 'NONE', #3166, #988, #3021, .T. ) ;
#2824 = LINE ( 'NONE', #2510, #2857 ) ;
#2825 = PLANE ( 'NONE',  #826 ) ;
#2826 = CARTESIAN_POINT ( 'NONE',  ( -7.299999999999997158, -43.97500000000000853, -24.55000000000000071 ) ) ;
#2827 = ORIENTED_EDGE ( 'NONE', *, *, #355, .T. ) ;
#2828 = ADVANCED_FACE ( 'NONE', ( #2683 ), #1113, .F. ) ;
#2829 = DIRECTION ( 'NONE',  ( -1.239088197126290817E-16, 1.000000000000000000, -3.582458973934590448E-32 ) ) ;
#2830 = EDGE_LOOP ( 'NONE', ( #2881, #3813 ) ) ;
#2831 = ADVANCED_FACE ( 'NONE', ( #1175 ), #2993, .F. ) ;
#2832 = VERTEX_POINT ( 'NONE', #500 ) ;
#2833 = ORIENTED_EDGE ( 'NONE', *, *, #1059, .T. ) ;
#2834 = FACE_OUTER_BOUND ( 'NONE', #3232, .T. ) ;
#2835 = EDGE_CURVE ( 'NONE', #2549, #1664, #1417, .T. ) ;
#2836 = DIRECTION ( 'NONE',  ( 1.000000000000000000, 0.000000000000000000, 0.000000000000000000 ) ) ;
#2837 = ORIENTED_EDGE ( 'NONE', *, *, #1155, .T. ) ;
#2838 = DIRECTION ( 'NONE',  ( 1.000000000000000000, 0.000000000000000000, 0.000000000000000000 ) ) ;
#2839 = ORIENTED_EDGE ( 'NONE', *, *, #2340, .F. ) ;
#2840 = LINE ( 'NONE', #21, #2532 ) ;
#2841 = CARTESIAN_POINT ( 'NONE',  ( -14.99999999999999467, -37.47500000000000142, -91.05000000000001137 ) ) ;
#2842 = DIRECTION ( 'NONE',  ( 1.000000000000000000, 0.000000000000000000, 0.000000000000000000 ) ) ;
#2843 = ORIENTED_EDGE ( 'NONE', *, *, #3840, .F. ) ;
#2844 = CARTESIAN_POINT ( 'NONE',  ( 8.200000000000008171, -43.97500000000000853, -81.04999999999999716 ) ) ;
#2845 = EDGE_LOOP ( 'NONE', ( #3513, #3638, #2115, #3118 ) ) ;
#2846 = EDGE_CURVE ( 'NONE', #1871, #620, #796, .T. ) ;
#2847 = VERTEX_POINT ( 'NONE', #3077 ) ;
#2848 = LINE ( 'NONE', #2873, #4054 ) ;
#2849 = ADVANCED_FACE ( 'NONE', ( #248, #2389 ), #3634, .T. ) ;
#2850 = CARTESIAN_POINT ( 'NONE',  ( 8.999999999999985789, -41.47500000000000142, -4.999999999999988454 ) ) ;
#2851 = CIRCLE ( 'NONE', #350, 3.249999999999999556 ) ;
#2852 = AXIS2_PLACEMENT_3D ( 'NONE', #1339, #661, #2269 ) ;
#2853 = VERTEX_POINT ( 'NONE', #2056 ) ;
#2854 = ORIENTED_EDGE ( 'NONE', *, *, #273, .T. ) ;
#2855 = DIRECTION ( 'NONE',  ( -1.000000000000000000, 0.000000000000000000, 0.000000000000000000 ) ) ;
#2856 = EDGE_LOOP ( 'NONE', ( #3470, #1242, #339, #4016 ) ) ;
#2857 = VECTOR ( 'NONE', #3076, 1000.000000000000000 ) ;
#2858 = VECTOR ( 'NONE', #1980, 1000.000000000000000 ) ;
#2859 = DIRECTION ( 'NONE',  ( 1.000000000000000000, 0.000000000000000000, 0.000000000000000000 ) ) ;
#2860 = CARTESIAN_POINT ( 'NONE',  ( -9.699999999999997513, -44.47500000000000853, -24.55000000000000071 ) ) ;
#2861 = AXIS2_PLACEMENT_3D ( 'NONE', #4048, #610, #3399 ) ;
#2862 = VECTOR ( 'NONE', #3952, 1000.000000000000000 ) ;
#2863 = VERTEX_POINT ( 'NONE', #3674 ) ;
#2864 = AXIS2_PLACEMENT_3D ( 'NONE', #1906, #1986, #3814 ) ;
#2865 = DIRECTION ( 'NONE',  ( 0.000000000000000000, 0.000000000000000000, 1.000000000000000000 ) ) ;
#2866 = FACE_OUTER_BOUND ( 'NONE', #2563, .T. ) ;
#2867 = CARTESIAN_POINT ( 'NONE',  ( -6.999999999999997335, -10.47500000000000142, -9.629649721936179265E-32 ) ) ;
#2868 = ORIENTED_EDGE ( 'NONE', *, *, #849, .T. ) ;
#2869 = AXIS2_PLACEMENT_3D ( 'NONE', #11, #2480, #1895 ) ;
#2870 = EDGE_CURVE ( 'NONE', #3933, #181, #3359, .T. ) ;
#2871 = VECTOR ( 'NONE', #842, 1000.000000000000000 ) ;
#2872 = ORIENTED_EDGE ( 'NONE', *, *, #1105, .F. ) ;
#2873 = CARTESIAN_POINT ( 'NONE',  ( 10.00000000000000711, -37.47500000000000853, 3.000000000000002665 ) ) ;
#2874 = FACE_OUTER_BOUND ( 'NONE', #3096, .T. ) ;
#2875 = CIRCLE ( 'NONE', #766, 1.750000000000001554 ) ;
#2876 = ADVANCED_FACE ( 'NONE', ( #1724, #2102 ), #2416, .T. ) ;
#2877 = VECTOR ( 'NONE', #1131, 1000.000000000000000 ) ;
#2878 = EDGE_LOOP ( 'NONE', ( #2932, #650 ) ) ;
#2879 = ORIENTED_EDGE ( 'NONE', *, *, #702, .F. ) ;
#2880 = FACE_OUTER_BOUND ( 'NONE', #3567, .T. ) ;
#2881 = ORIENTED_EDGE ( 'NONE', *, *, #1231, .T. ) ;
#2882 = VECTOR ( 'NONE', #213, 1000.000000000000000 ) ;
#2883 = EDGE_CURVE ( 'NONE', #172, #106, #3692, .T. ) ;
#2884 = FACE_BOUND ( 'NONE', #3365, .T. ) ;
#2885 = CARTESIAN_POINT ( 'NONE',  ( 4.858258306232665858E-15, -41.47500000000000142, 2.677888083016106357E-31 ) ) ;
#2886 = FACE_BOUND ( 'NONE', #2106, .T. ) ;
#2887 = EDGE_LOOP ( 'NONE', ( #3383, #473, #1397, #1035, #2854, #2471, #1009, #3418 ) ) ;
#2888 = DIRECTION ( 'NONE',  ( 0.000000000000000000, 0.000000000000000000, 1.000000000000000000 ) ) ;
#2889 = EDGE_CURVE ( 'NONE', #1885, #1927, #2038, .T. ) ;
#2890 = CARTESIAN_POINT ( 'NONE',  ( 11.74999999999976552, 1.081814400461390004E-12, 3.000000000000000000 ) ) ;
#2891 = LINE ( 'NONE', #1047, #1020 ) ;
#2892 = ORIENTED_EDGE ( 'NONE', *, *, #3018, .T. ) ;
#2893 = DIRECTION ( 'NONE',  ( -1.000000000000000000, 0.000000000000000000, 0.000000000000000000 ) ) ;
#2894 = ORIENTED_EDGE ( 'NONE', *, *, #3374, .F. ) ;
#2895 = CYLINDRICAL_SURFACE ( 'NONE', #3785, 1.499999999999999556 ) ;
#2896 = CARTESIAN_POINT ( 'NONE',  ( 20.20000000000000284, -27.47500000000000497, -87.04999999999996874 ) ) ;
#2897 = EDGE_CURVE ( 'NONE', #1965, #3116, #4014, .T. ) ;
#2898 = ORIENTED_EDGE ( 'NONE', *, *, #726, .F. ) ;
#2899 = VERTEX_POINT ( 'NONE', #3651 ) ;
#2900 = CARTESIAN_POINT ( 'NONE',  ( 10.50000000000000000, -66.47500000000000853, -3.999999999999992450 ) ) ;
#2901 = EDGE_CURVE ( 'NONE', #916, #2576, #1543, .T. ) ;
#2902 = ORIENTED_EDGE ( 'NONE', *, *, #3912, .F. ) ;
#2903 = CARTESIAN_POINT ( 'NONE',  ( -10.50000000000000000, -53.97500000000000853, -3.999999999999992450 ) ) ;
#2904 = PLANE ( 'NONE',  #1945 ) ;
#2905 = DIRECTION ( 'NONE',  ( 1.156482317317871725E-16, -2.149475384360753831E-32, -1.000000000000000000 ) ) ;
#2906 = EDGE_CURVE ( 'NONE', #3026, #1561, #758, .T. ) ;
#2907 = SURFACE_STYLE_FILL_AREA ( #1025 ) ;
#2908 = CYLINDRICAL_SURFACE ( 'NONE', #294, 3.500000000000002220 ) ;
#2909 = CYLINDRICAL_SURFACE ( 'NONE', #3605, 3.500000000000003109 ) ;
#2910 = DIRECTION ( 'NONE',  ( -1.000000000000000000, -1.156482317317871478E-16, 0.000000000000000000 ) ) ;
#2911 = EDGE_LOOP ( 'NONE', ( #964, #3961, #4023, #3699 ) ) ;
#2912 = DIRECTION ( 'NONE',  ( 1.000000000000000000, 0.000000000000000000, 0.000000000000000000 ) ) ;
#2913 = EDGE_LOOP ( 'NONE', ( #3411, #2560, #1686, #3201, #1854, #1265 ) ) ;
#2914 = DIRECTION ( 'NONE',  ( 0.000000000000000000, 1.000000000000000000, -3.582458973934590448E-32 ) ) ;
#2915 = DIRECTION ( 'NONE',  ( 1.000000000000000000, 0.000000000000000000, 0.000000000000000000 ) ) ;
#2916 = ORIENTED_EDGE ( 'NONE', *, *, #1138, .F. ) ;
#2917 = ORIENTED_EDGE ( 'NONE', *, *, #1121, .T. ) ;
#2918 = DIRECTION ( 'NONE',  ( -1.239088197126290817E-16, 1.000000000000000000, -3.582458973934590448E-32 ) ) ;
#2919 = AXIS2_PLACEMENT_3D ( 'NONE', #1285, #3877, #994 ) ;
#2920 = ADVANCED_FACE ( 'NONE', ( #1829 ), #3484, .F. ) ;
#2921 = DIRECTION ( 'NONE',  ( -0.000000000000000000, -0.000000000000000000, -1.000000000000000000 ) ) ;
#2922 = CARTESIAN_POINT ( 'NONE',  ( 25.00000000000006040, -41.47500000000000142, -87.04999999999996874 ) ) ;
#2923 = DIRECTION ( 'NONE',  ( 1.000000000000000000, 1.156482317317871478E-16, -0.000000000000000000 ) ) ;
#2924 = VECTOR ( 'NONE', #33, 1000.000000000000000 ) ;
#2925 = VECTOR ( 'NONE', #3474, 1000.000000000000000 ) ;
#2926 = EDGE_CURVE ( 'NONE', #801, #3596, #906, .T. ) ;
#2927 = CARTESIAN_POINT ( 'NONE',  ( 14.99999999999996625, -41.47500000000000142, -11.99999999999999112 ) ) ;
#2928 = AXIS2_PLACEMENT_3D ( 'NONE', #1845, #3093, #2779 ) ;
#2929 = DIRECTION ( 'NONE',  ( -1.239088197126290817E-16, 1.000000000000000000, -3.582458973934590448E-32 ) ) ;
#2930 = AXIS2_PLACEMENT_3D ( 'NONE', #1437, #2411, #3609 ) ;
#2931 = CARTESIAN_POINT ( 'NONE',  ( 27.39500000000000313, -22.47500000000000853, -91.04999999999998295 ) ) ;
#2932 = ORIENTED_EDGE ( 'NONE', *, *, #756, .T. ) ;
#2933 = CIRCLE ( 'NONE', #3722, 1.499999999999999556 ) ;
#2934 = ADVANCED_FACE ( 'NONE', ( #3111, #1193 ), #2825, .T. ) ;
#2935 = LINE ( 'NONE', #397, #1153 ) ;
#2936 = PLANE ( 'NONE',  #122 ) ;
#2937 = ORIENTED_EDGE ( 'NONE', *, *, #2767, .T. ) ;
#2938 = VECTOR ( 'NONE', #2504, 1000.000000000000000 ) ;
#2939 = CARTESIAN_POINT ( 'NONE',  ( 8.499999999999985789, -41.47500000000000142, -3.499999999999987566 ) ) ;
#2940 = DIRECTION ( 'NONE',  ( -0.7071067811865436870, -8.761676666762090213E-17, -0.7071067811865513475 ) ) ;
#2941 = AXIS2_PLACEMENT_3D ( 'NONE', #3039, #3376, #226 ) ;
#2942 = ORIENTED_EDGE ( 'NONE', *, *, #834, .T. ) ;
#2943 = ORIENTED_EDGE ( 'NONE', *, *, #2516, .T. ) ;
#2944 = DIRECTION ( 'NONE',  ( 0.000000000000000000, -0.000000000000000000, -1.000000000000000000 ) ) ;
#2945 = AXIS2_PLACEMENT_3D ( 'NONE', #1027, #3820, #3503 ) ;
#2946 = FACE_OUTER_BOUND ( 'NONE', #1610, .T. ) ;
#2947 = FACE_OUTER_BOUND ( 'NONE', #3775, .T. ) ;
#2948 = DIRECTION ( 'NONE',  ( 0.000000000000000000, 1.000000000000000000, 0.000000000000000000 ) ) ;
#2949 = CARTESIAN_POINT ( 'NONE',  ( 13.00500000000000256, -22.47500000000000853, -87.04999999999996874 ) ) ;
#2950 = AXIS2_PLACEMENT_3D ( 'NONE', #153, #2726, #2359 ) ;
#2951 = EDGE_LOOP ( 'NONE', ( #1462, #2339, #1496, #1836 ) ) ;
#2952 = ADVANCED_FACE ( 'NONE', ( #3440 ), #3710, .T. ) ;
#2953 = LINE ( 'NONE', #1974, #3923 ) ;
#2954 = LINE ( 'NONE', #395, #2209 ) ;
#2955 = VERTEX_POINT ( 'NONE', #611 ) ;
#2956 = ADVANCED_FACE ( 'NONE', ( #1514 ), #2163, .F. ) ;
#2957 = CARTESIAN_POINT ( 'NONE',  ( -10.50000000000000000, -53.97500000000000853, -6.999999999999992006 ) ) ;
#2958 = PLANE ( 'NONE',  #1955 ) ;
#2959 = EDGE_LOOP ( 'NONE', ( #2450, #3065 ) ) ;
#2960 = DIRECTION ( 'NONE',  ( 1.000000000000000000, 0.000000000000000000, 0.000000000000000000 ) ) ;
#2961 = DIRECTION ( 'NONE',  ( -1.000000000000000000, -0.000000000000000000, -0.000000000000000000 ) ) ;
#2962 = EDGE_CURVE ( 'NONE', #2578, #732, #307, .T. ) ;
#2963 = ORIENTED_EDGE ( 'NONE', *, *, #10, .T. ) ;
#2964 = VERTEX_POINT ( 'NONE', #1891 ) ;
#2965 = DIRECTION ( 'NONE',  ( 0.000000000000000000, 0.000000000000000000, -1.000000000000000000 ) ) ;
#2966 = EDGE_CURVE ( 'NONE', #181, #2509, #1119, .T. ) ;
#2967 = LINE ( 'NONE', #1145, #3390 ) ;
#2968 = CYLINDRICAL_SURFACE ( 'NONE', #2418, 3.500000000000001332 ) ;
#2969 = DIRECTION ( 'NONE',  ( -0.000000000000000000, -0.000000000000000000, -1.000000000000000000 ) ) ;
#2970 = CARTESIAN_POINT ( 'NONE',  ( 10.50000000000000000, -53.97500000000000853, -3.999999999999992450 ) ) ;
#2971 = VERTEX_POINT ( 'NONE', #3170 ) ;
#2972 = DIRECTION ( 'NONE',  ( 1.239088197126290817E-16, -1.000000000000000000, 3.582458973934590448E-32 ) ) ;
#2973 = DIRECTION ( 'NONE',  ( 1.000000000000000000, 0.000000000000000000, 0.000000000000000000 ) ) ;
#2974 = EDGE_LOOP ( 'NONE', ( #2898, #481, #293, #893 ) ) ;
#2975 = DIRECTION ( 'NONE',  ( -0.000000000000000000, -0.000000000000000000, -1.000000000000000000 ) ) ;
#2976 = ADVANCED_FACE ( 'NONE', ( #1209 ), #3773, .F. ) ;
#2977 = DIRECTION ( 'NONE',  ( -0.000000000000000000, -0.000000000000000000, -1.000000000000000000 ) ) ;
#2978 = ORIENTED_EDGE ( 'NONE', *, *, #3035, .F. ) ;
#2979 = DIRECTION ( 'NONE',  ( 1.239088197126290817E-16, -1.000000000000000000, 3.582458973934590448E-32 ) ) ;
#2980 = CARTESIAN_POINT ( 'NONE',  ( 20.20000000000000284, -27.47500000000000497, -88.04999999999996874 ) ) ;
#2981 = EDGE_CURVE ( 'NONE', #3851, #4047, #3471, .T. ) ;
#2982 = VERTEX_POINT ( 'NONE', #327 ) ;
#2983 = ORIENTED_EDGE ( 'NONE', *, *, #3408, .T. ) ;
#2984 = DIRECTION ( 'NONE',  ( 0.000000000000000000, 1.000000000000000000, -3.582458973934590448E-32 ) ) ;
#2985 = DIRECTION ( 'NONE',  ( -0.000000000000000000, -0.000000000000000000, -1.000000000000000000 ) ) ;
#2986 = CARTESIAN_POINT ( 'NONE',  ( 10.50000000000000000, -66.47500000000000853, -6.999999999999992006 ) ) ;
#2987 = DIRECTION ( 'NONE',  ( 1.000000000000000000, 0.000000000000000000, 0.000000000000000000 ) ) ;
#2988 = DIRECTION ( 'NONE',  ( 9.637352644315595243E-17, -2.388305982623060025E-32, -1.000000000000000000 ) ) ;
#2989 = ORIENTED_EDGE ( 'NONE', *, *, #1436, .F. ) ;
#2990 = VECTOR ( 'NONE', #1344, 1000.000000000000000 ) ;
#2991 = APPLICATION_PROTOCOL_DEFINITION ( 'draft international standard', 'automotive_design', 1998, #1917 ) ;
#2992 = DIRECTION ( 'NONE',  ( 0.000000000000000000, 0.000000000000000000, 1.000000000000000000 ) ) ;
#2993 = CYLINDRICAL_SURFACE ( 'NONE', #3198, 2.399999999999999467 ) ;
#2994 = ORIENTED_EDGE ( 'NONE', *, *, #776, .F. ) ;
#2995 = CIRCLE ( 'NONE', #3511, 3.499999999999999556 ) ;
#2996 = VERTEX_POINT ( 'NONE', #2180 ) ;
#2997 = AXIS2_PLACEMENT_3D ( 'NONE', #2162, #1555, #3421 ) ;
#2998 = CIRCLE ( 'NONE', #230, 1.750000000000001554 ) ;
#2999 = CYLINDRICAL_SURFACE ( 'NONE', #752, 1.750000000000001554 ) ;
#3000 = DIRECTION ( 'NONE',  ( -1.239088197126290817E-16, 1.000000000000000000, -3.582458973934590448E-32 ) ) ;
#3001 = ORIENTED_EDGE ( 'NONE', *, *, #1179, .T. ) ;
#3002 = CARTESIAN_POINT ( 'NONE',  ( 8.684348419387234230, -37.47500000000001563, -2.000000000000027978 ) ) ;
#3003 = CIRCLE ( 'NONE', #748, 2.399999999999999467 ) ;
#3004 = DIRECTION ( 'NONE',  ( 0.7071067811865513475, -0.000000000000000000, 0.7071067811865435759 ) ) ;
#3005 = EDGE_CURVE ( 'NONE', #2441, #698, #344, .T. ) ;
#3006 = VECTOR ( 'NONE', #3531, 1000.000000000000000 ) ;
#3007 = ORIENTED_EDGE ( 'NONE', *, *, #1839, .F. ) ;
#3008 = ORIENTED_EDGE ( 'NONE', *, *, #2728, .T. ) ;
#3009 = DIRECTION ( 'NONE',  ( -1.000000000000000000, 0.000000000000000000, 0.000000000000000000 ) ) ;
#3010 = VECTOR ( 'NONE', #858, 1000.000000000000000 ) ;
#3011 = ADVANCED_FACE ( 'NONE', ( #881 ), #22, .F. ) ;
#3012 = PLANE ( 'NONE',  #1151 ) ;
#3013 = AXIS2_PLACEMENT_3D ( 'NONE', #1590, #968, #4033 ) ;
#3014 = DIRECTION ( 'NONE',  ( 1.000000000000000000, 0.000000000000000000, 0.000000000000000000 ) ) ;
#3015 = CARTESIAN_POINT ( 'NONE',  ( -27.39499999999999602, -41.47500000000000142, -87.04999999999996874 ) ) ;
#3016 = CARTESIAN_POINT ( 'NONE',  ( -6.999999999999998224, -66.47500000000000853, -3.999999999999992450 ) ) ;
#3017 = ORIENTED_EDGE ( 'NONE', *, *, #2750, .T. ) ;
#3018 = EDGE_CURVE ( 'NONE', #3892, #1014, #1159, .T. ) ;
#3019 = AXIS2_PLACEMENT_3D ( 'NONE', #2524, #3126, #3790 ) ;
#3020 = CARTESIAN_POINT ( 'NONE',  ( 11.74999999999976552, 1.081814400461390004E-12, 0.000000000000000000 ) ) ;
#3021 = LINE ( 'NONE', #3614, #2741 ) ;
#3022 = ORIENTED_EDGE ( 'NONE', *, *, #1835, .F. ) ;
#3023 = ADVANCED_FACE ( 'NONE', ( #3400 ), #451, .F. ) ;
#3024 = CARTESIAN_POINT ( 'NONE',  ( 4.858258306232665858E-15, -41.47500000000000142, 2.677888083016106357E-31 ) ) ;
#3025 = DIRECTION ( 'NONE',  ( 1.000000000000000000, 0.000000000000000000, 0.000000000000000000 ) ) ;
#3026 = VERTEX_POINT ( 'NONE', #1369 ) ;
#3027 = DIRECTION ( 'NONE',  ( 1.000000000000000000, 0.000000000000000000, 0.000000000000000000 ) ) ;
#3028 = DIRECTION ( 'NONE',  ( 1.239088197126290817E-16, -1.000000000000000000, 3.582458973934590448E-32 ) ) ;
#3029 = ORIENTED_EDGE ( 'NONE', *, *, #2089, .T. ) ;
#3030 = ORIENTED_EDGE ( 'NONE', *, *, #3309, .T. ) ;
#3031 = CARTESIAN_POINT ( 'NONE',  ( 9.999999999999765521, 1.081600087271539223E-12, 5.000000000000000000 ) ) ;
#3032 = CARTESIAN_POINT ( 'NONE',  ( -8.500000000000012434, -41.47500000000000142, -5.499999999999990230 ) ) ;
#3033 = LINE ( 'NONE', #1718, #1687 ) ;
#3034 = DIRECTION ( 'NONE',  ( -0.000000000000000000, -0.000000000000000000, -1.000000000000000000 ) ) ;
#3035 = EDGE_CURVE ( 'NONE', #600, #2165, #2811, .T. ) ;
#3036 = DIRECTION ( 'NONE',  ( -0.000000000000000000, -0.000000000000000000, -1.000000000000000000 ) ) ;
#3037 = ORIENTED_EDGE ( 'NONE', *, *, #202, .F. ) ;
#3038 = FACE_OUTER_BOUND ( 'NONE', #62, .T. ) ;
#3039 = CARTESIAN_POINT ( 'NONE',  ( 20.20000000000000284, -27.47500000000000497, -88.04999999999996874 ) ) ;
#3040 = ADVANCED_FACE ( 'NONE', ( #983 ), #103, .F. ) ;
#3041 = FACE_OUTER_BOUND ( 'NONE', #2177, .T. ) ;
#3042 = CARTESIAN_POINT ( 'NONE',  ( -23.44999999999999574, -27.47500000000000497, -87.04999999999996874 ) ) ;
#3043 = ORIENTED_EDGE ( 'NONE', *, *, #2020, .T. ) ;
#3044 = ORIENTED_EDGE ( 'NONE', *, *, #1940, .F. ) ;
#3045 = EDGE_LOOP ( 'NONE', ( #197, #932 ) ) ;
#3046 = CARTESIAN_POINT ( 'NONE',  ( 15.00000000000000533, -41.47500000000000142, -91.04999999999999716 ) ) ;
#3047 = CARTESIAN_POINT ( 'NONE',  ( 13.24999999999976552, 1.081998097481262245E-12, 5.000000000000000000 ) ) ;
#3048 = CARTESIAN_POINT ( 'NONE',  ( 15.00000000000000533, -41.47500000000000142, -91.04999999999999716 ) ) ;
#3049 = CARTESIAN_POINT ( 'NONE',  ( 0.000000000000000000, -22.47500000000000853, 0.000000000000000000 ) ) ;
#3050 = CARTESIAN_POINT ( 'NONE',  ( 27.39500000000000313, -41.47500000000000142, -91.04999999999998295 ) ) ;
#3051 = ORIENTED_EDGE ( 'NONE', *, *, #333, .T. ) ;
#3052 = ADVANCED_FACE ( 'NONE', ( #1616 ), #2904, .T. ) ;
#3053 = CARTESIAN_POINT ( 'NONE',  ( 8.999999999999985789, -41.47500000000000142, -3.499999999999987566 ) ) ;
#3054 = VECTOR ( 'NONE', #369, 1000.000000000000000 ) ;
#3055 = EDGE_CURVE ( 'NONE', #558, #199, #368, .T. ) ;
#3056 = DIRECTION ( 'NONE',  ( 0.000000000000000000, 0.000000000000000000, 1.000000000000000000 ) ) ;
#3057 = CARTESIAN_POINT ( 'NONE',  ( -9.699999999999990408, -43.97500000000000853, -81.04999999999999716 ) ) ;
#3058 = ORIENTED_EDGE ( 'NONE', *, *, #151, .F. ) ;
#3059 = CIRCLE ( 'NONE', #2852, 2.399999999999999467 ) ;
#3060 = CIRCLE ( 'NONE', #419, 3.249999999999999556 ) ;
#3061 = ADVANCED_FACE ( 'NONE', ( #998 ), #83, .T. ) ;
#3062 = CIRCLE ( 'NONE', #2861, 1.499999999999999556 ) ;
#3063 = CIRCLE ( 'NONE', #360, 2.399999999999999467 ) ;
#3064 = ORIENTED_EDGE ( 'NONE', *, *, #1522, .T. ) ;
#3065 = ORIENTED_EDGE ( 'NONE', *, *, #3300, .F. ) ;
#3066 = DIRECTION ( 'NONE',  ( 1.000000000000000000, 0.000000000000000000, 0.000000000000000000 ) ) ;
#3067 = CIRCLE ( 'NONE', #1872, 1.499999999999999556 ) ;
#3068 = EDGE_CURVE ( 'NONE', #2436, #1634, #1223, .T. ) ;
#3069 = DIRECTION ( 'NONE',  ( -1.239088197126290817E-16, 1.000000000000000000, -3.582458973934590448E-32 ) ) ;
#3070 = CARTESIAN_POINT ( 'NONE',  ( 6.200000000000001066, -41.47500000000000142, -24.54999999999999716 ) ) ;
#3071 = VERTEX_POINT ( 'NONE', #1289 ) ;
#3072 = AXIS2_PLACEMENT_3D ( 'NONE', #3057, #3361, #3655 ) ;
#3073 = CARTESIAN_POINT ( 'NONE',  ( -7.299999999999997158, -44.47500000000000853, -24.55000000000000071 ) ) ;
#3074 = EDGE_LOOP ( 'NONE', ( #2364, #739 ) ) ;
#3075 = VECTOR ( 'NONE', #1556, 1000.000000000000000 ) ;
#3076 = DIRECTION ( 'NONE',  ( 0.000000000000000000, 0.000000000000000000, 1.000000000000000000 ) ) ;
#3077 = CARTESIAN_POINT ( 'NONE',  ( -6.999999999999995559, -34.47500000000000853, 5.000000000000000000 ) ) ;
#3078 = ADVANCED_FACE ( 'NONE', ( #2613 ), #3882, .F. ) ;
#3079 = EDGE_LOOP ( 'NONE', ( #1593, #2294, #118, #1087 ) ) ;
#3080 = LINE ( 'NONE', #174, #1811 ) ;
#3081 = ORIENTED_EDGE ( 'NONE', *, *, #1191, .T. ) ;
#3082 = ADVANCED_FACE ( 'NONE', ( #1325 ), #2555, .T. ) ;
#3083 = CIRCLE ( 'NONE', #1820, 2.399999999999999467 ) ;
#3084 = VERTEX_POINT ( 'NONE', #2922 ) ;
#3085 = ORIENTED_EDGE ( 'NONE', *, *, #3559, .F. ) ;
#3086 = EDGE_CURVE ( 'NONE', #3071, #3827, #3815, .T. ) ;
#3087 = DIRECTION ( 'NONE',  ( 1.000000000000000000, 0.000000000000000000, -0.000000000000000000 ) ) ;
#3088 = CARTESIAN_POINT ( 'NONE',  ( 6.200000000000004619, -44.47500000000000853, -81.04999999999999716 ) ) ;
#3089 = DIRECTION ( 'NONE',  ( 0.000000000000000000, 0.000000000000000000, -1.000000000000000000 ) ) ;
#3090 = VERTEX_POINT ( 'NONE', #3855 ) ;
#3091 = CARTESIAN_POINT ( 'NONE',  ( 9.999999999999765521, 1.081600087271539223E-12, 3.000000000000000000 ) ) ;
#3092 = ORIENTED_EDGE ( 'NONE', *, *, #2546, .T. ) ;
#3093 = DIRECTION ( 'NONE',  ( 0.000000000000000000, 0.000000000000000000, 1.000000000000000000 ) ) ;
#3094 = DIRECTION ( 'NONE',  ( 1.000000000000000000, 1.156482317317871478E-16, 2.891205793294678819E-16 ) ) ;
#3095 = DIRECTION ( 'NONE',  ( 1.000000000000000000, 1.239088197126290817E-16, 0.000000000000000000 ) ) ;
#3096 = EDGE_LOOP ( 'NONE', ( #2319, #1824, #825, #1393 ) ) ;
#3097 = DIRECTION ( 'NONE',  ( 0.000000000000000000, 0.000000000000000000, -1.000000000000000000 ) ) ;
#3098 = VERTEX_POINT ( 'NONE', #3543 ) ;
#3099 = EDGE_CURVE ( 'NONE', #2461, #2295, #1614, .T. ) ;
#3100 = VERTEX_POINT ( 'NONE', #428 ) ;
#3101 = ORIENTED_EDGE ( 'NONE', *, *, #577, .F. ) ;
#3102 = DIRECTION ( 'NONE',  ( 1.239088197126290817E-16, -1.000000000000000000, 3.582458973934590448E-32 ) ) ;
#3103 = EDGE_CURVE ( 'NONE', #1014, #3892, #2417, .T. ) ;
#3104 = CARTESIAN_POINT ( 'NONE',  ( 14.00000000000000178, -53.97500000000000853, -3.999999999999992450 ) ) ;
#3105 = FACE_OUTER_BOUND ( 'NONE', #2887, .T. ) ;
#3106 = VERTEX_POINT ( 'NONE', #2317 ) ;
#3107 = CARTESIAN_POINT ( 'NONE',  ( -15.00000000000000711, -37.47500000000000142, 5.000000000000000000 ) ) ;
#3108 = ORIENTED_EDGE ( 'NONE', *, *, #2516, .F. ) ;
#3109 = EDGE_CURVE ( 'NONE', #27, #3539, #1924, .T. ) ;
#3110 = CARTESIAN_POINT ( 'NONE',  ( -9.999999999999998224, -10.47500000000000142, 5.000000000000000000 ) ) ;
#3111 = FACE_BOUND ( 'NONE', #1878, .T. ) ;
#3112 = CARTESIAN_POINT ( 'NONE',  ( 14.99999999999998579, 61.24380519941477985, -77.05000000000002558 ) ) ;
#3113 = ORIENTED_EDGE ( 'NONE', *, *, #84, .F. ) ;
#3114 = CARTESIAN_POINT ( 'NONE',  ( 6.749999999999765521, 1.081600087271539223E-12, 5.000000000000000000 ) ) ;
#3115 = DIRECTION ( 'NONE',  ( -1.239088197126290817E-16, 1.000000000000000000, -3.582458973934590448E-32 ) ) ;
#3116 = VERTEX_POINT ( 'NONE', #3901 ) ;
#3117 = VERTEX_POINT ( 'NONE', #3581 ) ;
#3118 = ORIENTED_EDGE ( 'NONE', *, *, #425, .T. ) ;
#3119 = AXIS2_PLACEMENT_3D ( 'NONE', #179, #3599, #3264 ) ;
#3120 = CARTESIAN_POINT ( 'NONE',  ( -10.50000000000000000, -66.47500000000000853, -4.499999999999992006 ) ) ;
#3121 = AXIS2_PLACEMENT_3D ( 'NONE', #1605, #1962, #75 ) ;
#3122 = EDGE_CURVE ( 'NONE', #1258, #3942, #746, .T. ) ;
#3123 = AXIS2_PLACEMENT_3D ( 'NONE', #1828, #905, #592 ) ;
#3124 = VECTOR ( 'NONE', #2571, 1000.000000000000000 ) ;
#3125 = DIRECTION ( 'NONE',  ( -1.239088197126290817E-16, 1.000000000000000000, -3.582458973934590448E-32 ) ) ;
#3126 = DIRECTION ( 'NONE',  ( -1.000000000000000000, 0.000000000000000000, 0.000000000000000000 ) ) ;
#3127 = ORIENTED_EDGE ( 'NONE', *, *, #254, .F. ) ;
#3128 = FACE_OUTER_BOUND ( 'NONE', #740, .T. ) ;
#3129 = EDGE_CURVE ( 'NONE', #526, #2272, #471, .T. ) ;
#3130 = AXIS2_PLACEMENT_3D ( 'NONE', #449, #2985, #163 ) ;
#3131 = ORIENTED_EDGE ( 'NONE', *, *, #1160, .T. ) ;
#3132 = FACE_OUTER_BOUND ( 'NONE', #2394, .T. ) ;
#3133 = VECTOR ( 'NONE', #2021, 1000.000000000000000 ) ;
#3134 = DIRECTION ( 'NONE',  ( 0.000000000000000000, 0.000000000000000000, 1.000000000000000000 ) ) ;
#3135 = DIRECTION ( 'NONE',  ( 1.239088197126290817E-16, -1.000000000000000000, 3.582458973934590448E-32 ) ) ;
#3136 = ADVANCED_FACE ( 'NONE', ( #1435 ), #3984, .F. ) ;
#3137 = VERTEX_POINT ( 'NONE', #1146 ) ;
#3138 = AXIS2_PLACEMENT_3D ( 'NONE', #1911, #3174, #579 ) ;
#3139 = FACE_OUTER_BOUND ( 'NONE', #3548, .T. ) ;
#3140 = VERTEX_POINT ( 'NONE', #531 ) ;
#3141 = AXIS2_PLACEMENT_3D ( 'NONE', #389, #3520, #1061 ) ;
#3142 = AXIS2_PLACEMENT_3D ( 'NONE', #3525, #1656, #1623 ) ;
#3143 = ORIENTED_EDGE ( 'NONE', *, *, #202, .T. ) ;
#3144 = VERTEX_POINT ( 'NONE', #220 ) ;
#3145 = VECTOR ( 'NONE', #3618, 1000.000000000000000 ) ;
#3146 = DIRECTION ( 'NONE',  ( 1.239088197126291063E-16, -1.000000000000000000, 3.582458973934590448E-32 ) ) ;
#3147 = CARTESIAN_POINT ( 'NONE',  ( 8.499999999999984013, -37.47500000000000853, -5.499999999999988454 ) ) ;
#3148 = DIRECTION ( 'NONE',  ( -0.000000000000000000, -0.000000000000000000, -1.000000000000000000 ) ) ;
#3149 = CARTESIAN_POINT ( 'NONE',  ( 21.95000000000000284, -27.47500000000000497, -88.04999999999996874 ) ) ;
#3150 = ORIENTED_EDGE ( 'NONE', *, *, #637, .F. ) ;
#3151 = CARTESIAN_POINT ( 'NONE',  ( -14.99999999999999112, -68.47500000000000853, -6.999999999999992006 ) ) ;
#3152 = ORIENTED_EDGE ( 'NONE', *, *, #3640, .F. ) ;
#3153 = EDGE_CURVE ( 'NONE', #3144, #253, #2051, .T. ) ;
#3154 = CYLINDRICAL_SURFACE ( 'NONE', #3190, 3.500000000000001332 ) ;
#3155 = DIRECTION ( 'NONE',  ( 1.000000000000000000, 0.000000000000000000, 0.000000000000000000 ) ) ;
#3156 = LINE ( 'NONE', #2826, #2068 ) ;
#3157 = ORIENTED_EDGE ( 'NONE', *, *, #3640, .T. ) ;
#3158 = EDGE_CURVE ( 'NONE', #1122, #2243, #143, .T. ) ;
#3159 = CARTESIAN_POINT ( 'NONE',  ( -9.699999999999997513, -43.97500000000000853, -24.55000000000000071 ) ) ;
#3160 = EDGE_LOOP ( 'NONE', ( #673, #2150, #1613, #2640, #3741, #1239, #414, #2740 ) ) ;
#3161 = VERTEX_POINT ( 'NONE', #1387 ) ;
#3162 = DIRECTION ( 'NONE',  ( 0.000000000000000000, -3.582458973934590448E-32, -1.000000000000000000 ) ) ;
#3163 = PLANE ( 'NONE',  #1333 ) ;
#3164 = CARTESIAN_POINT ( 'NONE',  ( 20.20000000000000284, -27.47500000000000497, -88.04999999999996874 ) ) ;
#3165 = ORIENTED_EDGE ( 'NONE', *, *, #13, .F. ) ;
#3166 = VERTEX_POINT ( 'NONE', #3968 ) ;
#3167 = DIRECTION ( 'NONE',  ( -1.000000000000000000, 0.000000000000000000, -0.000000000000000000 ) ) ;
#3168 = ORIENTED_EDGE ( 'NONE', *, *, #3452, .F. ) ;
#3169 = DIRECTION ( 'NONE',  ( 1.000000000000000000, 0.000000000000000000, 0.000000000000000000 ) ) ;
#3170 = CARTESIAN_POINT ( 'NONE',  ( -13.19999999999999574, -41.47500000000000142, -24.55000000000000071 ) ) ;
#3171 = PLANE ( 'NONE',  #3586 ) ;
#3172 = ORIENTED_EDGE ( 'NONE', *, *, #58, .T. ) ;
#3173 = EDGE_CURVE ( 'NONE', #2460, #2421, #4071, .T. ) ;
#3174 = DIRECTION ( 'NONE',  ( -1.239088197126290817E-16, 1.000000000000000000, -3.582458973934590448E-32 ) ) ;
#3175 = ORIENTED_EDGE ( 'NONE', *, *, #1688, .F. ) ;
#3176 = EDGE_CURVE ( 'NONE', #3505, #1649, #1815, .T. ) ;
#3177 = ORIENTED_EDGE ( 'NONE', *, *, #377, .F. ) ;
#3178 = FACE_OUTER_BOUND ( 'NONE', #2974, .T. ) ;
#3179 = DIRECTION ( 'NONE',  ( 1.239088197126290817E-16, -1.000000000000000000, 0.000000000000000000 ) ) ;
#3180 = VECTOR ( 'NONE', #2754, 1000.000000000000000 ) ;
#3181 = CIRCLE ( 'NONE', #1592, 2.399999999999999467 ) ;
#3182 = ORIENTED_EDGE ( 'NONE', *, *, #3224, .T. ) ;
#3183 = ORIENTED_EDGE ( 'NONE', *, *, #1658, .T. ) ;
#3184 = DIRECTION ( 'NONE',  ( 0.000000000000000000, 0.000000000000000000, 1.000000000000000000 ) ) ;
#3185 = ADVANCED_FACE ( 'NONE', ( #838 ), #3950, .F. ) ;
#3186 = EDGE_LOOP ( 'NONE', ( #1874, #3467, #3143, #2800 ) ) ;
#3187 = VECTOR ( 'NONE', #1378, 1000.000000000000000 ) ;
#3188 = CYLINDRICAL_SURFACE ( 'NONE', #1741, 0.5000000000000004441 ) ;
#3189 = CARTESIAN_POINT ( 'NONE',  ( -12.00000000000000000, -53.97500000000000853, -3.999999999999992450 ) ) ;
#3190 = AXIS2_PLACEMENT_3D ( 'NONE', #2761, #2451, #2474 ) ;
#3191 = LINE ( 'NONE', #1062, #170 ) ;
#3192 = VECTOR ( 'NONE', #2739, 1000.000000000000000 ) ;
#3193 = AXIS2_PLACEMENT_3D ( 'NONE', #2226, #2829, #3759 ) ;
#3194 = DIRECTION ( 'NONE',  ( 0.000000000000000000, 1.000000000000000000, 0.000000000000000000 ) ) ;
#3195 = LINE ( 'NONE', #1910, #970 ) ;
#3196 = LINE ( 'NONE', #1642, #2807 ) ;
#3197 = ADVANCED_FACE ( 'NONE', ( #2408 ), #2346, .F. ) ;
#3198 = AXIS2_PLACEMENT_3D ( 'NONE', #2435, #3974, #171 ) ;
#3199 = AXIS2_PLACEMENT_3D ( 'NONE', #1950, #692, #2588 ) ;
#3200 = EDGE_CURVE ( 'NONE', #1493, #1578, #2075, .T. ) ;
#3201 = ORIENTED_EDGE ( 'NONE', *, *, #13, .T. ) ;
#3202 = DIRECTION ( 'NONE',  ( -2.891205793294678819E-16, 0.000000000000000000, 1.000000000000000000 ) ) ;
#3203 = CYLINDRICAL_SURFACE ( 'NONE', #2197, 1.499999999999999556 ) ;
#3204 = ADVANCED_FACE ( 'NONE', ( #3645, #2678 ), #1083, .F. ) ;
#3205 = AXIS2_PLACEMENT_3D ( 'NONE', #2298, #2074, #1676 ) ;
#3206 = EDGE_LOOP ( 'NONE', ( #302, #2607, #387, #3177 ) ) ;
#3207 = EDGE_LOOP ( 'NONE', ( #2171, #1355 ) ) ;
#3208 = CARTESIAN_POINT ( 'NONE',  ( -6.999999999999995559, -34.47500000000000853, 3.000000000000003553 ) ) ;
#3209 = EDGE_LOOP ( 'NONE', ( #2159, #1625, #3281, #2247 ) ) ;
#3210 = AXIS2_PLACEMENT_3D ( 'NONE', #3564, #1088, #751 ) ;
#3211 = CARTESIAN_POINT ( 'NONE',  ( 10.50000000000000000, -53.97500000000000853, -4.499999999999992006 ) ) ;
#3212 = DIRECTION ( 'NONE',  ( -1.000000000000000000, 0.000000000000000000, 0.000000000000000000 ) ) ;
#3213 = PRESENTATION_LAYER_ASSIGNMENT (  '', '', ( #2283 ) ) ;
#3214 = LINE ( 'NONE', #3883, #3654 ) ;
#3215 = PRESENTATION_STYLE_ASSIGNMENT (( #1953 ) ) ;
#3216 = CYLINDRICAL_SURFACE ( 'NONE', #3852, 2.999999999999999112 ) ;
#3217 = FACE_OUTER_BOUND ( 'NONE', #1672, .T. ) ;
#3218 = DIRECTION ( 'NONE',  ( -1.000000000000000000, 0.000000000000000000, 0.000000000000000000 ) ) ;
#3219 = VERTEX_POINT ( 'NONE', #1744 ) ;
#3220 = DIRECTION ( 'NONE',  ( -1.239088197126290817E-16, 1.000000000000000000, -3.582458973934590448E-32 ) ) ;
#3221 = ORIENTED_EDGE ( 'NONE', *, *, #2518, .F. ) ;
#3222 = CARTESIAN_POINT ( 'NONE',  ( 15.00000000000000178, -71.47500000000000853, -6.999999999999992006 ) ) ;
#3223 = CARTESIAN_POINT ( 'NONE',  ( 6.999999999999998224, -53.97500000000000853, -6.999999999999992006 ) ) ;
#3224 = EDGE_CURVE ( 'NONE', #853, #458, #3338, .T. ) ;
#3225 = EDGE_LOOP ( 'NONE', ( #191, #1831, #2894, #3958 ) ) ;
#3226 = ORIENTED_EDGE ( 'NONE', *, *, #3895, .F. ) ;
#3227 = DIRECTION ( 'NONE',  ( 0.000000000000000000, 0.000000000000000000, -1.000000000000000000 ) ) ;
#3228 = ADVANCED_FACE ( 'NONE', ( #1766 ), #3670, .F. ) ;
#3229 = LINE ( 'NONE', #64, #1600 ) ;
#3230 = DIRECTION ( 'NONE',  ( -0.000000000000000000, -0.000000000000000000, 1.000000000000000000 ) ) ;
#3231 = CARTESIAN_POINT ( 'NONE',  ( 9.000000000000001776, -53.97500000000000853, -3.999999999999992450 ) ) ;
#3232 = EDGE_LOOP ( 'NONE', ( #1912, #2785, #1445, #3081, #846, #1569, #3373, #993, #2766, #847, #3316, #318, #3818, #3687, #2963, #1301 ) ) ;
#3233 = DIRECTION ( 'NONE',  ( -1.000000000000000000, 0.000000000000000000, 0.000000000000000000 ) ) ;
#3234 = DIRECTION ( 'NONE',  ( -0.000000000000000000, -0.000000000000000000, 1.000000000000000000 ) ) ;
#3235 = VERTEX_POINT ( 'NONE', #1469 ) ;
#3236 = CYLINDRICAL_SURFACE ( 'NONE', #2738, 1.749999999999999778 ) ;
#3237 = DIRECTION ( 'NONE',  ( 1.000000000000000000, 0.000000000000000000, 0.000000000000000000 ) ) ;
#3238 = ORIENTED_EDGE ( 'NONE', *, *, #1477, .T. ) ;
#3239 = CARTESIAN_POINT ( 'NONE',  ( 15.00000000000000355, -41.47500000000000142, -87.04999999999996874 ) ) ;
#3240 = DIRECTION ( 'NONE',  ( 1.239088197126290817E-16, -1.000000000000000000, 3.582458973934590448E-32 ) ) ;
#3241 = ORIENTED_EDGE ( 'NONE', *, *, #2703, .T. ) ;
#3242 = VERTEX_POINT ( 'NONE', #852 ) ;
#3243 = ADVANCED_FACE ( 'NONE', ( #1781 ), #792, .T. ) ;
#3244 = DIRECTION ( 'NONE',  ( -2.891205793294678819E-16, -0.000000000000000000, 1.000000000000000000 ) ) ;
#3245 = AXIS2_PLACEMENT_3D ( 'NONE', #2715, #140, #1715 ) ;
#3246 = CARTESIAN_POINT ( 'NONE',  ( -20.19999999999999574, -27.47500000000000497, -88.04999999999998295 ) ) ;
#3247 = DIRECTION ( 'NONE',  ( 0.000000000000000000, 0.000000000000000000, 1.000000000000000000 ) ) ;
#3248 = CARTESIAN_POINT ( 'NONE',  ( 9.700000000000006395, -44.47500000000000853, -81.04999999999999716 ) ) ;
#3249 = EDGE_CURVE ( 'NONE', #3071, #3478, #3803, .T. ) ;
#3250 = DIRECTION ( 'NONE',  ( 1.000000000000000000, 0.000000000000000000, 0.000000000000000000 ) ) ;
#3251 = VECTOR ( 'NONE', #3535, 1000.000000000000000 ) ;
#3252 = DIRECTION ( 'NONE',  ( 0.000000000000000000, 0.000000000000000000, 1.000000000000000000 ) ) ;
#3253 = DIRECTION ( 'NONE',  ( 1.239088197126290817E-16, -1.000000000000000000, 3.582458973934590448E-32 ) ) ;
#3254 = AXIS2_PLACEMENT_3D ( 'NONE', #3110, #1251, #2199 ) ;
#3255 = DIRECTION ( 'NONE',  ( 0.000000000000000000, 0.000000000000000000, 1.000000000000000000 ) ) ;
#3256 = CIRCLE ( 'NONE', #2134, 3.000000000000023537 ) ;
#3257 = LINE ( 'NONE', #2639, #435 ) ;
#3258 = EDGE_CURVE ( 'NONE', #2272, #3721, #1860, .T. ) ;
#3259 = VERTEX_POINT ( 'NONE', #1800 ) ;
#3260 = VECTOR ( 'NONE', #3125, 1000.000000000000000 ) ;
#3261 = DIRECTION ( 'NONE',  ( 1.239088197126290817E-16, -1.000000000000000000, 3.582458973934590448E-32 ) ) ;
#3262 = ORIENTED_EDGE ( 'NONE', *, *, #3099, .T. ) ;
#3263 = DIRECTION ( 'NONE',  ( -1.239088197126290817E-16, 1.000000000000000000, -3.582458973934590448E-32 ) ) ;
#3264 = DIRECTION ( 'NONE',  ( 1.000000000000000000, 0.000000000000000000, 0.000000000000000000 ) ) ;
#3265 = CIRCLE ( 'NONE', #1481, 3.499999999999999556 ) ;
#3266 = ORIENTED_EDGE ( 'NONE', *, *, #984, .T. ) ;
#3267 = ORIENTED_EDGE ( 'NONE', *, *, #3158, .T. ) ;
#3268 = AXIS2_PLACEMENT_3D ( 'NONE', #2238, #406, #3499 ) ;
#3269 = CARTESIAN_POINT ( 'NONE',  ( 15.00000000000000178, -71.47500000000000853, -6.999999999999992006 ) ) ;
#3270 = VECTOR ( 'NONE', #2808, 1000.000000000000114 ) ;
#3271 = FACE_OUTER_BOUND ( 'NONE', #3914, .T. ) ;
#3272 = DIRECTION ( 'NONE',  ( 1.239088197126290817E-16, -1.000000000000000000, 3.582458973934590448E-32 ) ) ;
#3273 = DIRECTION ( 'NONE',  ( 1.000000000000000000, 0.000000000000000000, 0.000000000000000000 ) ) ;
#3274 = CARTESIAN_POINT ( 'NONE',  ( -9.699999999999990408, -44.47500000000000853, -81.04999999999999716 ) ) ;
#3275 = CIRCLE ( 'NONE', #2815, 3.500000000000003109 ) ;
#3276 = ORIENTED_EDGE ( 'NONE', *, *, #1630, .T. ) ;
#3277 = DIRECTION ( 'NONE',  ( -2.891205793294678819E-16, -3.343628375672285075E-32, 1.000000000000000000 ) ) ;
#3278 = ADVANCED_FACE ( 'NONE', ( #3768 ), #4043, .F. ) ;
#3279 = LINE ( 'NONE', #795, #2201 ) ;
#3280 = DIRECTION ( 'NONE',  ( -1.000000000000000000, 0.000000000000000000, 0.000000000000000000 ) ) ;
#3281 = ORIENTED_EDGE ( 'NONE', *, *, #864, .T. ) ;
#3282 = ORIENTED_EDGE ( 'NONE', *, *, #3737, .T. ) ;
#3283 = EDGE_CURVE ( 'NONE', #1502, #2548, #873, .T. ) ;
#3284 = CARTESIAN_POINT ( 'NONE',  ( -10.00000000000023093, 1.017415318660397361E-12, 7.949747468305831788 ) ) ;
#3285 = LINE ( 'NONE', #3637, #56 ) ;
#3286 = VERTEX_POINT ( 'NONE', #3070 ) ;
#3287 = DIRECTION ( 'NONE',  ( -1.000000000000000000, 0.000000000000000000, 0.000000000000000000 ) ) ;
#3288 = CARTESIAN_POINT ( 'NONE',  ( 9.700000000000001066, -43.97500000000000853, -24.54999999999999716 ) ) ;
#3289 = ORIENTED_EDGE ( 'NONE', *, *, #3374, .T. ) ;
#3290 = VERTEX_POINT ( 'NONE', #1262 ) ;
#3291 = DIRECTION ( 'NONE',  ( 1.000000000000000000, 0.000000000000000000, 0.000000000000000000 ) ) ;
#3292 = CARTESIAN_POINT ( 'NONE',  ( 11.20000000000000639, -41.47500000000000142, -81.04999999999999716 ) ) ;
#3293 = CARTESIAN_POINT ( 'NONE',  ( -9.699999999999990408, -44.47500000000000853, -81.04999999999999716 ) ) ;
#3294 = CARTESIAN_POINT ( 'NONE',  ( -14.99999999999999645, 7.474999999999996980, 5.000000000000000000 ) ) ;
#3295 = ORIENTED_EDGE ( 'NONE', *, *, #3103, .F. ) ;
#3296 = CARTESIAN_POINT ( 'NONE',  ( -8.500000000000012434, -37.47500000000000853, -5.499999999999990230 ) ) ;
#3297 = LINE ( 'NONE', #1090, #1010 ) ;
#3298 = DIRECTION ( 'NONE',  ( 1.239088197126290817E-16, -1.000000000000000000, 3.582458973934590448E-32 ) ) ;
#3299 = ORIENTED_EDGE ( 'NONE', *, *, #1309, .T. ) ;
#3300 = EDGE_CURVE ( 'NONE', #1561, #3026, #898, .T. ) ;
#3301 = CARTESIAN_POINT ( 'NONE',  ( 10.50000000000000000, -66.47500000000000853, -4.499999999999992006 ) ) ;
#3302 = FACE_OUTER_BOUND ( 'NONE', #2301, .T. ) ;
#3303 = ORIENTED_EDGE ( 'NONE', *, *, #3555, .F. ) ;
#3304 = CARTESIAN_POINT ( 'NONE',  ( 7.000000000000009770, -34.47500000000000853, 5.000000000000000000 ) ) ;
#3305 = ADVANCED_FACE ( 'NONE', ( #261 ), #2176, .T. ) ;
#3306 = DIRECTION ( 'NONE',  ( 0.000000000000000000, 1.000000000000000000, 0.000000000000000000 ) ) ;
#3307 = ORIENTED_EDGE ( 'NONE', *, *, #2136, .F. ) ;
#3308 = VERTEX_POINT ( 'NONE', #3457 ) ;
#3309 = EDGE_CURVE ( 'NONE', #458, #2732, #3393, .T. ) ;
#3310 = DIRECTION ( 'NONE',  ( 0.000000000000000000, -1.000000000000000000, 0.000000000000000000 ) ) ;
#3311 = CARTESIAN_POINT ( 'NONE',  ( 0.000000000000000000, 0.000000000000000000, 0.000000000000000000 ) ) ;
#3312 = CARTESIAN_POINT ( 'NONE',  ( -10.50000000000000000, -53.97500000000000853, -3.999999999999992450 ) ) ;
#3313 = CARTESIAN_POINT ( 'NONE',  ( -8.250000000000230926, 1.017629631850248141E-12, 7.949747468305831788 ) ) ;
#3314 = EDGE_CURVE ( 'NONE', #3378, #734, #2875, .T. ) ;
#3315 = FACE_OUTER_BOUND ( 'NONE', #1643, .T. ) ;
#3316 = ORIENTED_EDGE ( 'NONE', *, *, #653, .T. ) ;
#3317 = CIRCLE ( 'NONE', #1790, 2.399999999999999467 ) ;
#3318 = DIRECTION ( 'NONE',  ( -0.000000000000000000, -0.000000000000000000, -1.000000000000000000 ) ) ;
#3319 = DIRECTION ( 'NONE',  ( -1.000000000000000000, 0.000000000000000000, 0.000000000000000000 ) ) ;
#3320 = DIRECTION ( 'NONE',  ( -2.532905239608406037E-16, 4.439659870964747057E-33, 1.000000000000000000 ) ) ;
#3321 = CIRCLE ( 'NONE', #3846, 3.500000000000003109 ) ;
#3322 = CIRCLE ( 'NONE', #2529, 2.399999999999999467 ) ;
#3323 = AXIS2_PLACEMENT_3D ( 'NONE', #3774, #1830, #2842 ) ;
#3324 = DIRECTION ( 'NONE',  ( -0.000000000000000000, -0.000000000000000000, 1.000000000000000000 ) ) ;
#3325 = DIRECTION ( 'NONE',  ( 1.000000000000000000, 0.000000000000000000, 0.000000000000000000 ) ) ;
#3326 = ORIENTED_EDGE ( 'NONE', *, *, #2496, .F. ) ;
#3327 = CARTESIAN_POINT ( 'NONE',  ( -7.171572875253805712, -35.47500000000000853, 0.000000000000000000 ) ) ;
#3328 = CIRCLE ( 'NONE', #1341, 0.5000000000000004441 ) ;
#3329 = CARTESIAN_POINT ( 'NONE',  ( -10.00000000000023093, 1.017415318660397361E-12, 7.949747468305831788 ) ) ;
#3330 = ADVANCED_FACE ( 'NONE', ( #3728 ), #960, .F. ) ;
#3331 = VECTOR ( 'NONE', #91, 1000.000000000000000 ) ;
#3332 = VERTEX_POINT ( 'NONE', #1549 ) ;
#3333 = EDGE_LOOP ( 'NONE', ( #658, #2561 ) ) ;
#3334 = DIRECTION ( 'NONE',  ( -4.795620454587664703E-16, 0.000000000000000000, 1.000000000000000000 ) ) ;
#3335 = VECTOR ( 'NONE', #476, 1000.000000000000000 ) ;
#3336 = ADVANCED_FACE ( 'NONE', ( #2217, #1841 ), #4028, .F. ) ;
#3337 = CARTESIAN_POINT ( 'NONE',  ( 12.00000000000000000, -53.97500000000000853, -4.499999999999992006 ) ) ;
#3338 = CIRCLE ( 'NONE', #3668, 3.249999999999999556 ) ;
#3339 = DIRECTION ( 'NONE',  ( 1.000000000000000000, 0.000000000000000000, -0.000000000000000000 ) ) ;
#3340 = DIRECTION ( 'NONE',  ( -1.239088197126290817E-16, 1.000000000000000000, -3.582458973934590448E-32 ) ) ;
#3341 = CARTESIAN_POINT ( 'NONE',  ( 15.00000000000000178, -71.47500000000000853, -6.999999999999992006 ) ) ;
#3342 = ORIENTED_EDGE ( 'NONE', *, *, #2906, .T. ) ;
#3343 = DIRECTION ( 'NONE',  ( 4.795620454587664703E-16, -0.000000000000000000, -1.000000000000000000 ) ) ;
#3344 = DIRECTION ( 'NONE',  ( 0.000000000000000000, 0.000000000000000000, 1.000000000000000000 ) ) ;
#3345 = CIRCLE ( 'NONE', #2280, 3.500000000000001332 ) ;
#3346 = CARTESIAN_POINT ( 'NONE',  ( -6.999999999999998224, -53.97500000000000853, -3.999999999999992450 ) ) ;
#3347 = LINE ( 'NONE', #196, #2882 ) ;
#3348 = ORIENTED_EDGE ( 'NONE', *, *, #1503, .T. ) ;
#3349 = EDGE_LOOP ( 'NONE', ( #1286, #467, #578, #1558 ) ) ;
#3350 = VERTEX_POINT ( 'NONE', #900 ) ;
#3351 = CARTESIAN_POINT ( 'NONE',  ( 10.50000000000000000, -66.47500000000000853, -3.999999999999992450 ) ) ;
#3352 = ADVANCED_FACE ( 'NONE', ( #3105, #2506, #1226 ), #2819, .T. ) ;
#3353 = DIRECTION ( 'NONE',  ( 1.239088197126290817E-16, -1.000000000000000000, 3.582458973934590448E-32 ) ) ;
#3354 = CARTESIAN_POINT ( 'NONE',  ( -13.25000000000023093, 1.017415318660397361E-12, 3.000000000000000000 ) ) ;
#3355 = DIRECTION ( 'NONE',  ( 1.000000000000000000, 0.000000000000000000, 0.000000000000000000 ) ) ;
#3356 = CARTESIAN_POINT ( 'NONE',  ( -36.49166666666679504, -22.98333333333325257, -98.54166666666658614 ) ) ;
#3357 = EDGE_CURVE ( 'NONE', #2047, #3791, #321, .T. ) ;
#3358 = VERTEX_POINT ( 'NONE', #2446 ) ;
#3359 = LINE ( 'NONE', #778, #2008 ) ;
#3360 = ORIENTED_EDGE ( 'NONE', *, *, #190, .T. ) ;
#3361 = DIRECTION ( 'NONE',  ( 1.239088197126291063E-16, -1.000000000000000000, 3.582458973934590448E-32 ) ) ;
#3362 = DIRECTION ( 'NONE',  ( -0.000000000000000000, -0.000000000000000000, -1.000000000000000000 ) ) ;
#3363 = ORIENTED_EDGE ( 'NONE', *, *, #2926, .F. ) ;
#3364 = ORIENTED_EDGE ( 'NONE', *, *, #3534, .T. ) ;
#3365 = EDGE_LOOP ( 'NONE', ( #2123, #3602 ) ) ;
#3366 = CYLINDRICAL_SURFACE ( 'NONE', #945, 3.250000000000000444 ) ;
#3367 = ADVANCED_FACE ( 'NONE', ( #3704 ), #2129, .F. ) ;
#3368 = DIRECTION ( 'NONE',  ( -6.424901762877062263E-17, 1.000000000000000000, 0.000000000000000000 ) ) ;
#3369 = DIRECTION ( 'NONE',  ( 0.000000000000000000, 0.000000000000000000, 1.000000000000000000 ) ) ;
#3370 = CARTESIAN_POINT ( 'NONE',  ( -9.699999999999997513, -44.47500000000000853, -24.55000000000000071 ) ) ;
#3371 = EDGE_LOOP ( 'NONE', ( #2250, #1048, #977, #659 ) ) ;
#3372 = DIRECTION ( 'NONE',  ( 1.239088197126290817E-16, -1.000000000000000000, 3.582458973934590448E-32 ) ) ;
#3373 = ORIENTED_EDGE ( 'NONE', *, *, #1166, .T. ) ;
#3374 = EDGE_CURVE ( 'NONE', #3721, #1587, #280, .T. ) ;
#3375 = CARTESIAN_POINT ( 'NONE',  ( -8.100000000000001421, -66.47500000000000853, -3.999999999999992450 ) ) ;
#3376 = DIRECTION ( 'NONE',  ( 2.532905239608406037E-16, -4.439659870964747057E-33, -1.000000000000000000 ) ) ;
#3377 = AXIS2_PLACEMENT_3D ( 'NONE', #3898, #3227, #403 ) ;
#3378 = VERTEX_POINT ( 'NONE', #3149 ) ;
#3379 = EDGE_CURVE ( 'NONE', #2853, #139, #832, .T. ) ;
#3380 = VECTOR ( 'NONE', #1011, 1000.000000000000000 ) ;
#3381 = CARTESIAN_POINT ( 'NONE',  ( 15.00000000000000178, -71.47500000000000853, -6.999999999999992006 ) ) ;
#3382 = DIRECTION ( 'NONE',  ( 1.000000000000000000, 0.000000000000000000, 0.000000000000000000 ) ) ;
#3383 = ORIENTED_EDGE ( 'NONE', *, *, #2674, .T. ) ;
#3384 = AXIS2_PLACEMENT_3D ( 'NONE', #3910, #2979, #1118 ) ;
#3385 = EDGE_LOOP ( 'NONE', ( #707, #2146 ) ) ;
#3386 = CIRCLE ( 'NONE', #2599, 1.750000000000001554 ) ;
#3387 = AXIS2_PLACEMENT_3D ( 'NONE', #749, #1701, #1617 ) ;
#3388 = ORIENTED_EDGE ( 'NONE', *, *, #1244, .F. ) ;
#3389 = CARTESIAN_POINT ( 'NONE',  ( 10.00000000000000711, -34.47500000000000853, 5.000000000000000000 ) ) ;
#3390 = VECTOR ( 'NONE', #2406, 1000.000000000000000 ) ;
#3391 = DIRECTION ( 'NONE',  ( 1.000000000000000000, 0.000000000000000000, 0.000000000000000000 ) ) ;
#3392 = CARTESIAN_POINT ( 'NONE',  ( 25.00000000000006040, -34.47499999999996589, -87.04999999999996874 ) ) ;
#3393 = LINE ( 'NONE', #1492, #2545 ) ;
#3394 = ORIENTED_EDGE ( 'NONE', *, *, #3583, .T. ) ;
#3395 = CIRCLE ( 'NONE', #3193, 1.499999999999999556 ) ;
#3396 = DIRECTION ( 'NONE',  ( -0.000000000000000000, -0.000000000000000000, -1.000000000000000000 ) ) ;
#3397 = ORIENTED_EDGE ( 'NONE', *, *, #3858, .F. ) ;
#3398 = CIRCLE ( 'NONE', #1748, 0.5000000000000004441 ) ;
#3399 = DIRECTION ( 'NONE',  ( 1.000000000000000000, 0.000000000000000000, 0.000000000000000000 ) ) ;
#3400 = FACE_OUTER_BOUND ( 'NONE', #1631, .T. ) ;
#3401 = DIRECTION ( 'NONE',  ( 1.000000000000000000, 0.000000000000000000, 0.000000000000000000 ) ) ;
#3402 = VECTOR ( 'NONE', #2494, 1000.000000000000000 ) ;
#3403 = ORIENTED_EDGE ( 'NONE', *, *, #3200, .F. ) ;
#3404 = EDGE_CURVE ( 'NONE', #2582, #2690, #3804, .T. ) ;
#3405 = CIRCLE ( 'NONE', #3205, 1.499999999999999556 ) ;
#3406 = LINE ( 'NONE', #1272, #3864 ) ;
#3407 = VERTEX_POINT ( 'NONE', #2497 ) ;
#3408 = EDGE_CURVE ( 'NONE', #1844, #1888, #2745, .T. ) ;
#3409 = PRODUCT_DEFINITION_CONTEXT ( 'detailed design', #1917, 'design' ) ;
#3410 = CIRCLE ( 'NONE', #2155, 3.500000000000002220 ) ;
#3411 = ORIENTED_EDGE ( 'NONE', *, *, #3129, .T. ) ;
#3412 = ORIENTED_EDGE ( 'NONE', *, *, #3635, .T. ) ;
#3413 = CARTESIAN_POINT ( 'NONE',  ( 13.24999999999976552, 1.081998097481262245E-12, 5.000000000000000000 ) ) ;
#3414 = EDGE_CURVE ( 'NONE', #1927, #1775, #1356, .T. ) ;
#3415 = CARTESIAN_POINT ( 'NONE',  ( 6.749999999999765521, 1.081600087271539223E-12, 3.000000000000000000 ) ) ;
#3416 = DIRECTION ( 'NONE',  ( 0.000000000000000000, -0.000000000000000000, -1.000000000000000000 ) ) ;
#3417 = CARTESIAN_POINT ( 'NONE',  ( 0.000000000000000000, 0.000000000000000000, -91.04999999999999716 ) ) ;
#3418 = ORIENTED_EDGE ( 'NONE', *, *, #2035, .T. ) ;
#3419 = CARTESIAN_POINT ( 'NONE',  ( -11.19999999999999574, -44.47500000000000853, -24.55000000000000071 ) ) ;
#3420 = EDGE_LOOP ( 'NONE', ( #860, #1103, #4, #3085 ) ) ;
#3421 = DIRECTION ( 'NONE',  ( 1.000000000000000000, 1.239088197126290817E-16, 0.000000000000000000 ) ) ;
#3422 = CARTESIAN_POINT ( 'NONE',  ( -9.999999999999994671, -37.47500000000000853, -2.000000000000029310 ) ) ;
#3423 = CARTESIAN_POINT ( 'NONE',  ( -9.999999999999994671, -34.47500000000000853, 0.000000000000000000 ) ) ;
#3424 = ORIENTED_EDGE ( 'NONE', *, *, #2240, .T. ) ;
#3425 = DIRECTION ( 'NONE',  ( 0.000000000000000000, 0.000000000000000000, 1.000000000000000000 ) ) ;
#3426 = EDGE_CURVE ( 'NONE', #974, #3596, #270, .T. ) ;
#3427 = EDGE_LOOP ( 'NONE', ( #2267, #2048 ) ) ;
#3428 = ADVANCED_FACE ( 'NONE', ( #2183 ), #948, .F. ) ;
#3429 = ORIENTED_EDGE ( 'NONE', *, *, #2686, .T. ) ;
#3430 = VERTEX_POINT ( 'NONE', #641 ) ;
#3431 = CARTESIAN_POINT ( 'NONE',  ( 9.999999999999765521, 1.081600087271539223E-12, 5.000000000000000000 ) ) ;
#3432 = EDGE_CURVE ( 'NONE', #20, #3116, #443, .T. ) ;
#3433 = FACE_OUTER_BOUND ( 'NONE', #154, .T. ) ;
#3434 = DIRECTION ( 'NONE',  ( -0.000000000000000000, -0.000000000000000000, -1.000000000000000000 ) ) ;
#3435 = ORIENTED_EDGE ( 'NONE', *, *, #1711, .T. ) ;
#3436 = DIRECTION ( 'NONE',  ( 1.000000000000000000, 1.734723475976808080E-16, 0.000000000000000000 ) ) ;
#3437 = ORIENTED_EDGE ( 'NONE', *, *, #2804, .T. ) ;
#3438 = DIRECTION ( 'NONE',  ( 1.000000000000000000, 1.239088197126290817E-16, 0.000000000000000000 ) ) ;
#3439 = EDGE_CURVE ( 'NONE', #2690, #3751, #231, .T. ) ;
#3440 = FACE_OUTER_BOUND ( 'NONE', #2822, .T. ) ;
#3441 = CARTESIAN_POINT ( 'NONE',  ( 15.00000000000000355, -7.474999999999998757, 0.000000000000000000 ) ) ;
#3442 = ORIENTED_EDGE ( 'NONE', *, *, #681, .F. ) ;
#3443 = CARTESIAN_POINT ( 'NONE',  ( 10.50000000000000000, -66.47500000000000853, -3.999999999999992450 ) ) ;
#3444 = CARTESIAN_POINT ( 'NONE',  ( 7.300000000000007816, -43.97500000000000853, -81.04999999999999716 ) ) ;
#3445 = ORIENTED_EDGE ( 'NONE', *, *, #1639, .F. ) ;
#3446 = VECTOR ( 'NONE', #1673, 1000.000000000000000 ) ;
#3447 = ORIENTED_EDGE ( 'NONE', *, *, #1913, .F. ) ;
#3448 = ORIENTED_EDGE ( 'NONE', *, *, #2479, .T. ) ;
#3449 = CIRCLE ( 'NONE', #2661, 3.249999999999999556 ) ;
#3450 = CARTESIAN_POINT ( 'NONE',  ( -10.50000000000000000, -53.97500000000000853, -3.999999999999992450 ) ) ;
#3451 = CIRCLE ( 'NONE', #1662, 0.4999999999999995559 ) ;
#3452 = EDGE_CURVE ( 'NONE', #2069, #2161, #1850, .T. ) ;
#3453 = AXIS2_PLACEMENT_3D ( 'NONE', #2054, #2972, #497 ) ;
#3454 = VECTOR ( 'NONE', #2279, 1000.000000000000000 ) ;
#3455 = CARTESIAN_POINT ( 'NONE',  ( -10.00000000000023093, 1.017415318660397361E-12, 0.000000000000000000 ) ) ;
#3456 = DIRECTION ( 'NONE',  ( 1.000000000000000000, 0.000000000000000000, -0.000000000000000000 ) ) ;
#3457 = CARTESIAN_POINT ( 'NONE',  ( 14.99999999999995914, -41.47500000000000142, 5.000000000000000000 ) ) ;
#3458 = EDGE_LOOP ( 'NONE', ( #1263, #2868, #3051, #583 ) ) ;
#3459 = DIRECTION ( 'NONE',  ( 1.000000000000000000, 1.239088197126290817E-16, 0.000000000000000000 ) ) ;
#3460 = VECTOR ( 'NONE', #836, 1000.000000000000000 ) ;
#3461 = ORIENTED_EDGE ( 'NONE', *, *, #2889, .F. ) ;
#3462 = EDGE_CURVE ( 'NONE', #2733, #974, #3758, .T. ) ;
#3463 = CARTESIAN_POINT ( 'NONE',  ( 9.700000000000001066, -44.47500000000000853, -24.54999999999999716 ) ) ;
#3464 = AXIS2_PLACEMENT_3D ( 'NONE', #3301, #1335, #3594 ) ;
#3465 = CARTESIAN_POINT ( 'NONE',  ( -9.999999999999969802, -34.47500000000000853, -91.04999999999999716 ) ) ;
#3466 = LINE ( 'NONE', #612, #34 ) ;
#3467 = ORIENTED_EDGE ( 'NONE', *, *, #3694, .F. ) ;
#3468 = DIRECTION ( 'NONE',  ( 1.000000000000000000, 0.000000000000000000, 0.000000000000000000 ) ) ;
#3469 = DIRECTION ( 'NONE',  ( 1.000000000000000000, 0.000000000000000000, 0.000000000000000000 ) ) ;
#3470 = ORIENTED_EDGE ( 'NONE', *, *, #1711, .F. ) ;
#3471 = CIRCLE ( 'NONE', #115, 0.5000000000000004441 ) ;
#3472 = CIRCLE ( 'NONE', #1618, 3.500000000000003109 ) ;
#3473 = ORIENTED_EDGE ( 'NONE', *, *, #1528, .T. ) ;
#3474 = DIRECTION ( 'NONE',  ( -0.000000000000000000, -0.000000000000000000, 1.000000000000000000 ) ) ;
#3475 = VECTOR ( 'NONE', #4042, 999.9999999999998863 ) ;
#3476 = DIRECTION ( 'NONE',  ( 0.000000000000000000, 3.582458973934590448E-32, 1.000000000000000000 ) ) ;
#3477 = DIRECTION ( 'NONE',  ( -1.000000000000000000, 0.000000000000000000, 0.000000000000000000 ) ) ;
#3478 = VERTEX_POINT ( 'NONE', #1237 ) ;
#3479 = ORIENTED_EDGE ( 'NONE', *, *, #2220, .F. ) ;
#3480 = EDGE_CURVE ( 'NONE', #698, #158, #3195, .T. ) ;
#3481 = DIRECTION ( 'NONE',  ( -0.000000000000000000, 0.000000000000000000, 1.000000000000000000 ) ) ;
#3482 = EDGE_LOOP ( 'NONE', ( #3849, #3397, #3802, #1241, #1227 ) ) ;
#3483 = CARTESIAN_POINT ( 'NONE',  ( -10.50000000000000000, -53.97500000000000853, -3.999999999999992450 ) ) ;
#3484 = CYLINDRICAL_SURFACE ( 'NONE', #2541, 3.000000000000000000 ) ;
#3485 = ADVANCED_FACE ( 'NONE', ( #2866 ), #347, .F. ) ;
#3486 = CARTESIAN_POINT ( 'NONE',  ( 8.999999999999982236, -19.36422972372517748, -5.499999999999988454 ) ) ;
#3487 = DIRECTION ( 'NONE',  ( -1.000000000000000000, 0.000000000000000000, 0.000000000000000000 ) ) ;
#3488 = ORIENTED_EDGE ( 'NONE', *, *, #1422, .F. ) ;
#3489 = ORIENTED_EDGE ( 'NONE', *, *, #1078, .T. ) ;
#3490 = ADVANCED_FACE ( 'NONE', ( #1641 ), #1930, .F. ) ;
#3491 = CARTESIAN_POINT ( 'NONE',  ( 27.39500000000000313, -41.47500000000000142, -87.04999999999996874 ) ) ;
#3492 = DIRECTION ( 'NONE',  ( -1.239088197126290817E-16, 1.000000000000000000, -3.582458973934590448E-32 ) ) ;
#3493 = ORIENTED_EDGE ( 'NONE', *, *, #3555, .T. ) ;
#3494 = EDGE_LOOP ( 'NONE', ( #2018, #272 ) ) ;
#3495 = CARTESIAN_POINT ( 'NONE',  ( -11.19999999999998863, -44.47500000000000853, -81.04999999999999716 ) ) ;
#3496 = ORIENTED_EDGE ( 'NONE', *, *, #2228, .T. ) ;
#3497 = ADVANCED_FACE ( 'NONE', ( #372 ), #696, .F. ) ;
#3498 = FACE_OUTER_BOUND ( 'NONE', #3206, .T. ) ;
#3499 = DIRECTION ( 'NONE',  ( 1.000000000000000000, 0.000000000000000000, 0.000000000000000000 ) ) ;
#3500 = DIRECTION ( 'NONE',  ( 1.000000000000000000, 0.000000000000000000, -0.000000000000000000 ) ) ;
#3501 = ADVANCED_FACE ( 'NONE', ( #2619 ), #2573, .F. ) ;
#3502 = CARTESIAN_POINT ( 'NONE',  ( 8.999999999999984013, -37.47500000000000853, -3.999999999999988010 ) ) ;
#3503 = DIRECTION ( 'NONE',  ( 1.000000000000000000, 0.000000000000000000, 2.891205793294678326E-16 ) ) ;
#3504 = CYLINDRICAL_SURFACE ( 'NONE', #3666, 1.750000000000001554 ) ;
#3505 = VERTEX_POINT ( 'NONE', #1956 ) ;
#3506 = ADVANCED_FACE ( 'NONE', ( #3217 ), #2909, .T. ) ;
#3507 = ORIENTED_EDGE ( 'NONE', *, *, #454, .T. ) ;
#3508 = PLANE ( 'NONE',  #489 ) ;
#3509 = CARTESIAN_POINT ( 'NONE',  ( -8.199999999999990408, -44.47500000000000853, -81.04999999999999716 ) ) ;
#3510 = AXIS2_PLACEMENT_3D ( 'NONE', #2404, #2426, #1777 ) ;
#3511 = AXIS2_PLACEMENT_3D ( 'NONE', #198, #1446, #137 ) ;
#3512 = CIRCLE ( 'NONE', #811, 2.999999999999998224 ) ;
#3513 = ORIENTED_EDGE ( 'NONE', *, *, #133, .F. ) ;
#3514 = EDGE_LOOP ( 'NONE', ( #72, #3913, #1583, #2513 ) ) ;
#3515 = LINE ( 'NONE', #1946, #487 ) ;
#3516 = VERTEX_POINT ( 'NONE', #475 ) ;
#3517 = AXIS2_PLACEMENT_3D ( 'NONE', #247, #3709, #1497 ) ;
#3518 = VECTOR ( 'NONE', #2533, 999.9999999999998863 ) ;
#3519 = LINE ( 'NONE', #1923, #1537 ) ;
#3520 = DIRECTION ( 'NONE',  ( -1.239088197126290817E-16, 1.000000000000000000, -3.582458973934590448E-32 ) ) ;
#3521 = CIRCLE ( 'NONE', #4061, 3.249999999999999556 ) ;
#3522 = DIRECTION ( 'NONE',  ( -0.000000000000000000, -0.000000000000000000, -1.000000000000000000 ) ) ;
#3523 = AXIS2_PLACEMENT_3D ( 'NONE', #1754, #862, #889 ) ;
#3524 = CARTESIAN_POINT ( 'NONE',  ( 10.50000000000000000, -53.97500000000000853, -3.999999999999992450 ) ) ;
#3525 = CARTESIAN_POINT ( 'NONE',  ( 9.700000000000001066, -43.97500000000000853, -24.54999999999999716 ) ) ;
#3526 = DIRECTION ( 'NONE',  ( -1.000000000000000000, -0.000000000000000000, -0.000000000000000000 ) ) ;
#3527 = VERTEX_POINT ( 'NONE', #3930 ) ;
#3528 = ADVANCED_FACE ( 'NONE', ( #1091 ), #2055, .F. ) ;
#3529 = VECTOR ( 'NONE', #2743, 1000.000000000000000 ) ;
#3530 = VECTOR ( 'NONE', #2987, 1000.000000000000000 ) ;
#3531 = DIRECTION ( 'NONE',  ( -0.000000000000000000, -0.000000000000000000, -1.000000000000000000 ) ) ;
#3532 = ORIENTED_EDGE ( 'NONE', *, *, #157, .T. ) ;
#3533 = LINE ( 'NONE', #1298, #2465 ) ;
#3534 = EDGE_CURVE ( 'NONE', #2964, #1180, #1423, .T. ) ;
#3535 = DIRECTION ( 'NONE',  ( -1.239088197126290817E-16, 1.000000000000000000, -3.582458973934590448E-32 ) ) ;
#3536 = CIRCLE ( 'NONE', #1882, 3.500000000000002220 ) ;
#3537 = AXIS2_PLACEMENT_3D ( 'NONE', #3859, #147, #3885 ) ;
#3538 = ORIENTED_EDGE ( 'NONE', *, *, #2066, .T. ) ;
#3539 = VERTEX_POINT ( 'NONE', #3989 ) ;
#3540 = DIRECTION ( 'NONE',  ( -0.000000000000000000, -0.000000000000000000, -1.000000000000000000 ) ) ;
#3541 = ORIENTED_EDGE ( 'NONE', *, *, #1892, .T. ) ;
#3542 = PLANE ( 'NONE',  #3659 ) ;
#3543 = CARTESIAN_POINT ( 'NONE',  ( -18.44999999999999574, -27.47500000000000497, -91.04999999999999716 ) ) ;
#3544 = FACE_OUTER_BOUND ( 'NONE', #2911, .T. ) ;
#3545 = ORIENTED_EDGE ( 'NONE', *, *, #2311, .T. ) ;
#3546 = DIRECTION ( 'NONE',  ( -0.000000000000000000, 0.000000000000000000, 1.000000000000000000 ) ) ;
#3547 = DIRECTION ( 'NONE',  ( -1.239088197126290817E-16, 1.000000000000000000, -3.582458973934590448E-32 ) ) ;
#3548 = EDGE_LOOP ( 'NONE', ( #1188, #1505, #2360, #3001 ) ) ;
#3549 = EDGE_CURVE ( 'NONE', #940, #2681, #499, .T. ) ;
#3550 = LINE ( 'NONE', #1977, #2409 ) ;
#3551 = DIRECTION ( 'NONE',  ( -1.000000000000000000, 5.782411586589366513E-16, -1.445602896647341628E-16 ) ) ;
#3552 = ORIENTED_EDGE ( 'NONE', *, *, #1078, .F. ) ;
#3553 = CARTESIAN_POINT ( 'NONE',  ( -13.19999999999999218, -44.47500000000000853, -81.04999999999999716 ) ) ;
#3554 = CARTESIAN_POINT ( 'NONE',  ( -10.50000000000000000, -53.97500000000000853, -3.999999999999992450 ) ) ;
#3555 = EDGE_CURVE ( 'NONE', #3642, #3161, #820, .T. ) ;
#3556 = EDGE_LOOP ( 'NONE', ( #3552, #2648, #1460, #1520 ) ) ;
#3557 = ORIENTED_EDGE ( 'NONE', *, *, #355, .F. ) ;
#3558 = DIRECTION ( 'NONE',  ( 0.000000000000000000, -1.000000000000000000, 0.000000000000000000 ) ) ;
#3559 = EDGE_CURVE ( 'NONE', #2509, #2377, #1684, .T. ) ;
#3560 = CYLINDRICAL_SURFACE ( 'NONE', #621, 1.499999999999999556 ) ;
#3561 = DIRECTION ( 'NONE',  ( 0.000000000000000000, 0.000000000000000000, 1.000000000000000000 ) ) ;
#3562 = DIRECTION ( 'NONE',  ( 1.239088197126290817E-16, -1.000000000000000000, 3.582458973934590448E-32 ) ) ;
#3563 = DIRECTION ( 'NONE',  ( -4.795620454587664703E-16, 0.000000000000000000, 1.000000000000000000 ) ) ;
#3564 = CARTESIAN_POINT ( 'NONE',  ( 9.700000000000001066, -41.47500000000000142, -24.54999999999999716 ) ) ;
#3565 = CARTESIAN_POINT ( 'NONE',  ( 6.200000000000004619, -44.47500000000000853, -81.04999999999999716 ) ) ;
#3566 = DIRECTION ( 'NONE',  ( 2.891205793294678819E-16, 3.343628375672285075E-32, -1.000000000000000000 ) ) ;
#3567 = EDGE_LOOP ( 'NONE', ( #3964, #150, #3647, #1544 ) ) ;
#3568 = CARTESIAN_POINT ( 'NONE',  ( 9.700000000000006395, -44.47500000000000853, -81.04999999999999716 ) ) ;
#3569 = DIRECTION ( 'NONE',  ( -1.239088197126290817E-16, 1.000000000000000000, -3.582458973934590448E-32 ) ) ;
#3570 = ORIENTED_EDGE ( 'NONE', *, *, #284, .F. ) ;
#3571 = DIRECTION ( 'NONE',  ( -1.000000000000000000, 0.000000000000000000, 0.000000000000000000 ) ) ;
#3572 = DIRECTION ( 'NONE',  ( 1.239088197126290817E-16, -1.000000000000000000, 0.000000000000000000 ) ) ;
#3573 = EDGE_LOOP ( 'NONE', ( #2263, #3435, #3842, #1919 ) ) ;
#3574 = ORIENTED_EDGE ( 'NONE', *, *, #3895, .T. ) ;
#3575 = CIRCLE ( 'NONE', #674, 3.500000000000001332 ) ;
#3576 = CARTESIAN_POINT ( 'NONE',  ( -11.75000000000023093, 1.017415318660397361E-12, 7.949747468305831788 ) ) ;
#3577 = EDGE_CURVE ( 'NONE', #3791, #237, #53, .T. ) ;
#3578 = VECTOR ( 'NONE', #3334, 1000.000000000000000 ) ;
#3579 = CARTESIAN_POINT ( 'NONE',  ( 10.50000000000000000, -53.97500000000000853, -3.999999999999992450 ) ) ;
#3580 = PLANE ( 'NONE',  #1548 ) ;
#3581 = CARTESIAN_POINT ( 'NONE',  ( 7.300000000000000711, -43.97500000000000853, -24.54999999999999716 ) ) ;
#3582 = CYLINDRICAL_SURFACE ( 'NONE', #3387, 3.249999999999999556 ) ;
#3583 = EDGE_CURVE ( 'NONE', #620, #3539, #3405, .T. ) ;
#3584 = AXIS2_PLACEMENT_3D ( 'NONE', #320, #868, #2125 ) ;
#3585 = EDGE_LOOP ( 'NONE', ( #3461, #1713, #1057, #924 ) ) ;
#3586 = AXIS2_PLACEMENT_3D ( 'NONE', #594, #3135, #3095 ) ;
#3587 = DIRECTION ( 'NONE',  ( -0.000000000000000000, 0.000000000000000000, 1.000000000000000000 ) ) ;
#3588 = DIRECTION ( 'NONE',  ( 0.000000000000000000, 0.000000000000000000, 1.000000000000000000 ) ) ;
#3589 = CIRCLE ( 'NONE', #1666, 3.500000000000003109 ) ;
#3590 = VECTOR ( 'NONE', #3856, 1000.000000000000000 ) ;
#3591 = CARTESIAN_POINT ( 'NONE',  ( 10.50000000000000000, -53.97500000000000853, -6.999999999999992006 ) ) ;
#3592 = ORIENTED_EDGE ( 'NONE', *, *, #3737, .F. ) ;
#3593 = VECTOR ( 'NONE', #2174, 1000.000000000000000 ) ;
#3594 = DIRECTION ( 'NONE',  ( 1.000000000000000000, 0.000000000000000000, -0.000000000000000000 ) ) ;
#3595 = DIRECTION ( 'NONE',  ( 1.000000000000000000, 0.000000000000000000, 0.000000000000000000 ) ) ;
#3596 = VERTEX_POINT ( 'NONE', #450 ) ;
#3597 = VECTOR ( 'NONE', #3976, 1000.000000000000000 ) ;
#3598 = CARTESIAN_POINT ( 'NONE',  ( 7.171572875253819035, -35.47500000000000853, 0.000000000000000000 ) ) ;
#3599 = DIRECTION ( 'NONE',  ( 0.000000000000000000, 0.000000000000000000, 1.000000000000000000 ) ) ;
#3600 = AXIS2_PLACEMENT_3D ( 'NONE', #3990, #3298, #1132 ) ;
#3601 = ORIENTED_EDGE ( 'NONE', *, *, #1240, .F. ) ;
#3602 = ORIENTED_EDGE ( 'NONE', *, *, #1886, .F. ) ;
#3603 = AXIS2_PLACEMENT_3D ( 'NONE', #2654, #492, #3921 ) ;
#3604 = CARTESIAN_POINT ( 'NONE',  ( -13.19999999999999218, -44.47500000000000853, -81.04999999999999716 ) ) ;
#3605 = AXIS2_PLACEMENT_3D ( 'NONE', #3973, #2658, #754 ) ;
#3606 = EDGE_CURVE ( 'NONE', #1248, #3751, #2685, .T. ) ;
#3607 = DIRECTION ( 'NONE',  ( 0.000000000000000000, 1.000000000000000000, 0.000000000000000000 ) ) ;
#3608 = CARTESIAN_POINT ( 'NONE',  ( 6.999999999999998224, -66.47500000000000853, -3.999999999999992450 ) ) ;
#3609 = DIRECTION ( 'NONE',  ( -1.000000000000000000, 0.000000000000000000, 0.000000000000000000 ) ) ;
#3610 = AXIS2_PLACEMENT_3D ( 'NONE', #2042, #2709, #3025 ) ;
#3611 = ORIENTED_EDGE ( 'NONE', *, *, #3176, .F. ) ;
#3612 = ADVANCED_FACE ( 'NONE', ( #2947 ), #3580, .F. ) ;
#3613 = DIRECTION ( 'NONE',  ( 1.000000000000000000, 0.000000000000000000, 0.000000000000000000 ) ) ;
#3614 = CARTESIAN_POINT ( 'NONE',  ( -14.99999999999999645, -41.47500000000000142, -18.99999999999995737 ) ) ;
#3615 = VERTEX_POINT ( 'NONE', #1082 ) ;
#3616 = EDGE_CURVE ( 'NONE', #718, #236, #491, .T. ) ;
#3617 = DIRECTION ( 'NONE',  ( 1.000000000000000000, 0.000000000000000000, 0.000000000000000000 ) ) ;
#3618 = DIRECTION ( 'NONE',  ( -0.000000000000000000, -0.000000000000000000, -1.000000000000000000 ) ) ;
#3619 = ORIENTED_EDGE ( 'NONE', *, *, #2040, .T. ) ;
#3620 = DIRECTION ( 'NONE',  ( -1.000000000000000000, 0.000000000000000000, 0.000000000000000000 ) ) ;
#3621 = DIRECTION ( 'NONE',  ( -1.000000000000000000, 0.000000000000000000, 0.000000000000000000 ) ) ;
#3622 = EDGE_CURVE ( 'NONE', #2832, #539, #3033, .T. ) ;
#3623 = EDGE_LOOP ( 'NONE', ( #710, #1789 ) ) ;
#3624 = ORIENTED_EDGE ( 'NONE', *, *, #235, .F. ) ;
#3625 = DIRECTION ( 'NONE',  ( 1.239088197126290817E-16, -1.000000000000000000, 3.582458973934590448E-32 ) ) ;
#3626 = CARTESIAN_POINT ( 'NONE',  ( -12.90000000000000036, -66.47500000000000853, -3.999999999999992450 ) ) ;
#3627 = DIRECTION ( 'NONE',  ( -0.000000000000000000, -0.000000000000000000, -1.000000000000000000 ) ) ;
#3628 = DIRECTION ( 'NONE',  ( 1.000000000000000000, 0.000000000000000000, 0.000000000000000000 ) ) ;
#3629 = CARTESIAN_POINT ( 'NONE',  ( 27.39500000000000313, -41.47500000000000142, -87.04999999999996874 ) ) ;
#3630 = ORIENTED_EDGE ( 'NONE', *, *, #315, .F. ) ;
#3631 = EDGE_CURVE ( 'NONE', #1472, #3219, #3472, .T. ) ;
#3632 = SHAPE_DEFINITION_REPRESENTATION ( #1716, #35 ) ;
#3633 = LINE ( 'NONE', #818, #36 ) ;
#3634 = PLANE ( 'NONE',  #1942 ) ;
#3635 = EDGE_CURVE ( 'NONE', #447, #1584, #3536, .T. ) ;
#3636 = CYLINDRICAL_SURFACE ( 'NONE', #3072, 2.399999999999999467 ) ;
#3637 = CARTESIAN_POINT ( 'NONE',  ( 10.00000000000000178, -7.474999999999998757, 5.000000000000000000 ) ) ;
#3638 = ORIENTED_EDGE ( 'NONE', *, *, #2186, .F. ) ;
#3639 = DIRECTION ( 'NONE',  ( 2.532905239608406037E-16, -4.439659870964747057E-33, -1.000000000000000000 ) ) ;
#3640 = EDGE_CURVE ( 'NONE', #99, #1947, #4076, .T. ) ;
#3641 = ORIENTED_EDGE ( 'NONE', *, *, #252, .F. ) ;
#3642 = VERTEX_POINT ( 'NONE', #1347 ) ;
#3643 = CARTESIAN_POINT ( 'NONE',  ( 15.00000000000000178, -71.47500000000000853, -6.999999999999992006 ) ) ;
#3644 = DIRECTION ( 'NONE',  ( 0.000000000000000000, 0.000000000000000000, -1.000000000000000000 ) ) ;
#3645 = FACE_BOUND ( 'NONE', #2538, .T. ) ;
#3646 = CYLINDRICAL_SURFACE ( 'NONE', #1266, 1.499999999999999556 ) ;
#3647 = ORIENTED_EDGE ( 'NONE', *, *, #1482, .T. ) ;
#3648 = AXIS2_PLACEMENT_3D ( 'NONE', #2296, #3558, #2944 ) ;
#3649 = DIRECTION ( 'NONE',  ( 0.000000000000000000, 0.000000000000000000, 1.000000000000000000 ) ) ;
#3650 = CARTESIAN_POINT ( 'NONE',  ( 22.00000000000001421, -37.47500000000000853, -84.04999999999995453 ) ) ;
#3651 = CARTESIAN_POINT ( 'NONE',  ( 18.45000000000000284, -27.47500000000000497, -91.04999999999999716 ) ) ;
#3652 = AXIS2_PLACEMENT_3D ( 'NONE', #3329, #442, #507 ) ;
#3653 = VECTOR ( 'NONE', #3343, 1000.000000000000000 ) ;
#3654 = VECTOR ( 'NONE', #145, 1000.000000000000000 ) ;
#3655 = DIRECTION ( 'NONE',  ( 1.000000000000000000, 0.000000000000000000, 0.000000000000000000 ) ) ;
#3656 = ADVANCED_FACE ( 'NONE', ( #3900 ), #2968, .T. ) ;
#3657 = FACE_BOUND ( 'NONE', #2326, .T. ) ;
#3658 = ORIENTED_EDGE ( 'NONE', *, *, #3616, .T. ) ;
#3659 = AXIS2_PLACEMENT_3D ( 'NONE', #3483, #3880, #997 ) ;
#3660 = LINE ( 'NONE', #1072, #2528 ) ;
#3661 = VECTOR ( 'NONE', #3368, 1000.000000000000000 ) ;
#3662 = EDGE_CURVE ( 'NONE', #1526, #2832, #2031, .T. ) ;
#3663 = ORIENTED_EDGE ( 'NONE', *, *, #3035, .T. ) ;
#3664 = ORIENTED_EDGE ( 'NONE', *, *, #2981, .F. ) ;
#3665 = FACE_OUTER_BOUND ( 'NONE', #1403, .T. ) ;
#3666 = AXIS2_PLACEMENT_3D ( 'NONE', #3906, #3234, #1028 ) ;
#3667 = LINE ( 'NONE', #3047, #3460 ) ;
#3668 = AXIS2_PLACEMENT_3D ( 'NONE', #517, #1108, #3628 ) ;
#3669 = DIRECTION ( 'NONE',  ( 1.239088197126291063E-16, -1.000000000000000000, 3.582458973934590448E-32 ) ) ;
#3670 = CYLINDRICAL_SURFACE ( 'NONE', #828, 2.399999999999999467 ) ;
#3671 = DIRECTION ( 'NONE',  ( -1.000000000000000000, 0.000000000000000000, -9.637352644315595243E-17 ) ) ;
#3672 = VERTEX_POINT ( 'NONE', #2677 ) ;
#3673 = VECTOR ( 'NONE', #1884, 1000.000000000000114 ) ;
#3674 = CARTESIAN_POINT ( 'NONE',  ( 11.19999999999999929, -43.97500000000000853, -24.54999999999999716 ) ) ;
#3675 = CIRCLE ( 'NONE', #1101, 3.000000000000000000 ) ;
#3676 = CARTESIAN_POINT ( 'NONE',  ( 10.00000000000000888, -37.47500000000000853, -2.000000000000029310 ) ) ;
#3677 = CARTESIAN_POINT ( 'NONE',  ( -10.50000000000000000, -53.97500000000000853, -3.999999999999992450 ) ) ;
#3678 = ORIENTED_EDGE ( 'NONE', *, *, #2257, .T. ) ;
#3679 = EDGE_CURVE ( 'NONE', #703, #3137, #4012, .T. ) ;
#3680 = EDGE_LOOP ( 'NONE', ( #81, #1136, #2672, #1702 ) ) ;
#3681 = EDGE_LOOP ( 'NONE', ( #3113, #987, #1853, #1448 ) ) ;
#3682 = CYLINDRICAL_SURFACE ( 'NONE', #2391, 1.499999999999999556 ) ;
#3683 = ADVANCED_FACE ( 'NONE', ( #187 ), #1126, .T. ) ;
#3684 = DIRECTION ( 'NONE',  ( 1.239088197126290817E-16, -1.000000000000000000, 0.000000000000000000 ) ) ;
#3685 = DIRECTION ( 'NONE',  ( 0.000000000000000000, 0.000000000000000000, 1.000000000000000000 ) ) ;
#3686 = CARTESIAN_POINT ( 'NONE',  ( 13.00500000000000256, -22.47500000000000853, -91.04999999999998295 ) ) ;
#3687 = ORIENTED_EDGE ( 'NONE', *, *, #1133, .T. ) ;
#3688 = DIRECTION ( 'NONE',  ( 0.000000000000000000, 0.000000000000000000, 1.000000000000000000 ) ) ;
#3689 = ORIENTED_EDGE ( 'NONE', *, *, #444, .F. ) ;
#3690 = EDGE_CURVE ( 'NONE', #2455, #2438, #2111, .T. ) ;
#3691 = CARTESIAN_POINT ( 'NONE',  ( 9.999999999999765521, 1.081600087271539223E-12, 5.000000000000000000 ) ) ;
#3692 = LINE ( 'NONE', #3053, #3010 ) ;
#3693 = ORIENTED_EDGE ( 'NONE', *, *, #2823, .F. ) ;
#3694 = EDGE_CURVE ( 'NONE', #1584, #447, #2610, .T. ) ;
#3695 = DIRECTION ( 'NONE',  ( 0.000000000000000000, -3.582458973934590448E-32, -1.000000000000000000 ) ) ;
#3696 = CYLINDRICAL_SURFACE ( 'NONE', #2539, 2.399999999999999467 ) ;
#3697 = ORIENTED_EDGE ( 'NONE', *, *, #3462, .T. ) ;
#3698 = ORIENTED_EDGE ( 'NONE', *, *, #3800, .F. ) ;
#3699 = ORIENTED_EDGE ( 'NONE', *, *, #2327, .F. ) ;
#3700 = ORIENTED_EDGE ( 'NONE', *, *, #2454, .F. ) ;
#3701 = LINE ( 'NONE', #1879, #1796 ) ;
#3702 = DIRECTION ( 'NONE',  ( 1.239088197126290817E-16, -1.000000000000000000, 3.582458973934590448E-32 ) ) ;
#3703 = CARTESIAN_POINT ( 'NONE',  ( 12.09999999999999964, -44.47500000000000853, -24.54999999999999716 ) ) ;
#3704 = FACE_OUTER_BOUND ( 'NONE', #2401, .T. ) ;
#3705 = ORIENTED_EDGE ( 'NONE', *, *, #644, .T. ) ;
#3706 = EDGE_CURVE ( 'NONE', #988, #718, #4027, .T. ) ;
#3707 = LINE ( 'NONE', #2178, #3994 ) ;
#3708 = EDGE_LOOP ( 'NONE', ( #589, #1976, #1162, #3771, #297, #67, #365, #1093, #1726, #180, #1504, #649, #3303, #805 ) ) ;
#3709 = DIRECTION ( 'NONE',  ( 1.239088197126290817E-16, -1.000000000000000000, 3.582458973934590448E-32 ) ) ;
#3710 = CYLINDRICAL_SURFACE ( 'NONE', #565, 3.500000000000001332 ) ;
#3711 = ADVANCED_FACE ( 'NONE', ( #605, #1225 ), #1168, .F. ) ;
#3712 = CARTESIAN_POINT ( 'NONE',  ( -20.19999999999999574, -27.47500000000000497, -88.04999999999998295 ) ) ;
#3713 = CIRCLE ( 'NONE', #2057, 2.399999999999999467 ) ;
#3714 = ORIENTED_EDGE ( 'NONE', *, *, #1121, .F. ) ;
#3715 = VECTOR ( 'NONE', #2000, 1000.000000000000000 ) ;
#3716 = DIRECTION ( 'NONE',  ( 0.000000000000000000, 1.000000000000000000, 0.000000000000000000 ) ) ;
#3717 = CARTESIAN_POINT ( 'NONE',  ( 0.000000000000000000, -34.47499999999996589, -87.04999999999996874 ) ) ;
#3718 = ORIENTED_EDGE ( 'NONE', *, *, #1260, .T. ) ;
#3719 = AXIS2_PLACEMENT_3D ( 'NONE', #1065, #3588, #1621 ) ;
#3720 = VECTOR ( 'NONE', #32, 1000.000000000000000 ) ;
#3721 = VERTEX_POINT ( 'NONE', #3392 ) ;
#3722 = AXIS2_PLACEMENT_3D ( 'NONE', #1081, #771, #2030 ) ;
#3723 = AXIS2_PLACEMENT_3D ( 'NONE', #2369, #1767, #1128 ) ;
#3724 = ORIENTED_EDGE ( 'NONE', *, *, #3975, .F. ) ;
#3725 = CARTESIAN_POINT ( 'NONE',  ( -14.99999999999999289, -68.47500000000000853, -11.99999999999999467 ) ) ;
#3726 = DIRECTION ( 'NONE',  ( 1.239088197126290817E-16, -1.000000000000000000, 3.582458973934590448E-32 ) ) ;
#3727 = DIRECTION ( 'NONE',  ( 1.000000000000000000, 0.000000000000000000, 0.000000000000000000 ) ) ;
#3728 = FACE_OUTER_BOUND ( 'NONE', #4031, .T. ) ;
#3729 = EDGE_LOOP ( 'NONE', ( #3493, #1277, #1573, #129, #3172 ) ) ;
#3730 = VECTOR ( 'NONE', #1152, 1000.000000000000000 ) ;
#3731 = FACE_OUTER_BOUND ( 'NONE', #2913, .T. ) ;
#3732 = ORIENTED_EDGE ( 'NONE', *, *, #3283, .F. ) ;
#3733 = CARTESIAN_POINT ( 'NONE',  ( 9.700000000000001066, -44.47500000000000853, -24.54999999999999716 ) ) ;
#3734 = DIRECTION ( 'NONE',  ( -1.239088197126290817E-16, 1.000000000000000000, 0.000000000000000000 ) ) ;
#3735 = AXIS2_PLACEMENT_3D ( 'NONE', #3949, #2367, #3014 ) ;
#3736 = ORIENTED_EDGE ( 'NONE', *, *, #3635, .F. ) ;
#3737 = EDGE_CURVE ( 'NONE', #3751, #1248, #1622, .T. ) ;
#3738 = CIRCLE ( 'NONE', #2019, 1.499999999999999556 ) ;
#3739 = DIRECTION ( 'NONE',  ( 1.000000000000000000, 0.000000000000000000, 0.000000000000000000 ) ) ;
#3740 = DIRECTION ( 'NONE',  ( 1.000000000000000000, 1.239088197126290817E-16, 0.000000000000000000 ) ) ;
#3741 = ORIENTED_EDGE ( 'NONE', *, *, #1503, .F. ) ;
#3742 = AXIS2_PLACEMENT_3D ( 'NONE', #260, #3369, #1186 ) ;
#3743 = EDGE_CURVE ( 'NONE', #3140, #3308, #2175, .T. ) ;
#3744 = ORIENTED_EDGE ( 'NONE', *, *, #3534, .F. ) ;
#3745 = VERTEX_POINT ( 'NONE', #2756 ) ;
#3746 = CARTESIAN_POINT ( 'NONE',  ( 13.19999999999999929, -41.47500000000000142, -24.54999999999999716 ) ) ;
#3747 = ADVANCED_FACE ( 'NONE', ( #899 ), #2773, .T. ) ;
#3748 = PLANE ( 'NONE',  #501 ) ;
#3749 = DIRECTION ( 'NONE',  ( 4.795620454587664703E-16, 0.000000000000000000, -1.000000000000000000 ) ) ;
#3750 = CARTESIAN_POINT ( 'NONE',  ( -8.500000000000012434, -41.47500000000000142, -4.999999999999990230 ) ) ;
#3751 = VERTEX_POINT ( 'NONE', #587 ) ;
#3752 = CARTESIAN_POINT ( 'NONE',  ( 9.999999999999765521, 1.081600087271539223E-12, 7.949747468305831788 ) ) ;
#3753 = ORIENTED_EDGE ( 'NONE', *, *, #235, .T. ) ;
#3754 = CARTESIAN_POINT ( 'NONE',  ( 9.000000000000001776, -53.97500000000000853, -4.499999999999992006 ) ) ;
#3755 = DIRECTION ( 'NONE',  ( 1.000000000000000000, 0.000000000000000000, 0.000000000000000000 ) ) ;
#3756 = DIRECTION ( 'NONE',  ( 1.239088197126290817E-16, -1.000000000000000000, 3.582458973934590448E-32 ) ) ;
#3757 = VERTEX_POINT ( 'NONE', #3354 ) ;
#3758 = LINE ( 'NONE', #1538, #3270 ) ;
#3759 = DIRECTION ( 'NONE',  ( 1.000000000000000000, 0.000000000000000000, 0.000000000000000000 ) ) ;
#3760 = EDGE_LOOP ( 'NONE', ( #132, #595, #421, #4052 ) ) ;
#3761 = EDGE_CURVE ( 'NONE', #1343, #2179, #3345, .T. ) ;
#3762 = ORIENTED_EDGE ( 'NONE', *, *, #408, .T. ) ;
#3763 = ORIENTED_EDGE ( 'NONE', *, *, #834, .F. ) ;
#3764 = EDGE_CURVE ( 'NONE', #1218, #3106, #3275, .T. ) ;
#3765 = DIRECTION ( 'NONE',  ( 1.084202172485504434E-16, -1.000000000000000000, 0.000000000000000000 ) ) ;
#3766 = FACE_OUTER_BOUND ( 'NONE', #1852, .T. ) ;
#3767 = DIRECTION ( 'NONE',  ( 0.000000000000000000, 0.000000000000000000, 1.000000000000000000 ) ) ;
#3768 = FACE_OUTER_BOUND ( 'NONE', #1627, .T. ) ;
#3769 = ORIENTED_EDGE ( 'NONE', *, *, #2275, .T. ) ;
#3770 = CARTESIAN_POINT ( 'NONE',  ( 9.700000000000006395, -44.47500000000000853, -81.04999999999999716 ) ) ;
#3771 = ORIENTED_EDGE ( 'NONE', *, *, #3005, .T. ) ;
#3772 = FACE_BOUND ( 'NONE', #1979, .T. ) ;
#3773 = CYLINDRICAL_SURFACE ( 'NONE', #896, 2.399999999999999467 ) ;
#3774 = CARTESIAN_POINT ( 'NONE',  ( 9.700000000000001066, -41.47500000000000142, -24.54999999999999716 ) ) ;
#3775 = EDGE_LOOP ( 'NONE', ( #3150, #1552, #1966, #3965 ) ) ;
#3776 = DIRECTION ( 'NONE',  ( 0.000000000000000000, 0.000000000000000000, 1.000000000000000000 ) ) ;
#3777 = CARTESIAN_POINT ( 'NONE',  ( 27.39500000000000313, -41.47500000000000142, -91.04999999999998295 ) ) ;
#3778 = EDGE_LOOP ( 'NONE', ( #3152, #2916 ) ) ;
#3779 = CIRCLE ( 'NONE', #1270, 1.749999999999999778 ) ;
#3780 = EDGE_CURVE ( 'NONE', #865, #2221, #2429, .T. ) ;
#3781 = ORIENTED_EDGE ( 'NONE', *, *, #2169, .F. ) ;
#3782 = CARTESIAN_POINT ( 'NONE',  ( 8.100000000000001421, -53.97500000000000853, -4.499999999999992006 ) ) ;
#3783 = CIRCLE ( 'NONE', #2397, 2.399999999999999467 ) ;
#3784 = CYLINDRICAL_SURFACE ( 'NONE', #160, 3.249999999999999556 ) ;
#3785 = AXIS2_PLACEMENT_3D ( 'NONE', #3870, #2245, #1036 ) ;
#3786 = EDGE_CURVE ( 'NONE', #3350, #1769, #1430, .T. ) ;
#3787 = COLOUR_RGB ( '',1.000000000000000000, 0.000000000000000000, 1.000000000000000000 ) ;
#3788 = VECTOR ( 'NONE', #1637, 1000.000000000000000 ) ;
#3789 = DIRECTION ( 'NONE',  ( 2.891205793294678819E-16, -0.000000000000000000, -1.000000000000000000 ) ) ;
#3790 = DIRECTION ( 'NONE',  ( 0.000000000000000000, 0.000000000000000000, 1.000000000000000000 ) ) ;
#3791 = VERTEX_POINT ( 'NONE', #3703 ) ;
#3792 = CYLINDRICAL_SURFACE ( 'NONE', #1141, 1.749999999999999778 ) ;
#3793 = AXIS2_PLACEMENT_3D ( 'NONE', #4006, #2755, #3391 ) ;
#3794 = ORIENTED_EDGE ( 'NONE', *, *, #1768, .T. ) ;
#3795 = EDGE_CURVE ( 'NONE', #3090, #3745, #872, .T. ) ;
#3796 = FACE_OUTER_BOUND ( 'NONE', #1679, .T. ) ;
#3797 = DIRECTION ( 'NONE',  ( -1.000000000000000000, 0.000000000000000000, 0.000000000000000000 ) ) ;
#3798 = FACE_OUTER_BOUND ( 'NONE', #1023, .T. ) ;
#3799 = AXIS2_PLACEMENT_3D ( 'NONE', #373, #1657, #755 ) ;
#3800 = EDGE_CURVE ( 'NONE', #2549, #3290, #2624, .T. ) ;
#3801 = FACE_OUTER_BOUND ( 'NONE', #1921, .T. ) ;
#3802 = ORIENTED_EDGE ( 'NONE', *, *, #1608, .F. ) ;
#3803 = CIRCLE ( 'NONE', #2682, 3.499999999999999556 ) ;
#3804 = CIRCLE ( 'NONE', #638, 1.499999999999999556 ) ;
#3805 = EDGE_LOOP ( 'NONE', ( #2248, #3175 ) ) ;
#3806 = AXIS2_PLACEMENT_3D ( 'NONE', #2505, #1070, #3237 ) ;
#3807 = CYLINDRICAL_SURFACE ( 'NONE', #2789, 1.499999999999999556 ) ;
#3808 = EDGE_CURVE ( 'NONE', #2996, #2964, #439, .T. ) ;
#3809 = ORIENTED_EDGE ( 'NONE', *, *, #114, .F. ) ;
#3810 = EDGE_LOOP ( 'NONE', ( #2788, #3557, #1067, #3007, #3289 ) ) ;
#3811 = CARTESIAN_POINT ( 'NONE',  ( -13.25000000000023093, 1.017415318660397361E-12, 5.000000000000000000 ) ) ;
#3812 = EDGE_CURVE ( 'NONE', #411, #2702, #3868, .T. ) ;
#3813 = ORIENTED_EDGE ( 'NONE', *, *, #63, .T. ) ;
#3814 = DIRECTION ( 'NONE',  ( -1.000000000000000000, -1.156482317317871478E-16, 0.000000000000000000 ) ) ;
#3815 = LINE ( 'NONE', #667, #2149 ) ;
#3816 = CARTESIAN_POINT ( 'NONE',  ( 20.20000000000000284, -27.47500000000000497, -91.04999999999999716 ) ) ;
#3817 = ADVANCED_FACE ( 'NONE', ( #1565, #1246 ), #2958, .T. ) ;
#3818 = ORIENTED_EDGE ( 'NONE', *, *, #1727, .T. ) ;
#3819 = FACE_BOUND ( 'NONE', #3778, .T. ) ;
#3820 = DIRECTION ( 'NONE',  ( -2.891205793294678819E-16, -3.343628375672285075E-32, 1.000000000000000000 ) ) ;
#3821 = FACE_OUTER_BOUND ( 'NONE', #1738, .T. ) ;
#3822 = ORIENTED_EDGE ( 'NONE', *, *, #879, .T. ) ;
#3823 = ORIENTED_EDGE ( 'NONE', *, *, #909, .T. ) ;
#3824 = CARTESIAN_POINT ( 'NONE',  ( -9.699999999999997513, -43.97500000000000853, -24.55000000000000071 ) ) ;
#3825 = FACE_OUTER_BOUND ( 'NONE', #3681, .T. ) ;
#3826 = APPLICATION_CONTEXT ( 'automotive_design' ) ;
#3827 = VERTEX_POINT ( 'NONE', #1883 ) ;
#3828 = ORIENTED_EDGE ( 'NONE', *, *, #2479, .F. ) ;
#3829 = FACE_OUTER_BOUND ( 'NONE', #1516, .T. ) ;
#3830 = ORIENTED_EDGE ( 'NONE', *, *, #2797, .T. ) ;
#3831 = ADVANCED_FACE ( 'NONE', ( #1034 ), #2289, .T. ) ;
#3832 = FACE_OUTER_BOUND ( 'NONE', #2412, .T. ) ;
#3833 = CARTESIAN_POINT ( 'NONE',  ( 10.00000000000000355, -7.474999999999998757, 8.673617379884035472E-16 ) ) ;
#3834 = FACE_BOUND ( 'NONE', #951, .T. ) ;
#3835 = EDGE_CURVE ( 'NONE', #2732, #3757, #2749, .T. ) ;
#3836 = DIRECTION ( 'NONE',  ( -0.000000000000000000, -0.000000000000000000, 1.000000000000000000 ) ) ;
#3837 = CARTESIAN_POINT ( 'NONE',  ( -9.699999999999990408, -43.97500000000000853, -81.04999999999999716 ) ) ;
#3838 = DIRECTION ( 'NONE',  ( -0.000000000000000000, -0.000000000000000000, 1.000000000000000000 ) ) ;
#3839 = EDGE_LOOP ( 'NONE', ( #1752, #1117, #769, #3532 ) ) ;
#3840 = EDGE_CURVE ( 'NONE', #734, #3378, #445, .T. ) ;
#3841 = CARTESIAN_POINT ( 'NONE',  ( 12.90000000000000036, -53.97500000000000853, -4.499999999999992006 ) ) ;
#3842 = ORIENTED_EDGE ( 'NONE', *, *, #2236, .T. ) ;
#3843 = CARTESIAN_POINT ( 'NONE',  ( 11.99999999999997158, -68.47500000000000853, -11.99999999999999112 ) ) ;
#3844 = FACE_OUTER_BOUND ( 'NONE', #607, .T. ) ;
#3845 = VECTOR ( 'NONE', #2965, 1000.000000000000000 ) ;
#3846 = AXIS2_PLACEMENT_3D ( 'NONE', #785, #2045, #3306 ) ;
#3847 = AXIS2_PLACEMENT_3D ( 'NONE', #1710, #1499, #2960 ) ;
#3848 = ORIENTED_EDGE ( 'NONE', *, *, #1964, .F. ) ;
#3849 = ORIENTED_EDGE ( 'NONE', *, *, #1276, .F. ) ;
#3850 = DIRECTION ( 'NONE',  ( 1.000000000000000000, 0.000000000000000000, 0.000000000000000000 ) ) ;
#3851 = VERTEX_POINT ( 'NONE', #626 ) ;
#3852 = AXIS2_PLACEMENT_3D ( 'NONE', #1001, #1594, #2618 ) ;
#3853 = VECTOR ( 'NONE', #651, 1000.000000000000000 ) ;
#3854 = DIRECTION ( 'NONE',  ( 1.239088197126290817E-16, -1.000000000000000000, 0.000000000000000000 ) ) ;
#3855 = CARTESIAN_POINT ( 'NONE',  ( 7.000000000000002665, -10.47499999999999787, 3.429011037612589276E-15 ) ) ;
#3856 = DIRECTION ( 'NONE',  ( -1.239088197126290817E-16, 1.000000000000000000, -3.582458973934590448E-32 ) ) ;
#3857 = ORIENTED_EDGE ( 'NONE', *, *, #4051, .F. ) ;
#3858 = EDGE_CURVE ( 'NONE', #146, #2955, #648, .T. ) ;
#3859 = CARTESIAN_POINT ( 'NONE',  ( -10.50000000000000000, -66.47500000000000853, -4.499999999999992006 ) ) ;
#3860 = CIRCLE ( 'NONE', #430, 1.499999999999999556 ) ;
#3861 = DIRECTION ( 'NONE',  ( 1.000000000000000000, 0.000000000000000000, 0.000000000000000000 ) ) ;
#3862 = CARTESIAN_POINT ( 'NONE',  ( 8.999999999999982236, -37.47500000000000853, -3.499999999999987566 ) ) ;
#3863 = EDGE_LOOP ( 'NONE', ( #2469, #2091 ) ) ;
#3864 = VECTOR ( 'NONE', #928, 1000.000000000000000 ) ;
#3865 = EDGE_CURVE ( 'NONE', #146, #3745, #1582, .T. ) ;
#3866 = VECTOR ( 'NONE', #127, 1000.000000000000000 ) ;
#3867 = CARTESIAN_POINT ( 'NONE',  ( 6.200000000000001066, -44.47500000000000853, -24.54999999999999716 ) ) ;
#3868 = LINE ( 'NONE', #2523, #1294 ) ;
#3869 = EDGE_LOOP ( 'NONE', ( #3127, #3489, #2027, #1190 ) ) ;
#3870 = CARTESIAN_POINT ( 'NONE',  ( 10.50000000000000000, -53.97500000000000853, -3.999999999999992450 ) ) ;
#3871 = DIRECTION ( 'NONE',  ( -0.7071067811865436870, -8.761676666762090213E-17, 0.7071067811865513475 ) ) ;
#3872 = EDGE_CURVE ( 'NONE', #2229, #759, #4079, .T. ) ;
#3873 = VECTOR ( 'NONE', #225, 1000.000000000000000 ) ;
#3874 = CIRCLE ( 'NONE', #2950, 3.500000000000001332 ) ;
#3875 = ORIENTED_EDGE ( 'NONE', *, *, #1577, .F. ) ;
#3876 = ORIENTED_EDGE ( 'NONE', *, *, #644, .F. ) ;
#3877 = DIRECTION ( 'NONE',  ( -0.000000000000000000, -0.000000000000000000, 1.000000000000000000 ) ) ;
#3878 = ADVANCED_FACE ( 'NONE', ( #413, #1691 ), #2936, .T. ) ;
#3879 = COLOUR_RGB ( '',1.000000000000000000, 0.000000000000000000, 1.000000000000000000 ) ;
#3880 = DIRECTION ( 'NONE',  ( 0.000000000000000000, 0.000000000000000000, 1.000000000000000000 ) ) ;
#3881 = DIRECTION ( 'NONE',  ( 1.000000000000000000, 0.000000000000000000, 0.000000000000000000 ) ) ;
#3882 = PLANE ( 'NONE',  #3199 ) ;
#3883 = CARTESIAN_POINT ( 'NONE',  ( 15.00000000000000355, 7.475000000000000533, 3.000000000000000000 ) ) ;
#3884 = VERTEX_POINT ( 'NONE', #503 ) ;
#3885 = DIRECTION ( 'NONE',  ( 1.000000000000000000, 0.000000000000000000, 0.000000000000000000 ) ) ;
#3886 = CARTESIAN_POINT ( 'NONE',  ( 7.300000000000000711, -43.97500000000000853, -24.54999999999999716 ) ) ;
#3887 = CARTESIAN_POINT ( 'NONE',  ( -6.999999999999997335, -10.47500000000000142, 0.000000000000000000 ) ) ;
#3888 = ORIENTED_EDGE ( 'NONE', *, *, #4003, .T. ) ;
#3889 = LINE ( 'NONE', #2330, #1607 ) ;
#3890 = EDGE_CURVE ( 'NONE', #1649, #2290, #1156, .T. ) ;
#3891 = CARTESIAN_POINT ( 'NONE',  ( 8.200000000000008171, -44.47500000000000853, -81.04999999999999716 ) ) ;
#3892 = VERTEX_POINT ( 'NONE', #524 ) ;
#3893 = DIRECTION ( 'NONE',  ( 0.000000000000000000, 0.000000000000000000, -1.000000000000000000 ) ) ;
#3894 = CARTESIAN_POINT ( 'NONE',  ( -25.00000000000006395, -3.097720492815734956E-15, -87.04999999999996874 ) ) ;
#3895 = EDGE_CURVE ( 'NONE', #2161, #3100, #249, .T. ) ;
#3896 = EDGE_LOOP ( 'NONE', ( #2402, #2989 ) ) ;
#3897 = ORIENTED_EDGE ( 'NONE', *, *, #3432, .T. ) ;
#3898 = CARTESIAN_POINT ( 'NONE',  ( -10.00000000000023093, 1.017415318660397361E-12, 0.000000000000000000 ) ) ;
#3899 = CARTESIAN_POINT ( 'NONE',  ( -9.699999999999990408, -43.97500000000000853, -81.04999999999999716 ) ) ;
#3900 = FACE_OUTER_BOUND ( 'NONE', #1801, .T. ) ;
#3901 = CARTESIAN_POINT ( 'NONE',  ( 8.100000000000001421, -66.47500000000000853, -3.999999999999992450 ) ) ;
#3902 = DIRECTION ( 'NONE',  ( 0.000000000000000000, 0.000000000000000000, 1.000000000000000000 ) ) ;
#3903 = VERTEX_POINT ( 'NONE', #2060 ) ;
#3904 = DIRECTION ( 'NONE',  ( -1.000000000000000000, 0.000000000000000000, 0.000000000000000000 ) ) ;
#3905 = FACE_OUTER_BOUND ( 'NONE', #1774, .T. ) ;
#3906 = CARTESIAN_POINT ( 'NONE',  ( -20.19999999999999574, -27.47500000000000497, -95.99974746830584138 ) ) ;
#3907 = ORIENTED_EDGE ( 'NONE', *, *, #2427, .T. ) ;
#3908 = FACE_OUTER_BOUND ( 'NONE', #78, .T. ) ;
#3909 = ORIENTED_EDGE ( 'NONE', *, *, #3379, .T. ) ;
#3910 = CARTESIAN_POINT ( 'NONE',  ( -9.699999999999990408, -43.97500000000000853, -81.04999999999999716 ) ) ;
#3911 = LINE ( 'NONE', #1758, #2328 ) ;
#3912 = EDGE_CURVE ( 'NONE', #946, #1725, #3738, .T. ) ;
#3913 = ORIENTED_EDGE ( 'NONE', *, *, #3173, .F. ) ;
#3914 = EDGE_LOOP ( 'NONE', ( #938, #2363, #678, #2187 ) ) ;
#3915 = CIRCLE ( 'NONE', #871, 3.500000000000003109 ) ;
#3916 = FACE_OUTER_BOUND ( 'NONE', #3760, .T. ) ;
#3917 = ADVANCED_FACE ( 'NONE', ( #3302 ), #3996, .F. ) ;
#3918 = AXIS2_PLACEMENT_3D ( 'NONE', #2980, #3639, #2396 ) ;
#3919 = LINE ( 'NONE', #2007, #819 ) ;
#3920 = DIRECTION ( 'NONE',  ( 1.000000000000000000, 0.000000000000000000, 0.000000000000000000 ) ) ;
#3921 = DIRECTION ( 'NONE',  ( 1.000000000000000000, 0.000000000000000000, 0.000000000000000000 ) ) ;
#3922 = LINE ( 'NONE', #1678, #3590 ) ;
#3923 = VECTOR ( 'NONE', #3836, 1000.000000000000000 ) ;
#3924 = ORIENTED_EDGE ( 'NONE', *, *, #656, .F. ) ;
#3925 = VECTOR ( 'NONE', #2239, 1000.000000000000114 ) ;
#3926 = EDGE_CURVE ( 'NONE', #1374, #1947, #2393, .T. ) ;
#3927 = CARTESIAN_POINT ( 'NONE',  ( 16.95000000000000284, -27.47500000000000497, -87.04999999999996874 ) ) ;
#3928 = DIRECTION ( 'NONE',  ( 0.000000000000000000, 0.000000000000000000, 1.000000000000000000 ) ) ;
#3929 = AXIS2_PLACEMENT_3D ( 'NONE', #3579, #745, #1385 ) ;
#3930 = CARTESIAN_POINT ( 'NONE',  ( -14.99999999999999467, -41.47500000000000142, -77.05000000000002558 ) ) ;
#3931 = AXIS2_PLACEMENT_3D ( 'NONE', #4010, #2988, #3671 ) ;
#3932 = CARTESIAN_POINT ( 'NONE',  ( 12.00000000000000000, -66.47500000000000853, -4.499999999999992006 ) ) ;
#3933 = VERTEX_POINT ( 'NONE', #1116 ) ;
#3934 = AXIS2_PLACEMENT_3D ( 'NONE', #2419, #2058, #2708 ) ;
#3935 = CARTESIAN_POINT ( 'NONE',  ( 16.95000000000000284, -27.47500000000000497, -87.04999999999996874 ) ) ;
#3936 = DIRECTION ( 'NONE',  ( -1.000000000000000000, 0.000000000000000000, 0.000000000000000000 ) ) ;
#3937 = ORIENTED_EDGE ( 'NONE', *, *, #807, .F. ) ;
#3938 = VECTOR ( 'NONE', #986, 1000.000000000000000 ) ;
#3939 = CARTESIAN_POINT ( 'NONE',  ( 10.50000000000000000, -53.97500000000000853, -4.499999999999992006 ) ) ;
#3940 = CARTESIAN_POINT ( 'NONE',  ( 10.99999999999986500, -37.47500000000000853, -73.04999999999994031 ) ) ;
#3941 = CIRCLE ( 'NONE', #962, 1.750000000000001554 ) ;
#3942 = VERTEX_POINT ( 'NONE', #2085 ) ;
#3943 = ORIENTED_EDGE ( 'NONE', *, *, #2897, .T. ) ;
#3944 = EDGE_CURVE ( 'NONE', #1110, #3144, #3874, .T. ) ;
#3945 = AXIS2_PLACEMENT_3D ( 'NONE', #3248, #1021, #712 ) ;
#3946 = DIRECTION ( 'NONE',  ( 1.000000000000000000, 1.239088197126290817E-16, 0.000000000000000000 ) ) ;
#3947 = AXIS2_PLACEMENT_3D ( 'NONE', #4017, #2783, #888 ) ;
#3948 = CARTESIAN_POINT ( 'NONE',  ( -6.199999999999987743, -41.47500000000000142, -81.04999999999999716 ) ) ;
#3949 = CARTESIAN_POINT ( 'NONE',  ( -10.50000000000000000, -66.47500000000000853, -4.499999999999992006 ) ) ;
#3950 = CYLINDRICAL_SURFACE ( 'NONE', #437, 0.5000000000000004441 ) ;
#3951 = EDGE_CURVE ( 'NONE', #609, #3407, #3083, .T. ) ;
#3952 = DIRECTION ( 'NONE',  ( -0.000000000000000000, -0.000000000000000000, -1.000000000000000000 ) ) ;
#3953 = ORIENTED_EDGE ( 'NONE', *, *, #2066, .F. ) ;
#3954 = CARTESIAN_POINT ( 'NONE',  ( -14.00000000000000178, -66.47500000000000853, -3.999999999999992450 ) ) ;
#3955 = DIRECTION ( 'NONE',  ( 1.156482317317871725E-16, -2.149475384360753831E-32, -1.000000000000000000 ) ) ;
#3956 = CARTESIAN_POINT ( 'NONE',  ( 27.39500000000000313, -22.47500000000000853, -87.04999999999996874 ) ) ;
#3957 = EDGE_CURVE ( 'NONE', #1110, #2982, #2376, .T. ) ;
#3958 = ORIENTED_EDGE ( 'NONE', *, *, #3258, .F. ) ;
#3959 = DIRECTION ( 'NONE',  ( 1.000000000000000000, 1.239088197126290817E-16, 0.000000000000000000 ) ) ;
#3960 = CARTESIAN_POINT ( 'NONE',  ( 14.00000000000000178, -66.47500000000000853, -3.999999999999992450 ) ) ;
#3961 = ORIENTED_EDGE ( 'NONE', *, *, #1846, .T. ) ;
#3962 = CARTESIAN_POINT ( 'NONE',  ( -14.00000000000000178, -66.47500000000000853, -3.999999999999992450 ) ) ;
#3963 = DIRECTION ( 'NONE',  ( -1.000000000000000000, 0.000000000000000000, 0.000000000000000000 ) ) ;
#3964 = ORIENTED_EDGE ( 'NONE', *, *, #3549, .T. ) ;
#3965 = ORIENTED_EDGE ( 'NONE', *, *, #2395, .F. ) ;
#3966 = CARTESIAN_POINT ( 'NONE',  ( -14.99999999999999645, -7.475000000000002309, 0.000000000000000000 ) ) ;
#3967 = DIRECTION ( 'NONE',  ( 1.000000000000000000, 0.000000000000000000, 0.000000000000000000 ) ) ;
#3968 = CARTESIAN_POINT ( 'NONE',  ( 14.99999999999996980, -41.47500000000000142, -18.99999999999996092 ) ) ;
#3969 = LINE ( 'NONE', #793, #1601 ) ;
#3970 = ORIENTED_EDGE ( 'NONE', *, *, #1000, .F. ) ;
#3971 = EDGE_CURVE ( 'NONE', #1122, #1731, #1755, .T. ) ;
#3972 = SURFACE_STYLE_FILL_AREA ( #474 ) ;
#3973 = CARTESIAN_POINT ( 'NONE',  ( -9.699999999999990408, -44.47500000000000853, -81.04999999999999716 ) ) ;
#3974 = DIRECTION ( 'NONE',  ( 1.239088197126291063E-16, -1.000000000000000000, 3.582458973934590448E-32 ) ) ;
#3975 = EDGE_CURVE ( 'NONE', #558, #1526, #3285, .T. ) ;
#3976 = DIRECTION ( 'NONE',  ( -0.000000000000000000, -0.000000000000000000, -1.000000000000000000 ) ) ;
#3977 = DIRECTION ( 'NONE',  ( -1.000000000000000000, 0.000000000000000000, 0.000000000000000000 ) ) ;
#3978 = ORIENTED_EDGE ( 'NONE', *, *, #1846, .F. ) ;
#3979 = CARTESIAN_POINT ( 'NONE',  ( -12.90000000000000036, -53.97500000000000853, -4.499999999999992006 ) ) ;
#3980 = EDGE_LOOP ( 'NONE', ( #246, #1813, #3744, #18 ) ) ;
#3981 = ORIENTED_EDGE ( 'NONE', *, *, #942, .F. ) ;
#3982 = CARTESIAN_POINT ( 'NONE',  ( -11.19999999999998863, -43.97500000000000853, -81.04999999999999716 ) ) ;
#3983 = DIRECTION ( 'NONE',  ( -0.000000000000000000, -0.000000000000000000, 1.000000000000000000 ) ) ;
#3984 = CYLINDRICAL_SURFACE ( 'NONE', #2082, 1.499999999999999556 ) ;
#3985 = PLANE ( 'NONE',  #3931 ) ;
#3986 = EDGE_LOOP ( 'NONE', ( #379, #3678, #3479, #2769, #4001, #2207, #1545, #1576, #124 ) ) ;
#3987 = AXIS2_PLACEMENT_3D ( 'NONE', #3351, #217, #3291 ) ;
#3988 = FACE_OUTER_BOUND ( 'NONE', #527, .T. ) ;
#3989 = CARTESIAN_POINT ( 'NONE',  ( -12.00000000000000000, -53.97500000000000853, -6.999999999999992006 ) ) ;
#3990 = CARTESIAN_POINT ( 'NONE',  ( 9.700000000000006395, -43.97500000000000853, -81.04999999999999716 ) ) ;
#3991 = CIRCLE ( 'NONE', #1334, 1.749999999999999778 ) ;
#3992 = EDGE_CURVE ( 'NONE', #2899, #511, #2357, .T. ) ;
#3993 = AXIS2_PLACEMENT_3D ( 'NONE', #3691, #2992, #1112 ) ;
#3994 = VECTOR ( 'NONE', #3436, 1000.000000000000000 ) ;
#3995 = DIRECTION ( 'NONE',  ( -0.000000000000000000, -0.000000000000000000, -1.000000000000000000 ) ) ;
#3996 = CYLINDRICAL_SURFACE ( 'NONE', #1952, 0.5000000000000004441 ) ;
#3997 = ORIENTED_EDGE ( 'NONE', *, *, #1635, .T. ) ;
#3998 = EDGE_CURVE ( 'NONE', #3137, #1761, #3347, .T. ) ;
#3999 = VECTOR ( 'NONE', #3607, 1000.000000000000000 ) ;
#4000 = VECTOR ( 'NONE', #2358, 1000.000000000000000 ) ;
#4001 = ORIENTED_EDGE ( 'NONE', *, *, #2213, .F. ) ;
#4002 = VERTEX_POINT ( 'NONE', #480 ) ;
#4003 = EDGE_CURVE ( 'NONE', #199, #3090, #3675, .T. ) ;
#4004 = LINE ( 'NONE', #3046, #3578 ) ;
#4005 = AXIS2_PLACEMENT_3D ( 'NONE', #1216, #1957, #131 ) ;
#4006 = CARTESIAN_POINT ( 'NONE',  ( -10.50000000000000000, -66.47500000000000853, -6.999999999999992006 ) ) ;
#4007 = AXIS2_PLACEMENT_3D ( 'NONE', #1307, #1677, #2948 ) ;
#4008 = CARTESIAN_POINT ( 'NONE',  ( -10.50000000000000000, -66.47500000000000853, -3.999999999999992450 ) ) ;
#4009 = CARTESIAN_POINT ( 'NONE',  ( 13.00500000000000256, -22.47500000000000853, -87.04999999999996874 ) ) ;
#4010 = CARTESIAN_POINT ( 'NONE',  ( 8.999999999999982236, -19.36422972372517748, -5.499999999999988454 ) ) ;
#4011 = VERTEX_POINT ( 'NONE', #800 ) ;
#4012 = CIRCLE ( 'NONE', #3735, 2.399999999999999467 ) ;
#4013 = DIRECTION ( 'NONE',  ( 1.000000000000000000, 0.000000000000000000, 0.000000000000000000 ) ) ;
#4014 = LINE ( 'NONE', #2116, #3335 ) ;
#4015 = AXIS2_PLACEMENT_3D ( 'NONE', #117, #3148, #3477 ) ;
#4016 = ORIENTED_EDGE ( 'NONE', *, *, #4046, .T. ) ;
#4017 = CARTESIAN_POINT ( 'NONE',  ( -20.19999999999999574, -27.47500000000000497, -88.04999999999996874 ) ) ;
#4018 = DIRECTION ( 'NONE',  ( 0.000000000000000000, 0.000000000000000000, 1.000000000000000000 ) ) ;
#4019 = EDGE_LOOP ( 'NONE', ( #562, #3611 ) ) ;
#4020 = ADVANCED_FACE ( 'NONE', ( #3657, #1425 ), #824, .T. ) ;
#4021 = VERTEX_POINT ( 'NONE', #3927 ) ;
#4022 = ORIENTED_EDGE ( 'NONE', *, *, #2347, .T. ) ;
#4023 = ORIENTED_EDGE ( 'NONE', *, *, #1401, .T. ) ;
#4024 = CARTESIAN_POINT ( 'NONE',  ( -6.999999999999998224, -10.47500000000000142, 5.000000000000000000 ) ) ;
#4025 = EDGE_CURVE ( 'NONE', #1374, #1004, #3410, .T. ) ;
#4026 = DIRECTION ( 'NONE',  ( -1.000000000000000000, 0.000000000000000000, 0.000000000000000000 ) ) ;
#4027 = LINE ( 'NONE', #279, #3475 ) ;
#4028 = PLANE ( 'NONE',  #121 ) ;
#4029 = ORIENTED_EDGE ( 'NONE', *, *, #2371, .T. ) ;
#4030 = LINE ( 'NONE', #3016, #3192 ) ;
#4031 = EDGE_LOOP ( 'NONE', ( #324, #3363, #1140, #1756, #3697 ) ) ;
#4032 = LINE ( 'NONE', #880, #882 ) ;
#4033 = DIRECTION ( 'NONE',  ( 0.000000000000000000, 1.000000000000000000, 0.000000000000000000 ) ) ;
#4034 = DIRECTION ( 'NONE',  ( 0.000000000000000000, 0.000000000000000000, 1.000000000000000000 ) ) ;
#4035 = CARTESIAN_POINT ( 'NONE',  ( 7.300000000000007816, -44.47500000000000853, -81.04999999999999716 ) ) ;
#4036 = ORIENTED_EDGE ( 'NONE', *, *, #4057, .T. ) ;
#4037 = EDGE_LOOP ( 'NONE', ( #466, #207 ) ) ;
#4038 = VERTEX_POINT ( 'NONE', #1681 ) ;
#4039 = DIRECTION ( 'NONE',  ( -1.239088197126290817E-16, 1.000000000000000000, -3.582458973934590448E-32 ) ) ;
#4040 = EDGE_CURVE ( 'NONE', #1694, #1997, #381, .T. ) ;
#4041 = CARTESIAN_POINT ( 'NONE',  ( -14.99999999999999467, -41.47500000000000142, -6.999999999999992006 ) ) ;
#4042 = DIRECTION ( 'NONE',  ( 8.761676666762185123E-17, -0.7071067811865512365, 0.7071067811865439090 ) ) ;
#4043 = CYLINDRICAL_SURFACE ( 'NONE', #966, 2.399999999999999467 ) ;
#4044 = ORIENTED_EDGE ( 'NONE', *, *, #3577, .T. ) ;
#4045 = CARTESIAN_POINT ( 'NONE',  ( 10.50000000000000000, -66.47500000000000853, -3.999999999999992450 ) ) ;
#4046 = EDGE_CURVE ( 'NONE', #3286, #1063, #907, .T. ) ;
#4047 = VERTEX_POINT ( 'NONE', #2637 ) ;
#4048 = CARTESIAN_POINT ( 'NONE',  ( 9.700000000000006395, -43.97500000000000853, -81.04999999999999716 ) ) ;
#4049 = CARTESIAN_POINT ( 'NONE',  ( -7.610123402124730596, -36.71540820577346409, -1.240408205773474659 ) ) ;
#4050 = DIRECTION ( 'NONE',  ( 1.000000000000000000, 1.239088197126291063E-16, -0.000000000000000000 ) ) ;
#4051 = EDGE_CURVE ( 'NONE', #2727, #3430, #2486, .T. ) ;
#4052 = ORIENTED_EDGE ( 'NONE', *, *, #2371, .F. ) ;
#4053 = VECTOR ( 'NONE', #1099, 1000.000000000000114 ) ;
#4054 = VECTOR ( 'NONE', #3202, 1000.000000000000000 ) ;
#4055 = PLANE ( 'NONE',  #4005 ) ;
#4056 = VERTEX_POINT ( 'NONE', #3296 ) ;
#4057 = EDGE_CURVE ( 'NONE', #3430, #3516, #2351, .T. ) ;
#4058 = AXIS2_PLACEMENT_3D ( 'NONE', #777, #3928, #1150 ) ;
#4059 = VECTOR ( 'NONE', #854, 1000.000000000000000 ) ;
#4060 = EDGE_LOOP ( 'NONE', ( #547, #2386, #1944, #2308 ) ) ;
#4061 = AXIS2_PLACEMENT_3D ( 'NONE', #3246, #1652, #82 ) ;
#4062 = VERTEX_POINT ( 'NONE', #1620 ) ;
#4063 = DIRECTION ( 'NONE',  ( 1.000000000000000000, 0.000000000000000000, 0.000000000000000000 ) ) ;
#4064 = CIRCLE ( 'NONE', #822, 3.000000000000002665 ) ;
#4065 = DIRECTION ( 'NONE',  ( 1.000000000000000000, 0.000000000000000000, 0.000000000000000000 ) ) ;
#4066 = DIRECTION ( 'NONE',  ( 1.239088197126290817E-16, -1.000000000000000000, 3.582458973934590448E-32 ) ) ;
#4067 = CARTESIAN_POINT ( 'NONE',  ( 36.49166666666678793, -22.98333333333325257, -98.54166666666658614 ) ) ;
#4068 = EDGE_LOOP ( 'NONE', ( #1431, #1973 ) ) ;
#4069 = CARTESIAN_POINT ( 'NONE',  ( -12.09999999999998899, -43.97500000000000853, -81.04999999999999716 ) ) ;
#4070 = ORIENTED_EDGE ( 'NONE', *, *, #1528, .F. ) ;
#4071 = CIRCLE ( 'NONE', #2214, 3.500000000000002220 ) ;
#4072 = EDGE_CURVE ( 'NONE', #3137, #703, #1230, .T. ) ;
#4073 = DIRECTION ( 'NONE',  ( -1.000000000000000000, 0.000000000000000000, 0.000000000000000000 ) ) ;
#4074 = DIRECTION ( 'NONE',  ( 0.000000000000000000, 0.000000000000000000, -1.000000000000000000 ) ) ;
#4075 = DIRECTION ( 'NONE',  ( -1.239088197126290817E-16, 1.000000000000000000, 0.000000000000000000 ) ) ;
#4076 = CIRCLE ( 'NONE', #2083, 3.500000000000002220 ) ;
#4077 = ORIENTED_EDGE ( 'NONE', *, *, #1630, .F. ) ;
#4078 = EDGE_CURVE ( 'NONE', #2034, #1761, #1759, .T. ) ;
#4079 = CIRCLE ( 'NONE', #971, 1.499999999999999556 ) ;
#4080 = CARTESIAN_POINT ( 'NONE',  ( 6.200000000000004619, -41.47500000000000142, -81.04999999999999716 ) ) ;
#4081 = ORIENTED_EDGE ( 'NONE', *, *, #1940, .T. ) ;
#4082 = EDGE_LOOP ( 'NONE', ( #788, #4022, #1172, #3445 ) ) ;
#4083 = EDGE_LOOP ( 'NONE', ( #3624, #362 ) ) ;
#4084 = DIRECTION ( 'NONE',  ( 0.000000000000000000, 1.000000000000000000, 0.000000000000000000 ) ) ;
ENDSEC;
END-ISO-10303-21;
