ISO-10303-21;
HEADER;
FILE_DESCRIPTION (( 'STEP AP214' ),
    '1' );
FILE_NAME ('010_015_Wheel_mount.STEP',
    '2024-07-21T08:37:36',
    ( '' ),
    ( '' ),
    'SwSTEP 2.0',
    'SolidWorks 2019',
    '' );
FILE_SCHEMA (( 'AUTOMOTIVE_DESIGN' ));
ENDSEC;

DATA;
#1 = DIRECTION ( 'NONE',  ( -0.000000000000000000, -0.000000000000000000, 1.000000000000000000 ) ) ;
#2 = ORIENTED_EDGE ( 'NONE', *, *, #442, .F. ) ;
#3 = CARTESIAN_POINT ( 'NONE',  ( -2.971209631895169068, 19.47233713047878112, 27.05000000000008242 ) ) ;
#4 = CARTESIAN_POINT ( 'NONE',  ( -3.954777976929346739, -14.46926850788231356, 32.04999999999999716 ) ) ;
#5 = ORIENTED_EDGE ( 'NONE', *, *, #1607, .F. ) ;
#6 = B_SPLINE_CURVE_WITH_KNOTS ( 'NONE', 3,
 ( #1189, #1734, #1335, #1326, #1067, #1727, #1707, #894, #1043, #1053, #110, #1596, #102, #392, #657, #649, #1580, #1441 ),
 .UNSPECIFIED., .F., .F.,
 ( 4, 2, 2, 2, 2, 2, 2, 2, 4 ),
 ( 0.000000000000000000, 0.0009878029562084686063, 0.001975605912416937213, 0.002963408868625405819, 0.003951211824833874425, 0.004939014781042343032, 0.005926817737250811638, 0.006914620693459280244, 0.007902423649667748851 ),
 .UNSPECIFIED. ) ;
#7 = DIRECTION ( 'NONE',  ( 1.000000000000000000, 0.000000000000000000, 0.000000000000000000 ) ) ;
#8 = ORIENTED_EDGE ( 'NONE', *, *, #1338, .T. ) ;
#9 = VERTEX_POINT ( 'NONE', #319 ) ;
#10 = ADVANCED_FACE ( 'NONE', ( #41 ), #1255, .F. ) ;
#11 = DIRECTION ( 'NONE',  ( -0.2636518651273713210, -0.9646179005258292971, 6.082374187643686038E-17 ) ) ;
#12 = CARTESIAN_POINT ( 'NONE',  ( -25.00000000000000000, 0.000000000000000000, 3.000000000000000000 ) ) ;
#13 = VERTEX_POINT ( 'NONE', #1506 ) ;
#14 = CARTESIAN_POINT ( 'NONE',  ( -13.29913116624723735, -3.492221387936318866, 0.000000000000000000 ) ) ;
#15 = CIRCLE ( 'NONE', #416, 3.000000000000000444 ) ;
#16 = CYLINDRICAL_SURFACE ( 'NONE', #665, 6.050000000000000711 ) ;
#17 = CIRCLE ( 'NONE', #74, 2.999999999999999112 ) ;
#18 = AXIS2_PLACEMENT_3D ( 'NONE', #1672, #861, #1385 ) ;
#19 = EDGE_LOOP ( 'NONE', ( #1283, #286 ) ) ;
#20 = ADVANCED_FACE ( 'NONE', ( #301 ), #16, .F. ) ;
#21 = FACE_OUTER_BOUND ( 'NONE', #1503, .T. ) ;
#22 = EDGE_LOOP ( 'NONE', ( #216, #1277, #762, #796 ) ) ;
#23 = CARTESIAN_POINT ( 'NONE',  ( 16.35564771676352436, 36.89316044696004582, 32.05000000000007532 ) ) ;
#24 = DIRECTION ( 'NONE',  ( -0.000000000000000000, -0.000000000000000000, -1.000000000000000000 ) ) ;
#25 = DIRECTION ( 'NONE',  ( 0.9646179005258290751, -0.2636518651273714320, 0.000000000000000000 ) ) ;
#26 = EDGE_LOOP ( 'NONE', ( #593, #91, #1735, #1424, #987 ) ) ;
#27 = DIRECTION ( 'NONE',  ( 0.2636518651273749292, 0.9646179005258282979, 0.000000000000000000 ) ) ;
#28 = ORIENTED_EDGE ( 'NONE', *, *, #802, .T. ) ;
#29 = CARTESIAN_POINT ( 'NONE',  ( -1.846660983109801979, 38.75822291093160743, -2.322449576388767712E-15 ) ) ;
#30 = CARTESIAN_POINT ( 'NONE',  ( 13.29913116625932190, 3.492221387979129954, 0.000000000000000000 ) ) ;
#31 = CARTESIAN_POINT ( 'NONE',  ( -9.673918020758886627, 9.771274744295263659, 3.000000000000000000 ) ) ;
#32 = PLANE ( 'NONE',  #1375 ) ;
#33 = EDGE_LOOP ( 'NONE', ( #1613, #258 ) ) ;
#34 = CARTESIAN_POINT ( 'NONE',  ( -11.42391802075888663, 9.771274744295263659, -4.949747468305831788 ) ) ;
#35 = ORIENTED_EDGE ( 'NONE', *, *, #257, .T. ) ;
#36 = DIRECTION ( 'NONE',  ( -0.9646179005254871264, 0.2636518651286226533, 0.000000000000000000 ) ) ;
#37 = DIRECTION ( 'NONE',  ( -1.603629298974838920E-17, -5.867167019097348262E-17, -1.000000000000000000 ) ) ;
#38 = AXIS2_PLACEMENT_3D ( 'NONE', #1430, #1172, #1033 ) ;
#39 = DIRECTION ( 'NONE',  ( -0.000000000000000000, -0.000000000000000000, 1.000000000000000000 ) ) ;
#40 = EDGE_CURVE ( 'NONE', #1195, #426, #975, .T. ) ;
#41 = FACE_OUTER_BOUND ( 'NONE', #1642, .T. ) ;
#42 = VECTOR ( 'NONE', #963, 1000.000000000000000 ) ;
#43 = VECTOR ( 'NONE', #1225, 1000.000000000000114 ) ;
#44 = ORIENTED_EDGE ( 'NONE', *, *, #1583, .F. ) ;
#45 = AXIS2_PLACEMENT_3D ( 'NONE', #805, #1246, #700 ) ;
#46 = LINE ( 'NONE', #1381, #42 ) ;
#47 = PRODUCT_CONTEXT ( 'NONE', #568, 'mechanical' ) ;
#48 = VERTEX_POINT ( 'NONE', #1401 ) ;
#49 = CARTESIAN_POINT ( 'NONE',  ( -9.673918020758886627, 9.771274744295263659, -4.949747468305831788 ) ) ;
#50 = CARTESIAN_POINT ( 'NONE',  ( 0.000000000000000000, 0.000000000000000000, 3.000000000000000000 ) ) ;
#51 = FACE_OUTER_BOUND ( 'NONE', #1311, .T. ) ;
#52 = DIRECTION ( 'NONE',  ( 1.000000000000000000, 0.000000000000000000, 0.000000000000000000 ) ) ;
#53 = EDGE_CURVE ( 'NONE', #496, #173, #162, .T. ) ;
#54 = ORIENTED_EDGE ( 'NONE', *, *, #349, .T. ) ;
#55 = CARTESIAN_POINT ( 'NONE',  ( 3.000000000000000444, 3.673940397442060361E-16, 1.000000000000000000 ) ) ;
#56 = ORIENTED_EDGE ( 'NONE', *, *, #1284, .T. ) ;
#57 = CYLINDRICAL_SURFACE ( 'NONE', #1124, 3.000000000000000444 ) ;
#58 = DIRECTION ( 'NONE',  ( 1.000000000000000000, -2.312964634635742661E-15, 0.000000000000000000 ) ) ;
#59 = CARTESIAN_POINT ( 'NONE',  ( -1.846660983109801979, 38.75822291093160743, 32.05000000000007532 ) ) ;
#60 = CARTESIAN_POINT ( 'NONE',  ( 10.11430749939456675, 24.08554096979548120, 27.05000000000008242 ) ) ;
#61 = ORIENTED_EDGE ( 'NONE', *, *, #1434, .F. ) ;
#62 = FACE_BOUND ( 'NONE', #307, .T. ) ;
#63 = ADVANCED_FACE ( 'NONE', ( #290 ), #584, .F. ) ;
#64 = EDGE_LOOP ( 'NONE', ( #435, #1154 ) ) ;
#65 = CARTESIAN_POINT ( 'NONE',  ( -9.673918020758886627, 9.771274744295263659, 0.000000000000000000 ) ) ;
#66 = CARTESIAN_POINT ( 'NONE',  ( -1.472233150243462463, 24.95661294229094906, 5.000000000000000000 ) ) ;
#67 = CARTESIAN_POINT ( 'NONE',  ( 0.000000000000000000, 0.000000000000000000, 3.000000000000000000 ) ) ;
#68 = CARTESIAN_POINT ( 'NONE',  ( -7.923918020758886627, 9.771274744295263659, 3.000000000000000000 ) ) ;
#69 = ORIENTED_EDGE ( 'NONE', *, *, #1088, .F. ) ;
#70 = VECTOR ( 'NONE', #146, 1000.000000000000227 ) ;
#71 = AXIS2_PLACEMENT_3D ( 'NONE', #888, #1696, #368 ) ;
#72 = DIRECTION ( 'NONE',  ( -0.9646179005258281869, 0.2636518651273747071, 0.000000000000000000 ) ) ;
#73 = ORIENTED_EDGE ( 'NONE', *, *, #1193, .F. ) ;
#74 = AXIS2_PLACEMENT_3D ( 'NONE', #1132, #1665, #571 ) ;
#75 = ADVANCED_FACE ( 'NONE', ( #182, #1376 ), #32, .F. ) ;
#76 = LINE ( 'NONE', #1698, #893 ) ;
#77 = CIRCLE ( 'NONE', #1046, 1.900000000000035882 ) ;
#78 = CARTESIAN_POINT ( 'NONE',  ( 0.000000000000000000, 0.000000000000000000, 1.000000000000000000 ) ) ;
#79 = DIRECTION ( 'NONE',  ( -0.9646179005258282979, 0.2636518651273747071, 0.000000000000000000 ) ) ;
#80 = DIRECTION ( 'NONE',  ( -0.9646179005258290751, 0.2636518651273714320, 0.000000000000000000 ) ) ;
#81 = ORIENTED_EDGE ( 'NONE', *, *, #1156, .T. ) ;
#82 = LINE ( 'NONE', #625, #784 ) ;
#83 = ORIENTED_EDGE ( 'NONE', *, *, #799, .T. ) ;
#84 = DIRECTION ( 'NONE',  ( -0.2636518651273712655, -0.9646179005258290751, 6.082374187643684805E-17 ) ) ;
#85 = CARTESIAN_POINT ( 'NONE',  ( 0.000000000000000000, 0.000000000000000000, -5.299999999999943867 ) ) ;
#86 = PLANE ( 'NONE',  #1743 ) ;
#87 = ADVANCED_FACE ( 'NONE', ( #710 ), #1106, .F. ) ;
#88 = DIRECTION ( 'NONE',  ( 0.2636518651273713210, 0.9646179005258291861, -6.082374187643686038E-17 ) ) ;
#89 = ORIENTED_EDGE ( 'NONE', *, *, #370, .F. ) ;
#90 = CARTESIAN_POINT ( 'NONE',  ( 0.8200806306735037854, -15.77434524026281792, 32.04999999999999716 ) ) ;
#91 = ORIENTED_EDGE ( 'NONE', *, *, #973, .T. ) ;
#92 = CARTESIAN_POINT ( 'NONE',  ( 13.29913116625932190, 3.492221387979129954, -4.949747468305831788 ) ) ;
#93 = DIRECTION ( 'NONE',  ( -0.000000000000000000, -0.000000000000000000, 1.000000000000000000 ) ) ;
#94 = DIRECTION ( 'NONE',  ( -0.2636518651273746516, -0.9646179005258281869, 0.000000000000000000 ) ) ;
#95 = EDGE_CURVE ( 'NONE', #1087, #1467, #1121, .T. ) ;
#96 = ORIENTED_EDGE ( 'NONE', *, *, #1169, .T. ) ;
#97 = DIRECTION ( 'NONE',  ( -1.000000000000000000, 0.000000000000000000, 0.000000000000000000 ) ) ;
#98 = ORIENTED_EDGE ( 'NONE', *, *, #558, .T. ) ;
#99 = DIRECTION ( 'NONE',  ( 0.9646179005254870154, -0.2636518651286227088, 0.000000000000000000 ) ) ;
#100 = DIRECTION ( 'NONE',  ( -2.428612866367529316E-17, 3.122502256758252154E-17, -1.000000000000000000 ) ) ;
#101 = VECTOR ( 'NONE', #1610, 1000.000000000000000 ) ;
#102 = CARTESIAN_POINT ( 'NONE',  ( -1.416122890018846281, -24.96172308936951367, 36.49419246020308094 ) ) ;
#103 = ORIENTED_EDGE ( 'NONE', *, *, #875, .T. ) ;
#104 = EDGE_CURVE ( 'NONE', #760, #48, #1133, .T. ) ;
#105 = DIRECTION ( 'NONE',  ( 0.9646179005258281869, -0.2636518651273747071, 0.000000000000000000 ) ) ;
#106 = ORIENTED_EDGE ( 'NONE', *, *, #1110, .F. ) ;
#107 = EDGE_CURVE ( 'NONE', #1472, #962, #382, .T. ) ;
#108 = CARTESIAN_POINT ( 'NONE',  ( 18.82674976572499403, 28.96099304683425402, 26.05000000000007887 ) ) ;
#109 = DIRECTION ( 'NONE',  ( 0.9646179005254871264, -0.2636518651286226533, 0.000000000000000000 ) ) ;
#110 = CARTESIAN_POINT ( 'NONE',  ( -0.5643371780399036863, -24.99519698123031830, 35.97882901152004109 ) ) ;
#111 = VERTEX_POINT ( 'NONE', #702 ) ;
#112 = FACE_OUTER_BOUND ( 'NONE', #1502, .T. ) ;
#113 = ORIENTED_EDGE ( 'NONE', *, *, #663, .F. ) ;
#114 = EDGE_CURVE ( 'NONE', #624, #240, #848, .T. ) ;
#115 = LINE ( 'NONE', #1732, #832 ) ;
#116 = CARTESIAN_POINT ( 'NONE',  ( 24.98897792646970473, 34.53347625407004529, 22.05000000000007887 ) ) ;
#117 = ORIENTED_EDGE ( 'NONE', *, *, #104, .T. ) ;
#118 = CARTESIAN_POINT ( 'NONE',  ( 0.000000000000000000, 0.000000000000000000, 3.000000000000000000 ) ) ;
#119 = EDGE_LOOP ( 'NONE', ( #626, #1615 ) ) ;
#120 = LINE ( 'NONE', #659, #926 ) ;
#121 = EDGE_LOOP ( 'NONE', ( #1728, #1071, #849, #1507, #1109, #525, #1146, #844, #596, #248 ) ) ;
#122 = VECTOR ( 'NONE', #885, 1000.000000000000000 ) ;
#123 = DIRECTION ( 'NONE',  ( -0.1864300217049310038, -0.6820878587155061457, -0.7071067811865437980 ) ) ;
#124 = ORIENTED_EDGE ( 'NONE', *, *, #1625, .T. ) ;
#125 = CIRCLE ( 'NONE', #1513, 1.900000000000040545 ) ;
#126 = EDGE_CURVE ( 'NONE', #1093, #487, #718, .T. ) ;
#127 = AXIS2_PLACEMENT_3D ( 'NONE', #1538, #181, #745 ) ;
#128 = CARTESIAN_POINT ( 'NONE',  ( -13.96165325816433445, -20.73818310023298750, 32.00000000000000000 ) ) ;
#129 = AXIS2_PLACEMENT_3D ( 'NONE', #30, #1521, #598 ) ;
#130 = EDGE_LOOP ( 'NONE', ( #1703, #1450, #1629, #458 ) ) ;
#131 = CARTESIAN_POINT ( 'NONE',  ( 2.893853701576456494, -0.7909555953858662392, 32.00000000000000000 ) ) ;
#132 = VERTEX_POINT ( 'NONE', #1666 ) ;
#133 = CARTESIAN_POINT ( 'NONE',  ( 0.000000000000000000, 0.000000000000000000, 3.000000000000000000 ) ) ;
#134 = EDGE_LOOP ( 'NONE', ( #419, #28, #1531, #941, #394 ) ) ;
#135 = CARTESIAN_POINT ( 'NONE',  ( 1.472233150243455579, -24.95661294229095617, 32.00000000000000000 ) ) ;
#136 = EDGE_CURVE ( 'NONE', #1372, #1181, #824, .T. ) ;
#137 = EDGE_LOOP ( 'NONE', ( #1710, #304, #835, #44 ) ) ;
#138 = ORIENTED_EDGE ( 'NONE', *, *, #228, .T. ) ;
#139 = DIRECTION ( 'NONE',  ( -1.000000000000000000, 0.000000000000000000, 0.000000000000000000 ) ) ;
#140 = SURFACE_STYLE_FILL_AREA ( #1077 ) ;
#141 = ORIENTED_EDGE ( 'NONE', *, *, #1549, .F. ) ;
#142 = CARTESIAN_POINT ( 'NONE',  ( -13.96165325816433800, -20.73818310023298750, 32.33428427725434773 ) ) ;
#143 = DIRECTION ( 'NONE',  ( -0.2636518651273746516, -0.9646179005258281869, -4.956352788505163268E-16 ) ) ;
#144 = ADVANCED_FACE ( 'NONE', ( #829 ), #457, .F. ) ;
#145 = EDGE_LOOP ( 'NONE', ( #924, #566, #618, #1431 ) ) ;
#146 = DIRECTION ( 'NONE',  ( -0.2636518651273749292, -0.9646179005258280759, -0.000000000000000000 ) ) ;
#147 = ORIENTED_EDGE ( 'NONE', *, *, #518, .F. ) ;
#148 = AXIS2_PLACEMENT_3D ( 'NONE', #1247, #563, #691 ) ;
#149 = LINE ( 'NONE', #428, #1433 ) ;
#150 = DIRECTION ( 'NONE',  ( -0.000000000000000000, -0.000000000000000000, 1.000000000000000000 ) ) ;
#151 = VECTOR ( 'NONE', #982, 1000.000000000000000 ) ;
#152 = CARTESIAN_POINT ( 'NONE',  ( -11.67172118113323620, -12.36005358685332567, 37.00000000000000000 ) ) ;
#153 = AXIS2_PLACEMENT_3D ( 'NONE', #465, #591, #599 ) ;
#154 = AXIS2_PLACEMENT_3D ( 'NONE', #78, #234, #243 ) ;
#155 = EDGE_CURVE ( 'NONE', #1526, #1516, #1641, .T. ) ;
#156 = ORIENTED_EDGE ( 'NONE', *, *, #370, .T. ) ;
#157 = DIRECTION ( 'NONE',  ( -0.2636518651286224868, -0.9646179005254871264, -0.000000000000000000 ) ) ;
#158 = ORIENTED_EDGE ( 'NONE', *, *, #1193, .T. ) ;
#159 = DIRECTION ( 'NONE',  ( -0.000000000000000000, -0.000000000000000000, 1.000000000000000000 ) ) ;
#160 =( NAMED_UNIT ( * ) PLANE_ANGLE_UNIT ( ) SI_UNIT ( $, .RADIAN. ) );
#161 = CARTESIAN_POINT ( 'NONE',  ( 0.000000000000000000, 0.000000000000000000, 5.000000000000000000 ) ) ;
#162 = LINE ( 'NONE', #1004, #921 ) ;
#163 = VERTEX_POINT ( 'NONE', #1694 ) ;
#164 = EDGE_CURVE ( 'NONE', #1561, #1264, #867, .T. ) ;
#165 = CARTESIAN_POINT ( 'NONE',  ( -13.96165325816433445, -20.73818310023298750, 5.000000000000000000 ) ) ;
#166 = ORIENTED_EDGE ( 'NONE', *, *, #630, .T. ) ;
#167 = EDGE_CURVE ( 'NONE', #132, #496, #1630, .T. ) ;
#168 = CARTESIAN_POINT ( 'NONE',  ( -7.253186139818898148, -7.762331532557168678, 32.04999999999999716 ) ) ;
#169 = FACE_OUTER_BOUND ( 'NONE', #1443, .T. ) ;
#170 = B_SPLINE_CURVE_WITH_KNOTS ( 'NONE', 3,
 ( #1206, #519, #365, #905, #1449, #1501, #1229, #274, #1235, #664, #1752, #1214, #1622, #407, #1373, #1221, #1480, #1744, #1631, #1489, #142, #128 ),
 .UNSPECIFIED., .F., .F.,
 ( 4, 2, 2, 2, 2, 2, 2, 2, 2, 2, 4 ),
 ( 0.000000000000000000, 0.0009878017186983392966, 0.001481702578047504716, 0.001975603437396669920, 0.002963405156094996856, 0.003951206874793324227, 0.004939008593491650730, 0.005432909452840821787, 0.005926810312189991978, 0.006914612030888354043, 0.007902413749586716107 ),
 .UNSPECIFIED. ) ;
#171 = CYLINDRICAL_SURFACE ( 'NONE', #153, 1.900000000000035882 ) ;
#172 = CARTESIAN_POINT ( 'NONE',  ( -3.378457040343739060, 34.51086480776544363, 26.05000000000007887 ) ) ;
#173 = VERTEX_POINT ( 'NONE', #906 ) ;
#174 = CYLINDRICAL_SURFACE ( 'NONE', #241, 1.900000000000035882 ) ;
#175 = ORIENTED_EDGE ( 'NONE', *, *, #167, .T. ) ;
#176 = CARTESIAN_POINT ( 'NONE',  ( -7.640685201088401435, 28.93838160052963460, 32.05000000000007532 ) ) ;
#177 = DIRECTION ( 'NONE',  ( 1.000000000000000000, 0.000000000000000000, 0.000000000000000000 ) ) ;
#178 = ADVANCED_FACE ( 'NONE', ( #1016 ), #1044, .F. ) ;
#179 = AXIS2_PLACEMENT_3D ( 'NONE', #1162, #877, #80 ) ;
#180 = VECTOR ( 'NONE', #1176, 1000.000000000000227 ) ;
#181 = DIRECTION ( 'NONE',  ( 0.000000000000000000, 0.000000000000000000, 1.000000000000000000 ) ) ;
#182 = FACE_BOUND ( 'NONE', #1687, .T. ) ;
#183 = CIRCLE ( 'NONE', #1714, 4.950000000000001066 ) ;
#184 = VECTOR ( 'NONE', #1366, 1000.000000000000227 ) ;
#185 = VECTOR ( 'NONE', #1673, 1000.000000000000000 ) ;
#186 = VERTEX_POINT ( 'NONE', #68 ) ;
#187 = AXIS2_PLACEMENT_3D ( 'NONE', #85, #100, #648 ) ;
#188 = CARTESIAN_POINT ( 'NONE',  ( -11.67172118113323620, -12.36005358685332567, 37.00000000000000000 ) ) ;
#189 = VERTEX_POINT ( 'NONE', #1551 ) ;
#190 = CARTESIAN_POINT ( 'NONE',  ( -3.000000000000000444, 0.000000000000000000, 1.000000000000000000 ) ) ;
#191 = DIRECTION ( 'NONE',  ( -0.2636518651273749847, -0.9646179005258282979, -0.000000000000000000 ) ) ;
#192 = DIRECTION ( 'NONE',  ( 0.000000000000000000, 0.000000000000000000, 1.000000000000000000 ) ) ;
#193 = CARTESIAN_POINT ( 'NONE',  ( 9.673918020759506575, -9.771274744249584643, -4.949747468305831788 ) ) ;
#194 = EDGE_CURVE ( 'NONE', #692, #340, #1682, .T. ) ;
#195 = VERTEX_POINT ( 'NONE', #631 ) ;
#196 = CARTESIAN_POINT ( 'NONE',  ( 4.745733572292742508, 17.36312220946489759, 10.00000000000003375 ) ) ;
#197 = ORIENTED_EDGE ( 'NONE', *, *, #530, .F. ) ;
#198 = LINE ( 'NONE', #1185, #386 ) ;
#199 = CARTESIAN_POINT ( 'NONE',  ( 11.14441745087871638, 10.43081778581235142, 5.000000000000000000 ) ) ;
#200 = CARTESIAN_POINT ( 'NONE',  ( -11.67172118113323620, -12.36005358685332567, 37.00000000000000000 ) ) ;
#201 = CARTESIAN_POINT ( 'NONE',  ( 7.233985225986743650, 39.38631688480420223, 27.05000000000008242 ) ) ;
#202 = EDGE_LOOP ( 'NONE', ( #1662, #713, #1678, #1212 ) ) ;
#203 = ADVANCED_FACE ( 'NONE', ( #485 ), #355, .F. ) ;
#204 = PRODUCT_DEFINITION_CONTEXT ( 'detailed design', #1248, 'design' ) ;
#205 = DIRECTION ( 'NONE',  ( 0.000000000000000000, 0.000000000000000000, 1.000000000000000000 ) ) ;
#206 = ORIENTED_EDGE ( 'NONE', *, *, #1292, .T. ) ;
#207 = LINE ( 'NONE', #1051, #180 ) ;
#208 = DIRECTION ( 'NONE',  ( 0.2636518651273749292, 0.9646179005258281869, 0.000000000000000000 ) ) ;
#209 = DIRECTION ( 'NONE',  ( -2.428612866367529316E-17, 3.122502256758252154E-17, -1.000000000000000000 ) ) ;
#210 = CARTESIAN_POINT ( 'NONE',  ( 12.46267677651808015, 15.25390728844078581, 5.000000000000000000 ) ) ;
#211 = VECTOR ( 'NONE', #1428, 1000.000000000000000 ) ;
#212 = ORIENTED_EDGE ( 'NONE', *, *, #95, .F. ) ;
#213 = AXIS2_PLACEMENT_3D ( 'NONE', #108, #1739, #1204 ) ;
#214 = CIRCLE ( 'NONE', #526, 3.000000000000000444 ) ;
#215 = CARTESIAN_POINT ( 'NONE',  ( 18.23665262281841493, 36.37903930995360469, 32.05000000000007532 ) ) ;
#216 = ORIENTED_EDGE ( 'NONE', *, *, #1549, .T. ) ;
#217 = CIRCLE ( 'NONE', #1217, 1.900000000000035882 ) ;
#218 = ADVANCED_FACE ( 'NONE', ( #1310 ), #737, .T. ) ;
#219 = FACE_OUTER_BOUND ( 'NONE', #1541, .T. ) ;
#220 = DIRECTION ( 'NONE',  ( -0.2636518651273713210, -0.9646179005258292971, 6.082374187643686038E-17 ) ) ;
#221 = DIRECTION ( 'NONE',  ( -0.2636518651273709879, -0.9646179005258292971, 6.082374187643683573E-17 ) ) ;
#222 = LINE ( 'NONE', #60, #1184 ) ;
#223 = ORIENTED_EDGE ( 'NONE', *, *, #830, .T. ) ;
#224 = CARTESIAN_POINT ( 'NONE',  ( 1.472233150243455579, -24.95661294229095262, 5.000000000000000000 ) ) ;
#225 = VERTEX_POINT ( 'NONE', #1708 ) ;
#226 = CARTESIAN_POINT ( 'NONE',  ( 24.19802233108758571, 31.63962255249257893, 22.05000000000007887 ) ) ;
#227 = CARTESIAN_POINT ( 'NONE',  ( 18.82674976572499403, 28.96099304683425402, 26.05000000000007887 ) ) ;
#228 = EDGE_CURVE ( 'NONE', #1127, #776, #1350, .T. ) ;
#229 = FACE_OUTER_BOUND ( 'NONE', #1228, .T. ) ;
#230 = ORIENTED_EDGE ( 'NONE', *, *, #694, .F. ) ;
#231 = DIRECTION ( 'NONE',  ( -0.2636518651273712655, -0.9646179005258290751, 6.082374187643684805E-17 ) ) ;
#232 = ORIENTED_EDGE ( 'NONE', *, *, #863, .T. ) ;
#233 = CARTESIAN_POINT ( 'NONE',  ( 25.00000000000000000, 3.061616997868383043E-15, 3.000000000000000000 ) ) ;
#234 = DIRECTION ( 'NONE',  ( 0.000000000000000000, 0.000000000000000000, -1.000000000000000000 ) ) ;
#235 = DIRECTION ( 'NONE',  ( -0.2636518651283689119, -0.9646179005255565153, -0.000000000000000000 ) ) ;
#236 = EDGE_CURVE ( 'NONE', #662, #295, #806, .T. ) ;
#237 = EDGE_CURVE ( 'NONE', #1372, #1127, #222, .T. ) ;
#238 = VERTEX_POINT ( 'NONE', #346 ) ;
#239 = CARTESIAN_POINT ( 'NONE',  ( -13.96165325816433445, -20.73818310023298750, 3.000000000000000000 ) ) ;
#240 = VERTEX_POINT ( 'NONE', #1302 ) ;
#241 = AXIS2_PLACEMENT_3D ( 'NONE', #712, #444, #1136 ) ;
#242 = DIRECTION ( 'NONE',  ( 1.000000000000000000, 0.000000000000000000, -0.000000000000000000 ) ) ;
#243 = DIRECTION ( 'NONE',  ( -1.000000000000000000, 0.000000000000000000, -0.000000000000000000 ) ) ;
#244 = CIRCLE ( 'NONE', #726, 1.900000000000035882 ) ;
#245 = PRESENTATION_LAYER_ASSIGNMENT (  '', '', ( #470 ) ) ;
#246 = CARTESIAN_POINT ( 'NONE',  ( -0.8883598973780495456, 27.09281854462993877, 32.05000000000007532 ) ) ;
#247 = PRODUCT_RELATED_PRODUCT_CATEGORY ( 'part', '', ( #652 ) ) ;
#248 = ORIENTED_EDGE ( 'NONE', *, *, #1222, .T. ) ;
#249 = ADVANCED_FACE ( 'NONE', ( #623 ), #1422, .F. ) ;
#250 = LINE ( 'NONE', #514, #614 ) ;
#251 = EDGE_LOOP ( 'NONE', ( #1670, #807 ) ) ;
#252 = CARTESIAN_POINT ( 'NONE',  ( -1.472233150243462463, 24.95661294229095262, 3.000000000000000000 ) ) ;
#253 = DIRECTION ( 'NONE',  ( -0.9646179005254871264, 0.2636518651286223758, 0.000000000000000000 ) ) ;
#254 = CARTESIAN_POINT ( 'NONE',  ( 15.04913116625932190, 3.492221387979129954, 0.000000000000000000 ) ) ;
#255 = ORIENTED_EDGE ( 'NONE', *, *, #1273, .T. ) ;
#256 = CARTESIAN_POINT ( 'NONE',  ( 20.72674976572503525, 28.96099304683425402, 26.05000000000007887 ) ) ;
#257 = EDGE_CURVE ( 'NONE', #1087, #1181, #339, .T. ) ;
#258 = ORIENTED_EDGE ( 'NONE', *, *, #1223, .T. ) ;
#259 = DIRECTION ( 'NONE',  ( 0.000000000000000000, 0.000000000000000000, 1.000000000000000000 ) ) ;
#260 = DIRECTION ( 'NONE',  ( 0.000000000000000000, 0.000000000000000000, 1.000000000000000000 ) ) ;
#261 = ORIENTED_EDGE ( 'NONE', *, *, #1388, .F. ) ;
#262 = PLANE ( 'NONE',  #897 ) ;
#263 = ORIENTED_EDGE ( 'NONE', *, *, #1231, .F. ) ;
#264 = LINE ( 'NONE', #1357, #43 ) ;
#265 = ORIENTED_EDGE ( 'NONE', *, *, #1338, .F. ) ;
#266 = EDGE_CURVE ( 'NONE', #1093, #881, #780, .T. ) ;
#267 = CIRCLE ( 'NONE', #609, 6.050000000000002487 ) ;
#268 = FACE_BOUND ( 'NONE', #119, .T. ) ;
#269 = DIRECTION ( 'NONE',  ( 1.000000000000000000, 0.000000000000000000, 0.000000000000000000 ) ) ;
#270 = ORIENTED_EDGE ( 'NONE', *, *, #1605, .T. ) ;
#271 = AXIS2_PLACEMENT_3D ( 'NONE', #617, #870, #1312 ) ;
#272 = ADVANCED_FACE ( 'NONE', ( #767 ), #1567, .F. ) ;
#273 = CIRCLE ( 'NONE', #1269, 1.749999999999999778 ) ;
#274 = CARTESIAN_POINT ( 'NONE',  ( -11.47612350486185129, -22.21245076011810937, 36.49507828791595188 ) ) ;
#275 = VECTOR ( 'NONE', #1323, 1000.000000000000000 ) ;
#276 = ORIENTED_EDGE ( 'NONE', *, *, #1223, .F. ) ;
#277 = DIRECTION ( 'NONE',  ( -0.000000000000000000, -0.000000000000000000, -1.000000000000000000 ) ) ;
#278 = EDGE_LOOP ( 'NONE', ( #89, #1396, #1649, #1475 ) ) ;
#279 = ADVANCED_BREP_SHAPE_REPRESENTATION ( '010_015_Wheel_mount', ( #1416, #640 ), #1574 ) ;
#280 = DIRECTION ( 'NONE',  ( -0.9646179005258290751, 0.2636518651273713210, 0.000000000000000000 ) ) ;
#281 = LINE ( 'NONE', #116, #329 ) ;
#282 = ORIENTED_EDGE ( 'NONE', *, *, #236, .T. ) ;
#283 = CARTESIAN_POINT ( 'NONE',  ( 18.82674976572499403, 28.96099304683425402, 32.05000000000007532 ) ) ;
#284 = ADVANCED_FACE ( 'NONE', ( #446 ), #1259, .F. ) ;
#285 = ORIENTED_EDGE ( 'NONE', *, *, #1171, .F. ) ;
#286 = ORIENTED_EDGE ( 'NONE', *, *, #1457, .F. ) ;
#287 = DIRECTION ( 'NONE',  ( 0.000000000000000000, 0.000000000000000000, -1.000000000000000000 ) ) ;
#288 =( NAMED_UNIT ( * ) PLANE_ANGLE_UNIT ( ) SI_UNIT ( $, .RADIAN. ) );
#289 = EDGE_CURVE ( 'NONE', #357, #1226, #1237, .T. ) ;
#290 = FACE_OUTER_BOUND ( 'NONE', #331, .T. ) ;
#291 = EDGE_CURVE ( 'NONE', #776, #48, #597, .T. ) ;
#292 = ORIENTED_EDGE ( 'NONE', *, *, #1196, .T. ) ;
#293 = DIRECTION ( 'NONE',  ( -0.9646179005254871264, 0.2636518651286226533, -0.000000000000000000 ) ) ;
#294 = VECTOR ( 'NONE', #994, 1000.000000000000114 ) ;
#295 = VERTEX_POINT ( 'NONE', #1117 ) ;
#296 = AXIS2_PLACEMENT_3D ( 'NONE', #29, #1138, #1397 ) ;
#297 = PLANE ( 'NONE',  #577 ) ;
#298 = FACE_OUTER_BOUND ( 'NONE', #33, .T. ) ;
#299 = CIRCLE ( 'NONE', #1378, 20.10000000000705001 ) ;
#300 = AXIS2_PLACEMENT_3D ( 'NONE', #67, #611, #440 ) ;
#301 = FACE_OUTER_BOUND ( 'NONE', #501, .T. ) ;
#302 = AXIS2_PLACEMENT_3D ( 'NONE', #876, #1119, #1522 ) ;
#303 = CIRCLE ( 'NONE', #1579, 1.749999999999999778 ) ;
#304 = ORIENTED_EDGE ( 'NONE', *, *, #114, .T. ) ;
#305 = EDGE_CURVE ( 'NONE', #460, #1516, #589, .T. ) ;
#306 = CARTESIAN_POINT ( 'NONE',  ( -20.09999999999888942, 5.305023361788514358E-11, -5.299999999999942979 ) ) ;
#307 = EDGE_LOOP ( 'NONE', ( #61, #1329 ) ) ;
#308 = FACE_OUTER_BOUND ( 'NONE', #1403, .T. ) ;
#309 = CARTESIAN_POINT ( 'NONE',  ( -1.846660983109801979, 38.75822291093160743, 22.05000000000007887 ) ) ;
#310 = DIRECTION ( 'NONE',  ( -0.000000000000000000, -0.000000000000000000, -1.000000000000000000 ) ) ;
#311 = DIRECTION ( 'NONE',  ( 0.000000000000000000, 0.000000000000000000, 1.000000000000000000 ) ) ;
#312 = ORIENTED_EDGE ( 'NONE', *, *, #486, .T. ) ;
#313 = ADVANCED_FACE ( 'NONE', ( #1001 ), #1679, .T. ) ;
#314 = CARTESIAN_POINT ( 'NONE',  ( -2.478327532216046958, -9.067408264937675710, 32.04999999999999716 ) ) ;
#315 = ORIENTED_EDGE ( 'NONE', *, *, #1586, .F. ) ;
#316 = DIRECTION ( 'NONE',  ( 1.000000000000000000, 0.000000000000000000, 0.000000000000000000 ) ) ;
#317 = DIRECTION ( 'NONE',  ( 0.9646179005258281869, -0.2636518651273748182, 0.000000000000000000 ) ) ;
#318 = LINE ( 'NONE', #448, #699 ) ;
#319 = CARTESIAN_POINT ( 'NONE',  ( 7.923918020759507463, -9.771274744249584643, 3.000000000000000000 ) ) ;
#320 = VERTEX_POINT ( 'NONE', #190 ) ;
#321 = CARTESIAN_POINT ( 'NONE',  ( 0.000000000000000000, 0.000000000000000000, -5.299999999999943867 ) ) ;
#322 = ORIENTED_EDGE ( 'NONE', *, *, #1231, .T. ) ;
#323 = CARTESIAN_POINT ( 'NONE',  ( 1.472233150243455579, -24.95661294229095262, 5.000000000000000000 ) ) ;
#324 = DIRECTION ( 'NONE',  ( 0.000000000000000000, 0.000000000000000000, 1.000000000000000000 ) ) ;
#325 = EDGE_CURVE ( 'NONE', #817, #340, #1546, .T. ) ;
#326 = AXIS2_PLACEMENT_3D ( 'NONE', #1527, #159, #316 ) ;
#327 = DIRECTION ( 'NONE',  ( -0.000000000000000000, -0.000000000000000000, 1.000000000000000000 ) ) ;
#328 = DIRECTION ( 'NONE',  ( 1.000000000000000000, 0.000000000000000000, 0.000000000000000000 ) ) ;
#329 = VECTOR ( 'NONE', #946, 1000.000000000000114 ) ;
#330 = VECTOR ( 'NONE', #1297, 1000.000000000000000 ) ;
#331 = EDGE_LOOP ( 'NONE', ( #513, #1029, #158, #1355 ) ) ;
#332 = AXIS2_PLACEMENT_3D ( 'NONE', #447, #1011, #1272 ) ;
#333 = LINE ( 'NONE', #1451, #978 ) ;
#334 = EDGE_LOOP ( 'NONE', ( #810, #361, #969, #56 ) ) ;
#335 = DIRECTION ( 'NONE',  ( -0.2636518651273749292, -0.9646179005258280759, -0.000000000000000000 ) ) ;
#336 = DIRECTION ( 'NONE',  ( -0.000000000000000000, -0.000000000000000000, 1.000000000000000000 ) ) ;
#337 = CARTESIAN_POINT ( 'NONE',  ( 11.42391802075950658, -9.771274744249584643, 3.000000000000000000 ) ) ;
#338 = EDGE_CURVE ( 'NONE', #1264, #340, #149, .T. ) ;
#339 = LINE ( 'NONE', #210, #122 ) ;
#340 = VERTEX_POINT ( 'NONE', #1280 ) ;
#341 = FACE_BOUND ( 'NONE', #19, .T. ) ;
#342 = ORIENTED_EDGE ( 'NONE', *, *, #257, .F. ) ;
#343 = CARTESIAN_POINT ( 'NONE',  ( -2.971209631895169068, 19.47233713047878112, 22.05000000000007887 ) ) ;
#344 = DIRECTION ( 'NONE',  ( 1.000000000000000000, 0.000000000000000000, 0.000000000000000000 ) ) ;
#345 = DIRECTION ( 'NONE',  ( 0.2636518651286226533, 0.9646179005254872374, -0.000000000000000000 ) ) ;
#346 = CARTESIAN_POINT ( 'NONE',  ( -10.35346185549012787, -7.536964084225909133, 5.000000000000000000 ) ) ;
#347 = ORIENTED_EDGE ( 'NONE', *, *, #1318, .F. ) ;
#348 = UNCERTAINTY_MEASURE_WITH_UNIT (LENGTH_MEASURE( 1.000000000000000082E-05 ), #1486, 'distance_accuracy_value', 'NONE');
#349 = EDGE_CURVE ( 'NONE', #13, #9, #567, .T. ) ;
#350 = DIRECTION ( 'NONE',  ( -0.000000000000000000, -0.000000000000000000, 1.000000000000000000 ) ) ;
#351 = VERTEX_POINT ( 'NONE', #1652 ) ;
#352 = DIRECTION ( 'NONE',  ( 0.2636518651286226533, 0.9646179005254872374, -0.000000000000000000 ) ) ;
#353 = CARTESIAN_POINT ( 'NONE',  ( -13.29913116624723735, -3.492221387936318866, -4.949747468305831788 ) ) ;
#354 = DIRECTION ( 'NONE',  ( 1.000000000000000000, 0.000000000000000000, 0.000000000000000000 ) ) ;
#355 = CYLINDRICAL_SURFACE ( 'NONE', #547, 1.749999999999999778 ) ;
#356 = AXIS2_PLACEMENT_3D ( 'NONE', #1010, #873, #36 ) ;
#357 = VERTEX_POINT ( 'NONE', #436 ) ;
#358 = AXIS2_PLACEMENT_3D ( 'NONE', #773, #79, #94 ) ;
#359 = CARTESIAN_POINT ( 'NONE',  ( -15.04913116624723735, -3.492221387936318866, 0.000000000000000000 ) ) ;
#360 = EDGE_CURVE ( 'NONE', #692, #851, #707, .T. ) ;
#361 = ORIENTED_EDGE ( 'NONE', *, *, #1351, .T. ) ;
#362 = CIRCLE ( 'NONE', #701, 1.749999999999999778 ) ;
#363 = DIRECTION ( 'NONE',  ( -0.000000000000000000, -0.000000000000000000, -1.000000000000000000 ) ) ;
#364 = DIRECTION ( 'NONE',  ( -0.9646179005258290751, 0.2636518651273714320, 0.000000000000000000 ) ) ;
#365 = CARTESIAN_POINT ( 'NONE',  ( -10.04848394215721541, -22.89393879720636704, 36.96732456722896387 ) ) ;
#366 = DIRECTION ( 'NONE',  ( -0.4423907323898982336, 0.8968224126857722300, 1.151972685408178790E-16 ) ) ;
#367 = ORIENTED_EDGE ( 'NONE', *, *, #1535, .F. ) ;
#368 = DIRECTION ( 'NONE',  ( -0.2636518651273747071, -0.9646179005258281869, 0.000000000000000000 ) ) ;
#369 = ORIENTED_EDGE ( 'NONE', *, *, #740, .F. ) ;
#370 = EDGE_CURVE ( 'NONE', #722, #1479, #1536, .T. ) ;
#371 = DIRECTION ( 'NONE',  ( 1.000000000000000000, 0.000000000000000000, 0.000000000000000000 ) ) ;
#372 = CARTESIAN_POINT ( 'NONE',  ( -2.478327532216046958, -9.067408264937675710, 32.04999999999999716 ) ) ;
#373 = ADVANCED_FACE ( 'NONE', ( #860 ), #57, .F. ) ;
#374 = CARTESIAN_POINT ( 'NONE',  ( -11.42391802075888663, 9.771274744295263659, 0.000000000000000000 ) ) ;
#375 = ORIENTED_EDGE ( 'NONE', *, *, #1222, .F. ) ;
#376 = CARTESIAN_POINT ( 'NONE',  ( -3.954777976929346739, -14.46926850788231356, 37.00000000000000000 ) ) ;
#377 = ORIENTED_EDGE ( 'NONE', *, *, #863, .F. ) ;
#378 = DIRECTION ( 'NONE',  ( -0.000000000000000000, -0.000000000000000000, 1.000000000000000000 ) ) ;
#379 = CARTESIAN_POINT ( 'NONE',  ( 3.531250716898429065, 43.26276109301814188, 22.05000000000007887 ) ) ;
#380 = DIRECTION ( 'NONE',  ( 0.000000000000000000, 1.000000000000000000, 4.315232527303976891E-17 ) ) ;
#381 = EDGE_CURVE ( 'NONE', #396, #1561, #267, .T. ) ;
#382 = CIRCLE ( 'NONE', #1570, 1.749999999999999778 ) ;
#383 = ORIENTED_EDGE ( 'NONE', *, *, #1569, .F. ) ;
#384 = LINE ( 'NONE', #1468, #1658 ) ;
#385 =( GEOMETRIC_REPRESENTATION_CONTEXT ( 3 ) GLOBAL_UNCERTAINTY_ASSIGNED_CONTEXT ( ( #1027 ) ) GLOBAL_UNIT_ASSIGNED_CONTEXT ( ( #804, #1348, #517 ) ) REPRESENTATION_CONTEXT ( 'NONE', 'WORKASPACE' ) );
#386 = VECTOR ( 'NONE', #363, 1000.000000000000000 ) ;
#387 = ORIENTED_EDGE ( 'NONE', *, *, #1595, .F. ) ;
#388 = VECTOR ( 'NONE', #1619, 1000.000000000000000 ) ;
#389 = CARTESIAN_POINT ( 'NONE',  ( -9.673918020758886627, 9.771274744295263659, 0.000000000000000000 ) ) ;
#390 = CIRCLE ( 'NONE', #127, 1.749999999999999778 ) ;
#391 = AXIS2_PLACEMENT_3D ( 'NONE', #1577, #220, #364 ) ;
#392 = CARTESIAN_POINT ( 'NONE',  ( -2.024672328033155555, -24.91974569681831753, 36.74234131915724788 ) ) ;
#393 = ADVANCED_FACE ( 'NONE', ( #308 ), #462, .F. ) ;
#394 = ORIENTED_EDGE ( 'NONE', *, *, #1692, .T. ) ;
#395 = DIRECTION ( 'NONE',  ( 1.000000000000000000, 0.000000000000000000, -0.000000000000000000 ) ) ;
#396 = VERTEX_POINT ( 'NONE', #578 ) ;
#397 = CARTESIAN_POINT ( 'NONE',  ( -1.060924275352878920, -15.26022410326817536, 37.00000000000000000 ) ) ;
#398 = CARTESIAN_POINT ( 'NONE',  ( 0.4215429596563327053, 34.51086480776544363, 26.05000000000007887 ) ) ;
#399 = EDGE_LOOP ( 'NONE', ( #995, #401 ) ) ;
#400 = DIRECTION ( 'NONE',  ( 1.000000000000000000, 0.000000000000000000, 0.000000000000000000 ) ) ;
#401 = ORIENTED_EDGE ( 'NONE', *, *, #685, .F. ) ;
#402 = CYLINDRICAL_SURFACE ( 'NONE', #1241, 20.10000000000705001 ) ;
#403 = ORIENTED_EDGE ( 'NONE', *, *, #815, .T. ) ;
#404 = EDGE_CURVE ( 'NONE', #733, #420, #698, .T. ) ;
#405 = CARTESIAN_POINT ( 'NONE',  ( -9.125561107849371467, -3.044467736191096119, -13.34271928232184656 ) ) ;
#406 = VERTEX_POINT ( 'NONE', #23 ) ;
#407 = CARTESIAN_POINT ( 'NONE',  ( -13.28905984494870474, -21.17569421461290702, 34.66164430822622222 ) ) ;
#408 = ORIENTED_EDGE ( 'NONE', *, *, #749, .F. ) ;
#409 = DIRECTION ( 'NONE',  ( 0.9646179005258281869, -0.2636518651273747071, -0.000000000000000000 ) ) ;
#410 = ORIENTED_EDGE ( 'NONE', *, *, #126, .T. ) ;
#411 = ADVANCED_FACE ( 'NONE', ( #561, #1111, #972 ), #297, .T. ) ;
#412 = DIRECTION ( 'NONE',  ( -0.000000000000000000, -0.000000000000000000, -1.000000000000000000 ) ) ;
#413 = CARTESIAN_POINT ( 'NONE',  ( -4.289468957534531945, 14.64924762785034495, 5.000000000000000000 ) ) ;
#414 = EDGE_LOOP ( 'NONE', ( #1164, #369, #1407, #1054 ) ) ;
#415 = VECTOR ( 'NONE', #1341, 1000.000000000000000 ) ;
#416 = AXIS2_PLACEMENT_3D ( 'NONE', #1333, #516, #139 ) ;
#417 = DIRECTION ( 'NONE',  ( -0.000000000000000000, -0.000000000000000000, -1.000000000000000000 ) ) ;
#418 = AXIS2_PLACEMENT_3D ( 'NONE', #511, #1706, #344 ) ;
#419 = ORIENTED_EDGE ( 'NONE', *, *, #538, .T. ) ;
#420 = VERTEX_POINT ( 'NONE', #473 ) ;
#421 = CARTESIAN_POINT ( 'NONE',  ( 16.92674976572495282, 28.96099304683425402, 32.05000000000007532 ) ) ;
#422 = ORIENTED_EDGE ( 'NONE', *, *, #114, .F. ) ;
#423 = EDGE_CURVE ( 'NONE', #189, #1050, #1427, .T. ) ;
#424 = DIRECTION ( 'NONE',  ( 0.000000000000000000, 0.000000000000000000, 1.000000000000000000 ) ) ;
#425 = DIRECTION ( 'NONE',  ( -0.000000000000000000, -0.000000000000000000, -1.000000000000000000 ) ) ;
#426 = VERTEX_POINT ( 'NONE', #910 ) ;
#427 = DIRECTION ( 'NONE',  ( -0.5471214752395671121, 0.8370532189363348863, 0.000000000000000000 ) ) ;
#428 = CARTESIAN_POINT ( 'NONE',  ( -0.8883598973780495456, 27.09281854462993522, 27.05000000000007887 ) ) ;
#429 = FILL_AREA_STYLE ('',( #1094 ) ) ;
#430 = EDGE_CURVE ( 'NONE', #588, #189, #198, .T. ) ;
#431 = EDGE_CURVE ( 'NONE', #1590, #487, #1040, .T. ) ;
#432 = CARTESIAN_POINT ( 'NONE',  ( 21.29785181468646016, 21.02882564670845156, 27.05000000000008242 ) ) ;
#433 = EDGE_LOOP ( 'NONE', ( #576, #1370, #1286, #1313 ) ) ;
#434 = PLANE ( 'NONE',  #1685 ) ;
#435 = ORIENTED_EDGE ( 'NONE', *, *, #107, .F. ) ;
#436 = CARTESIAN_POINT ( 'NONE',  ( 16.92674976572495282, 28.96099304683425402, 26.05000000000007887 ) ) ;
#437 = AXIS2_PLACEMENT_3D ( 'NONE', #353, #93, #503 ) ;
#438 = AXIS2_PLACEMENT_3D ( 'NONE', #321, #1643, #858 ) ;
#439 = CIRCLE ( 'NONE', #811, 1.749999999999999778 ) ;
#440 = DIRECTION ( 'NONE',  ( -1.000000000000000000, 0.000000000000000000, 0.000000000000000000 ) ) ;
#441 = DIRECTION ( 'NONE',  ( 0.8370532189363348863, 0.5471214752395671121, -0.000000000000000000 ) ) ;
#442 = EDGE_CURVE ( 'NONE', #496, #225, #1096, .T. ) ;
#443 = ORIENTED_EDGE ( 'NONE', *, *, #1625, .F. ) ;
#444 = DIRECTION ( 'NONE',  ( -0.000000000000000000, -0.000000000000000000, 1.000000000000000000 ) ) ;
#445 = VERTEX_POINT ( 'NONE', #771 ) ;
#446 = FACE_OUTER_BOUND ( 'NONE', #505, .T. ) ;
#447 = CARTESIAN_POINT ( 'NONE',  ( 0.000000000000000000, 0.000000000000000000, 0.000000000000000000 ) ) ;
#448 = CARTESIAN_POINT ( 'NONE',  ( -15.04913116624723735, -3.492221387936318866, -4.949747468305831788 ) ) ;
#449 = DIRECTION ( 'NONE',  ( -0.2636518651286226533, -0.9646179005254871264, 0.000000000000000000 ) ) ;
#450 = ADVANCED_FACE ( 'NONE', ( #1419 ), #1314, .F. ) ;
#451 = ORIENTED_EDGE ( 'NONE', *, *, #506, .T. ) ;
#452 = DIRECTION ( 'NONE',  ( 0.2636518651265131741, 0.9646179005260636652, 2.428612866367529932E-17 ) ) ;
#453 = EDGE_LOOP ( 'NONE', ( #1626, #1104 ) ) ;
#454 = CARTESIAN_POINT ( 'NONE',  ( 0.000000000000000000, 0.000000000000000000, 1.000000000000000000 ) ) ;
#455 = CARTESIAN_POINT ( 'NONE',  ( 6.828583306799060004, 24.98360362361903952, 32.05000000000007532 ) ) ;
#456 = CYLINDRICAL_SURFACE ( 'NONE', #643, 1.900000000000040545 ) ;
#457 = CYLINDRICAL_SURFACE ( 'NONE', #1122, 3.000000000000000444 ) ;
#458 = ORIENTED_EDGE ( 'NONE', *, *, #1434, .T. ) ;
#459 = FACE_OUTER_BOUND ( 'NONE', #1219, .T. ) ;
#460 = VERTEX_POINT ( 'NONE', #619 ) ;
#461 = EDGE_CURVE ( 'NONE', #544, #240, #1600, .T. ) ;
#462 = PLANE ( 'NONE',  #356 ) ;
#463 = FACE_BOUND ( 'NONE', #399, .T. ) ;
#464 = AXIS2_PLACEMENT_3D ( 'NONE', #152, #449, #572 ) ;
#465 = CARTESIAN_POINT ( 'NONE',  ( -1.478457040343703177, 34.51086480776544363, 26.05000000000007887 ) ) ;
#466 = DIRECTION ( 'NONE',  ( 0.000000000000000000, 0.000000000000000000, 1.000000000000000000 ) ) ;
#467 = AXIS2_PLACEMENT_3D ( 'NONE', #92, #378, #371 ) ;
#468 = VECTOR ( 'NONE', #1201, 1000.000000000000000 ) ;
#469 = ORIENTED_EDGE ( 'NONE', *, *, #663, .T. ) ;
#470 = STYLED_ITEM ( 'NONE', ( #690 ), #1416 ) ;
#471 = FACE_OUTER_BOUND ( 'NONE', #134, .T. ) ;
#472 = ORIENTED_EDGE ( 'NONE', *, *, #1455, .T. ) ;
#473 = CARTESIAN_POINT ( 'NONE',  ( -20.09999999999888942, 5.305023361788514358E-11, 0.000000000000000000 ) ) ;
#474 = LINE ( 'NONE', #1307, #958 ) ;
#475 = EDGE_CURVE ( 'NONE', #406, #776, #207, .T. ) ;
#476 = DIRECTION ( 'NONE',  ( 0.9646179005254870154, -0.2636518651286227088, -1.387778780781445478E-15 ) ) ;
#477 = DIRECTION ( 'NONE',  ( -0.9646179005258290751, 0.2636518651273712655, 7.552528155317080092E-16 ) ) ;
#478 = ORIENTED_EDGE ( 'NONE', *, *, #749, .T. ) ;
#479 = FACE_BOUND ( 'NONE', #825, .T. ) ;
#480 = ORIENTED_EDGE ( 'NONE', *, *, #461, .F. ) ;
#481 = DIRECTION ( 'NONE',  ( 1.000000000000000000, 0.000000000000000000, 0.000000000000000000 ) ) ;
#482 = DIRECTION ( 'NONE',  ( 1.000000000000000000, 0.000000000000000000, 0.000000000000000000 ) ) ;
#483 = EDGE_CURVE ( 'NONE', #1258, #1151, #521, .T. ) ;
#484 = DIRECTION ( 'NONE',  ( -0.000000000000000000, -0.000000000000000000, -1.000000000000000000 ) ) ;
#485 = FACE_OUTER_BOUND ( 'NONE', #334, .T. ) ;
#486 = EDGE_CURVE ( 'NONE', #817, #851, #1705, .T. ) ;
#487 = VERTEX_POINT ( 'NONE', #1058 ) ;
#488 = CARTESIAN_POINT ( 'NONE',  ( -4.740514684687282987, 39.54917850631373000, 22.05000000000007887 ) ) ;
#489 = EDGE_LOOP ( 'NONE', ( #1123, #1256, #954, #801 ) ) ;
#490 = DIRECTION ( 'NONE',  ( 1.000000000000000000, 0.000000000000000000, 0.000000000000000000 ) ) ;
#491 = PLANE ( 'NONE',  #548 ) ;
#492 = DIRECTION ( 'NONE',  ( 0.000000000000000000, 0.000000000000000000, 1.000000000000000000 ) ) ;
#493 = VECTOR ( 'NONE', #1386, 999.9999999999998863 ) ;
#494 = DIRECTION ( 'NONE',  ( 1.000000000000000000, 0.000000000000000000, 0.000000000000000000 ) ) ;
#495 = AXIS2_PLACEMENT_3D ( 'NONE', #635, #510, #490 ) ;
#496 = VERTEX_POINT ( 'NONE', #233 ) ;
#497 = AXIS2_PLACEMENT_3D ( 'NONE', #196, #1019, #1712 ) ;
#498 = ADVANCED_FACE ( 'NONE', ( #1593 ), #1437, .F. ) ;
#499 = CIRCLE ( 'NONE', #1718, 3.000000000000002665 ) ;
#500 = PLANE ( 'NONE',  #725 ) ;
#501 = EDGE_LOOP ( 'NONE', ( #1492, #1209, #1303, #1524 ) ) ;
#502 = CARTESIAN_POINT ( 'NONE',  ( -13.96165325816433445, -20.73818310023298750, 5.000000000000000000 ) ) ;
#503 = DIRECTION ( 'NONE',  ( 1.000000000000000000, 0.000000000000000000, 0.000000000000000000 ) ) ;
#504 = DIRECTION ( 'NONE',  ( 1.000000000000000000, 0.000000000000000000, 0.000000000000000000 ) ) ;
#505 = EDGE_LOOP ( 'NONE', ( #886, #1460, #1563, #322 ) ) ;
#506 = EDGE_CURVE ( 'NONE', #460, #189, #1587, .T. ) ;
#507 = CARTESIAN_POINT ( 'NONE',  ( -12.15755755682721073, -14.13757359222937282, 11.84271928232700333 ) ) ;
#508 = ORIENTED_EDGE ( 'NONE', *, *, #305, .F. ) ;
#509 = EDGE_CURVE ( 'NONE', #546, #1590, #752, .T. ) ;
#510 = DIRECTION ( 'NONE',  ( 0.000000000000000000, 0.000000000000000000, 1.000000000000000000 ) ) ;
#511 = CARTESIAN_POINT ( 'NONE',  ( 8.160195089090825733E-12, 5.304777207781885809E-11, -76.01067811865470958 ) ) ;
#512 = DIRECTION ( 'NONE',  ( 0.000000000000000000, 0.000000000000000000, 1.000000000000000000 ) ) ;
#513 = ORIENTED_EDGE ( 'NONE', *, *, #594, .T. ) ;
#514 = CARTESIAN_POINT ( 'NONE',  ( -11.54913116624723735, -3.492221387936318866, -4.949747468305831788 ) ) ;
#515 = VERTEX_POINT ( 'NONE', #226 ) ;
#516 = DIRECTION ( 'NONE',  ( 0.000000000000000000, 0.000000000000000000, -1.000000000000000000 ) ) ;
#517 =( NAMED_UNIT ( * ) SI_UNIT ( $, .STERADIAN. ) SOLID_ANGLE_UNIT ( ) );
#518 = EDGE_CURVE ( 'NONE', #48, #1372, #1322, .T. ) ;
#519 = CARTESIAN_POINT ( 'NONE',  ( -9.746929162786702960, -23.02409640618166264, 37.00000000000000000 ) ) ;
#520 = ORIENTED_EDGE ( 'NONE', *, *, #585, .T. ) ;
#521 = CIRCLE ( 'NONE', #754, 1.749999999999999778 ) ;
#522 = CYLINDRICAL_SURFACE ( 'NONE', #1072, 5.000000000000000000 ) ;
#523 = PRESENTATION_LAYER_ASSIGNMENT (  '', '', ( #1069 ) ) ;
#524 = AXIS2_PLACEMENT_3D ( 'NONE', #748, #205, #880 ) ;
#525 = ORIENTED_EDGE ( 'NONE', *, *, #878, .F. ) ;
#526 = AXIS2_PLACEMENT_3D ( 'NONE', #884, #1254, #1429 ) ;
#527 = CARTESIAN_POINT ( 'NONE',  ( 11.54913116625932368, 3.492221387979129954, 3.000000000000000000 ) ) ;
#528 = VECTOR ( 'NONE', #892, 1000.000000000000000 ) ;
#529 = CARTESIAN_POINT ( 'NONE',  ( 14.54552651100566152, 22.87438870260007562, 22.05000000000007887 ) ) ;
#530 = EDGE_CURVE ( 'NONE', #1387, #1358, #1447, .T. ) ;
#531 = ORIENTED_EDGE ( 'NONE', *, *, #167, .F. ) ;
#532 = DIRECTION ( 'NONE',  ( 1.000000000000000000, 0.000000000000000000, 0.000000000000000000 ) ) ;
#533 = ORIENTED_EDGE ( 'NONE', *, *, #486, .F. ) ;
#534 = CARTESIAN_POINT ( 'NONE',  ( -1.055705387727686517, 41.65207661250910576, 32.05000000000007532 ) ) ;
#535 = DIRECTION ( 'NONE',  ( 0.2636518651273749292, 0.9646179005258282979, 0.000000000000000000 ) ) ;
#536 = DIRECTION ( 'NONE',  ( 0.2636518651256576917, 0.9646179005262974782, -0.000000000000000000 ) ) ;
#537 = ORIENTED_EDGE ( 'NONE', *, *, #675, .F. ) ;
#538 = EDGE_CURVE ( 'NONE', #869, #1216, #76, .T. ) ;
#539 = CYLINDRICAL_SURFACE ( 'NONE', #838, 5.000000000000000000 ) ;
#540 = EDGE_LOOP ( 'NONE', ( #1344, #961 ) ) ;
#541 = CARTESIAN_POINT ( 'NONE',  ( -11.42391802075888663, 9.771274744295263659, 3.000000000000000000 ) ) ;
#542 = ORIENTED_EDGE ( 'NONE', *, *, #606, .T. ) ;
#543 = CYLINDRICAL_SURFACE ( 'NONE', #1017, 25.00000000000000000 ) ;
#544 = VERTEX_POINT ( 'NONE', #891 ) ;
#545 = ADVANCED_FACE ( 'NONE', ( #219 ), #764, .F. ) ;
#546 = VERTEX_POINT ( 'NONE', #945 ) ;
#547 = AXIS2_PLACEMENT_3D ( 'NONE', #193, #1179, #895 ) ;
#548 = AXIS2_PLACEMENT_3D ( 'NONE', #227, #772, #1717 ) ;
#549 = CARTESIAN_POINT ( 'NONE',  ( -9.437520906382470542, -23.15023108181846823, 37.00000000000000000 ) ) ;
#550 = EDGE_CURVE ( 'NONE', #132, #225, #1637, .T. ) ;
#551 = EDGE_LOOP ( 'NONE', ( #1349, #261, #375, #1047 ) ) ;
#552 = AXIS2_PLACEMENT_3D ( 'NONE', #1497, #11, #280 ) ;
#553 = AXIS2_PLACEMENT_3D ( 'NONE', #31, #512, #1604 ) ;
#554 = SURFACE_STYLE_USAGE ( .BOTH. , #1367 ) ;
#555 = CIRCLE ( 'NONE', #1383, 25.00000000000000000 ) ;
#556 = DIRECTION ( 'NONE',  ( -0.2636518651273712655, -0.9646179005258290751, 6.082374187643684805E-17 ) ) ;
#557 = VERTEX_POINT ( 'NONE', #1347 ) ;
#558 = EDGE_CURVE ( 'NONE', #1018, #947, #1461, .T. ) ;
#559 = CARTESIAN_POINT ( 'NONE',  ( 21.29785181468646016, 21.02882564670845156, 40.26253514297374636 ) ) ;
#560 = EDGE_CURVE ( 'NONE', #1639, #557, #820, .T. ) ;
#561 = FACE_OUTER_BOUND ( 'NONE', #859, .T. ) ;
#562 = FACE_OUTER_BOUND ( 'NONE', #1175, .T. ) ;
#563 = DIRECTION ( 'NONE',  ( -0.000000000000000000, -0.000000000000000000, 1.000000000000000000 ) ) ;
#564 = ORIENTED_EDGE ( 'NONE', *, *, #621, .T. ) ;
#565 = LINE ( 'NONE', #1518, #1715 ) ;
#566 = ORIENTED_EDGE ( 'NONE', *, *, #621, .F. ) ;
#567 = LINE ( 'NONE', #723, #151 ) ;
#568 = APPLICATION_CONTEXT ( 'automotive_design' ) ;
#569 = FACE_OUTER_BOUND ( 'NONE', #26, .T. ) ;
#570 = EDGE_CURVE ( 'NONE', #546, #351, #115, .T. ) ;
#571 = DIRECTION ( 'NONE',  ( 1.000000000000000000, 0.000000000000000000, 0.000000000000000000 ) ) ;
#572 = DIRECTION ( 'NONE',  ( 0.9646179005254871264, -0.2636518651286226533, 0.000000000000000000 ) ) ;
#573 = ORIENTED_EDGE ( 'NONE', *, *, #1583, .T. ) ;
#574 = DIRECTION ( 'NONE',  ( -0.000000000000000000, -0.000000000000000000, 1.000000000000000000 ) ) ;
#575 = AXIS2_PLACEMENT_3D ( 'NONE', #1290, #1442, #1702 ) ;
#576 = ORIENTED_EDGE ( 'NONE', *, *, #1113, .F. ) ;
#577 = AXIS2_PLACEMENT_3D ( 'NONE', #1021, #1157, #1690 ) ;
#578 = CARTESIAN_POINT ( 'NONE',  ( 4.683771120400989751, 40.08334801500124200, 32.05000000000007532 ) ) ;
#579 = CARTESIAN_POINT ( 'NONE',  ( -8.729636584532197929, -13.16419177550180741, 32.04999999999999716 ) ) ;
#580 = AXIS2_PLACEMENT_3D ( 'NONE', #133, #917, #242 ) ;
#581 = AXIS2_PLACEMENT_3D ( 'NONE', #1693, #345, #476 ) ;
#582 = ADVANCED_FACE ( 'NONE', ( #661, #1065, #268 ), #955, .T. ) ;
#583 = CARTESIAN_POINT ( 'NONE',  ( 12.46267677651808015, 15.25390728844078581, 27.05000000000008242 ) ) ;
#584 = CYLINDRICAL_SURFACE ( 'NONE', #148, 1.749999999999999778 ) ;
#585 = EDGE_CURVE ( 'NONE', #1704, #1435, #788, .T. ) ;
#586 = EDGE_LOOP ( 'NONE', ( #1251, #147, #1107, #1319 ) ) ;
#587 = CARTESIAN_POINT ( 'NONE',  ( -4.740514684687289204, 39.54917850631373000, 22.05000000000007887 ) ) ;
#588 = VERTEX_POINT ( 'NONE', #687 ) ;
#589 = LINE ( 'NONE', #323, #1353 ) ;
#590 = LINE ( 'NONE', #1139, #730 ) ;
#591 = DIRECTION ( 'NONE',  ( -0.000000000000000000, -0.000000000000000000, 1.000000000000000000 ) ) ;
#592 = CARTESIAN_POINT ( 'NONE',  ( 6.828583306799001384, 24.98360362361903952, 27.05000000000008242 ) ) ;
#593 = ORIENTED_EDGE ( 'NONE', *, *, #104, .F. ) ;
#594 = EDGE_CURVE ( 'NONE', #1151, #1258, #925, .T. ) ;
#595 = CARTESIAN_POINT ( 'NONE',  ( 21.30416862951010160, 32.43057814787469795, -2.244396075240526709E-15 ) ) ;
#596 = ORIENTED_EDGE ( 'NONE', *, *, #830, .F. ) ;
#597 = LINE ( 'NONE', #1391, #922 ) ;
#598 = DIRECTION ( 'NONE',  ( 1.000000000000000000, 0.000000000000000000, 0.000000000000000000 ) ) ;
#599 = DIRECTION ( 'NONE',  ( 1.000000000000000000, 0.000000000000000000, 0.000000000000000000 ) ) ;
#600 = DIRECTION ( 'NONE',  ( 0.000000000000000000, 0.000000000000000000, 1.000000000000000000 ) ) ;
#601 = ORIENTED_EDGE ( 'NONE', *, *, #738, .T. ) ;
#602 = EDGE_CURVE ( 'NONE', #195, #1264, #1325, .T. ) ;
#603 = FACE_BOUND ( 'NONE', #64, .T. ) ;
#604 = ORIENTED_EDGE ( 'NONE', *, *, #381, .T. ) ;
#605 = AXIS2_PLACEMENT_3D ( 'NONE', #592, #856, #1393 ) ;
#606 = EDGE_CURVE ( 'NONE', #111, #1127, #655, .T. ) ;
#607 = CARTESIAN_POINT ( 'NONE',  ( -11.67172118113323620, -12.36005358685332567, 32.00000000000000000 ) ) ;
#608 = CARTESIAN_POINT ( 'NONE',  ( 18.23665262281841493, 36.37903930995360469, 32.05000000000007532 ) ) ;
#609 = AXIS2_PLACEMENT_3D ( 'NONE', #1520, #1671, #714 ) ;
#610 = AXIS2_PLACEMENT_3D ( 'NONE', #49, #1510, #1645 ) ;
#611 = DIRECTION ( 'NONE',  ( -0.000000000000000000, -0.000000000000000000, -1.000000000000000000 ) ) ;
#612 = CARTESIAN_POINT ( 'NONE',  ( -13.29913116624723735, -3.492221387936318866, -4.949747468305831788 ) ) ;
#613 = CIRCLE ( 'NONE', #271, 1.749999999999999778 ) ;
#614 = VECTOR ( 'NONE', #1337, 1000.000000000000000 ) ;
#615 = ORIENTED_EDGE ( 'NONE', *, *, #550, .T. ) ;
#616 = COLOUR_RGB ( '',0.000000000000000000, 1.000000000000000000, 0.000000000000000000 ) ;
#617 = CARTESIAN_POINT ( 'NONE',  ( 9.673918020759506575, -9.771274744249584643, 0.000000000000000000 ) ) ;
#618 = ORIENTED_EDGE ( 'NONE', *, *, #1049, .T. ) ;
#619 = CARTESIAN_POINT ( 'NONE',  ( 5.080424552917662595, -11.75539392628387247, 5.000000000000000000 ) ) ;
#620 = DIRECTION ( 'NONE',  ( -0.9646179005258281869, 0.2636518651273748182, 0.000000000000000000 ) ) ;
#621 = EDGE_CURVE ( 'NONE', #1226, #357, #1542, .T. ) ;
#622 = DIRECTION ( 'NONE',  ( 0.9646179005258287420, -0.2636518651273727643, 0.000000000000000000 ) ) ;
#623 = FACE_OUTER_BOUND ( 'NONE', #1200, .T. ) ;
#624 = VERTEX_POINT ( 'NONE', #812 ) ;
#625 = CARTESIAN_POINT ( 'NONE',  ( 4.683771120400989751, 40.08334801500124200, 32.05000000000007532 ) ) ;
#626 = ORIENTED_EDGE ( 'NONE', *, *, #1284, .F. ) ;
#627 = CARTESIAN_POINT ( 'NONE',  ( -6.848631678505801013, -13.67831291249643932, 32.00000000000000000 ) ) ;
#628 = DIRECTION ( 'NONE',  ( -0.000000000000000000, 0.000000000000000000, 1.000000000000000000 ) ) ;
#629 = CARTESIAN_POINT ( 'NONE',  ( 13.29913116625932190, 3.492221387979129954, 0.000000000000000000 ) ) ;
#630 = EDGE_CURVE ( 'NONE', #851, #1336, #1091, .T. ) ;
#631 = CARTESIAN_POINT ( 'NONE',  ( 0.9926450086177925902, 26.57869740763963051, 32.05000000000007532 ) ) ;
#632 = ORIENTED_EDGE ( 'NONE', *, *, #1753, .T. ) ;
#633 = FACE_OUTER_BOUND ( 'NONE', #1062, .T. ) ;
#634 = EDGE_LOOP ( 'NONE', ( #601, #654 ) ) ;
#635 = CARTESIAN_POINT ( 'NONE',  ( 0.000000000000000000, 0.000000000000000000, 3.000000000000000000 ) ) ;
#636 = CARTESIAN_POINT ( 'NONE',  ( 11.54913116625932368, 3.492221387979129954, -4.949747468305831788 ) ) ;
#637 = CARTESIAN_POINT ( 'NONE',  ( 9.673918020759506575, -9.771274744249584643, 3.000000000000000000 ) ) ;
#638 = AXIS2_PLACEMENT_3D ( 'NONE', #1025, #88, #1559 ) ;
#639 = VECTOR ( 'NONE', #1556, 1000.000000000000114 ) ;
#640 = AXIS2_PLACEMENT_3D ( 'NONE', #834, #998, #1007 ) ;
#641 = VERTEX_POINT ( 'NONE', #541 ) ;
#642 = VECTOR ( 'NONE', #777, 1000.000000000000000 ) ;
#643 = AXIS2_PLACEMENT_3D ( 'NONE', #1681, #327, #717 ) ;
#644 = PLANE ( 'NONE',  #524 ) ;
#645 = EDGE_LOOP ( 'NONE', ( #1618, #1751, #377, #1483 ) ) ;
#646 = VECTOR ( 'NONE', #150, 1000.000000000000000 ) ;
#647 = CARTESIAN_POINT ( 'NONE',  ( -11.67172118113323620, -12.36005358685332567, 10.00000000000004086 ) ) ;
#648 = DIRECTION ( 'NONE',  ( 0.000000000000000000, 1.000000000000000000, 3.469446951953614189E-17 ) ) ;
#649 = CARTESIAN_POINT ( 'NONE',  ( -2.992188192259395585, -24.82243024171220824, 36.96734335962397466 ) ) ;
#650 = ORIENTED_EDGE ( 'NONE', *, *, #1733, .T. ) ;
#651 = FACE_OUTER_BOUND ( 'NONE', #1342, .T. ) ;
#652 = PRODUCT ( '010_015_Wheel_mount', '010_015_Wheel_mount', '', ( #47 ) ) ;
#653 = EDGE_CURVE ( 'NONE', #320, #819, #15, .T. ) ;
#654 = ORIENTED_EDGE ( 'NONE', *, *, #1607, .T. ) ;
#655 = LINE ( 'NONE', #1210, #184 ) ;
#656 = DIRECTION ( 'NONE',  ( 1.000000000000000000, 0.000000000000000000, 0.000000000000000000 ) ) ;
#657 = CARTESIAN_POINT ( 'NONE',  ( -2.344042312540768780, -24.89200070142180365, 36.83871978521602841 ) ) ;
#658 = ORIENTED_EDGE ( 'NONE', *, *, #289, .F. ) ;
#659 = CARTESIAN_POINT ( 'NONE',  ( -3.000000000000000444, 0.000000000000000000, 1.000000000000000000 ) ) ;
#660 = ORIENTED_EDGE ( 'NONE', *, *, #685, .T. ) ;
#661 = FACE_OUTER_BOUND ( 'NONE', #1064, .T. ) ;
#662 = VERTEX_POINT ( 'NONE', #549 ) ;
#663 = EDGE_CURVE ( 'NONE', #1749, #1336, #1102, .T. ) ;
#664 = CARTESIAN_POINT ( 'NONE',  ( -12.22179135337640155, -21.81065759991797037, 35.98371185463710731 ) ) ;
#665 = AXIS2_PLACEMENT_3D ( 'NONE', #1369, #556, #25 ) ;
#666 = VERTEX_POINT ( 'NONE', #252 ) ;
#667 = AXIS2_PLACEMENT_3D ( 'NONE', #991, #734, #845 ) ;
#668 = DIRECTION ( 'NONE',  ( 0.000000000000000000, 0.000000000000000000, 1.000000000000000000 ) ) ;
#669 = PRODUCT_DEFINITION_FORMATION_WITH_SPECIFIED_SOURCE ( 'ANY', '', #652, .NOT_KNOWN. ) ;
#670 = VECTOR ( 'NONE', #574, 1000.000000000000000 ) ;
#671 = VERTEX_POINT ( 'NONE', #527 ) ;
#672 = CARTESIAN_POINT ( 'NONE',  ( 18.82674976572499403, 28.96099304683425402, 32.05000000000007532 ) ) ;
#673 = CIRCLE ( 'NONE', #187, 25.00000000000000000 ) ;
#674 = LINE ( 'NONE', #529, #1300 ) ;
#675 = EDGE_CURVE ( 'NONE', #1721, #1573, #1076, .T. ) ;
#676 = VERTEX_POINT ( 'NONE', #397 ) ;
#677 = CARTESIAN_POINT ( 'NONE',  ( 3.000000000000000444, 3.673940397442060361E-16, 1.000000000000000000 ) ) ;
#678 = EDGE_LOOP ( 'NONE', ( #1390, #1754 ) ) ;
#679 = CARTESIAN_POINT ( 'NONE',  ( 22.09512422489221706, 35.32443184945218917, 22.05000000000007887 ) ) ;
#680 = CARTESIAN_POINT ( 'NONE',  ( 0.000000000000000000, 0.000000000000000000, 37.00000000000000000 ) ) ;
#681 = ORIENTED_EDGE ( 'NONE', *, *, #996, .T. ) ;
#682 = DIRECTION ( 'NONE',  ( 1.000000000000000000, 0.000000000000000000, 0.000000000000000000 ) ) ;
#683 = EDGE_CURVE ( 'NONE', #671, #1358, #862, .T. ) ;
#684 = ORIENTED_EDGE ( 'NONE', *, *, #1035, .T. ) ;
#685 = EDGE_CURVE ( 'NONE', #711, #163, #125, .T. ) ;
#686 = EDGE_LOOP ( 'NONE', ( #1207, #1452, #1365, #1114 ) ) ;
#687 = CARTESIAN_POINT ( 'NONE',  ( 3.762165227274553381, -16.57848342891128723, 32.00000000000000000 ) ) ;
#688 = SURFACE_STYLE_USAGE ( .BOTH. , #1478 ) ;
#689 = VERTEX_POINT ( 'NONE', #534 ) ;
#690 = PRESENTATION_STYLE_ASSIGNMENT (( #554 ) ) ;
#691 = DIRECTION ( 'NONE',  ( 1.000000000000000000, 0.000000000000000000, 0.000000000000000000 ) ) ;
#692 = VERTEX_POINT ( 'NONE', #1084 ) ;
#693 = VECTOR ( 'NONE', #1648, 1000.000000000000000 ) ;
#694 = EDGE_CURVE ( 'NONE', #1749, #238, #1115, .T. ) ;
#695 = DIRECTION ( 'NONE',  ( 9.779321084858447609E-19, 6.278746042246480111E-17, 1.000000000000000000 ) ) ;
#696 = ORIENTED_EDGE ( 'NONE', *, *, #1692, .F. ) ;
#697 = VECTOR ( 'NONE', #1167, 1000.000000000000000 ) ;
#698 = LINE ( 'NONE', #1663, #1572 ) ;
#699 = VECTOR ( 'NONE', #39, 1000.000000000000000 ) ;
#700 = DIRECTION ( 'NONE',  ( -1.000000000000000000, 0.000000000000000000, 0.000000000000000000 ) ) ;
#701 = AXIS2_PLACEMENT_3D ( 'NONE', #1537, #324, #1131 ) ;
#702 = CARTESIAN_POINT ( 'NONE',  ( 13.80543361117776691, 37.59019157715708559, 27.05000000000008242 ) ) ;
#703 = VERTEX_POINT ( 'NONE', #989 ) ;
#704 = ADVANCED_FACE ( 'NONE', ( #705 ), #174, .F. ) ;
#705 = FACE_OUTER_BOUND ( 'NONE', #137, .T. ) ;
#706 = ORIENTED_EDGE ( 'NONE', *, *, #959, .T. ) ;
#707 = LINE ( 'NONE', #1129, #1324 ) ;
#708 = CARTESIAN_POINT ( 'NONE',  ( 13.96165325816432734, 20.73818310023299105, 15.05000000000005578 ) ) ;
#709 = CARTESIAN_POINT ( 'NONE',  ( 20.72674976572503525, 28.96099304683425402, 26.05000000000007887 ) ) ;
#710 = FACE_OUTER_BOUND ( 'NONE', #121, .T. ) ;
#711 = VERTEX_POINT ( 'NONE', #421 ) ;
#712 = CARTESIAN_POINT ( 'NONE',  ( -1.478457040343703177, 34.51086480776544363, 26.05000000000007887 ) ) ;
#713 = ORIENTED_EDGE ( 'NONE', *, *, #1171, .T. ) ;
#714 = DIRECTION ( 'NONE',  ( -0.9646179005258290751, 0.2636518651273713210, 0.000000000000000000 ) ) ;
#715 = DIRECTION ( 'NONE',  ( 0.2636518651273713210, 0.9646179005258291861, -6.082374187643686038E-17 ) ) ;
#716 = ADVANCED_FACE ( 'NONE', ( #1525 ), #1661, .F. ) ;
#717 = DIRECTION ( 'NONE',  ( 1.000000000000000000, 0.000000000000000000, 0.000000000000000000 ) ) ;
#718 = LINE ( 'NONE', #1674, #1374 ) ;
#719 = EDGE_LOOP ( 'NONE', ( #821, #342, #1173, #1697 ) ) ;
#720 = CARTESIAN_POINT ( 'NONE',  ( 2.802766214405147949, 40.59746915199153960, 27.05000000000008242 ) ) ;
#721 = VECTOR ( 'NONE', #366, 999.9999999999998863 ) ;
#722 = VERTEX_POINT ( 'NONE', #1257 ) ;
#723 = CARTESIAN_POINT ( 'NONE',  ( 7.923918020759507463, -9.771274744249584643, -4.949747468305831788 ) ) ;
#724 = PLANE ( 'NONE',  #1719 ) ;
#725 = AXIS2_PLACEMENT_3D ( 'NONE', #900, #1006, #1543 ) ;
#726 = AXIS2_PLACEMENT_3D ( 'NONE', #1591, #668, #532 ) ;
#727 = LINE ( 'NONE', #1289, #1465 ) ;
#728 = EDGE_CURVE ( 'NONE', #813, #881, #1250, .T. ) ;
#729 = DIRECTION ( 'NONE',  ( 0.000000000000000000, 1.000000000000000000, -5.867167019097345797E-17 ) ) ;
#730 = VECTOR ( 'NONE', #336, 1000.000000000000000 ) ;
#731 = ORIENTED_EDGE ( 'NONE', *, *, #538, .F. ) ;
#732 = DIRECTION ( 'NONE',  ( 0.9646179005258291861, -0.2636518651273709324, 0.000000000000000000 ) ) ;
#733 = VERTEX_POINT ( 'NONE', #306 ) ;
#734 = DIRECTION ( 'NONE',  ( 0.000000000000000000, 0.000000000000000000, 1.000000000000000000 ) ) ;
#735 = DIRECTION ( 'NONE',  ( -0.9646179005258290751, 0.2636518651273712655, 0.000000000000000000 ) ) ;
#736 = DIRECTION ( 'NONE',  ( 1.000000000000000000, 0.000000000000000000, 0.000000000000000000 ) ) ;
#737 = CYLINDRICAL_SURFACE ( 'NONE', #575, 4.950000000000001066 ) ;
#738 = EDGE_CURVE ( 'NONE', #813, #722, #1125, .T. ) ;
#739 = ORIENTED_EDGE ( 'NONE', *, *, #40, .T. ) ;
#740 = EDGE_CURVE ( 'NONE', #907, #689, #565, .T. ) ;
#741 = FACE_OUTER_BOUND ( 'NONE', #1713, .T. ) ;
#742 = ORIENTED_EDGE ( 'NONE', *, *, #431, .F. ) ;
#743 = DIRECTION ( 'NONE',  ( 0.2636518651286224868, 0.9646179005254871264, 0.000000000000000000 ) ) ;
#744 = CARTESIAN_POINT ( 'NONE',  ( 12.46267677651808015, 15.25390728844078581, 10.00000000000003375 ) ) ;
#745 = DIRECTION ( 'NONE',  ( 1.000000000000000000, 0.000000000000000000, 0.000000000000000000 ) ) ;
#746 = CARTESIAN_POINT ( 'NONE',  ( -2.971209631895169956, 19.47233713047878112, 27.05000000000008242 ) ) ;
#747 = ORIENTED_EDGE ( 'NONE', *, *, #442, .T. ) ;
#748 = CARTESIAN_POINT ( 'NONE',  ( 0.000000000000000000, 0.000000000000000000, 0.000000000000000000 ) ) ;
#749 = EDGE_CURVE ( 'NONE', #1561, #111, #850, .T. ) ;
#750 = ORIENTED_EDGE ( 'NONE', *, *, #136, .F. ) ;
#751 = VECTOR ( 'NONE', #1581, 1000.000000000000227 ) ;
#752 = LINE ( 'NONE', #607, #642 ) ;
#753 = DIRECTION ( 'NONE',  ( -0.9646179005258280759, 0.2636518651273748737, 0.000000000000000000 ) ) ;
#754 = AXIS2_PLACEMENT_3D ( 'NONE', #65, #1725, #481 ) ;
#755 = VECTOR ( 'NONE', #1285, 1000.000000000000000 ) ;
#756 = FACE_OUTER_BOUND ( 'NONE', #1363, .T. ) ;
#757 = CARTESIAN_POINT ( 'NONE',  ( 0.000000000000000000, 0.000000000000000000, 3.000000000000000000 ) ) ;
#758 = VECTOR ( 'NONE', #622, 1000.000000000000000 ) ;
#759 = CIRCLE ( 'NONE', #1635, 20.10000000000705001 ) ;
#760 = VERTEX_POINT ( 'NONE', #1650 ) ;
#761 = PLANE ( 'NONE',  #497 ) ;
#762 = ORIENTED_EDGE ( 'NONE', *, *, #1731, .F. ) ;
#763 = EDGE_CURVE ( 'NONE', #1258, #641, #1242, .T. ) ;
#764 = CYLINDRICAL_SURFACE ( 'NONE', #809, 6.050000000000000711 ) ;
#765 = DIRECTION ( 'NONE',  ( 0.000000000000000000, 0.000000000000000000, 1.000000000000000000 ) ) ;
#766 = CARTESIAN_POINT ( 'NONE',  ( -3.762165227274563151, 16.57848342891127658, 22.05000000000007887 ) ) ;
#767 = FACE_OUTER_BOUND ( 'NONE', #1291, .T. ) ;
#768 = EDGE_LOOP ( 'NONE', ( #1621, #770, #508, #451, #1379, #842, #1582, #615, #977, #520, #265 ) ) ;
#769 = LINE ( 'NONE', #1562, #1742 ) ;
#770 = ORIENTED_EDGE ( 'NONE', *, *, #155, .T. ) ;
#771 = CARTESIAN_POINT ( 'NONE',  ( 20.10000000001521059, 5.304777207781885809E-11, 0.000000000000000000 ) ) ;
#772 = DIRECTION ( 'NONE',  ( 0.000000000000000000, 0.000000000000000000, 1.000000000000000000 ) ) ;
#773 = CARTESIAN_POINT ( 'NONE',  ( 14.46926850788742769, -3.954777976910620385, 0.000000000000000000 ) ) ;
#774 = ORIENTED_EDGE ( 'NONE', *, *, #289, .T. ) ;
#775 = DIRECTION ( 'NONE',  ( 1.603629298974857101E-17, 5.867167019097339634E-17, 1.000000000000000000 ) ) ;
#776 = VERTEX_POINT ( 'NONE', #1669 ) ;
#777 = DIRECTION ( 'NONE',  ( 0.2636518651286224868, 0.9646179005254871264, -0.000000000000000000 ) ) ;
#778 = LINE ( 'NONE', #1039, #1608 ) ;
#779 = DIRECTION ( 'NONE',  ( 1.000000000000000000, 0.000000000000000000, 0.000000000000000000 ) ) ;
#780 = CIRCLE ( 'NONE', #38, 4.950000000000001066 ) ;
#781 = ADVANCED_FACE ( 'NONE', ( #1406, #21 ), #434, .T. ) ;
#782 = ORIENTED_EDGE ( 'NONE', *, *, #728, .F. ) ;
#783 = VECTOR ( 'NONE', #1627, 1000.000000000000000 ) ;
#784 = VECTOR ( 'NONE', #231, 1000.000000000000227 ) ;
#785 = CARTESIAN_POINT ( 'NONE',  ( 21.30416862951010160, 32.43057814787469795, 32.05000000000007532 ) ) ;
#786 = ORIENTED_EDGE ( 'NONE', *, *, #266, .T. ) ;
#787 = CIRCLE ( 'NONE', #129, 1.749999999999999778 ) ;
#788 = LINE ( 'NONE', #1477, #1491 ) ;
#789 = CARTESIAN_POINT ( 'NONE',  ( 0.3733299056529442161, 31.70893824597054333, 22.05000000000007887 ) ) ;
#790 = CARTESIAN_POINT ( 'NONE',  ( 8.160195089090825733E-12, 5.304777207781885809E-11, -5.299999999999943867 ) ) ;
#791 = ORIENTED_EDGE ( 'NONE', *, *, #683, .T. ) ;
#792 = ADVANCED_FACE ( 'NONE', ( #843 ), #1389, .T. ) ;
#793 = CARTESIAN_POINT ( 'NONE',  ( -11.67172118113323620, -12.36005358685332567, 10.00000000000004086 ) ) ;
#794 = ORIENTED_EDGE ( 'NONE', *, *, #1535, .T. ) ;
#795 = DIRECTION ( 'NONE',  ( 0.1864300217049310038, 0.6820878587155062567, 0.7071067811865435759 ) ) ;
#796 = ORIENTED_EDGE ( 'NONE', *, *, #585, .F. ) ;
#797 = LINE ( 'NONE', #135, #1191 ) ;
#798 = ORIENTED_EDGE ( 'NONE', *, *, #1101, .T. ) ;
#799 = EDGE_CURVE ( 'NONE', #1372, #1467, #46, .T. ) ;
#800 = CARTESIAN_POINT ( 'NONE',  ( 1.472233150243455579, -24.95661294229095262, 32.00000000000000000 ) ) ;
#801 = ORIENTED_EDGE ( 'NONE', *, *, #1616, .T. ) ;
#802 = EDGE_CURVE ( 'NONE', #1216, #936, #1108, .T. ) ;
#803 = DIRECTION ( 'NONE',  ( 1.000000000000000000, 0.000000000000000000, 0.000000000000000000 ) ) ;
#804 =( LENGTH_UNIT ( ) NAMED_UNIT ( * ) SI_UNIT ( .MILLI., .METRE. ) );
#805 = CARTESIAN_POINT ( 'NONE',  ( 8.160195089090825733E-12, 5.304777207781885809E-11, 0.000000000000000000 ) ) ;
#806 = CIRCLE ( 'NONE', #1540, 25.00000000000000000 ) ;
#807 = ORIENTED_EDGE ( 'NONE', *, *, #1676, .T. ) ;
#808 = DIRECTION ( 'NONE',  ( 0.2636518651286225423, 0.9646179005254871264, -0.000000000000000000 ) ) ;
#809 = AXIS2_PLACEMENT_3D ( 'NONE', #1306, #84, #1359 ) ;
#810 = ORIENTED_EDGE ( 'NONE', *, *, #349, .F. ) ;
#811 = AXIS2_PLACEMENT_3D ( 'NONE', #637, #492, #504 ) ;
#812 = CARTESIAN_POINT ( 'NONE',  ( -3.378457040343739060, 34.51086480776544363, 26.05000000000007887 ) ) ;
#813 = VERTEX_POINT ( 'NONE', #1504 ) ;
#814 = CIRCLE ( 'NONE', #391, 6.049999999999999822 ) ;
#815 = EDGE_CURVE ( 'NONE', #1573, #173, #1159, .T. ) ;
#816 = CARTESIAN_POINT ( 'NONE',  ( 9.673918020759506575, -9.771274744249584643, 0.000000000000000000 ) ) ;
#817 = VERTEX_POINT ( 'NONE', #1371 ) ;
#818 = CARTESIAN_POINT ( 'NONE',  ( 4.745733572292742508, 17.36312220946489759, 0.000000000000000000 ) ) ;
#819 = VERTEX_POINT ( 'NONE', #55 ) ;
#820 = LINE ( 'NONE', #1601, #1042 ) ;
#821 = ORIENTED_EDGE ( 'NONE', *, *, #136, .T. ) ;
#822 = CYLINDRICAL_SURFACE ( 'NONE', #1130, 4.950000000000001066 ) ;
#823 = PRODUCT_DEFINITION ( 'UNKNOWN', '', #669, #204 ) ;
#824 = LINE ( 'NONE', #432, #294 ) ;
#825 = EDGE_LOOP ( 'NONE', ( #1747, #1192 ) ) ;
#826 = DIRECTION ( 'NONE',  ( -0.9646179005258281869, 0.2636518651273748182, 0.000000000000000000 ) ) ;
#827 = LINE ( 'NONE', #1638, #1155 ) ;
#828 = CARTESIAN_POINT ( 'NONE',  ( 0.3733299056332410881, 31.70893824597592570, 22.05000000000007887 ) ) ;
#829 = FACE_OUTER_BOUND ( 'NONE', #130, .T. ) ;
#830 = EDGE_CURVE ( 'NONE', #676, #1093, #970, .T. ) ;
#831 = ORIENTED_EDGE ( 'NONE', *, *, #570, .F. ) ;
#832 = VECTOR ( 'NONE', #1340, 1000.000000000000000 ) ;
#833 = DIRECTION ( 'NONE',  ( -1.000000000000000000, 0.000000000000000000, 0.000000000000000000 ) ) ;
#834 = CARTESIAN_POINT ( 'NONE',  ( 0.000000000000000000, 0.000000000000000000, 0.000000000000000000 ) ) ;
#835 = ORIENTED_EDGE ( 'NONE', *, *, #1088, .T. ) ;
#836 = AXIS2_PLACEMENT_3D ( 'NONE', #1425, #1686, #1417 ) ;
#837 = DIRECTION ( 'NONE',  ( -0.000000000000000000, -0.000000000000000000, 1.000000000000000000 ) ) ;
#838 = AXIS2_PLACEMENT_3D ( 'NONE', #1208, #1736, #1055 ) ;
#839 = DIRECTION ( 'NONE',  ( 0.000000000000000000, -0.000000000000000000, -1.000000000000000000 ) ) ;
#840 = AXIS2_PLACEMENT_3D ( 'NONE', #455, #715, #735 ) ;
#841 = CARTESIAN_POINT ( 'NONE',  ( 6.308325300561149263, -7.262897578239075891, -13.34271928233219562 ) ) ;
#842 = ORIENTED_EDGE ( 'NONE', *, *, #1388, .T. ) ;
#843 = FACE_OUTER_BOUND ( 'NONE', #433, .T. ) ;
#844 = ORIENTED_EDGE ( 'NONE', *, *, #266, .F. ) ;
#845 = DIRECTION ( 'NONE',  ( 1.000000000000000000, 0.000000000000000000, 0.000000000000000000 ) ) ;
#846 = PLANE ( 'NONE',  #840 ) ;
#847 = FACE_OUTER_BOUND ( 'NONE', #1095, .T. ) ;
#848 = LINE ( 'NONE', #172, #693 ) ;
#849 = ORIENTED_EDGE ( 'NONE', *, *, #1169, .F. ) ;
#850 = LINE ( 'NONE', #720, #1295 ) ;
#851 = VERTEX_POINT ( 'NONE', #1144 ) ;
#852 = EDGE_CURVE ( 'NONE', #1234, #1544, #1354, .T. ) ;
#853 = DIRECTION ( 'NONE',  ( 0.9646179005258290751, -0.2636518651273715430, -0.000000000000000000 ) ) ;
#854 = DIRECTION ( 'NONE',  ( 0.000000000000000000, 0.000000000000000000, 1.000000000000000000 ) ) ;
#855 = DIRECTION ( 'NONE',  ( 0.000000000000000000, 0.000000000000000000, 1.000000000000000000 ) ) ;
#856 = DIRECTION ( 'NONE',  ( -1.464947122092485053E-16, 5.618655912536434792E-17, -1.000000000000000000 ) ) ;
#857 = ORIENTED_EDGE ( 'NONE', *, *, #1145, .T. ) ;
#858 = DIRECTION ( 'NONE',  ( 0.000000000000000000, 1.000000000000000000, 3.469446951953614189E-17 ) ) ;
#859 = EDGE_LOOP ( 'NONE', ( #1737, #650, #1469 ) ) ;
#860 = FACE_OUTER_BOUND ( 'NONE', #1321, .T. ) ;
#861 = DIRECTION ( 'NONE',  ( 0.000000000000000000, 0.000000000000000000, 1.000000000000000000 ) ) ;
#862 = CIRCLE ( 'NONE', #1632, 1.749999999999999778 ) ;
#863 = EDGE_CURVE ( 'NONE', #445, #420, #299, .T. ) ;
#864 = VECTOR ( 'NONE', #808, 1000.000000000000114 ) ;
#865 = CARTESIAN_POINT ( 'NONE',  ( -9.673918020758886627, 9.771274744295263659, 3.000000000000000000 ) ) ;
#866 = ADVANCED_FACE ( 'NONE', ( #1152 ), #1677, .F. ) ;
#867 = LINE ( 'NONE', #201, #751 ) ;
#868 = CIRCLE ( 'NONE', #1517, 1.900000000000040545 ) ;
#869 = VERTEX_POINT ( 'NONE', #1182 ) ;
#870 = DIRECTION ( 'NONE',  ( -0.000000000000000000, -0.000000000000000000, -1.000000000000000000 ) ) ;
#871 = SHAPE_DEFINITION_REPRESENTATION ( #1709, #279 ) ;
#872 = ORIENTED_EDGE ( 'NONE', *, *, #236, .F. ) ;
#873 = DIRECTION ( 'NONE',  ( -0.1864300217049311981, -0.6820878587155063677, -0.7071067811865434649 ) ) ;
#874 = DIRECTION ( 'NONE',  ( -0.000000000000000000, -0.000000000000000000, 1.000000000000000000 ) ) ;
#875 = EDGE_CURVE ( 'NONE', #1623, #13, #613, .T. ) ;
#876 = CARTESIAN_POINT ( 'NONE',  ( -1.478457040343703177, 34.51086480776544363, 26.05000000000007887 ) ) ;
#877 = DIRECTION ( 'NONE',  ( -0.2636518651273713210, -0.9646179005258292971, 6.082374187643686038E-17 ) ) ;
#878 = EDGE_CURVE ( 'NONE', #1479, #1093, #1603, .T. ) ;
#879 = ORIENTED_EDGE ( 'NONE', *, *, #40, .F. ) ;
#880 = DIRECTION ( 'NONE',  ( 1.000000000000000000, 0.000000000000000000, -0.000000000000000000 ) ) ;
#881 = VERTEX_POINT ( 'NONE', #90 ) ;
#882 = CARTESIAN_POINT ( 'NONE',  ( 15.04913116625932190, 3.492221387979129954, -4.949747468305831788 ) ) ;
#883 = CARTESIAN_POINT ( 'NONE',  ( -7.640685201088401435, 28.93838160052963460, 32.05000000000007532 ) ) ;
#884 = CARTESIAN_POINT ( 'NONE',  ( 0.000000000000000000, 0.000000000000000000, 1.000000000000000000 ) ) ;
#885 = DIRECTION ( 'NONE',  ( 0.000000000000000000, 0.000000000000000000, 1.000000000000000000 ) ) ;
#886 = ORIENTED_EDGE ( 'NONE', *, *, #763, .F. ) ;
#887 = ADVANCED_FACE ( 'NONE', ( #471 ), #1165, .T. ) ;
#888 = CARTESIAN_POINT ( 'NONE',  ( -14.46926850788742769, 3.954777976910622161, -1.248856018371972895E-16 ) ) ;
#889 = ORIENTED_EDGE ( 'NONE', *, *, #1000, .F. ) ;
#890 = AXIS2_PLACEMENT_3D ( 'NONE', #612, #1414, #1150 ) ;
#891 = CARTESIAN_POINT ( 'NONE',  ( 0.4215429596563327053, 34.51086480776544363, 32.05000000000007532 ) ) ;
#892 = DIRECTION ( 'NONE',  ( -0.000000000000000000, -0.000000000000000000, 1.000000000000000000 ) ) ;
#893 = VECTOR ( 'NONE', #1564, 1000.000000000000227 ) ;
#894 = CARTESIAN_POINT ( 'NONE',  ( 0.3890000229814931099, -24.99769885364318611, 35.06240093582091077 ) ) ;
#895 = DIRECTION ( 'NONE',  ( 1.000000000000000000, 0.000000000000000000, 0.000000000000000000 ) ) ;
#896 = AXIS2_PLACEMENT_3D ( 'NONE', #818, #1598, #105 ) ;
#897 = AXIS2_PLACEMENT_3D ( 'NONE', #828, #1471, #1646 ) ;
#898 = ORIENTED_EDGE ( 'NONE', *, *, #194, .F. ) ;
#899 = ADVANCED_FACE ( 'NONE', ( #633 ), #761, .T. ) ;
#900 = CARTESIAN_POINT ( 'NONE',  ( -2.971209631895169068, 19.47233713047878112, 40.26253514297374636 ) ) ;
#901 = ORIENTED_EDGE ( 'NONE', *, *, #934, .F. ) ;
#902 = EDGE_CURVE ( 'NONE', #703, #445, #769, .T. ) ;
#903 = DIRECTION ( 'NONE',  ( 0.000000000000000000, 0.000000000000000000, 1.000000000000000000 ) ) ;
#904 = LINE ( 'NONE', #636, #275 ) ;
#905 = CARTESIAN_POINT ( 'NONE',  ( -10.48986066961945873, -22.69336772998833496, 36.87206015477638488 ) ) ;
#906 = CARTESIAN_POINT ( 'NONE',  ( 25.00000000000000000, 3.061616997868383043E-15, -5.299999999999944755 ) ) ;
#907 = VERTEX_POINT ( 'NONE', #1554 ) ;
#908 = LINE ( 'NONE', #1444, #1190 ) ;
#909 = ORIENTED_EDGE ( 'NONE', *, *, #338, .F. ) ;
#910 = CARTESIAN_POINT ( 'NONE',  ( -15.04913116624723735, -3.492221387936318866, 3.000000000000000000 ) ) ;
#911 = CARTESIAN_POINT ( 'NONE',  ( -1.478457040343703177, 34.51086480776544363, 26.05000000000007887 ) ) ;
#912 = ADVANCED_FACE ( 'NONE', ( #459 ), #500, .F. ) ;
#913 = DIRECTION ( 'NONE',  ( 0.9646179005258291861, -0.2636518651273709324, 0.000000000000000000 ) ) ;
#914 = ORIENTED_EDGE ( 'NONE', *, *, #1505, .T. ) ;
#915 = DIRECTION ( 'NONE',  ( 0.9646179005254872374, -0.2636518651286225423, 0.000000000000000000 ) ) ;
#916 = ORIENTED_EDGE ( 'NONE', *, *, #1317, .T. ) ;
#917 = DIRECTION ( 'NONE',  ( 0.000000000000000000, 0.000000000000000000, 1.000000000000000000 ) ) ;
#918 = FACE_OUTER_BOUND ( 'NONE', #1005, .T. ) ;
#919 = CARTESIAN_POINT ( 'NONE',  ( 13.96165325816433089, 20.73818310023299105, 5.000000000000000000 ) ) ;
#920 = ADVANCED_FACE ( 'NONE', ( #62, #603, #1048, #479, #341, #741 ), #644, .F. ) ;
#921 = VECTOR ( 'NONE', #425, 1000.000000000000000 ) ;
#922 = VECTOR ( 'NONE', #853, 1000.000000000000000 ) ;
#923 = EDGE_CURVE ( 'NONE', #406, #1018, #1293, .T. ) ;
#924 = ORIENTED_EDGE ( 'NONE', *, *, #1500, .F. ) ;
#925 = CIRCLE ( 'NONE', #1188, 1.749999999999999778 ) ;
#926 = VECTOR ( 'NONE', #1063, 1000.000000000000000 ) ;
#927 = LINE ( 'NONE', #1364, #864 ) ;
#928 = ORIENTED_EDGE ( 'NONE', *, *, #630, .F. ) ;
#929 = AXIS2_PLACEMENT_3D ( 'NONE', #309, #839, #58 ) ;
#930 = DIRECTION ( 'NONE',  ( 0.000000000000000000, 0.000000000000000000, -1.000000000000000000 ) ) ;
#931 = DIRECTION ( 'NONE',  ( -0.000000000000000000, -0.000000000000000000, -1.000000000000000000 ) ) ;
#932 = EDGE_CURVE ( 'NONE', #689, #396, #333, .T. ) ;
#933 = ORIENTED_EDGE ( 'NONE', *, *, #518, .T. ) ;
#934 = EDGE_CURVE ( 'NONE', #1516, #1749, #908, .T. ) ;
#935 = DIRECTION ( 'NONE',  ( -0.000000000000000000, -0.000000000000000000, 1.000000000000000000 ) ) ;
#936 = VERTEX_POINT ( 'NONE', #488 ) ;
#937 = CARTESIAN_POINT ( 'NONE',  ( 13.29913116625932190, 3.492221387979129954, 3.000000000000000000 ) ) ;
#938 = PRESENTATION_STYLE_ASSIGNMENT (( #688 ) ) ;
#939 = ORIENTED_EDGE ( 'NONE', *, *, #1024, .F. ) ;
#940 = SURFACE_STYLE_FILL_AREA ( #429 ) ;
#941 = ORIENTED_EDGE ( 'NONE', *, *, #325, .T. ) ;
#942 = DIRECTION ( 'NONE',  ( 1.603629298974839228E-17, 5.867167019097348262E-17, 1.000000000000000000 ) ) ;
#943 = EDGE_CURVE ( 'NONE', #396, #195, #82, .T. ) ;
#944 = ORIENTED_EDGE ( 'NONE', *, *, #740, .T. ) ;
#945 = CARTESIAN_POINT ( 'NONE',  ( -13.96165325816433445, -20.73818310023298750, 32.00000000000000000 ) ) ;
#946 = DIRECTION ( 'NONE',  ( 0.2636518651273746516, 0.9646179005258281869, -0.000000000000000000 ) ) ;
#947 = VERTEX_POINT ( 'NONE', #1174 ) ;
#948 = CARTESIAN_POINT ( 'NONE',  ( 15.04913116625932190, 3.492221387979129954, 3.000000000000000000 ) ) ;
#949 = ORIENTED_EDGE ( 'NONE', *, *, #1080, .F. ) ;
#950 = AXIS2_PLACEMENT_3D ( 'NONE', #627, #352, #99 ) ;
#951 = DIRECTION ( 'NONE',  ( -2.312964634635740689E-15, 1.000000000000000000, 0.000000000000000000 ) ) ;
#952 = MECHANICAL_DESIGN_GEOMETRIC_PRESENTATION_REPRESENTATION (  '', ( #1069 ), #385 ) ;
#953 = VECTOR ( 'NONE', #1233, 1000.000000000000114 ) ;
#954 = ORIENTED_EDGE ( 'NONE', *, *, #694, .T. ) ;
#955 = PLANE ( 'NONE',  #580 ) ;
#956 = DIRECTION ( 'NONE',  ( 0.000000000000000000, 0.000000000000000000, 1.000000000000000000 ) ) ;
#957 = ORIENTED_EDGE ( 'NONE', *, *, #1380, .T. ) ;
#958 = VECTOR ( 'NONE', #109, 1000.000000000000114 ) ;
#959 = EDGE_CURVE ( 'NONE', #515, #760, #1036, .T. ) ;
#960 = CARTESIAN_POINT ( 'NONE',  ( 21.29785181468646016, 21.02882564670845156, 27.05000000000008242 ) ) ;
#961 = ORIENTED_EDGE ( 'NONE', *, *, #683, .F. ) ;
#962 = VERTEX_POINT ( 'NONE', #359 ) ;
#963 = DIRECTION ( 'NONE',  ( 0.000000000000000000, 0.000000000000000000, -1.000000000000000000 ) ) ;
#964 = PLANE ( 'NONE',  #1009 ) ;
#965 = ORIENTED_EDGE ( 'NONE', *, *, #1296, .T. ) ;
#966 =( LENGTH_UNIT ( ) NAMED_UNIT ( * ) SI_UNIT ( .MILLI., .METRE. ) );
#967 = EDGE_CURVE ( 'NONE', #1336, #1526, #384, .T. ) ;
#968 = DIRECTION ( 'NONE',  ( 1.000000000000000000, 0.000000000000000000, 0.000000000000000000 ) ) ;
#969 = ORIENTED_EDGE ( 'NONE', *, *, #1711, .T. ) ;
#970 = LINE ( 'NONE', #188, #1266 ) ;
#971 = ORIENTED_EDGE ( 'NONE', *, *, #923, .T. ) ;
#972 = FACE_BOUND ( 'NONE', #1135, .T. ) ;
#973 = EDGE_CURVE ( 'NONE', #760, #1018, #1408, .T. ) ;
#974 = CARTESIAN_POINT ( 'NONE',  ( 0.000000000000000000, 0.000000000000000000, 1.000000000000000000 ) ) ;
#975 = CIRCLE ( 'NONE', #1153, 1.749999999999999778 ) ;
#976 = ADVANCED_FACE ( 'NONE', ( #1748 ), #402, .F. ) ;
#977 = ORIENTED_EDGE ( 'NONE', *, *, #1292, .F. ) ;
#978 = VECTOR ( 'NONE', #1584, 1000.000000000000000 ) ;
#979 = DIRECTION ( 'NONE',  ( -0.8370532189363348863, -0.5471214752395671121, 0.000000000000000000 ) ) ;
#980 = ORIENTED_EDGE ( 'NONE', *, *, #1120, .F. ) ;
#981 = VECTOR ( 'NONE', #1, 1000.000000000000000 ) ;
#982 = DIRECTION ( 'NONE',  ( -0.000000000000000000, -0.000000000000000000, 1.000000000000000000 ) ) ;
#983 = CIRCLE ( 'NONE', #45, 20.10000000000705001 ) ;
#984 = CARTESIAN_POINT ( 'NONE',  ( -2.478327532216046958, -9.067408264937675710, 32.04999999999999716 ) ) ;
#985 = CARTESIAN_POINT ( 'NONE',  ( 10.11430749939457030, 24.08554096979548120, 27.05000000000008242 ) ) ;
#986 = CARTESIAN_POINT ( 'NONE',  ( -13.29913116624723735, -3.492221387936318866, 3.000000000000000000 ) ) ;
#987 = ORIENTED_EDGE ( 'NONE', *, *, #291, .T. ) ;
#988 = ADVANCED_FACE ( 'NONE', ( #112 ), #1495, .T. ) ;
#989 = CARTESIAN_POINT ( 'NONE',  ( 20.10000000001521059, 5.304777207781885809E-11, -5.299999999999944755 ) ) ;
#990 = ORIENTED_EDGE ( 'NONE', *, *, #1711, .F. ) ;
#991 = CARTESIAN_POINT ( 'NONE',  ( 18.82674976572499403, 28.96099304683425402, 26.05000000000007887 ) ) ;
#992 =( NAMED_UNIT ( * ) SI_UNIT ( $, .STERADIAN. ) SOLID_ANGLE_UNIT ( ) );
#993 = DIRECTION ( 'NONE',  ( -0.2636518651286224868, -0.9646179005254871264, 0.000000000000000000 ) ) ;
#994 = DIRECTION ( 'NONE',  ( -0.8370532189363348863, -0.5471214752395671121, 9.188299729459895270E-17 ) ) ;
#995 = ORIENTED_EDGE ( 'NONE', *, *, #1399, .F. ) ;
#996 = EDGE_CURVE ( 'NONE', #819, #1234, #1082, .T. ) ;
#997 = DIRECTION ( 'NONE',  ( -9.779321084858449535E-19, -6.278746042246480111E-17, -1.000000000000000000 ) ) ;
#998 = DIRECTION ( 'NONE',  ( 0.000000000000000000, 0.000000000000000000, 1.000000000000000000 ) ) ;
#999 = EDGE_LOOP ( 'NONE', ( #965, #270, #791, #197 ) ) ;
#1000 = EDGE_CURVE ( 'NONE', #320, #1544, #120, .T. ) ;
#1001 = FACE_OUTER_BOUND ( 'NONE', #414, .T. ) ;
#1002 = CARTESIAN_POINT ( 'NONE',  ( 15.80721631401820915, 27.49050840392420625, 22.05000000000007887 ) ) ;
#1003 = LINE ( 'NONE', #1262, #1100 ) ;
#1004 = CARTESIAN_POINT ( 'NONE',  ( 25.00000000000000000, 3.061616997868383043E-15, 3.000000000000000000 ) ) ;
#1005 = EDGE_LOOP ( 'NONE', ( #285, #1519, #1585, #739 ) ) ;
#1006 = DIRECTION ( 'NONE',  ( 0.8968224126857722300, 0.4423907323898982336, -0.000000000000000000 ) ) ;
#1007 = DIRECTION ( 'NONE',  ( 1.000000000000000000, 0.000000000000000000, 0.000000000000000000 ) ) ;
#1008 = ORIENTED_EDGE ( 'NONE', *, *, #602, .F. ) ;
#1009 = AXIS2_PLACEMENT_3D ( 'NONE', #680, #956, #1498 ) ;
#1010 = CARTESIAN_POINT ( 'NONE',  ( -11.67172118113323620, -12.36005358685332567, 10.00000000000004086 ) ) ;
#1011 = DIRECTION ( 'NONE',  ( 0.000000000000000000, 0.000000000000000000, -1.000000000000000000 ) ) ;
#1012 = AXIS2_PLACEMENT_3D ( 'NONE', #595, #1532, #1126 ) ;
#1013 = EDGE_CURVE ( 'NONE', #1472, #1195, #250, .T. ) ;
#1014 = VECTOR ( 'NONE', #775, 1000.000000000000000 ) ;
#1015 = DIRECTION ( 'NONE',  ( 1.603629298974846624E-17, 5.867167019097345797E-17, 1.000000000000000000 ) ) ;
#1016 = FACE_OUTER_BOUND ( 'NONE', #202, .T. ) ;
#1017 = AXIS2_PLACEMENT_3D ( 'NONE', #118, #24, #1112 ) ;
#1018 = VERTEX_POINT ( 'NONE', #1617 ) ;
#1019 = DIRECTION ( 'NONE',  ( -0.1864300217040488761, -0.6820878587157479522, 0.7071067811865431318 ) ) ;
#1020 = EDGE_LOOP ( 'NONE', ( #1644, #292, #731, #255, #1240 ) ) ;
#1021 = CARTESIAN_POINT ( 'NONE',  ( 0.000000000000000000, 0.000000000000000000, 3.000000000000000000 ) ) ;
#1022 = CARTESIAN_POINT ( 'NONE',  ( -1.478457040343703177, 34.51086480776544363, 26.05000000000007887 ) ) ;
#1023 = DIRECTION ( 'NONE',  ( 0.9646179005258291861, -0.2636518651273709324, 0.000000000000000000 ) ) ;
#1024 = EDGE_CURVE ( 'NONE', #936, #817, #264, .T. ) ;
#1025 = CARTESIAN_POINT ( 'NONE',  ( 6.828583306799060004, 24.98360362361903952, 32.05000000000007532 ) ) ;
#1026 = ORIENTED_EDGE ( 'NONE', *, *, #852, .T. ) ;
#1027 = UNCERTAINTY_MEASURE_WITH_UNIT (LENGTH_MEASURE( 1.000000000000000082E-05 ), #804, 'distance_accuracy_value', 'NONE');
#1028 = DIRECTION ( 'NONE',  ( -0.2636518651286225423, -0.9646179005254871264, 0.000000000000000000 ) ) ;
#1029 = ORIENTED_EDGE ( 'NONE', *, *, #763, .T. ) ;
#1030 = CARTESIAN_POINT ( 'NONE',  ( 3.276328851580579737, -18.35600343428733439, 11.84271928232700333 ) ) ;
#1031 = CARTESIAN_POINT ( 'NONE',  ( 11.42391802075950658, -9.771274744249584643, 0.000000000000000000 ) ) ;
#1032 = DIRECTION ( 'NONE',  ( -2.428612866367529316E-17, 3.122502256758252154E-17, -1.000000000000000000 ) ) ;
#1033 = DIRECTION ( 'NONE',  ( -0.9646179005258281869, 0.2636518651273748182, 0.000000000000000000 ) ) ;
#1034 = ORIENTED_EDGE ( 'NONE', *, *, #1605, .F. ) ;
#1035 = EDGE_CURVE ( 'NONE', #295, #676, #927, .T. ) ;
#1036 = LINE ( 'NONE', #1571, #1014 ) ;
#1037 = ORIENTED_EDGE ( 'NONE', *, *, #194, .T. ) ;
#1038 = DIRECTION ( 'NONE',  ( 0.4423907323898981780, -0.8968224126857722300, -0.000000000000000000 ) ) ;
#1039 = CARTESIAN_POINT ( 'NONE',  ( 12.46267677651808015, 15.25390728844078581, 27.05000000000008242 ) ) ;
#1040 = CIRCLE ( 'NONE', #950, 5.000000000000000888 ) ;
#1041 = COLOUR_RGB ( '',0.000000000000000000, 1.000000000000000000, 0.000000000000000000 ) ;
#1042 = VECTOR ( 'NONE', #123, 1000.000000000000000 ) ;
#1043 = CARTESIAN_POINT ( 'NONE',  ( 0.1702462129013794512, -25.00055084657422100, 35.31659139305260453 ) ) ;
#1044 = CYLINDRICAL_SURFACE ( 'NONE', #890, 1.749999999999999778 ) ;
#1045 = VECTOR ( 'NONE', #484, 1000.000000000000000 ) ;
#1046 = AXIS2_PLACEMENT_3D ( 'NONE', #911, #765, #1699 ) ;
#1047 = ORIENTED_EDGE ( 'NONE', *, *, #1035, .F. ) ;
#1048 = FACE_BOUND ( 'NONE', #453, .T. ) ;
#1049 = EDGE_CURVE ( 'NONE', #1226, #163, #1089, .T. ) ;
#1050 = VERTEX_POINT ( 'NONE', #793 ) ;
#1051 = CARTESIAN_POINT ( 'NONE',  ( 16.35564771676352436, 36.89316044696004582, 32.05000000000007532 ) ) ;
#1052 = FACE_OUTER_BOUND ( 'NONE', #634, .T. ) ;
#1053 = CARTESIAN_POINT ( 'NONE',  ( -0.3052577008673512671, -24.99926687207469556, 35.77318390642565049 ) ) ;
#1054 = ORIENTED_EDGE ( 'NONE', *, *, #802, .F. ) ;
#1055 = DIRECTION ( 'NONE',  ( -0.9646179005254870154, 0.2636518651286225423, 0.000000000000000000 ) ) ;
#1056 = ORIENTED_EDGE ( 'NONE', *, *, #932, .T. ) ;
#1057 = ADVANCED_FACE ( 'NONE', ( #1474 ), #522, .T. ) ;
#1058 = CARTESIAN_POINT ( 'NONE',  ( -6.848631678505800124, -13.67831291249643932, 37.00000000000000000 ) ) ;
#1059 = FACE_OUTER_BOUND ( 'NONE', #1418, .T. ) ;
#1060 = ADVANCED_FACE ( 'NONE', ( #651 ), #539, .T. ) ;
#1061 = LINE ( 'NONE', #919, #1045 ) ;
#1062 = EDGE_LOOP ( 'NONE', ( #113, #901, #1339, #1695 ) ) ;
#1063 = DIRECTION ( 'NONE',  ( -0.000000000000000000, -0.000000000000000000, -1.000000000000000000 ) ) ;
#1064 = EDGE_LOOP ( 'NONE', ( #1651, #175, #747 ) ) ;
#1065 = FACE_BOUND ( 'NONE', #540, .T. ) ;
#1066 = FILL_AREA_STYLE_COLOUR ( '', #1041 ) ;
#1067 = CARTESIAN_POINT ( 'NONE',  ( 1.197838337749369098, -24.97164196149156368, 33.62700759567997721 ) ) ;
#1068 = ADVANCED_FACE ( 'NONE', ( #1624 ), #1073, .T. ) ;
#1069 = STYLED_ITEM ( 'NONE', ( #938 ), #279 ) ;
#1070 = AXIS2_PLACEMENT_3D ( 'NONE', #1508, #287, #833 ) ;
#1071 = ORIENTED_EDGE ( 'NONE', *, *, #423, .T. ) ;
#1072 = AXIS2_PLACEMENT_3D ( 'NONE', #131, #1331, #915 ) ;
#1073 = PLANE ( 'NONE',  #1634 ) ;
#1074 = VERTEX_POINT ( 'NONE', #800 ) ;
#1075 = AXIS2_PLACEMENT_3D ( 'NONE', #379, #628, #482 ) ;
#1076 = LINE ( 'NONE', #1612, #783 ) ;
#1077 = FILL_AREA_STYLE ('',( #1066 ) ) ;
#1078 = ORIENTED_EDGE ( 'NONE', *, *, #1446, .F. ) ;
#1079 = FACE_OUTER_BOUND ( 'NONE', #22, .T. ) ;
#1080 = EDGE_CURVE ( 'NONE', #1050, #238, #1722, .T. ) ;
#1081 = ORIENTED_EDGE ( 'NONE', *, *, #1180, .T. ) ;
#1082 = LINE ( 'NONE', #677, #1606 ) ;
#1083 = ORIENTED_EDGE ( 'NONE', *, *, #1616, .F. ) ;
#1084 = CARTESIAN_POINT ( 'NONE',  ( -2.971209631895169068, 19.47233713047878112, 27.05000000000008242 ) ) ;
#1085 = CARTESIAN_POINT ( 'NONE',  ( 0.000000000000000000, 0.000000000000000000, 3.000000000000000000 ) ) ;
#1086 = DIRECTION ( 'NONE',  ( -0.000000000000000000, -0.000000000000000000, -1.000000000000000000 ) ) ;
#1087 = VERTEX_POINT ( 'NONE', #1345 ) ;
#1088 = EDGE_CURVE ( 'NONE', #240, #544, #244, .T. ) ;
#1089 = LINE ( 'NONE', #256, #981 ) ;
#1090 = ORIENTED_EDGE ( 'NONE', *, *, #1569, .T. ) ;
#1091 = LINE ( 'NONE', #3, #1463 ) ;
#1092 = FACE_OUTER_BOUND ( 'NONE', #1230, .T. ) ;
#1093 = VERTEX_POINT ( 'NONE', #376 ) ;
#1094 = FILL_AREA_STYLE_COLOUR ( '', #616 ) ;
#1095 = EDGE_LOOP ( 'NONE', ( #1568, #531, #980, #916, #872, #1611, #1636, #1078, #1667, #443 ) ) ;
#1096 = CIRCLE ( 'NONE', #495, 25.00000000000000000 ) ;
#1097 = AXIS2_PLACEMENT_3D ( 'NONE', #1588, #208, #753 ) ;
#1098 = AXIS2_PLACEMENT_3D ( 'NONE', #314, #27, #826 ) ;
#1099 = ORIENTED_EDGE ( 'NONE', *, *, #606, .F. ) ;
#1100 = VECTOR ( 'NONE', #192, 1000.000000000000000 ) ;
#1101 = EDGE_CURVE ( 'NONE', #666, #351, #1459, .T. ) ;
#1102 = LINE ( 'NONE', #405, #1657 ) ;
#1103 = APPLICATION_PROTOCOL_DEFINITION ( 'draft international standard', 'automotive_design', 1998, #568 ) ;
#1104 = ORIENTED_EDGE ( 'NONE', *, *, #483, .F. ) ;
#1105 = CIRCLE ( 'NONE', #332, 3.000000000000000444 ) ;
#1106 = PLANE ( 'NONE',  #464 ) ;
#1107 = ORIENTED_EDGE ( 'NONE', *, *, #291, .F. ) ;
#1108 = LINE ( 'NONE', #587, #1238 ) ;
#1109 = ORIENTED_EDGE ( 'NONE', *, *, #126, .F. ) ;
#1110 = EDGE_CURVE ( 'NONE', #487, #662, #1729, .T. ) ;
#1111 = FACE_BOUND ( 'NONE', #1305, .T. ) ;
#1112 = DIRECTION ( 'NONE',  ( -1.000000000000000000, 0.000000000000000000, 0.000000000000000000 ) ) ;
#1113 = EDGE_CURVE ( 'NONE', #947, #515, #17, .T. ) ;
#1114 = ORIENTED_EDGE ( 'NONE', *, *, #1380, .F. ) ;
#1115 = LINE ( 'NONE', #165, #1405 ) ;
#1116 = VERTEX_POINT ( 'NONE', #1529 ) ;
#1117 = CARTESIAN_POINT ( 'NONE',  ( -3.649813503229549116, -24.73214227259020248, 37.00000000000000000 ) ) ;
#1118 = CARTESIAN_POINT ( 'NONE',  ( 9.376785107252354479, 23.82487295382555459, 16.81866724678907232 ) ) ;
#1119 = DIRECTION ( 'NONE',  ( 0.000000000000000000, 0.000000000000000000, 1.000000000000000000 ) ) ;
#1120 = EDGE_CURVE ( 'NONE', #1074, #132, #1392, .T. ) ;
#1121 = LINE ( 'NONE', #1655, #1511 ) ;
#1122 = AXIS2_PLACEMENT_3D ( 'NONE', #974, #1539, #1236 ) ;
#1123 = ORIENTED_EDGE ( 'NONE', *, *, #305, .T. ) ;
#1124 = AXIS2_PLACEMENT_3D ( 'NONE', #454, #1270, #1147 ) ;
#1125 = CIRCLE ( 'NONE', #1098, 4.950000000000001066 ) ;
#1126 = DIRECTION ( 'NONE',  ( 0.000000000000000000, -1.000000000000000000, 5.867167019097342099E-17 ) ) ;
#1127 = VERTEX_POINT ( 'NONE', #985 ) ;
#1128 = VECTOR ( 'NONE', #310, 1000.000000000000000 ) ;
#1129 = CARTESIAN_POINT ( 'NONE',  ( -2.971209631895169068, 19.47233713047878112, 27.05000000000008242 ) ) ;
#1130 = AXIS2_PLACEMENT_3D ( 'NONE', #984, #191, #317 ) ;
#1131 = DIRECTION ( 'NONE',  ( 1.000000000000000000, 0.000000000000000000, 0.000000000000000000 ) ) ;
#1132 = CARTESIAN_POINT ( 'NONE',  ( 21.30416862951010160, 32.43057814787469795, 22.05000000000007887 ) ) ;
#1133 = LINE ( 'NONE', #1530, #1402 ) ;
#1134 = ADVANCED_FACE ( 'NONE', ( #1654 ), #456, .F. ) ;
#1135 = EDGE_LOOP ( 'NONE', ( #263, #73 ) ) ;
#1136 = DIRECTION ( 'NONE',  ( 1.000000000000000000, 0.000000000000000000, 0.000000000000000000 ) ) ;
#1137 = ORIENTED_EDGE ( 'NONE', *, *, #1252, .F. ) ;
#1138 = DIRECTION ( 'NONE',  ( 9.779321084858445683E-19, 6.278746042246480111E-17, 1.000000000000000000 ) ) ;
#1139 = CARTESIAN_POINT ( 'NONE',  ( 16.92674976572495282, 28.96099304683425402, 26.05000000000007887 ) ) ;
#1140 = LINE ( 'NONE', #200, #1128 ) ;
#1141 = DIRECTION ( 'NONE',  ( -0.000000000000000000, -0.000000000000000000, -1.000000000000000000 ) ) ;
#1142 = ADVANCED_FACE ( 'NONE', ( #51 ), #171, .F. ) ;
#1143 = ORIENTED_EDGE ( 'NONE', *, *, #509, .T. ) ;
#1144 = CARTESIAN_POINT ( 'NONE',  ( -2.971209631895169068, 19.47233713047878112, 22.05000000000007887 ) ) ;
#1145 = EDGE_CURVE ( 'NONE', #1358, #671, #390, .T. ) ;
#1146 = ORIENTED_EDGE ( 'NONE', *, *, #1745, .F. ) ;
#1147 = DIRECTION ( 'NONE',  ( -1.000000000000000000, 0.000000000000000000, 0.000000000000000000 ) ) ;
#1148 = CARTESIAN_POINT ( 'NONE',  ( -11.54913116624723735, -3.492221387936318866, 0.000000000000000000 ) ) ;
#1149 = PLANE ( 'NONE',  #302 ) ;
#1150 = DIRECTION ( 'NONE',  ( 1.000000000000000000, 0.000000000000000000, 0.000000000000000000 ) ) ;
#1151 = VERTEX_POINT ( 'NONE', #1274 ) ;
#1152 = FACE_OUTER_BOUND ( 'NONE', #768, .T. ) ;
#1153 = AXIS2_PLACEMENT_3D ( 'NONE', #986, #311, #968 ) ;
#1154 = ORIENTED_EDGE ( 'NONE', *, *, #1330, .F. ) ;
#1155 = VECTOR ( 'NONE', #253, 1000.000000000000114 ) ;
#1156 = EDGE_CURVE ( 'NONE', #1526, #1087, #1003, .T. ) ;
#1157 = DIRECTION ( 'NONE',  ( 0.000000000000000000, 0.000000000000000000, 1.000000000000000000 ) ) ;
#1158 = DIRECTION ( 'NONE',  ( -0.000000000000000000, -0.000000000000000000, -1.000000000000000000 ) ) ;
#1159 = CIRCLE ( 'NONE', #438, 25.00000000000000000 ) ;
#1160 = CIRCLE ( 'NONE', #1493, 1.749999999999999778 ) ;
#1161 = CARTESIAN_POINT ( 'NONE',  ( -4.740514684687283875, 39.54917850631373000, 32.05000000000007532 ) ) ;
#1162 = CARTESIAN_POINT ( 'NONE',  ( 6.828583306799060004, 24.98360362361903952, 32.05000000000007532 ) ) ;
#1163 = AXIS2_PLACEMENT_3D ( 'NONE', #1288, #874, #1420 ) ;
#1164 = ORIENTED_EDGE ( 'NONE', *, *, #1196, .F. ) ;
#1165 = PLANE ( 'NONE',  #71 ) ;
#1166 = VERTEX_POINT ( 'NONE', #337 ) ;
#1167 = DIRECTION ( 'NONE',  ( -0.000000000000000000, -0.000000000000000000, -1.000000000000000000 ) ) ;
#1168 = DIRECTION ( 'NONE',  ( -0.9646179005258281869, 0.2636518651273747071, 0.000000000000000000 ) ) ;
#1169 = EDGE_CURVE ( 'NONE', #1590, #1050, #1140, .T. ) ;
#1170 = FACE_OUTER_BOUND ( 'NONE', #1684, .T. ) ;
#1171 = EDGE_CURVE ( 'NONE', #962, #426, #318, .T. ) ;
#1172 = DIRECTION ( 'NONE',  ( 0.2636518651273749292, 0.9646179005258282979, 0.000000000000000000 ) ) ;
#1173 = ORIENTED_EDGE ( 'NONE', *, *, #95, .T. ) ;
#1174 = CARTESIAN_POINT ( 'NONE',  ( 22.09512422489222061, 35.32443184945218206, 22.05000000000007887 ) ) ;
#1175 = EDGE_LOOP ( 'NONE', ( #2, #1730, #1382, #537, #1599, #367, #141, #206 ) ) ;
#1176 = DIRECTION ( 'NONE',  ( -0.2636518651273712655, -0.9646179005258290751, 6.082374187643684805E-17 ) ) ;
#1177 = PLANE ( 'NONE',  #1075 ) ;
#1178 = DIRECTION ( 'NONE',  ( 0.000000000000000000, 1.000000000000000000, 4.315232527303976891E-17 ) ) ;
#1179 = DIRECTION ( 'NONE',  ( -0.000000000000000000, -0.000000000000000000, 1.000000000000000000 ) ) ;
#1180 = EDGE_CURVE ( 'NONE', #907, #947, #727, .T. ) ;
#1181 = VERTEX_POINT ( 'NONE', #583 ) ;
#1182 = CARTESIAN_POINT ( 'NONE',  ( -7.640685201088401435, 28.93838160052963460, 32.05000000000007532 ) ) ;
#1183 = ORIENTED_EDGE ( 'NONE', *, *, #461, .T. ) ;
#1184 = VECTOR ( 'NONE', #477, 1000.000000000000114 ) ;
#1185 = CARTESIAN_POINT ( 'NONE',  ( 3.762165227274553381, -16.57848342891128723, 37.00000000000000000 ) ) ;
#1186 = DIRECTION ( 'NONE',  ( 0.2636518651273749292, 0.9646179005258282979, 0.000000000000000000 ) ) ;
#1187 = VECTOR ( 'NONE', #1038, 1000.000000000000114 ) ;
#1188 = AXIS2_PLACEMENT_3D ( 'NONE', #389, #412, #1227 ) ;
#1189 = CARTESIAN_POINT ( 'NONE',  ( 1.472233150243455579, -24.95661294229095262, 32.00000000000000000 ) ) ;
#1190 = VECTOR ( 'NONE', #72, 1000.000000000000000 ) ;
#1191 = VECTOR ( 'NONE', #1343, 1000.000000000000114 ) ;
#1192 = ORIENTED_EDGE ( 'NONE', *, *, #1351, .F. ) ;
#1193 = EDGE_CURVE ( 'NONE', #641, #186, #1160, .T. ) ;
#1194 = DIRECTION ( 'NONE',  ( 0.000000000000000000, 0.000000000000000000, 1.000000000000000000 ) ) ;
#1195 = VERTEX_POINT ( 'NONE', #1281 ) ;
#1196 = EDGE_CURVE ( 'NONE', #689, #1216, #499, .T. ) ;
#1197 = CARTESIAN_POINT ( 'NONE',  ( -1.478457040343703177, 34.51086480776544363, 32.05000000000007532 ) ) ;
#1198 = CARTESIAN_POINT ( 'NONE',  ( -25.00000000000000000, 8.125016952883655360E-33, -5.299999999999942979 ) ) ;
#1199 = CYLINDRICAL_SURFACE ( 'NONE', #1439, 1.749999999999999778 ) ;
#1200 = EDGE_LOOP ( 'NONE', ( #696, #909, #1008, #1633 ) ) ;
#1201 = DIRECTION ( 'NONE',  ( -0.2636518651286224868, -0.9646179005254871264, -0.000000000000000000 ) ) ;
#1202 = ORIENTED_EDGE ( 'NONE', *, *, #1753, .F. ) ;
#1203 = ADVANCED_FACE ( 'NONE', ( #1400 ), #1149, .T. ) ;
#1204 = DIRECTION ( 'NONE',  ( 1.000000000000000000, 0.000000000000000000, 0.000000000000000000 ) ) ;
#1205 = LINE ( 'NONE', #883, #211 ) ;
#1206 = CARTESIAN_POINT ( 'NONE',  ( -9.437520906382470542, -23.15023108181846823, 37.00000000000000000 ) ) ;
#1207 = ORIENTED_EDGE ( 'NONE', *, *, #404, .F. ) ;
#1208 = CARTESIAN_POINT ( 'NONE',  ( -2.893853701576464044, 0.7909555953858682376, 32.00000000000000000 ) ) ;
#1209 = ORIENTED_EDGE ( 'NONE', *, *, #164, .F. ) ;
#1210 = CARTESIAN_POINT ( 'NONE',  ( 13.80543361117776691, 37.59019157715708559, 27.05000000000008242 ) ) ;
#1211 =( NAMED_UNIT ( * ) SI_UNIT ( $, .STERADIAN. ) SOLID_ANGLE_UNIT ( ) );
#1212 = ORIENTED_EDGE ( 'NONE', *, *, #1013, .F. ) ;
#1213 = ADVANCED_FACE ( 'NONE', ( #847 ), #1421, .T. ) ;
#1214 = CARTESIAN_POINT ( 'NONE',  ( -12.86179194569248097, -21.43900609447221939, 35.31818446169926773 ) ) ;
#1215 = AXIS2_PLACEMENT_3D ( 'NONE', #559, #427, #979 ) ;
#1216 = VERTEX_POINT ( 'NONE', #1161 ) ;
#1217 = AXIS2_PLACEMENT_3D ( 'NONE', #1022, #1594, #656 ) ;
#1218 = DIRECTION ( 'NONE',  ( 1.000000000000000000, 0.000000000000000000, 0.000000000000000000 ) ) ;
#1219 = EDGE_LOOP ( 'NONE', ( #1037, #1597, #312, #1415 ) ) ;
#1220 = DIRECTION ( 'NONE',  ( 0.000000000000000000, 0.000000000000000000, 1.000000000000000000 ) ) ;
#1221 = CARTESIAN_POINT ( 'NONE',  ( -13.50242190662448927, -21.04022925833800173, 34.23156927139533678 ) ) ;
#1222 = EDGE_CURVE ( 'NONE', #676, #588, #1299, .T. ) ;
#1223 = EDGE_CURVE ( 'NONE', #819, #320, #214, .T. ) ;
#1224 = ORIENTED_EDGE ( 'NONE', *, *, #1457, .T. ) ;
#1225 = DIRECTION ( 'NONE',  ( -0.2636518651273747627, -0.9646179005258281869, -0.000000000000000000 ) ) ;
#1226 = VERTEX_POINT ( 'NONE', #709 ) ;
#1227 = DIRECTION ( 'NONE',  ( 1.000000000000000000, 0.000000000000000000, 0.000000000000000000 ) ) ;
#1228 = EDGE_LOOP ( 'NONE', ( #632, #706, #117, #933, #83 ) ) ;
#1229 = CARTESIAN_POINT ( 'NONE',  ( -11.06414980885883281, -22.41892468149415052, 36.68212882213235559 ) ) ;
#1230 = EDGE_LOOP ( 'NONE', ( #410, #1232, #282, #684, #223 ) ) ;
#1231 = EDGE_CURVE ( 'NONE', #186, #641, #1327, .T. ) ;
#1232 = ORIENTED_EDGE ( 'NONE', *, *, #1110, .T. ) ;
#1233 = DIRECTION ( 'NONE',  ( 0.2636518651286225423, 0.9646179005254871264, 0.000000000000000000 ) ) ;
#1234 = VERTEX_POINT ( 'NONE', #1700 ) ;
#1235 = CARTESIAN_POINT ( 'NONE',  ( -11.73476217195355176, -22.07651072053763386, 36.34279429210514678 ) ) ;
#1236 = DIRECTION ( 'NONE',  ( -1.000000000000000000, 0.000000000000000000, 0.000000000000000000 ) ) ;
#1237 = CIRCLE ( 'NONE', #667, 1.900000000000040545 ) ;
#1238 = VECTOR ( 'NONE', #997, 1000.000000000000000 ) ;
#1239 = EDGE_CURVE ( 'NONE', #733, #703, #1578, .T. ) ;
#1240 = ORIENTED_EDGE ( 'NONE', *, *, #943, .F. ) ;
#1241 = AXIS2_PLACEMENT_3D ( 'NONE', #1482, #935, #1218 ) ;
#1242 = LINE ( 'NONE', #34, #670 ) ;
#1243 = ADVANCED_FACE ( 'NONE', ( #756 ), #86, .F. ) ;
#1244 =( GEOMETRIC_REPRESENTATION_CONTEXT ( 3 ) GLOBAL_UNCERTAINTY_ASSIGNED_CONTEXT ( ( #1553 ) ) GLOBAL_UNIT_ASSIGNED_CONTEXT ( ( #966, #160, #992 ) ) REPRESENTATION_CONTEXT ( 'NONE', 'WORKASPACE' ) );
#1245 = DIRECTION ( 'NONE',  ( -0.000000000000000000, -0.000000000000000000, 1.000000000000000000 ) ) ;
#1246 = DIRECTION ( 'NONE',  ( 0.000000000000000000, 0.000000000000000000, -1.000000000000000000 ) ) ;
#1247 = CARTESIAN_POINT ( 'NONE',  ( -9.673918020758886627, 9.771274744295263659, -4.949747468305831788 ) ) ;
#1248 = APPLICATION_CONTEXT ( 'automotive_design' ) ;
#1249 = EDGE_LOOP ( 'NONE', ( #230, #469, #928, #1137, #1609, #794, #798, #831, #1143, #96, #1496 ) ) ;
#1250 = LINE ( 'NONE', #1395, #70 ) ;
#1251 = ORIENTED_EDGE ( 'NONE', *, *, #237, .F. ) ;
#1252 = EDGE_CURVE ( 'NONE', #1639, #851, #1464, .T. ) ;
#1253 = DIRECTION ( 'NONE',  ( 0.000000000000000000, 0.000000000000000000, -1.000000000000000000 ) ) ;
#1254 = DIRECTION ( 'NONE',  ( 0.000000000000000000, 0.000000000000000000, -1.000000000000000000 ) ) ;
#1255 = PLANE ( 'NONE',  #605 ) ;
#1256 = ORIENTED_EDGE ( 'NONE', *, *, #934, .T. ) ;
#1257 = CARTESIAN_POINT ( 'NONE',  ( -7.253186139818898148, -7.762331532557169567, 32.04999999999999716 ) ) ;
#1258 = VERTEX_POINT ( 'NONE', #374 ) ;
#1259 = CYLINDRICAL_SURFACE ( 'NONE', #610, 1.749999999999999778 ) ;
#1260 = DIRECTION ( 'NONE',  ( 0.000000000000000000, 1.000000000000000000, -5.867167019097348262E-17 ) ) ;
#1261 = ADVANCED_FACE ( 'NONE', ( #229 ), #1301, .F. ) ;
#1262 = CARTESIAN_POINT ( 'NONE',  ( 12.46267677651808015, 15.25390728844078581, 5.000000000000000000 ) ) ;
#1263 = DIRECTION ( 'NONE',  ( -0.9646179005254871264, 0.2636518651286226533, -0.000000000000000000 ) ) ;
#1264 = VERTEX_POINT ( 'NONE', #1316 ) ;
#1265 = AXIS2_PLACEMENT_3D ( 'NONE', #1197, #903, #1716 ) ;
#1266 = VECTOR ( 'NONE', #293, 1000.000000000000114 ) ;
#1267 = CARTESIAN_POINT ( 'NONE',  ( 8.160066372608909546E-12, 5.304793757043846369E-11, -5.299999999999942091 ) ) ;
#1268 = EDGE_LOOP ( 'NONE', ( #658, #1555, #660, #1552 ) ) ;
#1269 = AXIS2_PLACEMENT_3D ( 'NONE', #629, #931, #354 ) ;
#1270 = DIRECTION ( 'NONE',  ( -0.000000000000000000, -0.000000000000000000, -1.000000000000000000 ) ) ;
#1271 = CIRCLE ( 'NONE', #1746, 4.950000000000001066 ) ;
#1272 = DIRECTION ( 'NONE',  ( -1.000000000000000000, 0.000000000000000000, 0.000000000000000000 ) ) ;
#1273 = EDGE_CURVE ( 'NONE', #869, #195, #1456, .T. ) ;
#1274 = CARTESIAN_POINT ( 'NONE',  ( -7.923918020758886627, 9.771274744295263659, 0.000000000000000000 ) ) ;
#1275 = DIRECTION ( 'NONE',  ( -1.603629298974846624E-17, -5.867167019097345797E-17, -1.000000000000000000 ) ) ;
#1276 = ADVANCED_FACE ( 'NONE', ( #1170 ), #1199, .F. ) ;
#1277 = ORIENTED_EDGE ( 'NONE', *, *, #560, .F. ) ;
#1278 = DIRECTION ( 'NONE',  ( -2.413611178869263884E-17, 3.177388636158529896E-17, -1.000000000000000000 ) ) ;
#1279 = ORIENTED_EDGE ( 'NONE', *, *, #164, .T. ) ;
#1280 = CARTESIAN_POINT ( 'NONE',  ( -7.640685201088401435, 28.93838160052963460, 27.05000000000008242 ) ) ;
#1281 = CARTESIAN_POINT ( 'NONE',  ( -11.54913116624723735, -3.492221387936318866, 3.000000000000000000 ) ) ;
#1282 = CARTESIAN_POINT ( 'NONE',  ( 0.000000000000000000, 0.000000000000000000, 37.00000000000000000 ) ) ;
#1283 = ORIENTED_EDGE ( 'NONE', *, *, #1296, .F. ) ;
#1284 = EDGE_CURVE ( 'NONE', #1166, #9, #439, .T. ) ;
#1285 = DIRECTION ( 'NONE',  ( 0.9646179005258290751, -0.2636518651273715430, -0.000000000000000000 ) ) ;
#1286 = ORIENTED_EDGE ( 'NONE', *, *, #973, .F. ) ;
#1287 = DIRECTION ( 'NONE',  ( -0.1864300217049289776, -0.6820878587154985961, 0.7071067811865515695 ) ) ;
#1288 = CARTESIAN_POINT ( 'NONE',  ( 18.82674976572499403, 28.96099304683425402, 26.05000000000007887 ) ) ;
#1289 = CARTESIAN_POINT ( 'NONE',  ( 2.802766214405147949, 40.59746915199153960, 22.05000000000007887 ) ) ;
#1290 = CARTESIAN_POINT ( 'NONE',  ( -2.478327532216046958, -9.067408264937675710, 32.04999999999999716 ) ) ;
#1291 = EDGE_LOOP ( 'NONE', ( #103, #54, #914, #990 ) ) ;
#1292 = EDGE_CURVE ( 'NONE', #1704, #225, #1061, .T. ) ;
#1293 = LINE ( 'NONE', #215, #755 ) ;
#1294 = ORIENTED_EDGE ( 'NONE', *, *, #1113, .T. ) ;
#1295 = VECTOR ( 'NONE', #732, 1000.000000000000114 ) ;
#1296 = EDGE_CURVE ( 'NONE', #1387, #1116, #273, .T. ) ;
#1297 = DIRECTION ( 'NONE',  ( -0.000000000000000000, -0.000000000000000000, 1.000000000000000000 ) ) ;
#1298 = CARTESIAN_POINT ( 'NONE',  ( 0.4215429596563327053, 34.51086480776544363, 26.05000000000007887 ) ) ;
#1299 = CIRCLE ( 'NONE', #581, 5.000000000000000888 ) ;
#1300 = VECTOR ( 'NONE', #536, 1000.000000000000227 ) ;
#1301 = PLANE ( 'NONE',  #358 ) ;
#1302 = CARTESIAN_POINT ( 'NONE',  ( -3.378457040343739060, 34.51086480776544363, 32.05000000000007532 ) ) ;
#1303 = ORIENTED_EDGE ( 'NONE', *, *, #381, .F. ) ;
#1304 = DIRECTION ( 'NONE',  ( 0.000000000000000000, 0.000000000000000000, -1.000000000000000000 ) ) ;
#1305 = EDGE_LOOP ( 'NONE', ( #879, #1445 ) ) ;
#1306 = CARTESIAN_POINT ( 'NONE',  ( 10.51970941858225750, 38.48825423098064391, 32.05000000000007532 ) ) ;
#1307 = CARTESIAN_POINT ( 'NONE',  ( -2.636518651286230863, -9.646179005254888139, 5.000000000000000000 ) ) ;
#1308 = EDGE_CURVE ( 'NONE', #703, #733, #759, .T. ) ;
#1309 = DIRECTION ( 'NONE',  ( -0.000000000000000000, -0.000000000000000000, 1.000000000000000000 ) ) ;
#1310 = FACE_OUTER_BOUND ( 'NONE', #278, .T. ) ;
#1311 = EDGE_LOOP ( 'NONE', ( #422, #387, #573, #1183 ) ) ;
#1312 = DIRECTION ( 'NONE',  ( 1.000000000000000000, 0.000000000000000000, 0.000000000000000000 ) ) ;
#1313 = ORIENTED_EDGE ( 'NONE', *, *, #959, .F. ) ;
#1314 = PLANE ( 'NONE',  #1377 ) ;
#1315 = PLANE ( 'NONE',  #154 ) ;
#1316 = CARTESIAN_POINT ( 'NONE',  ( 3.542859114203546156, 25.88166627744259429, 27.05000000000008242 ) ) ;
#1317 = EDGE_CURVE ( 'NONE', #1074, #295, #6, .T. ) ;
#1318 = EDGE_CURVE ( 'NONE', #662, #546, #170, .T. ) ;
#1319 = ORIENTED_EDGE ( 'NONE', *, *, #228, .F. ) ;
#1320 = DIRECTION ( 'NONE',  ( -0.9646179005254871264, 0.2636518651286225423, 0.000000000000000000 ) ) ;
#1321 = EDGE_LOOP ( 'NONE', ( #276, #681, #1026, #889 ) ) ;
#1322 = LINE ( 'NONE', #1576, #697 ) ;
#1323 = DIRECTION ( 'NONE',  ( -0.000000000000000000, -0.000000000000000000, 1.000000000000000000 ) ) ;
#1324 = VECTOR ( 'NONE', #1253, 1000.000000000000000 ) ;
#1325 = CIRCLE ( 'NONE', #552, 6.050000000000002487 ) ;
#1326 = CARTESIAN_POINT ( 'NONE',  ( 1.300988222280402118, -24.96621891810669069, 33.30697297810556279 ) ) ;
#1327 = CIRCLE ( 'NONE', #553, 1.749999999999999778 ) ;
#1328 = MECHANICAL_DESIGN_GEOMETRIC_PRESENTATION_REPRESENTATION (  '', ( #470 ), #1244 ) ;
#1329 = ORIENTED_EDGE ( 'NONE', *, *, #852, .F. ) ;
#1330 = EDGE_CURVE ( 'NONE', #962, #1472, #303, .T. ) ;
#1331 = DIRECTION ( 'NONE',  ( -0.2636518651286225423, -0.9646179005254872374, 0.000000000000000000 ) ) ;
#1332 = ORIENTED_EDGE ( 'NONE', *, *, #509, .F. ) ;
#1333 = CARTESIAN_POINT ( 'NONE',  ( 0.000000000000000000, 0.000000000000000000, 1.000000000000000000 ) ) ;
#1334 = CYLINDRICAL_SURFACE ( 'NONE', #418, 20.10000000000705001 ) ;
#1335 = CARTESIAN_POINT ( 'NONE',  ( 1.437273990488906694, -24.95874397676303857, 32.66227317137374087 ) ) ;
#1336 = VERTEX_POINT ( 'NONE', #1361 ) ;
#1337 = DIRECTION ( 'NONE',  ( -0.000000000000000000, -0.000000000000000000, 1.000000000000000000 ) ) ;
#1338 = EDGE_CURVE ( 'NONE', #1087, #1435, #674, .T. ) ;
#1339 = ORIENTED_EDGE ( 'NONE', *, *, #155, .F. ) ;
#1340 = DIRECTION ( 'NONE',  ( -0.000000000000000000, -0.000000000000000000, -1.000000000000000000 ) ) ;
#1341 = DIRECTION ( 'NONE',  ( -0.000000000000000000, -0.000000000000000000, 1.000000000000000000 ) ) ;
#1342 = EDGE_LOOP ( 'NONE', ( #742, #1332, #347, #106 ) ) ;
#1343 = DIRECTION ( 'NONE',  ( -0.2636518651286225423, -0.9646179005254871264, -0.000000000000000000 ) ) ;
#1344 = ORIENTED_EDGE ( 'NONE', *, *, #1145, .F. ) ;
#1345 = CARTESIAN_POINT ( 'NONE',  ( 12.46267677651808015, 15.25390728844078581, 22.05000000000007887 ) ) ;
#1346 = ORIENTED_EDGE ( 'NONE', *, *, #1252, .T. ) ;
#1347 = CARTESIAN_POINT ( 'NONE',  ( -1.472233150243462463, 24.95661294229094906, 15.05000000000005578 ) ) ;
#1348 =( NAMED_UNIT ( * ) PLANE_ANGLE_UNIT ( ) SI_UNIT ( $, .RADIAN. ) );
#1349 = ORIENTED_EDGE ( 'NONE', *, *, #1317, .F. ) ;
#1350 = CIRCLE ( 'NONE', #179, 6.049999999999999822 ) ;
#1351 = EDGE_CURVE ( 'NONE', #13, #1623, #1410, .T. ) ;
#1352 = CARTESIAN_POINT ( 'NONE',  ( -7.923918020758886627, 9.771274744295263659, -4.949747468305831788 ) ) ;
#1353 = VECTOR ( 'NONE', #1409, 1000.000000000000114 ) ;
#1354 = CIRCLE ( 'NONE', #1070, 3.000000000000000444 ) ;
#1355 = ORIENTED_EDGE ( 'NONE', *, *, #1368, .F. ) ;
#1356 = VECTOR ( 'NONE', #993, 1000.000000000000000 ) ;
#1357 = CARTESIAN_POINT ( 'NONE',  ( -7.640685201088401435, 28.93838160052963460, 22.05000000000007887 ) ) ;
#1358 = VERTEX_POINT ( 'NONE', #948 ) ;
#1359 = DIRECTION ( 'NONE',  ( 0.9646179005258290751, -0.2636518651273714320, 0.000000000000000000 ) ) ;
#1360 = ORIENTED_EDGE ( 'NONE', *, *, #967, .T. ) ;
#1361 = CARTESIAN_POINT ( 'NONE',  ( -2.971209631895169068, 19.47233713047878112, 10.00000000000003375 ) ) ;
#1362 = ADVANCED_FACE ( 'NONE', ( #1079 ), #262, .T. ) ;
#1363 = EDGE_LOOP ( 'NONE', ( #971, #98, #1481, #944, #1056, #604, #478, #1499 ) ) ;
#1364 = CARTESIAN_POINT ( 'NONE',  ( -1.060924275352882473, -15.26022410326817891, 37.00000000000000000 ) ) ;
#1365 = ORIENTED_EDGE ( 'NONE', *, *, #902, .T. ) ;
#1366 = DIRECTION ( 'NONE',  ( -0.2636518651273712655, -0.9646179005258290751, 6.082374187643684805E-17 ) ) ;
#1367 = SURFACE_SIDE_STYLE ('',( #940 ) ) ;
#1368 = EDGE_CURVE ( 'NONE', #1151, #186, #1614, .T. ) ;
#1369 = CARTESIAN_POINT ( 'NONE',  ( 10.51970941858225750, 38.48825423098064391, 32.05000000000007532 ) ) ;
#1370 = ORIENTED_EDGE ( 'NONE', *, *, #558, .F. ) ;
#1371 = CARTESIAN_POINT ( 'NONE',  ( -7.640685201088401435, 28.93838160052963460, 22.05000000000007887 ) ) ;
#1372 = VERTEX_POINT ( 'NONE', #960 ) ;
#1373 = CARTESIAN_POINT ( 'NONE',  ( -13.36492983554808234, -21.12783223804071042, 34.51994507723077277 ) ) ;
#1374 = VECTOR ( 'NONE', #1263, 1000.000000000000114 ) ;
#1375 = AXIS2_PLACEMENT_3D ( 'NONE', #1512, #1275, #729 ) ;
#1376 = FACE_OUTER_BOUND ( 'NONE', #1020, .T. ) ;
#1377 = AXIS2_PLACEMENT_3D ( 'NONE', #502, #1453, #743 ) ;
#1378 = AXIS2_PLACEMENT_3D ( 'NONE', #1432, #1304, #97 ) ;
#1379 = ORIENTED_EDGE ( 'NONE', *, *, #430, .F. ) ;
#1380 = EDGE_CURVE ( 'NONE', #420, #445, #983, .T. ) ;
#1381 = CARTESIAN_POINT ( 'NONE',  ( 21.29785181468646016, 21.02882564670845156, 41.30530195753353695 ) ) ;
#1382 = ORIENTED_EDGE ( 'NONE', *, *, #815, .F. ) ;
#1383 = AXIS2_PLACEMENT_3D ( 'NONE', #50, #854, #177 ) ;
#1384 = DIRECTION ( 'NONE',  ( -0.9646179005258292971, 0.2636518651273705993, -7.552528155417728883E-16 ) ) ;
#1385 = DIRECTION ( 'NONE',  ( 1.000000000000000000, 0.000000000000000000, 0.000000000000000000 ) ) ;
#1386 = DIRECTION ( 'NONE',  ( -0.1864300217049288666, -0.6820878587154981521, -0.7071067811865520136 ) ) ;
#1387 = VERTEX_POINT ( 'NONE', #254 ) ;
#1388 = EDGE_CURVE ( 'NONE', #588, #1074, #797, .T. ) ;
#1389 = CYLINDRICAL_SURFACE ( 'NONE', #1012, 2.999999999999999112 ) ;
#1390 = ORIENTED_EDGE ( 'NONE', *, *, #1308, .F. ) ;
#1391 = CARTESIAN_POINT ( 'NONE',  ( 14.54552651103521477, 22.87438870259199675, 32.05000000000007532 ) ) ;
#1392 = LINE ( 'NONE', #1550, #185 ) ;
#1393 = DIRECTION ( 'NONE',  ( -0.2636518651273749292, -0.9646179005258280759, -1.557495659601286127E-17 ) ) ;
#1394 = ORIENTED_EDGE ( 'NONE', *, *, #423, .F. ) ;
#1395 = CARTESIAN_POINT ( 'NONE',  ( 2.296531075386803789, -10.37248499731818008, 32.04999999999999716 ) ) ;
#1396 = ORIENTED_EDGE ( 'NONE', *, *, #738, .F. ) ;
#1397 = DIRECTION ( 'NONE',  ( 0.000000000000000000, -1.000000000000000000, 6.278746042246477646E-17 ) ) ;
#1398 = CARTESIAN_POINT ( 'NONE',  ( 4.045259837484171506, 25.28209926135003016, 16.81866724678907232 ) ) ;
#1399 = EDGE_CURVE ( 'NONE', #163, #711, #868, .T. ) ;
#1400 = FACE_OUTER_BOUND ( 'NONE', #251, .T. ) ;
#1401 = CARTESIAN_POINT ( 'NONE',  ( 21.29785181468646016, 21.02882564670845156, 32.05000000000007532 ) ) ;
#1402 = VECTOR ( 'NONE', #143, 1000.000000000000114 ) ;
#1403 = EDGE_LOOP ( 'NONE', ( #1509, #1083, #949, #1394 ) ) ;
#1404 = VECTOR ( 'NONE', #837, 1000.000000000000000 ) ;
#1405 = VECTOR ( 'NONE', #157, 1000.000000000000000 ) ;
#1406 = FACE_BOUND ( 'NONE', #678, .T. ) ;
#1407 = ORIENTED_EDGE ( 'NONE', *, *, #1455, .F. ) ;
#1408 = CIRCLE ( 'NONE', #1688, 3.000000000000002665 ) ;
#1409 = DIRECTION ( 'NONE',  ( 0.2636518651286225423, 0.9646179005254871264, 0.000000000000000000 ) ) ;
#1410 = CIRCLE ( 'NONE', #1440, 1.749999999999999778 ) ;
#1411 = CARTESIAN_POINT ( 'NONE',  ( 21.29785181468646016, 21.02882564670845156, 22.05000000000007887 ) ) ;
#1412 = CARTESIAN_POINT ( 'NONE',  ( -9.138563755536900146, -22.05644242587609583, 37.00000000000000000 ) ) ;
#1413 = ADVANCED_FACE ( 'NONE', ( #562 ), #543, .T. ) ;
#1414 = DIRECTION ( 'NONE',  ( -0.000000000000000000, -0.000000000000000000, 1.000000000000000000 ) ) ;
#1415 = ORIENTED_EDGE ( 'NONE', *, *, #360, .F. ) ;
#1416 = MANIFOLD_SOLID_BREP ( 'Sfazowanie4', #1488 ) ;
#1417 = DIRECTION ( 'NONE',  ( -0.9646179005258281869, 0.2636518651273748182, 0.000000000000000000 ) ) ;
#1418 = EDGE_LOOP ( 'NONE', ( #564, #774 ) ) ;
#1419 = FACE_OUTER_BOUND ( 'NONE', #1249, .T. ) ;
#1420 = DIRECTION ( 'NONE',  ( 1.000000000000000000, 0.000000000000000000, 0.000000000000000000 ) ) ;
#1421 = CYLINDRICAL_SURFACE ( 'NONE', #300, 25.00000000000000000 ) ;
#1422 = PLANE ( 'NONE',  #638 ) ;
#1423 = ADVANCED_FACE ( 'NONE', ( #169 ), #822, .T. ) ;
#1424 = ORIENTED_EDGE ( 'NONE', *, *, #475, .T. ) ;
#1425 = CARTESIAN_POINT ( 'NONE',  ( -3.954777976929346739, -14.46926850788231356, 32.04999999999999716 ) ) ;
#1426 = ORIENTED_EDGE ( 'NONE', *, *, #530, .T. ) ;
#1427 = LINE ( 'NONE', #647, #639 ) ;
#1428 = DIRECTION ( 'NONE',  ( -0.000000000000000000, -0.000000000000000000, 1.000000000000000000 ) ) ;
#1429 = DIRECTION ( 'NONE',  ( -1.000000000000000000, 0.000000000000000000, 0.000000000000000000 ) ) ;
#1430 = CARTESIAN_POINT ( 'NONE',  ( -3.954777976929346739, -14.46926850788231356, 32.04999999999999716 ) ) ;
#1431 = ORIENTED_EDGE ( 'NONE', *, *, #1399, .T. ) ;
#1432 = CARTESIAN_POINT ( 'NONE',  ( 8.160195089090825733E-12, 5.304777207781885809E-11, 0.000000000000000000 ) ) ;
#1433 = VECTOR ( 'NONE', #1384, 1000.000000000000114 ) ;
#1434 = EDGE_CURVE ( 'NONE', #1544, #1234, #1105, .T. ) ;
#1435 = VERTEX_POINT ( 'NONE', #1002 ) ;
#1436 = VECTOR ( 'NONE', #1287, 999.9999999999998863 ) ;
#1437 = CYLINDRICAL_SURFACE ( 'NONE', #467, 1.749999999999999778 ) ;
#1438 = LINE ( 'NONE', #1298, #528 ) ;
#1439 = AXIS2_PLACEMENT_3D ( 'NONE', #1589, #1309, #779 ) ;
#1440 = AXIS2_PLACEMENT_3D ( 'NONE', #816, #1086, #7 ) ;
#1441 = CARTESIAN_POINT ( 'NONE',  ( -3.649813503229549116, -24.73214227259020248, 37.00000000000000000 ) ) ;
#1442 = DIRECTION ( 'NONE',  ( -0.2636518651273749847, -0.9646179005258282979, -0.000000000000000000 ) ) ;
#1443 = EDGE_LOOP ( 'NONE', ( #5, #156, #1487, #786, #782 ) ) ;
#1444 = CARTESIAN_POINT ( 'NONE',  ( -4.289468957532035276, 14.64924762784966816, 5.000000000000000000 ) ) ;
#1445 = ORIENTED_EDGE ( 'NONE', *, *, #1466, .F. ) ;
#1446 = EDGE_CURVE ( 'NONE', #1721, #351, #555, .T. ) ;
#1447 = LINE ( 'NONE', #882, #330 ) ;
#1448 = FACE_OUTER_BOUND ( 'NONE', #1741, .T. ) ;
#1449 = CARTESIAN_POINT ( 'NONE',  ( -10.63515025377394707, -22.62562399258125367, 36.83253658755381110 ) ) ;
#1450 = ORIENTED_EDGE ( 'NONE', *, *, #653, .F. ) ;
#1451 = CARTESIAN_POINT ( 'NONE',  ( 2.802766214405147949, 40.59746915199154671, 32.05000000000007532 ) ) ;
#1452 = ORIENTED_EDGE ( 'NONE', *, *, #1239, .T. ) ;
#1453 = DIRECTION ( 'NONE',  ( 0.9646179005254871264, -0.2636518651286224868, 0.000000000000000000 ) ) ;
#1454 = CARTESIAN_POINT ( 'NONE',  ( -11.67172118113323620, -12.36005358685332567, 32.00000000000000000 ) ) ;
#1455 = EDGE_CURVE ( 'NONE', #936, #907, #1547, .T. ) ;
#1456 = LINE ( 'NONE', #246, #758 ) ;
#1457 = EDGE_CURVE ( 'NONE', #1116, #1387, #787, .T. ) ;
#1458 = ORIENTED_EDGE ( 'NONE', *, *, #360, .T. ) ;
#1459 = LINE ( 'NONE', #239, #468 ) ;
#1460 = ORIENTED_EDGE ( 'NONE', *, *, #483, .T. ) ;
#1461 = LINE ( 'NONE', #679, #388 ) ;
#1462 = CYLINDRICAL_SURFACE ( 'NONE', #437, 1.749999999999999778 ) ;
#1463 = VECTOR ( 'NONE', #930, 1000.000000000000000 ) ;
#1464 = LINE ( 'NONE', #766, #1515 ) ;
#1465 = VECTOR ( 'NONE', #1023, 1000.000000000000114 ) ;
#1466 = EDGE_CURVE ( 'NONE', #426, #1195, #1494, .T. ) ;
#1467 = VERTEX_POINT ( 'NONE', #1411 ) ;
#1468 = CARTESIAN_POINT ( 'NONE',  ( 12.46267677651808192, 15.25390728844078581, 10.00000000000003375 ) ) ;
#1469 = ORIENTED_EDGE ( 'NONE', *, *, #1446, .T. ) ;
#1470 = DIRECTION ( 'NONE',  ( 0.1864300217049288388, 0.6820878587154981521, 0.7071067811865520136 ) ) ;
#1471 = DIRECTION ( 'NONE',  ( 0.1864300217049289221, 0.6820878587154990402, -0.7071067811865512365 ) ) ;
#1472 = VERTEX_POINT ( 'NONE', #1148 ) ;
#1473 =( BOUNDED_CURVE ( )  B_SPLINE_CURVE ( 3, ( #708, #1118, #1398, #1653 ),
 .UNSPECIFIED., .F., .F. ) 
 B_SPLINE_CURVE_WITH_KNOTS ( ( 4, 4 ),
 ( 2.815863166295163644, 3.467322140884423032 ),
 .UNSPECIFIED. ) 
 CURVE ( )  GEOMETRIC_REPRESENTATION_ITEM ( )  RATIONAL_B_SPLINE_CURVE ( ( 1.000000000000000000, 0.9649450283907740067, 0.9649450283907740067, 1.000000000000000000 ) ) 
 REPRESENTATION_ITEM ( '' )  );
#1474 = FACE_OUTER_BOUND ( 'NONE', #551, .T. ) ;
#1475 = ORIENTED_EDGE ( 'NONE', *, *, #1745, .T. ) ;
#1476 = ADVANCED_FACE ( 'NONE', ( #463, #569 ), #724, .F. ) ;
#1477 = CARTESIAN_POINT ( 'NONE',  ( 6.392092581932490525, -6.956419871169829072, -13.66043856465394235 ) ) ;
#1478 = SURFACE_SIDE_STYLE ('',( #140 ) ) ;
#1479 = VERTEX_POINT ( 'NONE', #579 ) ;
#1480 = CARTESIAN_POINT ( 'NONE',  ( -13.56451935891006855, -21.00019543848213033, 34.08418589470923621 ) ) ;
#1481 = ORIENTED_EDGE ( 'NONE', *, *, #1180, .F. ) ;
#1482 = CARTESIAN_POINT ( 'NONE',  ( 8.160195089090825733E-12, 5.304777207781885809E-11, -76.01067811865470958 ) ) ;
#1483 = ORIENTED_EDGE ( 'NONE', *, *, #902, .F. ) ;
#1484 = ADVANCED_FACE ( 'NONE', ( #1664 ), #846, .F. ) ;
#1485 = CARTESIAN_POINT ( 'NONE',  ( 1.472233150243455579, -24.95661294229095262, 3.000000000000000000 ) ) ;
#1486 =( LENGTH_UNIT ( ) NAMED_UNIT ( * ) SI_UNIT ( .MILLI., .METRE. ) );
#1487 = ORIENTED_EDGE ( 'NONE', *, *, #878, .T. ) ;
#1488 = CLOSED_SHELL ( 'NONE', ( #704, #1134, #976, #1423, #498, #272, #63, #178, #373, #1413, #1362, #866, #1484, #249, #450, #10, #1068, #920, #411, #1213, #582, #144, #1560, #1689, #284, #203, #1276, #87, #1723, #218, #1701, #1060, #1057, #393, #1647, #781, #1640, #1243, #75, #20, #545, #1476, #887, #1261, #792, #313, #1514, #1668, #1142, #1203, #988, #716, #912, #899 ) ) ;
#1489 = CARTESIAN_POINT ( 'NONE',  ( -13.93261373421873195, -20.75782080683904596, 32.66471760973909255 ) ) ;
#1490 = VECTOR ( 'NONE', #335, 1000.000000000000227 ) ;
#1491 = VECTOR ( 'NONE', #795, 1000.000000000000114 ) ;
#1492 = ORIENTED_EDGE ( 'NONE', *, *, #602, .T. ) ;
#1493 = AXIS2_PLACEMENT_3D ( 'NONE', #865, #855, #736 ) ;
#1494 = CIRCLE ( 'NONE', #18, 1.749999999999999778 ) ;
#1495 = PLANE ( 'NONE',  #896 ) ;
#1496 = ORIENTED_EDGE ( 'NONE', *, *, #1080, .T. ) ;
#1497 = CARTESIAN_POINT ( 'NONE',  ( 6.828583306799060004, 24.98360362361903952, 32.05000000000007532 ) ) ;
#1498 = DIRECTION ( 'NONE',  ( 1.000000000000000000, 0.000000000000000000, -0.000000000000000000 ) ) ;
#1499 = ORIENTED_EDGE ( 'NONE', *, *, #1586, .T. ) ;
#1500 = EDGE_CURVE ( 'NONE', #357, #711, #590, .T. ) ;
#1501 = CARTESIAN_POINT ( 'NONE',  ( -10.92208171998280619, -22.48851735610940139, 36.73771037053963084 ) ) ;
#1502 = EDGE_LOOP ( 'NONE', ( #166, #1360, #81, #35, #1090, #1458 ) ) ;
#1503 = EDGE_LOOP ( 'NONE', ( #403, #124 ) ) ;
#1504 = CARTESIAN_POINT ( 'NONE',  ( 2.296531075386803789, -10.37248499731818008, 32.04999999999999716 ) ) ;
#1505 = EDGE_CURVE ( 'NONE', #9, #1166, #362, .T. ) ;
#1506 = CARTESIAN_POINT ( 'NONE',  ( 7.923918020759507463, -9.771274744249584643, 0.000000000000000000 ) ) ;
#1507 = ORIENTED_EDGE ( 'NONE', *, *, #431, .T. ) ;
#1508 = CARTESIAN_POINT ( 'NONE',  ( 0.000000000000000000, 0.000000000000000000, 0.000000000000000000 ) ) ;
#1509 = ORIENTED_EDGE ( 'NONE', *, *, #506, .F. ) ;
#1510 = DIRECTION ( 'NONE',  ( -0.000000000000000000, -0.000000000000000000, 1.000000000000000000 ) ) ;
#1511 = VECTOR ( 'NONE', #441, 1000.000000000000114 ) ;
#1512 = CARTESIAN_POINT ( 'NONE',  ( 2.802766214405147949, 40.59746915199154671, 32.05000000000007532 ) ) ;
#1513 = AXIS2_PLACEMENT_3D ( 'NONE', #672, #1220, #1750 ) ;
#1514 = ADVANCED_FACE ( 'NONE', ( #1680 ), #1548, .F. ) ;
#1515 = VECTOR ( 'NONE', #235, 1000.000000000000000 ) ;
#1516 = VERTEX_POINT ( 'NONE', #199 ) ;
#1517 = AXIS2_PLACEMENT_3D ( 'NONE', #283, #424, #682 ) ;
#1518 = CARTESIAN_POINT ( 'NONE',  ( -1.055705387727689626, 41.65207661250909865, 32.05000000000007532 ) ) ;
#1519 = ORIENTED_EDGE ( 'NONE', *, *, #1330, .T. ) ;
#1520 = CARTESIAN_POINT ( 'NONE',  ( 10.51970941858225750, 38.48825423098064391, 32.05000000000007532 ) ) ;
#1521 = DIRECTION ( 'NONE',  ( -0.000000000000000000, -0.000000000000000000, -1.000000000000000000 ) ) ;
#1522 = DIRECTION ( 'NONE',  ( 1.000000000000000000, 0.000000000000000000, -0.000000000000000000 ) ) ;
#1523 = CARTESIAN_POINT ( 'NONE',  ( -13.29913116624723735, -3.492221387936318866, 0.000000000000000000 ) ) ;
#1524 = ORIENTED_EDGE ( 'NONE', *, *, #943, .T. ) ;
#1525 = FACE_OUTER_BOUND ( 'NONE', #719, .T. ) ;
#1526 = VERTEX_POINT ( 'NONE', #744 ) ;
#1527 = CARTESIAN_POINT ( 'NONE',  ( 9.673918020759506575, -9.771274744249584643, -4.949747468305831788 ) ) ;
#1528 = LINE ( 'NONE', #66, #1660 ) ;
#1529 = CARTESIAN_POINT ( 'NONE',  ( 11.54913116625932368, 3.492221387979129954, 0.000000000000000000 ) ) ;
#1530 = CARTESIAN_POINT ( 'NONE',  ( 24.98897792646970473, 34.53347625407004529, 32.05000000000008242 ) ) ;
#1531 = ORIENTED_EDGE ( 'NONE', *, *, #1024, .T. ) ;
#1532 = DIRECTION ( 'NONE',  ( 1.603629298974857101E-17, 5.867167019097339634E-17, 1.000000000000000000 ) ) ;
#1533 = APPLICATION_PROTOCOL_DEFINITION ( 'draft international standard', 'automotive_design', 1998, #1248 ) ;
#1534 = ORIENTED_EDGE ( 'NONE', *, *, #338, .T. ) ;
#1535 = EDGE_CURVE ( 'NONE', #557, #666, #1528, .T. ) ;
#1536 = LINE ( 'NONE', #168, #1490 ) ;
#1537 = CARTESIAN_POINT ( 'NONE',  ( 9.673918020759506575, -9.771274744249584643, 3.000000000000000000 ) ) ;
#1538 = CARTESIAN_POINT ( 'NONE',  ( 13.29913116625932190, 3.492221387979129954, 3.000000000000000000 ) ) ;
#1539 = DIRECTION ( 'NONE',  ( -0.000000000000000000, -0.000000000000000000, -1.000000000000000000 ) ) ;
#1540 = AXIS2_PLACEMENT_3D ( 'NONE', #1282, #466, #494 ) ;
#1541 = EDGE_LOOP ( 'NONE', ( #138, #1659, #315, #542 ) ) ;
#1542 = CIRCLE ( 'NONE', #213, 1.900000000000040545 ) ;
#1543 = DIRECTION ( 'NONE',  ( -0.4423907323898982336, 0.8968224126857722300, 0.000000000000000000 ) ) ;
#1544 = VERTEX_POINT ( 'NONE', #1691 ) ;
#1545 = AXIS2_PLACEMENT_3D ( 'NONE', #1566, #209, #380 ) ;
#1546 = LINE ( 'NONE', #176, #1404 ) ;
#1547 = CIRCLE ( 'NONE', #929, 3.000000000000000000 ) ;
#1548 = CYLINDRICAL_SURFACE ( 'NONE', #1163, 1.900000000000040545 ) ;
#1549 = EDGE_CURVE ( 'NONE', #1704, #557, #1473, .T. ) ;
#1550 = CARTESIAN_POINT ( 'NONE',  ( 1.472233150243455579, -24.95661294229095262, 5.000000000000000000 ) ) ;
#1551 = CARTESIAN_POINT ( 'NONE',  ( 3.762165227274553381, -16.57848342891128723, 10.00000000000004086 ) ) ;
#1552 = ORIENTED_EDGE ( 'NONE', *, *, #1049, .F. ) ;
#1553 = UNCERTAINTY_MEASURE_WITH_UNIT (LENGTH_MEASURE( 1.000000000000000082E-05 ), #966, 'distance_accuracy_value', 'NONE');
#1554 = CARTESIAN_POINT ( 'NONE',  ( -1.055705387727691180, 41.65207661250909865, 22.05000000000007887 ) ) ;
#1555 = ORIENTED_EDGE ( 'NONE', *, *, #1500, .T. ) ;
#1556 = DIRECTION ( 'NONE',  ( -0.9646179005254871264, 0.2636518651286226533, 0.000000000000000000 ) ) ;
#1557 = CARTESIAN_POINT ( 'NONE',  ( 7.233985225986745426, 39.38631688480420223, 27.05000000000008242 ) ) ;
#1558 = DIRECTION ( 'NONE',  ( 0.000000000000000000, 1.000000000000000000, 0.000000000000000000 ) ) ;
#1559 = DIRECTION ( 'NONE',  ( -0.9646179005258290751, 0.2636518651273712655, 0.000000000000000000 ) ) ;
#1560 = ADVANCED_FACE ( 'NONE', ( #298 ), #1315, .T. ) ;
#1561 = VERTEX_POINT ( 'NONE', #1557 ) ;
#1562 = CARTESIAN_POINT ( 'NONE',  ( 20.10000000001521059, 5.304777207781885809E-11, -76.01067811865470958 ) ) ;
#1563 = ORIENTED_EDGE ( 'NONE', *, *, #1368, .T. ) ;
#1564 = DIRECTION ( 'NONE',  ( 0.2636518651273747071, 0.9646179005258281869, 0.000000000000000000 ) ) ;
#1565 = PLANE ( 'NONE',  #1097 ) ;
#1566 = CARTESIAN_POINT ( 'NONE',  ( 8.160195089090825733E-12, 5.304777207781885809E-11, -5.299999999999943867 ) ) ;
#1567 = CYLINDRICAL_SURFACE ( 'NONE', #326, 1.749999999999999778 ) ;
#1568 = ORIENTED_EDGE ( 'NONE', *, *, #53, .F. ) ;
#1569 = EDGE_CURVE ( 'NONE', #1181, #692, #778, .T. ) ;
#1570 = AXIS2_PLACEMENT_3D ( 'NONE', #1523, #1141, #52 ) ;
#1571 = CARTESIAN_POINT ( 'NONE',  ( 24.19802233108758927, 31.63962255249258604, -2.244396075240527892E-15 ) ) ;
#1572 = VECTOR ( 'NONE', #1245, 1000.000000000000000 ) ;
#1573 = VERTEX_POINT ( 'NONE', #1198 ) ;
#1574 =( GEOMETRIC_REPRESENTATION_CONTEXT ( 3 ) GLOBAL_UNCERTAINTY_ASSIGNED_CONTEXT ( ( #348 ) ) GLOBAL_UNIT_ASSIGNED_CONTEXT ( ( #1486, #288, #1211 ) ) REPRESENTATION_CONTEXT ( 'NONE', 'WORKASPACE' ) );
#1575 = AXIS2_PLACEMENT_3D ( 'NONE', #224, #1320, #1028 ) ;
#1576 = CARTESIAN_POINT ( 'NONE',  ( 21.29785181468646016, 21.02882564670845156, 22.05000000000007887 ) ) ;
#1577 = CARTESIAN_POINT ( 'NONE',  ( 10.51970941858225750, 38.48825423098064391, 32.05000000000007532 ) ) ;
#1578 = CIRCLE ( 'NONE', #1545, 20.10000000000705001 ) ;
#1579 = AXIS2_PLACEMENT_3D ( 'NONE', #14, #417, #400 ) ;
#1580 = CARTESIAN_POINT ( 'NONE',  ( -3.319399141990984958, -24.78090273919344710, 36.99999999999999289 ) ) ;
#1581 = DIRECTION ( 'NONE',  ( -0.2636518651273712655, -0.9646179005258290751, 6.082374187643684805E-17 ) ) ;
#1582 = ORIENTED_EDGE ( 'NONE', *, *, #1120, .T. ) ;
#1583 = EDGE_CURVE ( 'NONE', #1724, #544, #1438, .T. ) ;
#1584 = DIRECTION ( 'NONE',  ( 0.9646179005258287420, -0.2636518651273727643, 0.000000000000000000 ) ) ;
#1585 = ORIENTED_EDGE ( 'NONE', *, *, #1013, .T. ) ;
#1586 = EDGE_CURVE ( 'NONE', #111, #406, #814, .T. ) ;
#1587 = LINE ( 'NONE', #1030, #1436 ) ;
#1588 = CARTESIAN_POINT ( 'NONE',  ( -2.478327532216046958, -9.067408264937675710, 32.04999999999999716 ) ) ;
#1589 = CARTESIAN_POINT ( 'NONE',  ( 13.29913116625932190, 3.492221387979129954, -4.949747468305831788 ) ) ;
#1590 = VERTEX_POINT ( 'NONE', #1454 ) ;
#1591 = CARTESIAN_POINT ( 'NONE',  ( -1.478457040343703177, 34.51086480776544363, 32.05000000000007532 ) ) ;
#1592 = ORIENTED_EDGE ( 'NONE', *, *, #1731, .T. ) ;
#1593 = FACE_OUTER_BOUND ( 'NONE', #999, .T. ) ;
#1594 = DIRECTION ( 'NONE',  ( 0.000000000000000000, 0.000000000000000000, 1.000000000000000000 ) ) ;
#1595 = EDGE_CURVE ( 'NONE', #1724, #624, #77, .T. ) ;
#1596 = CARTESIAN_POINT ( 'NONE',  ( -1.123834331036428713, -24.97629566163499248, 36.34191737395781985 ) ) ;
#1597 = ORIENTED_EDGE ( 'NONE', *, *, #325, .F. ) ;
#1598 = DIRECTION ( 'NONE',  ( -0.2636518651273747627, -0.9646179005258282979, 0.000000000000000000 ) ) ;
#1599 = ORIENTED_EDGE ( 'NONE', *, *, #1733, .F. ) ;
#1600 = CIRCLE ( 'NONE', #1265, 1.900000000000035882 ) ;
#1601 = CARTESIAN_POINT ( 'NONE',  ( -9.041793826475300833, -2.737990029111864843, -13.66043856465393525 ) ) ;
#1602 = CARTESIAN_POINT ( 'NONE',  ( 11.42391802075950658, -9.771274744249584643, -4.949747468305831788 ) ) ;
#1603 = CIRCLE ( 'NONE', #836, 4.950000000000001066 ) ;
#1604 = DIRECTION ( 'NONE',  ( 1.000000000000000000, 0.000000000000000000, 0.000000000000000000 ) ) ;
#1605 = EDGE_CURVE ( 'NONE', #1116, #671, #904, .T. ) ;
#1606 = VECTOR ( 'NONE', #277, 1000.000000000000000 ) ;
#1607 = EDGE_CURVE ( 'NONE', #722, #813, #1271, .T. ) ;
#1608 = VECTOR ( 'NONE', #1168, 1000.000000000000114 ) ;
#1609 = ORIENTED_EDGE ( 'NONE', *, *, #560, .T. ) ;
#1610 = DIRECTION ( 'NONE',  ( 0.1864300217049289499, 0.6820878587154987072, -0.7071067811865515695 ) ) ;
#1611 = ORIENTED_EDGE ( 'NONE', *, *, #1318, .T. ) ;
#1612 = CARTESIAN_POINT ( 'NONE',  ( -25.00000000000000000, 0.000000000000000000, 3.000000000000000000 ) ) ;
#1613 = ORIENTED_EDGE ( 'NONE', *, *, #653, .T. ) ;
#1614 = LINE ( 'NONE', #1352, #646 ) ;
#1615 = ORIENTED_EDGE ( 'NONE', *, *, #1505, .F. ) ;
#1616 = EDGE_CURVE ( 'NONE', #238, #460, #474, .T. ) ;
#1617 = CARTESIAN_POINT ( 'NONE',  ( 22.09512422489221706, 35.32443184945218206, 32.05000000000007532 ) ) ;
#1618 = ORIENTED_EDGE ( 'NONE', *, *, #1308, .T. ) ;
#1619 = DIRECTION ( 'NONE',  ( -1.603629298974857101E-17, -5.867167019097339634E-17, -1.000000000000000000 ) ) ;
#1620 = DIRECTION ( 'NONE',  ( -0.9646179005258281869, 0.2636518651273748182, 0.000000000000000000 ) ) ;
#1621 = ORIENTED_EDGE ( 'NONE', *, *, #1156, .F. ) ;
#1622 = CARTESIAN_POINT ( 'NONE',  ( -13.04558393461252663, -21.32719596990320099, 35.06876547568754887 ) ) ;
#1623 = VERTEX_POINT ( 'NONE', #1031 ) ;
#1624 = FACE_OUTER_BOUND ( 'NONE', #489, .T. ) ;
#1625 = EDGE_CURVE ( 'NONE', #173, #1573, #673, .T. ) ;
#1626 = ORIENTED_EDGE ( 'NONE', *, *, #594, .F. ) ;
#1627 = DIRECTION ( 'NONE',  ( -0.000000000000000000, -0.000000000000000000, -1.000000000000000000 ) ) ;
#1628 = LINE ( 'NONE', #1602, #415 ) ;
#1629 = ORIENTED_EDGE ( 'NONE', *, *, #1000, .T. ) ;
#1630 = CIRCLE ( 'NONE', #1738, 25.00000000000000000 ) ;
#1631 = CARTESIAN_POINT ( 'NONE',  ( -13.81674781844927047, -20.83512250593112114, 33.31798542482896153 ) ) ;
#1632 = AXIS2_PLACEMENT_3D ( 'NONE', #937, #259, #803 ) ;
#1633 = ORIENTED_EDGE ( 'NONE', *, *, #1273, .F. ) ;
#1634 = AXIS2_PLACEMENT_3D ( 'NONE', #161, #1194, #395 ) ;
#1635 = AXIS2_PLACEMENT_3D ( 'NONE', #790, #1032, #1178 ) ;
#1636 = ORIENTED_EDGE ( 'NONE', *, *, #570, .T. ) ;
#1637 = LINE ( 'NONE', #1485, #953 ) ;
#1638 = CARTESIAN_POINT ( 'NONE',  ( 0.3733299056547175199, 31.70893824597005661, 22.05000000000007887 ) ) ;
#1639 = VERTEX_POINT ( 'NONE', #789 ) ;
#1640 = ADVANCED_FACE ( 'NONE', ( #1448 ), #1177, .F. ) ;
#1641 = LINE ( 'NONE', #841, #493 ) ;
#1642 = EDGE_LOOP ( 'NONE', ( #1534, #898, #383, #750, #1675, #1099, #408, #1279 ) ) ;
#1643 = DIRECTION ( 'NONE',  ( -2.428612866367529316E-17, 3.122502256758252154E-17, -1.000000000000000000 ) ) ;
#1644 = ORIENTED_EDGE ( 'NONE', *, *, #932, .F. ) ;
#1645 = DIRECTION ( 'NONE',  ( 1.000000000000000000, 0.000000000000000000, 0.000000000000000000 ) ) ;
#1646 = DIRECTION ( 'NONE',  ( 0.9646179005254871264, -0.2636518651286223203, 0.000000000000000000 ) ) ;
#1647 = ADVANCED_FACE ( 'NONE', ( #1726 ), #1334, .F. ) ;
#1648 = DIRECTION ( 'NONE',  ( -0.000000000000000000, -0.000000000000000000, 1.000000000000000000 ) ) ;
#1649 = ORIENTED_EDGE ( 'NONE', *, *, #728, .T. ) ;
#1650 = CARTESIAN_POINT ( 'NONE',  ( 24.19802233108758571, 31.63962255249257893, 32.05000000000008242 ) ) ;
#1651 = ORIENTED_EDGE ( 'NONE', *, *, #550, .F. ) ;
#1652 = CARTESIAN_POINT ( 'NONE',  ( -13.96165325816433445, -20.73818310023299105, 3.000000000000000000 ) ) ;
#1653 = CARTESIAN_POINT ( 'NONE',  ( -1.472233150243462463, 24.95661294229094906, 15.05000000000005578 ) ) ;
#1654 = FACE_OUTER_BOUND ( 'NONE', #1268, .T. ) ;
#1655 = CARTESIAN_POINT ( 'NONE',  ( 21.29785181468646016, 21.02882564670845156, 22.05000000000007887 ) ) ;
#1656 = CIRCLE ( 'NONE', #1683, 25.00000000000000000 ) ;
#1657 = VECTOR ( 'NONE', #1470, 999.9999999999998863 ) ;
#1658 = VECTOR ( 'NONE', #409, 1000.000000000000114 ) ;
#1659 = ORIENTED_EDGE ( 'NONE', *, *, #475, .F. ) ;
#1660 = VECTOR ( 'NONE', #1158, 1000.000000000000000 ) ;
#1661 = PLANE ( 'NONE',  #1215 ) ;
#1662 = ORIENTED_EDGE ( 'NONE', *, *, #107, .T. ) ;
#1663 = CARTESIAN_POINT ( 'NONE',  ( -20.09999999999888942, 5.305023361788514358E-11, -76.01067811865470958 ) ) ;
#1664 = FACE_OUTER_BOUND ( 'NONE', #586, .T. ) ;
#1665 = DIRECTION ( 'NONE',  ( 0.000000000000000000, -0.000000000000000000, -1.000000000000000000 ) ) ;
#1666 = CARTESIAN_POINT ( 'NONE',  ( 1.472233150243453803, -24.95661294229094906, 3.000000000000000000 ) ) ;
#1667 = ORIENTED_EDGE ( 'NONE', *, *, #675, .T. ) ;
#1668 = ADVANCED_FACE ( 'NONE', ( #1059 ), #491, .T. ) ;
#1669 = CARTESIAN_POINT ( 'NONE',  ( 12.66452160498032598, 23.38850983959844143, 32.05000000000007532 ) ) ;
#1670 = ORIENTED_EDGE ( 'NONE', *, *, #1595, .T. ) ;
#1671 = DIRECTION ( 'NONE',  ( -0.2636518651273713210, -0.9646179005258292971, 6.082374187643686038E-17 ) ) ;
#1672 = CARTESIAN_POINT ( 'NONE',  ( -13.29913116624723735, -3.492221387936318866, 3.000000000000000000 ) ) ;
#1673 = DIRECTION ( 'NONE',  ( -0.000000000000000000, -0.000000000000000000, -1.000000000000000000 ) ) ;
#1674 = CARTESIAN_POINT ( 'NONE',  ( -11.67172118113323620, -12.36005358685332567, 37.00000000000000000 ) ) ;
#1675 = ORIENTED_EDGE ( 'NONE', *, *, #237, .T. ) ;
#1676 = EDGE_CURVE ( 'NONE', #624, #1724, #217, .T. ) ;
#1677 = PLANE ( 'NONE',  #1575 ) ;
#1678 = ORIENTED_EDGE ( 'NONE', *, *, #1466, .T. ) ;
#1679 = CYLINDRICAL_SURFACE ( 'NONE', #296, 3.000000000000002665 ) ;
#1680 = FACE_OUTER_BOUND ( 'NONE', #145, .T. ) ;
#1681 = CARTESIAN_POINT ( 'NONE',  ( 18.82674976572499403, 28.96099304683425402, 26.05000000000007887 ) ) ;
#1682 = LINE ( 'NONE', #746, #721 ) ;
#1683 = AXIS2_PLACEMENT_3D ( 'NONE', #1085, #260, #269 ) ;
#1684 = EDGE_LOOP ( 'NONE', ( #1034, #1224, #1426, #857 ) ) ;
#1685 = AXIS2_PLACEMENT_3D ( 'NONE', #1267, #1278, #452 ) ;
#1686 = DIRECTION ( 'NONE',  ( 0.2636518651273749292, 0.9646179005258282979, 0.000000000000000000 ) ) ;
#1687 = EDGE_LOOP ( 'NONE', ( #480, #69 ) ) ;
#1688 = AXIS2_PLACEMENT_3D ( 'NONE', #785, #942, #951 ) ;
#1689 = ADVANCED_FACE ( 'NONE', ( #918 ), #1462, .F. ) ;
#1690 = DIRECTION ( 'NONE',  ( 1.000000000000000000, 0.000000000000000000, -0.000000000000000000 ) ) ;
#1691 = CARTESIAN_POINT ( 'NONE',  ( -3.000000000000000444, 0.000000000000000000, 0.000000000000000000 ) ) ;
#1692 = EDGE_CURVE ( 'NONE', #340, #869, #1205, .T. ) ;
#1693 = CARTESIAN_POINT ( 'NONE',  ( -1.060924275352880697, -15.26022410326817358, 32.00000000000000000 ) ) ;
#1694 = CARTESIAN_POINT ( 'NONE',  ( 20.72674976572503525, 28.96099304683425402, 32.05000000000007532 ) ) ;
#1695 = ORIENTED_EDGE ( 'NONE', *, *, #967, .F. ) ;
#1696 = DIRECTION ( 'NONE',  ( -0.9646179005258282979, 0.2636518651273747627, -1.561070022964965502E-17 ) ) ;
#1697 = ORIENTED_EDGE ( 'NONE', *, *, #799, .F. ) ;
#1698 = CARTESIAN_POINT ( 'NONE',  ( -7.640685201088401435, 28.93838160052963460, 32.05000000000007532 ) ) ;
#1699 = DIRECTION ( 'NONE',  ( 1.000000000000000000, 0.000000000000000000, 0.000000000000000000 ) ) ;
#1700 = CARTESIAN_POINT ( 'NONE',  ( 3.000000000000000444, 3.673940397442060361E-16, 0.000000000000000000 ) ) ;
#1701 = ADVANCED_FACE ( 'NONE', ( #1052 ), #1565, .T. ) ;
#1702 = DIRECTION ( 'NONE',  ( 0.9646179005258281869, -0.2636518651273748182, 0.000000000000000000 ) ) ;
#1703 = ORIENTED_EDGE ( 'NONE', *, *, #996, .F. ) ;
#1704 = VERTEX_POINT ( 'NONE', #1740 ) ;
#1705 = LINE ( 'NONE', #343, #1187 ) ;
#1706 = DIRECTION ( 'NONE',  ( -0.000000000000000000, -0.000000000000000000, 1.000000000000000000 ) ) ;
#1707 = CARTESIAN_POINT ( 'NONE',  ( 0.7697861294667093235, -24.98887148932888635, 34.51993487438735286 ) ) ;
#1708 = CARTESIAN_POINT ( 'NONE',  ( 13.96165325816433089, 20.73818310023299105, 3.000000000000000000 ) ) ;
#1709 = PRODUCT_DEFINITION_SHAPE ( 'NONE', 'NONE',  #823 ) ;
#1710 = ORIENTED_EDGE ( 'NONE', *, *, #1676, .F. ) ;
#1711 = EDGE_CURVE ( 'NONE', #1623, #1166, #1628, .T. ) ;
#1712 = DIRECTION ( 'NONE',  ( -0.9646179005258281869, 0.2636518651273747071, 0.000000000000000000 ) ) ;
#1713 = EDGE_LOOP ( 'NONE', ( #232, #957 ) ) ;
#1714 = AXIS2_PLACEMENT_3D ( 'NONE', #4, #535, #1620 ) ;
#1715 = VECTOR ( 'NONE', #695, 1000.000000000000000 ) ;
#1716 = DIRECTION ( 'NONE',  ( 1.000000000000000000, 0.000000000000000000, 0.000000000000000000 ) ) ;
#1717 = DIRECTION ( 'NONE',  ( 1.000000000000000000, 0.000000000000000000, -0.000000000000000000 ) ) ;
#1718 = AXIS2_PLACEMENT_3D ( 'NONE', #59, #1015, #1558 ) ;
#1719 = AXIS2_PLACEMENT_3D ( 'NONE', #608, #37, #1260 ) ;
#1720 = CARTESIAN_POINT ( 'NONE',  ( 2.802766214405147949, 40.59746915199153960, 22.05000000000007887 ) ) ;
#1721 = VERTEX_POINT ( 'NONE', #12 ) ;
#1722 = LINE ( 'NONE', #507, #101 ) ;
#1723 = ADVANCED_FACE ( 'NONE', ( #1092 ), #964, .T. ) ;
#1724 = VERTEX_POINT ( 'NONE', #398 ) ;
#1725 = DIRECTION ( 'NONE',  ( -0.000000000000000000, -0.000000000000000000, -1.000000000000000000 ) ) ;
#1726 = FACE_OUTER_BOUND ( 'NONE', #686, .T. ) ;
#1727 = CARTESIAN_POINT ( 'NONE',  ( 0.9318549551758601446, -24.98298151299846381, 34.23303513781312546 ) ) ;
#1728 = ORIENTED_EDGE ( 'NONE', *, *, #430, .T. ) ;
#1729 = LINE ( 'NONE', #1412, #1356 ) ;
#1730 = ORIENTED_EDGE ( 'NONE', *, *, #53, .T. ) ;
#1731 = EDGE_CURVE ( 'NONE', #1435, #1639, #827, .T. ) ;
#1732 = CARTESIAN_POINT ( 'NONE',  ( -13.96165325816433445, -20.73818310023298750, 5.000000000000000000 ) ) ;
#1733 = EDGE_CURVE ( 'NONE', #666, #1721, #1656, .T. ) ;
#1734 = CARTESIAN_POINT ( 'NONE',  ( 1.472233150243455801, -24.95661294229094906, 32.33416944684235261 ) ) ;
#1735 = ORIENTED_EDGE ( 'NONE', *, *, #923, .F. ) ;
#1736 = DIRECTION ( 'NONE',  ( 0.2636518651286224868, 0.9646179005254871264, -0.000000000000000000 ) ) ;
#1737 = ORIENTED_EDGE ( 'NONE', *, *, #1101, .F. ) ;
#1738 = AXIS2_PLACEMENT_3D ( 'NONE', #757, #600, #328 ) ;
#1739 = DIRECTION ( 'NONE',  ( 0.000000000000000000, 0.000000000000000000, 1.000000000000000000 ) ) ;
#1740 = CARTESIAN_POINT ( 'NONE',  ( 13.96165325816432734, 20.73818310023299105, 15.05000000000005578 ) ) ;
#1741 = EDGE_LOOP ( 'NONE', ( #1346, #533, #939, #472, #1081, #1294, #1202, #212, #8, #1592 ) ) ;
#1742 = VECTOR ( 'NONE', #350, 1000.000000000000000 ) ;
#1743 = AXIS2_PLACEMENT_3D ( 'NONE', #1720, #221, #913 ) ;
#1744 = CARTESIAN_POINT ( 'NONE',  ( -13.73127549567885453, -20.89185604087238346, 33.63248881251076483 ) ) ;
#1745 = EDGE_CURVE ( 'NONE', #881, #1479, #183, .T. ) ;
#1746 = AXIS2_PLACEMENT_3D ( 'NONE', #372, #1186, #620 ) ;
#1747 = ORIENTED_EDGE ( 'NONE', *, *, #875, .F. ) ;
#1748 = FACE_OUTER_BOUND ( 'NONE', #645, .T. ) ;
#1749 = VERTEX_POINT ( 'NONE', #413 ) ;
#1750 = DIRECTION ( 'NONE',  ( 1.000000000000000000, 0.000000000000000000, 0.000000000000000000 ) ) ;
#1751 = ORIENTED_EDGE ( 'NONE', *, *, #404, .T. ) ;
#1752 = CARTESIAN_POINT ( 'NONE',  ( -12.45118848847582349, -21.68005026741275998, 35.77494768727209618 ) ) ;
#1753 = EDGE_CURVE ( 'NONE', #1467, #515, #281, .T. ) ;
#1754 = ORIENTED_EDGE ( 'NONE', *, *, #1239, .F. ) ;
ENDSEC;
END-ISO-10303-21;
