ISO-10303-21;
HEADER;
FILE_DESCRIPTION (( 'STEP AP214' ),
    '1' );
FILE_NAME ('010_007_Left_right_bearing_lock.STEP',
    '2024-07-21T08:34:26',
    ( '' ),
    ( '' ),
    'SwSTEP 2.0',
    'SolidWorks 2019',
    '' );
FILE_SCHEMA (( 'AUTOMOTIVE_DESIGN' ));
ENDSEC;

DATA;
#1 = FACE_OUTER_BOUND ( 'NONE', #1137, .T. ) ;
#2 = AXIS2_PLACEMENT_3D ( 'NONE', #2505, #1295, #1488 ) ;
#3 = EDGE_CURVE ( 'NONE', #1526, #1195, #3088, .T. ) ;
#4 = VERTEX_POINT ( 'NONE', #1227 ) ;
#5 = DIRECTION ( 'NONE',  ( -0.000000000000000000, -0.000000000000000000, 1.000000000000000000 ) ) ;
#6 = CARTESIAN_POINT ( 'NONE',  ( 64.81989995062578203, 11.64956202570934352, -13.80000000000004157 ) ) ;
#7 = ADVANCED_FACE ( 'NONE', ( #1527 ), #18, .F. ) ;
#8 = AXIS2_PLACEMENT_3D ( 'NONE', #2296, #2088, #130 ) ;
#9 = EDGE_LOOP ( 'NONE', ( #497, #28, #1610, #1499 ) ) ;
#10 = AXIS2_PLACEMENT_3D ( 'NONE', #1095, #2985, #2071 ) ;
#11 = DIRECTION ( 'NONE',  ( -0.2144931453881945282, 0.9767254939753946541, 0.000000000000000000 ) ) ;
#12 = EDGE_CURVE ( 'NONE', #1351, #2702, #1482, .T. ) ;
#13 = EDGE_LOOP ( 'NONE', ( #2233, #1209, #250, #383 ) ) ;
#14 = CARTESIAN_POINT ( 'NONE',  ( 44.91902577299860866, 8.328668777462278072, 8.219999999999995310 ) ) ;
#16 = EDGE_LOOP ( 'NONE', ( #935, #2215 ) ) ;
#15 = CARTESIAN_POINT ( 'NONE',  ( 64.74655330069909098, 12.68287962884262221, 25.99999999999999645 ) ) ;
#17 = DIRECTION ( 'NONE',  ( 0.9767254939753949872, 0.2144931453881930850, 0.000000000000000000 ) ) ;
#18 = CYLINDRICAL_SURFACE ( 'NONE', #338, 1.900000000000003908 ) ;
#19 = DIRECTION ( 'NONE',  ( -0.9767254939753946541, -0.2144931453881948336, 0.000000000000000000 ) ) ;
#20 = CARTESIAN_POINT ( 'NONE',  ( 40.71813999068842094, 4.846563287391038699, 43.00000000000000000 ) ) ;
#21 = ORIENTED_EDGE ( 'NONE', *, *, #1833, .T. ) ;
#22 = ADVANCED_FACE ( 'NONE', ( #264 ), #2224, .F. ) ;
#23 = PLANE ( 'NONE',  #1936 ) ;
#24 = ORIENTED_EDGE ( 'NONE', *, *, #2473, .T. ) ;
#25 = EDGE_CURVE ( 'NONE', #2692, #180, #1961, .T. ) ;
#26 = CARTESIAN_POINT ( 'NONE',  ( 44.81177920030451389, 8.817031524449969737, 25.99999999999999645 ) ) ;
#28 = ORIENTED_EDGE ( 'NONE', *, *, #2838, .F. ) ;
#27 = DIRECTION ( 'NONE',  ( 0.2144931453881945560, -0.9767254939753947651, -0.000000000000000000 ) ) ;
#29 = DIRECTION ( 'NONE',  ( 0.2144931453881945282, -0.9767254939753946541, -0.000000000000000000 ) ) ;
#30 = DIRECTION ( 'NONE',  ( -0.9767254939753946541, -0.2144931453881949446, 0.000000000000000000 ) ) ;
#31 = FACE_OUTER_BOUND ( 'NONE', #407, .T. ) ;
#32 = PLANE ( 'NONE',  #107 ) ;
#33 = EDGE_LOOP ( 'NONE', ( #577, #1303, #3109, #2223 ) ) ;
#34 = CYLINDRICAL_SURFACE ( 'NONE', #2, 6.000000000000000888 ) ;
#35 = DIRECTION ( 'NONE',  ( -0.2144931453881998018, 0.9767254939753936549, -0.000000000000000000 ) ) ;
#36 = ADVANCED_FACE ( 'NONE', ( #743 ), #67, .F. ) ;
#37 = VERTEX_POINT ( 'NONE', #1735 ) ;
#38 = AXIS2_PLACEMENT_3D ( 'NONE', #2957, #830, #1044 ) ;
#39 = CARTESIAN_POINT ( 'NONE',  ( 67.09069448624003940, 13.19766317777428988, 8.219999999999993534 ) ) ;
#40 = EDGE_CURVE ( 'NONE', #295, #50, #277, .T. ) ;
#42 = ORIENTED_EDGE ( 'NONE', *, *, #1553, .F. ) ;
#41 = CARTESIAN_POINT ( 'NONE',  ( 37.90478410475294879, 3.204909042712005718, -4.900000000000010125 ) ) ;
#43 = AXIS2_PLACEMENT_3D ( 'NONE', #997, #1976, #732 ) ;
#45 = CARTESIAN_POINT ( 'NONE',  ( 19.68217809346313629, 7.393778837454854092, -3.000000000000000000 ) ) ;
#44 = DIRECTION ( 'NONE',  ( 0.2144931453881945282, -0.9767254939753946541, -0.000000000000000000 ) ) ;
#46 = EDGE_LOOP ( 'NONE', ( #1741, #1549, #2914, #2180 ) ) ;
#47 = DIRECTION ( 'NONE',  ( -0.6906492201477819615, -0.1516695576220241648, -0.7071067811865475727 ) ) ;
#48 = DIRECTION ( 'NONE',  ( 0.9767254939753935439, 0.2144931453881997463, 0.000000000000000000 ) ) ;
#49 = LINE ( 'NONE', #1754, #1430 ) ;
#50 = VERTEX_POINT ( 'NONE', #2959 ) ;
#51 = VECTOR ( 'NONE', #2262, 1000.000000000000000 ) ;
#52 = DIRECTION ( 'NONE',  ( 0.2144931453881998018, -0.9767254939753935439, -0.000000000000000000 ) ) ;
#53 = AXIS2_PLACEMENT_3D ( 'NONE', #846, #1115, #890 ) ;
#54 = DIRECTION ( 'NONE',  ( -0.2144931453881945838, 0.9767254939753948761, 0.000000000000000000 ) ) ;
#55 = EDGE_LOOP ( 'NONE', ( #341, #2028, #1756, #1971 ) ) ;
#56 = AXIS2_PLACEMENT_3D ( 'NONE', #3011, #833, #621 ) ;
#57 = ADVANCED_FACE ( 'NONE', ( #1752 ), #2719, .F. ) ;
#58 = CARTESIAN_POINT ( 'NONE',  ( 149.3245245811554014, 35.29446854121292176, -65.60949160637926525 ) ) ;
#59 = CIRCLE ( 'NONE', #1789, 4.949999999999998401 ) ;
#61 = ORIENTED_EDGE ( 'NONE', *, *, #1392, .T. ) ;
#60 = DIRECTION ( 'NONE',  ( 0.9767254939753947651, 0.2144931453881943062, 1.156482317317871478E-16 ) ) ;
#62 = CIRCLE ( 'NONE', #1386, 1.500000000000007550 ) ;
#63 = ADVANCED_FACE ( 'NONE', ( #3009 ), #598, .T. ) ;
#65 = CARTESIAN_POINT ( 'NONE',  ( 37.90478410475294879, 3.204909042712005718, -4.900000000000010125 ) ) ;
#64 = DIRECTION ( 'NONE',  ( 0.2144931453881998018, -0.9767254939753936549, 0.000000000000000000 ) ) ;
#66 = ORIENTED_EDGE ( 'NONE', *, *, #1070, .T. ) ;
#67 = CYLINDRICAL_SURFACE ( 'NONE', #801, 1.899999999999999023 ) ;
#68 = LINE ( 'NONE', #1466, #196 ) ;
#69 = DIRECTION ( 'NONE',  ( -0.2144931453881945838, 0.9767254939753948761, 0.000000000000000000 ) ) ;
#70 = VERTEX_POINT ( 'NONE', #2550 ) ;
#71 = DIRECTION ( 'NONE',  ( 1.000000000000000000, 0.000000000000000000, 0.000000000000000000 ) ) ;
#72 = LINE ( 'NONE', #1502, #1846 ) ;
#73 = ORIENTED_EDGE ( 'NONE', *, *, #1561, .T. ) ;
#74 = FACE_BOUND ( 'NONE', #2020, .T. ) ;
#76 = ORIENTED_EDGE ( 'NONE', *, *, #726, .F. ) ;
#75 = DIRECTION ( 'NONE',  ( -1.000000000000000000, 0.000000000000000000, -0.000000000000000000 ) ) ;
#77 = DIRECTION ( 'NONE',  ( 0.9767254939753936549, 0.2144931453881997740, 0.000000000000000000 ) ) ;
#78 = ORIENTED_EDGE ( 'NONE', *, *, #1114, .F. ) ;
#79 = EDGE_CURVE ( 'NONE', #1165, #1914, #347, .T. ) ;
#80 = DIRECTION ( 'NONE',  ( 0.2144931453881945560, -0.9767254939753947651, 0.000000000000000000 ) ) ;
#81 = LINE ( 'NONE', #2910, #209 ) ;
#82 = EDGE_CURVE ( 'NONE', #2078, #1658, #1341, .T. ) ;
#83 = ORIENTED_EDGE ( 'NONE', *, *, #102, .F. ) ;
#84 = FACE_OUTER_BOUND ( 'NONE', #3087, .T. ) ;
#85 = LINE ( 'NONE', #2001, #2039 ) ;
#86 = LINE ( 'NONE', #523, #672 ) ;
#87 = ORIENTED_EDGE ( 'NONE', *, *, #503, .F. ) ;
#88 = DIRECTION ( 'NONE',  ( -0.000000000000000000, -0.000000000000000000, -1.000000000000000000 ) ) ;
#90 = EDGE_LOOP ( 'NONE', ( #2336, #2893 ) ) ;
#89 = DIRECTION ( 'NONE',  ( -0.9767254939753949872, -0.2144931453881931960, 0.000000000000000000 ) ) ;
#91 = AXIS2_PLACEMENT_3D ( 'NONE', #2609, #425, #184 ) ;
#93 = CARTESIAN_POINT ( 'NONE',  ( 78.14394214010722806, 6.922456702901848224, 34.00000000000000000 ) ) ;
#92 = LINE ( 'NONE', #1319, #1439 ) ;
#94 = VERTEX_POINT ( 'NONE', #1575 ) ;
#95 = CARTESIAN_POINT ( 'NONE',  ( 43.34669095934141581, 8.495291806367678333, 25.99999999999999645 ) ) ;
#96 = VECTOR ( 'NONE', #1798, 1000.000000000000227 ) ;
#97 = EDGE_CURVE ( 'NONE', #314, #1795, #3082, .T. ) ;
#98 = DIRECTION ( 'NONE',  ( -0.2144931453881945282, 0.9767254939753946541, 0.000000000000000000 ) ) ;
#99 = ORIENTED_EDGE ( 'NONE', *, *, #375, .T. ) ;
#100 = AXIS2_PLACEMENT_3D ( 'NONE', #3079, #3065, #1824 ) ;
#101 = DIRECTION ( 'NONE',  ( -0.2144931453881946670, 0.9767254939753948761, 0.000000000000000000 ) ) ;
#102 = EDGE_CURVE ( 'NONE', #815, #2078, #845, .T. ) ;
#103 = DIRECTION ( 'NONE',  ( 0.2144931453881945838, -0.9767254939753946541, 0.000000000000000000 ) ) ;
#104 = LINE ( 'NONE', #1515, #508 ) ;
#105 = VECTOR ( 'NONE', #2062, 1000.000000000000000 ) ;
#106 = EDGE_LOOP ( 'NONE', ( #1238, #1809 ) ) ;
#107 = AXIS2_PLACEMENT_3D ( 'NONE', #1769, #998, #1977 ) ;
#108 = CARTESIAN_POINT ( 'NONE',  ( 68.36989995062577918, 11.64956202570934352, -18.05000000000004334 ) ) ;
#110 = EDGE_LOOP ( 'NONE', ( #83, #1140, #1395, #3064, #1645, #2461 ) ) ;
#109 = PLANE ( 'NONE',  #2131 ) ;
#111 = CIRCLE ( 'NONE', #1896, 3.549999999999998934 ) ;
#112 = DIRECTION ( 'NONE',  ( -0.000000000000000000, -0.000000000000000000, -1.000000000000000000 ) ) ;
#113 = ORIENTED_EDGE ( 'NONE', *, *, #2838, .T. ) ;
#114 = CARTESIAN_POINT ( 'NONE',  ( 33.88106153286066302, 3.345111269673677779, 28.00000000000000355 ) ) ;
#115 = AXIS2_PLACEMENT_3D ( 'NONE', #1074, #556, #573 ) ;
#116 = DIRECTION ( 'NONE',  ( 0.9992288783510657746, 0.03926383411322624528, 1.205535136423387929E-16 ) ) ;
#117 = ORIENTED_EDGE ( 'NONE', *, *, #3063, .F. ) ;
#118 = EDGE_CURVE ( 'NONE', #690, #2111, #367, .T. ) ;
#119 = PLANE ( 'NONE',  #2279 ) ;
#120 = CARTESIAN_POINT ( 'NONE',  ( 45.91296699713516460, 2.403967869993447248, 30.99999999999999645 ) ) ;
#121 =( LENGTH_UNIT ( ) NAMED_UNIT ( * ) SI_UNIT ( .MILLI., .METRE. ) );
#122 = ORIENTED_EDGE ( 'NONE', *, *, #520, .F. ) ;
#123 = EDGE_CURVE ( 'NONE', #337, #1146, #1972, .T. ) ;
#124 = CARTESIAN_POINT ( 'NONE',  ( 46.57849295454078487, 6.133522159720204314, 43.00000000000000000 ) ) ;
#126 = VERTEX_POINT ( 'NONE', #1804 ) ;
#125 = DIRECTION ( 'NONE',  ( -0.9767254939753946541, -0.2144931453881947780, 0.000000000000000000 ) ) ;
#127 = EDGE_CURVE ( 'NONE', #1351, #1767, #2329, .T. ) ;
#128 = DIRECTION ( 'NONE',  ( 0.2144931453881998018, -0.9767254939753935439, -0.000000000000000000 ) ) ;
#129 = EDGE_LOOP ( 'NONE', ( #3077, #1340 ) ) ;
#130 = DIRECTION ( 'NONE',  ( 0.9767254939753936549, 0.2144931453881999683, 0.000000000000000000 ) ) ;
#131 = VERTEX_POINT ( 'NONE', #1897 ) ;
#132 = DIRECTION ( 'NONE',  ( 0.6906492201477811843, 0.1516695576220280783, 0.7071067811865476838 ) ) ;
#133 = DIRECTION ( 'NONE',  ( -1.000000000000000000, 0.000000000000000000, 0.000000000000000000 ) ) ;
#134 = EDGE_LOOP ( 'NONE', ( #706, #3050, #741, #1766 ) ) ;
#135 = FACE_OUTER_BOUND ( 'NONE', #33, .T. ) ;
#136 = EDGE_CURVE ( 'NONE', #1370, #827, #1816, .T. ) ;
#138 = EDGE_LOOP ( 'NONE', ( #841, #1608, #1294, #1384 ) ) ;
#137 = FACE_OUTER_BOUND ( 'NONE', #1751, .T. ) ;
#139 = DIRECTION ( 'NONE',  ( 1.129565762656107098E-16, 2.480575298273387549E-17, -1.000000000000000000 ) ) ;
#140 = EDGE_CURVE ( 'NONE', #714, #126, #2531, .T. ) ;
#141 = CARTESIAN_POINT ( 'NONE',  ( 0.000000000000000000, 0.000000000000000000, -13.80000000000004867 ) ) ;
#142 = ORIENTED_EDGE ( 'NONE', *, *, #535, .T. ) ;
#143 = VECTOR ( 'NONE', #496, 1000.000000000000000 ) ;
#144 = DIRECTION ( 'NONE',  ( -1.196143749842582917E-16, -2.626783439387069121E-17, 1.000000000000000000 ) ) ;
#145 = VECTOR ( 'NONE', #2562, 1000.000000000000114 ) ;
#146 = VERTEX_POINT ( 'NONE', #813 ) ;
#147 = CARTESIAN_POINT ( 'NONE',  ( 42.46763801476355837, 8.302247975518307399, 8.219999999999995310 ) ) ;
#148 = PLANE ( 'NONE',  #1474 ) ;
#149 = ORIENTED_EDGE ( 'NONE', *, *, #2400, .T. ) ;
#150 = VECTOR ( 'NONE', #542, 1000.000000000000000 ) ;
#151 = DIRECTION ( 'NONE',  ( -0.000000000000000000, -0.000000000000000000, 1.000000000000000000 ) ) ;
#153 = VERTEX_POINT ( 'NONE', #2858 ) ;
#152 = CARTESIAN_POINT ( 'NONE',  ( 68.05784595691889649, 13.92196838468899855, 25.99999999999999645 ) ) ;
#154 = VECTOR ( 'NONE', #3062, 1000.000000000000227 ) ;
#155 = DIRECTION ( 'NONE',  ( 0.2144931453881998018, -0.9767254939753935439, -0.000000000000000000 ) ) ;
#156 = DIRECTION ( 'NONE',  ( -0.9767254939753946541, -0.2144931453881947780, 0.000000000000000000 ) ) ;
#157 = VECTOR ( 'NONE', #3105, 1000.000000000000114 ) ;
#158 = VERTEX_POINT ( 'NONE', #2623 ) ;
#159 = EDGE_CURVE ( 'NONE', #2303, #2111, #2784, .T. ) ;
#160 = AXIS2_PLACEMENT_3D ( 'NONE', #1301, #1879, #156 ) ;
#161 = DIRECTION ( 'NONE',  ( -0.9767254939753935439, -0.2144931453881998018, 0.000000000000000000 ) ) ;
#162 = ORIENTED_EDGE ( 'NONE', *, *, #3078, .T. ) ;
#163 = ADVANCED_FACE ( 'NONE', ( #568 ), #2530, .F. ) ;
#164 = DIRECTION ( 'NONE',  ( 0.2144931453881998018, -0.9767254939753935439, -0.000000000000000000 ) ) ;
#165 = CYLINDRICAL_SURFACE ( 'NONE', #2441, 3.500000000000004885 ) ;
#166 = DIRECTION ( 'NONE',  ( 0.000000000000000000, 0.000000000000000000, 1.000000000000000000 ) ) ;
#167 = ORIENTED_EDGE ( 'NONE', *, *, #2454, .F. ) ;
#168 = CARTESIAN_POINT ( 'NONE',  ( 36.96060153409954552, -1.353711282920999626, 25.09999999999999076 ) ) ;
#170 = ORIENTED_EDGE ( 'NONE', *, *, #2051, .F. ) ;
#169 = DIRECTION ( 'NONE',  ( 1.129565762656107098E-16, 2.480575298273387549E-17, -1.000000000000000000 ) ) ;
#171 = DIRECTION ( 'NONE',  ( 0.9767254939753947651, 0.2144931453881944727, 1.156482317317870739E-15 ) ) ;
#172 = DIRECTION ( 'NONE',  ( 0.2144931453881997740, -0.9767254939753935439, -0.000000000000000000 ) ) ;
#173 = CARTESIAN_POINT ( 'NONE',  ( 62.29516554246404070, 12.65645882689864976, 25.99999999999999645 ) ) ;
#174 = VERTEX_POINT ( 'NONE', #663 ) ;
#175 = EDGE_CURVE ( 'NONE', #3138, #374, #906, .T. ) ;
#176 = EDGE_LOOP ( 'NONE', ( #1902, #2440, #780, #2278 ) ) ;
#177 = DIRECTION ( 'NONE',  ( -0.000000000000000000, -0.000000000000000000, 1.000000000000000000 ) ) ;
#178 = CARTESIAN_POINT ( 'NONE',  ( 64.81989995062578203, 11.64956202570934352, -18.05000000000004334 ) ) ;
#179 = EDGE_CURVE ( 'NONE', #310, #2677, #2988, .T. ) ;
#180 = VERTEX_POINT ( 'NONE', #1413 ) ;
#181 = CARTESIAN_POINT ( 'NONE',  ( 61.22076749909112436, 12.42051636697163275, 8.219999999999993534 ) ) ;
#183 = ORIENTED_EDGE ( 'NONE', *, *, #2304, .T. ) ;
#182 = PLANE ( 'NONE',  #194 ) ;
#184 = DIRECTION ( 'NONE',  ( 0.9767254939753935439, 0.2144931453881997463, 0.000000000000000000 ) ) ;
#185 = LINE ( 'NONE', #2098, #1470 ) ;
#186 = CARTESIAN_POINT ( 'NONE',  ( 64.63930672800501043, 13.17124237583031565, 25.99999999999999645 ) ) ;
#187 = ORIENTED_EDGE ( 'NONE', *, *, #2779, .F. ) ;
#188 = DIRECTION ( 'NONE',  ( 0.9767254939753936549, 0.2144931453881998018, 0.000000000000000000 ) ) ;
#189 = ORIENTED_EDGE ( 'NONE', *, *, #2316, .T. ) ;
#190 = VECTOR ( 'NONE', #1067, 1000.000000000000114 ) ;
#191 = EDGE_CURVE ( 'NONE', #1321, #2352, #1770, .T. ) ;
#192 = CARTESIAN_POINT ( 'NONE',  ( 76.80943394647908917, 21.93563822672859587, -57.71677635269389839 ) ) ;
#193 = DIRECTION ( 'NONE',  ( -0.2144931453881946393, 0.9767254939753947651, -0.000000000000000000 ) ) ;
#194 = AXIS2_PLACEMENT_3D ( 'NONE', #1139, #1174, #2125 ) ;
#195 = ORIENTED_EDGE ( 'NONE', *, *, #3132, .F. ) ;
#196 = VECTOR ( 'NONE', #5, 1000.000000000000000 ) ;
#197 = EDGE_CURVE ( 'NONE', #2919, #633, #2027, .T. ) ;
#198 = CARTESIAN_POINT ( 'NONE',  ( 113.9720996375330344, 23.94172488823012657, -13.80000000000003446 ) ) ;
#199 = AXIS2_PLACEMENT_3D ( 'NONE', #3107, #2377, #433 ) ;
#201 = ORIENTED_EDGE ( 'NONE', *, *, #229, .F. ) ;
#200 = CARTESIAN_POINT ( 'NONE',  ( 72.56224578950268267, 6.464563866478890475, -4.900000000000003908 ) ) ;
#202 = AXIS2_PLACEMENT_3D ( 'NONE', #2286, #1796, #3003 ) ;
#203 = CARTESIAN_POINT ( 'NONE',  ( 79.49699679672795583, 7.987465198735105965, 25.09999999999999787 ) ) ;
#204 = CYLINDRICAL_SURFACE ( 'NONE', #1076, 2.400000000000004352 ) ;
#205 = ORIENTED_EDGE ( 'NONE', *, *, #25, .F. ) ;
#206 = VECTOR ( 'NONE', #2456, 1000.000000000000114 ) ;
#207 = CIRCLE ( 'NONE', #967, 3.549999999999998934 ) ;
#208 = ORIENTED_EDGE ( 'NONE', *, *, #481, .F. ) ;
#209 = VECTOR ( 'NONE', #2200, 1000.000000000000227 ) ;
#210 = LINE ( 'NONE', #1646, #2434 ) ;
#211 = DIRECTION ( 'NONE',  ( 0.9767254939753949872, 0.2144931453881930850, 0.000000000000000000 ) ) ;
#212 = CIRCLE ( 'NONE', #823, 3.499999999999997335 ) ;
#213 = ORIENTED_EDGE ( 'NONE', *, *, #779, .T. ) ;
#214 = AXIS2_PLACEMENT_3D ( 'NONE', #1775, #2016, #1038 ) ;
#215 = CARTESIAN_POINT ( 'NONE',  ( 36.96060153409954552, -1.353711282920998293, 25.09999999999999076 ) ) ;
#216 = ADVANCED_FACE ( 'NONE', ( #2515 ), #1176, .F. ) ;
#217 = VERTEX_POINT ( 'NONE', #1955 ) ;
#218 = CARTESIAN_POINT ( 'NONE',  ( 66.74787440513269132, 10.56280561198642687, 25.99999999999999645 ) ) ;
#219 = DIRECTION ( 'NONE',  ( 0.2144931453881998018, -0.9767254939753936549, 0.000000000000000000 ) ) ;
#220 = EDGE_CURVE ( 'NONE', #1806, #1914, #3091, .T. ) ;
#221 = VERTEX_POINT ( 'NONE', #1684 ) ;
#222 = CARTESIAN_POINT ( 'NONE',  ( 65.28278616416959323, 10.24106589390413014, 25.99999999999999645 ) ) ;
#223 = ORIENTED_EDGE ( 'NONE', *, *, #1558, .F. ) ;
#224 = PLANE ( 'NONE',  #1568 ) ;
#225 = CARTESIAN_POINT ( 'NONE',  ( 76.02962129311531214, 7.226014532606995999, 25.09999999999999787 ) ) ;
#226 = VERTEX_POINT ( 'NONE', #2668 ) ;
#227 = LINE ( 'NONE', #491, #712 ) ;
#228 = EDGE_LOOP ( 'NONE', ( #237, #1930, #2712, #2163, #2812, #3106 ) ) ;
#229 = EDGE_CURVE ( 'NONE', #837, #2263, #2915, .T. ) ;
#230 = DIRECTION ( 'NONE',  ( 0.2144931453881997740, -0.9767254939753935439, -0.000000000000000000 ) ) ;
#231 = VERTEX_POINT ( 'NONE', #1941 ) ;
#232 = ADVANCED_FACE ( 'NONE', ( #313 ), #1272, .F. ) ;
#233 = PLANE ( 'NONE',  #2090 ) ;
#234 = EDGE_LOOP ( 'NONE', ( #737, #1822 ) ) ;
#235 = DIRECTION ( 'NONE',  ( 0.9767254939753935439, 0.2144931453881997463, 0.000000000000000000 ) ) ;
#236 = FACE_OUTER_BOUND ( 'NONE', #2238, .T. ) ;
#237 = ORIENTED_EDGE ( 'NONE', *, *, #415, .F. ) ;
#238 = AXIS2_PLACEMENT_3D ( 'NONE', #2218, #2933, #1476 ) ;
#239 = CARTESIAN_POINT ( 'NONE',  ( 45.28539007111789516, 7.359699117945410762, -18.05000000000004334 ) ) ;
#240 = EDGE_LOOP ( 'NONE', ( #2211, #2615 ) ) ;
#241 = AXIS2_PLACEMENT_3D ( 'NONE', #2075, #1791, #2788 ) ;
#242 = DIRECTION ( 'NONE',  ( 0.2144931453881945560, -0.9767254939753947651, -0.000000000000000000 ) ) ;
#243 = CARTESIAN_POINT ( 'NONE',  ( 82.71733623163042637, 14.06976853908340885, 4.000000000000000000 ) ) ;
#244 = VECTOR ( 'NONE', #1949, 1000.000000000000227 ) ;
#246 = ORIENTED_EDGE ( 'NONE', *, *, #2666, .F. ) ;
#245 = DIRECTION ( 'NONE',  ( 0.6877504021002711632, -0.4400750516418560077, 0.5773502691896256200 ) ) ;
#247 = AXIS2_PLACEMENT_3D ( 'NONE', #1686, #1460, #1179 ) ;
#248 = FACE_OUTER_BOUND ( 'NONE', #2409, .T. ) ;
#249 = EDGE_CURVE ( 'NONE', #2042, #2309, #1416, .T. ) ;
#250 = ORIENTED_EDGE ( 'NONE', *, *, #2863, .T. ) ;
#251 = VECTOR ( 'NONE', #420, 1000.000000000000000 ) ;
#252 = DIRECTION ( 'NONE',  ( 1.129565762656107098E-16, 2.480575298273387549E-17, -1.000000000000000000 ) ) ;
#253 = CARTESIAN_POINT ( 'NONE',  ( 38.79842633946419994, 13.58825645847038643, -18.80000000000004334 ) ) ;
#254 = CIRCLE ( 'NONE', #2698, 3.499999999999997335 ) ;
#255 = EDGE_CURVE ( 'NONE', #374, #1869, #1765, .T. ) ;
#256 = ORIENTED_EDGE ( 'NONE', *, *, #779, .F. ) ;
#257 = AXIS2_PLACEMENT_3D ( 'NONE', #1354, #2798, #1554 ) ;
#258 = CARTESIAN_POINT ( 'NONE',  ( 79.65786665576912640, 7.254921078253563138, -4.900000000000004796 ) ) ;
#259 = ORIENTED_EDGE ( 'NONE', *, *, #937, .F. ) ;
#260 = CARTESIAN_POINT ( 'NONE',  ( 0.1943559788604698746, -4.946182947837773902, -3.000000000000000000 ) ) ;
#262 = ORIENTED_EDGE ( 'NONE', *, *, #3033, .T. ) ;
#261 = CARTESIAN_POINT ( 'NONE',  ( 63.28146505973601421, 12.36113991076033614, 8.219999999999993534 ) ) ;
#263 = DIRECTION ( 'NONE',  ( 0.2144931453881945560, -0.9767254939753947651, -0.000000000000000000 ) ) ;
#264 = FACE_OUTER_BOUND ( 'NONE', #2953, .T. ) ;
#265 = CYLINDRICAL_SURFACE ( 'NONE', #399, 3.549999999999997602 ) ;
#266 = EDGE_CURVE ( 'NONE', #974, #2355, #1313, .T. ) ;
#267 = CARTESIAN_POINT ( 'NONE',  ( 75.11802542521544979, 11.37709788200241690, 25.09999999999999787 ) ) ;
#268 = VERTEX_POINT ( 'NONE', #45 ) ;
#269 = ADVANCED_FACE ( 'NONE', ( #580 ), #1993, .T. ) ;
#270 = FACE_OUTER_BOUND ( 'NONE', #1082, .T. ) ;
#271 = DIRECTION ( 'NONE',  ( -0.2144931453881946393, 0.9767254939753947651, -0.000000000000000000 ) ) ;
#272 = ORIENTED_EDGE ( 'NONE', *, *, #3059, .T. ) ;
#273 = CARTESIAN_POINT ( 'NONE',  ( 33.65409588952805109, -2.847706069530653306, -4.900000000000009237 ) ) ;
#275 = ORIENTED_EDGE ( 'NONE', *, *, #136, .T. ) ;
#274 = LINE ( 'NONE', #991, #343 ) ;
#276 = DIRECTION ( 'NONE',  ( 1.129565762656107098E-16, 2.480575298273387549E-17, -1.000000000000000000 ) ) ;
#277 = LINE ( 'NONE', #2972, #537 ) ;
#278 = DIRECTION ( 'NONE',  ( 0.2144931453881998018, -0.9767254939753936549, 0.000000000000000000 ) ) ;
#279 = CARTESIAN_POINT ( 'NONE',  ( 45.45525863646909670, 5.886855042523785997, 8.219999999999995310 ) ) ;
#280 = ORIENTED_EDGE ( 'NONE', *, *, #2900, .F. ) ;
#281 = EDGE_CURVE ( 'NONE', #1940, #2115, #1749, .T. ) ;
#282 = CARTESIAN_POINT ( 'NONE',  ( 72.72311564854383903, 5.732019745997344984, -4.900000000000003908 ) ) ;
#283 = FACE_OUTER_BOUND ( 'NONE', #1051, .T. ) ;
#284 = VERTEX_POINT ( 'NONE', #2717 ) ;
#285 = EDGE_CURVE ( 'NONE', #1911, #1884, #804, .T. ) ;
#286 = AXIS2_PLACEMENT_3D ( 'NONE', #1320, #1302, #2272 ) ;
#287 = CARTESIAN_POINT ( 'NONE',  ( 42.00509886301766471, -1.013789676461540834, -18.80000000000004334 ) ) ;
#288 = AXIS2_PLACEMENT_3D ( 'NONE', #1337, #2306, #125 ) ;
#290 = ORIENTED_EDGE ( 'NONE', *, *, #1553, .T. ) ;
#289 = PLANE ( 'NONE',  #1465 ) ;
#291 = VECTOR ( 'NONE', #2138, 1000.000000000000000 ) ;
#292 = CARTESIAN_POINT ( 'NONE',  ( 45.45525863646909670, 5.886855042523785997, 8.219999999999995310 ) ) ;
#293 = VERTEX_POINT ( 'NONE', #1555 ) ;
#294 = AXIS2_PLACEMENT_3D ( 'NONE', #3140, #1192, #1475 ) ;
#295 = VERTEX_POINT ( 'NONE', #529 ) ;
#296 = VECTOR ( 'NONE', #3030, 1000.000000000000114 ) ;
#297 = CARTESIAN_POINT ( 'NONE',  ( 76.02962129311532635, 7.226014532606999552, -4.900000000000004796 ) ) ;
#298 = DIRECTION ( 'NONE',  ( 0.2144931453881945560, -0.9767254939753947651, -0.000000000000000000 ) ) ;
#299 = VERTEX_POINT ( 'NONE', #345 ) ;
#300 = VECTOR ( 'NONE', #1692, 1000.000000000000114 ) ;
#301 = CARTESIAN_POINT ( 'NONE',  ( 90.57296262025082001, 10.93311555330268092, -3.000000000000000000 ) ) ;
#302 = CIRCLE ( 'NONE', #506, 2.399999999999997691 ) ;
#303 = LINE ( 'NONE', #2049, #2195 ) ;
#304 = ORIENTED_EDGE ( 'NONE', *, *, #2260, .F. ) ;
#305 = AXIS2_PLACEMENT_3D ( 'NONE', #695, #2861, #1622 ) ;
#306 = CARTESIAN_POINT ( 'NONE',  ( 4.950000000000000178, 6.062001655779398511E-16, 4.500000000000000000 ) ) ;
#307 = EDGE_CURVE ( 'NONE', #284, #2750, #1669, .T. ) ;
#308 = AXIS2_PLACEMENT_3D ( 'NONE', #1262, #802, #2744 ) ;
#310 = VERTEX_POINT ( 'NONE', #93 ) ;
#309 = CARTESIAN_POINT ( 'NONE',  ( -1.061741069671575888, 4.834791195178199885, -13.80000000000004867 ) ) ;
#311 = ADVANCED_FACE ( 'NONE', ( #1064, #2041 ), #3007, .T. ) ;
#313 = FACE_OUTER_BOUND ( 'NONE', #138, .T. ) ;
#312 = DIRECTION ( 'NONE',  ( -0.000000000000000000, -0.000000000000000000, -1.000000000000000000 ) ) ;
#314 = VERTEX_POINT ( 'NONE', #1009 ) ;
#315 = CARTESIAN_POINT ( 'NONE',  ( 41.39323997139063493, 8.066305515591288611, 8.219999999999995310 ) ) ;
#316 = FACE_OUTER_BOUND ( 'NONE', #134, .T. ) ;
#317 = CARTESIAN_POINT ( 'NONE',  ( 42.46763801476355837, 8.302247975518307399, 25.99999999999999645 ) ) ;
#318 = ORIENTED_EDGE ( 'NONE', *, *, #2500, .T. ) ;
#319 = CARTESIAN_POINT ( 'NONE',  ( 45.28539007111789516, 7.359699117945410762, -18.05000000000004334 ) ) ;
#320 = FACE_OUTER_BOUND ( 'NONE', #2827, .T. ) ;
#321 = ORIENTED_EDGE ( 'NONE', *, *, #709, .T. ) ;
#322 = CARTESIAN_POINT ( 'NONE',  ( 33.91479886958721579, 12.51579073152941568, -13.80000000000004334 ) ) ;
#324 = ORIENTED_EDGE ( 'NONE', *, *, #375, .F. ) ;
#323 = DIRECTION ( 'NONE',  ( 0.2144931453881997740, -0.9767254939753936549, -0.000000000000000000 ) ) ;
#325 = EDGE_CURVE ( 'NONE', #633, #2919, #2220, .T. ) ;
#327 = DIRECTION ( 'NONE',  ( 0.9767254939753936549, 0.2144931453881997185, 0.000000000000000000 ) ) ;
#326 = DIRECTION ( 'NONE',  ( -0.9767254939753947651, -0.2144931453881948336, 0.000000000000000000 ) ) ;
#328 = ORIENTED_EDGE ( 'NONE', *, *, #12, .T. ) ;
#329 = CARTESIAN_POINT ( 'NONE',  ( 64.74655330069909098, 12.68287962884262221, 25.99999999999999645 ) ) ;
#330 = EDGE_CURVE ( 'NONE', #992, #4, #1252, .T. ) ;
#331 = CARTESIAN_POINT ( 'NONE',  ( 72.72311564854382482, 5.732019745997341431, 25.09999999999999787 ) ) ;
#332 = EDGE_LOOP ( 'NONE', ( #2898, #2175, #2501, #3118 ) ) ;
#333 = EDGE_CURVE ( 'NONE', #2595, #1374, #1492, .T. ) ;
#334 = DIRECTION ( 'NONE',  ( 1.129565762656107098E-16, 2.480575298273387549E-17, -1.000000000000000000 ) ) ;
#335 = LINE ( 'NONE', #2048, #1631 ) ;
#336 = DIRECTION ( 'NONE',  ( -0.2144931453881945838, 0.9767254939753948761, 0.000000000000000000 ) ) ;
#337 = VERTEX_POINT ( 'NONE', #2448 ) ;
#338 = AXIS2_PLACEMENT_3D ( 'NONE', #2197, #1275, #982 ) ;
#339 = DIRECTION ( 'NONE',  ( 0.2144931453881998018, -0.9767254939753936549, 0.000000000000000000 ) ) ;
#341 = ORIENTED_EDGE ( 'NONE', *, *, #1677, .T. ) ;
#340 = LINE ( 'NONE', #1041, #96 ) ;
#342 = AXIS2_PLACEMENT_3D ( 'NONE', #502, #2736, #731 ) ;
#343 = VECTOR ( 'NONE', #757, 1000.000000000000000 ) ;
#345 = CARTESIAN_POINT ( 'NONE',  ( 43.38539007111789658, 7.359699117945409874, -18.05000000000004334 ) ) ;
#344 = DIRECTION ( 'NONE',  ( 1.000000000000000000, 0.000000000000000000, 0.000000000000000000 ) ) ;
#346 = VERTEX_POINT ( 'NONE', #261 ) ;
#347 = LINE ( 'NONE', #95, #2380 ) ;
#348 = AXIS2_PLACEMENT_3D ( 'NONE', #1299, #2269, #75 ) ;
#349 = DIRECTION ( 'NONE',  ( -0.2144931453881997740, 0.9767254939753936549, 0.000000000000000000 ) ) ;
#350 = CIRCLE ( 'NONE', #1113, 1.900000000000003908 ) ;
#351 = EDGE_CURVE ( 'NONE', #94, #2057, #2701, .T. ) ;
#352 = EDGE_LOOP ( 'NONE', ( #378, #3022, #483, #1297 ) ) ;
#353 = AXIS2_PLACEMENT_3D ( 'NONE', #26, #2681, #738 ) ;
#354 = DIRECTION ( 'NONE',  ( 0.6906492201477820725, 0.1516695576220247199, -0.7071067811865475727 ) ) ;
#355 = DIRECTION ( 'NONE',  ( 0.9767254939753935439, 0.2144931453881997463, 0.000000000000000000 ) ) ;
#356 = EDGE_CURVE ( 'NONE', #1188, #2778, #1268, .T. ) ;
#357 = DIRECTION ( 'NONE',  ( -0.2144931453881946670, 0.9767254939753948761, 0.000000000000000000 ) ) ;
#358 = CIRCLE ( 'NONE', #963, 3.549999999999998934 ) ;
#359 = ORIENTED_EDGE ( 'NONE', *, *, #1584, .F. ) ;
#360 = AXIS2_PLACEMENT_3D ( 'NONE', #267, #2453, #2483 ) ;
#361 = CARTESIAN_POINT ( 'NONE',  ( 65.57580381236223843, 10.30541383752059303, 30.99999999999999645 ) ) ;
#363 = ORIENTED_EDGE ( 'NONE', *, *, #2724, .F. ) ;
#362 = DIRECTION ( 'NONE',  ( -0.9767254939753948761, -0.2144931453881941952, 0.000000000000000000 ) ) ;
#364 = AXIS2_PLACEMENT_3D ( 'NONE', #2970, #64, #500 ) ;
#365 = CARTESIAN_POINT ( 'NONE',  ( 110.9180870395787224, 19.36922756496311493, -3.000000000000000000 ) ) ;
#366 = EDGE_LOOP ( 'NONE', ( #1545, #618 ) ) ;
#367 = LINE ( 'NONE', #1323, #1107 ) ;
#368 = AXIS2_PLACEMENT_3D ( 'NONE', #2696, #271, #2032 ) ;
#369 = DIRECTION ( 'NONE',  ( -0.2144931453881946670, 0.9767254939753946541, 0.000000000000000000 ) ) ;
#370 = ORIENTED_EDGE ( 'NONE', *, *, #118, .T. ) ;
#371 = ADVANCED_FACE ( 'NONE', ( #2918 ), #1762, .T. ) ;
#372 = DIRECTION ( 'NONE',  ( 0.9767254939753935439, 0.2144931453881997463, 0.000000000000000000 ) ) ;
#373 = CARTESIAN_POINT ( 'NONE',  ( 72.64082952536330140, -28.62632318543546006, 43.00000000000000000 ) ) ;
#374 = VERTEX_POINT ( 'NONE', #41 ) ;
#375 = EDGE_CURVE ( 'NONE', #2267, #50, #2494, .T. ) ;
#376 = DIRECTION ( 'NONE',  ( 1.129565762656107098E-16, 2.480575298273387549E-17, -1.000000000000000000 ) ) ;
#378 = ORIENTED_EDGE ( 'NONE', *, *, #1486, .F. ) ;
#377 = CARTESIAN_POINT ( 'NONE',  ( 35.16802040518989259, -2.515241694178946830, 34.00000000000000000 ) ) ;
#379 = DIRECTION ( 'NONE',  ( 0.9767254939753935439, 0.2144931453881997463, 1.224646799147352714E-16 ) ) ;
#380 = DIRECTION ( 'NONE',  ( -0.2144931453881945838, 0.9767254939753946541, -0.000000000000000000 ) ) ;
#381 = ORIENTED_EDGE ( 'NONE', *, *, #2728, .F. ) ;
#382 = DIRECTION ( 'NONE',  ( -1.000000000000000000, 0.000000000000000000, -0.000000000000000000 ) ) ;
#383 = ORIENTED_EDGE ( 'NONE', *, *, #1518, .F. ) ;
#384 = CARTESIAN_POINT ( 'NONE',  ( 43.38539007111789658, 7.359699117945409874, -13.80000000000004157 ) ) ;
#385 = FACE_OUTER_BOUND ( 'NONE', #2228, .T. ) ;
#386 = ORIENTED_EDGE ( 'NONE', *, *, #1601, .T. ) ;
#387 = CYLINDRICAL_SURFACE ( 'NONE', #1427, 2.399999999999997691 ) ;
#388 = EDGE_CURVE ( 'NONE', #1289, #1020, #490, .T. ) ;
#390 = ORIENTED_EDGE ( 'NONE', *, *, #431, .F. ) ;
#389 = CARTESIAN_POINT ( 'NONE',  ( 47.26316695853954997, 8.843452326393942187, 25.99999999999999645 ) ) ;
#391 = DIRECTION ( 'NONE',  ( -0.2144931453881945282, 0.9767254939753946541, 0.000000000000000000 ) ) ;
#392 = DIRECTION ( 'NONE',  ( -0.2144931453881945838, 0.9767254939753948761, 0.000000000000000000 ) ) ;
#393 = ADVANCED_FACE ( 'NONE', ( #774 ), #2682, .F. ) ;
#394 = ORIENTED_EDGE ( 'NONE', *, *, #307, .F. ) ;
#395 = AXIS2_PLACEMENT_3D ( 'NONE', #2258, #1255, #2479 ) ;
#396 = DIRECTION ( 'NONE',  ( -0.9767254939753946541, -0.2144931453881947780, 0.000000000000000000 ) ) ;
#397 = AXIS2_PLACEMENT_3D ( 'NONE', #629, #1316, #2081 ) ;
#398 = ORIENTED_EDGE ( 'NONE', *, *, #1518, .T. ) ;
#399 = AXIS2_PLACEMENT_3D ( 'NONE', #1033, #252, #2690 ) ;
#400 = CARTESIAN_POINT ( 'NONE',  ( 43.99017039550600572, 5.565115324441493705, 8.219999999999995310 ) ) ;
#401 = CARTESIAN_POINT ( 'NONE',  ( 49.19941766995384569, -33.77415867475212963, 34.00000000000000000 ) ) ;
#402 = ORIENTED_EDGE ( 'NONE', *, *, #97, .T. ) ;
#403 = VECTOR ( 'NONE', #1006, 1000.000000000000114 ) ;
#404 = CARTESIAN_POINT ( 'NONE',  ( 48.87379786538297566, 6.637581051382464459, 25.99999999999999645 ) ) ;
#405 = AXIS2_PLACEMENT_3D ( 'NONE', #1261, #52, #1022 ) ;
#407 = EDGE_LOOP ( 'NONE', ( #863, #1600 ) ) ;
#406 = DIRECTION ( 'NONE',  ( -1.000000000000000000, 0.000000000000000000, 0.000000000000000000 ) ) ;
#408 = AXIS2_PLACEMENT_3D ( 'NONE', #225, #912, #464 ) ;
#409 = EDGE_CURVE ( 'NONE', #2057, #1658, #1958, .T. ) ;
#410 = DIRECTION ( 'NONE',  ( 1.000000000000000000, 0.000000000000000000, 0.000000000000000000 ) ) ;
#411 = DIRECTION ( 'NONE',  ( 0.9767254939753935439, 0.2144931453881997740, 0.000000000000000000 ) ) ;
#412 = MECHANICAL_DESIGN_GEOMETRIC_PRESENTATION_REPRESENTATION (  '', ( #1838 ), #1479 ) ;
#413 = VERTEX_POINT ( 'NONE', #2206 ) ;
#414 = AXIS2_PLACEMENT_3D ( 'NONE', #810, #2085, #2780 ) ;
#415 = EDGE_CURVE ( 'NONE', #1206, #146, #274, .T. ) ;
#416 =( NAMED_UNIT ( * ) SI_UNIT ( $, .STERADIAN. ) SOLID_ANGLE_UNIT ( ) );
#417 = CIRCLE ( 'NONE', #2903, 2.400000000000004352 ) ;
#418 = ORIENTED_EDGE ( 'NONE', *, *, #1997, .F. ) ;
#419 = CYLINDRICAL_SURFACE ( 'NONE', #2687, 1.500000000000000666 ) ;
#420 = DIRECTION ( 'NONE',  ( -0.000000000000000000, -0.000000000000000000, 1.000000000000000000 ) ) ;
#421 = ORIENTED_EDGE ( 'NONE', *, *, #1710, .T. ) ;
#422 = CARTESIAN_POINT ( 'NONE',  ( 36.04900566619969737, 2.797372066474425267, -4.900000000000010125 ) ) ;
#424 = EDGE_LOOP ( 'NONE', ( #958, #246, #1890, #2485 ) ) ;
#423 = CYLINDRICAL_SURFACE ( 'NONE', #2225, 2.400000000000004352 ) ;
#425 = DIRECTION ( 'NONE',  ( 0.2144931453881998018, -0.9767254939753936549, 0.000000000000000000 ) ) ;
#426 = CARTESIAN_POINT ( 'NONE',  ( 61.26989995062579197, 11.64956202570934352, -18.05000000000004334 ) ) ;
#427 = CARTESIAN_POINT ( 'NONE',  ( 76.02962129311531214, 7.226014532606995999, 25.09999999999999787 ) ) ;
#428 = ORIENTED_EDGE ( 'NONE', *, *, #2304, .F. ) ;
#429 = EDGE_CURVE ( 'NONE', #1526, #1819, #1729, .T. ) ;
#430 = CARTESIAN_POINT ( 'NONE',  ( 64.15955184609786954, 9.994398776707702936, 49.00000000000000000 ) ) ;
#431 = EDGE_CURVE ( 'NONE', #268, #992, #2174, .T. ) ;
#432 = EDGE_LOOP ( 'NONE', ( #2455, #2086, #479, #2878 ) ) ;
#433 = DIRECTION ( 'NONE',  ( 1.000000000000000000, 0.000000000000000000, 0.000000000000000000 ) ) ;
#434 = CARTESIAN_POINT ( 'NONE',  ( 33.65409588952805109, -2.847706069530653306, 25.09999999999999076 ) ) ;
#435 = ORIENTED_EDGE ( 'NONE', *, *, #897, .F. ) ;
#436 = DIRECTION ( 'NONE',  ( 0.2144931453881998018, -0.9767254939753936549, 0.000000000000000000 ) ) ;
#438 = ORIENTED_EDGE ( 'NONE', *, *, #2338, .T. ) ;
#437 = CARTESIAN_POINT ( 'NONE',  ( 84.00429510395957777, 8.209415575231044926, -137.4435527053877308 ) ) ;
#439 = DIRECTION ( 'NONE',  ( 1.000000000000000000, 0.000000000000000000, 0.000000000000000000 ) ) ;
#440 = FACE_OUTER_BOUND ( 'NONE', #2976, .T. ) ;
#441 = CARTESIAN_POINT ( 'NONE',  ( 37.12147139314069477, -2.086255403402543340, 25.09999999999999076 ) ) ;
#442 = VERTEX_POINT ( 'NONE', #1505 ) ;
#443 = LINE ( 'NONE', #1419, #1942 ) ;
#444 = ORIENTED_EDGE ( 'NONE', *, *, #1447, .T. ) ;
#445 = AXIS2_PLACEMENT_3D ( 'NONE', #1801, #1944, #543 ) ;
#446 = CARTESIAN_POINT ( 'NONE',  ( 0.000000000000000000, 0.000000000000000000, -3.000000000000000000 ) ) ;
#447 = ADVANCED_FACE ( 'NONE', ( #514, #2475 ), #289, .T. ) ;
#448 = DIRECTION ( 'NONE',  ( -1.000000000000000000, 0.000000000000000000, 0.000000000000000000 ) ) ;
#449 = AXIS2_PLACEMENT_3D ( 'NONE', #864, #817, #835 ) ;
#450 = ORIENTED_EDGE ( 'NONE', *, *, #989, .T. ) ;
#451 = EDGE_CURVE ( 'NONE', #724, #295, #2730, .T. ) ;
#452 = CYLINDRICAL_SURFACE ( 'NONE', #1270, 3.500000000000004885 ) ;
#453 = AXIS2_PLACEMENT_3D ( 'NONE', #2950, #2459, #2981 ) ;
#455 = ORIENTED_EDGE ( 'NONE', *, *, #1694, .T. ) ;
#454 = FACE_OUTER_BOUND ( 'NONE', #847, .T. ) ;
#456 = VECTOR ( 'NONE', #2031, 1000.000000000000227 ) ;
#457 = CARTESIAN_POINT ( 'NONE',  ( 66.21164154166218907, 13.00461934692491539, 8.219999999999993534 ) ) ;
#458 = LINE ( 'NONE', #2357, #2951 ) ;
#459 = ORIENTED_EDGE ( 'NONE', *, *, #1584, .T. ) ;
#460 = AXIS2_PLACEMENT_3D ( 'NONE', #6, #1168, #2139 ) ;
#461 = VERTEX_POINT ( 'NONE', #965 ) ;
#462 = CIRCLE ( 'NONE', #160, 2.399999999999997691 ) ;
#463 = CARTESIAN_POINT ( 'NONE',  ( 66.32652982122091601, 6.886874608606713188, 30.99999999999999645 ) ) ;
#464 = DIRECTION ( 'NONE',  ( 0.9767254939753936549, 0.2144931453881999683, 0.000000000000000000 ) ) ;
#465 = VERTEX_POINT ( 'NONE', #728 ) ;
#466 = EDGE_CURVE ( 'NONE', #3138, #1438, #1461, .T. ) ;
#467 = FACE_OUTER_BOUND ( 'NONE', #9, .T. ) ;
#468 = ORIENTED_EDGE ( 'NONE', *, *, #2184, .T. ) ;
#469 = CARTESIAN_POINT ( 'NONE',  ( 34.19322722764644595, 2.389835090236844817, 25.09999999999999076 ) ) ;
#470 = EDGE_CURVE ( 'NONE', #2765, #1843, #2533, .T. ) ;
#471 = CARTESIAN_POINT ( 'NONE',  ( 71.30686368227947014, 5.421004685184446004, -18.80000000000003979 ) ) ;
#472 = ORIENTED_EDGE ( 'NONE', *, *, #1985, .F. ) ;
#473 = LINE ( 'NONE', #1131, #157 ) ;
#474 = EDGE_LOOP ( 'NONE', ( #1151, #438 ) ) ;
#475 = CARTESIAN_POINT ( 'NONE',  ( 34.85778702683605701, 3.559604415061870419, 40.00000000000000000 ) ) ;
#476 = CYLINDRICAL_SURFACE ( 'NONE', #610, 1.500000000000007550 ) ;
#477 = ORIENTED_EDGE ( 'NONE', *, *, #1389, .F. ) ;
#478 = DIRECTION ( 'NONE',  ( -0.2144931453881946393, 0.9767254939753947651, -0.000000000000000000 ) ) ;
#479 = ORIENTED_EDGE ( 'NONE', *, *, #1758, .F. ) ;
#480 = CYLINDRICAL_SURFACE ( 'NONE', #247, 6.000000000000002665 ) ;
#481 = EDGE_CURVE ( 'NONE', #633, #2874, #576, .T. ) ;
#483 = ORIENTED_EDGE ( 'NONE', *, *, #643, .T. ) ;
#482 = DIRECTION ( 'NONE',  ( 0.9767254939753947651, 0.2144931453881944727, 0.000000000000000000 ) ) ;
#484 = EDGE_CURVE ( 'NONE', #2840, #1848, #1365, .T. ) ;
#485 = DIRECTION ( 'NONE',  ( -0.2144931453881945282, 0.9767254939753947651, -0.000000000000000000 ) ) ;
#486 = EDGE_LOOP ( 'NONE', ( #2535, #421 ) ) ;
#487 = LINE ( 'NONE', #1510, #2484 ) ;
#488 = DIRECTION ( 'NONE',  ( -0.2144931453881945838, 0.9767254939753948761, 0.000000000000000000 ) ) ;
#489 = ORIENTED_EDGE ( 'NONE', *, *, #2260, .T. ) ;
#490 = CIRCLE ( 'NONE', #238, 3.500000000000004885 ) ;
#491 = CARTESIAN_POINT ( 'NONE',  ( 40.71813999068842094, 4.846563287391038699, 49.00000000000000000 ) ) ;
#492 = ORIENTED_EDGE ( 'NONE', *, *, #175, .F. ) ;
#493 = AXIS2_PLACEMENT_3D ( 'NONE', #2772, #2280, #1839 ) ;
#494 = CARTESIAN_POINT ( 'NONE',  ( 42.57488458745766025, 7.813885228530608629, 8.219999999999995310 ) ) ;
#495 = VECTOR ( 'NONE', #164, 1000.000000000000227 ) ;
#497 = ORIENTED_EDGE ( 'NONE', *, *, #2916, .F. ) ;
#496 = DIRECTION ( 'NONE',  ( -0.000000000000000000, -0.000000000000000000, -1.000000000000000000 ) ) ;
#498 = CIRCLE ( 'NONE', #914, 1.900000000000003908 ) ;
#499 = ADVANCED_FACE ( 'NONE', ( #137 ), #1781, .F. ) ;
#500 = DIRECTION ( 'NONE',  ( 0.9767254939753935439, 0.2144931453881997740, 0.000000000000000000 ) ) ;
#501 = AXIS2_PLACEMENT_3D ( 'NONE', #1871, #2353, #1634 ) ;
#502 = CARTESIAN_POINT ( 'NONE',  ( 36.96060153409954552, -1.353711282920998293, -4.900000000000010125 ) ) ;
#503 = EDGE_CURVE ( 'NONE', #299, #2911, #1671, .T. ) ;
#504 = DIRECTION ( 'NONE',  ( 0.9767254939753935439, 0.2144931453881997463, 0.000000000000000000 ) ) ;
#505 = DIRECTION ( 'NONE',  ( 0.9767254939753936549, 0.2144931453881997463, 0.000000000000000000 ) ) ;
#506 = AXIS2_PLACEMENT_3D ( 'NONE', #1672, #2644, #2410 ) ;
#507 = EDGE_LOOP ( 'NONE', ( #2376, #1670, #1039, #2141 ) ) ;
#508 = VECTOR ( 'NONE', #1055, 999.9999999999998863 ) ;
#509 = CARTESIAN_POINT ( 'NONE',  ( 64.63930672800501043, 13.17124237583031565, 25.99999999999999645 ) ) ;
#510 = DIRECTION ( 'NONE',  ( -0.2144931453881945838, 0.9767254939753946541, -0.000000000000000000 ) ) ;
#511 = VERTEX_POINT ( 'NONE', #377 ) ;
#512 = VECTOR ( 'NONE', #1378, 1000.000000000000227 ) ;
#513 = CARTESIAN_POINT ( 'NONE',  ( 71.30686368227947014, 5.421004685184446004, -18.80000000000003979 ) ) ;
#515 = ORIENTED_EDGE ( 'NONE', *, *, #1912, .T. ) ;
#514 = FACE_BOUND ( 'NONE', #646, .T. ) ;
#516 = DIRECTION ( 'NONE',  ( -0.7120961024045299181, -0.02798120014668270539, -0.7015241930102115164 ) ) ;
#517 = EDGE_CURVE ( 'NONE', #1206, #2702, #2935, .T. ) ;
#518 = CARTESIAN_POINT ( 'NONE',  ( 33.88106153286064881, 3.345111269673672005, 34.00000000000000000 ) ) ;
#519 = CARTESIAN_POINT ( 'NONE',  ( 61.22076749909112436, 12.42051636697163453, 8.219999999999993534 ) ) ;
#520 = EDGE_CURVE ( 'NONE', #2054, #2289, #1468, .T. ) ;
#521 = ORIENTED_EDGE ( 'NONE', *, *, #1114, .T. ) ;
#522 = LINE ( 'NONE', #2442, #206 ) ;
#523 = CARTESIAN_POINT ( 'NONE',  ( 45.91296699713516460, 2.403967869993447248, 46.79999999999999716 ) ) ;
#524 = ORIENTED_EDGE ( 'NONE', *, *, #82, .T. ) ;
#525 = DIRECTION ( 'NONE',  ( 0.9767254939753936549, 0.2144931453881999683, 0.000000000000000000 ) ) ;
#527 = VERTEX_POINT ( 'NONE', #2037 ) ;
#526 = CARTESIAN_POINT ( 'NONE',  ( 28.02070856900829909, 2.058152397344510387, 4.000000000000000000 ) ) ;
#529 = CARTESIAN_POINT ( 'NONE',  ( 72.98381862860300373, 21.09551654705718704, -13.80000000000003979 ) ) ;
#528 = DIRECTION ( 'NONE',  ( -0.2144931453881931960, 0.9767254939753949872, -0.000000000000000000 ) ) ;
#530 = ORIENTED_EDGE ( 'NONE', *, *, #2500, .F. ) ;
#531 = CARTESIAN_POINT ( 'NONE',  ( 85.07676083090058228, 3.325788105354076762, -13.80000000000003801 ) ) ;
#532 = DIRECTION ( 'NONE',  ( 1.129565762656107098E-16, 2.480575298273387549E-17, -1.000000000000000000 ) ) ;
#533 = CARTESIAN_POINT ( 'NONE',  ( -1.061741069671575888, 4.834791195178199885, -13.80000000000004867 ) ) ;
#534 = ORIENTED_EDGE ( 'NONE', *, *, #1008, .F. ) ;
#535 = EDGE_CURVE ( 'NONE', #2677, #94, #2536, .T. ) ;
#536 = PLANE ( 'NONE',  #608 ) ;
#537 = VECTOR ( 'NONE', #47, 1000.000000000000000 ) ;
#538 = PLANE ( 'NONE',  #308 ) ;
#539 = ORIENTED_EDGE ( 'NONE', *, *, #2319, .F. ) ;
#540 = VECTOR ( 'NONE', #3141, 1000.000000000000000 ) ;
#541 = EDGE_CURVE ( 'NONE', #2057, #310, #1162, .T. ) ;
#542 = DIRECTION ( 'NONE',  ( -0.2144931453881946393, 0.9767254939753946541, -0.000000000000000000 ) ) ;
#544 = EDGE_LOOP ( 'NONE', ( #201, #2664, #954, #42 ) ) ;
#543 = DIRECTION ( 'NONE',  ( -1.000000000000000000, 0.000000000000000000, -1.129565762656107098E-16 ) ) ;
#545 = AXIS2_PLACEMENT_3D ( 'NONE', #297, #2922, #1717 ) ;
#546 = CARTESIAN_POINT ( 'NONE',  ( 44.81177920030451389, 8.817031524449969737, 25.99999999999999645 ) ) ;
#547 = EDGE_LOOP ( 'NONE', ( #2581, #3085 ) ) ;
#548 = AXIS2_PLACEMENT_3D ( 'NONE', #938, #2035, #2729 ) ;
#549 = CIRCLE ( 'NONE', #2793, 1.900000000000003908 ) ;
#550 = CARTESIAN_POINT ( 'NONE',  ( 36.04900566619969737, 2.797372066474425267, -4.900000000000010125 ) ) ;
#551 = CARTESIAN_POINT ( 'NONE',  ( 66.32652982122091601, 6.886874608606713188, 30.99999999999999645 ) ) ;
#552 = ORIENTED_EDGE ( 'NONE', *, *, #409, .T. ) ;
#553 = AXIS2_PLACEMENT_3D ( 'NONE', #373, #1547, #1346 ) ;
#554 = DIRECTION ( 'NONE',  ( -0.000000000000000000, -0.000000000000000000, 1.000000000000000000 ) ) ;
#555 = AXIS2_PLACEMENT_3D ( 'NONE', #1278, #69, #1034 ) ;
#556 = DIRECTION ( 'NONE',  ( -0.2144931453881998018, 0.9767254939753936549, -0.000000000000000000 ) ) ;
#557 = EDGE_CURVE ( 'NONE', #1462, #180, #2481, .T. ) ;
#558 = EDGE_LOOP ( 'NONE', ( #3045, #2902, #2518, #99 ) ) ;
#559 = VECTOR ( 'NONE', #682, 1000.000000000000114 ) ;
#560 = CARTESIAN_POINT ( 'NONE',  ( 48.23031842921839285, 9.567757533308650864, 8.219999999999995310 ) ) ;
#561 =( GEOMETRIC_REPRESENTATION_CONTEXT ( 3 ) GLOBAL_UNCERTAINTY_ASSIGNED_CONTEXT ( ( #1919 ) ) GLOBAL_UNIT_ASSIGNED_CONTEXT ( ( #2351, #2603, #1150 ) ) REPRESENTATION_CONTEXT ( 'NONE', 'WORKASPACE' ) );
#562 = EDGE_CURVE ( 'NONE', #131, #1343, #806, .T. ) ;
#564 = EDGE_LOOP ( 'NONE', ( #2540, #2362, #1945, #2754 ) ) ;
#563 = DIRECTION ( 'NONE',  ( -1.129565762656107098E-16, -2.480575298273387549E-17, 1.000000000000000000 ) ) ;
#565 = LINE ( 'NONE', #2021, #2497 ) ;
#566 = EDGE_CURVE ( 'NONE', #2787, #2980, #908, .T. ) ;
#567 = ORIENTED_EDGE ( 'NONE', *, *, #249, .T. ) ;
#568 = FACE_OUTER_BOUND ( 'NONE', #2868, .T. ) ;
#569 = CARTESIAN_POINT ( 'NONE',  ( 85.07676083090058228, 3.325788105354076762, -13.80000000000003801 ) ) ;
#570 = EDGE_LOOP ( 'NONE', ( #1098, #2381, #534, #2327 ) ) ;
#571 = DIRECTION ( 'NONE',  ( 0.2144931453881997740, -0.9767254939753935439, -0.000000000000000000 ) ) ;
#572 = CARTESIAN_POINT ( 'NONE',  ( 71.30686368227944172, 5.421004685184447780, 43.00000000000000000 ) ) ;
#573 = DIRECTION ( 'NONE',  ( 0.9767254939753935439, 0.2144931453881997463, 0.000000000000000000 ) ) ;
#574 = ORIENTED_EDGE ( 'NONE', *, *, #2534, .F. ) ;
#575 = LINE ( 'NONE', #2523, #150 ) ;
#577 = ORIENTED_EDGE ( 'NONE', *, *, #118, .F. ) ;
#576 = LINE ( 'NONE', #2749, #2732 ) ;
#578 = ADVANCED_FACE ( 'NONE', ( #1603 ), #2574, .F. ) ;
#580 = FACE_OUTER_BOUND ( 'NONE', #13, .T. ) ;
#579 = CARTESIAN_POINT ( 'NONE',  ( 66.32652982122091601, 6.886874608606713188, 46.79999999999999716 ) ) ;
#581 = EDGE_LOOP ( 'NONE', ( #1632, #2522, #585, #1317 ) ) ;
#582 = CARTESIAN_POINT ( 'NONE',  ( 109.0220996375330316, 23.94172488823012657, -13.80000000000003446 ) ) ;
#583 = EDGE_CURVE ( 'NONE', #2958, #2491, #340, .T. ) ;
#584 = DIRECTION ( 'NONE',  ( 0.9767254939753935439, 0.2144931453881997463, 0.000000000000000000 ) ) ;
#585 = ORIENTED_EDGE ( 'NONE', *, *, #2572, .T. ) ;
#586 = FACE_OUTER_BOUND ( 'NONE', #507, .T. ) ;
#587 = CARTESIAN_POINT ( 'NONE',  ( 73.26224698666220547, 10.96956090576483689, 25.09999999999999787 ) ) ;
#588 = VERTEX_POINT ( 'NONE', #2288 ) ;
#589 = AXIS2_PLACEMENT_3D ( 'NONE', #531, #1509, #2769 ) ;
#590 = CARTESIAN_POINT ( 'NONE',  ( 42.00509886301763629, -1.013789676461551936, 40.00000000000000000 ) ) ;
#592 = EDGE_LOOP ( 'NONE', ( #1790, #1948, #2373, #2679 ) ) ;
#591 = DIRECTION ( 'NONE',  ( 0.9767254939753947651, 0.2144931453881945838, 0.000000000000000000 ) ) ;
#593 = VECTOR ( 'NONE', #1204, 1000.000000000000227 ) ;
#594 = AXIS2_PLACEMENT_3D ( 'NONE', #2811, #3031, #2019 ) ;
#595 = CARTESIAN_POINT ( 'NONE',  ( 28.02070856900829909, 2.058152397344510387, 34.00000000000000000 ) ) ;
#596 = ORIENTED_EDGE ( 'NONE', *, *, #79, .T. ) ;
#597 = EDGE_CURVE ( 'NONE', #3072, #1905, #2777, .T. ) ;
#598 = CYLINDRICAL_SURFACE ( 'NONE', #697, 4.950000000000000178 ) ;
#599 = AXIS2_PLACEMENT_3D ( 'NONE', #3061, #636, #1611 ) ;
#600 = DIRECTION ( 'NONE',  ( -0.9767254939753946541, -0.2144931453881945560, 0.000000000000000000 ) ) ;
#601 = AXIS2_PLACEMENT_3D ( 'NONE', #1040, #1491, #1728 ) ;
#602 = ADVANCED_FACE ( 'NONE', ( #2982 ), #109, .F. ) ;
#603 = ORIENTED_EDGE ( 'NONE', *, *, #351, .T. ) ;
#604 = AXIS2_PLACEMENT_3D ( 'NONE', #1058, #2235, #2509 ) ;
#605 = FACE_OUTER_BOUND ( 'NONE', #2908, .T. ) ;
#606 = DIRECTION ( 'NONE',  ( -0.9767254939753947651, -0.2144931453881945560, 0.000000000000000000 ) ) ;
#607 = PRESENTATION_STYLE_ASSIGNMENT (( #2302 ) ) ;
#608 = AXIS2_PLACEMENT_3D ( 'NONE', #401, #606, #2773 ) ;
#609 = ORIENTED_EDGE ( 'NONE', *, *, #1605, .F. ) ;
#610 = AXIS2_PLACEMENT_3D ( 'NONE', #1660, #2397, #211 ) ;
#611 = DIRECTION ( 'NONE',  ( -0.2144931453881946670, 0.9767254939753948761, 0.000000000000000000 ) ) ;
#613 = ORIENTED_EDGE ( 'NONE', *, *, #1089, .T. ) ;
#612 = DIRECTION ( 'NONE',  ( -0.9767254939753948761, -0.2144931453881941952, 0.000000000000000000 ) ) ;
#614 = VECTOR ( 'NONE', #1963, 1000.000000000000114 ) ;
#615 = CYLINDRICAL_SURFACE ( 'NONE', #2229, 6.000000000000003553 ) ;
#616 = VECTOR ( 'NONE', #1960, 1000.000000000000000 ) ;
#617 = DIRECTION ( 'NONE',  ( 0.9767254939753946541, 0.2144931453881945005, 0.000000000000000000 ) ) ;
#618 = ORIENTED_EDGE ( 'NONE', *, *, #197, .T. ) ;
#619 = COLOUR_RGB ( '',1.000000000000000000, 0.5019607843137254832, 0.000000000000000000 ) ;
#620 = EDGE_CURVE ( 'NONE', #346, #1370, #1260, .T. ) ;
#621 = DIRECTION ( 'NONE',  ( -0.9767254939753946541, -0.2144931453881946393, 0.000000000000000000 ) ) ;
#622 = ORIENTED_EDGE ( 'NONE', *, *, #1817, .F. ) ;
#623 = DIRECTION ( 'NONE',  ( 0.2144931453881945282, -0.9767254939753946541, -0.000000000000000000 ) ) ;
#624 = EDGE_CURVE ( 'NONE', #1412, #690, #1621, .T. ) ;
#625 = DIRECTION ( 'NONE',  ( 0.9767254939753935439, 0.2144931453881997463, 0.000000000000000000 ) ) ;
#626 = EDGE_LOOP ( 'NONE', ( #1951, #811 ) ) ;
#627 = ADVANCED_FACE ( 'NONE', ( #2354, #1397 ), #182, .T. ) ;
#628 = DIRECTION ( 'NONE',  ( 0.9767254939753935439, 0.2144931453881997463, 0.000000000000000000 ) ) ;
#630 = ORIENTED_EDGE ( 'NONE', *, *, #1899, .T. ) ;
#629 = CARTESIAN_POINT ( 'NONE',  ( 76.85698326777804823, 12.78280966675424324, 28.00000000000000355 ) ) ;
#631 = FACE_OUTER_BOUND ( 'NONE', #793, .T. ) ;
#632 = DIRECTION ( 'NONE',  ( -0.2144931453881946670, 0.9767254939753948761, 0.000000000000000000 ) ) ;
#633 = VERTEX_POINT ( 'NONE', #1860 ) ;
#634 = CARTESIAN_POINT ( 'NONE',  ( 76.02962129311532635, 7.226014532606999552, -4.900000000000004796 ) ) ;
#635 = ORIENTED_EDGE ( 'NONE', *, *, #1307, .T. ) ;
#636 = DIRECTION ( 'NONE',  ( -0.6906492201477795190, -0.1516695576220239428, 0.7071067811865500152 ) ) ;
#637 = CARTESIAN_POINT ( 'NONE',  ( -1.061741069671561233, 4.834791195178203438, -137.4435527053877308 ) ) ;
#638 = VERTEX_POINT ( 'NONE', #200 ) ;
#639 = ADVANCED_FACE ( 'NONE', ( #2607 ), #1411, .F. ) ;
#640 = PLANE ( 'NONE',  #501 ) ;
#642 = ORIENTED_EDGE ( 'NONE', *, *, #102, .T. ) ;
#641 = CARTESIAN_POINT ( 'NONE',  ( 107.9603585678614763, 28.77651608340832468, -13.80000000000003446 ) ) ;
#643 = EDGE_CURVE ( 'NONE', #974, #1866, #1154, .T. ) ;
#644 = CARTESIAN_POINT ( 'NONE',  ( 109.0220996375330316, 23.94172488823012657, 4.500000000000000000 ) ) ;
#645 = PLANE ( 'NONE',  #871 ) ;
#646 = EDGE_LOOP ( 'NONE', ( #2846, #1222 ) ) ;
#647 = VECTOR ( 'NONE', #2714, 1000.000000000000227 ) ;
#648 = PLANE ( 'NONE',  #2347 ) ;
#649 = VECTOR ( 'NONE', #334, 1000.000000000000000 ) ;
#650 = ORIENTED_EDGE ( 'NONE', *, *, #1459, .F. ) ;
#651 = APPLICATION_CONTEXT ( 'automotive_design' ) ;
#652 = AXIS2_PLACEMENT_3D ( 'NONE', #1229, #2706, #2482 ) ;
#653 = DIRECTION ( 'NONE',  ( 0.000000000000000000, -0.000000000000000000, 1.000000000000000000 ) ) ;
#654 = DIRECTION ( 'NONE',  ( 1.129565762656107098E-16, 2.480575298273387549E-17, -1.000000000000000000 ) ) ;
#655 = LINE ( 'NONE', #1585, #512 ) ;
#656 = ORIENTED_EDGE ( 'NONE', *, *, #1578, .T. ) ;
#657 = AXIS2_PLACEMENT_3D ( 'NONE', #644, #2592, #410 ) ;
#658 = CARTESIAN_POINT ( 'NONE',  ( 84.00429510395957777, 8.209415575231044926, 4.000000000000000000 ) ) ;
#659 = CIRCLE ( 'NONE', #2847, 1.899999999999999023 ) ;
#660 = ADVANCED_FACE ( 'NONE', ( #454 ), #678, .F. ) ;
#662 = EDGE_LOOP ( 'NONE', ( #977, #170, #2252, #477 ) ) ;
#661 = CYLINDRICAL_SURFACE ( 'NONE', #1059, 3.500000000000004885 ) ;
#663 = CARTESIAN_POINT ( 'NONE',  ( 66.98344791354594463, 13.68602592476198510, 25.99999999999999645 ) ) ;
#664 = AXIS2_PLACEMENT_3D ( 'NONE', #1455, #1529, #1049 ) ;
#665 = CARTESIAN_POINT ( 'NONE',  ( 42.00509886301766471, -1.013789676461540834, -18.80000000000004334 ) ) ;
#666 = EDGE_CURVE ( 'NONE', #2874, #174, #2387, .T. ) ;
#667 = DIRECTION ( 'NONE',  ( 0.2144931453881997740, -0.9767254939753935439, -0.000000000000000000 ) ) ;
#668 = VECTOR ( 'NONE', #116, 1000.000000000000114 ) ;
#669 = ORIENTED_EDGE ( 'NONE', *, *, #220, .F. ) ;
#670 = VECTOR ( 'NONE', #528, 1000.000000000000114 ) ;
#671 =( NAMED_UNIT ( * ) PLANE_ANGLE_UNIT ( ) SI_UNIT ( $, .RADIAN. ) );
#672 = VECTOR ( 'NONE', #510, 1000.000000000000227 ) ;
#673 = ORIENTED_EDGE ( 'NONE', *, *, #566, .T. ) ;
#674 = LINE ( 'NONE', #1443, #3096 ) ;
#675 = DIRECTION ( 'NONE',  ( 0.9767254939753946541, 0.2144931453881950278, 0.000000000000000000 ) ) ;
#676 = ORIENTED_EDGE ( 'NONE', *, *, #3059, .F. ) ;
#677 = DIRECTION ( 'NONE',  ( 1.129565762656107098E-16, 2.480575298273387549E-17, -1.000000000000000000 ) ) ;
#679 = ORIENTED_EDGE ( 'NONE', *, *, #828, .T. ) ;
#678 = PLANE ( 'NONE',  #2786 ) ;
#680 = DIRECTION ( 'NONE',  ( -0.2144931453881931960, 0.9767254939753949872, 0.000000000000000000 ) ) ;
#681 = CARTESIAN_POINT ( 'NONE',  ( 62.91989995062579055, 11.64956202570934352, -13.80000000000004157 ) ) ;
#682 = DIRECTION ( 'NONE',  ( -0.2144931453881946115, 0.9767254939753946541, -0.000000000000000000 ) ) ;
#683 = EDGE_LOOP ( 'NONE', ( #187, #1690, #2563, #3128 ) ) ;
#684 = ADVANCED_FACE ( 'NONE', ( #2839 ), #1872, .T. ) ;
#685 = CARTESIAN_POINT ( 'NONE',  ( 36.96060153409954552, -1.353711282920998293, 25.09999999999999076 ) ) ;
#686 = ORIENTED_EDGE ( 'NONE', *, *, #333, .T. ) ;
#687 = EDGE_CURVE ( 'NONE', #2591, #1445, #2586, .T. ) ;
#688 = DIRECTION ( 'NONE',  ( -0.2144931453881946670, 0.9767254939753947651, 0.000000000000000000 ) ) ;
#689 = CARTESIAN_POINT ( 'NONE',  ( 61.22076749909112436, 12.42051636697163275, 25.99999999999999645 ) ) ;
#690 = VERTEX_POINT ( 'NONE', #389 ) ;
#691 = DIRECTION ( 'NONE',  ( 0.2144931453881997740, -0.9767254939753935439, -0.000000000000000000 ) ) ;
#693 = ORIENTED_EDGE ( 'NONE', *, *, #2383, .T. ) ;
#692 = DIRECTION ( 'NONE',  ( 0.2144931453881945560, -0.9767254939753947651, -0.000000000000000000 ) ) ;
#694 = FACE_OUTER_BOUND ( 'NONE', #432, .T. ) ;
#695 = CARTESIAN_POINT ( 'NONE',  ( 45.28539007111789516, 7.359699117945410762, -18.05000000000004334 ) ) ;
#696 = ORIENTED_EDGE ( 'NONE', *, *, #1833, .F. ) ;
#697 = AXIS2_PLACEMENT_3D ( 'NONE', #2782, #3099, #1399 ) ;
#698 = DIRECTION ( 'NONE',  ( 1.129565762656107098E-16, 2.480575298273387549E-17, -1.000000000000000000 ) ) ;
#699 = EDGE_CURVE ( 'NONE', #638, #1884, #2823, .T. ) ;
#700 = ORIENTED_EDGE ( 'NONE', *, *, #2817, .T. ) ;
#701 = VECTOR ( 'NONE', #1221, 1000.000000000000227 ) ;
#702 = DIRECTION ( 'NONE',  ( 0.9767254939753945431, 0.2144931453881946948, 0.000000000000000000 ) ) ;
#703 = PLANE ( 'NONE',  #664 ) ;
#704 = AXIS2_PLACEMENT_3D ( 'NONE', #2320, #2544, #362 ) ;
#705 = ADVANCED_FACE ( 'NONE', ( #2621 ), #661, .T. ) ;
#706 = ORIENTED_EDGE ( 'NONE', *, *, #2817, .F. ) ;
#707 = VECTOR ( 'NONE', #3073, 1000.000000000000114 ) ;
#708 = LINE ( 'NONE', #3111, #2290 ) ;
#709 = EDGE_CURVE ( 'NONE', #293, #1046, #2096, .T. ) ;
#710 = VECTOR ( 'NONE', #2860, 1000.000000000000114 ) ;
#711 = ORIENTED_EDGE ( 'NONE', *, *, #2241, .F. ) ;
#712 = VECTOR ( 'NONE', #2425, 1000.000000000000114 ) ;
#713 = FACE_OUTER_BOUND ( 'NONE', #2038, .T. ) ;
#714 = VERTEX_POINT ( 'NONE', #2368 ) ;
#715 = CIRCLE ( 'NONE', #1889, 4.950000000000000178 ) ;
#716 = AXIS2_PLACEMENT_3D ( 'NONE', #861, #1372, #382 ) ;
#717 = ORIENTED_EDGE ( 'NONE', *, *, #1990, .T. ) ;
#718 = AXIS2_PLACEMENT_3D ( 'NONE', #1764, #2937, #791 ) ;
#719 = LINE ( 'NONE', #2630, #707 ) ;
#720 = FACE_OUTER_BOUND ( 'NONE', #2688, .T. ) ;
#721 = ORIENTED_EDGE ( 'NONE', *, *, #2728, .T. ) ;
#722 = ADVANCED_FACE ( 'NONE', ( #3066 ), #423, .F. ) ;
#723 = CYLINDRICAL_SURFACE ( 'NONE', #3048, 2.399999999999997691 ) ;
#724 = VERTEX_POINT ( 'NONE', #641 ) ;
#725 = CARTESIAN_POINT ( 'NONE',  ( 64.63930672800501043, 13.17124237583031565, 8.219999999999993534 ) ) ;
#726 = EDGE_CURVE ( 'NONE', #442, #2042, #2590, .T. ) ;
#727 = CARTESIAN_POINT ( 'NONE',  ( 68.70132539308347930, 10.99179190276281304, 8.219999999999993534 ) ) ;
#729 = ORIENTED_EDGE ( 'NONE', *, *, #1077, .T. ) ;
#728 = CARTESIAN_POINT ( 'NONE',  ( 62.91989995062579055, 11.64956202570934352, -13.80000000000004157 ) ) ;
#730 = FACE_OUTER_BOUND ( 'NONE', #1556, .T. ) ;
#731 = DIRECTION ( 'NONE',  ( 0.9767254939753936549, 0.2144931453881997463, 0.000000000000000000 ) ) ;
#732 = DIRECTION ( 'NONE',  ( 0.9767254939753952092, 0.2144931453881929739, 0.000000000000000000 ) ) ;
#733 = CARTESIAN_POINT ( 'NONE',  ( 36.96060153409954552, -1.353711282920998293, -4.900000000000010125 ) ) ;
#734 = ORIENTED_EDGE ( 'NONE', *, *, #860, .F. ) ;
#735 = DIRECTION ( 'NONE',  ( 0.2144931453881998018, -0.9767254939753936549, 0.000000000000000000 ) ) ;
#736 = EDGE_CURVE ( 'NONE', #1795, #1643, #1001, .T. ) ;
#737 = ORIENTED_EDGE ( 'NONE', *, *, #1344, .F. ) ;
#738 = DIRECTION ( 'NONE',  ( -0.9767254939753946541, -0.2144931453881945560, 0.000000000000000000 ) ) ;
#739 = ADVANCED_FACE ( 'NONE', ( #586 ), #1562, .F. ) ;
#741 = ORIENTED_EDGE ( 'NONE', *, *, #736, .F. ) ;
#740 = DIRECTION ( 'NONE',  ( 0.9767254939753935439, 0.2144931453881997740, 0.000000000000000000 ) ) ;
#742 = FACE_BOUND ( 'NONE', #951, .T. ) ;
#743 = FACE_OUTER_BOUND ( 'NONE', #2126, .T. ) ;
#744 = AXIS2_PLACEMENT_3D ( 'NONE', #1256, #1715, #30 ) ;
#745 = CARTESIAN_POINT ( 'NONE',  ( 45.28539007111789516, 7.359699117945410762, -18.80000000000004334 ) ) ;
#746 = CYLINDRICAL_SURFACE ( 'NONE', #968, 3.500000000000004885 ) ;
#747 = AXIS2_PLACEMENT_3D ( 'NONE', #826, #1060, #2053 ) ;
#748 = ORIENTED_EDGE ( 'NONE', *, *, #541, .T. ) ;
#749 = VECTOR ( 'NONE', #2460, 1000.000000000000114 ) ;
#750 = DIRECTION ( 'NONE',  ( 0.9767254939753936549, 0.2144931453881997185, 0.000000000000000000 ) ) ;
#751 = DIRECTION ( 'NONE',  ( -0.9767254939753949872, -0.2144931453881930850, 0.000000000000000000 ) ) ;
#752 = ORIENTED_EDGE ( 'NONE', *, *, #2975, .F. ) ;
#753 = VECTOR ( 'NONE', #2145, 1000.000000000000227 ) ;
#754 = ADVANCED_FACE ( 'NONE', ( #1309 ), #119, .T. ) ;
#755 = FACE_BOUND ( 'NONE', #980, .T. ) ;
#756 = AXIS2_PLACEMENT_3D ( 'NONE', #475, #2879, #702 ) ;
#758 = ORIENTED_EDGE ( 'NONE', *, *, #266, .T. ) ;
#757 = DIRECTION ( 'NONE',  ( -0.000000000000000000, -0.000000000000000000, 1.000000000000000000 ) ) ;
#759 = CIRCLE ( 'NONE', #2890, 3.499999999999997335 ) ;
#760 = EDGE_CURVE ( 'NONE', #221, #2108, #2996, .T. ) ;
#761 = CARTESIAN_POINT ( 'NONE',  ( 76.85698326777804823, 12.78280966675424146, 34.00000000000000000 ) ) ;
#762 = AXIS2_PLACEMENT_3D ( 'NONE', #1663, #933, #947 ) ;
#763 = DIRECTION ( 'NONE',  ( -1.000000000000000000, 0.000000000000000000, 0.000000000000000000 ) ) ;
#764 = VECTOR ( 'NONE', #2466, 1000.000000000000227 ) ;
#765 = DIRECTION ( 'NONE',  ( -0.9767254939753945431, -0.2144931453881951389, 0.000000000000000000 ) ) ;
#766 = CARTESIAN_POINT ( 'NONE',  ( 75.11802542521544979, 11.37709788200241690, 25.09999999999999787 ) ) ;
#767 = CIRCLE ( 'NONE', #2190, 3.549999999999998934 ) ;
#768 = VERTEX_POINT ( 'NONE', #1376 ) ;
#769 = CIRCLE ( 'NONE', #2404, 1.899999999999999023 ) ;
#770 = CARTESIAN_POINT ( 'NONE',  ( 62.91989995062579055, 11.64956202570934352, -18.05000000000004334 ) ) ;
#771 = CARTESIAN_POINT ( 'NONE',  ( 64.81989995062578203, 11.64956202570934352, -13.80000000000004157 ) ) ;
#772 = ORIENTED_EDGE ( 'NONE', *, *, #597, .F. ) ;
#773 = PLANE ( 'NONE',  #1423 ) ;
#775 = ORIENTED_EDGE ( 'NONE', *, *, #356, .F. ) ;
#774 = FACE_OUTER_BOUND ( 'NONE', #570, .T. ) ;
#777 = DIRECTION ( 'NONE',  ( 0.2144931453881945560, -0.9767254939753947651, -0.000000000000000000 ) ) ;
#776 = CARTESIAN_POINT ( 'NONE',  ( 44.81177920030451389, 8.817031524449969737, 25.99999999999999645 ) ) ;
#778 = ORIENTED_EDGE ( 'NONE', *, *, #1307, .F. ) ;
#779 = EDGE_CURVE ( 'NONE', #994, #1843, #1099, .T. ) ;
#780 = ORIENTED_EDGE ( 'NONE', *, *, #2931, .T. ) ;
#781 = CARTESIAN_POINT ( 'NONE',  ( 75.11802542521544979, 11.37709788200241690, 25.09999999999999787 ) ) ;
#782 = DIRECTION ( 'NONE',  ( -0.9767254939753947651, -0.2144931453881946115, 0.000000000000000000 ) ) ;
#783 = EDGE_CURVE ( 'NONE', #1643, #2727, #3043, .T. ) ;
#784 = ORIENTED_EDGE ( 'NONE', *, *, #1226, .F. ) ;
#785 = CARTESIAN_POINT ( 'NONE',  ( 61.22076749909112436, 12.42051636697163453, 25.99999999999999645 ) ) ;
#786 = CARTESIAN_POINT ( 'NONE',  ( 70.01990480995024768, 11.28135764903687566, 43.00000000000000000 ) ) ;
#787 = EDGE_LOOP ( 'NONE', ( #205, #2317, #398, #900 ) ) ;
#788 = CARTESIAN_POINT ( 'NONE',  ( 29.30766744133753221, -3.802200566508144419, -137.4435527053877308 ) ) ;
#790 = ORIENTED_EDGE ( 'NONE', *, *, #2557, .F. ) ;
#789 = DIRECTION ( 'NONE',  ( 0.2144931453881931960, -0.9767254939753949872, -0.000000000000000000 ) ) ;
#792 = CARTESIAN_POINT ( 'NONE',  ( 33.49322603048690183, -2.115161949049107371, 25.09999999999999076 ) ) ;
#791 = DIRECTION ( 'NONE',  ( 0.9767254939753935439, 0.2144931453881997463, 0.000000000000000000 ) ) ;
#793 = EDGE_LOOP ( 'NONE', ( #2622, #656, #2642, #2934, #24, #2652, #78, #142, #630, #2424, #2514, #870, #1409, #3041 ) ) ;
#794 = EDGE_LOOP ( 'NONE', ( #790, #370, #61, #280 ) ) ;
#795 = FACE_OUTER_BOUND ( 'NONE', #1661, .T. ) ;
#796 = ADVANCED_FACE ( 'NONE', ( #84 ), #2818, .T. ) ;
#797 = CARTESIAN_POINT ( 'NONE',  ( 66.10439496896810851, 13.49298209391260706, 25.99999999999999645 ) ) ;
#798 = ORIENTED_EDGE ( 'NONE', *, *, #520, .T. ) ;
#799 = EDGE_CURVE ( 'NONE', #1531, #815, #2029, .T. ) ;
#800 = DIRECTION ( 'NONE',  ( 0.9767254939753946541, 0.2144931453881945005, 0.000000000000000000 ) ) ;
#801 = AXIS2_PLACEMENT_3D ( 'NONE', #1290, #2939, #763 ) ;
#802 = DIRECTION ( 'NONE',  ( 0.000000000000000000, -0.000000000000000000, 1.000000000000000000 ) ) ;
#803 = ORIENTED_EDGE ( 'NONE', *, *, #2361, .F. ) ;
#804 = CIRCLE ( 'NONE', #1160, 3.549999999999998934 ) ;
#805 = FACE_OUTER_BOUND ( 'NONE', #844, .T. ) ;
#806 = CIRCLE ( 'NONE', #3139, 1.500000000000007550 ) ;
#808 = EDGE_LOOP ( 'NONE', ( #1308, #2993, #1785, #729 ) ) ;
#807 = CARTESIAN_POINT ( 'NONE',  ( 64.81989995062578203, 11.64956202570934352, -18.05000000000004334 ) ) ;
#809 = VECTOR ( 'NONE', #177, 1000.000000000000000 ) ;
#810 = CARTESIAN_POINT ( 'NONE',  ( 36.04900566619969737, 2.797372066474425267, -4.900000000000010125 ) ) ;
#811 = ORIENTED_EDGE ( 'NONE', *, *, #2106, .T. ) ;
#812 = VECTOR ( 'NONE', #2624, 1000.000000000000000 ) ;
#813 = CARTESIAN_POINT ( 'NONE',  ( 104.0720996375330429, 23.94172488823012657, 4.500000000000000000 ) ) ;
#814 = DIRECTION ( 'NONE',  ( -0.2144931453881998018, 0.9767254939753936549, -0.000000000000000000 ) ) ;
#815 = VERTEX_POINT ( 'NONE', #2061 ) ;
#816 = CIRCLE ( 'NONE', #1223, 3.549999999999997602 ) ;
#817 = DIRECTION ( 'NONE',  ( 0.2144931453881945282, -0.9767254939753947651, 0.000000000000000000 ) ) ;
#818 = FACE_OUTER_BOUND ( 'NONE', #474, .T. ) ;
#819 = AXIS2_PLACEMENT_3D ( 'NONE', #1656, #1882, #2627 ) ;
#820 = CARTESIAN_POINT ( 'NONE',  ( 75.11802542521544979, 11.37709788200241690, -4.900000000000004796 ) ) ;
#821 = ORIENTED_EDGE ( 'NONE', *, *, #2529, .T. ) ;
#822 = EDGE_CURVE ( 'NONE', #2911, #299, #2079, .T. ) ;
#823 = AXIS2_PLACEMENT_3D ( 'NONE', #1783, #2513, #326 ) ;
#824 = LINE ( 'NONE', #1025, #2486 ) ;
#825 = CIRCLE ( 'NONE', #3010, 1.500000000000007550 ) ;
#827 = VERTEX_POINT ( 'NONE', #1052 ) ;
#826 = CARTESIAN_POINT ( 'NONE',  ( 64.63930672800499622, 13.17124237583031743, 8.219999999999993534 ) ) ;
#828 = EDGE_CURVE ( 'NONE', #511, #2006, #1110, .T. ) ;
#830 = DIRECTION ( 'NONE',  ( 0.2144931453881998018, -0.9767254939753936549, 0.000000000000000000 ) ) ;
#829 = FACE_OUTER_BOUND ( 'NONE', #2608, .T. ) ;
#831 = ORIENTED_EDGE ( 'NONE', *, *, #415, .T. ) ;
#832 = DIRECTION ( 'NONE',  ( -0.2144931453881945282, 0.9767254939753947651, -0.000000000000000000 ) ) ;
#833 = DIRECTION ( 'NONE',  ( -0.2144931453881946670, 0.9767254939753947651, 0.000000000000000000 ) ) ;
#834 = ORIENTED_EDGE ( 'NONE', *, *, #333, .F. ) ;
#835 = DIRECTION ( 'NONE',  ( 0.9767254939753948761, 0.2144931453881943617, 0.000000000000000000 ) ) ;
#836 = CARTESIAN_POINT ( 'NONE',  ( 41.39323997139063493, 8.066305515591288611, 25.99999999999999645 ) ) ;
#837 = VERTEX_POINT ( 'NONE', #848 ) ;
#838 = DIRECTION ( 'NONE',  ( 0.9767254939753946541, 0.2144931453881945005, 0.000000000000000000 ) ) ;
#839 = EDGE_CURVE ( 'NONE', #1570, #1679, #3094, .T. ) ;
#841 = ORIENTED_EDGE ( 'NONE', *, *, #2680, .F. ) ;
#840 = DIRECTION ( 'NONE',  ( -0.2144931453881945282, 0.9767254939753947651, -0.000000000000000000 ) ) ;
#842 = ADVANCED_FACE ( 'NONE', ( #605 ), #1581, .F. ) ;
#843 = CARTESIAN_POINT ( 'NONE',  ( 40.58884689675334556, -1.324804737274434707, 25.09999999999999076 ) ) ;
#844 = EDGE_LOOP ( 'NONE', ( #946, #1469 ) ) ;
#845 = LINE ( 'NONE', #1047, #190 ) ;
#846 = CARTESIAN_POINT ( 'NONE',  ( 65.44651071842706358, 4.134045812855243973, 43.00000000000000000 ) ) ;
#847 = EDGE_LOOP ( 'NONE', ( #2449, #2768, #328, #1815, #444 ) ) ;
#848 = CARTESIAN_POINT ( 'NONE',  ( 34.19322722764644595, 2.389835090236844817, 25.09999999999999076 ) ) ;
#849 = DIRECTION ( 'NONE',  ( -0.9237368329832349456, -0.3830277579890301043, -0.000000000000000000 ) ) ;
#850 = EDGE_LOOP ( 'NONE', ( #635, #885 ) ) ;
#851 = CARTESIAN_POINT ( 'NONE',  ( 75.88025777380262582, 12.56831652136603950, 34.00000000000000000 ) ) ;
#853 = ORIENTED_EDGE ( 'NONE', *, *, #409, .F. ) ;
#852 = DIRECTION ( 'NONE',  ( -1.000000000000000000, 0.000000000000000000, 0.000000000000000000 ) ) ;
#854 = VECTOR ( 'NONE', #789, 1000.000000000000114 ) ;
#855 = EDGE_CURVE ( 'NONE', #1760, #299, #1546, .T. ) ;
#856 = DIRECTION ( 'NONE',  ( 0.9767254939753935439, 0.2144931453881997463, 0.000000000000000000 ) ) ;
#857 = FACE_OUTER_BOUND ( 'NONE', #46, .T. ) ;
#858 = VERTEX_POINT ( 'NONE', #147 ) ;
#859 = AXIS2_PLACEMENT_3D ( 'NONE', #1385, #903, #1877 ) ;
#860 = EDGE_CURVE ( 'NONE', #1370, #346, #2737, .T. ) ;
#861 = CARTESIAN_POINT ( 'NONE',  ( 66.32652982122091601, 6.886874608606713188, 30.99999999999999645 ) ) ;
#862 = AXIS2_PLACEMENT_3D ( 'NONE', #168, #2333, #2305 ) ;
#863 = ORIENTED_EDGE ( 'NONE', *, *, #2588, .T. ) ;
#864 = CARTESIAN_POINT ( 'NONE',  ( 75.88025777380262582, 12.56831652136605015, 40.00000000000000000 ) ) ;
#865 = CARTESIAN_POINT ( 'NONE',  ( 64.63930672800501043, 13.17124237583031565, 8.219999999999993534 ) ) ;
#866 = ORIENTED_EDGE ( 'NONE', *, *, #2557, .T. ) ;
#867 = AXIS2_PLACEMENT_3D ( 'NONE', #685, #2375, #188 ) ;
#868 = CARTESIAN_POINT ( 'NONE',  ( 76.02962129311529793, 7.226014532606992447, 25.09999999999999787 ) ) ;
#870 = ORIENTED_EDGE ( 'NONE', *, *, #123, .T. ) ;
#869 = DIRECTION ( 'NONE',  ( 1.000000000000000000, 0.000000000000000000, 0.000000000000000000 ) ) ;
#871 = AXIS2_PLACEMENT_3D ( 'NONE', #1668, #1159, #1607 ) ;
#872 = FACE_OUTER_BOUND ( 'NONE', #2430, .T. ) ;
#873 = CARTESIAN_POINT ( 'NONE',  ( 36.96060153409954552, -1.353711282920998293, -4.900000000000010125 ) ) ;
#874 = VERTEX_POINT ( 'NONE', #2047 ) ;
#875 =( GEOMETRIC_REPRESENTATION_CONTEXT ( 3 ) GLOBAL_UNCERTAINTY_ASSIGNED_CONTEXT ( ( #3001 ) ) GLOBAL_UNIT_ASSIGNED_CONTEXT ( ( #121, #1599, #2559 ) ) REPRESENTATION_CONTEXT ( 'NONE', 'WORKASPACE' ) );
#876 = PLANE ( 'NONE',  #1381 ) ;
#877 = ADVANCED_FACE ( 'NONE', ( #1358 ), #2091, .T. ) ;
#878 = VERTEX_POINT ( 'NONE', #400 ) ;
#879 = CARTESIAN_POINT ( 'NONE',  ( -7.633825749774218572, -11.91471234056647965, -99.62177635269389953 ) ) ;
#880 = CARTESIAN_POINT ( 'NONE',  ( 29.30766744133753221, -3.802200566508144419, 34.00000000000000000 ) ) ;
#881 = ADVANCED_FACE ( 'NONE', ( #3013 ), #419, .F. ) ;
#882 = ORIENTED_EDGE ( 'NONE', *, *, #2685, .T. ) ;
#883 = CARTESIAN_POINT ( 'NONE',  ( 64.74655330069910519, 12.68287962884262399, 25.99999999999999645 ) ) ;
#885 = ORIENTED_EDGE ( 'NONE', *, *, #2912, .T. ) ;
#884 = DIRECTION ( 'NONE',  ( -0.9767254939753946541, -0.2144931453881949446, 0.000000000000000000 ) ) ;
#886 = PLANE ( 'NONE',  #2640 ) ;
#887 = LINE ( 'NONE', #1653, #2554 ) ;
#888 = ORIENTED_EDGE ( 'NONE', *, *, #2552, .T. ) ;
#889 = ADVANCED_BREP_SHAPE_REPRESENTATION ( '010_007_Left_right_bearing_lock', ( #2469, #1641 ), #875 ) ;
#890 = DIRECTION ( 'NONE',  ( -0.9767254939753935439, -0.2144931453881999128, 1.156482317317871922E-15 ) ) ;
#891 = ORIENTED_EDGE ( 'NONE', *, *, #2055, .T. ) ;
#892 = ADVANCED_FACE ( 'NONE', ( #930 ), #1186, .F. ) ;
#893 = PLANE ( 'NONE',  #2740 ) ;
#894 = FACE_OUTER_BOUND ( 'NONE', #2816, .T. ) ;
#895 = SHAPE_DEFINITION_REPRESENTATION ( #1244, #889 ) ;
#896 = VERTEX_POINT ( 'NONE', #2363 ) ;
#897 = EDGE_CURVE ( 'NONE', #2750, #1374, #2155, .T. ) ;
#898 = DIRECTION ( 'NONE',  ( 0.9767254939753935439, 0.2144931453881997463, 0.000000000000000000 ) ) ;
#900 = ORIENTED_EDGE ( 'NONE', *, *, #557, .T. ) ;
#899 = DIRECTION ( 'NONE',  ( -1.000000000000000000, 0.000000000000000000, 0.000000000000000000 ) ) ;
#901 = DIRECTION ( 'NONE',  ( -0.2144931453881945282, 0.9767254939753946541, 0.000000000000000000 ) ) ;
#902 = ADVANCED_FACE ( 'NONE', ( #2617, #1424 ), #224, .T. ) ;
#903 = DIRECTION ( 'NONE',  ( 0.2144931453881945282, -0.9767254939753947651, 0.000000000000000000 ) ) ;
#904 = FACE_BOUND ( 'NONE', #2854, .T. ) ;
#905 = EDGE_LOOP ( 'NONE', ( #2511, #2757 ) ) ;
#906 = CIRCLE ( 'NONE', #91, 1.900000000000003908 ) ;
#907 = DIRECTION ( 'NONE',  ( -0.2144931453881945838, 0.9767254939753948761, 0.000000000000000000 ) ) ;
#908 = CIRCLE ( 'NONE', #594, 3.549999999999997602 ) ;
#909 = ORIENTED_EDGE ( 'NONE', *, *, #2361, .T. ) ;
#910 = AXIS2_PLACEMENT_3D ( 'NONE', #1496, #1703, #235 ) ;
#911 = CARTESIAN_POINT ( 'NONE',  ( 64.74655330069909098, 12.68287962884262221, 25.99999999999999645 ) ) ;
#912 = DIRECTION ( 'NONE',  ( 0.2144931453881998018, -0.9767254939753935439, -0.000000000000000000 ) ) ;
#913 = ORIENTED_EDGE ( 'NONE', *, *, #2936, .T. ) ;
#914 = AXIS2_PLACEMENT_3D ( 'NONE', #2810, #2095, #1091 ) ;
#915 = CYLINDRICAL_SURFACE ( 'NONE', #2944, 1.900000000000003908 ) ;
#916 = AXIS2_PLACEMENT_3D ( 'NONE', #3137, #1953, #2913 ) ;
#917 = EDGE_CURVE ( 'NONE', #158, #1967, #2938, .T. ) ;
#919 = ORIENTED_EDGE ( 'NONE', *, *, #783, .T. ) ;
#918 = CARTESIAN_POINT ( 'NONE',  ( 64.74655330069909098, 12.68287962884262221, 8.219999999999993534 ) ) ;
#920 = CARTESIAN_POINT ( 'NONE',  ( 76.85698326777804823, 12.78280966675425034, 34.00000000000000000 ) ) ;
#921 = VECTOR ( 'NONE', #1377, 1000.000000000000114 ) ;
#922 = PLANE ( 'NONE',  #1721 ) ;
#923 = DIRECTION ( 'NONE',  ( -0.2144931453881945282, 0.9767254939753947651, -0.000000000000000000 ) ) ;
#924 = CIRCLE ( 'NONE', #53, 5.999999999999997335 ) ;
#925 = EDGE_CURVE ( 'NONE', #2331, #2958, #1903, .T. ) ;
#926 = EDGE_LOOP ( 'NONE', ( #472, #2857 ) ) ;
#927 = AXIS2_PLACEMENT_3D ( 'NONE', #1387, #923, #2641 ) ;
#928 = DIRECTION ( 'NONE',  ( 0.000000000000000000, 0.000000000000000000, 1.000000000000000000 ) ) ;
#929 = ORIENTED_EDGE ( 'NONE', *, *, #1616, .T. ) ;
#930 = FACE_OUTER_BOUND ( 'NONE', #564, .T. ) ;
#931 = FACE_OUTER_BOUND ( 'NONE', #2166, .T. ) ;
#932 = ORIENTED_EDGE ( 'NONE', *, *, #2779, .T. ) ;
#933 = DIRECTION ( 'NONE',  ( 0.2144931453881945560, -0.9767254939753947651, -0.000000000000000000 ) ) ;
#935 = ORIENTED_EDGE ( 'NONE', *, *, #557, .F. ) ;
#934 = DIRECTION ( 'NONE',  ( 0.2144931453881998018, -0.9767254939753936549, 0.000000000000000000 ) ) ;
#936 = DIRECTION ( 'NONE',  ( 0.9767254939753946541, 0.2144931453881950278, 0.000000000000000000 ) ) ;
#937 = EDGE_CURVE ( 'NONE', #714, #284, #1932, .T. ) ;
#938 = CARTESIAN_POINT ( 'NONE',  ( 64.81989995062578203, 11.64956202570934352, -18.80000000000004334 ) ) ;
#939 = CARTESIAN_POINT ( 'NONE',  ( 47.18539007111789374, 7.359699117945409874, -18.05000000000004334 ) ) ;
#940 = ORIENTED_EDGE ( 'NONE', *, *, #1392, .F. ) ;
#941 = EDGE_CURVE ( 'NONE', #1744, #2321, #674, .T. ) ;
#942 = DIRECTION ( 'NONE',  ( 0.9767254939753947651, 0.2144931453881948336, 0.000000000000000000 ) ) ;
#943 = ORIENTED_EDGE ( 'NONE', *, *, #503, .T. ) ;
#944 = CARTESIAN_POINT ( 'NONE',  ( 28.02070856900829909, 2.058152397344510387, 4.000000000000000000 ) ) ;
#945 = CARTESIAN_POINT ( 'NONE',  ( 79.49699679672797004, 7.987465198735109517, -4.900000000000004796 ) ) ;
#946 = ORIENTED_EDGE ( 'NONE', *, *, #3116, .T. ) ;
#947 = DIRECTION ( 'NONE',  ( 0.9767254939753947651, 0.2144931453881948336, 0.000000000000000000 ) ) ;
#948 = EDGE_LOOP ( 'NONE', ( #1027, #149 ) ) ;
#949 = FACE_OUTER_BOUND ( 'NONE', #2735, .T. ) ;
#950 = CARTESIAN_POINT ( 'NONE',  ( 37.90478410475294879, 3.204909042712005718, 25.09999999999999076 ) ) ;
#951 = EDGE_LOOP ( 'NONE', ( #359, #2467 ) ) ;
#952 = SURFACE_SIDE_STYLE ('',( #2848 ) ) ;
#953 = EDGE_CURVE ( 'NONE', #896, #992, #210, .T. ) ;
#954 = ORIENTED_EDGE ( 'NONE', *, *, #2877, .T. ) ;
#955 = VECTOR ( 'NONE', #2794, 1000.000000000000227 ) ;
#956 = DIRECTION ( 'NONE',  ( 0.2144931453881945560, -0.9767254939753947651, -0.000000000000000000 ) ) ;
#957 = CARTESIAN_POINT ( 'NONE',  ( 42.57488458745766025, 7.813885228530608629, 8.219999999999995310 ) ) ;
#958 = ORIENTED_EDGE ( 'NONE', *, *, #760, .F. ) ;
#959 = CIRCLE ( 'NONE', #756, 5.999999999999997335 ) ;
#960 = CARTESIAN_POINT ( 'NONE',  ( 40.71813999068842094, 4.846563287391038699, 40.00000000000000000 ) ) ;
#961 = VECTOR ( 'NONE', #1986, 1000.000000000000000 ) ;
#962 = EDGE_LOOP ( 'NONE', ( #515, #1730 ) ) ;
#963 = AXIS2_PLACEMENT_3D ( 'NONE', #2470, #1234, #2213 ) ;
#964 = CARTESIAN_POINT ( 'NONE',  ( 44.81177920030450679, 8.817031524449973290, 25.99999999999999645 ) ) ;
#966 = ORIENTED_EDGE ( 'NONE', *, *, #285, .F. ) ;
#965 = CARTESIAN_POINT ( 'NONE',  ( 46.57849295454078487, 6.133522159720205202, 49.00000000000000000 ) ) ;
#967 = AXIS2_PLACEMENT_3D ( 'NONE', #3044, #1840, #2807 ) ;
#968 = AXIS2_PLACEMENT_3D ( 'NONE', #2247, #298, #1718 ) ;
#969 = FACE_OUTER_BOUND ( 'NONE', #3135, .T. ) ;
#970 = CIRCLE ( 'NONE', #2192, 3.500000000000004885 ) ;
#971 = LINE ( 'NONE', #1962, #2389 ) ;
#972 = ADVANCED_FACE ( 'NONE', ( #1659 ), #2412, .T. ) ;
#973 = LINE ( 'NONE', #1187, #2188 ) ;
#974 = VERTEX_POINT ( 'NONE', #3133 ) ;
#975 = EDGE_CURVE ( 'NONE', #2267, #1421, #2167, .T. ) ;
#976 = DIRECTION ( 'NONE',  ( -0.9767254939753946541, -0.2144931453881947780, 0.000000000000000000 ) ) ;
#977 = ORIENTED_EDGE ( 'NONE', *, *, #40, .F. ) ;
#978 = PLANE ( 'NONE',  #353 ) ;
#980 = EDGE_LOOP ( 'NONE', ( #966, #1513 ) ) ;
#979 = CARTESIAN_POINT ( 'NONE',  ( 84.00429510395957777, 8.209415575231044926, 34.00000000000000000 ) ) ;
#981 = CARTESIAN_POINT ( 'NONE',  ( 82.71733623163042637, 14.06976853908340885, 4.000000000000000000 ) ) ;
#982 = DIRECTION ( 'NONE',  ( 0.9767254939753935439, 0.2144931453881997463, 0.000000000000000000 ) ) ;
#983 = CYLINDRICAL_SURFACE ( 'NONE', #545, 3.549999999999998934 ) ;
#984 = CARTESIAN_POINT ( 'NONE',  ( 42.00509886301763629, -1.013789676461547495, 43.00000000000000000 ) ) ;
#985 = ORIENTED_EDGE ( 'NONE', *, *, #699, .T. ) ;
#986 = EDGE_CURVE ( 'NONE', #2820, #2771, #719, .T. ) ;
#987 = DIRECTION ( 'NONE',  ( -1.000000000000000000, 0.000000000000000000, 0.000000000000000000 ) ) ;
#988 = ORIENTED_EDGE ( 'NONE', *, *, #2763, .T. ) ;
#989 = EDGE_CURVE ( 'NONE', #2963, #1374, #2589, .T. ) ;
#990 = LINE ( 'NONE', #681, #812 ) ;
#992 = VERTEX_POINT ( 'NONE', #944 ) ;
#991 = CARTESIAN_POINT ( 'NONE',  ( 104.0720996375330429, 23.94172488823012657, -137.4435527053877308 ) ) ;
#993 = DIRECTION ( 'NONE',  ( -1.000000000000000000, 0.000000000000000000, 0.000000000000000000 ) ) ;
#994 = VERTEX_POINT ( 'NONE', #1916 ) ;
#995 = EDGE_LOOP ( 'NONE', ( #1357, #2419, #1674, #1144 ) ) ;
#996 = VECTOR ( 'NONE', #2274, 1000.000000000000000 ) ;
#997 = CARTESIAN_POINT ( 'NONE',  ( 75.99901068622540379, 16.68971164265529694, 28.00000000000000355 ) ) ;
#998 = DIRECTION ( 'NONE',  ( 0.000000000000000000, -0.000000000000000000, 1.000000000000000000 ) ) ;
#999 = VECTOR ( 'NONE', #680, 1000.000000000000114 ) ;
#1000 = ORIENTED_EDGE ( 'NONE', *, *, #2588, .F. ) ;
#1001 = CIRCLE ( 'NONE', #449, 6.000000000000002665 ) ;
#1002 = DIRECTION ( 'NONE',  ( -0.2144931453881945838, 0.9767254939753947651, 0.000000000000000000 ) ) ;
#1003 = DIRECTION ( 'NONE',  ( 0.9767254939753946541, 0.2144931453881945560, -0.000000000000000000 ) ) ;
#1004 = EDGE_LOOP ( 'NONE', ( #1106, #1979 ) ) ;
#1005 = AXIS2_PLACEMENT_3D ( 'NONE', #2675, #1738, #765 ) ;
#1006 = DIRECTION ( 'NONE',  ( 0.2144931453881945282, -0.9767254939753946541, -0.000000000000000000 ) ) ;
#1007 = CIRCLE ( 'NONE', #2742, 3.549999999999998934 ) ;
#1008 = EDGE_CURVE ( 'NONE', #2771, #1744, #959, .T. ) ;
#1010 = ORIENTED_EDGE ( 'NONE', *, *, #2179, .F. ) ;
#1009 = CARTESIAN_POINT ( 'NONE',  ( 71.30686368227944172, 5.421004685184447780, 40.00000000000000000 ) ) ;
#1011 = CIRCLE ( 'NONE', #1680, 4.949999999999995737 ) ;
#1012 = EDGE_CURVE ( 'NONE', #1321, #1030, #1676, .T. ) ;
#1013 = CARTESIAN_POINT ( 'NONE',  ( 48.83539007111789232, 7.359699117945411651, -18.05000000000004334 ) ) ;
#1014 = AXIS2_PLACEMENT_3D ( 'NONE', #2925, #2487, #750 ) ;
#1015 = EDGE_LOOP ( 'NONE', ( #1175, #21, #468, #784 ) ) ;
#1016 = CIRCLE ( 'NONE', #2894, 1.900000000000003908 ) ;
#1017 = CARTESIAN_POINT ( 'NONE',  ( 43.45393753203551768, 8.006929059379984892, 25.99999999999999645 ) ) ;
#1018 = DIRECTION ( 'NONE',  ( 0.9767254939753935439, 0.2144931453881997463, 0.000000000000000000 ) ) ;
#1019 = VECTOR ( 'NONE', #1068, 1000.000000000000114 ) ;
#1020 = VERTEX_POINT ( 'NONE', #1134 ) ;
#1021 = VECTOR ( 'NONE', #380, 1000.000000000000227 ) ;
#1022 = DIRECTION ( 'NONE',  ( 0.9767254939753936549, 0.2144931453881999683, 0.000000000000000000 ) ) ;
#1023 = CYLINDRICAL_SURFACE ( 'NONE', #1946, 1.899999999999999023 ) ;
#1024 = ORIENTED_EDGE ( 'NONE', *, *, #1463, .T. ) ;
#1025 = CARTESIAN_POINT ( 'NONE',  ( 63.17421848704192655, 12.84950265774802425, 8.219999999999993534 ) ) ;
#1027 = ORIENTED_EDGE ( 'NONE', *, *, #2975, .T. ) ;
#1026 = DIRECTION ( 'NONE',  ( 0.2144931453881946393, -0.9767254939753946541, -0.000000000000000000 ) ) ;
#1028 = ADVANCED_FACE ( 'NONE', ( #2104 ), #893, .T. ) ;
#1029 = DIRECTION ( 'NONE',  ( 0.2144931453881945560, -0.9767254939753947651, -0.000000000000000000 ) ) ;
#1030 = VERTEX_POINT ( 'NONE', #2600 ) ;
#1031 = ORIENTED_EDGE ( 'NONE', *, *, #429, .F. ) ;
#1032 = ADVANCED_FACE ( 'NONE', ( #795 ), #983, .F. ) ;
#1033 = CARTESIAN_POINT ( 'NONE',  ( 45.28539007111789516, 7.359699117945410762, -18.05000000000004334 ) ) ;
#1034 = DIRECTION ( 'NONE',  ( -0.9767254939753947651, -0.2144931453881946115, 0.000000000000000000 ) ) ;
#1035 = ORIENTED_EDGE ( 'NONE', *, *, #2164, .F. ) ;
#1036 = EDGE_CURVE ( 'NONE', #2919, #174, #487, .T. ) ;
#1037 = CARTESIAN_POINT ( 'NONE',  ( 72.56224578950266846, 6.464563866478886922, 25.09999999999999787 ) ) ;
#1038 = DIRECTION ( 'NONE',  ( -1.000000000000000000, 0.000000000000000000, 0.000000000000000000 ) ) ;
#1039 = ORIENTED_EDGE ( 'NONE', *, *, #2070, .T. ) ;
#1040 = CARTESIAN_POINT ( 'NONE',  ( 44.81177920030450679, 8.817031524449973290, 8.219999999999995310 ) ) ;
#1042 = ORIENTED_EDGE ( 'NONE', *, *, #1969, .T. ) ;
#1041 = CARTESIAN_POINT ( 'NONE',  ( 45.91296699713516460, 2.403967869993447248, 30.99999999999999645 ) ) ;
#1044 = DIRECTION ( 'NONE',  ( 0.9767254939753935439, 0.2144931453881997463, 0.000000000000000000 ) ) ;
#1043 = DIRECTION ( 'NONE',  ( -1.129565762656107098E-16, -2.480575298273387549E-17, 1.000000000000000000 ) ) ;
#1045 = PRODUCT_RELATED_PRODUCT_CATEGORY ( 'part', '', ( #1726 ) ) ;
#1046 = VERTEX_POINT ( 'NONE', #2182 ) ;
#1047 = CARTESIAN_POINT ( 'NONE',  ( 29.30766744133751800, -3.802200566508147528, -13.80000000000003446 ) ) ;
#1048 = CARTESIAN_POINT ( 'NONE',  ( 104.0720996375330429, 23.94172488823012657, -3.000000000000000000 ) ) ;
#1049 = DIRECTION ( 'NONE',  ( -1.000000000000000000, 0.000000000000000000, -1.129565762656107098E-16 ) ) ;
#1050 = EDGE_CURVE ( 'NONE', #226, #2963, #1777, .T. ) ;
#1051 = EDGE_LOOP ( 'NONE', ( #521, #919, #1456, #2549 ) ) ;
#1052 = CARTESIAN_POINT ( 'NONE',  ( 66.74787440513267711, 10.56280561198642332, 8.219999999999993534 ) ) ;
#1053 = FACE_OUTER_BOUND ( 'NONE', #850, .T. ) ;
#1054 = EDGE_CURVE ( 'NONE', #1648, #4, #68, .T. ) ;
#1055 = DIRECTION ( 'NONE',  ( -0.9767254939753947651, -0.2144931453881945560, 0.000000000000000000 ) ) ;
#1056 = EDGE_LOOP ( 'NONE', ( #1812, #1593, #891, #775 ) ) ;
#1057 = AXIS2_PLACEMENT_3D ( 'NONE', #3023, #1875, #2841 ) ;
#1058 = CARTESIAN_POINT ( 'NONE',  ( 44.81177920030451389, 8.817031524449969737, 8.219999999999995310 ) ) ;
#1059 = AXIS2_PLACEMENT_3D ( 'NONE', #1635, #692, #1124 ) ;
#1061 = ORIENTED_EDGE ( 'NONE', *, *, #2808, .T. ) ;
#1060 = DIRECTION ( 'NONE',  ( -0.2144931453881946670, 0.9767254939753948761, 0.000000000000000000 ) ) ;
#1062 = AXIS2_PLACEMENT_3D ( 'NONE', #2465, #278, #48 ) ;
#1064 = FACE_OUTER_BOUND ( 'NONE', #626, .T. ) ;
#1063 = CARTESIAN_POINT ( 'NONE',  ( 66.32652982122091601, 6.886874608606713188, 46.79999999999999716 ) ) ;
#1065 = ORIENTED_EDGE ( 'NONE', *, *, #2746, .F. ) ;
#1066 = CIRCLE ( 'NONE', #2842, 2.400000000000004352 ) ;
#1067 = DIRECTION ( 'NONE',  ( 0.9767254939753935439, 0.2144931453881997463, 1.224646799147352714E-16 ) ) ;
#1068 = DIRECTION ( 'NONE',  ( 0.2144931453881945282, -0.9767254939753946541, -0.000000000000000000 ) ) ;
#1069 = ORIENTED_EDGE ( 'NONE', *, *, #1050, .F. ) ;
#1070 = EDGE_CURVE ( 'NONE', #2591, #2787, #2941, .T. ) ;
#1071 = DIRECTION ( 'NONE',  ( -0.9767254939753948761, -0.2144931453881941952, 0.000000000000000000 ) ) ;
#1072 = DIRECTION ( 'NONE',  ( 0.9767254939753947651, 0.2144931453881945560, 0.000000000000000000 ) ) ;
#1073 = CIRCLE ( 'NONE', #819, 3.549999999999998934 ) ;
#1074 = CARTESIAN_POINT ( 'NONE',  ( 76.02962129311529793, 7.226014532606993335, -4.900000000000004796 ) ) ;
#1075 = EDGE_LOOP ( 'NONE', ( #929, #262, #530, #1857 ) ) ;
#1076 = AXIS2_PLACEMENT_3D ( 'NONE', #3127, #2150, #2099 ) ;
#1077 = EDGE_CURVE ( 'NONE', #2980, #2787, #1265, .T. ) ;
#1078 = FACE_OUTER_BOUND ( 'NONE', #2745, .T. ) ;
#1080 = ORIENTED_EDGE ( 'NONE', *, *, #1817, .T. ) ;
#1079 = DIRECTION ( 'NONE',  ( -0.2144931453881946115, 0.9767254939753946541, -0.000000000000000000 ) ) ;
#1081 = DIRECTION ( 'NONE',  ( -0.9767254939753946541, -0.2144931453881949446, 0.000000000000000000 ) ) ;
#1082 = EDGE_LOOP ( 'NONE', ( #489, #831, #2809, #363, #2464, #386 ) ) ;
#1083 = DIRECTION ( 'NONE',  ( -0.2144931453881946670, 0.9767254939753948761, 0.000000000000000000 ) ) ;
#1084 = PLANE ( 'NONE',  #2651 ) ;
#1085 = ORIENTED_EDGE ( 'NONE', *, *, #1655, .F. ) ;
#1086 = CARTESIAN_POINT ( 'NONE',  ( 0.000000000000000000, 0.000000000000000000, 4.500000000000000000 ) ) ;
#1087 = DIRECTION ( 'NONE',  ( 0.2144931453881945560, -0.9767254939753947651, -0.000000000000000000 ) ) ;
#1088 = CARTESIAN_POINT ( 'NONE',  ( 34.19322722764644595, 2.389835090236844817, -4.900000000000010125 ) ) ;
#1089 = EDGE_CURVE ( 'NONE', #1121, #1165, #2334, .T. ) ;
#1090 = ORIENTED_EDGE ( 'NONE', *, *, #3093, .T. ) ;
#1091 = DIRECTION ( 'NONE',  ( 0.9767254939753935439, 0.2144931453881997463, 0.000000000000000000 ) ) ;
#1092 = ADVANCED_FACE ( 'NONE', ( #2909 ), #265, .F. ) ;
#1094 = ORIENTED_EDGE ( 'NONE', *, *, #1677, .F. ) ;
#1093 = DIRECTION ( 'NONE',  ( -0.03926383411322624528, 0.9992288783510657746, 0.000000000000000000 ) ) ;
#1095 = CARTESIAN_POINT ( 'NONE',  ( 77.16721664613179144, 6.707963557513643593, 40.00000000000000000 ) ) ;
#1096 = ORIENTED_EDGE ( 'NONE', *, *, #179, .F. ) ;
#1097 = FACE_BOUND ( 'NONE', #3081, .T. ) ;
#1098 = ORIENTED_EDGE ( 'NONE', *, *, #2359, .F. ) ;
#1099 = LINE ( 'NONE', #1345, #2989 ) ;
#1100 = CARTESIAN_POINT ( 'NONE',  ( 45.28539007111789516, 7.359699117945409874, -13.80000000000004157 ) ) ;
#1101 = CARTESIAN_POINT ( 'NONE',  ( 0.000000000000000000, 0.000000000000000000, 0.000000000000000000 ) ) ;
#1102 = EDGE_LOOP ( 'NONE', ( #2709, #1720 ) ) ;
#1103 = ADVANCED_FACE ( 'NONE', ( #31 ), #1484, .F. ) ;
#1104 = CARTESIAN_POINT ( 'NONE',  ( 44.91902577299860155, 8.328668777462276296, 25.99999999999999645 ) ) ;
#1106 = ORIENTED_EDGE ( 'NONE', *, *, #2721, .T. ) ;
#1105 = DIRECTION ( 'NONE',  ( -0.2144931453881946670, 0.9767254939753948761, 0.000000000000000000 ) ) ;
#1107 = VECTOR ( 'NONE', #2128, 1000.000000000000114 ) ;
#1108 = EDGE_CURVE ( 'NONE', #2249, #1201, #1881, .T. ) ;
#1109 = FACE_OUTER_BOUND ( 'NONE', #1056, .T. ) ;
#1110 = CIRCLE ( 'NONE', #2885, 6.000000000000000888 ) ;
#1111 = DIRECTION ( 'NONE',  ( -0.9767254939753936549, -0.2144931453881995798, -1.156482317317871478E-16 ) ) ;
#1112 = ORIENTED_EDGE ( 'NONE', *, *, #2066, .T. ) ;
#1113 = AXIS2_PLACEMENT_3D ( 'NONE', #781, #2452, #504 ) ;
#1114 = EDGE_CURVE ( 'NONE', #2677, #1643, #971, .T. ) ;
#1115 = DIRECTION ( 'NONE',  ( 0.2144931453881997740, -0.9767254939753936549, -0.000000000000000000 ) ) ;
#1116 = AXIS2_PLACEMENT_3D ( 'NONE', #788, #2762, #1761 ) ;
#1117 = EDGE_LOOP ( 'NONE', ( #1453, #122 ) ) ;
#1118 = AXIS2_PLACEMENT_3D ( 'NONE', #2901, #436, #2170 ) ;
#1119 = DIRECTION ( 'NONE',  ( -1.000000000000000000, 0.000000000000000000, 0.000000000000000000 ) ) ;
#1120 = CARTESIAN_POINT ( 'NONE',  ( 76.19049115215646850, 6.493470412125451396, 25.09999999999999787 ) ) ;
#1121 = VERTEX_POINT ( 'NONE', #2738 ) ;
#1122 = VECTOR ( 'NONE', #98, 1000.000000000000114 ) ;
#1123 = DIRECTION ( 'NONE',  ( -0.9767254939753946541, -0.2144931453881947780, 0.000000000000000000 ) ) ;
#1125 = ORIENTED_EDGE ( 'NONE', *, *, #2151, .F. ) ;
#1124 = DIRECTION ( 'NONE',  ( 0.9767254939753946541, 0.2144931453881948336, 0.000000000000000000 ) ) ;
#1126 = CIRCLE ( 'NONE', #718, 1.900000000000003908 ) ;
#1127 = CARTESIAN_POINT ( 'NONE',  ( 33.49322603048690183, -2.115161949049107371, -4.900000000000009237 ) ) ;
#1128 = FACE_OUTER_BOUND ( 'NONE', #3060, .T. ) ;
#1129 = ORIENTED_EDGE ( 'NONE', *, *, #429, .T. ) ;
#1130 = EDGE_CURVE ( 'NONE', #1688, #2491, #2438, .T. ) ;
#1131 = CARTESIAN_POINT ( 'NONE',  ( 46.27686744126760487, 9.138771242532261141, 8.219999999999995310 ) ) ;
#1132 = EDGE_CURVE ( 'NONE', #2358, #3142, #350, .T. ) ;
#1133 = EDGE_LOOP ( 'NONE', ( #1169, #455, #2014, #2000 ) ) ;
#1134 = CARTESIAN_POINT ( 'NONE',  ( 61.86424693525571428, 9.490339885045449009, 8.219999999999993534 ) ) ;
#1135 = LINE ( 'NONE', #2583, #105 ) ;
#1136 = ADVANCED_FACE ( 'NONE', ( #2246 ), #1242, .T. ) ;
#1137 = EDGE_LOOP ( 'NONE', ( #272, #2097 ) ) ;
#1138 = FACE_BOUND ( 'NONE', #2683, .T. ) ;
#1140 = ORIENTED_EDGE ( 'NONE', *, *, #2051, .T. ) ;
#1139 = CARTESIAN_POINT ( 'NONE',  ( 76.02962129311532635, 7.226014532606999552, -4.900000000000004796 ) ) ;
#1141 = CARTESIAN_POINT ( 'NONE',  ( 0.000000000000000000, 0.000000000000000000, 4.500000000000000000 ) ) ;
#1142 = DIRECTION ( 'NONE',  ( 0.2144931453881948891, -0.9767254939753945431, -6.193790701149349628E-31 ) ) ;
#1143 = FACE_BOUND ( 'NONE', #90, .T. ) ;
#1144 = ORIENTED_EDGE ( 'NONE', *, *, #1012, .F. ) ;
#1145 = FACE_OUTER_BOUND ( 'NONE', #1487, .T. ) ;
#1146 = VERTEX_POINT ( 'NONE', #518 ) ;
#1147 = DIRECTION ( 'NONE',  ( 0.9767254939753948761, 0.2144931453881940564, 0.000000000000000000 ) ) ;
#1148 = EDGE_CURVE ( 'NONE', #1438, #1869, #2888, .T. ) ;
#1149 = CARTESIAN_POINT ( 'NONE',  ( 47.15592038584544810, 9.331815073381639181, 25.99999999999999645 ) ) ;
#1150 =( NAMED_UNIT ( * ) SI_UNIT ( $, .STERADIAN. ) SOLID_ANGLE_UNIT ( ) );
#1151 = ORIENTED_EDGE ( 'NONE', *, *, #220, .T. ) ;
#1152 = EDGE_CURVE ( 'NONE', #2355, #974, #2178, .T. ) ;
#1153 = DIRECTION ( 'NONE',  ( 1.129565762656107098E-16, 2.480575298273387549E-17, -1.000000000000000000 ) ) ;
#1155 = EDGE_LOOP ( 'NONE', ( #1125, #778, #321, #1782 ) ) ;
#1154 = LINE ( 'NONE', #2335, #753 ) ;
#1156 = CARTESIAN_POINT ( 'NONE',  ( 66.10439496896809430, 13.49298209391260706, 8.219999999999993534 ) ) ;
#1157 = CLOSED_SHELL ( 'NONE', ( #2613, #36, #639, #2875, #2129, #2160, #881, #1434, #722, #2102, #3100, #739, #269, #2648, #705, #1939, #1232, #1304, #2212, #842, #2783, #2451, #1893, #1193, #1813, #63, #2420, #57, #1028, #578, #796, #2144, #499, #1450, #660, #972, #2490, #2516, #2896, #877, #1291, #602, #1177, #2436, #3074, #1870, #1136, #1246, #2508, #2845, #2118, #627, #1032, #1644, #2593, #2616, #1697, #2087, #7, #371, #3112, #684, #2766, #2576, #2324, #1802, #1755, #1287, #1750, #2374, #2512, #1794, #447, #1623, #2431, #22, #902, #2954, #1596, #1103, #232, #1858, #1352, #2802, #2632, #1539, #216, #1928, #1190, #2216, #1368, #2030, #1250, #393, #1956, #2343, #892, #163, #2013, #2859, #1211, #754, #1737, #1092, #311, #3055, #2199, #1772, #1701, #3002 ) ) ;
#1158 = CARTESIAN_POINT ( 'NONE',  ( 68.05784595691889649, 13.92196838468899678, 8.219999999999993534 ) ) ;
#1159 = DIRECTION ( 'NONE',  ( -1.129565762656107098E-16, -2.480575298273387549E-17, 1.000000000000000000 ) ) ;
#1160 = AXIS2_PLACEMENT_3D ( 'NONE', #2499, #2734, #327 ) ;
#1161 = EDGE_LOOP ( 'NONE', ( #2307, #567, #2050, #2761, #1094, #679, #932, #2089, #1215, #1803, #1065, #1233, #642, #524, #853, #748, #418, #700, #1061, #1918 ) ) ;
#1162 = CIRCLE ( 'NONE', #2932, 5.999999999999997335 ) ;
#1163 = FACE_OUTER_BOUND ( 'NONE', #787, .T. ) ;
#1164 = AXIS2_PLACEMENT_3D ( 'NONE', #3020, #840, #591 ) ;
#1165 = VERTEX_POINT ( 'NONE', #1017 ) ;
#1166 = VECTOR ( 'NONE', #532, 1000.000000000000000 ) ;
#1167 = CARTESIAN_POINT ( 'NONE',  ( 44.81177920030451389, 8.817031524449969737, 25.99999999999999645 ) ) ;
#1168 = DIRECTION ( 'NONE',  ( 1.129565762656107098E-16, 2.480575298273387549E-17, -1.000000000000000000 ) ) ;
#1169 = ORIENTED_EDGE ( 'NONE', *, *, #1108, .F. ) ;
#1170 = CIRCLE ( 'NONE', #2543, 3.549999999999997602 ) ;
#1171 = EDGE_CURVE ( 'NONE', #2969, #527, #1216, .T. ) ;
#1172 = CARTESIAN_POINT ( 'NONE',  ( 64.81989995062578203, 11.64956202570934352, -13.80000000000004157 ) ) ;
#1173 = AXIS2_PLACEMENT_3D ( 'NONE', #1532, #2710, #800 ) ;
#1175 = ORIENTED_EDGE ( 'NONE', *, *, #2106, .F. ) ;
#1174 = DIRECTION ( 'NONE',  ( 0.2144931453881998018, -0.9767254939753936549, 0.000000000000000000 ) ) ;
#1176 = CYLINDRICAL_SURFACE ( 'NONE', #2584, 1.499999999999994005 ) ;
#1177 = ADVANCED_FACE ( 'NONE', ( #2720, #2113, #2371, #3034, #3083, #631 ), #2797, .F. ) ;
#1178 = AXIS2_PLACEMENT_3D ( 'NONE', #178, #654, #2423 ) ;
#1179 = DIRECTION ( 'NONE',  ( -0.9767254939753948761, -0.2144931453881940564, 0.000000000000000000 ) ) ;
#1180 = CARTESIAN_POINT ( 'NONE',  ( 66.71989995062578771, 11.64956202570934352, -18.05000000000004334 ) ) ;
#1181 = CIRCLE ( 'NONE', #2239, 3.549999999999998934 ) ;
#1182 = ORIENTED_EDGE ( 'NONE', *, *, #2493, .F. ) ;
#1183 = AXIS2_PLACEMENT_3D ( 'NONE', #2760, #2965, #1982 ) ;
#1184 = CARTESIAN_POINT ( 'NONE',  ( -1.061741069671561233, 4.834791195178203438, -137.4435527053877308 ) ) ;
#1185 = ORIENTED_EDGE ( 'NONE', *, *, #1732, .T. ) ;
#1186 = PLANE ( 'NONE',  #1673 ) ;
#1187 = CARTESIAN_POINT ( 'NONE',  ( 41.39323997139063493, 8.066305515591288611, 25.99999999999999645 ) ) ;
#1188 = VERTEX_POINT ( 'NONE', #2843 ) ;
#1189 = DIRECTION ( 'NONE',  ( 0.9767254939753936549, 0.2144931453881997463, 0.000000000000000000 ) ) ;
#1190 = ADVANCED_FACE ( 'NONE', ( #872 ), #2356, .T. ) ;
#1191 = ORIENTED_EDGE ( 'NONE', *, *, #136, .F. ) ;
#1192 = DIRECTION ( 'NONE',  ( -0.2144931453881945282, 0.9767254939753947651, -0.000000000000000000 ) ) ;
#1193 = ADVANCED_FACE ( 'NONE', ( #1109 ), #2813, .F. ) ;
#1194 = CARTESIAN_POINT ( 'NONE',  ( 28.02070856900829909, 2.058152397344510387, 4.000000000000000000 ) ) ;
#1195 = VERTEX_POINT ( 'NONE', #1127 ) ;
#1196 = EDGE_CURVE ( 'NONE', #1648, #2480, #185, .T. ) ;
#1197 = DIRECTION ( 'NONE',  ( 0.2144931453881942507, -0.9767254939753947651, 0.000000000000000000 ) ) ;
#1198 = ORIENTED_EDGE ( 'NONE', *, *, #1408, .T. ) ;
#1199 = CARTESIAN_POINT ( 'NONE',  ( 44.81177920030451389, 8.817031524449969737, 25.99999999999999645 ) ) ;
#1200 = CARTESIAN_POINT ( 'NONE',  ( 0.000000000000000000, 0.000000000000000000, 4.500000000000000000 ) ) ;
#1201 = VERTEX_POINT ( 'NONE', #1158 ) ;
#1202 = CARTESIAN_POINT ( 'NONE',  ( 37.90478410475294879, 3.204909042712005718, 25.09999999999999076 ) ) ;
#1203 = VERTEX_POINT ( 'NONE', #2130 ) ;
#1204 = DIRECTION ( 'NONE',  ( 0.2144931453881997740, -0.9767254939753935439, -0.000000000000000000 ) ) ;
#1205 = DIRECTION ( 'NONE',  ( 0.2144931453881945560, -0.9767254939753947651, -0.000000000000000000 ) ) ;
#1206 = VERTEX_POINT ( 'NONE', #1048 ) ;
#1207 = EDGE_CURVE ( 'NONE', #2078, #1351, #1606, .T. ) ;
#1208 = DIRECTION ( 'NONE',  ( 0.9767254939753936549, 0.2144931453881997740, 0.000000000000000000 ) ) ;
#1209 = ORIENTED_EDGE ( 'NONE', *, *, #25, .T. ) ;
#1210 = AXIS2_PLACEMENT_3D ( 'NONE', #807, #1285, #3049 ) ;
#1211 = ADVANCED_FACE ( 'NONE', ( #3102 ), #922, .T. ) ;
#1212 = CARTESIAN_POINT ( 'NONE',  ( 48.83539007111789232, 7.359699117945411651, -18.05000000000004334 ) ) ;
#1213 = CARTESIAN_POINT ( 'NONE',  ( 75.11802542521544979, 11.37709788200241690, 25.09999999999999787 ) ) ;
#1214 = VECTOR ( 'NONE', #1650, 1000.000000000000227 ) ;
#1215 = ORIENTED_EDGE ( 'NONE', *, *, #1196, .T. ) ;
#1216 = CIRCLE ( 'NONE', #2837, 1.500000000000001110 ) ;
#1217 = CARTESIAN_POINT ( 'NONE',  ( 43.38539007111789658, 7.359699117945409874, -13.80000000000004157 ) ) ;
#1218 = CIRCLE ( 'NONE', #2994, 1.900000000000003908 ) ;
#1219 = ORIENTED_EDGE ( 'NONE', *, *, #2202, .T. ) ;
#1220 = DIRECTION ( 'NONE',  ( -1.000000000000000000, 0.000000000000000000, 0.000000000000000000 ) ) ;
#1222 = ORIENTED_EDGE ( 'NONE', *, *, #1171, .F. ) ;
#1221 = DIRECTION ( 'NONE',  ( 0.2144931453881998018, -0.9767254939753935439, -0.000000000000000000 ) ) ;
#1223 = AXIS2_PLACEMENT_3D ( 'NONE', #2631, #1950, #448 ) ;
#1224 = AXIS2_PLACEMENT_3D ( 'NONE', #292, #1702, #2208 ) ;
#1225 = DIRECTION ( 'NONE',  ( 0.9767254939753947651, 0.2144931453881948336, 0.000000000000000000 ) ) ;
#1226 = EDGE_CURVE ( 'NONE', #413, #588, #1898, .T. ) ;
#1227 = CARTESIAN_POINT ( 'NONE',  ( 29.30766744133753221, -3.802200566508144419, 4.000000000000003553 ) ) ;
#1228 = CIRCLE ( 'NONE', #2700, 3.549999999999998934 ) ;
#1229 = CARTESIAN_POINT ( 'NONE',  ( 82.71733623163042637, 14.06976853908340885, 34.00000000000000000 ) ) ;
#1230 = CARTESIAN_POINT ( 'NONE',  ( 66.21164154166220328, 13.00461934692491894, 25.99999999999999645 ) ) ;
#1231 = CIRCLE ( 'NONE', #2955, 3.500000000000004885 ) ;
#1232 = ADVANCED_FACE ( 'NONE', ( #2610 ), #1620, .F. ) ;
#1233 = ORIENTED_EDGE ( 'NONE', *, *, #799, .T. ) ;
#1234 = DIRECTION ( 'NONE',  ( 0.2144931453881998018, -0.9767254939753936549, 0.000000000000000000 ) ) ;
#1235 = EDGE_LOOP ( 'NONE', ( #2948, #1708, #2008, #2579 ) ) ;
#1236 = FACE_OUTER_BOUND ( 'NONE', #332, .T. ) ;
#1238 = ORIENTED_EDGE ( 'NONE', *, *, #1132, .T. ) ;
#1237 = CARTESIAN_POINT ( 'NONE',  ( 40.42797703771218920, -0.5922606167928893273, 25.09999999999999076 ) ) ;
#1239 = CARTESIAN_POINT ( 'NONE',  ( 55.05977063380620962, -32.48719980242296401, 49.00000000000000000 ) ) ;
#1240 = ORIENTED_EDGE ( 'NONE', *, *, #2276, .T. ) ;
#1241 = EDGE_CURVE ( 'NONE', #2108, #1688, #2825, .T. ) ;
#1242 = CYLINDRICAL_SURFACE ( 'NONE', #43, 6.000000000000000888 ) ;
#1243 = FACE_OUTER_BOUND ( 'NONE', #3054, .T. ) ;
#1244 = PRODUCT_DEFINITION_SHAPE ( 'NONE', 'NONE',  #2703 ) ;
#1245 = ORIENTED_EDGE ( 'NONE', *, *, #356, .T. ) ;
#1246 = ADVANCED_FACE ( 'NONE', ( #1640, #3068 ), #886, .T. ) ;
#1247 = LINE ( 'NONE', #2725, #2342 ) ;
#1248 = DIRECTION ( 'NONE',  ( -0.2144931453881945838, 0.9767254939753948761, 0.000000000000000000 ) ) ;
#1249 = EDGE_LOOP ( 'NONE', ( #2082, #866 ) ) ;
#1250 = ADVANCED_FACE ( 'NONE', ( #316 ), #615, .F. ) ;
#1251 = LINE ( 'NONE', #58, #961 ) ;
#1253 = ORIENTED_EDGE ( 'NONE', *, *, #2657, .T. ) ;
#1252 = LINE ( 'NONE', #1521, #2428 ) ;
#1255 = DIRECTION ( 'NONE',  ( 0.2144931453881997740, -0.9767254939753936549, -0.000000000000000000 ) ) ;
#1254 = CARTESIAN_POINT ( 'NONE',  ( 43.34669095934141581, 8.495291806367678333, 8.219999999999995310 ) ) ;
#1256 = CARTESIAN_POINT ( 'NONE',  ( 64.74655330069909098, 12.68287962884262221, 25.99999999999999645 ) ) ;
#1257 = DIRECTION ( 'NONE',  ( -0.9767254939753947651, -0.2144931453881945560, 0.000000000000000000 ) ) ;
#1258 = CARTESIAN_POINT ( 'NONE',  ( 109.0220996375330316, 23.94172488823012657, -3.000000000000000000 ) ) ;
#1259 = EDGE_LOOP ( 'NONE', ( #2555, #772, #1380, #1405 ) ) ;
#1260 = CIRCLE ( 'NONE', #704, 1.500000000000007772 ) ;
#1261 = CARTESIAN_POINT ( 'NONE',  ( 76.02962129311531214, 7.226014532606995999, 25.09999999999999787 ) ) ;
#1262 = CARTESIAN_POINT ( 'NONE',  ( 0.000000000000000000, 0.000000000000000000, 34.00000000000000000 ) ) ;
#1263 = EDGE_CURVE ( 'NONE', #2309, #2152, #2564, .T. ) ;
#1264 = VERTEX_POINT ( 'NONE', #2084 ) ;
#1265 = CIRCLE ( 'NONE', #1929, 3.549999999999997602 ) ;
#1266 = CARTESIAN_POINT ( 'NONE',  ( 35.10482309554629410, -1.761248259158580964, -4.900000000000010125 ) ) ;
#1267 = EDGE_CURVE ( 'NONE', #2185, #146, #1322, .T. ) ;
#1269 = EDGE_LOOP ( 'NONE', ( #1705, #1240 ) ) ;
#1268 = LINE ( 'NONE', #1237, #701 ) ;
#1270 = AXIS2_PLACEMENT_3D ( 'NONE', #1429, #3124, #2855 ) ;
#1272 = CYLINDRICAL_SURFACE ( 'NONE', #3136, 1.500000000000000666 ) ;
#1271 = DIRECTION ( 'NONE',  ( -0.2144931453881945838, 0.9767254939753948761, 0.000000000000000000 ) ) ;
#1273 = EDGE_CURVE ( 'NONE', #1679, #1570, #759, .T. ) ;
#1274 = EDGE_LOOP ( 'NONE', ( #1542, #798, #189, #2386 ) ) ;
#1275 = DIRECTION ( 'NONE',  ( 0.2144931453881997740, -0.9767254939753935439, -0.000000000000000000 ) ) ;
#1276 = AXIS2_PLACEMENT_3D ( 'NONE', #3071, #2828, #942 ) ;
#1277 = DIRECTION ( 'NONE',  ( -0.2144931453881945838, 0.9767254939753948761, 0.000000000000000000 ) ) ;
#1278 = CARTESIAN_POINT ( 'NONE',  ( 45.45525863646909670, 5.886855042523785997, 25.99999999999999645 ) ) ;
#1279 = AXIS2_PLACEMENT_3D ( 'NONE', #873, #128, #77 ) ;
#1280 = ORIENTED_EDGE ( 'NONE', *, *, #2708, .T. ) ;
#1281 = FACE_BOUND ( 'NONE', #2966, .T. ) ;
#1282 = FACE_OUTER_BOUND ( 'NONE', #3005, .T. ) ;
#1283 = ORIENTED_EDGE ( 'NONE', *, *, #583, .T. ) ;
#1284 = CARTESIAN_POINT ( 'NONE',  ( 77.88539973166855646, 7.633551508844572453, 25.09999999999999787 ) ) ;
#1286 = ORIENTED_EDGE ( 'NONE', *, *, #828, .F. ) ;
#1285 = DIRECTION ( 'NONE',  ( -1.129565762656107098E-16, -2.480575298273387549E-17, 1.000000000000000000 ) ) ;
#1287 = ADVANCED_FACE ( 'NONE', ( #2872, #440 ), #978, .T. ) ;
#1288 = DIRECTION ( 'NONE',  ( 0.2144931453881945282, -0.9767254939753947651, 0.000000000000000000 ) ) ;
#1289 = VERTEX_POINT ( 'NONE', #727 ) ;
#1290 = CARTESIAN_POINT ( 'NONE',  ( 45.28539007111789516, 7.359699117945409874, -13.80000000000004157 ) ) ;
#1291 = ADVANCED_FACE ( 'NONE', ( #694 ), #2205, .T. ) ;
#1292 = DIRECTION ( 'NONE',  ( 0.9767254939753936549, 0.2144931453881998018, 0.000000000000000000 ) ) ;
#1293 = CARTESIAN_POINT ( 'NONE',  ( 0.000000000000000000, 0.000000000000000000, 4.500000000000000000 ) ) ;
#1294 = ORIENTED_EDGE ( 'NONE', *, *, #2493, .T. ) ;
#1295 = DIRECTION ( 'NONE',  ( -0.2144931453881946670, 0.9767254939753947651, 0.000000000000000000 ) ) ;
#1296 = FACE_OUTER_BOUND ( 'NONE', #794, .T. ) ;
#1297 = ORIENTED_EDGE ( 'NONE', *, *, #3019, .F. ) ;
#1298 = FACE_OUTER_BOUND ( 'NONE', #2661, .T. ) ;
#1300 = EDGE_LOOP ( 'NONE', ( #1495, #650, #1286, #2971 ) ) ;
#1299 = CARTESIAN_POINT ( 'NONE',  ( 0.000000000000000000, 0.000000000000000000, -3.000000000000000000 ) ) ;
#1302 = DIRECTION ( 'NONE',  ( -1.196143749842582671E-16, -2.626783439387066964E-17, 1.000000000000000000 ) ) ;
#1301 = CARTESIAN_POINT ( 'NONE',  ( 44.91902577299860155, 8.328668777462276296, 8.219999999999995310 ) ) ;
#1303 = ORIENTED_EDGE ( 'NONE', *, *, #624, .F. ) ;
#1304 = ADVANCED_FACE ( 'NONE', ( #1236 ), #1435, .F. ) ;
#1305 = DIRECTION ( 'NONE',  ( 0.000000000000000000, 0.000000000000000000, 1.000000000000000000 ) ) ;
#1306 = CYLINDRICAL_SURFACE ( 'NONE', #8, 3.549999999999998934 ) ;
#1307 = EDGE_CURVE ( 'NONE', #293, #1908, #1574, .T. ) ;
#1308 = ORIENTED_EDGE ( 'NONE', *, *, #1070, .F. ) ;
#1309 = FACE_OUTER_BOUND ( 'NONE', #662, .T. ) ;
#1310 = FACE_OUTER_BOUND ( 'NONE', #1133, .T. ) ;
#1311 = FACE_OUTER_BOUND ( 'NONE', #352, .T. ) ;
#1312 = VERTEX_POINT ( 'NONE', #1709 ) ;
#1313 = CIRCLE ( 'NONE', #38, 1.900000000000003908 ) ;
#1314 = CARTESIAN_POINT ( 'NONE',  ( 41.73539007111789800, 7.359699117945410762, -18.05000000000004334 ) ) ;
#1315 = VECTOR ( 'NONE', #132, 999.9999999999998863 ) ;
#1317 = ORIENTED_EDGE ( 'NONE', *, *, #709, .F. ) ;
#1316 = DIRECTION ( 'NONE',  ( -0.2144931453881945282, 0.9767254939753947651, -0.000000000000000000 ) ) ;
#1318 = VECTOR ( 'NONE', #1400, 1000.000000000000000 ) ;
#1320 = CARTESIAN_POINT ( 'NONE',  ( 0.000000000000000000, 0.000000000000000000, -13.80000000000004867 ) ) ;
#1319 = CARTESIAN_POINT ( 'NONE',  ( 71.30686368227947014, 5.421004685184446004, -18.80000000000003979 ) ) ;
#1321 = VERTEX_POINT ( 'NONE', #203 ) ;
#1322 = CIRCLE ( 'NONE', #657, 4.949999999999995737 ) ;
#1323 = CARTESIAN_POINT ( 'NONE',  ( 47.26316695853954997, 8.843452326393942187, 25.99999999999999645 ) ) ;
#1324 = AXIS2_PLACEMENT_3D ( 'NONE', #1172, #2635, #2678 ) ;
#1325 = EDGE_CURVE ( 'NONE', #2171, #858, #1667, .T. ) ;
#1326 = LINE ( 'NONE', #1609, #2949 ) ;
#1327 = ORIENTED_EDGE ( 'NONE', *, *, #2123, .T. ) ;
#1328 = CIRCLE ( 'NONE', #1834, 1.900000000000003908 ) ;
#1329 = CARTESIAN_POINT ( 'NONE',  ( 65.57580381236223843, 10.30541383752059303, 46.79999999999999716 ) ) ;
#1330 = EDGE_CURVE ( 'NONE', #413, #1477, #1170, .T. ) ;
#1331 = CARTESIAN_POINT ( 'NONE',  ( -1.061741069671561233, 4.834791195178203438, -3.000000000000000000 ) ) ;
#1332 = VECTOR ( 'NONE', #1913, 1000.000000000000000 ) ;
#1333 = CARTESIAN_POINT ( 'NONE',  ( 64.74655330069909098, 12.68287962884262221, 8.219999999999993534 ) ) ;
#1334 = ORIENTED_EDGE ( 'NONE', *, *, #1050, .T. ) ;
#1335 = VECTOR ( 'NONE', #1900, 1000.000000000000114 ) ;
#1336 = LINE ( 'NONE', #181, #1885 ) ;
#1338 = EDGE_LOOP ( 'NONE', ( #711, #717, #803, #2273 ) ) ;
#1337 = CARTESIAN_POINT ( 'NONE',  ( 44.91902577299860155, 8.328668777462276296, 25.99999999999999645 ) ) ;
#1339 = LINE ( 'NONE', #595, #2899 ) ;
#1340 = ORIENTED_EDGE ( 'NONE', *, *, #175, .T. ) ;
#1341 = LINE ( 'NONE', #1638, #996 ) ;
#1342 = CARTESIAN_POINT ( 'NONE',  ( 44.91902577299860155, 8.328668777462276296, 8.219999999999995310 ) ) ;
#1343 = VERTEX_POINT ( 'NONE', #218 ) ;
#1344 = EDGE_CURVE ( 'NONE', #1046, #217, #2083, .T. ) ;
#1345 = CARTESIAN_POINT ( 'NONE',  ( 62.40241211515813546, 12.16809607991095277, 8.219999999999993534 ) ) ;
#1346 = DIRECTION ( 'NONE',  ( -0.9767254939753947651, -0.2144931453881946115, 0.000000000000000000 ) ) ;
#1347 = EDGE_LOOP ( 'NONE', ( #2476, #2010, #2017, #2003 ) ) ;
#1348 = EDGE_CURVE ( 'NONE', #1516, #994, #1472, .T. ) ;
#1349 = DIRECTION ( 'NONE',  ( -0.2144931453881946670, 0.9767254939753948761, 0.000000000000000000 ) ) ;
#1351 = VERTEX_POINT ( 'NONE', #2388 ) ;
#1350 = CARTESIAN_POINT ( 'NONE',  ( 65.28278616416959323, 10.24106589390413191, 25.99999999999999645 ) ) ;
#1352 = ADVANCED_FACE ( 'NONE', ( #949 ), #2446, .F. ) ;
#1353 = CARTESIAN_POINT ( 'NONE',  ( 42.00509886301763629, -1.013789676461547495, 34.00000000000000000 ) ) ;
#1354 = CARTESIAN_POINT ( 'NONE',  ( 109.0220996375330316, 23.94172488823012657, 4.500000000000000000 ) ) ;
#1355 = ORIENTED_EDGE ( 'NONE', *, *, #2529, .F. ) ;
#1356 = DIRECTION ( 'NONE',  ( 0.9767254939753936549, 0.2144931453881999683, 0.000000000000000000 ) ) ;
#1357 = ORIENTED_EDGE ( 'NONE', *, *, #1463, .F. ) ;
#1358 = FACE_OUTER_BOUND ( 'NONE', #3123, .T. ) ;
#1359 = DIRECTION ( 'NONE',  ( 0.000000000000000000, 0.000000000000000000, 1.000000000000000000 ) ) ;
#1360 = ORIENTED_EDGE ( 'NONE', *, *, #2276, .F. ) ;
#1361 = DIRECTION ( 'NONE',  ( -0.2144931453881945282, 0.9767254939753947651, -0.000000000000000000 ) ) ;
#1362 = EDGE_CURVE ( 'NONE', #527, #2969, #1724, .T. ) ;
#1364 = ORIENTED_EDGE ( 'NONE', *, *, #1855, .T. ) ;
#1363 = CARTESIAN_POINT ( 'NONE',  ( 72.56224578950268267, 6.464563866478890475, -4.900000000000003908 ) ) ;
#1365 = CIRCLE ( 'NONE', #1210, 1.899999999999999023 ) ;
#1366 = DIRECTION ( 'NONE',  ( -0.6906492201477817394, -0.1516695576220246089, -0.7071067811865477948 ) ) ;
#1367 = VECTOR ( 'NONE', #1664, 1000.000000000000114 ) ;
#1368 = ADVANCED_FACE ( 'NONE', ( #713 ), #480, .T. ) ;
#1369 = CARTESIAN_POINT ( 'NONE',  ( 67.09069448624003940, 13.19766317777428988, 25.99999999999999645 ) ) ;
#1370 = VERTEX_POINT ( 'NONE', #457 ) ;
#1371 = AXIS2_PLACEMENT_3D ( 'NONE', #1199, #2649, #1406 ) ;
#1372 = DIRECTION ( 'NONE',  ( 0.000000000000000000, 0.000000000000000000, -1.000000000000000000 ) ) ;
#1373 = VECTOR ( 'NONE', #88, 1000.000000000000000 ) ;
#1374 = VERTEX_POINT ( 'NONE', #260 ) ;
#1375 = AXIS2_PLACEMENT_3D ( 'NONE', #883, #611, #2065 ) ;
#1376 = CARTESIAN_POINT ( 'NONE',  ( 38.81637997265279694, -0.9461743066834201743, 25.09999999999999076 ) ) ;
#1377 = DIRECTION ( 'NONE',  ( 0.9767254939753947651, 0.2144931453881942507, 0.000000000000000000 ) ) ;
#1378 = DIRECTION ( 'NONE',  ( 0.2144931453881998018, -0.9767254939753935439, -0.000000000000000000 ) ) ;
#1379 = CIRCLE ( 'NONE', #1178, 3.549999999999997602 ) ;
#1380 = ORIENTED_EDGE ( 'NONE', *, *, #2960, .F. ) ;
#1381 = AXIS2_PLACEMENT_3D ( 'NONE', #569, #144, #2059 ) ;
#1382 = DIRECTION ( 'NONE',  ( 1.000000000000000000, 0.000000000000000000, 0.000000000000000000 ) ) ;
#1384 = ORIENTED_EDGE ( 'NONE', *, *, #2282, .F. ) ;
#1383 = CARTESIAN_POINT ( 'NONE',  ( 36.04900566619969737, 2.797372066474425267, -4.900000000000010125 ) ) ;
#1385 = CARTESIAN_POINT ( 'NONE',  ( 82.71733623163042637, 14.06976853908340885, 34.00000000000000000 ) ) ;
#1386 = AXIS2_PLACEMENT_3D ( 'NONE', #2266, #336, #751 ) ;
#1387 = CARTESIAN_POINT ( 'NONE',  ( 45.45525863646909670, 5.886855042523785109, 8.219999999999995310 ) ) ;
#1388 = ORIENTED_EDGE ( 'NONE', *, *, #1710, .F. ) ;
#1389 = EDGE_CURVE ( 'NONE', #50, #1531, #3115, .T. ) ;
#1390 = CARTESIAN_POINT ( 'NONE',  ( 45.16224098827648703, 5.822507098907328427, 30.99999999999999645 ) ) ;
#1391 = ORIENTED_EDGE ( 'NONE', *, *, #3038, .T. ) ;
#1392 = EDGE_CURVE ( 'NONE', #2111, #2303, #1520, .T. ) ;
#1393 = DIRECTION ( 'NONE',  ( 0.9767254939753947651, 0.2144931453881946115, -0.000000000000000000 ) ) ;
#1394 = CARTESIAN_POINT ( 'NONE',  ( 84.00429510395959198, 8.209415575231046702, -13.80000000000002736 ) ) ;
#1395 = ORIENTED_EDGE ( 'NONE', *, *, #451, .F. ) ;
#1396 = CARTESIAN_POINT ( 'NONE',  ( 29.30766744133753221, -3.802200566508144419, 34.00000000000000000 ) ) ;
#1398 = ORIENTED_EDGE ( 'NONE', *, *, #1348, .T. ) ;
#1397 = FACE_BOUND ( 'NONE', #2871, .T. ) ;
#1399 = DIRECTION ( 'NONE',  ( -1.000000000000000000, 0.000000000000000000, 0.000000000000000000 ) ) ;
#1400 = DIRECTION ( 'NONE',  ( -0.000000000000000000, -0.000000000000000000, -1.000000000000000000 ) ) ;
#1401 = LINE ( 'NONE', #2340, #1335 ) ;
#1402 = ORIENTED_EDGE ( 'NONE', *, *, #975, .F. ) ;
#1403 = FACE_OUTER_BOUND ( 'NONE', #1534, .T. ) ;
#1404 = EDGE_CURVE ( 'NONE', #465, #1848, #990, .T. ) ;
#1405 = ORIENTED_EDGE ( 'NONE', *, *, #1732, .F. ) ;
#1406 = DIRECTION ( 'NONE',  ( -0.9767254939753947651, -0.2144931453881948336, 0.000000000000000000 ) ) ;
#1407 = LINE ( 'NONE', #689, #300 ) ;
#1408 = EDGE_CURVE ( 'NONE', #588, #2346, #1828, .T. ) ;
#1409 = ORIENTED_EDGE ( 'NONE', *, *, #2978, .F. ) ;
#1410 = DIRECTION ( 'NONE',  ( 0.2144931453881945282, -0.9767254939753946541, -0.000000000000000000 ) ) ;
#1412 = VERTEX_POINT ( 'NONE', #2492 ) ;
#1411 = CYLINDRICAL_SURFACE ( 'NONE', #1566, 3.549999999999997602 ) ;
#1413 = CARTESIAN_POINT ( 'NONE',  ( 42.03671940755521774, 5.136129033665103094, 8.219999999999995310 ) ) ;
#1414 = DIRECTION ( 'NONE',  ( -0.9767254939753946541, -0.2144931453881949446, 0.000000000000000000 ) ) ;
#1415 = DIRECTION ( 'NONE',  ( 0.2144931453881998018, -0.9767254939753936549, 0.000000000000000000 ) ) ;
#1416 = CIRCLE ( 'NONE', #395, 5.999999999999997335 ) ;
#1417 = ORIENTED_EDGE ( 'NONE', *, *, #1422, .T. ) ;
#1418 = VECTOR ( 'NONE', #2300, 1000.000000000000227 ) ;
#1419 = CARTESIAN_POINT ( 'NONE',  ( 47.18539007111789374, 7.359699117945409874, -13.80000000000004157 ) ) ;
#1420 = AXIS2_PLACEMENT_3D ( 'NONE', #2198, #2226, #2973 ) ;
#1421 = VERTEX_POINT ( 'NONE', #322 ) ;
#1422 = EDGE_CURVE ( 'NONE', #1165, #1121, #2689, .T. ) ;
#1423 = AXIS2_PLACEMENT_3D ( 'NONE', #2474, #1779, #838 ) ;
#1424 = FACE_OUTER_BOUND ( 'NONE', #366, .T. ) ;
#1425 = DIRECTION ( 'NONE',  ( 0.2144931453881998018, -0.9767254939753936549, 0.000000000000000000 ) ) ;
#1426 = ORIENTED_EDGE ( 'NONE', *, *, #2418, .T. ) ;
#1427 = AXIS2_PLACEMENT_3D ( 'NONE', #1104, #2109, #1123 ) ;
#1428 = EDGE_CURVE ( 'NONE', #346, #1312, #824, .T. ) ;
#1429 = CARTESIAN_POINT ( 'NONE',  ( 64.63930672800501043, 13.17124237583031565, 25.99999999999999645 ) ) ;
#1430 = VECTOR ( 'NONE', #1467, 1000.000000000000000 ) ;
#1432 = VERTEX_POINT ( 'NONE', #273 ) ;
#1431 = DIRECTION ( 'NONE',  ( -0.9237368329832349456, -0.3830277579890301043, 0.000000000000000000 ) ) ;
#1433 = CIRCLE ( 'NONE', #2796, 1.500000000000000888 ) ;
#1434 = ADVANCED_FACE ( 'NONE', ( #1298 ), #1550, .F. ) ;
#1435 = CYLINDRICAL_SURFACE ( 'NONE', #1931, 1.900000000000003908 ) ;
#1436 = FACE_BOUND ( 'NONE', #1102, .T. ) ;
#1437 = AXIS2_PLACEMENT_3D ( 'NONE', #1342, #1559, #396 ) ;
#1438 = VERTEX_POINT ( 'NONE', #1266 ) ;
#1439 = VECTOR ( 'NONE', #1111, 1000.000000000000114 ) ;
#1440 = CARTESIAN_POINT ( 'NONE',  ( 109.0220996375330316, 23.94172488823012657, 4.500000000000000000 ) ) ;
#1441 = VECTOR ( 'NONE', #2506, 999.9999999999998863 ) ;
#1442 = VERTEX_POINT ( 'NONE', #1284 ) ;
#1443 = CARTESIAN_POINT ( 'NONE',  ( 40.71813999068842094, 4.846563287391038699, 34.00000000000000000 ) ) ;
#1444 = CARTESIAN_POINT ( 'NONE',  ( 79.49699679672797004, 7.987465198735109517, -4.900000000000004796 ) ) ;
#1445 = VERTEX_POINT ( 'NONE', #1314 ) ;
#1446 = FACE_OUTER_BOUND ( 'NONE', #547, .T. ) ;
#1447 = EDGE_CURVE ( 'NONE', #1799, #1658, #1251, .T. ) ;
#1448 = ORIENTED_EDGE ( 'NONE', *, *, #2338, .F. ) ;
#1449 = DIRECTION ( 'NONE',  ( 0.2144931453881948891, -0.9767254939753945431, -0.000000000000000000 ) ) ;
#1450 = ADVANCED_FACE ( 'NONE', ( #1519, #2967, #74, #755, #2268 ), #2217, .F. ) ;
#1451 = ORIENTED_EDGE ( 'NONE', *, *, #3129, .F. ) ;
#1452 = FILL_AREA_STYLE ('',( #3130 ) ) ;
#1453 = ORIENTED_EDGE ( 'NONE', *, *, #1616, .F. ) ;
#1454 = DIRECTION ( 'NONE',  ( -0.2144931453881946115, 0.9767254939753946541, -0.000000000000000000 ) ) ;
#1455 = CARTESIAN_POINT ( 'NONE',  ( 45.28539007111789516, 7.359699117945409874, -13.80000000000004157 ) ) ;
#1456 = ORIENTED_EDGE ( 'NONE', *, *, #1997, .T. ) ;
#1457 = DIRECTION ( 'NONE',  ( 0.9767254939753935439, 0.2144931453881997463, 0.000000000000000000 ) ) ;
#1458 = EDGE_LOOP ( 'NONE', ( #3021, #1280 ) ) ;
#1459 = EDGE_CURVE ( 'NONE', #2006, #337, #575, .T. ) ;
#1460 = DIRECTION ( 'NONE',  ( -0.2144931453881945560, 0.9767254939753947651, 0.000000000000000000 ) ) ;
#1462 = VERTEX_POINT ( 'NONE', #2748 ) ;
#1461 = LINE ( 'NONE', #2429, #955 ) ;
#1463 = EDGE_CURVE ( 'NONE', #2352, #1321, #1007, .T. ) ;
#1464 = DIRECTION ( 'NONE',  ( 0.2144931453881998018, -0.9767254939753935439, -0.000000000000000000 ) ) ;
#1465 = AXIS2_PLACEMENT_3D ( 'NONE', #2005, #2237, #2968 ) ;
#1466 = CARTESIAN_POINT ( 'NONE',  ( 29.30766744133753221, -3.802200566508144419, -137.4435527053877308 ) ) ;
#1467 = DIRECTION ( 'NONE',  ( 0.2144931453881946393, -0.9767254939753946541, -0.000000000000000000 ) ) ;
#1468 = CIRCLE ( 'NONE', #2835, 1.500000000000007772 ) ;
#1469 = ORIENTED_EDGE ( 'NONE', *, *, #3063, .T. ) ;
#1470 = VECTOR ( 'NONE', #379, 1000.000000000000114 ) ;
#1471 = FACE_BOUND ( 'NONE', #2667, .T. ) ;
#1472 = CIRCLE ( 'NONE', #2643, 2.400000000000004352 ) ;
#1473 = EDGE_LOOP ( 'NONE', ( #2545, #985, #2674, #1493 ) ) ;
#1474 = AXIS2_PLACEMENT_3D ( 'NONE', #2281, #2301, #103 ) ;
#1475 = DIRECTION ( 'NONE',  ( 0.9767254939753946541, 0.2144931453881948336, 0.000000000000000000 ) ) ;
#1477 = VERTEX_POINT ( 'NONE', #108 ) ;
#1476 = DIRECTION ( 'NONE',  ( 0.9767254939753946541, 0.2144931453881948336, 0.000000000000000000 ) ) ;
#1478 = CIRCLE ( 'NONE', #460, 1.899999999999999023 ) ;
#1479 =( GEOMETRIC_REPRESENTATION_CONTEXT ( 3 ) GLOBAL_UNCERTAINTY_ASSIGNED_CONTEXT ( ( #1662 ) ) GLOBAL_UNIT_ASSIGNED_CONTEXT ( ( #2360, #671, #416 ) ) REPRESENTATION_CONTEXT ( 'NONE', 'WORKASPACE' ) );
#1480 = CARTESIAN_POINT ( 'NONE',  ( 74.17384285456205362, 6.818477556369411552, 25.09999999999999787 ) ) ;
#1481 = EDGE_CURVE ( 'NONE', #126, #2963, #1968, .T. ) ;
#1482 = LINE ( 'NONE', #1974, #2121 ) ;
#1483 = CIRCLE ( 'NONE', #1637, 6.000000000000002665 ) ;
#1484 = PLANE ( 'NONE',  #652 ) ;
#1485 = DIRECTION ( 'NONE',  ( 1.000000000000000000, 0.000000000000000000, 0.000000000000000000 ) ) ;
#1486 = EDGE_CURVE ( 'NONE', #2355, #1203, #2713, .T. ) ;
#1487 = EDGE_LOOP ( 'NONE', ( #2585, #2983, #2571, #324, #1725, #183, #1112, #2560 ) ) ;
#1488 = DIRECTION ( 'NONE',  ( -0.9767254939753945431, -0.2144931453881945838, 0.000000000000000000 ) ) ;
#1489 = DIRECTION ( 'NONE',  ( 0.9767254939753935439, 0.2144931453881997463, 0.000000000000000000 ) ) ;
#1490 = ORIENTED_EDGE ( 'NONE', *, *, #989, .F. ) ;
#1491 = DIRECTION ( 'NONE',  ( -0.2144931453881946670, 0.9767254939753948761, 0.000000000000000000 ) ) ;
#1493 = ORIENTED_EDGE ( 'NONE', *, *, #2123, .F. ) ;
#1492 = LINE ( 'NONE', #1699, #749 ) ;
#1494 = CARTESIAN_POINT ( 'NONE',  ( 36.96060153409954552, -1.353711282920998293, -4.900000000000010125 ) ) ;
#1495 = ORIENTED_EDGE ( 'NONE', *, *, #123, .F. ) ;
#1496 = CARTESIAN_POINT ( 'NONE',  ( 36.96060153409954552, -1.353711282920999626, -4.900000000000010125 ) ) ;
#1497 = EDGE_CURVE ( 'NONE', #858, #3025, #3143, .T. ) ;
#1498 = LINE ( 'NONE', #551, #1989 ) ;
#1499 = ORIENTED_EDGE ( 'NONE', *, *, #1497, .T. ) ;
#1500 = EDGE_CURVE ( 'NONE', #70, #2267, #1504, .T. ) ;
#1501 = DIRECTION ( 'NONE',  ( 1.129565762656107098E-16, 2.480575298273387549E-17, -1.000000000000000000 ) ) ;
#1502 = CARTESIAN_POINT ( 'NONE',  ( 66.32652982122091601, 6.886874608606713188, 46.79999999999999716 ) ) ;
#1503 = ORIENTED_EDGE ( 'NONE', *, *, #79, .F. ) ;
#1504 = LINE ( 'NONE', #287, #1780 ) ;
#1506 = EDGE_LOOP ( 'NONE', ( #1042, #1925 ) ) ;
#1505 = CARTESIAN_POINT ( 'NONE',  ( 65.44651071842704937, 4.134045812855244861, 49.00000000000000000 ) ) ;
#1507 = CYLINDRICAL_SURFACE ( 'NONE', #1996, 3.499999999999997335 ) ;
#1508 = ORIENTED_EDGE ( 'NONE', *, *, #1481, .T. ) ;
#1509 = DIRECTION ( 'NONE',  ( -1.196143749842582917E-16, -2.626783439387069121E-17, 1.000000000000000000 ) ) ;
#1510 = CARTESIAN_POINT ( 'NONE',  ( 67.09069448624003940, 13.19766317777428988, 25.99999999999999645 ) ) ;
#1511 = LINE ( 'NONE', #797, #614 ) ;
#1512 = AXIS2_PLACEMENT_3D ( 'NONE', #1746, #27, #482 ) ;
#1513 = ORIENTED_EDGE ( 'NONE', *, *, #1707, .F. ) ;
#1514 = CARTESIAN_POINT ( 'NONE',  ( 109.0220996375330316, 23.94172488823012657, -137.4435527053877308 ) ) ;
#1515 = CARTESIAN_POINT ( 'NONE',  ( 82.71733623163042637, 14.06976853908340885, 34.00000000000000000 ) ) ;
#1516 = VERTEX_POINT ( 'NONE', #39 ) ;
#1517 = AXIS2_PLACEMENT_3D ( 'NONE', #446, #2662, #3121 ) ;
#1518 = EDGE_CURVE ( 'NONE', #153, #1462, #1535, .T. ) ;
#1519 = FACE_BOUND ( 'NONE', #926, .T. ) ;
#1520 = CIRCLE ( 'NONE', #2287, 2.399999999999997691 ) ;
#1522 = ORIENTED_EDGE ( 'NONE', *, *, #2406, .F. ) ;
#1521 = CARTESIAN_POINT ( 'NONE',  ( 29.30766744133753221, -3.802200566508144419, 4.000000000000000000 ) ) ;
#1523 = CIRCLE ( 'NONE', #916, 1.900000000000003908 ) ;
#1524 = DIRECTION ( 'NONE',  ( -0.2144931453881945838, 0.9767254939753947651, 0.000000000000000000 ) ) ;
#1525 = AXIS2_PLACEMENT_3D ( 'NONE', #1120, #1808, #2570 ) ;
#1526 = VERTEX_POINT ( 'NONE', #2018 ) ;
#1527 = FACE_OUTER_BOUND ( 'NONE', #176, .T. ) ;
#1528 = CARTESIAN_POINT ( 'NONE',  ( 65.57580381236223843, 10.30541383752059303, 30.99999999999999645 ) ) ;
#1529 = DIRECTION ( 'NONE',  ( 1.129565762656107098E-16, 2.480575298273387549E-17, -1.000000000000000000 ) ) ;
#1530 = VECTOR ( 'NONE', #312, 1000.000000000000000 ) ;
#1531 = VERTEX_POINT ( 'NONE', #513 ) ;
#1532 = CARTESIAN_POINT ( 'NONE',  ( 82.71733623163042637, 14.06976853908340885, 34.00000000000000000 ) ) ;
#1533 = CARTESIAN_POINT ( 'NONE',  ( 43.45393753203551768, 8.006929059379984892, 8.219999999999995310 ) ) ;
#1534 = EDGE_LOOP ( 'NONE', ( #3000, #2849, #1245, #913 ) ) ;
#1535 = LINE ( 'NONE', #560, #403 ) ;
#1536 = EDGE_CURVE ( 'NONE', #2692, #153, #2392, .T. ) ;
#1538 = ORIENTED_EDGE ( 'NONE', *, *, #2821, .T. ) ;
#1537 = CARTESIAN_POINT ( 'NONE',  ( 109.0220996375330316, 23.94172488823012657, -3.000000000000000000 ) ) ;
#1539 = ADVANCED_FACE ( 'NONE', ( #805 ), #773, .F. ) ;
#1541 = DIRECTION ( 'NONE',  ( 0.2144931453881998018, -0.9767254939753935439, -0.000000000000000000 ) ) ;
#1540 = DIRECTION ( 'NONE',  ( -1.000000000000000000, 0.000000000000000000, 0.000000000000000000 ) ) ;
#1542 = ORIENTED_EDGE ( 'NONE', *, *, #3033, .F. ) ;
#1543 = DIRECTION ( 'NONE',  ( -0.9767254939753946541, -0.2144931453881949446, 0.000000000000000000 ) ) ;
#1544 = PLANE ( 'NONE',  #56 ) ;
#1545 = ORIENTED_EDGE ( 'NONE', *, *, #325, .T. ) ;
#1546 = LINE ( 'NONE', #384, #649 ) ;
#1547 = DIRECTION ( 'NONE',  ( -0.2144931453881945560, 0.9767254939753947651, 0.000000000000000000 ) ) ;
#1548 = DIRECTION ( 'NONE',  ( 0.2144931453881997740, -0.9767254939753935439, -0.000000000000000000 ) ) ;
#1549 = ORIENTED_EDGE ( 'NONE', *, *, #1639, .F. ) ;
#1550 = CYLINDRICAL_SURFACE ( 'NONE', #604, 1.500000000000000666 ) ;
#1552 = ORIENTED_EDGE ( 'NONE', *, *, #307, .T. ) ;
#1551 = CARTESIAN_POINT ( 'NONE',  ( 29.30766744133753221, -3.802200566508144419, -137.4435527053877308 ) ) ;
#1553 = EDGE_CURVE ( 'NONE', #2263, #768, #2181, .T. ) ;
#1555 = CARTESIAN_POINT ( 'NONE',  ( 68.05784595691889649, 13.92196838468899678, 25.99999999999999645 ) ) ;
#1554 = DIRECTION ( 'NONE',  ( 1.000000000000000000, 0.000000000000000000, 0.000000000000000000 ) ) ;
#1556 = EDGE_LOOP ( 'NONE', ( #195, #1901, #1129, #2159 ) ) ;
#1557 = DIRECTION ( 'NONE',  ( -0.9767254939753946541, -0.2144931453881947780, 0.000000000000000000 ) ) ;
#1558 = EDGE_CURVE ( 'NONE', #231, #1760, #2036, .T. ) ;
#1559 = DIRECTION ( 'NONE',  ( -0.2144931453881946670, 0.9767254939753948761, 0.000000000000000000 ) ) ;
#1560 = ORIENTED_EDGE ( 'NONE', *, *, #937, .T. ) ;
#1561 = EDGE_CURVE ( 'NONE', #2626, #1442, #1218, .T. ) ;
#1562 = CYLINDRICAL_SURFACE ( 'NONE', #493, 2.399999999999997691 ) ;
#1563 = CARTESIAN_POINT ( 'NONE',  ( 33.49322603048690183, -2.115161949049107371, 25.09999999999999076 ) ) ;
#1564 = VECTOR ( 'NONE', #901, 1000.000000000000114 ) ;
#1565 = EDGE_LOOP ( 'NONE', ( #1983, #1959 ) ) ;
#1566 = AXIS2_PLACEMENT_3D ( 'NONE', #2636, #169, #406 ) ;
#1567 = CARTESIAN_POINT ( 'NONE',  ( 37.12147139314068767, -2.086255403402520692, -13.80000000000004512 ) ) ;
#1568 = AXIS2_PLACEMENT_3D ( 'NONE', #911, #688, #2851 ) ;
#1570 = VERTEX_POINT ( 'NONE', #404 ) ;
#1569 = CARTESIAN_POINT ( 'NONE',  ( 84.00429510395957777, 8.209415575231044926, 34.00000000000000000 ) ) ;
#1571 = VECTOR ( 'NONE', #1886, 1000.000000000000000 ) ;
#1572 = LINE ( 'NONE', #2323, #1530 ) ;
#1573 = EDGE_LOOP ( 'NONE', ( #1010, #2507, #1861, #2718 ) ) ;
#1574 = CIRCLE ( 'NONE', #2136, 3.500000000000004885 ) ;
#1575 = CARTESIAN_POINT ( 'NONE',  ( 82.71733623163042637, 14.06976853908340885, 28.00000000000000355 ) ) ;
#1576 = AXIS2_PLACEMENT_3D ( 'NONE', #1906, #677, #2620 ) ;
#1577 = LINE ( 'NONE', #3057, #1019 ) ;
#1578 = EDGE_CURVE ( 'NONE', #2321, #461, #1626, .T. ) ;
#1579 = ORIENTED_EDGE ( 'NONE', *, *, #1428, .T. ) ;
#1580 = VECTOR ( 'NONE', #2210, 1000.000000000000114 ) ;
#1581 = CYLINDRICAL_SURFACE ( 'NONE', #2332, 1.900000000000003908 ) ;
#1582 = CARTESIAN_POINT ( 'NONE',  ( 29.30766744133753221, -3.802200566508144419, 28.00000000000000355 ) ) ;
#1583 = AXIS2_PLACEMENT_3D ( 'NONE', #222, #2920, #2956 ) ;
#1584 = EDGE_CURVE ( 'NONE', #1843, #2765, #1066, .T. ) ;
#1585 = CARTESIAN_POINT ( 'NONE',  ( 33.49322603048690183, -2.115161949049107371, -4.900000000000009237 ) ) ;
#1586 = ORIENTED_EDGE ( 'NONE', *, *, #687, .F. ) ;
#1587 = CIRCLE ( 'NONE', #2803, 2.400000000000004352 ) ;
#1588 = DIRECTION ( 'NONE',  ( -1.000000000000000000, 0.000000000000000000, 0.000000000000000000 ) ) ;
#1590 = ORIENTED_EDGE ( 'NONE', *, *, #897, .T. ) ;
#1589 = CARTESIAN_POINT ( 'NONE',  ( 78.50118248921567954, -27.33936431310629089, 43.00000000000000000 ) ) ;
#1591 = DIRECTION ( 'NONE',  ( 0.9237368329832349456, 0.3830277579890301043, 1.205535136423392120E-16 ) ) ;
#1592 = CARTESIAN_POINT ( 'NONE',  ( 36.14474589916527236, -2.300748548790747972, 34.00000000000000000 ) ) ;
#1593 = ORIENTED_EDGE ( 'NONE', *, *, #281, .T. ) ;
#1594 = CARTESIAN_POINT ( 'NONE',  ( 72.56224578950266846, 6.464563866478886922, 25.09999999999999787 ) ) ;
#1595 = ORIENTED_EDGE ( 'NONE', *, *, #3116, .F. ) ;
#1596 = ADVANCED_FACE ( 'NONE', ( #1138, #1078 ), #1810, .T. ) ;
#1597 = DIRECTION ( 'NONE',  ( 0.2144931453881997740, -0.9767254939753936549, -0.000000000000000000 ) ) ;
#1598 = CARTESIAN_POINT ( 'NONE',  ( 84.00429510395957777, 8.209415575231044926, 28.00000000000000355 ) ) ;
#1599 =( NAMED_UNIT ( * ) PLANE_ANGLE_UNIT ( ) SI_UNIT ( $, .RADIAN. ) );
#1600 = ORIENTED_EDGE ( 'NONE', *, *, #2282, .T. ) ;
#1601 = EDGE_CURVE ( 'NONE', #724, #1264, #2792, .T. ) ;
#1602 = DIRECTION ( 'NONE',  ( -0.2144931453881998018, 0.9767254939753936549, -0.000000000000000000 ) ) ;
#1604 = ORIENTED_EDGE ( 'NONE', *, *, #1934, .F. ) ;
#1603 = FACE_OUTER_BOUND ( 'NONE', #1837, .T. ) ;
#1605 = EDGE_CURVE ( 'NONE', #768, #2263, #498, .T. ) ;
#1606 = LINE ( 'NONE', #2577, #1825 ) ;
#1607 = DIRECTION ( 'NONE',  ( 1.000000000000000000, 0.000000000000000000, 1.129565762656107098E-16 ) ) ;
#1608 = ORIENTED_EDGE ( 'NONE', *, *, #1171, .T. ) ;
#1609 = CARTESIAN_POINT ( 'NONE',  ( 66.71989995062578771, 11.64956202570934352, -13.80000000000004157 ) ) ;
#1610 = ORIENTED_EDGE ( 'NONE', *, *, #1325, .T. ) ;
#1611 = DIRECTION ( 'NONE',  ( -0.2144931453881946670, 0.9767254939753946541, 0.000000000000000000 ) ) ;
#1612 = DIRECTION ( 'NONE',  ( -0.2144931453881998018, 0.9767254939753936549, -0.000000000000000000 ) ) ;
#1613 = FILL_AREA_STYLE ('',( #2063 ) ) ;
#1614 = ORIENTED_EDGE ( 'NONE', *, *, #1876, .T. ) ;
#1615 = DIRECTION ( 'NONE',  ( 0.2144931453881998018, -0.9767254939753936549, 0.000000000000000000 ) ) ;
#1616 = EDGE_CURVE ( 'NONE', #2289, #2054, #3101, .T. ) ;
#1618 = ORIENTED_EDGE ( 'NONE', *, *, #3016, .T. ) ;
#1617 = CARTESIAN_POINT ( 'NONE',  ( 42.00509886301745865, -1.013789676461582356, 49.00000000000000000 ) ) ;
#1619 = AXIS2_PLACEMENT_3D ( 'NONE', #329, #2755, #1543 ) ;
#1620 = CYLINDRICAL_SURFACE ( 'NONE', #2134, 1.900000000000003908 ) ;
#1621 = CIRCLE ( 'NONE', #288, 2.399999999999997691 ) ;
#1622 = DIRECTION ( 'NONE',  ( -1.000000000000000000, 0.000000000000000000, 0.000000000000000000 ) ) ;
#1623 = ADVANCED_FACE ( 'NONE', ( #135 ), #387, .F. ) ;
#1624 = ORIENTED_EDGE ( 'NONE', *, *, #2066, .F. ) ;
#1625 = DIRECTION ( 'NONE',  ( 1.000000000000000000, 0.000000000000000000, -0.000000000000000000 ) ) ;
#1626 = CIRCLE ( 'NONE', #2437, 5.999999999999996447 ) ;
#1627 = EDGE_LOOP ( 'NONE', ( #2723, #1771 ) ) ;
#1628 = VECTOR ( 'NONE', #849, 1000.000000000000000 ) ;
#1629 = DIRECTION ( 'NONE',  ( 1.000000000000000000, 0.000000000000000000, -0.000000000000000000 ) ) ;
#1630 = DIRECTION ( 'NONE',  ( 0.9767254939753935439, 0.2144931453881997740, 0.000000000000000000 ) ) ;
#1631 = VECTOR ( 'NONE', #3014, 1000.000000000000114 ) ;
#1632 = ORIENTED_EDGE ( 'NONE', *, *, #2912, .F. ) ;
#1633 = AXIS2_PLACEMENT_3D ( 'NONE', #1865, #907, #2101 ) ;
#1634 = DIRECTION ( 'NONE',  ( 0.9767254939753935439, 0.2144931453881997740, 0.000000000000000000 ) ) ;
#1636 = ORIENTED_EDGE ( 'NONE', *, *, #1836, .F. ) ;
#1635 = CARTESIAN_POINT ( 'NONE',  ( 64.63930672800501043, 13.17124237583031565, 25.99999999999999645 ) ) ;
#1637 = AXIS2_PLACEMENT_3D ( 'NONE', #1923, #3069, #1910 ) ;
#1638 = CARTESIAN_POINT ( 'NONE',  ( 84.00429510395957777, 8.209415575231044926, -137.4435527053877308 ) ) ;
#1639 = EDGE_CURVE ( 'NONE', #374, #3138, #549, .T. ) ;
#1640 = FACE_OUTER_BOUND ( 'NONE', #1888, .T. ) ;
#1641 = AXIS2_PLACEMENT_3D ( 'NONE', #1101, #166, #2107 ) ;
#1642 = DIRECTION ( 'NONE',  ( 0.9767254939753946541, 0.2144931453881945282, 0.000000000000000000 ) ) ;
#1643 = VERTEX_POINT ( 'NONE', #851 ) ;
#1644 = ADVANCED_FACE ( 'NONE', ( #1859, #2822 ), #640, .T. ) ;
#1645 = ORIENTED_EDGE ( 'NONE', *, *, #127, .F. ) ;
#1646 = CARTESIAN_POINT ( 'NONE',  ( 28.02070856900829909, 2.058152397344510387, 4.000000000000000000 ) ) ;
#1647 = DIRECTION ( 'NONE',  ( -0.9767254939753946541, -0.2144931453881947780, 0.000000000000000000 ) ) ;
#1648 = VERTEX_POINT ( 'NONE', #2080 ) ;
#1649 = LINE ( 'NONE', #1695, #2693 ) ;
#1650 = DIRECTION ( 'NONE',  ( 0.2144931453881998018, -0.9767254939753935439, -0.000000000000000000 ) ) ;
#1651 = CARTESIAN_POINT ( 'NONE',  ( 76.02962129311531214, 7.226014532606995999, 25.09999999999999787 ) ) ;
#1652 = DIRECTION ( 'NONE',  ( -0.9767254939753945431, -0.2144931453881951389, 0.000000000000000000 ) ) ;
#1653 = CARTESIAN_POINT ( 'NONE',  ( 42.57488458745766025, 7.813885228530608629, 25.99999999999999645 ) ) ;
#1654 = ORIENTED_EDGE ( 'NONE', *, *, #1500, .F. ) ;
#1655 = EDGE_CURVE ( 'NONE', #1421, #2480, #3047, .T. ) ;
#1656 = CARTESIAN_POINT ( 'NONE',  ( 37.12147139314069477, -2.086255403402543340, -4.900000000000010125 ) ) ;
#1657 = EDGE_CURVE ( 'NONE', #1767, #724, #1011, .T. ) ;
#1658 = VERTEX_POINT ( 'NONE', #658 ) ;
#1659 = FACE_OUTER_BOUND ( 'NONE', #228, .T. ) ;
#1660 = CARTESIAN_POINT ( 'NONE',  ( 64.63930672800501043, 13.17124237583031565, 25.99999999999999645 ) ) ;
#1661 = EDGE_LOOP ( 'NONE', ( #1954, #752, #1327, #2528 ) ) ;
#1662 = UNCERTAINTY_MEASURE_WITH_UNIT (LENGTH_MEASURE( 1.000000000000000082E-05 ), #2360, 'distance_accuracy_value', 'NONE');
#1663 = CARTESIAN_POINT ( 'NONE',  ( 44.81177920030451389, 8.817031524449969737, 25.99999999999999645 ) ) ;
#1665 = ORIENTED_EDGE ( 'NONE', *, *, #2881, .T. ) ;
#1664 = DIRECTION ( 'NONE',  ( 0.2144931453881945282, -0.9767254939753946541, -0.000000000000000000 ) ) ;
#1666 = CARTESIAN_POINT ( 'NONE',  ( 45.45525863646909670, 5.886855042523785997, 25.99999999999999645 ) ) ;
#1667 = LINE ( 'NONE', #494, #710 ) ;
#1668 = CARTESIAN_POINT ( 'NONE',  ( 2.156872627386724505E-15, 4.736585631310819713E-16, -18.80000000000005045 ) ) ;
#1669 = CIRCLE ( 'NONE', #286, 4.949999999999998401 ) ;
#1670 = ORIENTED_EDGE ( 'NONE', *, *, #2916, .T. ) ;
#1671 = CIRCLE ( 'NONE', #1975, 1.899999999999999023 ) ;
#1672 = CARTESIAN_POINT ( 'NONE',  ( 44.91902577299860155, 8.328668777462276296, 25.99999999999999645 ) ) ;
#1673 = AXIS2_PLACEMENT_3D ( 'NONE', #3089, #1393, #2895 ) ;
#1674 = ORIENTED_EDGE ( 'NONE', *, *, #1915, .T. ) ;
#1675 = AXIS2_PLACEMENT_3D ( 'NONE', #243, #2917, #1943 ) ;
#1676 = LINE ( 'NONE', #2348, #495 ) ;
#1677 = EDGE_CURVE ( 'NONE', #511, #2820, #2606, .T. ) ;
#1678 = CARTESIAN_POINT ( 'NONE',  ( 64.74655330069909098, 12.68287962884262221, 25.99999999999999645 ) ) ;
#1679 = VERTEX_POINT ( 'NONE', #3018 ) ;
#1680 = AXIS2_PLACEMENT_3D ( 'NONE', #2836, #2587, #1382 ) ;
#1681 = EDGE_CURVE ( 'NONE', #1744, #2152, #2776, .T. ) ;
#1682 = DIRECTION ( 'NONE',  ( 1.129565762656107098E-16, 2.480575298273387549E-17, -1.000000000000000000 ) ) ;
#1683 = ORIENTED_EDGE ( 'NONE', *, *, #2705, .F. ) ;
#1684 = CARTESIAN_POINT ( 'NONE',  ( 45.16224098827648703, 5.822507098907327538, 46.79999999999999716 ) ) ;
#1685 = AXIS2_PLACEMENT_3D ( 'NONE', #1184, #1197, #1927 ) ;
#1686 = CARTESIAN_POINT ( 'NONE',  ( 55.05977063380620962, -32.48719980242296401, 43.00000000000000000 ) ) ;
#1687 = VECTOR ( 'NONE', #667, 1000.000000000000227 ) ;
#1688 = VERTEX_POINT ( 'NONE', #361 ) ;
#1689 = MECHANICAL_DESIGN_GEOMETRIC_PRESENTATION_REPRESENTATION (  '', ( #2605 ), #561 ) ;
#1690 = ORIENTED_EDGE ( 'NONE', *, *, #1459, .T. ) ;
#1691 = CARTESIAN_POINT ( 'NONE',  ( -4.950000000000000178, 0.000000000000000000, 4.500000000000000000 ) ) ;
#1692 = DIRECTION ( 'NONE',  ( 0.2144931453881945282, -0.9767254939753946541, -0.000000000000000000 ) ) ;
#1693 = ORIENTED_EDGE ( 'NONE', *, *, #1876, .F. ) ;
#1694 = EDGE_CURVE ( 'NONE', #2249, #1020, #1336, .T. ) ;
#1695 = CARTESIAN_POINT ( 'NONE',  ( 41.73539007111789800, 7.359699117945410762, -18.05000000000004334 ) ) ;
#1696 = EDGE_LOOP ( 'NONE', ( #1586, #66, #673, #3067 ) ) ;
#1697 = ADVANCED_FACE ( 'NONE', ( #1920 ), #915, .F. ) ;
#1698 = CARTESIAN_POINT ( 'NONE',  ( 64.63930672800501043, 13.17124237583031565, 25.99999999999999645 ) ) ;
#1700 = VERTEX_POINT ( 'NONE', #1202 ) ;
#1699 = CARTESIAN_POINT ( 'NONE',  ( 29.30766744133753221, -3.802200566508144419, -3.000000000000000000 ) ) ;
#1701 = ADVANCED_FACE ( 'NONE', ( #1446 ), #2402, .T. ) ;
#1702 = DIRECTION ( 'NONE',  ( -0.2144931453881945838, 0.9767254939753948761, 0.000000000000000000 ) ) ;
#1703 = DIRECTION ( 'NONE',  ( -0.2144931453881998018, 0.9767254939753936549, -0.000000000000000000 ) ) ;
#1704 = CARTESIAN_POINT ( 'NONE',  ( 68.05784595691889649, 13.92196838468899855, 8.219999999999993534 ) ) ;
#1705 = ORIENTED_EDGE ( 'NONE', *, *, #3, .T. ) ;
#1706 = CYLINDRICAL_SURFACE ( 'NONE', #762, 3.499999999999997335 ) ;
#1707 = EDGE_CURVE ( 'NONE', #1884, #1911, #2232, .T. ) ;
#1708 = ORIENTED_EDGE ( 'NONE', *, *, #2378, .T. ) ;
#1709 = CARTESIAN_POINT ( 'NONE',  ( 63.81769792320650225, 9.919326175821842284, 8.219999999999993534 ) ) ;
#1710 = EDGE_CURVE ( 'NONE', #837, #1700, #1523, .T. ) ;
#1712 = ORIENTED_EDGE ( 'NONE', *, *, #3038, .F. ) ;
#1711 = CARTESIAN_POINT ( 'NONE',  ( 68.10019115872603379, 20.02305082011621451, -18.80000000000003979 ) ) ;
#1713 = EDGE_CURVE ( 'NONE', #1445, #2980, #1649, .T. ) ;
#1714 = CARTESIAN_POINT ( 'NONE',  ( 45.16224098827648703, 5.822507098907328427, 30.99999999999999645 ) ) ;
#1715 = DIRECTION ( 'NONE',  ( -0.2144931453881946393, 0.9767254939753947651, -0.000000000000000000 ) ) ;
#1716 = VECTOR ( 'NONE', #60, 1000.000000000000000 ) ;
#1717 = DIRECTION ( 'NONE',  ( 0.9767254939753936549, 0.2144931453881999683, 0.000000000000000000 ) ) ;
#1718 = DIRECTION ( 'NONE',  ( 0.9767254939753946541, 0.2144931453881948336, 0.000000000000000000 ) ) ;
#1719 = AXIS2_PLACEMENT_3D ( 'NONE', #1537, #2510, #869 ) ;
#1720 = ORIENTED_EDGE ( 'NONE', *, *, #566, .F. ) ;
#1721 = AXIS2_PLACEMENT_3D ( 'NONE', #665, #1366, #1142 ) ;
#1722 = FACE_OUTER_BOUND ( 'NONE', #1235, .T. ) ;
#1723 = CARTESIAN_POINT ( 'NONE',  ( 90.84137356178736411, 9.710867592948401850, -3.000000000000000000 ) ) ;
#1724 = CIRCLE ( 'NONE', #2337, 1.500000000000001110 ) ;
#1725 = ORIENTED_EDGE ( 'NONE', *, *, #975, .T. ) ;
#1726 = PRODUCT ( '010_007_Left_right_bearing_lock', '010_007_Left_right_bearing_lock', '', ( #2833 ) ) ;
#1727 = VECTOR ( 'NONE', #2945, 1000.000000000000114 ) ;
#1728 = DIRECTION ( 'NONE',  ( -0.9767254939753946541, -0.2144931453881947780, 0.000000000000000000 ) ) ;
#1730 = ORIENTED_EDGE ( 'NONE', *, *, #687, .T. ) ;
#1729 = LINE ( 'NONE', #2671, #647 ) ;
#1731 = CIRCLE ( 'NONE', #2344, 2.399999999999997691 ) ;
#1732 = EDGE_CURVE ( 'NONE', #442, #2495, #708, .T. ) ;
#1733 = LINE ( 'NONE', #2704, #2147 ) ;
#1734 = ORIENTED_EDGE ( 'NONE', *, *, #191, .F. ) ;
#1735 = CARTESIAN_POINT ( 'NONE',  ( 46.92034687743218768, 6.208594760606077401, 8.219999999999995310 ) ) ;
#1736 = CIRCLE ( 'NONE', #1183, 1.899999999999999023 ) ;
#1737 = ADVANCED_FACE ( 'NONE', ( #2869, #1471 ), #2384, .T. ) ;
#1738 = DIRECTION ( 'NONE',  ( -0.2144931453881946670, 0.9767254939753948761, 0.000000000000000000 ) ) ;
#1739 = DIRECTION ( 'NONE',  ( -0.000000000000000000, -0.000000000000000000, -1.000000000000000000 ) ) ;
#1740 = AXIS2_PLACEMENT_3D ( 'NONE', #1759, #35, #2521 ) ;
#1741 = ORIENTED_EDGE ( 'NONE', *, *, #466, .F. ) ;
#1742 = FACE_OUTER_BOUND ( 'NONE', #1300, .T. ) ;
#1743 = DIRECTION ( 'NONE',  ( -1.000000000000000000, 0.000000000000000000, 0.000000000000000000 ) ) ;
#1744 = VERTEX_POINT ( 'NONE', #960 ) ;
#1745 = CARTESIAN_POINT ( 'NONE',  ( 76.02962129311531214, 7.226014532606995999, 25.09999999999999787 ) ) ;
#1747 = ORIENTED_EDGE ( 'NONE', *, *, #925, .T. ) ;
#1746 = CARTESIAN_POINT ( 'NONE',  ( 33.99981444528336993, 7.466506390963026263, 40.00000000000000000 ) ) ;
#1749 = LINE ( 'NONE', #792, #1874 ) ;
#1748 = CYLINDRICAL_SURFACE ( 'NONE', #2142, 1.899999999999999023 ) ;
#1750 = ADVANCED_FACE ( 'NONE', ( #1937 ), #1706, .T. ) ;
#1751 = EDGE_LOOP ( 'NONE', ( #435, #2987, #2298, #882, #686 ) ) ;
#1752 = FACE_OUTER_BOUND ( 'NONE', #2504, .T. ) ;
#1753 = DIRECTION ( 'NONE',  ( -0.9767254939753945431, -0.2144931453881951389, 0.000000000000000000 ) ) ;
#1754 = CARTESIAN_POINT ( 'NONE',  ( 35.16802040518989969, -2.515241694178980580, 34.00000000000000000 ) ) ;
#1755 = ADVANCED_FACE ( 'NONE', ( #2187 ), #452, .T. ) ;
#1756 = ORIENTED_EDGE ( 'NONE', *, *, #2978, .T. ) ;
#1757 = CARTESIAN_POINT ( 'NONE',  ( 38.81637997265279694, -0.9461743066834201743, -4.900000000000010125 ) ) ;
#1758 = EDGE_CURVE ( 'NONE', #896, #2928, #2158, .T. ) ;
#1759 = CARTESIAN_POINT ( 'NONE',  ( 76.02962129311529793, 7.226014532606993335, -4.900000000000004796 ) ) ;
#1760 = VERTEX_POINT ( 'NONE', #1217 ) ;
#1761 = DIRECTION ( 'NONE',  ( -0.9767254939753935439, -0.2144931453881997463, 0.000000000000000000 ) ) ;
#1763 = ORIENTED_EDGE ( 'NONE', *, *, #484, .F. ) ;
#1762 = PLANE ( 'NONE',  #2477 ) ;
#1765 = LINE ( 'NONE', #65, #2077 ) ;
#1764 = CARTESIAN_POINT ( 'NONE',  ( 36.04900566619969737, 2.797372066474425267, 25.09999999999999076 ) ) ;
#1766 = ORIENTED_EDGE ( 'NONE', *, *, #97, .F. ) ;
#1767 = VERTEX_POINT ( 'NONE', #198 ) ;
#1768 = DIRECTION ( 'NONE',  ( 1.129565762656107098E-16, 2.480575298273387549E-17, -1.000000000000000000 ) ) ;
#1769 = CARTESIAN_POINT ( 'NONE',  ( 49.19941766995384569, -33.77415867475212963, 49.00000000000000000 ) ) ;
#1770 = CIRCLE ( 'NONE', #2634, 3.549999999999998934 ) ;
#1771 = ORIENTED_EDGE ( 'NONE', *, *, #2070, .F. ) ;
#1772 = ADVANCED_FACE ( 'NONE', ( #3095 ), #1892, .F. ) ;
#1773 = AXIS2_PLACEMENT_3D ( 'NONE', #2870, #3113, #3080 ) ;
#1774 = DIRECTION ( 'NONE',  ( -0.000000000000000000, -0.000000000000000000, -1.000000000000000000 ) ) ;
#1775 = CARTESIAN_POINT ( 'NONE',  ( 64.81989995062578203, 11.64956202570934352, -18.05000000000004334 ) ) ;
#1776 = ORIENTED_EDGE ( 'NONE', *, *, #1422, .F. ) ;
#1777 = CIRCLE ( 'NONE', #1420, 4.950000000000000178 ) ;
#1778 = EDGE_CURVE ( 'NONE', #1940, #1188, #2546, .T. ) ;
#1779 = DIRECTION ( 'NONE',  ( 0.2144931453881945282, -0.9767254939753947651, 0.000000000000000000 ) ) ;
#1780 = VECTOR ( 'NONE', #2699, 1000.000000000000227 ) ;
#1782 = ORIENTED_EDGE ( 'NONE', *, *, #1344, .T. ) ;
#1781 = PLANE ( 'NONE',  #3040 ) ;
#1783 = CARTESIAN_POINT ( 'NONE',  ( 44.81177920030451389, 8.817031524449969737, 8.219999999999995310 ) ) ;
#1784 = VECTOR ( 'NONE', #355, 1000.000000000000114 ) ;
#1785 = ORIENTED_EDGE ( 'NONE', *, *, #1713, .T. ) ;
#1786 = DIRECTION ( 'NONE',  ( 0.9767254939753936549, 0.2144931453881999683, 0.000000000000000000 ) ) ;
#1787 = COLOUR_RGB ( '',1.000000000000000000, 0.5019607843137254832, 0.000000000000000000 ) ;
#1788 = FACE_OUTER_BOUND ( 'NONE', #110, .T. ) ;
#1789 = AXIS2_PLACEMENT_3D ( 'NONE', #141, #1830, #344 ) ;
#1790 = ORIENTED_EDGE ( 'NONE', *, *, #1130, .T. ) ;
#1791 = DIRECTION ( 'NONE',  ( -1.129565762656107098E-16, -2.480575298273387549E-17, 1.000000000000000000 ) ) ;
#1792 = FACE_OUTER_BOUND ( 'NONE', #995, .T. ) ;
#1793 = CARTESIAN_POINT ( 'NONE',  ( 76.02962129311532635, 7.226014532606999552, -4.900000000000004796 ) ) ;
#1794 = ADVANCED_FACE ( 'NONE', ( #467 ), #723, .F. ) ;
#1795 = VERTEX_POINT ( 'NONE', #2415 ) ;
#1796 = DIRECTION ( 'NONE',  ( -0.2144931453881946670, 0.9767254939753948761, 0.000000000000000000 ) ) ;
#1797 = EDGE_CURVE ( 'NONE', #461, #2495, #227, .T. ) ;
#1799 = VERTEX_POINT ( 'NONE', #301 ) ;
#1798 = DIRECTION ( 'NONE',  ( -0.2144931453881945838, 0.9767254939753946541, -0.000000000000000000 ) ) ;
#1801 = CARTESIAN_POINT ( 'NONE',  ( 64.81989995062578203, 11.64956202570934352, -18.05000000000004334 ) ) ;
#1800 = DIRECTION ( 'NONE',  ( 0.000000000000000000, 0.000000000000000000, 1.000000000000000000 ) ) ;
#1802 = ADVANCED_FACE ( 'NONE', ( #1281, #1053 ), #23, .T. ) ;
#1803 = ORIENTED_EDGE ( 'NONE', *, *, #1966, .T. ) ;
#1804 = CARTESIAN_POINT ( 'NONE',  ( 4.950000000000000178, 6.062001655779398511E-16, 4.500000000000000000 ) ) ;
#1805 = FACE_OUTER_BOUND ( 'NONE', #683, .T. ) ;
#1806 = VERTEX_POINT ( 'NONE', #2743 ) ;
#1807 = DIRECTION ( 'NONE',  ( -0.2144931453881946115, 0.9767254939753946541, -0.000000000000000000 ) ) ;
#1808 = DIRECTION ( 'NONE',  ( 0.2144931453881998018, -0.9767254939753936549, 0.000000000000000000 ) ) ;
#1809 = ORIENTED_EDGE ( 'NONE', *, *, #2241, .T. ) ;
#1810 = PLANE ( 'NONE',  #100 ) ;
#1812 = ORIENTED_EDGE ( 'NONE', *, *, #1778, .F. ) ;
#1811 = DIRECTION ( 'NONE',  ( -0.9767254939753935439, -0.2144931453881999128, 0.000000000000000000 ) ) ;
#1813 = ADVANCED_FACE ( 'NONE', ( #270 ), #2203, .T. ) ;
#1814 = CARTESIAN_POINT ( 'NONE',  ( 113.9720996375330344, 23.94172488823012657, -137.4435527053877308 ) ) ;
#1815 = ORIENTED_EDGE ( 'NONE', *, *, #1934, .T. ) ;
#1816 = LINE ( 'NONE', #1156, #2832 ) ;
#1817 = EDGE_CURVE ( 'NONE', #268, #2928, #2015, .T. ) ;
#1818 = CARTESIAN_POINT ( 'NONE',  ( 68.36989995062577918, 11.64956202570934352, -18.80000000000004334 ) ) ;
#1819 = VERTEX_POINT ( 'NONE', #1981 ) ;
#1820 = DIRECTION ( 'NONE',  ( -0.2144931453881945282, 0.9767254939753947651, -0.000000000000000000 ) ) ;
#1821 = CARTESIAN_POINT ( 'NONE',  ( 1.608698590411365981, -7.325441204815036578, 0.000000000000000000 ) ) ;
#1822 = ORIENTED_EDGE ( 'NONE', *, *, #2572, .F. ) ;
#1823 = VECTOR ( 'NONE', #623, 1000.000000000000114 ) ;
#1824 = DIRECTION ( 'NONE',  ( -0.9767254939753946541, -0.2144931453881946393, 0.000000000000000000 ) ) ;
#1825 = VECTOR ( 'NONE', #1591, 1000.000000000000227 ) ;
#1827 = ORIENTED_EDGE ( 'NONE', *, *, #1952, .T. ) ;
#1826 = DIRECTION ( 'NONE',  ( -0.9767254939753949872, -0.2144931453881930850, 0.000000000000000000 ) ) ;
#1828 = CIRCLE ( 'NONE', #548, 3.549999999999997602 ) ;
#1829 = CARTESIAN_POINT ( 'NONE',  ( 36.96060153409954552, -1.353711282920998293, 25.09999999999999076 ) ) ;
#1830 = DIRECTION ( 'NONE',  ( -1.196143749842582671E-16, -2.626783439387066964E-17, 1.000000000000000000 ) ) ;
#1831 = ORIENTED_EDGE ( 'NONE', *, *, #3132, .T. ) ;
#1832 = AXIS2_PLACEMENT_3D ( 'NONE', #1514, #554, #71 ) ;
#1833 = EDGE_CURVE ( 'NONE', #1477, #2346, #1247, .T. ) ;
#1834 = AXIS2_PLACEMENT_3D ( 'NONE', #766, #2012, #1018 ) ;
#1835 = CARTESIAN_POINT ( 'NONE',  ( 44.81177920030451389, 8.817031524449969737, 8.219999999999995310 ) ) ;
#1836 = EDGE_CURVE ( 'NONE', #2352, #2369, #2964, .T. ) ;
#1837 = EDGE_LOOP ( 'NONE', ( #1080, #1090, #1604, #2244, #304, #2391, #1334, #450, #834, #3114 ) ) ;
#1838 = STYLED_ITEM ( 'NONE', ( #2165 ), #2469 ) ;
#1839 = DIRECTION ( 'NONE',  ( -0.9767254939753946541, -0.2144931453881947780, 0.000000000000000000 ) ) ;
#1840 = DIRECTION ( 'NONE',  ( 0.2144931453881998018, -0.9767254939753936549, 0.000000000000000000 ) ) ;
#1841 = CIRCLE ( 'NONE', #1633, 1.500000000000007550 ) ;
#1842 = CARTESIAN_POINT ( 'NONE',  ( 73.26224698666220547, 10.96956090576483689, 25.09999999999999787 ) ) ;
#1843 = VERTEX_POINT ( 'NONE', #2977 ) ;
#1844 = CIRCLE ( 'NONE', #257, 4.949999999999995737 ) ;
#1845 = CARTESIAN_POINT ( 'NONE',  ( 45.28539007111789516, 7.359699117945409874, -13.80000000000004157 ) ) ;
#1846 = VECTOR ( 'NONE', #1003, 1000.000000000000227 ) ;
#1848 = VERTEX_POINT ( 'NONE', #770 ) ;
#1847 = DIRECTION ( 'NONE',  ( -0.2144931453881945838, 0.9767254939753948761, 0.000000000000000000 ) ) ;
#1849 = DIRECTION ( 'NONE',  ( 0.9767254939753947651, 0.2144931453881945560, -0.000000000000000000 ) ) ;
#1850 = LINE ( 'NONE', #1814, #2752 ) ;
#1851 = ORIENTED_EDGE ( 'NONE', *, *, #2596, .T. ) ;
#1852 = FACE_BOUND ( 'NONE', #1627, .T. ) ;
#1853 = ORIENTED_EDGE ( 'NONE', *, *, #1273, .F. ) ;
#1854 = DIRECTION ( 'NONE',  ( -0.9767254939753935439, -0.2144931453881998018, 1.156482317317871133E-15 ) ) ;
#1855 = EDGE_CURVE ( 'NONE', #1188, #1940, #358, .T. ) ;
#1856 = LINE ( 'NONE', #120, #2398 ) ;
#1857 = ORIENTED_EDGE ( 'NONE', *, *, #2316, .F. ) ;
#1858 = ADVANCED_FACE ( 'NONE', ( #818 ), #2997, .F. ) ;
#1859 = FACE_OUTER_BOUND ( 'NONE', #1269, .T. ) ;
#1861 = ORIENTED_EDGE ( 'NONE', *, *, #2406, .T. ) ;
#1860 = CARTESIAN_POINT ( 'NONE',  ( 62.40241211515813546, 12.16809607991095277, 25.99999999999999645 ) ) ;
#1862 = DIRECTION ( 'NONE',  ( 0.2144931453881998018, -0.9767254939753936549, 0.000000000000000000 ) ) ;
#1863 = CARTESIAN_POINT ( 'NONE',  ( 4.950000000000000178, 6.062001655779398511E-16, -3.000000000000000000 ) ) ;
#1864 = ORIENTED_EDGE ( 'NONE', *, *, #3019, .T. ) ;
#1865 = CARTESIAN_POINT ( 'NONE',  ( 65.28278616416959323, 10.24106589390413191, 25.99999999999999645 ) ) ;
#1866 = VERTEX_POINT ( 'NONE', #2230 ) ;
#1867 = DIRECTION ( 'NONE',  ( 0.000000000000000000, 0.000000000000000000, 1.000000000000000000 ) ) ;
#1868 = CYLINDRICAL_SURFACE ( 'NONE', #553, 6.000000000000003553 ) ;
#1869 = VERTEX_POINT ( 'NONE', #1757 ) ;
#1870 = ADVANCED_FACE ( 'NONE', ( #1742 ), #34, .T. ) ;
#1871 = CARTESIAN_POINT ( 'NONE',  ( 36.96060153409954552, -1.353711282920998293, -4.900000000000010125 ) ) ;
#1873 = ORIENTED_EDGE ( 'NONE', *, *, #2808, .F. ) ;
#1872 = PLANE ( 'NONE',  #2684 ) ;
#1874 = VECTOR ( 'NONE', #1541, 1000.000000000000227 ) ;
#1875 = DIRECTION ( 'NONE',  ( 0.000000000000000000, 0.000000000000000000, 1.000000000000000000 ) ) ;
#1876 = EDGE_CURVE ( 'NONE', #1121, #1806, #522, .T. ) ;
#1877 = DIRECTION ( 'NONE',  ( 0.9767254939753946541, 0.2144931453881945005, 0.000000000000000000 ) ) ;
#1878 = VECTOR ( 'NONE', #2856, 1000.000000000000114 ) ;
#1879 = DIRECTION ( 'NONE',  ( -0.2144931453881946670, 0.9767254939753948761, 0.000000000000000000 ) ) ;
#1880 = ORIENTED_EDGE ( 'NONE', *, *, #597, .T. ) ;
#1881 = CIRCLE ( 'NONE', #2541, 3.500000000000004885 ) ;
#1882 = DIRECTION ( 'NONE',  ( 0.2144931453881998018, -0.9767254939753936549, 0.000000000000000000 ) ) ;
#1883 = VECTOR ( 'NONE', #151, 1000.000000000000000 ) ;
#1884 = VERTEX_POINT ( 'NONE', #282 ) ;
#1885 = VECTOR ( 'NONE', #1410, 1000.000000000000114 ) ;
#1886 = DIRECTION ( 'NONE',  ( -0.000000000000000000, -0.000000000000000000, -1.000000000000000000 ) ) ;
#1887 = DIRECTION ( 'NONE',  ( 0.2144931453881998018, -0.9767254939753935439, -0.000000000000000000 ) ) ;
#1888 = EDGE_LOOP ( 'NONE', ( #1364, #2906 ) ) ;
#1889 = AXIS2_PLACEMENT_3D ( 'NONE', #1293, #2676, #2739 ) ;
#1890 = ORIENTED_EDGE ( 'NONE', *, *, #1130, .F. ) ;
#1891 = AXIS2_PLACEMENT_3D ( 'NONE', #2532, #349, #161 ) ;
#1892 = CYLINDRICAL_SURFACE ( 'NONE', #1576, 1.899999999999999023 ) ;
#1893 = ADVANCED_FACE ( 'NONE', ( #1792 ), #2759, .F. ) ;
#1895 = EDGE_LOOP ( 'NONE', ( #2697, #2023, #275, #117 ) ) ;
#1894 = DIRECTION ( 'NONE',  ( -0.2144931453881946393, 0.9767254939753947651, -0.000000000000000000 ) ) ;
#1896 = AXIS2_PLACEMENT_3D ( 'NONE', #1793, #2947, #2251 ) ;
#1897 = CARTESIAN_POINT ( 'NONE',  ( 63.81769792320648804, 9.919326175821838731, 25.99999999999999645 ) ) ;
#1898 = LINE ( 'NONE', #426, #2285 ) ;
#1899 = EDGE_CURVE ( 'NONE', #94, #896, #85, .T. ) ;
#1900 = DIRECTION ( 'NONE',  ( -0.2144931453881946115, 0.9767254939753946541, -0.000000000000000000 ) ) ;
#1901 = ORIENTED_EDGE ( 'NONE', *, *, #3, .F. ) ;
#1902 = ORIENTED_EDGE ( 'NONE', *, *, #1990, .F. ) ;
#1903 = LINE ( 'NONE', #463, #2034 ) ;
#1904 = DIRECTION ( 'NONE',  ( 1.000000000000000000, 0.000000000000000000, -0.000000000000000000 ) ) ;
#1905 = VERTEX_POINT ( 'NONE', #572 ) ;
#1906 = CARTESIAN_POINT ( 'NONE',  ( 45.28539007111789516, 7.359699117945409874, -13.80000000000004157 ) ) ;
#1908 = VERTEX_POINT ( 'NONE', #785 ) ;
#1907 = DIRECTION ( 'NONE',  ( 0.9767254939753935439, 0.2144931453881997740, 0.000000000000000000 ) ) ;
#1909 = DIRECTION ( 'NONE',  ( 0.9767254939753947651, 0.2144931453881945838, 0.000000000000000000 ) ) ;
#1910 = DIRECTION ( 'NONE',  ( 0.9767254939753948761, 0.2144931453881943617, 1.156482317317870936E-15 ) ) ;
#1911 = VERTEX_POINT ( 'NONE', #258 ) ;
#1912 = EDGE_CURVE ( 'NONE', #1445, #2591, #2186, .T. ) ;
#1913 = DIRECTION ( 'NONE',  ( -0.000000000000000000, -0.000000000000000000, -1.000000000000000000 ) ) ;
#1914 = VERTEX_POINT ( 'NONE', #1965 ) ;
#1915 = EDGE_CURVE ( 'NONE', #2369, #1030, #1984, .T. ) ;
#1916 = CARTESIAN_POINT ( 'NONE',  ( 62.40241211515813546, 12.16809607991095277, 8.219999999999993534 ) ) ;
#1917 = FACE_OUTER_BOUND ( 'NONE', #1075, .T. ) ;
#1918 = ORIENTED_EDGE ( 'NONE', *, *, #2468, .T. ) ;
#1919 = UNCERTAINTY_MEASURE_WITH_UNIT (LENGTH_MEASURE( 1.000000000000000082E-05 ), #2351, 'distance_accuracy_value', 'NONE');
#1920 = FACE_OUTER_BOUND ( 'NONE', #544, .T. ) ;
#1921 = ORIENTED_EDGE ( 'NONE', *, *, #351, .F. ) ;
#1922 = DIRECTION ( 'NONE',  ( -0.2144931453881946670, 0.9767254939753948761, 0.000000000000000000 ) ) ;
#1923 = CARTESIAN_POINT ( 'NONE',  ( 64.15955184609786954, 9.994398776707706489, 43.00000000000000000 ) ) ;
#1924 = VECTOR ( 'NONE', #245, 1000.000000000000000 ) ;
#1925 = ORIENTED_EDGE ( 'NONE', *, *, #1148, .T. ) ;
#1926 = AXIS2_PLACEMENT_3D ( 'NONE', #2569, #1820, #2758 ) ;
#1927 = DIRECTION ( 'NONE',  ( 0.9767254939753947651, 0.2144931453881942507, 0.000000000000000000 ) ) ;
#1928 = ADVANCED_FACE ( 'NONE', ( #1722 ), #536, .T. ) ;
#1929 = AXIS2_PLACEMENT_3D ( 'NONE', #745, #1768, #1998 ) ;
#1930 = ORIENTED_EDGE ( 'NONE', *, *, #517, .T. ) ;
#1931 = AXIS2_PLACEMENT_3D ( 'NONE', #2658, #230, #2417 ) ;
#1932 = LINE ( 'NONE', #1691, #1571 ) ;
#1933 = PLANE ( 'NONE',  #2747 ) ;
#1934 = EDGE_CURVE ( 'NONE', #2702, #1799, #2328, .T. ) ;
#1935 = ORIENTED_EDGE ( 'NONE', *, *, #1655, .T. ) ;
#1936 = AXIS2_PLACEMENT_3D ( 'NONE', #509, #1002, #2250 ) ;
#1937 = FACE_OUTER_BOUND ( 'NONE', #1573, .T. ) ;
#1938 = AXIS2_PLACEMENT_3D ( 'NONE', #1821, #2789, #1072 ) ;
#1939 = ADVANCED_FACE ( 'NONE', ( #1310 ), #165, .T. ) ;
#1940 = VERTEX_POINT ( 'NONE', #1563 ) ;
#1941 = CARTESIAN_POINT ( 'NONE',  ( 47.18539007111789374, 7.359699117945409874, -13.80000000000004157 ) ) ;
#1942 = VECTOR ( 'NONE', #698, 1000.000000000000000 ) ;
#1943 = DIRECTION ( 'NONE',  ( 0.2144931453881932237, -0.9767254939753950982, 0.000000000000000000 ) ) ;
#1945 = ORIENTED_EDGE ( 'NONE', *, *, #2256, .F. ) ;
#1944 = DIRECTION ( 'NONE',  ( 1.129565762656107098E-16, 2.480575298273387549E-17, -1.000000000000000000 ) ) ;
#1946 = AXIS2_PLACEMENT_3D ( 'NONE', #771, #2726, #1743 ) ;
#1947 = PLANE ( 'NONE',  #364 ) ;
#1948 = ORIENTED_EDGE ( 'NONE', *, *, #583, .F. ) ;
#1949 = DIRECTION ( 'NONE',  ( -0.9767254939753946541, -0.2144931453881945560, 0.000000000000000000 ) ) ;
#1950 = DIRECTION ( 'NONE',  ( 1.129565762656107098E-16, 2.480575298273387549E-17, -1.000000000000000000 ) ) ;
#1951 = ORIENTED_EDGE ( 'NONE', *, *, #1330, .T. ) ;
#1952 = EDGE_CURVE ( 'NONE', #1760, #231, #659, .T. ) ;
#1953 = DIRECTION ( 'NONE',  ( 0.2144931453881998018, -0.9767254939753936549, 0.000000000000000000 ) ) ;
#1954 = ORIENTED_EDGE ( 'NONE', *, *, #699, .F. ) ;
#1955 = CARTESIAN_POINT ( 'NONE',  ( 61.86424693525571428, 9.490339885045449009, 25.99999999999999645 ) ) ;
#1956 = ADVANCED_FACE ( 'NONE', ( #385 ), #148, .F. ) ;
#1957 = CARTESIAN_POINT ( 'NONE',  ( 64.81989995062578203, 11.64956202570934352, -18.05000000000004334 ) ) ;
#1959 = ORIENTED_EDGE ( 'NONE', *, *, #2236, .T. ) ;
#1958 = LINE ( 'NONE', #979, #143 ) ;
#1960 = DIRECTION ( 'NONE',  ( 0.000000000000000000, 0.000000000000000000, 1.000000000000000000 ) ) ;
#1961 = LINE ( 'NONE', #315, #2926 ) ;
#1962 = CARTESIAN_POINT ( 'NONE',  ( 82.71733623163042637, 14.06976853908340885, 34.00000000000000000 ) ) ;
#1963 = DIRECTION ( 'NONE',  ( 0.2144931453881945282, -0.9767254939753946541, -0.000000000000000000 ) ) ;
#1964 = ORIENTED_EDGE ( 'NONE', *, *, #535, .F. ) ;
#1965 = CARTESIAN_POINT ( 'NONE',  ( 43.99017039550600572, 5.565115324441493705, 25.99999999999999645 ) ) ;
#1966 = EDGE_CURVE ( 'NONE', #2480, #70, #1135, .T. ) ;
#1967 = VERTEX_POINT ( 'NONE', #836 ) ;
#1968 = LINE ( 'NONE', #306, #1373 ) ;
#1969 = EDGE_CURVE ( 'NONE', #1869, #1438, #1016, .T. ) ;
#1971 = ORIENTED_EDGE ( 'NONE', *, *, #2299, .T. ) ;
#1970 = CARTESIAN_POINT ( 'NONE',  ( 84.00429510395957777, 8.209415575231044926, 28.00000000000000355 ) ) ;
#1972 = CIRCLE ( 'NONE', #2277, 6.000000000000003553 ) ;
#1973 = LINE ( 'NONE', #1714, #616 ) ;
#1974 = CARTESIAN_POINT ( 'NONE',  ( 110.9180870395787224, 19.36922756496311493, -137.4435527053877308 ) ) ;
#1975 = AXIS2_PLACEMENT_3D ( 'NONE', #2067, #563, #852 ) ;
#1976 = DIRECTION ( 'NONE',  ( 0.2144931453881932237, -0.9767254939753950982, -0.000000000000000000 ) ) ;
#1977 = DIRECTION ( 'NONE',  ( 1.000000000000000000, 0.000000000000000000, -0.000000000000000000 ) ) ;
#1978 = AXIS2_PLACEMENT_3D ( 'NONE', #2339, #155, #1292 ) ;
#1979 = ORIENTED_EDGE ( 'NONE', *, *, #484, .T. ) ;
#1980 = AXIS2_PLACEMENT_3D ( 'NONE', #2639, #1205, #2161 ) ;
#1981 = CARTESIAN_POINT ( 'NONE',  ( 40.58884689675334556, -1.324804737274434707, -4.900000000000010125 ) ) ;
#1982 = DIRECTION ( 'NONE',  ( -1.000000000000000000, 0.000000000000000000, 0.000000000000000000 ) ) ;
#1983 = ORIENTED_EDGE ( 'NONE', *, *, #140, .T. ) ;
#1984 = CIRCLE ( 'NONE', #1014, 3.549999999999998934 ) ;
#1985 = EDGE_CURVE ( 'NONE', #1030, #2369, #2647, .T. ) ;
#1986 = DIRECTION ( 'NONE',  ( -0.6582970255026584505, -0.2729630613026631236, 0.7015241930102131818 ) ) ;
#1988 = ORIENTED_EDGE ( 'NONE', *, *, #431, .T. ) ;
#1987 = DIRECTION ( 'NONE',  ( -0.9767254939753946541, -0.2144931453881949446, 0.000000000000000000 ) ) ;
#1989 = VECTOR ( 'NONE', #1739, 1000.000000000000000 ) ;
#1990 = EDGE_CURVE ( 'NONE', #3142, #2626, #2538, .T. ) ;
#1991 = CIRCLE ( 'NONE', #1891, 6.000000000000000888 ) ;
#1993 = CYLINDRICAL_SURFACE ( 'NONE', #2984, 3.499999999999997335 ) ;
#1992 = LINE ( 'NONE', #1239, #2093 ) ;
#1994 = ORIENTED_EDGE ( 'NONE', *, *, #2378, .F. ) ;
#1995 = DIRECTION ( 'NONE',  ( -0.000000000000000000, -0.000000000000000000, 1.000000000000000000 ) ) ;
#1996 = AXIS2_PLACEMENT_3D ( 'NONE', #546, #1029, #1225 ) ;
#1997 = EDGE_CURVE ( 'NONE', #2727, #310, #3027, .T. ) ;
#1998 = DIRECTION ( 'NONE',  ( -1.000000000000000000, 0.000000000000000000, 0.000000000000000000 ) ) ;
#1999 = LINE ( 'NONE', #1704, #1580 ) ;
#2000 = ORIENTED_EDGE ( 'NONE', *, *, #2202, .F. ) ;
#2001 = CARTESIAN_POINT ( 'NONE',  ( 82.71733623163042637, 14.06976853908340885, 34.00000000000000000 ) ) ;
#2002 = CYLINDRICAL_SURFACE ( 'NONE', #368, 2.399999999999997691 ) ;
#2003 = ORIENTED_EDGE ( 'NONE', *, *, #822, .F. ) ;
#2004 = DIRECTION ( 'NONE',  ( 0.2144931453881945282, -0.9767254939753946541, -0.000000000000000000 ) ) ;
#2006 = VERTEX_POINT ( 'NONE', #1582 ) ;
#2005 = CARTESIAN_POINT ( 'NONE',  ( 44.91902577299860155, 8.328668777462276296, 8.219999999999995310 ) ) ;
#2007 = CARTESIAN_POINT ( 'NONE',  ( 64.63930672800501043, 13.17124237583031565, 8.219999999999993534 ) ) ;
#2008 = ORIENTED_EDGE ( 'NONE', *, *, #941, .F. ) ;
#2009 = EDGE_CURVE ( 'NONE', #226, #1264, #2076, .T. ) ;
#2010 = ORIENTED_EDGE ( 'NONE', *, *, #1952, .F. ) ;
#2011 = DIRECTION ( 'NONE',  ( -0.2144931453881946670, 0.9767254939753948761, 0.000000000000000000 ) ) ;
#2012 = DIRECTION ( 'NONE',  ( 0.2144931453881998018, -0.9767254939753936549, 0.000000000000000000 ) ) ;
#2013 = ADVANCED_FACE ( 'NONE', ( #894 ), #2349, .F. ) ;
#2014 = ORIENTED_EDGE ( 'NONE', *, *, #2628, .T. ) ;
#2015 = LINE ( 'NONE', #2265, #1727 ) ;
#2016 = DIRECTION ( 'NONE',  ( 1.129565762656107098E-16, 2.480575298273387549E-17, -1.000000000000000000 ) ) ;
#2017 = ORIENTED_EDGE ( 'NONE', *, *, #855, .T. ) ;
#2018 = CARTESIAN_POINT ( 'NONE',  ( 40.42797703771218920, -0.5922606167928893273, -4.900000000000010125 ) ) ;
#2020 = EDGE_LOOP ( 'NONE', ( #574, #1355 ) ) ;
#2019 = DIRECTION ( 'NONE',  ( -1.000000000000000000, 0.000000000000000000, 0.000000000000000000 ) ) ;
#2022 = DIRECTION ( 'NONE',  ( 0.9767254939753947651, 0.2144931453881948336, 0.000000000000000000 ) ) ;
#2021 = CARTESIAN_POINT ( 'NONE',  ( 71.30686368227944172, 5.421004685184447780, 33.99999999999999289 ) ) ;
#2023 = ORIENTED_EDGE ( 'NONE', *, *, #620, .T. ) ;
#2024 = DIRECTION ( 'NONE',  ( 0.2144931453881998018, -0.9767254939753936549, 0.000000000000000000 ) ) ;
#2025 = EDGE_CURVE ( 'NONE', #2958, #3125, #1856, .T. ) ;
#2026 = LINE ( 'NONE', #2801, #1122 ) ;
#2027 = CIRCLE ( 'NONE', #1619, 2.400000000000004352 ) ;
#2028 = ORIENTED_EDGE ( 'NONE', *, *, #986, .T. ) ;
#2029 = LINE ( 'NONE', #879, #1315 ) ;
#2030 = ADVANCED_FACE ( 'NONE', ( #2105 ), #1868, .T. ) ;
#2031 = DIRECTION ( 'NONE',  ( 0.2144931453881998018, -0.9767254939753935439, -0.000000000000000000 ) ) ;
#2032 = DIRECTION ( 'NONE',  ( -0.9767254939753946541, -0.2144931453881947780, 0.000000000000000000 ) ) ;
#2033 = ORIENTED_EDGE ( 'NONE', *, *, #470, .T. ) ;
#2034 = VECTOR ( 'NONE', #2396, 1000.000000000000227 ) ;
#2035 = DIRECTION ( 'NONE',  ( 1.129565762656107098E-16, 2.480575298273387549E-17, -1.000000000000000000 ) ) ;
#2036 = CIRCLE ( 'NONE', #3046, 1.899999999999999023 ) ;
#2038 = EDGE_LOOP ( 'NONE', ( #2064, #2790, #2201, #1994 ) ) ;
#2037 = CARTESIAN_POINT ( 'NONE',  ( 46.38411401396170675, 8.650408495544569476, 8.219999999999995310 ) ) ;
#2039 = VECTOR ( 'NONE', #1774, 1000.000000000000000 ) ;
#2041 = FACE_BOUND ( 'NONE', #1004, .T. ) ;
#2040 = CARTESIAN_POINT ( 'NONE',  ( 0.1943559788604720673, -4.946182947837774790, -13.80000000000003801 ) ) ;
#2042 = VERTEX_POINT ( 'NONE', #2520 ) ;
#2043 = DIRECTION ( 'NONE',  ( 0.2144931453881945282, -0.9767254939753946541, -0.000000000000000000 ) ) ;
#2044 = AXIS2_PLACEMENT_3D ( 'NONE', #1835, #2756, #600 ) ;
#2045 = FACE_OUTER_BOUND ( 'NONE', #1249, .T. ) ;
#2046 = EDGE_LOOP ( 'NONE', ( #613, #596, #669, #1693 ) ) ;
#2047 = CARTESIAN_POINT ( 'NONE',  ( 66.71989995062578771, 11.64956202570934352, -13.80000000000004157 ) ) ;
#2048 = CARTESIAN_POINT ( 'NONE',  ( 72.98381862860300373, 21.09551654705719415, -13.80000000000003801 ) ) ;
#2049 = CARTESIAN_POINT ( 'NONE',  ( 63.17421848704191234, 12.84950265774802425, 25.99999999999999645 ) ) ;
#2050 = ORIENTED_EDGE ( 'NONE', *, *, #1263, .T. ) ;
#2051 = EDGE_CURVE ( 'NONE', #815, #295, #335, .T. ) ;
#2052 = DIRECTION ( 'NONE',  ( 0.9767254939753935439, 0.2144931453881997463, 0.000000000000000000 ) ) ;
#2054 = VERTEX_POINT ( 'NONE', #2314 ) ;
#2053 = DIRECTION ( 'NONE',  ( -0.9767254939753946541, -0.2144931453881949446, 0.000000000000000000 ) ) ;
#2055 = EDGE_CURVE ( 'NONE', #2115, #2778, #207, .T. ) ;
#2056 = CARTESIAN_POINT ( 'NONE',  ( 64.63930672800499622, 13.17124237583031743, 25.99999999999999645 ) ) ;
#2057 = VERTEX_POINT ( 'NONE', #1598 ) ;
#2058 = DIRECTION ( 'NONE',  ( 0.2144931453881945282, -0.9767254939753946541, -0.000000000000000000 ) ) ;
#2059 = DIRECTION ( 'NONE',  ( 0.2144931453881997463, -0.9767254939753935439, -3.279953505885661497E-32 ) ) ;
#2060 = ORIENTED_EDGE ( 'NONE', *, *, #1012, .T. ) ;
#2061 = CARTESIAN_POINT ( 'NONE',  ( 76.19049115215645429, 6.493470412125449620, -13.80000000000002913 ) ) ;
#2062 = DIRECTION ( 'NONE',  ( 0.6906492201477815174, 0.1516695576220281616, -0.7071067811865472397 ) ) ;
#2063 = FILL_AREA_STYLE_COLOUR ( '', #619 ) ;
#2064 = ORIENTED_EDGE ( 'NONE', *, *, #249, .F. ) ;
#2065 = DIRECTION ( 'NONE',  ( -0.9767254939753948761, -0.2144931453881941952, 0.000000000000000000 ) ) ;
#2066 = EDGE_CURVE ( 'NONE', #2094, #226, #2819, .T. ) ;
#2068 = EDGE_LOOP ( 'NONE', ( #2194, #1508, #1069, #1624, #988, #259 ) ) ;
#2067 = CARTESIAN_POINT ( 'NONE',  ( 45.28539007111789516, 7.359699117945409874, -18.05000000000004334 ) ) ;
#2069 = DIRECTION ( 'NONE',  ( 0.9767254939753947651, 0.2144931453881946115, 0.000000000000000000 ) ) ;
#2070 = EDGE_CURVE ( 'NONE', #3025, #858, #1731, .T. ) ;
#2071 = DIRECTION ( 'NONE',  ( -0.9767254939753935439, -0.2144931453881999128, 0.000000000000000000 ) ) ;
#2072 = EDGE_LOOP ( 'NONE', ( #758, #2924 ) ) ;
#2073 = LINE ( 'NONE', #2275, #668 ) ;
#2074 = ORIENTED_EDGE ( 'NONE', *, *, #1362, .T. ) ;
#2075 = CARTESIAN_POINT ( 'NONE',  ( 45.28539007111789516, 7.359699117945409874, -18.05000000000004334 ) ) ;
#2076 = LINE ( 'NONE', #1331, #921 ) ;
#2077 = VECTOR ( 'NONE', #2527, 1000.000000000000227 ) ;
#2078 = VERTEX_POINT ( 'NONE', #1394 ) ;
#2079 = CIRCLE ( 'NONE', #241, 1.899999999999999023 ) ;
#2080 = CARTESIAN_POINT ( 'NONE',  ( 29.30766744133753221, -3.802200566508144419, -13.80000000000003446 ) ) ;
#2082 = ORIENTED_EDGE ( 'NONE', *, *, #624, .T. ) ;
#2081 = DIRECTION ( 'NONE',  ( 0.9767254939753948761, 0.2144931453881943617, 1.156482317317870936E-15 ) ) ;
#2083 = CIRCLE ( 'NONE', #294, 3.500000000000004885 ) ;
#2084 = CARTESIAN_POINT ( 'NONE',  ( 107.9603585678614763, 28.77651608340833178, -3.000000000000000000 ) ) ;
#2085 = DIRECTION ( 'NONE',  ( 0.2144931453881997740, -0.9767254939753935439, -0.000000000000000000 ) ) ;
#2086 = ORIENTED_EDGE ( 'NONE', *, *, #3093, .F. ) ;
#2087 = ADVANCED_FACE ( 'NONE', ( #2650 ), #1933, .T. ) ;
#2088 = DIRECTION ( 'NONE',  ( 0.2144931453881998018, -0.9767254939753935439, -0.000000000000000000 ) ) ;
#2089 = ORIENTED_EDGE ( 'NONE', *, *, #1054, .F. ) ;
#2090 = AXIS2_PLACEMENT_3D ( 'NONE', #2007, #1524, #2686 ) ;
#2091 = PLANE ( 'NONE',  #599 ) ;
#2092 = CARTESIAN_POINT ( 'NONE',  ( 36.96060153409954552, -1.353711282920999626, -4.900000000000010125 ) ) ;
#2093 = VECTOR ( 'NONE', #29, 1000.000000000000114 ) ;
#2094 = VERTEX_POINT ( 'NONE', #2364 ) ;
#2095 = DIRECTION ( 'NONE',  ( -0.2144931453881998018, 0.9767254939753936549, -0.000000000000000000 ) ) ;
#2097 = ORIENTED_EDGE ( 'NONE', *, *, #1108, .T. ) ;
#2096 = LINE ( 'NONE', #152, #1367 ) ;
#2098 = CARTESIAN_POINT ( 'NONE',  ( 29.30766744133751800, -3.802200566508147528, -13.80000000000003446 ) ) ;
#2099 = DIRECTION ( 'NONE',  ( -0.9767254939753946541, -0.2144931453881949446, 0.000000000000000000 ) ) ;
#2100 = ORIENTED_EDGE ( 'NONE', *, *, #325, .F. ) ;
#2101 = DIRECTION ( 'NONE',  ( -0.9767254939753949872, -0.2144931453881930850, 0.000000000000000000 ) ) ;
#2102 = ADVANCED_FACE ( 'NONE', ( #931 ), #2183, .F. ) ;
#2103 = EDGE_LOOP ( 'NONE', ( #2656, #676, #1219, #2204 ) ) ;
#2104 = FACE_OUTER_BOUND ( 'NONE', #55, .T. ) ;
#2105 = FACE_OUTER_BOUND ( 'NONE', #1259, .T. ) ;
#2106 = EDGE_CURVE ( 'NONE', #1477, #413, #1379, .T. ) ;
#2107 = DIRECTION ( 'NONE',  ( 1.000000000000000000, 0.000000000000000000, 0.000000000000000000 ) ) ;
#2108 = VERTEX_POINT ( 'NONE', #2413 ) ;
#2109 = DIRECTION ( 'NONE',  ( -0.2144931453881946393, 0.9767254939753947651, -0.000000000000000000 ) ) ;
#2111 = VERTEX_POINT ( 'NONE', #1149 ) ;
#2110 = DIRECTION ( 'NONE',  ( 1.129565762656107098E-16, 2.480575298273387549E-17, -1.000000000000000000 ) ) ;
#2112 = DIRECTION ( 'NONE',  ( 1.000000000000000000, 0.000000000000000000, 0.000000000000000000 ) ) ;
#2113 = FACE_BOUND ( 'NONE', #16, .T. ) ;
#2114 = CYLINDRICAL_SURFACE ( 'NONE', #305, 3.549999999999997602 ) ;
#2115 = VERTEX_POINT ( 'NONE', #434 ) ;
#2116 = CARTESIAN_POINT ( 'NONE',  ( 37.12147139314069477, -2.086255403402543340, -4.900000000000010125 ) ) ;
#2117 = ORIENTED_EDGE ( 'NONE', *, *, #917, .T. ) ;
#2118 = ADVANCED_FACE ( 'NONE', ( #720 ), #2120, .F. ) ;
#2119 = CARTESIAN_POINT ( 'NONE',  ( 0.1943559788604699023, -4.946182947837774790, -137.4435527053877308 ) ) ;
#2120 = CYLINDRICAL_SURFACE ( 'NONE', #408, 3.549999999999998934 ) ;
#2121 = VECTOR ( 'NONE', #1995, 1000.000000000000000 ) ;
#2122 = ORIENTED_EDGE ( 'NONE', *, *, #466, .T. ) ;
#2123 = EDGE_CURVE ( 'NONE', #2189, #1911, #2897, .T. ) ;
#2124 = DIRECTION ( 'NONE',  ( -1.000000000000000000, 0.000000000000000000, -1.129565762656107098E-16 ) ) ;
#2126 = EDGE_LOOP ( 'NONE', ( #223, #888, #87, #2341 ) ) ;
#2125 = DIRECTION ( 'NONE',  ( 0.9767254939753935439, 0.2144931453881997740, 0.000000000000000000 ) ) ;
#2127 = AXIS2_PLACEMENT_3D ( 'NONE', #15, #2193, #1987 ) ;
#2128 = DIRECTION ( 'NONE',  ( -0.2144931453881946115, 0.9767254939753946541, -0.000000000000000000 ) ) ;
#2129 = ADVANCED_FACE ( 'NONE', ( #236 ), #2852, .F. ) ;
#2130 = CARTESIAN_POINT ( 'NONE',  ( 74.17384285456205362, 6.818477556369412440, -4.900000000000004796 ) ) ;
#2131 = AXIS2_PLACEMENT_3D ( 'NONE', #1569, #89, #2764 ) ;
#2132 = FACE_OUTER_BOUND ( 'NONE', #2403, .T. ) ;
#2133 = ORIENTED_EDGE ( 'NONE', *, *, #2025, .T. ) ;
#2134 = AXIS2_PLACEMENT_3D ( 'NONE', #550, #172, #856 ) ;
#2135 = FACE_OUTER_BOUND ( 'NONE', #1458, .T. ) ;
#2136 = AXIS2_PLACEMENT_3D ( 'NONE', #1698, #2407, #2172 ) ;
#2137 = EDGE_LOOP ( 'NONE', ( #2865, #1085, #1402, #1654 ) ) ;
#2138 = DIRECTION ( 'NONE',  ( -0.6906492201477822945, -0.1516695576220242481, 0.7071067811865472397 ) ) ;
#2139 = DIRECTION ( 'NONE',  ( -1.000000000000000000, 0.000000000000000000, 0.000000000000000000 ) ) ;
#2140 = CIRCLE ( 'NONE', #2234, 4.949999999999995737 ) ;
#2141 = ORIENTED_EDGE ( 'NONE', *, *, #1325, .F. ) ;
#2142 = AXIS2_PLACEMENT_3D ( 'NONE', #2242, #276, #993 ) ;
#2143 = DIRECTION ( 'NONE',  ( 0.4400750516418645009, 0.6877504021002652790, -0.5773502691896260641 ) ) ;
#2144 = ADVANCED_FACE ( 'NONE', ( #2168 ), #2618, .T. ) ;
#2146 = ORIENTED_EDGE ( 'NONE', *, *, #822, .T. ) ;
#2145 = DIRECTION ( 'NONE',  ( 0.2144931453881997740, -0.9767254939753935439, -0.000000000000000000 ) ) ;
#2147 = VECTOR ( 'NONE', #516, 1000.000000000000114 ) ;
#2148 = CARTESIAN_POINT ( 'NONE',  ( 64.74655330069909098, 12.68287962884262221, 8.219999999999993534 ) ) ;
#2149 = CIRCLE ( 'NONE', #1740, 1.900000000000003908 ) ;
#2150 = DIRECTION ( 'NONE',  ( -0.2144931453881946393, 0.9767254939753947651, -0.000000000000000000 ) ) ;
#2151 = EDGE_CURVE ( 'NONE', #1908, #217, #1407, .T. ) ;
#2152 = VERTEX_POINT ( 'NONE', #2379 ) ;
#2153 = CYLINDRICAL_SURFACE ( 'NONE', #867, 3.549999999999998934 ) ;
#2154 = ORIENTED_EDGE ( 'NONE', *, *, #860, .T. ) ;
#2155 = LINE ( 'NONE', #2119, #809 ) ;
#2156 = CARTESIAN_POINT ( 'NONE',  ( 113.9720996375330344, 23.94172488823012657, 4.500000000000000000 ) ) ;
#2157 = ORIENTED_EDGE ( 'NONE', *, *, #1536, .T. ) ;
#2158 = LINE ( 'NONE', #2655, #2489 ) ;
#2159 = ORIENTED_EDGE ( 'NONE', *, *, #2534, .T. ) ;
#2160 = ADVANCED_FACE ( 'NONE', ( #1917 ), #476, .F. ) ;
#2161 = DIRECTION ( 'NONE',  ( 0.9767254939753948761, 0.2144931453881940564, 0.000000000000000000 ) ) ;
#2162 = DIRECTION ( 'NONE',  ( -0.2144931453881946115, 0.9767254939753946541, -0.000000000000000000 ) ) ;
#2163 = ORIENTED_EDGE ( 'NONE', *, *, #127, .T. ) ;
#2164 = EDGE_CURVE ( 'NONE', #874, #465, #1478, .T. ) ;
#2165 = PRESENTATION_STYLE_ASSIGNMENT (( #2891 ) ) ;
#2166 = EDGE_LOOP ( 'NONE', ( #2882, #2259, #721, #208 ) ) ;
#2167 = LINE ( 'NONE', #192, #291 ) ;
#2168 = FACE_OUTER_BOUND ( 'NONE', #1565, .T. ) ;
#2169 = EDGE_LOOP ( 'NONE', ( #2619, #940 ) ) ;
#2170 = DIRECTION ( 'NONE',  ( 0.9767254939753936549, 0.2144931453881997185, 0.000000000000000000 ) ) ;
#2171 = VERTEX_POINT ( 'NONE', #957 ) ;
#2172 = DIRECTION ( 'NONE',  ( -0.9767254939753946541, -0.2144931453881948336, 0.000000000000000000 ) ) ;
#2173 = AXIS2_PLACEMENT_3D ( 'NONE', #1141, #1305, #2112 ) ;
#2175 = ORIENTED_EDGE ( 'NONE', *, *, #1486, .T. ) ;
#2174 = LINE ( 'NONE', #526, #1924 ) ;
#2176 = AXIS2_PLACEMENT_3D ( 'NONE', #3097, #2110, #899 ) ;
#2177 = FACE_OUTER_BOUND ( 'NONE', #1274, .T. ) ;
#2178 = CIRCLE ( 'NONE', #1062, 1.900000000000003908 ) ;
#2179 = EDGE_CURVE ( 'NONE', #1967, #1679, #973, .T. ) ;
#2180 = ORIENTED_EDGE ( 'NONE', *, *, #1148, .F. ) ;
#2181 = CIRCLE ( 'NONE', #862, 1.900000000000003908 ) ;
#2182 = CARTESIAN_POINT ( 'NONE',  ( 68.70132539308347930, 10.99179190276281304, 25.99999999999999645 ) ) ;
#2183 = CYLINDRICAL_SURFACE ( 'NONE', #2946, 2.400000000000004352 ) ;
#2184 = EDGE_CURVE ( 'NONE', #2346, #588, #816, .T. ) ;
#2185 = VERTEX_POINT ( 'NONE', #2156 ) ;
#2186 = CIRCLE ( 'NONE', #2999, 3.549999999999997602 ) ;
#2187 = FACE_OUTER_BOUND ( 'NONE', #1155, .T. ) ;
#2188 = VECTOR ( 'NONE', #2663, 1000.000000000000114 ) ;
#2189 = VERTEX_POINT ( 'NONE', #945 ) ;
#2190 = AXIS2_PLACEMENT_3D ( 'NONE', #2116, #3086, #2876 ) ;
#2191 = CARTESIAN_POINT ( 'NONE',  ( 45.45525863646909670, 5.886855042523785109, 25.99999999999999645 ) ) ;
#2192 = AXIS2_PLACEMENT_3D ( 'NONE', #186, #392, #3103 ) ;
#2194 = ORIENTED_EDGE ( 'NONE', *, *, #2236, .F. ) ;
#2193 = DIRECTION ( 'NONE',  ( -0.2144931453881946670, 0.9767254939753948761, 0.000000000000000000 ) ) ;
#2195 = VECTOR ( 'NONE', #2488, 1000.000000000000114 ) ;
#2196 = LINE ( 'NONE', #981, #670 ) ;
#2197 = CARTESIAN_POINT ( 'NONE',  ( 75.11802542521544979, 11.37709788200241690, 25.09999999999999787 ) ) ;
#2198 = CARTESIAN_POINT ( 'NONE',  ( 0.000000000000000000, 0.000000000000000000, -3.000000000000000000 ) ) ;
#2199 = ADVANCED_FACE ( 'NONE', ( #2880 ), #703, .T. ) ;
#2200 = DIRECTION ( 'NONE',  ( -0.2144931453881946670, 0.9767254939753946541, 0.000000000000000000 ) ) ;
#2201 = ORIENTED_EDGE ( 'NONE', *, *, #1578, .F. ) ;
#2202 = EDGE_CURVE ( 'NONE', #1201, #1289, #1999, .T. ) ;
#2203 = CYLINDRICAL_SURFACE ( 'NONE', #1832, 4.949999999999995737 ) ;
#2204 = ORIENTED_EDGE ( 'NONE', *, *, #388, .T. ) ;
#2205 = PLANE ( 'NONE',  #1675 ) ;
#2207 = EDGE_LOOP ( 'NONE', ( #113, #693 ) ) ;
#2206 = CARTESIAN_POINT ( 'NONE',  ( 61.26989995062579197, 11.64956202570934352, -18.05000000000004334 ) ) ;
#2208 = DIRECTION ( 'NONE',  ( -0.9767254939753947651, -0.2144931453881946115, 0.000000000000000000 ) ) ;
#2209 = CARTESIAN_POINT ( 'NONE',  ( 65.57580381236223843, 10.30541383752059303, 30.99999999999999645 ) ) ;
#2210 = DIRECTION ( 'NONE',  ( 0.2144931453881945282, -0.9767254939753946541, -0.000000000000000000 ) ) ;
#2211 = ORIENTED_EDGE ( 'NONE', *, *, #388, .F. ) ;
#2212 = ADVANCED_FACE ( 'NONE', ( #2962 ), #2942, .F. ) ;
#2213 = DIRECTION ( 'NONE',  ( 0.9767254939753936549, 0.2144931453881997463, 0.000000000000000000 ) ) ;
#2214 = CARTESIAN_POINT ( 'NONE',  ( 41.73539007111789800, 7.359699117945410762, -18.80000000000004334 ) ) ;
#2215 = ORIENTED_EDGE ( 'NONE', *, *, #2863, .F. ) ;
#2216 = ADVANCED_FACE ( 'NONE', ( #1243 ), #32, .T. ) ;
#2217 = PLANE ( 'NONE',  #1116 ) ;
#2219 = ORIENTED_EDGE ( 'NONE', *, *, #2473, .F. ) ;
#2218 = CARTESIAN_POINT ( 'NONE',  ( 65.28278616416959323, 10.24106589390413014, 8.219999999999993534 ) ) ;
#2220 = CIRCLE ( 'NONE', #2127, 2.400000000000004352 ) ;
#2222 = DIRECTION ( 'NONE',  ( 0.9767254939753948761, 0.2144931453881940564, 0.000000000000000000 ) ) ;
#2221 = CYLINDRICAL_SURFACE ( 'NONE', #2654, 1.500000000000007550 ) ;
#2223 = ORIENTED_EDGE ( 'NONE', *, *, #159, .T. ) ;
#2224 = CYLINDRICAL_SURFACE ( 'NONE', #744, 2.400000000000004352 ) ;
#2225 = AXIS2_PLACEMENT_3D ( 'NONE', #918, #1894, #884 ) ;
#2226 = DIRECTION ( 'NONE',  ( 0.000000000000000000, 0.000000000000000000, -1.000000000000000000 ) ) ;
#2227 = CARTESIAN_POINT ( 'NONE',  ( 66.32652982122091601, 6.886874608606713188, 30.99999999999999645 ) ) ;
#2228 = EDGE_LOOP ( 'NONE', ( #2629, #2568, #2672, #1283 ) ) ;
#2229 = AXIS2_PLACEMENT_3D ( 'NONE', #2261, #80, #2069 ) ;
#2230 = CARTESIAN_POINT ( 'NONE',  ( 77.88539973166855646, 7.633551508844573341, -4.900000000000004796 ) ) ;
#2231 = LINE ( 'NONE', #1723, #1441 ) ;
#2232 = CIRCLE ( 'NONE', #1118, 3.549999999999998934 ) ;
#2233 = ORIENTED_EDGE ( 'NONE', *, *, #1536, .F. ) ;
#2234 = AXIS2_PLACEMENT_3D ( 'NONE', #1258, #2503, #1485 ) ;
#2235 = DIRECTION ( 'NONE',  ( 0.2144931453881945560, -0.9767254939753947651, -0.000000000000000000 ) ) ;
#2236 = EDGE_CURVE ( 'NONE', #126, #714, #715, .T. ) ;
#2238 = EDGE_LOOP ( 'NONE', ( #2154, #1579, #1595, #1191 ) ) ;
#2237 = DIRECTION ( 'NONE',  ( -0.2144931453881946670, 0.9767254939753947651, 0.000000000000000000 ) ) ;
#2239 = AXIS2_PLACEMENT_3D ( 'NONE', #634, #2567, #1356 ) ;
#2240 = AXIS2_PLACEMENT_3D ( 'NONE', #427, #219, #411 ) ;
#2241 = EDGE_CURVE ( 'NONE', #3142, #2358, #1328, .T. ) ;
#2243 = DIRECTION ( 'NONE',  ( 0.2144931453881945560, -0.9767254939753947651, -0.000000000000000000 ) ) ;
#2242 = CARTESIAN_POINT ( 'NONE',  ( 64.81989995062578203, 11.64956202570934352, -13.80000000000004157 ) ) ;
#2244 = ORIENTED_EDGE ( 'NONE', *, *, #517, .F. ) ;
#2245 = AXIS2_PLACEMENT_3D ( 'NONE', #2907, #485, #2450 ) ;
#2246 = FACE_OUTER_BOUND ( 'NONE', #3092, .T. ) ;
#2247 = CARTESIAN_POINT ( 'NONE',  ( 64.63930672800501043, 13.17124237583031565, 8.219999999999993534 ) ) ;
#2248 = CIRCLE ( 'NONE', #115, 1.900000000000003908 ) ;
#2249 = VERTEX_POINT ( 'NONE', #519 ) ;
#2250 = DIRECTION ( 'NONE',  ( -0.9767254939753946541, -0.2144931453881945560, 0.000000000000000000 ) ) ;
#2251 = DIRECTION ( 'NONE',  ( 0.9767254939753936549, 0.2144931453881999683, 0.000000000000000000 ) ) ;
#2252 = ORIENTED_EDGE ( 'NONE', *, *, #799, .F. ) ;
#2253 = CARTESIAN_POINT ( 'NONE',  ( 73.26224698666220547, 10.96956090576483689, -4.900000000000004796 ) ) ;
#2255 = ORIENTED_EDGE ( 'NONE', *, *, #1899, .F. ) ;
#2254 = CARTESIAN_POINT ( 'NONE',  ( 64.74655330069910519, 12.68287962884262399, 25.99999999999999645 ) ) ;
#2256 = EDGE_CURVE ( 'NONE', #2775, #2331, #1498, .T. ) ;
#2258 = CARTESIAN_POINT ( 'NONE',  ( 47.86545182686999311, 0.2731691958676521481, 43.00000000000000000 ) ) ;
#2257 = CARTESIAN_POINT ( 'NONE',  ( 47.26316695853954997, 8.843452326393942187, 8.219999999999995310 ) ) ;
#2259 = ORIENTED_EDGE ( 'NONE', *, *, #1036, .T. ) ;
#2260 = EDGE_CURVE ( 'NONE', #1264, #1206, #2140, .T. ) ;
#2261 = CARTESIAN_POINT ( 'NONE',  ( 84.36153545306805768, -26.05240544077712528, 40.00000000000000000 ) ) ;
#2262 = DIRECTION ( 'NONE',  ( -0.9767254939753947651, -0.2144931453881942507, -1.224646799147352714E-16 ) ) ;
#2263 = VERTEX_POINT ( 'NONE', #2439 ) ;
#2264 = EDGE_CURVE ( 'NONE', #2331, #1688, #2707, .T. ) ;
#2265 = CARTESIAN_POINT ( 'NONE',  ( 81.21588421391307122, 20.90684699691112769, -3.000000000000000000 ) ) ;
#2266 = CARTESIAN_POINT ( 'NONE',  ( 65.28278616416959323, 10.24106589390413191, 8.219999999999993534 ) ) ;
#2267 = VERTEX_POINT ( 'NONE', #253 ) ;
#2268 = FACE_OUTER_BOUND ( 'NONE', #1161, .T. ) ;
#2270 = ORIENTED_EDGE ( 'NONE', *, *, #1969, .F. ) ;
#2269 = DIRECTION ( 'NONE',  ( 0.000000000000000000, 0.000000000000000000, -1.000000000000000000 ) ) ;
#2272 = DIRECTION ( 'NONE',  ( 1.000000000000000000, 0.000000000000000000, 0.000000000000000000 ) ) ;
#2271 = CARTESIAN_POINT ( 'NONE',  ( 77.16721664613181986, 6.707963557513643593, 34.00000000000000000 ) ) ;
#2273 = ORIENTED_EDGE ( 'NONE', *, *, #2931, .F. ) ;
#2274 = DIRECTION ( 'NONE',  ( -0.000000000000000000, -0.000000000000000000, 1.000000000000000000 ) ) ;
#2275 = CARTESIAN_POINT ( 'NONE',  ( 29.30766744133751800, -3.802200566508144863, -13.80000000000003446 ) ) ;
#2276 = EDGE_CURVE ( 'NONE', #1195, #1526, #2548, .T. ) ;
#2277 = AXIS2_PLACEMENT_3D ( 'NONE', #114, #832, #171 ) ;
#2278 = ORIENTED_EDGE ( 'NONE', *, *, #1561, .F. ) ;
#2279 = AXIS2_PLACEMENT_3D ( 'NONE', #2537, #354, #2806 ) ;
#2280 = DIRECTION ( 'NONE',  ( -0.2144931453881946393, 0.9767254939753947651, -0.000000000000000000 ) ) ;
#2281 = CARTESIAN_POINT ( 'NONE',  ( 45.91296699713516460, 2.403967869993447248, 30.99999999999999645 ) ) ;
#2282 = EDGE_CURVE ( 'NONE', #878, #37, #1433, .T. ) ;
#2283 = CYLINDRICAL_SURFACE ( 'NONE', #214, 3.549999999999997602 ) ;
#2284 = ORIENTED_EDGE ( 'NONE', *, *, #541, .F. ) ;
#2285 = VECTOR ( 'NONE', #139, 1000.000000000000000 ) ;
#2286 = CARTESIAN_POINT ( 'NONE',  ( 44.91902577299860866, 8.328668777462278072, 25.99999999999999645 ) ) ;
#2287 = AXIS2_PLACEMENT_3D ( 'NONE', #964, #2904, #2427 ) ;
#2289 = VERTEX_POINT ( 'NONE', #1230 ) ;
#2288 = CARTESIAN_POINT ( 'NONE',  ( 61.26989995062579197, 11.64956202570934352, -18.80000000000004334 ) ) ;
#2290 = VECTOR ( 'NONE', #11, 1000.000000000000114 ) ;
#2291 = CYLINDRICAL_SURFACE ( 'NONE', #414, 1.900000000000003908 ) ;
#2292 = AXIS2_PLACEMENT_3D ( 'NONE', #3090, #3134, #675 ) ;
#2293 = ORIENTED_EDGE ( 'NONE', *, *, #1985, .T. ) ;
#2294 = CARTESIAN_POINT ( 'NONE',  ( 44.81177920030450679, 8.817031524449973290, 25.99999999999999645 ) ) ;
#2295 = AXIS2_PLACEMENT_3D ( 'NONE', #1494, #1464, #1208 ) ;
#2296 = CARTESIAN_POINT ( 'NONE',  ( 76.02962129311532635, 7.226014532606999552, -4.900000000000004796 ) ) ;
#2297 = VECTOR ( 'NONE', #44, 1000.000000000000114 ) ;
#2298 = ORIENTED_EDGE ( 'NONE', *, *, #1054, .T. ) ;
#2299 = EDGE_CURVE ( 'NONE', #1146, #511, #49, .T. ) ;
#2300 = DIRECTION ( 'NONE',  ( 0.9767254939753946541, 0.2144931453881945560, -0.000000000000000000 ) ) ;
#2301 = DIRECTION ( 'NONE',  ( -0.9767254939753947651, -0.2144931453881946115, 0.000000000000000000 ) ) ;
#2302 = SURFACE_STYLE_USAGE ( .BOTH. , #2539 ) ;
#2303 = VERTEX_POINT ( 'NONE', #317 ) ;
#2304 = EDGE_CURVE ( 'NONE', #1421, #2094, #2722, .T. ) ;
#2305 = DIRECTION ( 'NONE',  ( 0.9767254939753935439, 0.2144931453881997463, 0.000000000000000000 ) ) ;
#2307 = ORIENTED_EDGE ( 'NONE', *, *, #726, .T. ) ;
#2306 = DIRECTION ( 'NONE',  ( -0.2144931453881946670, 0.9767254939753948761, 0.000000000000000000 ) ) ;
#2308 = FACE_OUTER_BOUND ( 'NONE', #2414, .T. ) ;
#2309 = VERTEX_POINT ( 'NONE', #984 ) ;
#2310 = CARTESIAN_POINT ( 'NONE',  ( 70.01990480995024768, 11.28135764903688454, 40.00000000000000000 ) ) ;
#2311 = DIRECTION ( 'NONE',  ( 0.9767254939753946541, 0.2144931453881946670, -0.000000000000000000 ) ) ;
#2312 = EDGE_LOOP ( 'NONE', ( #2255, #603, #552, #2426 ) ) ;
#2313 = CARTESIAN_POINT ( 'NONE',  ( 77.16721664613180565, 6.707963557513616060, 34.00000000000000000 ) ) ;
#2314 = CARTESIAN_POINT ( 'NONE',  ( 63.28146505973600000, 12.36113991076033258, 25.99999999999999645 ) ) ;
#2315 = APPLICATION_PROTOCOL_DEFINITION ( 'draft international standard', 'automotive_design', 1998, #651 ) ;
#2316 = EDGE_CURVE ( 'NONE', #2289, #1343, #1511, .T. ) ;
#2317 = ORIENTED_EDGE ( 'NONE', *, *, #2821, .F. ) ;
#2318 = CARTESIAN_POINT ( 'NONE',  ( 107.9603585678614763, 28.77651608340832823, -137.4435527053877308 ) ) ;
#2319 = EDGE_CURVE ( 'NONE', #2595, #268, #81, .T. ) ;
#2321 = VERTEX_POINT ( 'NONE', #20 ) ;
#2320 = CARTESIAN_POINT ( 'NONE',  ( 64.74655330069910519, 12.68287962884262399, 8.219999999999993534 ) ) ;
#2322 = DIRECTION ( 'NONE',  ( 0.000000000000000000, 0.000000000000000000, -1.000000000000000000 ) ) ;
#2323 = CARTESIAN_POINT ( 'NONE',  ( 29.30766744133753221, -3.802200566508144419, 34.00000000000000000 ) ) ;
#2324 = ADVANCED_FACE ( 'NONE', ( #2923 ), #746, .T. ) ;
#2325 = ORIENTED_EDGE ( 'NONE', *, *, #839, .F. ) ;
#2326 = PLANE ( 'NONE',  #716 ) ;
#2327 = ORIENTED_EDGE ( 'NONE', *, *, #986, .F. ) ;
#2328 = LINE ( 'NONE', #2558, #1628 ) ;
#2329 = CIRCLE ( 'NONE', #2929, 4.949999999999995737 ) ;
#2330 = CARTESIAN_POINT ( 'NONE',  ( 45.91296699713516460, 2.403967869993447248, 46.79999999999999716 ) ) ;
#2331 = VERTEX_POINT ( 'NONE', #2691 ) ;
#2332 = AXIS2_PLACEMENT_3D ( 'NONE', #2556, #571, #372 ) ;
#2333 = DIRECTION ( 'NONE',  ( -0.2144931453881998018, 0.9767254939753936549, -0.000000000000000000 ) ) ;
#2334 = CIRCLE ( 'NONE', #1005, 1.500000000000001110 ) ;
#2336 = ORIENTED_EDGE ( 'NONE', *, *, #1408, .F. ) ;
#2335 = CARTESIAN_POINT ( 'NONE',  ( 76.97380386376870831, 11.78463485823999690, -4.900000000000004796 ) ) ;
#2337 = AXIS2_PLACEMENT_3D ( 'NONE', #14, #1922, #1652 ) ;
#2338 = EDGE_CURVE ( 'NONE', #1914, #1806, #2551, .T. ) ;
#2339 = CARTESIAN_POINT ( 'NONE',  ( 36.96060153409954552, -1.353711282920998293, 25.09999999999999076 ) ) ;
#2340 = CARTESIAN_POINT ( 'NONE',  ( 47.26316695853954997, 8.843452326393942187, 8.219999999999995310 ) ) ;
#2341 = ORIENTED_EDGE ( 'NONE', *, *, #855, .F. ) ;
#2342 = VECTOR ( 'NONE', #1501, 1000.000000000000000 ) ;
#2343 = ADVANCED_FACE ( 'NONE', ( #2785 ), #2326, .F. ) ;
#2344 = AXIS2_PLACEMENT_3D ( 'NONE', #2867, #2601, #1647 ) ;
#2345 = FACE_OUTER_BOUND ( 'NONE', #2435, .T. ) ;
#2346 = VERTEX_POINT ( 'NONE', #1818 ) ;
#2347 = AXIS2_PLACEMENT_3D ( 'NONE', #1440, #928, #1625 ) ;
#2348 = CARTESIAN_POINT ( 'NONE',  ( 79.49699679672795583, 7.987465198735105965, 25.09999999999999787 ) ) ;
#2349 = PLANE ( 'NONE',  #1938 ) ;
#2350 = AXIS2_PLACEMENT_3D ( 'NONE', #1194, #2578, #1642 ) ;
#2351 =( LENGTH_UNIT ( ) NAMED_UNIT ( * ) SI_UNIT ( .MILLI., .METRE. ) );
#2352 = VERTEX_POINT ( 'NONE', #1594 ) ;
#2353 = DIRECTION ( 'NONE',  ( 0.2144931453881998018, -0.9767254939753936549, 0.000000000000000000 ) ) ;
#2355 = VERTEX_POINT ( 'NONE', #2580 ) ;
#2354 = FACE_OUTER_BOUND ( 'NONE', #948, .T. ) ;
#2356 = PLANE ( 'NONE',  #2992 ) ;
#2357 = CARTESIAN_POINT ( 'NONE',  ( 76.97380386376870831, 11.78463485823999690, 25.09999999999999787 ) ) ;
#2358 = VERTEX_POINT ( 'NONE', #3024 ) ;
#2359 = EDGE_CURVE ( 'NONE', #2152, #2820, #1991, .T. ) ;
#2360 =( LENGTH_UNIT ( ) NAMED_UNIT ( * ) SI_UNIT ( .MILLI., .METRE. ) );
#2361 = EDGE_CURVE ( 'NONE', #1442, #2626, #3053, .T. ) ;
#2362 = ORIENTED_EDGE ( 'NONE', *, *, #2264, .F. ) ;
#2363 = CARTESIAN_POINT ( 'NONE',  ( 82.71733623163042637, 14.06976853908340885, 4.000000000000000000 ) ) ;
#2364 = CARTESIAN_POINT ( 'NONE',  ( -1.061741069671561233, 4.834791195178203438, -13.80000000000004867 ) ) ;
#2365 = ORIENTED_EDGE ( 'NONE', *, *, #2995, .F. ) ;
#2366 = PRODUCT_DEFINITION_CONTEXT ( 'detailed design', #2990, 'design' ) ;
#2367 = DIRECTION ( 'NONE',  ( -0.9767254939753946541, -0.2144931453881949446, 0.000000000000000000 ) ) ;
#2369 = VERTEX_POINT ( 'NONE', #331 ) ;
#2368 = CARTESIAN_POINT ( 'NONE',  ( -4.950000000000000178, 0.000000000000000000, 4.500000000000000000 ) ) ;
#2370 = DIRECTION ( 'NONE',  ( -1.196143749842582671E-16, -2.626783439387066964E-17, 1.000000000000000000 ) ) ;
#2371 = FACE_BOUND ( 'NONE', #2943, .T. ) ;
#2372 = CARTESIAN_POINT ( 'NONE',  ( 67.09069448624003940, 13.19766317777428988, 8.219999999999993534 ) ) ;
#2373 = ORIENTED_EDGE ( 'NONE', *, *, #925, .F. ) ;
#2374 = ADVANCED_FACE ( 'NONE', ( #1852, #2345 ), #3039, .T. ) ;
#2375 = DIRECTION ( 'NONE',  ( 0.2144931453881998018, -0.9767254939753935439, -0.000000000000000000 ) ) ;
#2376 = ORIENTED_EDGE ( 'NONE', *, *, #2383, .F. ) ;
#2377 = DIRECTION ( 'NONE',  ( -0.000000000000000000, -0.000000000000000000, 1.000000000000000000 ) ) ;
#2378 = EDGE_CURVE ( 'NONE', #2309, #2321, #2026, .T. ) ;
#2379 = CARTESIAN_POINT ( 'NONE',  ( 42.00509886301763629, -1.013789676461547495, 40.00000000000000000 ) ) ;
#2380 = VECTOR ( 'NONE', #2058, 1000.000000000000114 ) ;
#2381 = ORIENTED_EDGE ( 'NONE', *, *, #1681, .F. ) ;
#2382 = AXIS2_PLACEMENT_3D ( 'NONE', #2294, #1083, #1557 ) ;
#2383 = EDGE_CURVE ( 'NONE', #2741, #2171, #2401, .T. ) ;
#2384 = PLANE ( 'NONE',  #2393 ) ;
#2386 = ORIENTED_EDGE ( 'NONE', *, *, #562, .F. ) ;
#2385 = DIRECTION ( 'NONE',  ( -0.3830277579890301043, 0.9237368329832349456, 0.000000000000000000 ) ) ;
#2387 = CIRCLE ( 'NONE', #1773, 2.400000000000004352 ) ;
#2388 = CARTESIAN_POINT ( 'NONE',  ( 110.9180870395787224, 19.36922756496312203, -13.80000000000003091 ) ) ;
#2389 = VECTOR ( 'NONE', #1257, 999.9999999999998863 ) ;
#2390 = FACE_OUTER_BOUND ( 'NONE', #1696, .T. ) ;
#2391 = ORIENTED_EDGE ( 'NONE', *, *, #2009, .F. ) ;
#2392 = CIRCLE ( 'NONE', #453, 3.499999999999997335 ) ;
#2393 = AXIS2_PLACEMENT_3D ( 'NONE', #239, #1682, #2124 ) ;
#2394 = ORIENTED_EDGE ( 'NONE', *, *, #2877, .F. ) ;
#2395 = AXIS2_PLACEMENT_3D ( 'NONE', #215, #735, #1189 ) ;
#2396 = DIRECTION ( 'NONE',  ( -0.9767254939753946541, -0.2144931453881945560, 0.000000000000000000 ) ) ;
#2397 = DIRECTION ( 'NONE',  ( 0.2144931453881945560, -0.9767254939753947651, -0.000000000000000000 ) ) ;
#2398 = VECTOR ( 'NONE', #1359, 1000.000000000000000 ) ;
#2399 = ORIENTED_EDGE ( 'NONE', *, *, #1404, .T. ) ;
#2400 = EDGE_CURVE ( 'NONE', #638, #2189, #1181, .T. ) ;
#2401 = CIRCLE ( 'NONE', #1437, 2.399999999999997691 ) ;
#2402 = PLANE ( 'NONE',  #1324 ) ;
#2403 = EDGE_LOOP ( 'NONE', ( #3070, #2411, #622, #1988 ) ) ;
#2404 = AXIS2_PLACEMENT_3D ( 'NONE', #2767, #1043, #1540 ) ;
#2405 = DIRECTION ( 'NONE',  ( -0.2144931453881945838, 0.9767254939753948761, 0.000000000000000000 ) ) ;
#2406 = EDGE_CURVE ( 'NONE', #158, #1570, #1577, .T. ) ;
#2407 = DIRECTION ( 'NONE',  ( -0.2144931453881945838, 0.9767254939753948761, 0.000000000000000000 ) ) ;
#2408 = DIRECTION ( 'NONE',  ( 0.9767254939753936549, 0.2144931453881997185, 0.000000000000000000 ) ) ;
#2409 = EDGE_LOOP ( 'NONE', ( #2829, #2612, #2781, #1522 ) ) ;
#2410 = DIRECTION ( 'NONE',  ( -0.9767254939753946541, -0.2144931453881947780, 0.000000000000000000 ) ) ;
#2411 = ORIENTED_EDGE ( 'NONE', *, *, #1758, .T. ) ;
#2412 = CYLINDRICAL_SURFACE ( 'NONE', #199, 4.949999999999995737 ) ;
#2413 = CARTESIAN_POINT ( 'NONE',  ( 65.57580381236223843, 10.30541383752059303, 46.79999999999999716 ) ) ;
#2414 = EDGE_LOOP ( 'NONE', ( #318, #3104 ) ) ;
#2415 = CARTESIAN_POINT ( 'NONE',  ( 70.01990480995024768, 11.28135764903687566, 40.00000000000000000 ) ) ;
#2416 = ORIENTED_EDGE ( 'NONE', *, *, #229, .T. ) ;
#2417 = DIRECTION ( 'NONE',  ( 0.9767254939753935439, 0.2144931453881997463, 0.000000000000000000 ) ) ;
#2418 = EDGE_CURVE ( 'NONE', #874, #2840, #1326, .T. ) ;
#2419 = ORIENTED_EDGE ( 'NONE', *, *, #1836, .T. ) ;
#2420 = ADVANCED_FACE ( 'NONE', ( #1788 ), #876, .F. ) ;
#2421 = ORIENTED_EDGE ( 'NONE', *, *, #666, .F. ) ;
#2422 = CARTESIAN_POINT ( 'NONE',  ( 64.63930672800501043, 13.17124237583031565, 8.219999999999993534 ) ) ;
#2423 = DIRECTION ( 'NONE',  ( -1.000000000000000000, 0.000000000000000000, 0.000000000000000000 ) ) ;
#2424 = ORIENTED_EDGE ( 'NONE', *, *, #953, .T. ) ;
#2425 = DIRECTION ( 'NONE',  ( 0.9767254939753946541, 0.2144931453881945838, 0.000000000000000000 ) ) ;
#2426 = ORIENTED_EDGE ( 'NONE', *, *, #2653, .T. ) ;
#2427 = DIRECTION ( 'NONE',  ( -0.9767254939753946541, -0.2144931453881947780, 0.000000000000000000 ) ) ;
#2428 = VECTOR ( 'NONE', #1026, 1000.000000000000114 ) ;
#2430 = EDGE_LOOP ( 'NONE', ( #2219, #1880, #1873, #402 ) ) ;
#2429 = CARTESIAN_POINT ( 'NONE',  ( 34.19322722764644595, 2.389835090236844817, -4.900000000000010125 ) ) ;
#2431 = ADVANCED_FACE ( 'NONE', ( #1097, #2045 ), #1544, .T. ) ;
#2432 = AXIS2_PLACEMENT_3D ( 'NONE', #2519, #101, #1071 ) ;
#2433 = CARTESIAN_POINT ( 'NONE',  ( 64.63930672800501043, 13.17124237583031565, 25.99999999999999645 ) ) ;
#2434 = VECTOR ( 'NONE', #2866, 999.9999999999998863 ) ;
#2435 = EDGE_LOOP ( 'NONE', ( #1538, #2157 ) ) ;
#2436 = ADVANCED_FACE ( 'NONE', ( #1805 ), #1084, .F. ) ;
#2437 = AXIS2_PLACEMENT_3D ( 'NONE', #124, #1361, #2573 ) ;
#2438 = LINE ( 'NONE', #2209, #244 ) ;
#2439 = CARTESIAN_POINT ( 'NONE',  ( 35.10482309554629410, -1.761248259158580964, 25.09999999999999076 ) ) ;
#2440 = ORIENTED_EDGE ( 'NONE', *, *, #1132, .F. ) ;
#2441 = AXIS2_PLACEMENT_3D ( 'NONE', #865, #1087, #3075 ) ;
#2442 = CARTESIAN_POINT ( 'NONE',  ( 46.27686744126760487, 9.138771242532261141, 25.99999999999999645 ) ) ;
#2443 = VECTOR ( 'NONE', #1887, 1000.000000000000227 ) ;
#2444 = ORIENTED_EDGE ( 'NONE', *, *, #140, .F. ) ;
#2445 = CIRCLE ( 'NONE', #1224, 1.500000000000000888 ) ;
#2446 = CYLINDRICAL_SURFACE ( 'NONE', #1980, 1.500000000000000666 ) ;
#2447 = AXIS2_PLACEMENT_3D ( 'NONE', #2565, #1288, #617 ) ;
#2449 = ORIENTED_EDGE ( 'NONE', *, *, #82, .F. ) ;
#2448 = CARTESIAN_POINT ( 'NONE',  ( 28.02070856900829909, 2.058152397344510387, 28.00000000000000355 ) ) ;
#2450 = DIRECTION ( 'NONE',  ( 0.9767254939753946541, 0.2144931453881948336, 0.000000000000000000 ) ) ;
#2451 = ADVANCED_FACE ( 'NONE', ( #2517 ), #1306, .F. ) ;
#2452 = DIRECTION ( 'NONE',  ( 0.2144931453881998018, -0.9767254939753936549, 0.000000000000000000 ) ) ;
#2453 = DIRECTION ( 'NONE',  ( 0.2144931453881997740, -0.9767254939753935439, -0.000000000000000000 ) ) ;
#2454 = EDGE_CURVE ( 'NONE', #2750, #1648, #2073, .T. ) ;
#2455 = ORIENTED_EDGE ( 'NONE', *, *, #1447, .F. ) ;
#2456 = DIRECTION ( 'NONE',  ( 0.2144931453881945282, -0.9767254939753946541, -0.000000000000000000 ) ) ;
#2457 = CARTESIAN_POINT ( 'NONE',  ( 65.28278616416959323, 10.24106589390413191, 8.219999999999993534 ) ) ;
#2458 = ORIENTED_EDGE ( 'NONE', *, *, #760, .T. ) ;
#2459 = DIRECTION ( 'NONE',  ( -0.2144931453881945838, 0.9767254939753948761, 0.000000000000000000 ) ) ;
#2461 = ORIENTED_EDGE ( 'NONE', *, *, #1207, .F. ) ;
#2460 = DIRECTION ( 'NONE',  ( -0.9992288783510657746, -0.03926383411322624528, 0.000000000000000000 ) ) ;
#2463 = CARTESIAN_POINT ( 'NONE',  ( 44.81177920030451389, 8.817031524449969737, 8.219999999999995310 ) ) ;
#2462 = DIRECTION ( 'NONE',  ( -0.9767254939753947651, -0.2144931453881948336, 0.000000000000000000 ) ) ;
#2464 = ORIENTED_EDGE ( 'NONE', *, *, #1657, .T. ) ;
#2465 = CARTESIAN_POINT ( 'NONE',  ( 75.11802542521544979, 11.37709788200241690, -4.900000000000004796 ) ) ;
#2466 = DIRECTION ( 'NONE',  ( -0.2144931453881945838, 0.9767254939753946541, -0.000000000000000000 ) ) ;
#2467 = ORIENTED_EDGE ( 'NONE', *, *, #470, .F. ) ;
#2468 = EDGE_CURVE ( 'NONE', #1905, #442, #924, .T. ) ;
#2469 = MANIFOLD_SOLID_BREP ( 'Wytnij-wyci¹gniêcie6', #1157 ) ;
#2470 = CARTESIAN_POINT ( 'NONE',  ( 36.96060153409954552, -1.353711282920998293, 25.09999999999999076 ) ) ;
#2471 = CARTESIAN_POINT ( 'NONE',  ( 64.63930672800501043, 13.17124237583031565, 8.219999999999993534 ) ) ;
#2472 = ORIENTED_EDGE ( 'NONE', *, *, #1797, .F. ) ;
#2473 = EDGE_CURVE ( 'NONE', #3072, #1795, #2660, .T. ) ;
#2474 = CARTESIAN_POINT ( 'NONE',  ( 82.71733623163042637, 14.06976853908340885, 34.00000000000000000 ) ) ;
#2476 = ORIENTED_EDGE ( 'NONE', *, *, #2552, .F. ) ;
#2475 = FACE_OUTER_BOUND ( 'NONE', #2207, .T. ) ;
#2477 = AXIS2_PLACEMENT_3D ( 'NONE', #2952, #2905, #740 ) ;
#2479 = DIRECTION ( 'NONE',  ( -0.9767254939753935439, -0.2144931453881998851, 1.156482317317871922E-15 ) ) ;
#2478 = CYLINDRICAL_SURFACE ( 'NONE', #2295, 3.549999999999998934 ) ;
#2480 = VERTEX_POINT ( 'NONE', #2597 ) ;
#2481 = CIRCLE ( 'NONE', #1164, 3.499999999999997335 ) ;
#2482 = DIRECTION ( 'NONE',  ( 0.9767254939753946541, 0.2144931453881945005, 0.000000000000000000 ) ) ;
#2483 = DIRECTION ( 'NONE',  ( 0.9767254939753935439, 0.2144931453881997463, 0.000000000000000000 ) ) ;
#2484 = VECTOR ( 'NONE', #1454, 1000.000000000000114 ) ;
#2485 = ORIENTED_EDGE ( 'NONE', *, *, #1241, .F. ) ;
#2486 = VECTOR ( 'NONE', #2004, 1000.000000000000114 ) ;
#2487 = DIRECTION ( 'NONE',  ( 0.2144931453881998018, -0.9767254939753936549, 0.000000000000000000 ) ) ;
#2488 = DIRECTION ( 'NONE',  ( 0.2144931453881945282, -0.9767254939753946541, -0.000000000000000000 ) ) ;
#2489 = VECTOR ( 'NONE', #2143, 1000.000000000000000 ) ;
#2490 = ADVANCED_FACE ( 'NONE', ( #1145 ), #2864, .F. ) ;
#2491 = VERTEX_POINT ( 'NONE', #1390 ) ;
#2492 = CARTESIAN_POINT ( 'NONE',  ( 42.57488458745766025, 7.813885228530608629, 25.99999999999999645 ) ) ;
#2493 = EDGE_CURVE ( 'NONE', #527, #37, #473, .T. ) ;
#2495 = VERTEX_POINT ( 'NONE', #430 ) ;
#2494 = LINE ( 'NONE', #1711, #1716 ) ;
#2496 = PRESENTATION_LAYER_ASSIGNMENT (  '', '', ( #1838 ) ) ;
#2497 = VECTOR ( 'NONE', #1800, 1000.000000000000000 ) ;
#2499 = CARTESIAN_POINT ( 'NONE',  ( 76.19049115215648271, 6.493470412125454949, -4.900000000000004796 ) ) ;
#2498 = CARTESIAN_POINT ( 'NONE',  ( 66.98344791354594463, 13.68602592476198510, 8.219999999999993534 ) ) ;
#2500 = EDGE_CURVE ( 'NONE', #1343, #131, #1841, .T. ) ;
#2501 = ORIENTED_EDGE ( 'NONE', *, *, #3078, .F. ) ;
#2502 = DIRECTION ( 'NONE',  ( 0.9767254939753935439, 0.2144931453881997740, 0.000000000000000000 ) ) ;
#2503 = DIRECTION ( 'NONE',  ( 0.000000000000000000, 0.000000000000000000, 1.000000000000000000 ) ) ;
#2504 = EDGE_LOOP ( 'NONE', ( #428, #1935, #2659, #167, #394, #3036 ) ) ;
#2505 = CARTESIAN_POINT ( 'NONE',  ( 33.02308895130797595, 7.252013245574835842, 28.00000000000000355 ) ) ;
#2506 = DIRECTION ( 'NONE',  ( 0.2144931453881931960, -0.9767254939753950982, 0.000000000000000000 ) ) ;
#2507 = ORIENTED_EDGE ( 'NONE', *, *, #917, .F. ) ;
#2508 = ADVANCED_FACE ( 'NONE', ( #1403 ), #2153, .F. ) ;
#2509 = DIRECTION ( 'NONE',  ( 0.9767254939753948761, 0.2144931453881940564, 0.000000000000000000 ) ) ;
#2511 = ORIENTED_EDGE ( 'NONE', *, *, #2936, .F. ) ;
#2510 = DIRECTION ( 'NONE',  ( 0.000000000000000000, 0.000000000000000000, 1.000000000000000000 ) ) ;
#2512 = ADVANCED_FACE ( 'NONE', ( #1163 ), #3119, .T. ) ;
#2513 = DIRECTION ( 'NONE',  ( -0.2144931453881945838, 0.9767254939753948761, 0.000000000000000000 ) ) ;
#2514 = ORIENTED_EDGE ( 'NONE', *, *, #2751, .F. ) ;
#2515 = FACE_OUTER_BOUND ( 'NONE', #1895, .T. ) ;
#2516 = ADVANCED_FACE ( 'NONE', ( #2135 ), #648, .T. ) ;
#2517 = FACE_OUTER_BOUND ( 'NONE', #1473, .T. ) ;
#2518 = ORIENTED_EDGE ( 'NONE', *, *, #1500, .T. ) ;
#2519 = CARTESIAN_POINT ( 'NONE',  ( 64.74655330069910519, 12.68287962884262399, 8.219999999999993534 ) ) ;
#2520 = CARTESIAN_POINT ( 'NONE',  ( 47.86545182686999311, 0.2731691958676540910, 49.00000000000000000 ) ) ;
#2521 = DIRECTION ( 'NONE',  ( 0.9767254939753935439, 0.2144931453881997463, 0.000000000000000000 ) ) ;
#2522 = ORIENTED_EDGE ( 'NONE', *, *, #2151, .T. ) ;
#2523 = CARTESIAN_POINT ( 'NONE',  ( 28.02070856900829909, 2.058152397344509055, 28.00000000000000355 ) ) ;
#2525 = ORIENTED_EDGE ( 'NONE', *, *, #2721, .F. ) ;
#2524 = CARTESIAN_POINT ( 'NONE',  ( 78.14394214010722806, 6.922456702901846448, 28.00000000000000355 ) ) ;
#2527 = DIRECTION ( 'NONE',  ( 0.2144931453881997740, -0.9767254939753935439, -0.000000000000000000 ) ) ;
#2526 = DIRECTION ( 'NONE',  ( -0.000000000000000000, -0.000000000000000000, 1.000000000000000000 ) ) ;
#2528 = ORIENTED_EDGE ( 'NONE', *, *, #285, .T. ) ;
#2529 = EDGE_CURVE ( 'NONE', #1432, #1819, #767, .T. ) ;
#2530 = PLANE ( 'NONE',  #1057 ) ;
#2531 = CIRCLE ( 'NONE', #2173, 4.950000000000000178 ) ;
#2532 = CARTESIAN_POINT ( 'NONE',  ( 36.14474589916527236, -2.300748548790747972, 40.00000000000000000 ) ) ;
#2533 = CIRCLE ( 'NONE', #747, 2.400000000000004352 ) ;
#2534 = EDGE_CURVE ( 'NONE', #1819, #1432, #1073, .T. ) ;
#2535 = ORIENTED_EDGE ( 'NONE', *, *, #2670, .T. ) ;
#2536 = CIRCLE ( 'NONE', #397, 6.000000000000002665 ) ;
#2537 = CARTESIAN_POINT ( 'NONE',  ( 71.30686368227947014, 5.421004685184446004, -18.80000000000003979 ) ) ;
#2538 = LINE ( 'NONE', #587, #154 ) ;
#2539 = SURFACE_SIDE_STYLE ('',( #3015 ) ) ;
#2540 = ORIENTED_EDGE ( 'NONE', *, *, #1241, .T. ) ;
#2541 = AXIS2_PLACEMENT_3D ( 'NONE', #2422, #1277, #19 ) ;
#2542 = DIRECTION ( 'NONE',  ( 0.2144931453881945282, -0.9767254939753946541, -0.000000000000000000 ) ) ;
#2543 = AXIS2_PLACEMENT_3D ( 'NONE', #1957, #3126, #1220 ) ;
#2545 = ORIENTED_EDGE ( 'NONE', *, *, #2400, .F. ) ;
#2544 = DIRECTION ( 'NONE',  ( -0.2144931453881946670, 0.9767254939753948761, 0.000000000000000000 ) ) ;
#2546 = CIRCLE ( 'NONE', #2395, 3.549999999999998934 ) ;
#2547 = PLANE ( 'NONE',  #2447 ) ;
#2548 = CIRCLE ( 'NONE', #2799, 3.549999999999998934 ) ;
#2549 = ORIENTED_EDGE ( 'NONE', *, *, #179, .T. ) ;
#2550 = CARTESIAN_POINT ( 'NONE',  ( 42.00509886301766471, -1.013789676461540834, -18.80000000000004334 ) ) ;
#2551 = CIRCLE ( 'NONE', #555, 1.500000000000000888 ) ;
#2552 = EDGE_CURVE ( 'NONE', #231, #2911, #443, .T. ) ;
#2553 = CARTESIAN_POINT ( 'NONE',  ( 76.02962129311529793, 7.226014532606992447, 25.09999999999999787 ) ) ;
#2554 = VECTOR ( 'NONE', #2162, 1000.000000000000114 ) ;
#2555 = ORIENTED_EDGE ( 'NONE', *, *, #2468, .F. ) ;
#2556 = CARTESIAN_POINT ( 'NONE',  ( 36.04900566619969737, 2.797372066474425267, 25.09999999999999076 ) ) ;
#2557 = EDGE_CURVE ( 'NONE', #690, #1412, #302, .T. ) ;
#2558 = CARTESIAN_POINT ( 'NONE',  ( 84.00429510395957777, 8.209415575231044926, -3.000000000000000000 ) ) ;
#2559 =( NAMED_UNIT ( * ) SI_UNIT ( $, .STERADIAN. ) SOLID_ANGLE_UNIT ( ) );
#2560 = ORIENTED_EDGE ( 'NONE', *, *, #2009, .T. ) ;
#2561 = CARTESIAN_POINT ( 'NONE',  ( 64.63930672800499622, 13.17124237583031743, 8.219999999999993534 ) ) ;
#2563 = ORIENTED_EDGE ( 'NONE', *, *, #2751, .T. ) ;
#2562 = DIRECTION ( 'NONE',  ( 0.2144931453881945282, -0.9767254939753946541, -0.000000000000000000 ) ) ;
#2564 = LINE ( 'NONE', #1353, #3042 ) ;
#2565 = CARTESIAN_POINT ( 'NONE',  ( 82.71733623163042637, 14.06976853908340885, 34.00000000000000000 ) ) ;
#2566 = ORIENTED_EDGE ( 'NONE', *, *, #1330, .F. ) ;
#2567 = DIRECTION ( 'NONE',  ( 0.2144931453881998018, -0.9767254939753936549, 0.000000000000000000 ) ) ;
#2568 = ORIENTED_EDGE ( 'NONE', *, *, #3016, .F. ) ;
#2569 = CARTESIAN_POINT ( 'NONE',  ( 45.45525863646909670, 5.886855042523785109, 25.99999999999999645 ) ) ;
#2570 = DIRECTION ( 'NONE',  ( 0.9767254939753936549, 0.2144931453881997185, 0.000000000000000000 ) ) ;
#2571 = ORIENTED_EDGE ( 'NONE', *, *, #40, .T. ) ;
#2572 = EDGE_CURVE ( 'NONE', #217, #1046, #2599, .T. ) ;
#2573 = DIRECTION ( 'NONE',  ( 0.9767254939753947651, 0.2144931453881945838, 0.000000000000000000 ) ) ;
#2575 = EDGE_LOOP ( 'NONE', ( #1827, #3008 ) ) ;
#2574 = PLANE ( 'NONE',  #348 ) ;
#2576 = ADVANCED_FACE ( 'NONE', ( #742, #1 ), #233, .T. ) ;
#2577 = CARTESIAN_POINT ( 'NONE',  ( 84.00429510395956356, 8.209415575231039597, -13.80000000000003446 ) ) ;
#2578 = DIRECTION ( 'NONE',  ( -0.1516695576220249142, 0.6906492201477842929, 0.7071067811865451302 ) ) ;
#2579 = ORIENTED_EDGE ( 'NONE', *, *, #1681, .T. ) ;
#2580 = CARTESIAN_POINT ( 'NONE',  ( 73.26224698666220547, 10.96956090576483689, -4.900000000000004796 ) ) ;
#2581 = ORIENTED_EDGE ( 'NONE', *, *, #2995, .T. ) ;
#2582 = DIRECTION ( 'NONE',  ( -0.000000000000000000, -0.000000000000000000, -1.000000000000000000 ) ) ;
#2583 = CARTESIAN_POINT ( 'NONE',  ( 93.59747446376030666, 10.31611927841978371, -71.62177635269384268 ) ) ;
#2584 = AXIS2_PLACEMENT_3D ( 'NONE', #725, #242, #936 ) ;
#2585 = ORIENTED_EDGE ( 'NONE', *, *, #1601, .F. ) ;
#2586 = CIRCLE ( 'NONE', #2176, 3.549999999999997602 ) ;
#2587 = DIRECTION ( 'NONE',  ( -1.196143749842582671E-16, -2.626783439387066964E-17, 1.000000000000000000 ) ) ;
#2588 = EDGE_CURVE ( 'NONE', #37, #878, #2445, .T. ) ;
#2589 = CIRCLE ( 'NONE', #1517, 4.950000000000000178 ) ;
#2591 = VERTEX_POINT ( 'NONE', #1013 ) ;
#2590 = LINE ( 'NONE', #1617, #1878 ) ;
#2592 = DIRECTION ( 'NONE',  ( 0.000000000000000000, 0.000000000000000000, 1.000000000000000000 ) ) ;
#2593 = ADVANCED_FACE ( 'NONE', ( #730 ), #2478, .F. ) ;
#2594 = CARTESIAN_POINT ( 'NONE',  ( 88.05296267174087177, 22.40829901462849705, -3.000000000000000000 ) ) ;
#2595 = VERTEX_POINT ( 'NONE', #2673 ) ;
#2596 = EDGE_CURVE ( 'NONE', #1967, #158, #254, .T. ) ;
#2597 = CARTESIAN_POINT ( 'NONE',  ( 37.12147139314069477, -2.086255403402542896, -13.80000000000003268 ) ) ;
#2598 = EDGE_LOOP ( 'NONE', ( #3029, #1024 ) ) ;
#2599 = CIRCLE ( 'NONE', #1583, 3.500000000000004885 ) ;
#2600 = CARTESIAN_POINT ( 'NONE',  ( 79.65786665576911219, 7.254921078253559585, 25.09999999999999787 ) ) ;
#2601 = DIRECTION ( 'NONE',  ( -0.2144931453881946670, 0.9767254939753948761, 0.000000000000000000 ) ) ;
#2602 = CIRCLE ( 'NONE', #927, 3.499999999999997335 ) ;
#2603 =( NAMED_UNIT ( * ) PLANE_ANGLE_UNIT ( ) SI_UNIT ( $, .RADIAN. ) );
#2604 = ORIENTED_EDGE ( 'NONE', *, *, #1226, .T. ) ;
#2605 = STYLED_ITEM ( 'NONE', ( #607 ), #889 ) ;
#2606 = LINE ( 'NONE', #1396, #2892 ) ;
#2608 = EDGE_LOOP ( 'NONE', ( #1360, #1831, #821, #1031 ) ) ;
#2607 = FACE_OUTER_BOUND ( 'NONE', #1015, .T. ) ;
#2609 = CARTESIAN_POINT ( 'NONE',  ( 36.04900566619969737, 2.797372066474425267, -4.900000000000010125 ) ) ;
#2610 = FACE_OUTER_BOUND ( 'NONE', #2731, .T. ) ;
#2611 = FACE_OUTER_BOUND ( 'NONE', #2598, .T. ) ;
#2612 = ORIENTED_EDGE ( 'NONE', *, *, #2179, .T. ) ;
#2613 = ADVANCED_FACE ( 'NONE', ( #969 ), #1748, .F. ) ;
#2614 = CARTESIAN_POINT ( 'NONE',  ( 70.01990480995024768, 11.28135764903687566, 33.99999999999999289 ) ) ;
#2615 = ORIENTED_EDGE ( 'NONE', *, *, #2628, .F. ) ;
#2616 = ADVANCED_FACE ( 'NONE', ( #2716 ), #1947, .T. ) ;
#2617 = FACE_BOUND ( 'NONE', #1117, .T. ) ;
#2618 = PLANE ( 'NONE',  #2695 ) ;
#2619 = ORIENTED_EDGE ( 'NONE', *, *, #159, .F. ) ;
#2620 = DIRECTION ( 'NONE',  ( -1.000000000000000000, 0.000000000000000000, 0.000000000000000000 ) ) ;
#2622 = ORIENTED_EDGE ( 'NONE', *, *, #941, .T. ) ;
#2621 = FACE_OUTER_BOUND ( 'NONE', #581, .T. ) ;
#2623 = CARTESIAN_POINT ( 'NONE',  ( 48.23031842921839285, 9.567757533308649087, 25.99999999999999645 ) ) ;
#2624 = DIRECTION ( 'NONE',  ( 1.129565762656107098E-16, 2.480575298273387549E-17, -1.000000000000000000 ) ) ;
#2625 = DIRECTION ( 'NONE',  ( 0.2144931453881997740, -0.9767254939753935439, -0.000000000000000000 ) ) ;
#2626 = VERTEX_POINT ( 'NONE', #1480 ) ;
#2627 = DIRECTION ( 'NONE',  ( 0.9767254939753936549, 0.2144931453881997185, 0.000000000000000000 ) ) ;
#2628 = EDGE_CURVE ( 'NONE', #1020, #1289, #2853, .T. ) ;
#2629 = ORIENTED_EDGE ( 'NONE', *, *, #2666, .T. ) ;
#2630 = CARTESIAN_POINT ( 'NONE',  ( 34.85778702683605701, 3.559604415061869531, 34.00000000000000000 ) ) ;
#2631 = CARTESIAN_POINT ( 'NONE',  ( 64.81989995062578203, 11.64956202570934352, -18.80000000000004334 ) ) ;
#2632 = ADVANCED_FACE ( 'NONE', ( #2177 ), #2221, .F. ) ;
#2633 = ORIENTED_EDGE ( 'NONE', *, *, #666, .T. ) ;
#2634 = AXIS2_PLACEMENT_3D ( 'NONE', #1651, #2024, #1786 ) ;
#2635 = DIRECTION ( 'NONE',  ( 1.129565762656107098E-16, 2.480575298273387549E-17, -1.000000000000000000 ) ) ;
#2637 = ORIENTED_EDGE ( 'NONE', *, *, #2881, .F. ) ;
#2636 = CARTESIAN_POINT ( 'NONE',  ( 64.81989995062578203, 11.64956202570934352, -18.05000000000004334 ) ) ;
#2638 = AXIS2_PLACEMENT_3D ( 'NONE', #1086, #2582, #1119 ) ;
#2639 = CARTESIAN_POINT ( 'NONE',  ( 44.81177920030451389, 8.817031524449969737, 25.99999999999999645 ) ) ;
#2640 = AXIS2_PLACEMENT_3D ( 'NONE', #1829, #1862, #2502 ) ;
#2641 = DIRECTION ( 'NONE',  ( 0.9767254939753947651, 0.2144931453881945838, 0.000000000000000000 ) ) ;
#2642 = ORIENTED_EDGE ( 'NONE', *, *, #1797, .T. ) ;
#2643 = AXIS2_PLACEMENT_3D ( 'NONE', #2148, #2669, #1414 ) ;
#2644 = DIRECTION ( 'NONE',  ( -0.2144931453881946670, 0.9767254939753948761, 0.000000000000000000 ) ) ;
#2645 = VECTOR ( 'NONE', #2542, 1000.000000000000114 ) ;
#2646 = ORIENTED_EDGE ( 'NONE', *, *, #1481, .F. ) ;
#2647 = CIRCLE ( 'NONE', #1525, 3.549999999999998934 ) ;
#2648 = ADVANCED_FACE ( 'NONE', ( #248 ), #1507, .T. ) ;
#2649 = DIRECTION ( 'NONE',  ( -0.2144931453881945838, 0.9767254939753948761, 0.000000000000000000 ) ) ;
#2650 = FACE_OUTER_BOUND ( 'NONE', #106, .T. ) ;
#2651 = AXIS2_PLACEMENT_3D ( 'NONE', #2770, #2311, #369 ) ;
#2652 = ORIENTED_EDGE ( 'NONE', *, *, #736, .T. ) ;
#2653 = EDGE_CURVE ( 'NONE', #1658, #896, #2196, .T. ) ;
#2654 = AXIS2_PLACEMENT_3D ( 'NONE', #2433, #263, #17 ) ;
#2655 = CARTESIAN_POINT ( 'NONE',  ( 68.48899905800249144, -8.166312729036965479, 22.66666666666678509 ) ) ;
#2656 = ORIENTED_EDGE ( 'NONE', *, *, #1694, .F. ) ;
#2657 = EDGE_CURVE ( 'NONE', #461, #2042, #1992, .T. ) ;
#2658 = CARTESIAN_POINT ( 'NONE',  ( 75.11802542521544979, 11.37709788200241690, -4.900000000000004796 ) ) ;
#2659 = ORIENTED_EDGE ( 'NONE', *, *, #1196, .F. ) ;
#2660 = LINE ( 'NONE', #2614, #1332 ) ;
#2661 = EDGE_LOOP ( 'NONE', ( #2074, #2815, #1000, #1182 ) ) ;
#2662 = DIRECTION ( 'NONE',  ( 0.000000000000000000, 0.000000000000000000, -1.000000000000000000 ) ) ;
#2663 = DIRECTION ( 'NONE',  ( 0.2144931453881945282, -0.9767254939753946541, -0.000000000000000000 ) ) ;
#2664 = ORIENTED_EDGE ( 'NONE', *, *, #2670, .F. ) ;
#2665 = CARTESIAN_POINT ( 'NONE',  ( 44.91902577299860155, 8.328668777462276296, 8.219999999999995310 ) ) ;
#2666 = EDGE_CURVE ( 'NONE', #2491, #221, #1973, .T. ) ;
#2667 = EDGE_LOOP ( 'NONE', ( #943, #2146 ) ) ;
#2668 = CARTESIAN_POINT ( 'NONE',  ( -1.061741069671561233, 4.834791195178203438, -3.000000000000000000 ) ) ;
#2669 = DIRECTION ( 'NONE',  ( -0.2144931453881946670, 0.9767254939753948761, 0.000000000000000000 ) ) ;
#2670 = EDGE_CURVE ( 'NONE', #1700, #837, #1126, .T. ) ;
#2672 = ORIENTED_EDGE ( 'NONE', *, *, #2025, .F. ) ;
#2671 = CARTESIAN_POINT ( 'NONE',  ( 40.42797703771218920, -0.5922606167928894383, -4.900000000000010125 ) ) ;
#2673 = CARTESIAN_POINT ( 'NONE',  ( 22.20217804197314848, -4.081404623871177861, -3.000000000000000000 ) ) ;
#2674 = ORIENTED_EDGE ( 'NONE', *, *, #1707, .T. ) ;
#2675 = CARTESIAN_POINT ( 'NONE',  ( 44.91902577299860866, 8.328668777462278072, 25.99999999999999645 ) ) ;
#2676 = DIRECTION ( 'NONE',  ( 0.000000000000000000, 0.000000000000000000, 1.000000000000000000 ) ) ;
#2677 = VERTEX_POINT ( 'NONE', #761 ) ;
#2678 = DIRECTION ( 'NONE',  ( -1.000000000000000000, 0.000000000000000000, -1.129565762656107098E-16 ) ) ;
#2679 = ORIENTED_EDGE ( 'NONE', *, *, #2264, .T. ) ;
#2680 = EDGE_CURVE ( 'NONE', #2969, #878, #2733, .T. ) ;
#2681 = DIRECTION ( 'NONE',  ( -0.2144931453881945838, 0.9767254939753947651, 0.000000000000000000 ) ) ;
#2683 = EDGE_LOOP ( 'NONE', ( #734, #3032 ) ) ;
#2682 = CYLINDRICAL_SURFACE ( 'NONE', #1512, 6.000000000000003553 ) ;
#2684 = AXIS2_PLACEMENT_3D ( 'NONE', #1383, #934, #1907 ) ;
#2685 = EDGE_CURVE ( 'NONE', #4, #2595, #1733, .T. ) ;
#2686 = DIRECTION ( 'NONE',  ( -0.9767254939753946541, -0.2144931453881945560, 0.000000000000000000 ) ) ;
#2687 = AXIS2_PLACEMENT_3D ( 'NONE', #1167, #956, #1147 ) ;
#2688 = EDGE_LOOP ( 'NONE', ( #1636, #1734, #2060, #2293 ) ) ;
#2689 = CIRCLE ( 'NONE', #202, 1.500000000000001110 ) ;
#2690 = DIRECTION ( 'NONE',  ( -1.000000000000000000, 0.000000000000000000, 0.000000000000000000 ) ) ;
#2691 = CARTESIAN_POINT ( 'NONE',  ( 66.32652982122091601, 6.886874608606713188, 30.99999999999999645 ) ) ;
#2692 = VERTEX_POINT ( 'NONE', #3035 ) ;
#2693 = VECTOR ( 'NONE', #1153, 1000.000000000000000 ) ;
#2694 = DIRECTION ( 'NONE',  ( 1.129565762656107098E-16, 2.480575298273387549E-17, -1.000000000000000000 ) ) ;
#2695 = AXIS2_PLACEMENT_3D ( 'NONE', #1200, #3108, #1904 ) ;
#2696 = CARTESIAN_POINT ( 'NONE',  ( 44.91902577299860155, 8.328668777462276296, 25.99999999999999645 ) ) ;
#2697 = ORIENTED_EDGE ( 'NONE', *, *, #1428, .F. ) ;
#2698 = AXIS2_PLACEMENT_3D ( 'NONE', #776, #1271, #2462 ) ;
#2699 = DIRECTION ( 'NONE',  ( -0.2144931453881948891, 0.9767254939753945431, 0.000000000000000000 ) ) ;
#2700 = AXIS2_PLACEMENT_3D ( 'NONE', #441, #1415, #2408 ) ;
#2702 = VERTEX_POINT ( 'NONE', #365 ) ;
#2701 = LINE ( 'NONE', #1970, #854 ) ;
#2703 = PRODUCT_DEFINITION ( 'UNKNOWN', '', #3110, #2366 ) ;
#2704 = CARTESIAN_POINT ( 'NONE',  ( -41.35083323070094963, -6.578665207576576357, -65.60949160637892419 ) ) ;
#2705 = EDGE_CURVE ( 'NONE', #2775, #2108, #2814, .T. ) ;
#2706 = DIRECTION ( 'NONE',  ( 0.2144931453881945282, -0.9767254939753947651, 0.000000000000000000 ) ) ;
#2707 = LINE ( 'NONE', #2227, #764 ) ;
#2708 = EDGE_CURVE ( 'NONE', #146, #2185, #1844, .T. ) ;
#2709 = ORIENTED_EDGE ( 'NONE', *, *, #1077, .F. ) ;
#2710 = DIRECTION ( 'NONE',  ( 0.2144931453881945282, -0.9767254939753947651, 0.000000000000000000 ) ) ;
#2711 = CARTESIAN_POINT ( 'NONE',  ( 47.15592038584544810, 9.331815073381639181, 8.219999999999995310 ) ) ;
#2712 = ORIENTED_EDGE ( 'NONE', *, *, #12, .F. ) ;
#2713 = LINE ( 'NONE', #2253, #2791 ) ;
#2715 = ORIENTED_EDGE ( 'NONE', *, *, #1348, .F. ) ;
#2714 = DIRECTION ( 'NONE',  ( 0.2144931453881998018, -0.9767254939753935439, -0.000000000000000000 ) ) ;
#2717 = CARTESIAN_POINT ( 'NONE',  ( -4.949999999999998401, 1.522552393947588859E-31, -13.80000000000004867 ) ) ;
#2716 = FACE_OUTER_BOUND ( 'NONE', #486, .T. ) ;
#2718 = ORIENTED_EDGE ( 'NONE', *, *, #839, .T. ) ;
#2719 = PLANE ( 'NONE',  #589 ) ;
#2720 = FACE_BOUND ( 'NONE', #424, .T. ) ;
#2721 = EDGE_CURVE ( 'NONE', #1848, #2840, #769, .T. ) ;
#2722 = LINE ( 'NONE', #533, #51 ) ;
#2723 = ORIENTED_EDGE ( 'NONE', *, *, #1497, .F. ) ;
#2724 = EDGE_CURVE ( 'NONE', #1767, #2185, #1850, .T. ) ;
#2725 = CARTESIAN_POINT ( 'NONE',  ( 68.36989995062577918, 11.64956202570934352, -18.05000000000004334 ) ) ;
#2726 = DIRECTION ( 'NONE',  ( 1.129565762656107098E-16, 2.480575298273387549E-17, -1.000000000000000000 ) ) ;
#2727 = VERTEX_POINT ( 'NONE', #2271 ) ;
#2728 = EDGE_CURVE ( 'NONE', #174, #2874, #1587, .T. ) ;
#2729 = DIRECTION ( 'NONE',  ( -1.000000000000000000, 0.000000000000000000, 0.000000000000000000 ) ) ;
#2731 = EDGE_LOOP ( 'NONE', ( #492, #2122, #2270, #2889 ) ) ;
#2730 = LINE ( 'NONE', #309, #540 ) ;
#2732 = VECTOR ( 'NONE', #1079, 1000.000000000000114 ) ;
#2734 = DIRECTION ( 'NONE',  ( 0.2144931453881998018, -0.9767254939753936549, 0.000000000000000000 ) ) ;
#2733 = LINE ( 'NONE', #1254, #2297 ) ;
#2735 = EDGE_LOOP ( 'NONE', ( #1503, #1417, #1614, #1448 ) ) ;
#2736 = DIRECTION ( 'NONE',  ( 0.2144931453881998018, -0.9767254939753936549, 0.000000000000000000 ) ) ;
#2737 = CIRCLE ( 'NONE', #2432, 1.500000000000007772 ) ;
#2738 = CARTESIAN_POINT ( 'NONE',  ( 46.38411401396170675, 8.650408495544569476, 25.99999999999999645 ) ) ;
#2739 = DIRECTION ( 'NONE',  ( 1.000000000000000000, 0.000000000000000000, 0.000000000000000000 ) ) ;
#2740 = AXIS2_PLACEMENT_3D ( 'NONE', #2830, #653, #1629 ) ;
#2741 = VERTEX_POINT ( 'NONE', #2257 ) ;
#2742 = AXIS2_PLACEMENT_3D ( 'NONE', #1745, #339, #525 ) ;
#2743 = CARTESIAN_POINT ( 'NONE',  ( 46.92034687743218768, 6.208594760606077401, 25.99999999999999645 ) ) ;
#2744 = DIRECTION ( 'NONE',  ( 1.000000000000000000, 0.000000000000000000, -0.000000000000000000 ) ) ;
#2745 = EDGE_LOOP ( 'NONE', ( #2862, #1398 ) ) ;
#2746 = EDGE_CURVE ( 'NONE', #1531, #70, #92, .T. ) ;
#2747 = AXIS2_PLACEMENT_3D ( 'NONE', #1213, #1425, #1630 ) ;
#2748 = CARTESIAN_POINT ( 'NONE',  ( 48.87379786538297566, 6.637581051382464459, 8.219999999999995310 ) ) ;
#2750 = VERTEX_POINT ( 'NONE', #2040 ) ;
#2749 = CARTESIAN_POINT ( 'NONE',  ( 62.40241211515813546, 12.16809607991095277, 25.99999999999999645 ) ) ;
#2751 = EDGE_CURVE ( 'NONE', #337, #992, #1339, .T. ) ;
#2752 = VECTOR ( 'NONE', #2526, 1000.000000000000000 ) ;
#2753 = CARTESIAN_POINT ( 'NONE',  ( 48.83539007111789232, 7.359699117945411651, -18.80000000000004334 ) ) ;
#2754 = ORIENTED_EDGE ( 'NONE', *, *, #2705, .T. ) ;
#2755 = DIRECTION ( 'NONE',  ( -0.2144931453881946670, 0.9767254939753948761, 0.000000000000000000 ) ) ;
#2756 = DIRECTION ( 'NONE',  ( -0.2144931453881945838, 0.9767254939753947651, 0.000000000000000000 ) ) ;
#2757 = ORIENTED_EDGE ( 'NONE', *, *, #2055, .F. ) ;
#2758 = DIRECTION ( 'NONE',  ( 0.9767254939753947651, 0.2144931453881945838, 0.000000000000000000 ) ) ;
#2759 = CYLINDRICAL_SURFACE ( 'NONE', #405, 3.549999999999998934 ) ;
#2760 = CARTESIAN_POINT ( 'NONE',  ( 64.81989995062578203, 11.64956202570934352, -13.80000000000004157 ) ) ;
#2761 = ORIENTED_EDGE ( 'NONE', *, *, #2359, .T. ) ;
#2762 = DIRECTION ( 'NONE',  ( -0.2144931453881997740, 0.9767254939753936549, 0.000000000000000000 ) ) ;
#2763 = EDGE_CURVE ( 'NONE', #2094, #284, #59, .T. ) ;
#2765 = VERTEX_POINT ( 'NONE', #2498 ) ;
#2764 = DIRECTION ( 'NONE',  ( 0.2144931453881931960, -0.9767254939753949872, 0.000000000000000000 ) ) ;
#2766 = ADVANCED_FACE ( 'NONE', ( #857 ), #2291, .F. ) ;
#2767 = CARTESIAN_POINT ( 'NONE',  ( 64.81989995062578203, 11.64956202570934352, -18.05000000000004334 ) ) ;
#2768 = ORIENTED_EDGE ( 'NONE', *, *, #1207, .T. ) ;
#2769 = DIRECTION ( 'NONE',  ( 0.2144931453881997463, -0.9767254939753935439, -3.279953505885661497E-32 ) ) ;
#2770 = CARTESIAN_POINT ( 'NONE',  ( 28.02070856900829909, 2.058152397344510387, 34.00000000000000000 ) ) ;
#2771 = VERTEX_POINT ( 'NONE', #3006 ) ;
#2772 = CARTESIAN_POINT ( 'NONE',  ( 44.91902577299860155, 8.328668777462276296, 8.219999999999995310 ) ) ;
#2773 = DIRECTION ( 'NONE',  ( 0.2144931453881945282, -0.9767254939753946541, 0.000000000000000000 ) ) ;
#2774 = DIRECTION ( 'NONE',  ( -0.9767254939753949872, -0.2144931453881930850, 0.000000000000000000 ) ) ;
#2775 = VERTEX_POINT ( 'NONE', #579 ) ;
#2776 = LINE ( 'NONE', #590, #2645 ) ;
#2778 = VERTEX_POINT ( 'NONE', #843 ) ;
#2777 = LINE ( 'NONE', #1589, #145 ) ;
#2779 = EDGE_CURVE ( 'NONE', #2006, #4, #1572, .T. ) ;
#2780 = DIRECTION ( 'NONE',  ( 0.9767254939753935439, 0.2144931453881997463, 0.000000000000000000 ) ) ;
#2781 = ORIENTED_EDGE ( 'NONE', *, *, #1273, .T. ) ;
#2782 = CARTESIAN_POINT ( 'NONE',  ( 0.000000000000000000, 0.000000000000000000, 4.500000000000000000 ) ) ;
#2783 = ADVANCED_FACE ( 'NONE', ( #829 ), #3052, .F. ) ;
#2784 = CIRCLE ( 'NONE', #2382, 2.399999999999997691 ) ;
#2785 = FACE_OUTER_BOUND ( 'NONE', #592, .T. ) ;
#2786 = AXIS2_PLACEMENT_3D ( 'NONE', #437, #2385, #1431 ) ;
#2787 = VERTEX_POINT ( 'NONE', #2753 ) ;
#2788 = DIRECTION ( 'NONE',  ( -1.000000000000000000, 0.000000000000000000, 0.000000000000000000 ) ) ;
#2789 = DIRECTION ( 'NONE',  ( 0.2144931453881945560, -0.9767254939753947651, 0.000000000000000000 ) ) ;
#2790 = ORIENTED_EDGE ( 'NONE', *, *, #2657, .F. ) ;
#2791 = VECTOR ( 'NONE', #2930, 1000.000000000000227 ) ;
#2792 = LINE ( 'NONE', #2318, #1883 ) ;
#2793 = AXIS2_PLACEMENT_3D ( 'NONE', #422, #1615, #898 ) ;
#2795 = EDGE_LOOP ( 'NONE', ( #3098, #290 ) ) ;
#2794 = DIRECTION ( 'NONE',  ( 0.2144931453881997740, -0.9767254939753935439, -0.000000000000000000 ) ) ;
#2796 = AXIS2_PLACEMENT_3D ( 'NONE', #279, #488, #782 ) ;
#2797 = PLANE ( 'NONE',  #859 ) ;
#2798 = DIRECTION ( 'NONE',  ( 0.000000000000000000, 0.000000000000000000, 1.000000000000000000 ) ) ;
#2799 = AXIS2_PLACEMENT_3D ( 'NONE', #733, #2974, #505 ) ;
#2800 = EDGE_LOOP ( 'NONE', ( #2715, #1665, #2033, #256 ) ) ;
#2801 = CARTESIAN_POINT ( 'NONE',  ( 49.19941766995384569, -33.77415867475212963, 43.00000000000000000 ) ) ;
#2802 = ADVANCED_FACE ( 'NONE', ( #2308 ), #2547, .F. ) ;
#2803 = AXIS2_PLACEMENT_3D ( 'NONE', #2056, #632, #1081 ) ;
#2804 = ORIENTED_EDGE ( 'NONE', *, *, #330, .F. ) ;
#2805 = AXIS2_PLACEMENT_3D ( 'NONE', #820, #1548, #1489 ) ;
#2806 = DIRECTION ( 'NONE',  ( -0.2144931453881948891, 0.9767254939753945431, 6.193790701149349628E-31 ) ) ;
#2807 = DIRECTION ( 'NONE',  ( 0.9767254939753936549, 0.2144931453881997185, 0.000000000000000000 ) ) ;
#2808 = EDGE_CURVE ( 'NONE', #314, #1905, #565, .T. ) ;
#2809 = ORIENTED_EDGE ( 'NONE', *, *, #1267, .F. ) ;
#2810 = CARTESIAN_POINT ( 'NONE',  ( 36.96060153409954552, -1.353711282920999626, 25.09999999999999076 ) ) ;
#2812 = ORIENTED_EDGE ( 'NONE', *, *, #2724, .T. ) ;
#2811 = CARTESIAN_POINT ( 'NONE',  ( 45.28539007111789516, 7.359699117945410762, -18.80000000000004334 ) ) ;
#2813 = CYLINDRICAL_SURFACE ( 'NONE', #1978, 3.549999999999998934 ) ;
#2814 = LINE ( 'NONE', #1063, #1021 ) ;
#2815 = ORIENTED_EDGE ( 'NONE', *, *, #2680, .T. ) ;
#2816 = EDGE_LOOP ( 'NONE', ( #2133, #1391, #3120, #1747 ) ) ;
#2817 = EDGE_CURVE ( 'NONE', #2727, #314, #3056, .T. ) ;
#2818 = CYLINDRICAL_SURFACE ( 'NONE', #2638, 4.950000000000000178 ) ;
#2819 = LINE ( 'NONE', #637, #251 ) ;
#2820 = VERTEX_POINT ( 'NONE', #1592 ) ;
#2821 = EDGE_CURVE ( 'NONE', #153, #2692, #212, .T. ) ;
#2822 = FACE_BOUND ( 'NONE', #1506, .T. ) ;
#2824 = ORIENTED_EDGE ( 'NONE', *, *, #1404, .F. ) ;
#2823 = LINE ( 'NONE', #1363, #1214 ) ;
#2825 = LINE ( 'NONE', #1528, #1318 ) ;
#2826 = PLANE ( 'NONE',  #2240 ) ;
#2827 = EDGE_LOOP ( 'NONE', ( #2834, #2365, #2399, #1763 ) ) ;
#2828 = DIRECTION ( 'NONE',  ( 0.2144931453881945560, -0.9767254939753947651, -0.000000000000000000 ) ) ;
#2829 = ORIENTED_EDGE ( 'NONE', *, *, #2596, .F. ) ;
#2830 = CARTESIAN_POINT ( 'NONE',  ( 0.000000000000000000, 0.000000000000000000, 34.00000000000000000 ) ) ;
#2831 = DIRECTION ( 'NONE',  ( 1.129565762656107098E-16, 2.480575298273387549E-17, -1.000000000000000000 ) ) ;
#2832 = VECTOR ( 'NONE', #2043, 1000.000000000000114 ) ;
#2833 = PRODUCT_CONTEXT ( 'NONE', #651, 'mechanical' ) ;
#2834 = ORIENTED_EDGE ( 'NONE', *, *, #2418, .F. ) ;
#2835 = AXIS2_PLACEMENT_3D ( 'NONE', #2254, #1105, #612 ) ;
#2836 = CARTESIAN_POINT ( 'NONE',  ( 109.0220996375330316, 23.94172488823012657, -13.80000000000003446 ) ) ;
#2837 = AXIS2_PLACEMENT_3D ( 'NONE', #2961, #2011, #1753 ) ;
#2838 = EDGE_CURVE ( 'NONE', #2171, #2741, #462, .T. ) ;
#2840 = VERTEX_POINT ( 'NONE', #1180 ) ;
#2839 = FACE_OUTER_BOUND ( 'NONE', #129, .T. ) ;
#2841 = DIRECTION ( 'NONE',  ( 1.000000000000000000, 0.000000000000000000, -0.000000000000000000 ) ) ;
#2842 = AXIS2_PLACEMENT_3D ( 'NONE', #2561, #1349, #2367 ) ;
#2843 = CARTESIAN_POINT ( 'NONE',  ( 40.42797703771218920, -0.5922606167928893273, 25.09999999999999076 ) ) ;
#2844 = LINE ( 'NONE', #2372, #559 ) ;
#2845 = ADVANCED_FACE ( 'NONE', ( #2611, #904 ), #2826, .T. ) ;
#2846 = ORIENTED_EDGE ( 'NONE', *, *, #1362, .F. ) ;
#2847 = AXIS2_PLACEMENT_3D ( 'NONE', #1100, #2831, #133 ) ;
#2848 = SURFACE_STYLE_FILL_AREA ( #1452 ) ;
#2849 = ORIENTED_EDGE ( 'NONE', *, *, #1855, .F. ) ;
#2850 = AXIS2_PLACEMENT_3D ( 'NONE', #2553, #814, #584 ) ;
#2851 = DIRECTION ( 'NONE',  ( -0.9767254939753946541, -0.2144931453881946393, 0.000000000000000000 ) ) ;
#2852 = CYLINDRICAL_SURFACE ( 'NONE', #2292, 1.499999999999994005 ) ;
#2853 = CIRCLE ( 'NONE', #2245, 3.500000000000004885 ) ;
#2854 = EDGE_LOOP ( 'NONE', ( #909, #73 ) ) ;
#2855 = DIRECTION ( 'NONE',  ( 0.9767254939753946541, 0.2144931453881948336, 0.000000000000000000 ) ) ;
#2857 = ORIENTED_EDGE ( 'NONE', *, *, #1915, .F. ) ;
#2856 = DIRECTION ( 'NONE',  ( -0.9767254939753935439, -0.2144931453881997463, 0.000000000000000000 ) ) ;
#2858 = CARTESIAN_POINT ( 'NONE',  ( 48.23031842921839285, 9.567757533308649087, 8.219999999999995310 ) ) ;
#2859 = ADVANCED_FACE ( 'NONE', ( #1436, #1143, #2927 ), #645, .F. ) ;
#2860 = DIRECTION ( 'NONE',  ( -0.2144931453881946115, 0.9767254939753946541, -0.000000000000000000 ) ) ;
#2861 = DIRECTION ( 'NONE',  ( 1.129565762656107098E-16, 2.480575298273387549E-17, -1.000000000000000000 ) ) ;
#2862 = ORIENTED_EDGE ( 'NONE', *, *, #3129, .T. ) ;
#2863 = EDGE_CURVE ( 'NONE', #180, #1462, #2602, .T. ) ;
#2864 = PLANE ( 'NONE',  #1685 ) ;
#2865 = ORIENTED_EDGE ( 'NONE', *, *, #1966, .F. ) ;
#2866 = DIRECTION ( 'NONE',  ( -0.9767254939753947651, -0.2144931453881945560, -0.000000000000000000 ) ) ;
#2867 = CARTESIAN_POINT ( 'NONE',  ( 44.81177920030450679, 8.817031524449973290, 8.219999999999995310 ) ) ;
#2868 = EDGE_LOOP ( 'NONE', ( #2458, #1683, #1712, #1618 ) ) ;
#2869 = FACE_OUTER_BOUND ( 'NONE', #962, .T. ) ;
#2871 = EDGE_LOOP ( 'NONE', ( #162, #1864 ) ) ;
#2870 = CARTESIAN_POINT ( 'NONE',  ( 64.63930672800499622, 13.17124237583031743, 25.99999999999999645 ) ) ;
#2872 = FACE_BOUND ( 'NONE', #2169, .T. ) ;
#2873 = LINE ( 'NONE', #950, #1687 ) ;
#2874 = VERTEX_POINT ( 'NONE', #173 ) ;
#2875 = ADVANCED_FACE ( 'NONE', ( #2390 ), #2114, .F. ) ;
#2876 = DIRECTION ( 'NONE',  ( 0.9767254939753936549, 0.2144931453881997185, 0.000000000000000000 ) ) ;
#2877 = EDGE_CURVE ( 'NONE', #1700, #768, #2873, .T. ) ;
#2878 = ORIENTED_EDGE ( 'NONE', *, *, #2653, .F. ) ;
#2879 = DIRECTION ( 'NONE',  ( 0.2144931453881945282, -0.9767254939753947651, 0.000000000000000000 ) ) ;
#2880 = FACE_OUTER_BOUND ( 'NONE', #2575, .T. ) ;
#2881 = EDGE_CURVE ( 'NONE', #1516, #2765, #2844, .T. ) ;
#2882 = ORIENTED_EDGE ( 'NONE', *, *, #197, .F. ) ;
#2883 = CARTESIAN_POINT ( 'NONE',  ( 36.04900566619969737, 2.797372066474425267, 25.09999999999999076 ) ) ;
#2884 = ORIENTED_EDGE ( 'NONE', *, *, #1089, .F. ) ;
#2885 = AXIS2_PLACEMENT_3D ( 'NONE', #3026, #1597, #1854 ) ;
#2886 = DIRECTION ( 'NONE',  ( -0.9767254939753947651, -0.2144931453881946115, 0.000000000000000000 ) ) ;
#2887 = DIRECTION ( 'NONE',  ( -0.2144931453881945282, 0.9767254939753947651, -0.000000000000000000 ) ) ;
#2888 = CIRCLE ( 'NONE', #910, 1.900000000000003908 ) ;
#2889 = ORIENTED_EDGE ( 'NONE', *, *, #255, .F. ) ;
#2890 = AXIS2_PLACEMENT_3D ( 'NONE', #2191, #2887, #1909 ) ;
#2891 = SURFACE_STYLE_USAGE ( .BOTH. , #952 ) ;
#2892 = VECTOR ( 'NONE', #2052, 1000.000000000000114 ) ;
#2893 = ORIENTED_EDGE ( 'NONE', *, *, #2184, .F. ) ;
#2894 = AXIS2_PLACEMENT_3D ( 'NONE', #2092, #1612, #625 ) ;
#2895 = DIRECTION ( 'NONE',  ( -0.2144931453881945838, 0.9767254939753946541, 0.000000000000000000 ) ) ;
#2896 = ADVANCED_FACE ( 'NONE', ( #2132 ), #3084, .T. ) ;
#2897 = LINE ( 'NONE', #1444, #2443 ) ;
#2898 = ORIENTED_EDGE ( 'NONE', *, *, #1152, .F. ) ;
#2899 = VECTOR ( 'NONE', #112, 1000.000000000000000 ) ;
#2900 = EDGE_CURVE ( 'NONE', #1412, #2303, #887, .T. ) ;
#2901 = CARTESIAN_POINT ( 'NONE',  ( 76.19049115215648271, 6.493470412125454949, -4.900000000000004796 ) ) ;
#2902 = ORIENTED_EDGE ( 'NONE', *, *, #2746, .T. ) ;
#2903 = AXIS2_PLACEMENT_3D ( 'NONE', #1333, #357, #3028 ) ;
#2904 = DIRECTION ( 'NONE',  ( -0.2144931453881946670, 0.9767254939753948761, 0.000000000000000000 ) ) ;
#2906 = ORIENTED_EDGE ( 'NONE', *, *, #1778, .T. ) ;
#2905 = DIRECTION ( 'NONE',  ( 0.2144931453881998018, -0.9767254939753936549, 0.000000000000000000 ) ) ;
#2907 = CARTESIAN_POINT ( 'NONE',  ( 65.28278616416959323, 10.24106589390413014, 8.219999999999993534 ) ) ;
#2908 = EDGE_LOOP ( 'NONE', ( #1388, #2416, #609, #2394 ) ) ;
#2909 = FACE_OUTER_BOUND ( 'NONE', #808, .T. ) ;
#2910 = CARTESIAN_POINT ( 'NONE',  ( 19.68217809346313985, 7.393778837454855868, -3.000000000000000000 ) ) ;
#2911 = VERTEX_POINT ( 'NONE', #939 ) ;
#2912 = EDGE_CURVE ( 'NONE', #1908, #293, #970, .T. ) ;
#2913 = DIRECTION ( 'NONE',  ( 0.9767254939753935439, 0.2144931453881997463, 0.000000000000000000 ) ) ;
#2914 = ORIENTED_EDGE ( 'NONE', *, *, #255, .T. ) ;
#2915 = LINE ( 'NONE', #469, #593 ) ;
#2916 = EDGE_CURVE ( 'NONE', #2741, #3025, #1401, .T. ) ;
#2917 = DIRECTION ( 'NONE',  ( 0.6906492201477809623, 0.1516695576220231934, 0.7071067811865487940 ) ) ;
#2919 = VERTEX_POINT ( 'NONE', #1369 ) ;
#2918 = FACE_OUTER_BOUND ( 'NONE', #2072, .T. ) ;
#2920 = DIRECTION ( 'NONE',  ( -0.2144931453881945282, 0.9767254939753947651, -0.000000000000000000 ) ) ;
#2921 = DIRECTION ( 'NONE',  ( 0.2144931453881945282, -0.9767254939753946541, -0.000000000000000000 ) ) ;
#2922 = DIRECTION ( 'NONE',  ( 0.2144931453881998018, -0.9767254939753935439, -0.000000000000000000 ) ) ;
#2923 = FACE_OUTER_BOUND ( 'NONE', #2103, .T. ) ;
#2924 = ORIENTED_EDGE ( 'NONE', *, *, #1152, .T. ) ;
#2925 = CARTESIAN_POINT ( 'NONE',  ( 76.19049115215646850, 6.493470412125451396, 25.09999999999999787 ) ) ;
#2926 = VECTOR ( 'NONE', #2921, 1000.000000000000114 ) ;
#2927 = FACE_OUTER_BOUND ( 'NONE', #558, .T. ) ;
#2928 = VERTEX_POINT ( 'NONE', #2594 ) ;
#2929 = AXIS2_PLACEMENT_3D ( 'NONE', #582, #2370, #439 ) ;
#2930 = DIRECTION ( 'NONE',  ( 0.2144931453881997740, -0.9767254939753935439, -0.000000000000000000 ) ) ;
#2931 = EDGE_CURVE ( 'NONE', #2358, #1442, #458, .T. ) ;
#2932 = AXIS2_PLACEMENT_3D ( 'NONE', #2524, #323, #1811 ) ;
#2934 = ORIENTED_EDGE ( 'NONE', *, *, #2960, .T. ) ;
#2933 = DIRECTION ( 'NONE',  ( -0.2144931453881945282, 0.9767254939753947651, -0.000000000000000000 ) ) ;
#2935 = CIRCLE ( 'NONE', #1719, 4.949999999999995737 ) ;
#2936 = EDGE_CURVE ( 'NONE', #2778, #2115, #1228, .T. ) ;
#2937 = DIRECTION ( 'NONE',  ( 0.2144931453881998018, -0.9767254939753936549, 0.000000000000000000 ) ) ;
#2938 = CIRCLE ( 'NONE', #1371, 3.499999999999997335 ) ;
#2939 = DIRECTION ( 'NONE',  ( 1.129565762656107098E-16, 2.480575298273387549E-17, -1.000000000000000000 ) ) ;
#2940 = VECTOR ( 'NONE', #1449, 1000.000000000000227 ) ;
#2941 = LINE ( 'NONE', #1212, #1166 ) ;
#2942 = CYLINDRICAL_SURFACE ( 'NONE', #360, 1.900000000000003908 ) ;
#2943 = EDGE_LOOP ( 'NONE', ( #2325, #1853 ) ) ;
#2944 = AXIS2_PLACEMENT_3D ( 'NONE', #2883, #691, #1457 ) ;
#2945 = DIRECTION ( 'NONE',  ( 0.9767254939753946541, 0.2144931453881945282, 0.000000000000000000 ) ) ;
#2946 = AXIS2_PLACEMENT_3D ( 'NONE', #1678, #193, #3122 ) ;
#2947 = DIRECTION ( 'NONE',  ( 0.2144931453881998018, -0.9767254939753936549, 0.000000000000000000 ) ) ;
#2948 = ORIENTED_EDGE ( 'NONE', *, *, #1263, .F. ) ;
#2949 = VECTOR ( 'NONE', #2991, 1000.000000000000000 ) ;
#2950 = CARTESIAN_POINT ( 'NONE',  ( 44.81177920030451389, 8.817031524449969737, 8.219999999999995310 ) ) ;
#2951 = VECTOR ( 'NONE', #2625, 1000.000000000000227 ) ;
#2953 = EDGE_LOOP ( 'NONE', ( #3131, #2100, #3012, #2633 ) ) ;
#2952 = CARTESIAN_POINT ( 'NONE',  ( 75.11802542521544979, 11.37709788200241690, -4.900000000000004796 ) ) ;
#2954 = ADVANCED_FACE ( 'NONE', ( #1128 ), #204, .F. ) ;
#2955 = AXIS2_PLACEMENT_3D ( 'NONE', #2471, #54, #2979 ) ;
#2957 = CARTESIAN_POINT ( 'NONE',  ( 75.11802542521544979, 11.37709788200241690, -4.900000000000004796 ) ) ;
#2956 = DIRECTION ( 'NONE',  ( 0.9767254939753946541, 0.2144931453881948336, 0.000000000000000000 ) ) ;
#2958 = VERTEX_POINT ( 'NONE', #3117 ) ;
#2959 = CARTESIAN_POINT ( 'NONE',  ( 68.10019115872603379, 20.02305082011621451, -18.80000000000003979 ) ) ;
#2960 = EDGE_CURVE ( 'NONE', #2495, #3072, #1483, .T. ) ;
#2961 = CARTESIAN_POINT ( 'NONE',  ( 44.91902577299860866, 8.328668777462278072, 8.219999999999995310 ) ) ;
#2962 = FACE_OUTER_BOUND ( 'NONE', #1338, .T. ) ;
#2963 = VERTEX_POINT ( 'NONE', #1863 ) ;
#2964 = LINE ( 'NONE', #1037, #456 ) ;
#2965 = DIRECTION ( 'NONE',  ( 1.129565762656107098E-16, 2.480575298273387549E-17, -1.000000000000000000 ) ) ;
#2966 = EDGE_LOOP ( 'NONE', ( #2421, #381 ) ) ;
#2967 = FACE_BOUND ( 'NONE', #905, .T. ) ;
#2969 = VERTEX_POINT ( 'NONE', #1533 ) ;
#2968 = DIRECTION ( 'NONE',  ( -0.9767254939753946541, -0.2144931453881946393, 0.000000000000000000 ) ) ;
#2970 = CARTESIAN_POINT ( 'NONE',  ( 36.04900566619969737, 2.797372066474425267, 25.09999999999999076 ) ) ;
#2971 = ORIENTED_EDGE ( 'NONE', *, *, #2299, .F. ) ;
#2972 = CARTESIAN_POINT ( 'NONE',  ( -24.42186626705554886, -0.2951933922570957325, -113.5267763526938438 ) ) ;
#2973 = DIRECTION ( 'NONE',  ( -1.000000000000000000, 0.000000000000000000, 0.000000000000000000 ) ) ;
#2974 = DIRECTION ( 'NONE',  ( 0.2144931453881998018, -0.9767254939753936549, 0.000000000000000000 ) ) ;
#2975 = EDGE_CURVE ( 'NONE', #2189, #638, #111, .T. ) ;
#2976 = EDGE_LOOP ( 'NONE', ( #2117, #1851 ) ) ;
#2977 = CARTESIAN_POINT ( 'NONE',  ( 62.29516554246404070, 12.65645882689864976, 8.219999999999993534 ) ) ;
#2978 = EDGE_CURVE ( 'NONE', #2771, #1146, #104, .T. ) ;
#2979 = DIRECTION ( 'NONE',  ( -0.9767254939753946541, -0.2144931453881948336, 0.000000000000000000 ) ) ;
#2980 = VERTEX_POINT ( 'NONE', #2214 ) ;
#2981 = DIRECTION ( 'NONE',  ( -0.9767254939753947651, -0.2144931453881948336, 0.000000000000000000 ) ) ;
#2983 = ORIENTED_EDGE ( 'NONE', *, *, #451, .T. ) ;
#2982 = FACE_OUTER_BOUND ( 'NONE', #2312, .T. ) ;
#2984 = AXIS2_PLACEMENT_3D ( 'NONE', #2986, #777, #2022 ) ;
#2986 = CARTESIAN_POINT ( 'NONE',  ( 44.81177920030451389, 8.817031524449969737, 8.219999999999995310 ) ) ;
#2985 = DIRECTION ( 'NONE',  ( -0.2144931453881997740, 0.9767254939753936549, 0.000000000000000000 ) ) ;
#2987 = ORIENTED_EDGE ( 'NONE', *, *, #2454, .T. ) ;
#2988 = LINE ( 'NONE', #920, #999 ) ;
#2989 = VECTOR ( 'NONE', #1807, 1000.000000000000114 ) ;
#2990 = APPLICATION_CONTEXT ( 'automotive_design' ) ;
#2991 = DIRECTION ( 'NONE',  ( 1.129565762656107098E-16, 2.480575298273387549E-17, -1.000000000000000000 ) ) ;
#2992 = AXIS2_PLACEMENT_3D ( 'NONE', #3051, #1849, #391 ) ;
#2993 = ORIENTED_EDGE ( 'NONE', *, *, #1912, .F. ) ;
#2994 = AXIS2_PLACEMENT_3D ( 'NONE', #868, #1602, #628 ) ;
#2995 = EDGE_CURVE ( 'NONE', #465, #874, #1736, .T. ) ;
#2996 = LINE ( 'NONE', #1329, #1418 ) ;
#2997 = PLANE ( 'NONE',  #1173 ) ;
#2998 = CYLINDRICAL_SURFACE ( 'NONE', #2805, 1.900000000000003908 ) ;
#2999 = AXIS2_PLACEMENT_3D ( 'NONE', #319, #2694, #987 ) ;
#3000 = ORIENTED_EDGE ( 'NONE', *, *, #281, .F. ) ;
#3001 = UNCERTAINTY_MEASURE_WITH_UNIT (LENGTH_MEASURE( 1.000000000000000082E-05 ), #121, 'distance_accuracy_value', 'NONE');
#3002 = ADVANCED_FACE ( 'NONE', ( #320 ), #1023, .F. ) ;
#3003 = DIRECTION ( 'NONE',  ( -0.9767254939753945431, -0.2144931453881951389, 0.000000000000000000 ) ) ;
#3005 = EDGE_LOOP ( 'NONE', ( #696, #2566, #2604, #1198 ) ) ;
#3004 = DIRECTION ( 'NONE',  ( -0.9992288783510657746, -0.03926383411322624528, 0.000000000000000000 ) ) ;
#3007 = PLANE ( 'NONE',  #445 ) ;
#3006 = CARTESIAN_POINT ( 'NONE',  ( 34.85778702683604280, 3.559604415061867755, 34.00000000000000000 ) ) ;
#3008 = ORIENTED_EDGE ( 'NONE', *, *, #1558, .T. ) ;
#3009 = FACE_OUTER_BOUND ( 'NONE', #2068, .T. ) ;
#3010 = AXIS2_PLACEMENT_3D ( 'NONE', #2457, #1248, #2774 ) ;
#3011 = CARTESIAN_POINT ( 'NONE',  ( 44.91902577299860155, 8.328668777462276296, 25.99999999999999645 ) ) ;
#3012 = ORIENTED_EDGE ( 'NONE', *, *, #481, .T. ) ;
#3013 = FACE_OUTER_BOUND ( 'NONE', #2046, .T. ) ;
#3014 = DIRECTION ( 'NONE',  ( -0.2144931453881948891, 0.9767254939753945431, 6.193790701149349628E-31 ) ) ;
#3015 = SURFACE_STYLE_FILL_AREA ( #1613 ) ;
#3016 = EDGE_CURVE ( 'NONE', #3125, #221, #86, .T. ) ;
#3017 = ORIENTED_EDGE ( 'NONE', *, *, #2685, .F. ) ;
#3018 = CARTESIAN_POINT ( 'NONE',  ( 42.03671940755521774, 5.136129033665103094, 25.99999999999999645 ) ) ;
#3019 = EDGE_CURVE ( 'NONE', #1203, #1866, #2149, .T. ) ;
#3021 = ORIENTED_EDGE ( 'NONE', *, *, #1267, .T. ) ;
#3020 = CARTESIAN_POINT ( 'NONE',  ( 45.45525863646909670, 5.886855042523785109, 8.219999999999995310 ) ) ;
#3022 = ORIENTED_EDGE ( 'NONE', *, *, #266, .F. ) ;
#3023 = CARTESIAN_POINT ( 'NONE',  ( 66.32652982122091601, 6.886874608606713188, 46.79999999999999716 ) ) ;
#3024 = CARTESIAN_POINT ( 'NONE',  ( 76.97380386376870831, 11.78463485823999690, 25.09999999999999787 ) ) ;
#3025 = VERTEX_POINT ( 'NONE', #2711 ) ;
#3026 = CARTESIAN_POINT ( 'NONE',  ( 35.16802040518989259, -2.515241694178949050, 28.00000000000000355 ) ) ;
#3027 = LINE ( 'NONE', #880, #1784 ) ;
#3028 = DIRECTION ( 'NONE',  ( -0.9767254939753946541, -0.2144931453881949446, 0.000000000000000000 ) ) ;
#3029 = ORIENTED_EDGE ( 'NONE', *, *, #191, .T. ) ;
#3030 = DIRECTION ( 'NONE',  ( 0.2144931453881948891, -0.9767254939753945431, -6.193790701149349628E-31 ) ) ;
#3032 = ORIENTED_EDGE ( 'NONE', *, *, #620, .F. ) ;
#3031 = DIRECTION ( 'NONE',  ( 1.129565762656107098E-16, 2.480575298273387549E-17, -1.000000000000000000 ) ) ;
#3033 = EDGE_CURVE ( 'NONE', #2054, #131, #303, .T. ) ;
#3034 = FACE_BOUND ( 'NONE', #234, .T. ) ;
#3035 = CARTESIAN_POINT ( 'NONE',  ( 41.39323997139063493, 8.066305515591288611, 8.219999999999995310 ) ) ;
#3036 = ORIENTED_EDGE ( 'NONE', *, *, #2763, .F. ) ;
#3037 = AXIS2_PLACEMENT_3D ( 'NONE', #1666, #2405, #2886 ) ;
#3038 = EDGE_CURVE ( 'NONE', #3125, #2775, #72, .T. ) ;
#3039 = PLANE ( 'NONE',  #2044 ) ;
#3040 = AXIS2_PLACEMENT_3D ( 'NONE', #1551, #1093, #3004 ) ;
#3041 = ORIENTED_EDGE ( 'NONE', *, *, #1008, .T. ) ;
#3042 = VECTOR ( 'NONE', #2322, 1000.000000000000000 ) ;
#3043 = LINE ( 'NONE', #2313, #1823 ) ;
#3044 = CARTESIAN_POINT ( 'NONE',  ( 37.12147139314069477, -2.086255403402543340, 25.09999999999999076 ) ) ;
#3045 = ORIENTED_EDGE ( 'NONE', *, *, #1389, .T. ) ;
#3046 = AXIS2_PLACEMENT_3D ( 'NONE', #1845, #376, #1588 ) ;
#3047 = LINE ( 'NONE', #1567, #296 ) ;
#3048 = AXIS2_PLACEMENT_3D ( 'NONE', #2665, #478, #976 ) ;
#3050 = ORIENTED_EDGE ( 'NONE', *, *, #783, .F. ) ;
#3049 = DIRECTION ( 'NONE',  ( -1.000000000000000000, 0.000000000000000000, 0.000000000000000000 ) ) ;
#3051 = CARTESIAN_POINT ( 'NONE',  ( 78.50118248921567954, -27.33936431310629089, 33.99999999999999289 ) ) ;
#3052 = CYLINDRICAL_SURFACE ( 'NONE', #1279, 3.549999999999998934 ) ;
#3053 = CIRCLE ( 'NONE', #2850, 1.900000000000003908 ) ;
#3054 = EDGE_LOOP ( 'NONE', ( #2472, #1253, #76, #1185 ) ) ;
#3055 = ADVANCED_FACE ( 'NONE', ( #1282 ), #2283, .F. ) ;
#3056 = CIRCLE ( 'NONE', #10, 5.999999999999997335 ) ;
#3057 = CARTESIAN_POINT ( 'NONE',  ( 48.23031842921839285, 9.567757533308650864, 25.99999999999999645 ) ) ;
#3058 = PRESENTATION_LAYER_ASSIGNMENT (  '', '', ( #2605 ) ) ;
#3059 = EDGE_CURVE ( 'NONE', #1201, #2249, #1231, .T. ) ;
#3060 = EDGE_LOOP ( 'NONE', ( #2637, #1451, #213, #459 ) ) ;
#3061 = CARTESIAN_POINT ( 'NONE',  ( 29.30766744133753221, -3.802200566508144419, 4.000000000000000000 ) ) ;
#3062 = DIRECTION ( 'NONE',  ( 0.2144931453881997740, -0.9767254939753935439, -0.000000000000000000 ) ) ;
#3063 = EDGE_CURVE ( 'NONE', #1312, #827, #62, .T. ) ;
#3064 = ORIENTED_EDGE ( 'NONE', *, *, #1657, .F. ) ;
#3065 = DIRECTION ( 'NONE',  ( -0.2144931453881946670, 0.9767254939753947651, 0.000000000000000000 ) ) ;
#3067 = ORIENTED_EDGE ( 'NONE', *, *, #1713, .F. ) ;
#3066 = FACE_OUTER_BOUND ( 'NONE', #2800, .T. ) ;
#3068 = FACE_BOUND ( 'NONE', #2795, .T. ) ;
#3069 = DIRECTION ( 'NONE',  ( -0.2144931453881945282, 0.9767254939753947651, -0.000000000000000000 ) ) ;
#3070 = ORIENTED_EDGE ( 'NONE', *, *, #953, .F. ) ;
#3071 = CARTESIAN_POINT ( 'NONE',  ( 44.81177920030451389, 8.817031524449969737, 8.219999999999995310 ) ) ;
#3072 = VERTEX_POINT ( 'NONE', #786 ) ;
#3073 = DIRECTION ( 'NONE',  ( -0.2144931453881945282, 0.9767254939753946541, 0.000000000000000000 ) ) ;
#3074 = ADVANCED_FACE ( 'NONE', ( #283 ), #538, .T. ) ;
#3075 = DIRECTION ( 'NONE',  ( 0.9767254939753946541, 0.2144931453881948336, 0.000000000000000000 ) ) ;
#3076 = APPLICATION_PROTOCOL_DEFINITION ( 'draft international standard', 'automotive_design', 1998, #2990 ) ;
#3077 = ORIENTED_EDGE ( 'NONE', *, *, #1639, .T. ) ;
#3078 = EDGE_CURVE ( 'NONE', #1866, #1203, #2248, .T. ) ;
#3079 = CARTESIAN_POINT ( 'NONE',  ( 64.74655330069909098, 12.68287962884262221, 8.219999999999993534 ) ) ;
#3081 = EDGE_LOOP ( 'NONE', ( #2884, #1776 ) ) ;
#3080 = DIRECTION ( 'NONE',  ( -0.9767254939753946541, -0.2144931453881949446, 0.000000000000000000 ) ) ;
#3082 = LINE ( 'NONE', #2310, #1564 ) ;
#3083 = FACE_BOUND ( 'NONE', #240, .T. ) ;
#3084 = PLANE ( 'NONE',  #2350 ) ;
#3085 = ORIENTED_EDGE ( 'NONE', *, *, #2164, .T. ) ;
#3086 = DIRECTION ( 'NONE',  ( 0.2144931453881998018, -0.9767254939753936549, 0.000000000000000000 ) ) ;
#3087 = EDGE_LOOP ( 'NONE', ( #2646, #2444, #1560, #1552, #1590, #1490 ) ) ;
#3088 = CIRCLE ( 'NONE', #342, 3.549999999999998934 ) ;
#3089 = CARTESIAN_POINT ( 'NONE',  ( 66.32652982122091601, 6.886874608606713188, 30.99999999999999645 ) ) ;
#3090 = CARTESIAN_POINT ( 'NONE',  ( 64.63930672800501043, 13.17124237583031565, 8.219999999999993534 ) ) ;
#3091 = CIRCLE ( 'NONE', #3037, 1.500000000000000888 ) ;
#3092 = EDGE_LOOP ( 'NONE', ( #2284, #1921, #1964, #1096 ) ) ;
#3093 = EDGE_CURVE ( 'NONE', #2928, #1799, #2231, .T. ) ;
#3094 = CIRCLE ( 'NONE', #1926, 3.499999999999997335 ) ;
#3095 = FACE_OUTER_BOUND ( 'NONE', #1347, .T. ) ;
#3096 = VECTOR ( 'NONE', #1867, 1000.000000000000000 ) ;
#3098 = ORIENTED_EDGE ( 'NONE', *, *, #1605, .T. ) ;
#3097 = CARTESIAN_POINT ( 'NONE',  ( 45.28539007111789516, 7.359699117945410762, -18.05000000000004334 ) ) ;
#3099 = DIRECTION ( 'NONE',  ( -0.000000000000000000, -0.000000000000000000, -1.000000000000000000 ) ) ;
#3100 = ADVANCED_FACE ( 'NONE', ( #1296 ), #2002, .F. ) ;
#3101 = CIRCLE ( 'NONE', #1375, 1.500000000000007772 ) ;
#3102 = FACE_OUTER_BOUND ( 'NONE', #2137, .T. ) ;
#3103 = DIRECTION ( 'NONE',  ( -0.9767254939753946541, -0.2144931453881948336, 0.000000000000000000 ) ) ;
#3104 = ORIENTED_EDGE ( 'NONE', *, *, #562, .T. ) ;
#3105 = DIRECTION ( 'NONE',  ( 0.2144931453881945282, -0.9767254939753946541, -0.000000000000000000 ) ) ;
#3106 = ORIENTED_EDGE ( 'NONE', *, *, #2708, .F. ) ;
#3107 = CARTESIAN_POINT ( 'NONE',  ( 109.0220996375330316, 23.94172488823012657, -137.4435527053877308 ) ) ;
#3108 = DIRECTION ( 'NONE',  ( 0.000000000000000000, 0.000000000000000000, 1.000000000000000000 ) ) ;
#3109 = ORIENTED_EDGE ( 'NONE', *, *, #2900, .T. ) ;
#3110 = PRODUCT_DEFINITION_FORMATION_WITH_SPECIFIED_SOURCE ( 'ANY', '', #1726, .NOT_KNOWN. ) ;
#3111 = CARTESIAN_POINT ( 'NONE',  ( 72.64082952536330140, -28.62632318543546361, 49.00000000000000000 ) ) ;
#3112 = ADVANCED_FACE ( 'NONE', ( #1311 ), #2998, .F. ) ;
#3114 = ORIENTED_EDGE ( 'NONE', *, *, #2319, .T. ) ;
#3113 = DIRECTION ( 'NONE',  ( -0.2144931453881946670, 0.9767254939753948761, 0.000000000000000000 ) ) ;
#3115 = LINE ( 'NONE', #471, #2940 ) ;
#3116 = EDGE_CURVE ( 'NONE', #827, #1312, #825, .T. ) ;
#3117 = CARTESIAN_POINT ( 'NONE',  ( 45.91296699713516460, 2.403967869993447248, 30.99999999999999645 ) ) ;
#3118 = ORIENTED_EDGE ( 'NONE', *, *, #643, .F. ) ;
#3119 = CYLINDRICAL_SURFACE ( 'NONE', #1276, 3.499999999999997335 ) ;
#3120 = ORIENTED_EDGE ( 'NONE', *, *, #2256, .T. ) ;
#3121 = DIRECTION ( 'NONE',  ( -1.000000000000000000, 0.000000000000000000, 0.000000000000000000 ) ) ;
#3122 = DIRECTION ( 'NONE',  ( -0.9767254939753946541, -0.2144931453881949446, 0.000000000000000000 ) ) ;
#3123 = EDGE_LOOP ( 'NONE', ( #390, #539, #3017, #2804 ) ) ;
#3124 = DIRECTION ( 'NONE',  ( 0.2144931453881945560, -0.9767254939753947651, -0.000000000000000000 ) ) ;
#3125 = VERTEX_POINT ( 'NONE', #2330 ) ;
#3126 = DIRECTION ( 'NONE',  ( 1.129565762656107098E-16, 2.480575298273387549E-17, -1.000000000000000000 ) ) ;
#3127 = CARTESIAN_POINT ( 'NONE',  ( 64.74655330069909098, 12.68287962884262221, 8.219999999999993534 ) ) ;
#3128 = ORIENTED_EDGE ( 'NONE', *, *, #330, .T. ) ;
#3129 = EDGE_CURVE ( 'NONE', #994, #1516, #417, .T. ) ;
#3130 = FILL_AREA_STYLE_COLOUR ( '', #1787 ) ;
#3131 = ORIENTED_EDGE ( 'NONE', *, *, #1036, .F. ) ;
#3132 = EDGE_CURVE ( 'NONE', #1195, #1432, #655, .T. ) ;
#3133 = CARTESIAN_POINT ( 'NONE',  ( 76.97380386376870831, 11.78463485823999690, -4.900000000000004796 ) ) ;
#3134 = DIRECTION ( 'NONE',  ( 0.2144931453881945560, -0.9767254939753947651, -0.000000000000000000 ) ) ;
#3135 = EDGE_LOOP ( 'NONE', ( #1035, #1426, #2525, #2824 ) ) ;
#3136 = AXIS2_PLACEMENT_3D ( 'NONE', #2463, #2243, #2222 ) ;
#3137 = CARTESIAN_POINT ( 'NONE',  ( 36.04900566619969737, 2.797372066474425267, 25.09999999999999076 ) ) ;
#3138 = VERTEX_POINT ( 'NONE', #1088 ) ;
#3139 = AXIS2_PLACEMENT_3D ( 'NONE', #1350, #1847, #1826 ) ;
#3140 = CARTESIAN_POINT ( 'NONE',  ( 65.28278616416959323, 10.24106589390413014, 25.99999999999999645 ) ) ;
#3142 = VERTEX_POINT ( 'NONE', #1842 ) ;
#3141 = DIRECTION ( 'NONE',  ( -0.9767254939753947651, -0.2144931453881942507, -1.224646799147352714E-16 ) ) ;
#3143 = CIRCLE ( 'NONE', #601, 2.399999999999997691 ) ;
ENDSEC;
END-ISO-10303-21;
