ISO-10303-21;
HEADER;
FILE_DESCRIPTION (( 'STEP AP214' ),
    '1' );
FILE_NAME ('010_017_Left_right_servo_mount_back.STEP',
    '2024-07-21T08:38:21',
    ( '' ),
    ( '' ),
    'SwSTEP 2.0',
    'SolidWorks 2019',
    '' );
FILE_SCHEMA (( 'AUTOMOTIVE_DESIGN' ));
ENDSEC;

DATA;
#1 = ORIENTED_EDGE ( 'NONE', *, *, #300, .F. ) ;
#2 = CARTESIAN_POINT ( 'NONE',  ( -70.50000000000000000, 18.75000000000000355, 2.899999999999997247 ) ) ;
#3 = CARTESIAN_POINT ( 'NONE',  ( 4.500000000000000000, 9.500000000000003553, 6.000000000000000000 ) ) ;
#4 = CARTESIAN_POINT ( 'NONE',  ( -64.75000000000000000, -4.999999999999995559, 0.000000000000000000 ) ) ;
#5 = DIRECTION ( 'NONE',  ( 0.000000000000000000, -1.000000000000000000, -0.000000000000000000 ) ) ;
#6 = ORIENTED_EDGE ( 'NONE', *, *, #2853, .F. ) ;
#7 = DIRECTION ( 'NONE',  ( 1.000000000000000000, 0.000000000000000000, 0.000000000000000000 ) ) ;
#8 = CARTESIAN_POINT ( 'NONE',  ( -140.4499999999999886, -5.000000000000001776, 6.000000000000000000 ) ) ;
#9 = EDGE_LOOP ( 'NONE', ( #825, #889, #3295, #279, #428, #614, #1655, #891, #3124, #3091, #339, #647 ) ) ;
#10 = DIRECTION ( 'NONE',  ( -1.541976423090487350E-15, -1.000000000000000000, 0.000000000000000000 ) ) ;
#11 = DIRECTION ( 'NONE',  ( 1.000000000000000000, 0.000000000000000000, 0.000000000000000000 ) ) ;
#12 = EDGE_CURVE ( 'NONE', #3131, #1196, #379, .T. ) ;
#13 = DIRECTION ( 'NONE',  ( -1.000000000000000000, -2.162996852838912610E-16, 0.000000000000000000 ) ) ;
#14 = ORIENTED_EDGE ( 'NONE', *, *, #3333, .F. ) ;
#15 = EDGE_CURVE ( 'NONE', #1754, #1919, #735, .T. ) ;
#16 = CYLINDRICAL_SURFACE ( 'NONE', #521, 2.750000000000002665 ) ;
#17 = CARTESIAN_POINT ( 'NONE',  ( -39.54999999999999005, 9.999999999999994671, -56.33562262423501465 ) ) ;
#18 = CARTESIAN_POINT ( 'NONE',  ( -136.4499999999999602, 19.50000000000000355, -18.00000000000000000 ) ) ;
#19 = LINE ( 'NONE', #2625, #1339 ) ;
#20 = ORIENTED_EDGE ( 'NONE', *, *, #112, .T. ) ;
#21 = CARTESIAN_POINT ( 'NONE',  ( -92.44999999999998863, 4.999999999999992006, 6.000000000000000000 ) ) ;
#22 = CARTESIAN_POINT ( 'NONE',  ( -77.99999999999998579, 14.50000000000001954, -18.00000000000000000 ) ) ;
#23 = ORIENTED_EDGE ( 'NONE', *, *, #1456, .T. ) ;
#24 = CYLINDRICAL_SURFACE ( 'NONE', #2279, 2.750000000000002665 ) ;
#25 = CARTESIAN_POINT ( 'NONE',  ( -81.24999999999998579, -4.999999999999995559, 15.19238815542513521 ) ) ;
#26 = VECTOR ( 'NONE', #2082, 1000.000000000000000 ) ;
#27 = AXIS2_PLACEMENT_3D ( 'NONE', #2736, #3302, #962 ) ;
#28 = EDGE_CURVE ( 'NONE', #2756, #477, #2647, .T. ) ;
#29 = CARTESIAN_POINT ( 'NONE',  ( -95.19999999999998863, 4.999999999999992006, 6.000000000000000000 ) ) ;
#30 = SURFACE_STYLE_USAGE ( .BOTH. , #2838 ) ;
#31 = CIRCLE ( 'NONE', #406, 1.750000000000001554 ) ;
#32 = ORIENTED_EDGE ( 'NONE', *, *, #1597, .F. ) ;
#33 = CIRCLE ( 'NONE', #1019, 3.550000000000003819 ) ;
#34 = VECTOR ( 'NONE', #2694, 1000.000000000000000 ) ;
#35 = AXIS2_PLACEMENT_3D ( 'NONE', #2905, #301, #1901 ) ;
#36 = ADVANCED_FACE ( 'NONE', ( #1899 ), #93, .F. ) ;
#37 = CARTESIAN_POINT ( 'NONE',  ( -68.59999999999999432, 4.750000000000014211, -12.99999999999999822 ) ) ;
#38 = CARTESIAN_POINT ( 'NONE',  ( -74.74999999999998579, 14.50000000000001954, -18.00000000000000000 ) ) ;
#39 = AXIS2_PLACEMENT_3D ( 'NONE', #1425, #2826, #896 ) ;
#40 = DIRECTION ( 'NONE',  ( -0.000000000000000000, -1.000000000000000000, -0.000000000000000000 ) ) ;
#41 = EDGE_LOOP ( 'NONE', ( #1318, #1818 ) ) ;
#42 = CIRCLE ( 'NONE', #1572, 2.750000000000009326 ) ;
#43 = DIRECTION ( 'NONE',  ( -1.000000000000000000, 0.000000000000000000, 0.000000000000000000 ) ) ;
#44 = DIRECTION ( 'NONE',  ( -1.000000000000000000, 0.000000000000000000, -0.000000000000000000 ) ) ;
#45 = ORIENTED_EDGE ( 'NONE', *, *, #3016, .T. ) ;
#46 = ORIENTED_EDGE ( 'NONE', *, *, #1538, .T. ) ;
#47 = CARTESIAN_POINT ( 'NONE',  ( -48.54999999999999716, -5.000000000000007994, -2.999999999999999112 ) ) ;
#48 = DIRECTION ( 'NONE',  ( -1.000000000000000000, 0.000000000000000000, 0.000000000000000000 ) ) ;
#49 = CARTESIAN_POINT ( 'NONE',  ( -70.50000000000000000, 4.750000000000014211, -17.24999999999999645 ) ) ;
#50 = ORIENTED_EDGE ( 'NONE', *, *, #1835, .T. ) ;
#51 = CARTESIAN_POINT ( 'NONE',  ( -92.44999999999998863, 4.999999999999992006, -2.999999999999999112 ) ) ;
#52 = DIRECTION ( 'NONE',  ( -0.000000000000000000, -0.000000000000000000, -1.000000000000000000 ) ) ;
#53 = EDGE_CURVE ( 'NONE', #2086, #991, #3300, .T. ) ;
#54 = VERTEX_POINT ( 'NONE', #2690 ) ;
#55 = DIRECTION ( 'NONE',  ( -1.000000000000000000, 0.000000000000000000, 0.000000000000000000 ) ) ;
#56 = CARTESIAN_POINT ( 'NONE',  ( -39.54999999999999005, 9.999999999999989342, -25.99999999999998934 ) ) ;
#57 = EDGE_CURVE ( 'NONE', #1308, #2715, #1006, .T. ) ;
#58 = EDGE_LOOP ( 'NONE', ( #1366, #2428, #766, #337 ) ) ;
#59 = FILL_AREA_STYLE_COLOUR ( '', #1010 ) ;
#60 = DIRECTION ( 'NONE',  ( -1.000000000000000000, 0.000000000000000000, 0.000000000000000000 ) ) ;
#61 = CYLINDRICAL_SURFACE ( 'NONE', #1024, 2.750000000000000000 ) ;
#62 = EDGE_LOOP ( 'NONE', ( #2173, #46 ) ) ;
#63 = FACE_OUTER_BOUND ( 'NONE', #2674, .T. ) ;
#64 = MANIFOLD_SOLID_BREP ( 'Wytnij-wyci¹gniêcie8', #511 ) ;
#65 = EDGE_LOOP ( 'NONE', ( #1669, #468, #2955, #3323 ) ) ;
#66 = CARTESIAN_POINT ( 'NONE',  ( -141.0000000000000000, -10.00000000000000000, -13.25000000000000888 ) ) ;
#67 = CARTESIAN_POINT ( 'NONE',  ( -31.69999999999999218, -1.000000000000000888, -30.99999999999998934 ) ) ;
#68 = ORIENTED_EDGE ( 'NONE', *, *, #2901, .T. ) ;
#69 = CARTESIAN_POINT ( 'NONE',  ( -4.550000000000041567, 7.015992725061782150E-15, -18.00000000000000000 ) ) ;
#70 = ADVANCED_FACE ( 'NONE', ( #895 ), #2677, .T. ) ;
#71 = ORIENTED_EDGE ( 'NONE', *, *, #200, .F. ) ;
#72 = CYLINDRICAL_SURFACE ( 'NONE', #76, 2.750000000000002665 ) ;
#73 = EDGE_CURVE ( 'NONE', #1345, #2311, #330, .T. ) ;
#74 = CARTESIAN_POINT ( 'NONE',  ( -159.6421356237309510, -4.493648605029749103E-14, -25.99999999999998934 ) ) ;
#75 = DIRECTION ( 'NONE',  ( -1.000000000000000000, 0.000000000000000000, 0.000000000000000000 ) ) ;
#76 = AXIS2_PLACEMENT_3D ( 'NONE', #1122, #2251, #461 ) ;
#77 = VERTEX_POINT ( 'NONE', #1387 ) ;
#78 = DIRECTION ( 'NONE',  ( 0.000000000000000000, -1.000000000000000000, 0.000000000000000000 ) ) ;
#79 = EDGE_LOOP ( 'NONE', ( #2317, #2787, #258, #3217 ) ) ;
#80 = AXIS2_PLACEMENT_3D ( 'NONE', #1733, #2239, #3278 ) ;
#81 = CIRCLE ( 'NONE', #2268, 1.900000000000002354 ) ;
#82 = AXIS2_PLACEMENT_3D ( 'NONE', #2075, #3137, #1508 ) ;
#83 = CIRCLE ( 'NONE', #2161, 2.750000000000000000 ) ;
#84 = CYLINDRICAL_SURFACE ( 'NONE', #812, 1.899999999999999023 ) ;
#85 = AXIS2_PLACEMENT_3D ( 'NONE', #1535, #1821, #233 ) ;
#86 = AXIS2_PLACEMENT_3D ( 'NONE', #1589, #3112, #1845 ) ;
#87 = ORIENTED_EDGE ( 'NONE', *, *, #2272, .F. ) ;
#88 = DIRECTION ( 'NONE',  ( -0.000000000000000000, -0.000000000000000000, -1.000000000000000000 ) ) ;
#89 = CARTESIAN_POINT ( 'NONE',  ( 4.500000000000001776, -10.00000000000000178, -18.00000000000000000 ) ) ;
#90 = ADVANCED_FACE ( 'NONE', ( #1615 ), #1376, .F. ) ;
#91 = VECTOR ( 'NONE', #2104, 1000.000000000000000 ) ;
#92 = ORIENTED_EDGE ( 'NONE', *, *, #2127, .T. ) ;
#93 = CYLINDRICAL_SURFACE ( 'NONE', #2041, 2.750000000000009326 ) ;
#94 = LINE ( 'NONE', #2915, #1185 ) ;
#95 = CARTESIAN_POINT ( 'NONE',  ( -137.6999999999999886, 4.999999999999998224, -2.999999999999999112 ) ) ;
#96 = ADVANCED_FACE ( 'NONE', ( #1424 ), #72, .F. ) ;
#97 = ORIENTED_EDGE ( 'NONE', *, *, #1514, .T. ) ;
#98 = DIRECTION ( 'NONE',  ( -1.000000000000000000, -2.162996852838912610E-16, 0.000000000000000000 ) ) ;
#99 = ORIENTED_EDGE ( 'NONE', *, *, #1518, .F. ) ;
#100 = CARTESIAN_POINT ( 'NONE',  ( -141.4500000000000739, -1.688464183283993894E-14, -35.99999999999999289 ) ) ;
#101 = ADVANCED_FACE ( 'NONE', ( #711 ), #969, .T. ) ;
#102 = CARTESIAN_POINT ( 'NONE',  ( -145.5000000000000000, -10.00000000000002309, -35.99999999999999289 ) ) ;
#103 = VERTEX_POINT ( 'NONE', #1258 ) ;
#104 = LINE ( 'NONE', #878, #684 ) ;
#105 = CARTESIAN_POINT ( 'NONE',  ( -96.39999999999999147, 9.999999999999987566, 5.999999999999998224 ) ) ;
#106 = ORIENTED_EDGE ( 'NONE', *, *, #2278, .F. ) ;
#107 = CARTESIAN_POINT ( 'NONE',  ( -77.99999999999998579, 14.50000000000001954, -18.00000000000000000 ) ) ;
#108 = FACE_BOUND ( 'NONE', #2723, .T. ) ;
#109 = FACE_BOUND ( 'NONE', #3187, .T. ) ;
#110 = ORIENTED_EDGE ( 'NONE', *, *, #2401, .T. ) ;
#111 = CARTESIAN_POINT ( 'NONE',  ( -66.25000000000000000, 14.50000000000001954, 0.000000000000000000 ) ) ;
#112 = EDGE_CURVE ( 'NONE', #2288, #3266, #679, .T. ) ;
#113 = VERTEX_POINT ( 'NONE', #1747 ) ;
#114 = CARTESIAN_POINT ( 'NONE',  ( -4.550000000000019362, 19.50000000000000355, -18.00000000000000000 ) ) ;
#115 = CARTESIAN_POINT ( 'NONE',  ( -0.5099999999999823563, -10.00000000000000000, -28.24999999999998224 ) ) ;
#116 = ADVANCED_FACE ( 'NONE', ( #1207 ), #2286, .T. ) ;
#117 = ORIENTED_EDGE ( 'NONE', *, *, #312, .T. ) ;
#118 = ORIENTED_EDGE ( 'NONE', *, *, #2818, .T. ) ;
#119 = PLANE ( 'NONE',  #2382 ) ;
#120 = DIRECTION ( 'NONE',  ( 1.000000000000000000, 0.000000000000000000, 0.000000000000000000 ) ) ;
#121 = EDGE_LOOP ( 'NONE', ( #2208, #2471 ) ) ;
#122 = ORIENTED_EDGE ( 'NONE', *, *, #3179, .T. ) ;
#123 = DIRECTION ( 'NONE',  ( -1.000000000000000000, 0.000000000000000000, -0.000000000000000000 ) ) ;
#124 = DIRECTION ( 'NONE',  ( 0.000000000000000000, 1.000000000000000000, 0.000000000000000000 ) ) ;
#125 = ORIENTED_EDGE ( 'NONE', *, *, #2127, .F. ) ;
#126 = DIRECTION ( 'NONE',  ( 1.000000000000000000, 0.000000000000000000, 0.000000000000000000 ) ) ;
#127 = ORIENTED_EDGE ( 'NONE', *, *, #786, .T. ) ;
#128 = CARTESIAN_POINT ( 'NONE',  ( -70.50000000000000000, 18.75000000000000355, -11.09999999999999964 ) ) ;
#129 = EDGE_CURVE ( 'NONE', #204, #2086, #3328, .T. ) ;
#130 = CARTESIAN_POINT ( 'NONE',  ( -31.69999999999999218, -1.000000000000000888, -30.99999999999998934 ) ) ;
#131 = AXIS2_PLACEMENT_3D ( 'NONE', #3175, #865, #2408 ) ;
#132 = ORIENTED_EDGE ( 'NONE', *, *, #2709, .T. ) ;
#133 = CIRCLE ( 'NONE', #1444, 1.750000000000001554 ) ;
#134 = EDGE_CURVE ( 'NONE', #950, #942, #920, .T. ) ;
#135 = VECTOR ( 'NONE', #723, 1000.000000000000000 ) ;
#136 = AXIS2_PLACEMENT_3D ( 'NONE', #2087, #533, #3078 ) ;
#137 = ORIENTED_EDGE ( 'NONE', *, *, #3316, .F. ) ;
#138 = CARTESIAN_POINT ( 'NONE',  ( -70.50000000000000000, 19.50000000000000355, -13.00000000000000355 ) ) ;
#139 = CIRCLE ( 'NONE', #2051, 2.750000000000000000 ) ;
#140 = DIRECTION ( 'NONE',  ( 0.000000000000000000, 0.000000000000000000, 1.000000000000000000 ) ) ;
#141 = VECTOR ( 'NONE', #1743, 1000.000000000000000 ) ;
#142 = ADVANCED_FACE ( 'NONE', ( #2558 ), #672, .T. ) ;
#143 = ORIENTED_EDGE ( 'NONE', *, *, #1142, .T. ) ;
#144 = AXIS2_PLACEMENT_3D ( 'NONE', #469, #252, #784 ) ;
#145 = VECTOR ( 'NONE', #1225, 1000.000000000000000 ) ;
#146 = LINE ( 'NONE', #1193, #347 ) ;
#147 = LINE ( 'NONE', #1681, #3040 ) ;
#148 = CARTESIAN_POINT ( 'NONE',  ( -63.00000000000000000, -4.999999999999995559, -18.00000000000000000 ) ) ;
#149 = CIRCLE ( 'NONE', #586, 1.750000000000001554 ) ;
#150 = ORIENTED_EDGE ( 'NONE', *, *, #53, .T. ) ;
#151 = LINE ( 'NONE', #3294, #1237 ) ;
#152 = EDGE_LOOP ( 'NONE', ( #2962, #1415, #143, #1946 ) ) ;
#153 = CARTESIAN_POINT ( 'NONE',  ( -145.5000000000000000, 19.50000000000000355, 6.000000000000000000 ) ) ;
#154 = DIRECTION ( 'NONE',  ( -0.000000000000000000, -0.000000000000000000, -1.000000000000000000 ) ) ;
#155 = EDGE_LOOP ( 'NONE', ( #2071, #1528 ) ) ;
#156 = ORIENTED_EDGE ( 'NONE', *, *, #2957, .F. ) ;
#157 = FACE_OUTER_BOUND ( 'NONE', #2195, .T. ) ;
#158 = EDGE_CURVE ( 'NONE', #1653, #3293, #2523, .T. ) ;
#159 = CARTESIAN_POINT ( 'NONE',  ( -143.1999999999999886, -5.000000000000001776, 6.000000000000000000 ) ) ;
#160 = ORIENTED_EDGE ( 'NONE', *, *, #1129, .F. ) ;
#161 = CARTESIAN_POINT ( 'NONE',  ( -81.24999999999998579, 14.50000000000001954, 15.19238815542513521 ) ) ;
#162 = EDGE_CURVE ( 'NONE', #1892, #594, #2023, .T. ) ;
#163 = CARTESIAN_POINT ( 'NONE',  ( -70.50000000000000000, 18.75000000000000355, 0.9999999999999954481 ) ) ;
#164 = ORIENTED_EDGE ( 'NONE', *, *, #2901, .F. ) ;
#165 = CARTESIAN_POINT ( 'NONE',  ( -92.44999999999998863, -5.000000000000007994, -2.999999999999999112 ) ) ;
#166 = ORIENTED_EDGE ( 'NONE', *, *, #134, .T. ) ;
#167 = FACE_BOUND ( 'NONE', #952, .T. ) ;
#168 = CARTESIAN_POINT ( 'NONE',  ( -76.24999999999998579, 14.50000000000001954, -22.94974746830584422 ) ) ;
#169 = VERTEX_POINT ( 'NONE', #3032 ) ;
#170 = ORIENTED_EDGE ( 'NONE', *, *, #194, .T. ) ;
#171 = LINE ( 'NONE', #1980, #2700 ) ;
#172 = DIRECTION ( 'NONE',  ( 0.000000000000000000, 0.000000000000000000, -1.000000000000000000 ) ) ;
#173 = EDGE_CURVE ( 'NONE', #1644, #2225, #1512, .T. ) ;
#174 = ORIENTED_EDGE ( 'NONE', *, *, #3234, .T. ) ;
#175 = DIRECTION ( 'NONE',  ( 0.000000000000000000, 0.000000000000000000, -1.000000000000000000 ) ) ;
#176 = DIRECTION ( 'NONE',  ( -0.000000000000000000, -0.000000000000000000, 1.000000000000000000 ) ) ;
#177 = ADVANCED_FACE ( 'NONE', ( #395 ), #1732, .F. ) ;
#178 = EDGE_LOOP ( 'NONE', ( #3019, #1699 ) ) ;
#179 = LINE ( 'NONE', #2713, #1773 ) ;
#180 = CARTESIAN_POINT ( 'NONE',  ( 4.500000000000001776, -10.00000000000000178, 6.000000000000000000 ) ) ;
#181 = DIRECTION ( 'NONE',  ( -0.000000000000000000, -0.000000000000000000, -1.000000000000000000 ) ) ;
#182 = ORIENTED_EDGE ( 'NONE', *, *, #2015, .T. ) ;
#183 = ORIENTED_EDGE ( 'NONE', *, *, #1471, .T. ) ;
#184 = DIRECTION ( 'NONE',  ( 0.000000000000000000, 1.000000000000000000, 0.000000000000000000 ) ) ;
#185 = LINE ( 'NONE', #1236, #1834 ) ;
#186 = CARTESIAN_POINT ( 'NONE',  ( -61.25000000000000000, -4.999999999999995559, -22.94974746830584422 ) ) ;
#187 = AXIS2_PLACEMENT_3D ( 'NONE', #659, #176, #2219 ) ;
#188 = AXIS2_PLACEMENT_3D ( 'NONE', #654, #944, #1728 ) ;
#189 = ORIENTED_EDGE ( 'NONE', *, *, #790, .T. ) ;
#190 = DIRECTION ( 'NONE',  ( 0.000000000000000000, -0.000000000000000000, 1.000000000000000000 ) ) ;
#191 = VECTOR ( 'NONE', #489, 1000.000000000000000 ) ;
#192 = AXIS2_PLACEMENT_3D ( 'NONE', #372, #2639, #626 ) ;
#193 = PLANE ( 'NONE',  #1229 ) ;
#194 = EDGE_CURVE ( 'NONE', #3110, #832, #3082, .T. ) ;
#195 = VECTOR ( 'NONE', #3192, 1000.000000000000000 ) ;
#196 = ORIENTED_EDGE ( 'NONE', *, *, #2342, .T. ) ;
#197 = DIRECTION ( 'NONE',  ( -0.000000000000000000, -0.000000000000000000, -1.000000000000000000 ) ) ;
#198 = AXIS2_PLACEMENT_3D ( 'NONE', #1525, #644, #882 ) ;
#199 = LINE ( 'NONE', #2257, #857 ) ;
#200 = EDGE_CURVE ( 'NONE', #1135, #1139, #955, .T. ) ;
#201 = VECTOR ( 'NONE', #1052, 1000.000000000000000 ) ;
#202 = DIRECTION ( 'NONE',  ( 0.000000000000000000, 0.000000000000000000, 1.000000000000000000 ) ) ;
#203 = CARTESIAN_POINT ( 'NONE',  ( -70.50000000000000000, 4.750000000000014211, -17.24999999999999645 ) ) ;
#204 = VERTEX_POINT ( 'NONE', #1953 ) ;
#205 = EDGE_CURVE ( 'NONE', #1009, #2109, #146, .T. ) ;
#206 = ORIENTED_EDGE ( 'NONE', *, *, #200, .T. ) ;
#207 = CARTESIAN_POINT ( 'NONE',  ( -89.69999999999998863, -5.000000000000007994, -2.999999999999999112 ) ) ;
#208 = CARTESIAN_POINT ( 'NONE',  ( -4.499999999999998224, -9.499999999999996447, -18.00000000000000000 ) ) ;
#209 = LINE ( 'NONE', #1526, #2545 ) ;
#210 = CARTESIAN_POINT ( 'NONE',  ( -136.4999999999999716, -10.00000000000000178, -18.00000000000000000 ) ) ;
#211 = ORIENTED_EDGE ( 'NONE', *, *, #601, .F. ) ;
#212 = DIRECTION ( 'NONE',  ( 9.130123557772669567E-17, -1.000000000000000000, 0.000000000000000000 ) ) ;
#213 = DIRECTION ( 'NONE',  ( 1.000000000000000000, -9.130123557772669567E-17, 0.000000000000000000 ) ) ;
#214 = EDGE_LOOP ( 'NONE', ( #683, #3190, #1359, #3038 ) ) ;
#215 = DIRECTION ( 'NONE',  ( 1.000000000000000000, 0.000000000000000000, 0.000000000000000000 ) ) ;
#216 = CARTESIAN_POINT ( 'NONE',  ( 4.500000000000005329, -10.00000000000002309, -25.99999999999998934 ) ) ;
#217 = EDGE_CURVE ( 'NONE', #3346, #1009, #2266, .T. ) ;
#218 = CARTESIAN_POINT ( 'NONE',  ( -101.4499999999999886, 19.50000000000000355, -23.00000000000002132 ) ) ;
#219 = DIRECTION ( 'NONE',  ( 1.000000000000000000, -2.162996852838912610E-16, 0.000000000000000000 ) ) ;
#220 = ORIENTED_EDGE ( 'NONE', *, *, #817, .F. ) ;
#221 = ADVANCED_FACE ( 'NONE', ( #934 ), #1969, .F. ) ;
#222 = ORIENTED_EDGE ( 'NONE', *, *, #2360, .F. ) ;
#223 = CARTESIAN_POINT ( 'NONE',  ( -44.54999999999994031, -6.869504964868111918E-14, -18.00000000000000000 ) ) ;
#224 = FACE_BOUND ( 'NONE', #2094, .T. ) ;
#225 = CARTESIAN_POINT ( 'NONE',  ( -3.299999999999994937, 4.999999999999998224, 6.000000000000000000 ) ) ;
#226 = CARTESIAN_POINT ( 'NONE',  ( -140.4499999999999886, 4.999999999999998224, 6.000000000000000000 ) ) ;
#227 = ORIENTED_EDGE ( 'NONE', *, *, #345, .T. ) ;
#228 = CARTESIAN_POINT ( 'NONE',  ( -4.499999999999998224, -10.00000000000000178, 6.000000000000000000 ) ) ;
#229 = CARTESIAN_POINT ( 'NONE',  ( -145.5000000000000000, 9.500000000000003553, 6.000000000000000000 ) ) ;
#230 = ORIENTED_EDGE ( 'NONE', *, *, #2811, .T. ) ;
#231 = DIRECTION ( 'NONE',  ( -1.000000000000000000, 1.541976423090487350E-15, 0.000000000000000000 ) ) ;
#232 = FACE_OUTER_BOUND ( 'NONE', #1457, .T. ) ;
#233 = DIRECTION ( 'NONE',  ( -1.000000000000000000, 0.000000000000000000, 0.000000000000000000 ) ) ;
#234 = EDGE_LOOP ( 'NONE', ( #901, #1175 ) ) ;
#235 = ADVANCED_FACE ( 'NONE', ( #415 ), #1463, .T. ) ;
#236 = ORIENTED_EDGE ( 'NONE', *, *, #2840, .T. ) ;
#237 = DIRECTION ( 'NONE',  ( 0.000000000000000000, 0.000000000000000000, 1.000000000000000000 ) ) ;
#238 = DIRECTION ( 'NONE',  ( -0.000000000000000000, -0.000000000000000000, 1.000000000000000000 ) ) ;
#239 = FACE_OUTER_BOUND ( 'NONE', #1911, .T. ) ;
#240 = FACE_OUTER_BOUND ( 'NONE', #3384, .T. ) ;
#241 = EDGE_CURVE ( 'NONE', #1009, #3346, #1498, .T. ) ;
#242 = STYLED_ITEM ( 'NONE', ( #2144 ), #64 ) ;
#243 = EDGE_LOOP ( 'NONE', ( #364, #2833 ) ) ;
#244 = DIRECTION ( 'NONE',  ( -0.000000000000000000, -1.000000000000000000, -0.000000000000000000 ) ) ;
#245 = CIRCLE ( 'NONE', #352, 3.250000000000002665 ) ;
#246 = CARTESIAN_POINT ( 'NONE',  ( -136.4999999999999716, 9.999999999999996447, 5.999999999999998224 ) ) ;
#247 = AXIS2_PLACEMENT_3D ( 'NONE', #830, #2912, #1656 ) ;
#248 = EDGE_CURVE ( 'NONE', #2944, #1653, #1800, .T. ) ;
#249 = VECTOR ( 'NONE', #3081, 1000.000000000000000 ) ;
#250 = VECTOR ( 'NONE', #1160, 1000.000000000000000 ) ;
#251 = EDGE_LOOP ( 'NONE', ( #1510, #2522, #2388, #1763, #183, #2712 ) ) ;
#252 = DIRECTION ( 'NONE',  ( -0.000000000000000000, 1.000000000000000000, -0.000000000000000000 ) ) ;
#253 = PLANE ( 'NONE',  #691 ) ;
#254 = AXIS2_PLACEMENT_3D ( 'NONE', #1414, #2010, #3039 ) ;
#255 = VECTOR ( 'NONE', #2226, 1000.000000000000000 ) ;
#256 = DIRECTION ( 'NONE',  ( -1.000000000000000000, 0.000000000000000000, 0.000000000000000000 ) ) ;
#257 = VECTOR ( 'NONE', #995, 1000.000000000000000 ) ;
#258 = ORIENTED_EDGE ( 'NONE', *, *, #3343, .T. ) ;
#259 = AXIS2_PLACEMENT_3D ( 'NONE', #1134, #1921, #2683 ) ;
#260 = EDGE_LOOP ( 'NONE', ( #3358, #2518 ) ) ;
#261 = CARTESIAN_POINT ( 'NONE',  ( -70.50000000000000000, 18.75000000000000355, -13.00000000000000355 ) ) ;
#262 = DIRECTION ( 'NONE',  ( -1.000000000000000000, 0.000000000000000000, 0.000000000000000000 ) ) ;
#263 = DIRECTION ( 'NONE',  ( 0.000000000000000000, 0.000000000000000000, -1.000000000000000000 ) ) ;
#264 = DIRECTION ( 'NONE',  ( -0.000000000000000000, 1.000000000000000000, 0.000000000000000000 ) ) ;
#265 = EDGE_LOOP ( 'NONE', ( #1794, #1494, #1470, #3344 ) ) ;
#266 = DIRECTION ( 'NONE',  ( 0.000000000000000000, 1.000000000000000000, 0.000000000000000000 ) ) ;
#267 = ADVANCED_FACE ( 'NONE', ( #3139 ), #1596, .F. ) ;
#268 = DIRECTION ( 'NONE',  ( -1.583823967423713825E-32, 1.734723475976807341E-16, -1.000000000000000000 ) ) ;
#269 = ORIENTED_EDGE ( 'NONE', *, *, #817, .T. ) ;
#270 = EDGE_CURVE ( 'NONE', #668, #1206, #797, .T. ) ;
#271 = DIRECTION ( 'NONE',  ( 1.000000000000000000, -2.282530889443168008E-16, 0.000000000000000000 ) ) ;
#272 = CYLINDRICAL_SURFACE ( 'NONE', #2112, 2.750000000000002665 ) ;
#273 = CYLINDRICAL_SURFACE ( 'NONE', #575, 1.750000000000001554 ) ;
#274 = ORIENTED_EDGE ( 'NONE', *, *, #2065, .F. ) ;
#275 = LINE ( 'NONE', #493, #1450 ) ;
#276 = DIRECTION ( 'NONE',  ( 0.000000000000000000, 0.000000000000000000, 1.000000000000000000 ) ) ;
#277 = CARTESIAN_POINT ( 'NONE',  ( 2.200000000000005063, 4.999999999999998224, -2.999999999999999112 ) ) ;
#278 = DIRECTION ( 'NONE',  ( 1.000000000000000000, 0.000000000000000000, 0.000000000000000000 ) ) ;
#279 = ORIENTED_EDGE ( 'NONE', *, *, #3085, .F. ) ;
#280 = DIRECTION ( 'NONE',  ( -4.704334850106594808E-16, -1.000000000000000000, 0.000000000000000000 ) ) ;
#281 = PLANE ( 'NONE',  #1282 ) ;
#282 = ADVANCED_FACE ( 'NONE', ( #2077 ), #1291, .F. ) ;
#283 = VERTEX_POINT ( 'NONE', #2642 ) ;
#284 = CARTESIAN_POINT ( 'NONE',  ( -137.6999999999999886, 4.999999999999998224, 6.000000000000000000 ) ) ;
#285 = CARTESIAN_POINT ( 'NONE',  ( -51.29999999999999716, 4.999999999999992006, -2.999999999999999112 ) ) ;
#286 = EDGE_CURVE ( 'NONE', #3168, #2899, #133, .T. ) ;
#287 = CARTESIAN_POINT ( 'NONE',  ( -140.4900000000000091, -1.000000000000000888, -30.99999999999999289 ) ) ;
#288 = PRODUCT_CONTEXT ( 'NONE', #449, 'mechanical' ) ;
#289 = ORIENTED_EDGE ( 'NONE', *, *, #1703, .F. ) ;
#290 = LINE ( 'NONE', #2843, #1240 ) ;
#291 = LINE ( 'NONE', #277, #250 ) ;
#292 = CARTESIAN_POINT ( 'NONE',  ( -140.4900000000000091, -1.000000000000000888, -28.24999999999998224 ) ) ;
#293 = VERTEX_POINT ( 'NONE', #747 ) ;
#294 = DIRECTION ( 'NONE',  ( 0.000000000000000000, -0.000000000000000000, -1.000000000000000000 ) ) ;
#295 = ORIENTED_EDGE ( 'NONE', *, *, #1617, .T. ) ;
#296 = ORIENTED_EDGE ( 'NONE', *, *, #1855, .T. ) ;
#297 = CARTESIAN_POINT ( 'NONE',  ( -96.45000000000001705, 19.50000000000000355, -18.00000000000000000 ) ) ;
#298 = VECTOR ( 'NONE', #268, 1000.000000000000000 ) ;
#299 = VECTOR ( 'NONE', #2950, 1000.000000000000000 ) ;
#300 = EDGE_CURVE ( 'NONE', #3017, #2321, #2848, .T. ) ;
#301 = DIRECTION ( 'NONE',  ( 0.000000000000000000, -0.000000000000000000, -1.000000000000000000 ) ) ;
#302 = AXIS2_PLACEMENT_3D ( 'NONE', #997, #5, #2805 ) ;
#303 = AXIS2_PLACEMENT_3D ( 'NONE', #2338, #2318, #819 ) ;
#304 = LINE ( 'NONE', #1144, #34 ) ;
#305 = EDGE_CURVE ( 'NONE', #789, #2091, #1021, .T. ) ;
#306 = VECTOR ( 'NONE', #1114, 1000.000000000000000 ) ;
#307 = ORIENTED_EDGE ( 'NONE', *, *, #3150, .T. ) ;
#308 = AXIS2_PLACEMENT_3D ( 'NONE', #2861, #2804, #263 ) ;
#309 = VECTOR ( 'NONE', #835, 1000.000000000000000 ) ;
#310 = CIRCLE ( 'NONE', #86, 2.750000000000002665 ) ;
#311 = DIRECTION ( 'NONE',  ( -0.000000000000000000, -1.000000000000000000, -0.000000000000000000 ) ) ;
#312 = EDGE_CURVE ( 'NONE', #2705, #1472, #1529, .T. ) ;
#313 = DIRECTION ( 'NONE',  ( 1.000000000000000000, 0.000000000000000000, 0.000000000000000000 ) ) ;
#314 = ORIENTED_EDGE ( 'NONE', *, *, #704, .F. ) ;
#315 = PLANE ( 'NONE',  #459 ) ;
#316 = ORIENTED_EDGE ( 'NONE', *, *, #2039, .F. ) ;
#317 = ORIENTED_EDGE ( 'NONE', *, *, #2626, .T. ) ;
#318 = PLANE ( 'NONE',  #2334 ) ;
#319 = DIRECTION ( 'NONE',  ( 1.000000000000000000, -1.541976423090487745E-15, 0.000000000000000000 ) ) ;
#320 = ORIENTED_EDGE ( 'NONE', *, *, #1157, .F. ) ;
#321 = DIRECTION ( 'NONE',  ( 0.000000000000000000, 0.000000000000000000, -1.000000000000000000 ) ) ;
#322 = ORIENTED_EDGE ( 'NONE', *, *, #2790, .T. ) ;
#323 = EDGE_CURVE ( 'NONE', #594, #2627, #2046, .T. ) ;
#324 = LINE ( 'NONE', #2717, #2769 ) ;
#325 = CARTESIAN_POINT ( 'NONE',  ( -31.69999999999999218, -10.00000000000000000, -28.24999999999997868 ) ) ;
#326 = ADVANCED_FACE ( 'NONE', ( #3084 ), #2864, .F. ) ;
#327 = VERTEX_POINT ( 'NONE', #228 ) ;
#328 = CYLINDRICAL_SURFACE ( 'NONE', #247, 2.750000000000005773 ) ;
#329 = ORIENTED_EDGE ( 'NONE', *, *, #998, .F. ) ;
#330 = LINE ( 'NONE', #642, #299 ) ;
#331 = DIRECTION ( 'NONE',  ( 0.000000000000000000, 0.000000000000000000, 1.000000000000000000 ) ) ;
#332 = CARTESIAN_POINT ( 'NONE',  ( -70.50000000000000000, 18.75000000000000355, 4.549999999999998934 ) ) ;
#333 = EDGE_LOOP ( 'NONE', ( #2133, #1223, #2839, #2814 ) ) ;
#334 = CARTESIAN_POINT ( 'NONE',  ( -0.5099999999999826894, -1.000000000000000888, -33.75000000000000000 ) ) ;
#335 = ORIENTED_EDGE ( 'NONE', *, *, #1678, .F. ) ;
#336 = DIRECTION ( 'NONE',  ( 1.000000000000000000, 0.000000000000000000, 0.000000000000000000 ) ) ;
#337 = ORIENTED_EDGE ( 'NONE', *, *, #1161, .T. ) ;
#338 = EDGE_CURVE ( 'NONE', #668, #283, #2218, .T. ) ;
#339 = ORIENTED_EDGE ( 'NONE', *, *, #2295, .T. ) ;
#340 = DIRECTION ( 'NONE',  ( 0.000000000000000000, -1.000000000000000000, 0.000000000000000000 ) ) ;
#341 = EDGE_CURVE ( 'NONE', #925, #3293, #1309, .T. ) ;
#342 = VERTEX_POINT ( 'NONE', #1837 ) ;
#343 = ORIENTED_EDGE ( 'NONE', *, *, #3092, .F. ) ;
#344 = FACE_OUTER_BOUND ( 'NONE', #333, .T. ) ;
#345 = EDGE_CURVE ( 'NONE', #2061, #1754, #2887, .T. ) ;
#346 = DIRECTION ( 'NONE',  ( 0.000000000000000000, 0.000000000000000000, -1.000000000000000000 ) ) ;
#347 = VECTOR ( 'NONE', #2236, 1000.000000000000000 ) ;
#348 = ORIENTED_EDGE ( 'NONE', *, *, #217, .F. ) ;
#349 = DIRECTION ( 'NONE',  ( 2.282530889443167515E-16, -1.000000000000000000, 0.000000000000000000 ) ) ;
#350 = ORIENTED_EDGE ( 'NONE', *, *, #1514, .F. ) ;
#351 = DIRECTION ( 'NONE',  ( 1.000000000000000000, 0.000000000000000000, 0.000000000000000000 ) ) ;
#352 = AXIS2_PLACEMENT_3D ( 'NONE', #148, #416, #2795 ) ;
#353 = AXIS2_PLACEMENT_3D ( 'NONE', #376, #2686, #2975 ) ;
#354 = VECTOR ( 'NONE', #545, 1000.000000000000000 ) ;
#355 = CIRCLE ( 'NONE', #192, 2.750000000000009326 ) ;
#356 = DIRECTION ( 'NONE',  ( 0.000000000000000000, 0.000000000000000000, 1.000000000000000000 ) ) ;
#357 = ORIENTED_EDGE ( 'NONE', *, *, #194, .F. ) ;
#358 = AXIS2_PLACEMENT_3D ( 'NONE', #1224, #924, #2782 ) ;
#359 = VECTOR ( 'NONE', #433, 1000.000000000000000 ) ;
#360 = ORIENTED_EDGE ( 'NONE', *, *, #786, .F. ) ;
#361 = CARTESIAN_POINT ( 'NONE',  ( -63.00000000000000000, -4.999999999999995559, 15.19238815542513521 ) ) ;
#362 = VECTOR ( 'NONE', #874, 1000.000000000000000 ) ;
#363 = EDGE_CURVE ( 'NONE', #870, #2311, #1013, .T. ) ;
#364 = ORIENTED_EDGE ( 'NONE', *, *, #472, .T. ) ;
#365 = DIRECTION ( 'NONE',  ( -0.000000000000000000, -1.000000000000000000, -0.000000000000000000 ) ) ;
#366 = CYLINDRICAL_SURFACE ( 'NONE', #39, 2.750000000000005773 ) ;
#367 = CARTESIAN_POINT ( 'NONE',  ( -51.29999999999999716, 4.999999999999992006, 6.000000000000000000 ) ) ;
#368 = EDGE_CURVE ( 'NONE', #1404, #1011, #539, .T. ) ;
#369 = ORIENTED_EDGE ( 'NONE', *, *, #1958, .T. ) ;
#370 = DIRECTION ( 'NONE',  ( 3.558407130208838201E-16, -1.000000000000000000, 0.000000000000000000 ) ) ;
#371 = ORIENTED_EDGE ( 'NONE', *, *, #1315, .T. ) ;
#372 = CARTESIAN_POINT ( 'NONE',  ( -0.5099999999999826894, -10.00000000000000000, -30.99999999999999289 ) ) ;
#373 = DIRECTION ( 'NONE',  ( 1.000000000000000000, -9.130123557772669567E-17, 0.000000000000000000 ) ) ;
#374 = ORIENTED_EDGE ( 'NONE', *, *, #660, .F. ) ;
#375 = ORIENTED_EDGE ( 'NONE', *, *, #992, .T. ) ;
#376 = CARTESIAN_POINT ( 'NONE',  ( -70.50000000000000000, 14.50000000000000178, 0.9999999999999954481 ) ) ;
#377 = DIRECTION ( 'NONE',  ( 0.000000000000000000, 0.000000000000000000, -1.000000000000000000 ) ) ;
#378 = VERTEX_POINT ( 'NONE', #499 ) ;
#379 = LINE ( 'NONE', #1363, #2917 ) ;
#380 = FACE_BOUND ( 'NONE', #1234, .T. ) ;
#381 = CARTESIAN_POINT ( 'NONE',  ( -70.50000000000000000, 14.50000000000000178, -11.09999999999999964 ) ) ;
#382 = EDGE_CURVE ( 'NONE', #1435, #1634, #2597, .T. ) ;
#383 = VERTEX_POINT ( 'NONE', #2129 ) ;
#384 = DIRECTION ( 'NONE',  ( -0.000000000000000000, -0.000000000000000000, 1.000000000000000000 ) ) ;
#385 = ORIENTED_EDGE ( 'NONE', *, *, #28, .F. ) ;
#386 = PLANE ( 'NONE',  #630 ) ;
#387 = ADVANCED_FACE ( 'NONE', ( #2434 ), #328, .F. ) ;
#388 = CARTESIAN_POINT ( 'NONE',  ( -70.50000000000000000, 18.75000000000000355, -16.55000000000000426 ) ) ;
#389 = ORIENTED_EDGE ( 'NONE', *, *, #909, .T. ) ;
#390 = ADVANCED_FACE ( 'NONE', ( #1630 ), #2141, .F. ) ;
#391 = ORIENTED_EDGE ( 'NONE', *, *, #932, .F. ) ;
#392 = CARTESIAN_POINT ( 'NONE',  ( -63.00000000000000000, 14.50000000000001954, 0.000000000000000000 ) ) ;
#393 = DIRECTION ( 'NONE',  ( -1.000000000000000000, 0.000000000000000000, -0.000000000000000000 ) ) ;
#394 = ORIENTED_EDGE ( 'NONE', *, *, #2483, .F. ) ;
#395 = FACE_OUTER_BOUND ( 'NONE', #2801, .T. ) ;
#396 = FACE_BOUND ( 'NONE', #2856, .T. ) ;
#397 = CARTESIAN_POINT ( 'NONE',  ( 0.000000000000000000, 0.000000000000000000, 0.000000000000000000 ) ) ;
#398 = ORIENTED_EDGE ( 'NONE', *, *, #1604, .T. ) ;
#399 = FACE_OUTER_BOUND ( 'NONE', #3182, .T. ) ;
#400 = ORIENTED_EDGE ( 'NONE', *, *, #2162, .F. ) ;
#401 = LINE ( 'NONE', #974, #359 ) ;
#402 = EDGE_CURVE ( 'NONE', #840, #602, #2102, .T. ) ;
#403 = DIRECTION ( 'NONE',  ( -0.000000000000000000, -0.000000000000000000, -1.000000000000000000 ) ) ;
#404 = VECTOR ( 'NONE', #604, 1000.000000000000000 ) ;
#405 = ORIENTED_EDGE ( 'NONE', *, *, #1385, .T. ) ;
#406 = AXIS2_PLACEMENT_3D ( 'NONE', #1090, #862, #278 ) ;
#407 = EDGE_CURVE ( 'NONE', #1198, #2001, #2813, .T. ) ;
#408 = ORIENTED_EDGE ( 'NONE', *, *, #2233, .F. ) ;
#409 = PLANE ( 'NONE',  #3306 ) ;
#410 = AXIS2_PLACEMENT_3D ( 'NONE', #624, #2635, #2200 ) ;
#411 = CARTESIAN_POINT ( 'NONE',  ( -96.40000000000000568, -20.31665382639196693, 5.999999999999998224 ) ) ;
#412 = VECTOR ( 'NONE', #557, 1000.000000000000000 ) ;
#413 = ORIENTED_EDGE ( 'NONE', *, *, #1812, .T. ) ;
#414 = AXIS2_PLACEMENT_3D ( 'NONE', #1788, #3111, #2851 ) ;
#415 = FACE_OUTER_BOUND ( 'NONE', #2847, .T. ) ;
#416 = DIRECTION ( 'NONE',  ( 0.000000000000000000, 0.000000000000000000, -1.000000000000000000 ) ) ;
#417 = VERTEX_POINT ( 'NONE', #2420 ) ;
#418 = DIRECTION ( 'NONE',  ( 0.000000000000000000, 0.000000000000000000, -1.000000000000000000 ) ) ;
#419 = ORIENTED_EDGE ( 'NONE', *, *, #217, .T. ) ;
#420 = LINE ( 'NONE', #730, #966 ) ;
#421 = LINE ( 'NONE', #2480, #3043 ) ;
#422 = EDGE_LOOP ( 'NONE', ( #2461, #2785 ) ) ;
#423 = ADVANCED_FACE ( 'NONE', ( #1360 ), #1642, .T. ) ;
#424 = ORIENTED_EDGE ( 'NONE', *, *, #3360, .F. ) ;
#425 = CARTESIAN_POINT ( 'NONE',  ( -89.69999999999998863, -5.000000000000007994, -2.999999999999999112 ) ) ;
#426 = LINE ( 'NONE', #2721, #1018 ) ;
#427 = EDGE_CURVE ( 'NONE', #293, #327, #104, .T. ) ;
#428 = ORIENTED_EDGE ( 'NONE', *, *, #1042, .F. ) ;
#429 = DIRECTION ( 'NONE',  ( 0.000000000000000000, 0.000000000000000000, 1.000000000000000000 ) ) ;
#430 = CARTESIAN_POINT ( 'NONE',  ( -74.74999999999998579, 14.50000000000001954, 0.000000000000000000 ) ) ;
#431 = EDGE_LOOP ( 'NONE', ( #1896, #2530, #1675, #2953 ) ) ;
#432 = FACE_OUTER_BOUND ( 'NONE', #3194, .T. ) ;
#433 = DIRECTION ( 'NONE',  ( -2.282530889443168501E-16, 1.000000000000000000, -0.000000000000000000 ) ) ;
#434 = DIRECTION ( 'NONE',  ( 0.000000000000000000, -1.000000000000000000, 0.000000000000000000 ) ) ;
#435 = EDGE_LOOP ( 'NONE', ( #838, #1043, #227, #2560 ) ) ;
#436 = EDGE_LOOP ( 'NONE', ( #289, #2413, #2589, #547, #1215, #3365, #394, #106, #1034, #3053 ) ) ;
#437 = CARTESIAN_POINT ( 'NONE',  ( -140.4900000000000091, -10.00000000000000000, -28.24999999999998224 ) ) ;
#438 = EDGE_CURVE ( 'NONE', #579, #1434, #2655, .T. ) ;
#439 = CARTESIAN_POINT ( 'NONE',  ( -89.69999999999998863, 4.999999999999992006, 6.000000000000000000 ) ) ;
#440 = DIRECTION ( 'NONE',  ( -1.000000000000000000, 2.282530889443168008E-16, 0.000000000000000000 ) ) ;
#441 = ORIENTED_EDGE ( 'NONE', *, *, #1489, .F. ) ;
#442 = CARTESIAN_POINT ( 'NONE',  ( -109.2999999999999972, -1.000000000000000888, -28.24999999999997868 ) ) ;
#443 = EDGE_CURVE ( 'NONE', #3071, #950, #2454, .T. ) ;
#444 = CARTESIAN_POINT ( 'NONE',  ( -77.99999999999998579, -4.999999999999995559, 15.19238815542513521 ) ) ;
#445 = ORIENTED_EDGE ( 'NONE', *, *, #1091, .T. ) ;
#446 = ADVANCED_FACE ( 'NONE', ( #3173 ), #315, .T. ) ;
#447 = FACE_OUTER_BOUND ( 'NONE', #1055, .T. ) ;
#448 = DIRECTION ( 'NONE',  ( -0.000000000000000000, -0.000000000000000000, 1.000000000000000000 ) ) ;
#449 = APPLICATION_CONTEXT ( 'automotive_design' ) ;
#450 = DIRECTION ( 'NONE',  ( -0.000000000000000000, 1.000000000000000000, -0.000000000000000000 ) ) ;
#451 = VERTEX_POINT ( 'NONE', #843 ) ;
#452 = ORIENTED_EDGE ( 'NONE', *, *, #1812, .F. ) ;
#453 = AXIS2_PLACEMENT_3D ( 'NONE', #3291, #2984, #1479 ) ;
#454 = FACE_OUTER_BOUND ( 'NONE', #2735, .T. ) ;
#455 = FACE_BOUND ( 'NONE', #961, .T. ) ;
#456 = CARTESIAN_POINT ( 'NONE',  ( -81.24999999999998579, -4.999999999999995559, -18.00000000000000000 ) ) ;
#457 = FACE_OUTER_BOUND ( 'NONE', #746, .T. ) ;
#458 = VECTOR ( 'NONE', #3145, 1000.000000000000000 ) ;
#459 = AXIS2_PLACEMENT_3D ( 'NONE', #2407, #2947, #603 ) ;
#460 = ORIENTED_EDGE ( 'NONE', *, *, #1584, .F. ) ;
#461 = DIRECTION ( 'NONE',  ( -1.000000000000000000, 0.000000000000000000, 0.000000000000000000 ) ) ;
#462 = VECTOR ( 'NONE', #596, 1000.000000000000000 ) ;
#463 = VECTOR ( 'NONE', #1651, 1000.000000000000000 ) ;
#464 = CARTESIAN_POINT ( 'NONE',  ( -131.4499999999999886, 14.50000000000000888, -56.33562262423501465 ) ) ;
#465 = ADVANCED_FACE ( 'NONE', ( #1676 ), #2179, .F. ) ;
#466 = VECTOR ( 'NONE', #1481, 1000.000000000000000 ) ;
#467 = CIRCLE ( 'NONE', #2391, 1.750000000000001554 ) ;
#468 = ORIENTED_EDGE ( 'NONE', *, *, #2609, .F. ) ;
#469 = CARTESIAN_POINT ( 'NONE',  ( -70.50000000000000000, 14.50000000000000178, 0.9999999999999954481 ) ) ;
#470 = AXIS2_PLACEMENT_3D ( 'NONE', #1861, #276, #1268 ) ;
#471 = CARTESIAN_POINT ( 'NONE',  ( -89.69999999999998863, 4.999999999999992006, -2.999999999999999112 ) ) ;
#472 = EDGE_CURVE ( 'NONE', #283, #668, #81, .T. ) ;
#473 = AXIS2_PLACEMENT_3D ( 'NONE', #1908, #2466, #2204 ) ;
#474 = CARTESIAN_POINT ( 'NONE',  ( -31.69999999999999218, -1.000000000000000888, -33.74999999999999289 ) ) ;
#475 =( LENGTH_UNIT ( ) NAMED_UNIT ( * ) SI_UNIT ( .MILLI., .METRE. ) );
#476 = ORIENTED_EDGE ( 'NONE', *, *, #2069, .F. ) ;
#477 = VERTEX_POINT ( 'NONE', #1150 ) ;
#478 = CARTESIAN_POINT ( 'NONE',  ( -92.44999999999998863, -5.000000000000007994, -2.999999999999999112 ) ) ;
#479 = CARTESIAN_POINT ( 'NONE',  ( -77.99999999999998579, 14.50000000000001954, -22.94974746830584422 ) ) ;
#480 = DIRECTION ( 'NONE',  ( 0.000000000000000000, 0.000000000000000000, 1.000000000000000000 ) ) ;
#481 = FACE_OUTER_BOUND ( 'NONE', #2503, .T. ) ;
#482 = EDGE_LOOP ( 'NONE', ( #877, #2099, #2170, #160 ) ) ;
#483 = DIRECTION ( 'NONE',  ( -1.000000000000000000, 0.000000000000000000, 0.000000000000000000 ) ) ;
#484 = FACE_OUTER_BOUND ( 'NONE', #2285, .T. ) ;
#485 = ORIENTED_EDGE ( 'NONE', *, *, #1246, .T. ) ;
#486 = CYLINDRICAL_SURFACE ( 'NONE', #750, 3.549999999999997602 ) ;
#487 = ADVANCED_FACE ( 'NONE', ( #1879 ), #2193, .F. ) ;
#488 = CARTESIAN_POINT ( 'NONE',  ( -141.6569063257453251, -0.2069063257452569138, -25.99999999999998934 ) ) ;
#489 = DIRECTION ( 'NONE',  ( -0.000000000000000000, 1.000000000000000000, -0.000000000000000000 ) ) ;
#490 = EDGE_CURVE ( 'NONE', #1898, #3071, #2389, .T. ) ;
#491 = ORIENTED_EDGE ( 'NONE', *, *, #752, .T. ) ;
#492 = ORIENTED_EDGE ( 'NONE', *, *, #1374, .F. ) ;
#493 = CARTESIAN_POINT ( 'NONE',  ( -124.7000000000002160, 9.999999999999994671, -29.74999999999986144 ) ) ;
#494 = DIRECTION ( 'NONE',  ( 1.000000000000000000, 0.000000000000000000, 0.000000000000000000 ) ) ;
#495 = EDGE_CURVE ( 'NONE', #2627, #594, #2432, .T. ) ;
#496 = FACE_OUTER_BOUND ( 'NONE', #1216, .T. ) ;
#497 = PLANE ( 'NONE',  #302 ) ;
#498 = EDGE_LOOP ( 'NONE', ( #2807, #853, #2778, #560 ) ) ;
#499 = CARTESIAN_POINT ( 'NONE',  ( -39.54999999999999005, 9.999999999999989342, -25.99999999999998934 ) ) ;
#500 = DIRECTION ( 'NONE',  ( -9.130123557772669567E-17, -1.000000000000000000, 0.000000000000000000 ) ) ;
#501 = ORIENTED_EDGE ( 'NONE', *, *, #338, .F. ) ;
#502 = CARTESIAN_POINT ( 'NONE',  ( -88.94999999999998863, 9.999999999999985789, 5.999999999999998224 ) ) ;
#503 = CARTESIAN_POINT ( 'NONE',  ( -77.99999999999998579, -4.999999999999995559, 0.000000000000000000 ) ) ;
#504 = DIRECTION ( 'NONE',  ( -1.000000000000000000, 0.000000000000000000, 0.000000000000000000 ) ) ;
#505 = DIRECTION ( 'NONE',  ( 1.541976423090487745E-15, -1.000000000000000000, 0.000000000000000000 ) ) ;
#506 = ORIENTED_EDGE ( 'NONE', *, *, #2748, .T. ) ;
#507 = EDGE_CURVE ( 'NONE', #2509, #2986, #2870, .T. ) ;
#508 = ORIENTED_EDGE ( 'NONE', *, *, #1825, .T. ) ;
#509 = DIRECTION ( 'NONE',  ( 1.541976423090487350E-15, -1.000000000000000000, 0.000000000000000000 ) ) ;
#510 = CARTESIAN_POINT ( 'NONE',  ( -39.54999999999999716, 19.50000000000000355, -35.99999999999999289 ) ) ;
#511 = CLOSED_SHELL ( 'NONE', ( #3157, #2669, #387, #1698, #757, #1355, #326, #267, #221, #1662, #1063, #2630, #1522, #3280, #465, #617, #2857, #2377, #820, #2562, #96, #1587, #2806, #90, #282, #2539, #1307, #2666, #2614, #1601, #1350, #2889, #2310, #177, #2940, #2732, #2373, #2405, #2100, #1226, #1429, #643, #1293, #101, #1971, #70, #936, #811, #2479, #2424, #2238, #554, #2673, #2794, #1560, #1740, #235, #1208, #1067, #1371, #2267, #2744, #1640, #3135, #726, #1976, #1204, #1250, #1164, #487, #540, #1922, #3321, #1478, #665, #2191, #598, #3258, #1552, #2983, #2703, #2187, #637, #574, #1657, #2081, #1534, #2421, #116, #2786, #2035, #2684, #446, #1745, #3387, #3193, #954, #1412, #1893, #2722, #1761, #551, #36, #775, #1022, #595, #2768, #142, #2437, #1910, #2836, #423, #3292, #1626, #1706, #390 ) ) ;
#512 = CARTESIAN_POINT ( 'NONE',  ( 0.000000000000000000, -1.000000000000000888, -10.49999999999999822 ) ) ;
#513 = PLANE ( 'NONE',  #1075 ) ;
#514 = EDGE_CURVE ( 'NONE', #2022, #103, #1391, .T. ) ;
#515 = AXIS2_PLACEMENT_3D ( 'NONE', #1439, #3014, #1241 ) ;
#516 = ORIENTED_EDGE ( 'NONE', *, *, #2773, .T. ) ;
#517 = CARTESIAN_POINT ( 'NONE',  ( -140.4900000000000091, -1.000000000000000888, -30.99999999999999289 ) ) ;
#518 = FACE_OUTER_BOUND ( 'NONE', #2481, .T. ) ;
#519 = VECTOR ( 'NONE', #2158, 1000.000000000000000 ) ;
#520 = AXIS2_PLACEMENT_3D ( 'NONE', #2846, #1488, #1779 ) ;
#521 = AXIS2_PLACEMENT_3D ( 'NONE', #478, #1267, #1303 ) ;
#522 = ORIENTED_EDGE ( 'NONE', *, *, #305, .T. ) ;
#523 = FACE_OUTER_BOUND ( 'NONE', #2850, .T. ) ;
#524 = CARTESIAN_POINT ( 'NONE',  ( -48.54999999999999716, 4.999999999999992006, -2.999999999999999112 ) ) ;
#525 = AXIS2_PLACEMENT_3D ( 'NONE', #2171, #1918, #3216 ) ;
#526 = CIRCLE ( 'NONE', #3204, 2.750000000000002665 ) ;
#527 = DIRECTION ( 'NONE',  ( 0.000000000000000000, -0.000000000000000000, -1.000000000000000000 ) ) ;
#528 = CIRCLE ( 'NONE', #2224, 3.549999999999997602 ) ;
#529 = CARTESIAN_POINT ( 'NONE',  ( -159.6421356237309510, -4.493648605029749103E-14, -35.99999999999999289 ) ) ;
#530 = EDGE_LOOP ( 'NONE', ( #99, #2567 ) ) ;
#531 = AXIS2_PLACEMENT_3D ( 'NONE', #584, #356, #336 ) ;
#532 = VERTEX_POINT ( 'NONE', #3271 ) ;
#533 = DIRECTION ( 'NONE',  ( -0.000000000000000000, 0.000000000000000000, 1.000000000000000000 ) ) ;
#534 = LINE ( 'NONE', #17, #2393 ) ;
#535 = DIRECTION ( 'NONE',  ( -0.000000000000000000, -1.000000000000000000, -0.000000000000000000 ) ) ;
#536 = EDGE_CURVE ( 'NONE', #1553, #3006, #171, .T. ) ;
#537 = CARTESIAN_POINT ( 'NONE',  ( -131.4499999999999886, -10.00000000000000178, -35.99999999999999289 ) ) ;
#538 = ORIENTED_EDGE ( 'NONE', *, *, #831, .T. ) ;
#539 = LINE ( 'NONE', #1583, #1608 ) ;
#540 = ADVANCED_FACE ( 'NONE', ( #2485 ), #2469, .F. ) ;
#541 = CARTESIAN_POINT ( 'NONE',  ( -70.50000000000000000, 18.75000000000000355, 4.549999999999998934 ) ) ;
#542 = VERTEX_POINT ( 'NONE', #2532 ) ;
#543 = CARTESIAN_POINT ( 'NONE',  ( -51.29999999999999716, 4.999999999999992006, -2.999999999999999112 ) ) ;
#544 = CARTESIAN_POINT ( 'NONE',  ( -140.4499999999999886, 4.999999999999998224, -2.999999999999999112 ) ) ;
#545 = DIRECTION ( 'NONE',  ( 0.000000000000000000, 0.000000000000000000, -1.000000000000000000 ) ) ;
#546 = DIRECTION ( 'NONE',  ( 1.000000000000000000, 0.000000000000000000, 0.000000000000000000 ) ) ;
#547 = ORIENTED_EDGE ( 'NONE', *, *, #2417, .F. ) ;
#548 = DIRECTION ( 'NONE',  ( -0.000000000000000000, -0.000000000000000000, 1.000000000000000000 ) ) ;
#549 = FACE_OUTER_BOUND ( 'NONE', #1775, .T. ) ;
#550 = PLANE ( 'NONE',  #960 ) ;
#551 = ADVANCED_FACE ( 'NONE', ( #1217 ), #409, .T. ) ;
#552 = ORIENTED_EDGE ( 'NONE', *, *, #312, .F. ) ;
#553 = DIRECTION ( 'NONE',  ( 1.000000000000000000, 0.000000000000000000, 0.000000000000000000 ) ) ;
#554 = ADVANCED_FACE ( 'NONE', ( #1235 ), #1203, .F. ) ;
#555 = ORIENTED_EDGE ( 'NONE', *, *, #2060, .F. ) ;
#556 = CARTESIAN_POINT ( 'NONE',  ( -145.5000000000000000, -10.00000000000000178, -18.00000000000000000 ) ) ;
#557 = DIRECTION ( 'NONE',  ( -1.000000000000000000, 0.000000000000000000, 0.000000000000000000 ) ) ;
#558 = EDGE_CURVE ( 'NONE', #1634, #1435, #1661, .T. ) ;
#559 = CARTESIAN_POINT ( 'NONE',  ( 0.000000000000000000, 0.000000000000000000, -18.00000000000000000 ) ) ;
#560 = ORIENTED_EDGE ( 'NONE', *, *, #363, .F. ) ;
#561 = DIRECTION ( 'NONE',  ( 0.000000000000000000, 0.000000000000000000, 1.000000000000000000 ) ) ;
#562 = ORIENTED_EDGE ( 'NONE', *, *, #1954, .F. ) ;
#563 = CARTESIAN_POINT ( 'NONE',  ( -70.50000000000000000, 19.50000000000000355, 4.549999999999998934 ) ) ;
#564 = VERTEX_POINT ( 'NONE', #425 ) ;
#565 = CARTESIAN_POINT ( 'NONE',  ( -70.50000000000000000, 19.50000000000000355, -13.00000000000000355 ) ) ;
#566 = DIRECTION ( 'NONE',  ( 0.000000000000000000, -0.000000000000000000, 1.000000000000000000 ) ) ;
#567 = AXIS2_PLACEMENT_3D ( 'NONE', #3069, #2779, #1695 ) ;
#568 = ORIENTED_EDGE ( 'NONE', *, *, #615, .T. ) ;
#569 = CARTESIAN_POINT ( 'NONE',  ( -48.54999999999999716, -5.000000000000007994, -2.999999999999999112 ) ) ;
#570 = LINE ( 'NONE', #74, #1295 ) ;
#571 = AXIS2_PLACEMENT_3D ( 'NONE', #2977, #1730, #1205 ) ;
#572 = AXIS2_PLACEMENT_3D ( 'NONE', #1324, #266, #1273 ) ;
#573 = DIRECTION ( 'NONE',  ( 0.000000000000000000, 0.000000000000000000, 1.000000000000000000 ) ) ;
#574 = ADVANCED_FACE ( 'NONE', ( #157 ), #2247, .F. ) ;
#575 = AXIS2_PLACEMENT_3D ( 'NONE', #2819, #2292, #1047 ) ;
#576 = CIRCLE ( 'NONE', #2387, 1.899999999999999023 ) ;
#577 = DIRECTION ( 'NONE',  ( -2.282530889443167515E-16, 1.000000000000000000, 0.000000000000000000 ) ) ;
#578 = VECTOR ( 'NONE', #384, 1000.000000000000000 ) ;
#579 = VERTEX_POINT ( 'NONE', #2996 ) ;
#580 = AXIS2_PLACEMENT_3D ( 'NONE', #2004, #2283, #982 ) ;
#581 = EDGE_CURVE ( 'NONE', #1404, #1808, #930, .T. ) ;
#582 = AXIS2_PLACEMENT_3D ( 'NONE', #1516, #2561, #215 ) ;
#583 = VECTOR ( 'NONE', #715, 1000.000000000000000 ) ;
#584 = CARTESIAN_POINT ( 'NONE',  ( -0.5499999999999949374, -5.000000000000001776, -2.999999999999999112 ) ) ;
#585 = ORIENTED_EDGE ( 'NONE', *, *, #286, .T. ) ;
#586 = AXIS2_PLACEMENT_3D ( 'NONE', #3129, #2821, #1317 ) ;
#587 = LINE ( 'NONE', #292, #1718 ) ;
#588 = EDGE_LOOP ( 'NONE', ( #506, #2693 ) ) ;
#589 = DIRECTION ( 'NONE',  ( 0.000000000000000000, 0.000000000000000000, 1.000000000000000000 ) ) ;
#590 = ORIENTED_EDGE ( 'NONE', *, *, #2142, .F. ) ;
#591 =( LENGTH_UNIT ( ) NAMED_UNIT ( * ) SI_UNIT ( .MILLI., .METRE. ) );
#592 = DIRECTION ( 'NONE',  ( 0.000000000000000000, 0.000000000000000000, 1.000000000000000000 ) ) ;
#593 = DIRECTION ( 'NONE',  ( -0.000000000000000000, -1.000000000000000000, -0.000000000000000000 ) ) ;
#594 = VERTEX_POINT ( 'NONE', #1692 ) ;
#595 = ADVANCED_FACE ( 'NONE', ( #2261 ), #2752, .T. ) ;
#596 = DIRECTION ( 'NONE',  ( -0.000000000000000000, -1.000000000000000000, -0.000000000000000000 ) ) ;
#597 = VERTEX_POINT ( 'NONE', #1458 ) ;
#598 = ADVANCED_FACE ( 'NONE', ( #980, #2002 ), #119, .F. ) ;
#599 = DIRECTION ( 'NONE',  ( 0.000000000000000000, 0.000000000000000000, -1.000000000000000000 ) ) ;
#600 = CARTESIAN_POINT ( 'NONE',  ( -81.24999999999998579, 14.50000000000001954, -18.00000000000000000 ) ) ;
#601 = EDGE_CURVE ( 'NONE', #1368, #1257, #706, .T. ) ;
#602 = VERTEX_POINT ( 'NONE', #2788 ) ;
#603 = DIRECTION ( 'NONE',  ( -1.000000000000000000, 0.000000000000000000, -0.000000000000000000 ) ) ;
#604 = DIRECTION ( 'NONE',  ( -1.000000000000000000, -2.312964634635744436E-16, -0.000000000000000000 ) ) ;
#605 = EDGE_LOOP ( 'NONE', ( #3132, #110 ) ) ;
#606 =( NAMED_UNIT ( * ) SI_UNIT ( $, .STERADIAN. ) SOLID_ANGLE_UNIT ( ) );
#607 = FACE_OUTER_BOUND ( 'NONE', #3282, .T. ) ;
#608 = LINE ( 'NONE', #2167, #1509 ) ;
#609 = EDGE_LOOP ( 'NONE', ( #3076, #174 ) ) ;
#610 = CARTESIAN_POINT ( 'NONE',  ( -74.74999999999998579, -4.999999999999995559, 0.000000000000000000 ) ) ;
#611 = VERTEX_POINT ( 'NONE', #437 ) ;
#612 = FACE_OUTER_BOUND ( 'NONE', #2719, .T. ) ;
#613 = DIRECTION ( 'NONE',  ( 0.000000000000000000, 0.000000000000000000, 1.000000000000000000 ) ) ;
#614 = ORIENTED_EDGE ( 'NONE', *, *, #1825, .F. ) ;
#615 = EDGE_CURVE ( 'NONE', #925, #417, #1486, .T. ) ;
#616 = ORIENTED_EDGE ( 'NONE', *, *, #507, .F. ) ;
#617 = ADVANCED_FACE ( 'NONE', ( #1421 ), #1188, .F. ) ;
#618 = VERTEX_POINT ( 'NONE', #3153 ) ;
#619 = CARTESIAN_POINT ( 'NONE',  ( -140.4900000000000091, -1.000000000000000888, -30.99999999999999289 ) ) ;
#620 = FACE_OUTER_BOUND ( 'NONE', #736, .T. ) ;
#621 = CARTESIAN_POINT ( 'NONE',  ( -140.4499999999999886, -5.000000000000001776, -2.999999999999999112 ) ) ;
#622 = AXIS2_PLACEMENT_3D ( 'NONE', #2724, #1680, #2182 ) ;
#623 = VERTEX_POINT ( 'NONE', #3375 ) ;
#624 = CARTESIAN_POINT ( 'NONE',  ( -44.54999999999999005, -10.00000000000000000, 13.50000000000001243 ) ) ;
#625 = ORIENTED_EDGE ( 'NONE', *, *, #2169, .T. ) ;
#626 = DIRECTION ( 'NONE',  ( 0.000000000000000000, 0.000000000000000000, -1.000000000000000000 ) ) ;
#627 = AXIS2_PLACEMENT_3D ( 'NONE', #3070, #1801, #1325 ) ;
#628 = AXIS2_PLACEMENT_3D ( 'NONE', #1405, #2702, #636 ) ;
#629 = VECTOR ( 'NONE', #2893, 1000.000000000000000 ) ;
#630 = AXIS2_PLACEMENT_3D ( 'NONE', #100, #1146, #2351 ) ;
#631 = CARTESIAN_POINT ( 'NONE',  ( -64.75000000000000000, 14.50000000000001954, 0.000000000000000000 ) ) ;
#632 = VERTEX_POINT ( 'NONE', #3117 ) ;
#633 = AXIS2_PLACEMENT_3D ( 'NONE', #697, #1211, #973 ) ;
#634 = VECTOR ( 'NONE', #1031, 1000.000000000000000 ) ;
#635 = ORIENTED_EDGE ( 'NONE', *, *, #3383, .F. ) ;
#636 = DIRECTION ( 'NONE',  ( -0.000000000000000000, 0.000000000000000000, -1.000000000000000000 ) ) ;
#637 = ADVANCED_FACE ( 'NONE', ( #2584, #2606 ), #3133, .F. ) ;
#638 = AXIS2_PLACEMENT_3D ( 'NONE', #1632, #2904, #2936 ) ;
#639 = LINE ( 'NONE', #2470, #2704 ) ;
#640 = VECTOR ( 'NONE', #599, 1000.000000000000000 ) ;
#641 = ORIENTED_EDGE ( 'NONE', *, *, #1332, .F. ) ;
#642 = CARTESIAN_POINT ( 'NONE',  ( -95.19999999999998863, 4.999999999999992006, -2.999999999999999112 ) ) ;
#643 = ADVANCED_FACE ( 'NONE', ( #1014 ), #1556, .T. ) ;
#644 = DIRECTION ( 'NONE',  ( 0.000000000000000000, 0.000000000000000000, 1.000000000000000000 ) ) ;
#645 =( GEOMETRIC_REPRESENTATION_CONTEXT ( 3 ) GLOBAL_UNCERTAINTY_ASSIGNED_CONTEXT ( ( #910 ) ) GLOBAL_UNIT_ASSIGNED_CONTEXT ( ( #475, #759, #1792 ) ) REPRESENTATION_CONTEXT ( 'NONE', 'WORKASPACE' ) );
#646 = DIRECTION ( 'NONE',  ( -0.000000000000000000, 0.000000000000000000, 1.000000000000000000 ) ) ;
#647 = ORIENTED_EDGE ( 'NONE', *, *, #1059, .T. ) ;
#648 = CARTESIAN_POINT ( 'NONE',  ( -140.4499999999999886, 4.999999999999998224, -2.999999999999999112 ) ) ;
#649 = ORIENTED_EDGE ( 'NONE', *, *, #1474, .T. ) ;
#650 = CARTESIAN_POINT ( 'NONE',  ( -9.550000000000002487, 19.50000000000000355, -23.00000000000003553 ) ) ;
#651 = DIRECTION ( 'NONE',  ( 0.7071067811865521247, 0.7071067811865430208, -0.000000000000000000 ) ) ;
#652 = VERTEX_POINT ( 'NONE', #2073 ) ;
#653 = ORIENTED_EDGE ( 'NONE', *, *, #1678, .T. ) ;
#654 = CARTESIAN_POINT ( 'NONE',  ( -31.69999999999999218, -10.00000000000000000, -30.99999999999998934 ) ) ;
#655 = DIRECTION ( 'NONE',  ( 1.000000000000000000, 0.000000000000000000, 0.000000000000000000 ) ) ;
#656 = EDGE_LOOP ( 'NONE', ( #768, #122, #3351, #97, #3314, #1862, #522 ) ) ;
#657 = DIRECTION ( 'NONE',  ( 1.000000000000000000, 0.000000000000000000, -0.000000000000000000 ) ) ;
#658 = DIRECTION ( 'NONE',  ( 1.000000000000000000, 0.000000000000000000, 0.000000000000000000 ) ) ;
#659 = CARTESIAN_POINT ( 'NONE',  ( -63.00000000000000000, 14.50000000000001954, -22.94974746830584422 ) ) ;
#660 = EDGE_CURVE ( 'NONE', #2394, #623, #275, .T. ) ;
#661 = ORIENTED_EDGE ( 'NONE', *, *, #402, .F. ) ;
#662 = CARTESIAN_POINT ( 'NONE',  ( -0.5099999999999826894, -1.000000000000000888, -33.75000000000000000 ) ) ;
#663 = VERTEX_POINT ( 'NONE', #2297 ) ;
#664 = DIRECTION ( 'NONE',  ( 0.000000000000000000, 0.000000000000000000, -1.000000000000000000 ) ) ;
#665 = ADVANCED_FACE ( 'NONE', ( #2879 ), #2859, .F. ) ;
#666 = DIRECTION ( 'NONE',  ( 0.000000000000000000, 0.000000000000000000, -1.000000000000000000 ) ) ;
#667 = ORIENTED_EDGE ( 'NONE', *, *, #998, .T. ) ;
#668 = VERTEX_POINT ( 'NONE', #777 ) ;
#669 = DIRECTION ( 'NONE',  ( 0.000000000000000000, 0.000000000000000000, 1.000000000000000000 ) ) ;
#670 = LINE ( 'NONE', #1709, #2045 ) ;
#671 = VERTEX_POINT ( 'NONE', #1283 ) ;
#672 = PLANE ( 'NONE',  #567 ) ;
#673 = DIRECTION ( 'NONE',  ( 1.000000000000000000, 0.000000000000000000, 0.000000000000000000 ) ) ;
#674 = ORIENTED_EDGE ( 'NONE', *, *, #1790, .F. ) ;
#675 = PLANE ( 'NONE',  #254 ) ;
#676 = EDGE_CURVE ( 'NONE', #999, #908, #83, .T. ) ;
#677 = ORIENTED_EDGE ( 'NONE', *, *, #2145, .F. ) ;
#678 = DIRECTION ( 'NONE',  ( -1.000000000000000000, 0.000000000000000000, 0.000000000000000000 ) ) ;
#679 = CIRCLE ( 'NONE', #515, 1.750000000000001554 ) ;
#680 = CARTESIAN_POINT ( 'NONE',  ( -70.50000000000000000, 19.50000000000000355, 0.9999999999999954481 ) ) ;
#681 = EDGE_CURVE ( 'NONE', #3274, #1544, #2054, .T. ) ;
#682 = AXIS2_PLACEMENT_3D ( 'NONE', #1950, #2791, #377 ) ;
#683 = ORIENTED_EDGE ( 'NONE', *, *, #1866, .F. ) ;
#684 = VECTOR ( 'NONE', #1138, 1000.000000000000000 ) ;
#685 = VECTOR ( 'NONE', #2284, 1000.000000000000000 ) ;
#686 = AXIS2_PLACEMENT_3D ( 'NONE', #2105, #2202, #2384 ) ;
#687 = ORIENTED_EDGE ( 'NONE', *, *, #345, .F. ) ;
#688 = DIRECTION ( 'NONE',  ( -0.7071067811865511255, 1.090341985197066054E-15, 0.7071067811865439090 ) ) ;
#689 = VECTOR ( 'NONE', #370, 1000.000000000000000 ) ;
#690 = DIRECTION ( 'NONE',  ( -1.000000000000000000, 0.000000000000000000, 0.000000000000000000 ) ) ;
#691 = AXIS2_PLACEMENT_3D ( 'NONE', #544, #2633, #770 ) ;
#692 = ORIENTED_EDGE ( 'NONE', *, *, #2943, .T. ) ;
#693 = AXIS2_PLACEMENT_3D ( 'NONE', #1592, #2364, #494 ) ;
#694 = DIRECTION ( 'NONE',  ( 0.000000000000000000, 0.000000000000000000, 1.000000000000000000 ) ) ;
#695 = CIRCLE ( 'NONE', #1783, 2.750000000000002665 ) ;
#696 = ORIENTED_EDGE ( 'NONE', *, *, #1222, .T. ) ;
#697 = CARTESIAN_POINT ( 'NONE',  ( -70.50000000000000000, 18.75000000000000355, -13.00000000000000355 ) ) ;
#698 = VERTEX_POINT ( 'NONE', #2032 ) ;
#699 = LINE ( 'NONE', #180, #583 ) ;
#700 = EDGE_CURVE ( 'NONE', #1206, #1149, #906, .T. ) ;
#701 = DIRECTION ( 'NONE',  ( -0.000000000000000000, -0.000000000000000000, 1.000000000000000000 ) ) ;
#702 = EDGE_LOOP ( 'NONE', ( #661, #2577, #1749, #1847 ) ) ;
#703 = PRODUCT ( '010_017_Left_right_servo_mount_back', '010_017_Left_right_servo_mount_back', '', ( #288 ) ) ;
#704 = EDGE_CURVE ( 'NONE', #783, #1739, #3364, .T. ) ;
#705 = ORIENTED_EDGE ( 'NONE', *, *, #3343, .F. ) ;
#706 = LINE ( 'NONE', #1436, #3252 ) ;
#707 = LINE ( 'NONE', #1813, #141 ) ;
#708 = DIRECTION ( 'NONE',  ( 0.000000000000000000, 0.000000000000000000, -1.000000000000000000 ) ) ;
#709 = EDGE_CURVE ( 'NONE', #1467, #2920, #2103, .T. ) ;
#710 = VERTEX_POINT ( 'NONE', #1829 ) ;
#711 = FACE_OUTER_BOUND ( 'NONE', #178, .T. ) ;
#712 = LINE ( 'NONE', #2474, #3305 ) ;
#713 = EDGE_LOOP ( 'NONE', ( #3049, #2245 ) ) ;
#714 = CARTESIAN_POINT ( 'NONE',  ( -141.4500000000000739, -1.688464183283992947E-14, -35.99999999999999289 ) ) ;
#715 = DIRECTION ( 'NONE',  ( 1.000000000000000000, 0.000000000000000000, 0.000000000000000000 ) ) ;
#716 = CARTESIAN_POINT ( 'NONE',  ( -145.5000000000000000, 19.50000000000000355, -18.00000000000000000 ) ) ;
#717 = ORIENTED_EDGE ( 'NONE', *, *, #834, .F. ) ;
#718 = ORIENTED_EDGE ( 'NONE', *, *, #2959, .T. ) ;
#719 = DIRECTION ( 'NONE',  ( 0.000000000000000000, -1.000000000000000000, 0.000000000000000000 ) ) ;
#720 = PLANE ( 'NONE',  #2932 ) ;
#721 = DIRECTION ( 'NONE',  ( 1.000000000000000000, 0.000000000000000000, 0.000000000000000000 ) ) ;
#722 = EDGE_CURVE ( 'NONE', #1544, #542, #1504, .T. ) ;
#723 = DIRECTION ( 'NONE',  ( -0.000000000000000000, -0.000000000000000000, -1.000000000000000000 ) ) ;
#724 = ORIENTED_EDGE ( 'NONE', *, *, #12, .T. ) ;
#725 = CARTESIAN_POINT ( 'NONE',  ( 0.6569063257454155202, -0.2069063257453956917, -25.99999999999998934 ) ) ;
#726 = ADVANCED_FACE ( 'NONE', ( #2363 ), #16, .F. ) ;
#727 = DIRECTION ( 'NONE',  ( -0.000000000000000000, -0.000000000000000000, 1.000000000000000000 ) ) ;
#728 = ORIENTED_EDGE ( 'NONE', *, *, #722, .T. ) ;
#729 = DIRECTION ( 'NONE',  ( 0.000000000000000000, 0.000000000000000000, 1.000000000000000000 ) ) ;
#730 = CARTESIAN_POINT ( 'NONE',  ( -3.299999999999994937, 4.999999999999998224, -2.999999999999999112 ) ) ;
#731 = AXIS2_PLACEMENT_3D ( 'NONE', #2457, #1409, #2441 ) ;
#732 = CARTESIAN_POINT ( 'NONE',  ( -9.550000000000002487, 19.50000000000000355, -23.00000000000003553 ) ) ;
#733 = DIRECTION ( 'NONE',  ( 0.000000000000000000, 1.000000000000000000, 0.000000000000000000 ) ) ;
#734 = EDGE_LOOP ( 'NONE', ( #2132, #408, #1547, #1152 ) ) ;
#735 = CIRCLE ( 'NONE', #2649, 2.750000000000002665 ) ;
#736 = EDGE_LOOP ( 'NONE', ( #452, #1826, #1484, #2231 ) ) ;
#737 = CIRCLE ( 'NONE', #627, 2.750000000000009326 ) ;
#738 = VECTOR ( 'NONE', #947, 1000.000000000000000 ) ;
#739 = CARTESIAN_POINT ( 'NONE',  ( -0.5499999999999949374, -5.000000000000001776, -2.999999999999999112 ) ) ;
#740 = DIRECTION ( 'NONE',  ( 0.000000000000000000, -1.000000000000000000, 0.000000000000000000 ) ) ;
#741 = DIRECTION ( 'NONE',  ( -1.000000000000000000, 0.000000000000000000, 0.000000000000000000 ) ) ;
#742 = DIRECTION ( 'NONE',  ( -0.000000000000000000, -0.000000000000000000, -1.000000000000000000 ) ) ;
#743 = VECTOR ( 'NONE', #690, 1000.000000000000000 ) ;
#744 = VECTOR ( 'NONE', #2281, 1000.000000000000000 ) ;
#745 = EDGE_CURVE ( 'NONE', #564, #1251, #2552, .T. ) ;
#746 = EDGE_LOOP ( 'NONE', ( #2659, #2446, #1027, #1595 ) ) ;
#747 = CARTESIAN_POINT ( 'NONE',  ( -4.499999999999998224, -10.00000000000000178, -18.00000000000000000 ) ) ;
#748 = CIRCLE ( 'NONE', #3312, 2.750000000000009326 ) ;
#749 = AXIS2_PLACEMENT_3D ( 'NONE', #739, #237, #1319 ) ;
#750 = AXIS2_PLACEMENT_3D ( 'NONE', #2797, #197, #3331 ) ;
#751 = CIRCLE ( 'NONE', #80, 2.750000000000002665 ) ;
#752 = EDGE_CURVE ( 'NONE', #1257, #1653, #1848, .T. ) ;
#753 = VERTEX_POINT ( 'NONE', #2 ) ;
#754 = CARTESIAN_POINT ( 'NONE',  ( -9.550000000000009592, 9.999999999999985789, -56.33562262423501465 ) ) ;
#755 = VECTOR ( 'NONE', #1499, 1000.000000000000000 ) ;
#756 = CARTESIAN_POINT ( 'NONE',  ( 4.500000000000001776, -1.734723475976807094E-15, -25.99999999999998934 ) ) ;
#757 = ADVANCED_FACE ( 'NONE', ( #454 ), #1253, .F. ) ;
#758 = LINE ( 'NONE', #2028, #191 ) ;
#759 =( NAMED_UNIT ( * ) PLANE_ANGLE_UNIT ( ) SI_UNIT ( $, .RADIAN. ) );
#760 = ORIENTED_EDGE ( 'NONE', *, *, #2609, .T. ) ;
#761 = ORIENTED_EDGE ( 'NONE', *, *, #2884, .F. ) ;
#762 = DIRECTION ( 'NONE',  ( -0.7071067811865439090, 0.000000000000000000, 0.7071067811865512365 ) ) ;
#763 = CARTESIAN_POINT ( 'NONE',  ( -48.54999999999999716, 4.999999999999992006, -2.999999999999999112 ) ) ;
#764 = LINE ( 'NONE', #2314, #2050 ) ;
#765 = LINE ( 'NONE', #1017, #249 ) ;
#766 = ORIENTED_EDGE ( 'NONE', *, *, #3276, .T. ) ;
#767 = CARTESIAN_POINT ( 'NONE',  ( -70.50000000000000000, 14.50000000000000178, -14.90000000000000568 ) ) ;
#768 = ORIENTED_EDGE ( 'NONE', *, *, #2524, .T. ) ;
#769 = DIRECTION ( 'NONE',  ( 0.000000000000000000, 0.000000000000000000, 1.000000000000000000 ) ) ;
#770 = DIRECTION ( 'NONE',  ( -1.000000000000000000, 0.000000000000000000, 0.000000000000000000 ) ) ;
#771 = EDGE_CURVE ( 'NONE', #789, #3158, #209, .T. ) ;
#772 = DIRECTION ( 'NONE',  ( -1.541976423090487350E-15, 1.000000000000000000, 0.000000000000000000 ) ) ;
#773 = DIRECTION ( 'NONE',  ( 0.000000000000000000, 0.000000000000000000, 1.000000000000000000 ) ) ;
#774 = EDGE_LOOP ( 'NONE', ( #14, #1705, #2902, #810 ) ) ;
#775 = ADVANCED_FACE ( 'NONE', ( #1255 ), #3119, .T. ) ;
#776 = ORIENTED_EDGE ( 'NONE', *, *, #1949, .T. ) ;
#777 = CARTESIAN_POINT ( 'NONE',  ( -70.50000000000000000, 14.50000000000000178, -14.90000000000000568 ) ) ;
#778 = DIRECTION ( 'NONE',  ( -1.000000000000000000, 0.000000000000000000, 0.000000000000000000 ) ) ;
#779 = CARTESIAN_POINT ( 'NONE',  ( -51.29999999999999716, -5.000000000000007994, -2.999999999999999112 ) ) ;
#780 = CARTESIAN_POINT ( 'NONE',  ( -77.99999999999998579, -4.999999999999995559, 0.000000000000000000 ) ) ;
#781 = ORIENTED_EDGE ( 'NONE', *, *, #368, .T. ) ;
#782 = DIRECTION ( 'NONE',  ( 0.000000000000000000, 0.000000000000000000, 1.000000000000000000 ) ) ;
#783 = VERTEX_POINT ( 'NONE', #456 ) ;
#784 = DIRECTION ( 'NONE',  ( 0.000000000000000000, 0.000000000000000000, 1.000000000000000000 ) ) ;
#785 = DIRECTION ( 'NONE',  ( -0.000000000000000000, -0.000000000000000000, 1.000000000000000000 ) ) ;
#786 = EDGE_CURVE ( 'NONE', #2327, #753, #2436, .T. ) ;
#787 = PLANE ( 'NONE',  #1080 ) ;
#788 = CARTESIAN_POINT ( 'NONE',  ( 4.500000000000000000, 19.50000000000000355, 6.000000000000000000 ) ) ;
#789 = VERTEX_POINT ( 'NONE', #1487 ) ;
#790 = EDGE_CURVE ( 'NONE', #1553, #3221, #3149, .T. ) ;
#791 = VERTEX_POINT ( 'NONE', #2299 ) ;
#792 = DIRECTION ( 'NONE',  ( -0.000000000000000000, -0.000000000000000000, -1.000000000000000000 ) ) ;
#793 = DIRECTION ( 'NONE',  ( 0.000000000000000000, 0.000000000000000000, 1.000000000000000000 ) ) ;
#794 = CYLINDRICAL_SURFACE ( 'NONE', #801, 2.750000000000000000 ) ;
#795 = DIRECTION ( 'NONE',  ( 1.000000000000000000, 0.000000000000000000, 0.000000000000000000 ) ) ;
#796 = ORIENTED_EDGE ( 'NONE', *, *, #2520, .F. ) ;
#797 = LINE ( 'NONE', #767, #3030 ) ;
#798 = DIRECTION ( 'NONE',  ( 0.000000000000000000, 0.000000000000000000, 1.000000000000000000 ) ) ;
#799 = AXIS2_PLACEMENT_3D ( 'NONE', #3063, #3254, #1966 ) ;
#800 = AXIS2_PLACEMENT_3D ( 'NONE', #1791, #2070, #1061 ) ;
#801 = AXIS2_PLACEMENT_3D ( 'NONE', #2624, #3136, #351 ) ;
#802 = VERTEX_POINT ( 'NONE', #779 ) ;
#803 = LINE ( 'NONE', #556, #1888 ) ;
#804 = DIRECTION ( 'NONE',  ( 0.000000000000000000, 0.000000000000000000, -1.000000000000000000 ) ) ;
#805 = AXIS2_PLACEMENT_3D ( 'NONE', #2047, #1769, #1574 ) ;
#806 = VECTOR ( 'NONE', #2579, 999.9999999999998863 ) ;
#807 = DIRECTION ( 'NONE',  ( 0.000000000000000000, 0.000000000000000000, -1.000000000000000000 ) ) ;
#808 = CIRCLE ( 'NONE', #198, 2.750000000000000000 ) ;
#809 = FILL_AREA_STYLE_COLOUR ( '', #2451 ) ;
#810 = ORIENTED_EDGE ( 'NONE', *, *, #382, .T. ) ;
#811 = ADVANCED_FACE ( 'NONE', ( #496 ), #1542, .T. ) ;
#812 = AXIS2_PLACEMENT_3D ( 'NONE', #1101, #1943, #3183 ) ;
#813 = DIRECTION ( 'NONE',  ( -0.000000000000000000, -0.000000000000000000, 1.000000000000000000 ) ) ;
#814 = CARTESIAN_POINT ( 'NONE',  ( -143.1999999999999886, 4.999999999999998224, -2.999999999999999112 ) ) ;
#815 = DIRECTION ( 'NONE',  ( 0.000000000000000000, -0.000000000000000000, -1.000000000000000000 ) ) ;
#816 = CARTESIAN_POINT ( 'NONE',  ( 4.500000000000002665, -10.00000000000002309, -35.99999999999999289 ) ) ;
#817 = EDGE_CURVE ( 'NONE', #2949, #1856, #3341, .T. ) ;
#818 = ORIENTED_EDGE ( 'NONE', *, *, #1926, .F. ) ;
#819 = DIRECTION ( 'NONE',  ( 1.000000000000000000, 0.000000000000000000, 0.000000000000000000 ) ) ;
#820 = ADVANCED_FACE ( 'NONE', ( #239 ), #1285, .F. ) ;
#821 = EDGE_LOOP ( 'NONE', ( #2025, #2230, #2641, #1057 ) ) ;
#822 = DIRECTION ( 'NONE',  ( -0.000000000000000000, -1.000000000000000000, -0.000000000000000000 ) ) ;
#823 = DIRECTION ( 'NONE',  ( 0.000000000000000000, 1.000000000000000000, 0.000000000000000000 ) ) ;
#824 = FACE_OUTER_BOUND ( 'NONE', #1658, .T. ) ;
#825 = ORIENTED_EDGE ( 'NONE', *, *, #3061, .T. ) ;
#826 = CARTESIAN_POINT ( 'NONE',  ( -63.00000000000000000, -4.999999999999995559, 15.19238815542513521 ) ) ;
#827 = DIRECTION ( 'NONE',  ( -1.000000000000000000, 0.000000000000000000, 0.000000000000000000 ) ) ;
#828 = LINE ( 'NONE', #1639, #2435 ) ;
#829 = ORIENTED_EDGE ( 'NONE', *, *, #427, .F. ) ;
#830 = CARTESIAN_POINT ( 'NONE',  ( -31.69999999999999218, -1.000000000000000888, -30.99999999999998934 ) ) ;
#831 = EDGE_CURVE ( 'NONE', #3263, #1064, #764, .T. ) ;
#832 = VERTEX_POINT ( 'NONE', #1016 ) ;
#833 = EDGE_LOOP ( 'NONE', ( #375, #667 ) ) ;
#834 = EDGE_CURVE ( 'NONE', #3293, #1691, #707, .T. ) ;
#835 = DIRECTION ( 'NONE',  ( 7.228014483236695816E-17, -1.000000000000000000, 0.000000000000000000 ) ) ;
#836 = FACE_OUTER_BOUND ( 'NONE', #3374, .T. ) ;
#837 = CARTESIAN_POINT ( 'NONE',  ( -39.54999999999999716, 14.50000000000001776, -56.33562262423501465 ) ) ;
#838 = ORIENTED_EDGE ( 'NONE', *, *, #3337, .F. ) ;
#839 = CARTESIAN_POINT ( 'NONE',  ( -59.74999999999999289, 14.50000000000001954, -18.00000000000000000 ) ) ;
#840 = VERTEX_POINT ( 'NONE', #2789 ) ;
#841 = DIRECTION ( 'NONE',  ( 0.000000000000000000, 0.000000000000000000, 1.000000000000000000 ) ) ;
#842 = ORIENTED_EDGE ( 'NONE', *, *, #2727, .F. ) ;
#843 = CARTESIAN_POINT ( 'NONE',  ( -70.50000000000000000, 18.75000000000000355, -16.55000000000000426 ) ) ;
#844 = MECHANICAL_DESIGN_GEOMETRIC_PRESENTATION_REPRESENTATION (  '', ( #242 ), #1768 ) ;
#845 = EDGE_CURVE ( 'NONE', #2986, #2509, #3257, .T. ) ;
#846 = EDGE_LOOP ( 'NONE', ( #1815, #1438, #1809, #649 ) ) ;
#847 = DIRECTION ( 'NONE',  ( 2.282530889443168501E-16, -1.000000000000000000, 0.000000000000000000 ) ) ;
#848 = AXIS2_PLACEMENT_3D ( 'NONE', #2455, #2737, #393 ) ;
#849 = AXIS2_PLACEMENT_3D ( 'NONE', #21, #2110, #483 ) ;
#850 = FACE_OUTER_BOUND ( 'NONE', #436, .T. ) ;
#851 = EDGE_CURVE ( 'NONE', #3221, #1553, #2328, .T. ) ;
#852 = AXIS2_PLACEMENT_3D ( 'NONE', #1543, #2058, #2587 ) ;
#853 = ORIENTED_EDGE ( 'NONE', *, *, #3113, .T. ) ;
#854 = LINE ( 'NONE', #884, #1343 ) ;
#855 = CIRCLE ( 'NONE', #2547, 1.899999999999999023 ) ;
#856 = ORIENTED_EDGE ( 'NONE', *, *, #3288, .F. ) ;
#857 = VECTOR ( 'NONE', #1448, 1000.000000000000000 ) ;
#858 = EDGE_CURVE ( 'NONE', #1230, #3138, #1233, .T. ) ;
#859 = VECTOR ( 'NONE', #2358, 1000.000000000000000 ) ;
#860 = DIRECTION ( 'NONE',  ( 0.000000000000000000, 0.000000000000000000, 1.000000000000000000 ) ) ;
#861 = AXIS2_PLACEMENT_3D ( 'NONE', #529, #505, #2083 ) ;
#862 = DIRECTION ( 'NONE',  ( 0.000000000000000000, 0.000000000000000000, 1.000000000000000000 ) ) ;
#863 = ORIENTED_EDGE ( 'NONE', *, *, #700, .F. ) ;
#864 = DIRECTION ( 'NONE',  ( 0.000000000000000000, 0.000000000000000000, 1.000000000000000000 ) ) ;
#865 = DIRECTION ( 'NONE',  ( -0.000000000000000000, -1.000000000000000000, -0.000000000000000000 ) ) ;
#866 = EDGE_LOOP ( 'NONE', ( #2148, #2121 ) ) ;
#867 = DIRECTION ( 'NONE',  ( -1.000000000000000000, 0.000000000000000000, 0.000000000000000000 ) ) ;
#868 = DIRECTION ( 'NONE',  ( 0.000000000000000000, 0.000000000000000000, -1.000000000000000000 ) ) ;
#869 = LINE ( 'NONE', #1886, #195 ) ;
#870 = VERTEX_POINT ( 'NONE', #439 ) ;
#871 = DIRECTION ( 'NONE',  ( -1.000000000000000000, 0.000000000000000000, 0.000000000000000000 ) ) ;
#872 = EDGE_CURVE ( 'NONE', #2986, #3138, #185, .T. ) ;
#873 = ORIENTED_EDGE ( 'NONE', *, *, #2278, .T. ) ;
#874 = DIRECTION ( 'NONE',  ( -2.674902700537814047E-31, -1.734723475976807341E-16, 1.000000000000000000 ) ) ;
#875 = EDGE_CURVE ( 'NONE', #2763, #2321, #1719, .T. ) ;
#876 = ORIENTED_EDGE ( 'NONE', *, *, #790, .F. ) ;
#877 = ORIENTED_EDGE ( 'NONE', *, *, #845, .F. ) ;
#878 = CARTESIAN_POINT ( 'NONE',  ( -4.499999999999998224, -10.00000000000000178, 6.000000000000000000 ) ) ;
#879 = DIRECTION ( 'NONE',  ( 0.000000000000000000, 0.000000000000000000, -1.000000000000000000 ) ) ;
#880 = ORIENTED_EDGE ( 'NONE', *, *, #1407, .T. ) ;
#881 = CARTESIAN_POINT ( 'NONE',  ( -48.54999999999999716, 4.999999999999992006, -2.999999999999999112 ) ) ;
#882 = DIRECTION ( 'NONE',  ( 1.000000000000000000, 0.000000000000000000, 0.000000000000000000 ) ) ;
#883 = ORIENTED_EDGE ( 'NONE', *, *, #2773, .F. ) ;
#884 = CARTESIAN_POINT ( 'NONE',  ( -4.500000000000002665, 9.999999999999996447, -18.00000000000000000 ) ) ;
#885 = EDGE_LOOP ( 'NONE', ( #2792, #127 ) ) ;
#886 = CARTESIAN_POINT ( 'NONE',  ( -31.69999999999999218, -1.000000000000000888, -28.24999999999997868 ) ) ;
#887 = EDGE_CURVE ( 'NONE', #1132, #2822, #2555, .T. ) ;
#888 = CARTESIAN_POINT ( 'NONE',  ( -131.4499999999999886, 19.50000000000000355, -23.00000000000003553 ) ) ;
#889 = ORIENTED_EDGE ( 'NONE', *, *, #1111, .F. ) ;
#890 = EDGE_CURVE ( 'NONE', #1485, #1467, #576, .T. ) ;
#891 = ORIENTED_EDGE ( 'NONE', *, *, #1107, .T. ) ;
#892 = DIRECTION ( 'NONE',  ( 1.000000000000000000, 0.000000000000000000, 0.000000000000000000 ) ) ;
#893 = CYLINDRICAL_SURFACE ( 'NONE', #571, 2.750000000000009326 ) ;
#894 = ORIENTED_EDGE ( 'NONE', *, *, #407, .F. ) ;
#895 = FACE_OUTER_BOUND ( 'NONE', #588, .T. ) ;
#896 = DIRECTION ( 'NONE',  ( 0.000000000000000000, 0.000000000000000000, -1.000000000000000000 ) ) ;
#897 = DIRECTION ( 'NONE',  ( -1.541976423090487350E-15, 1.000000000000000000, 0.000000000000000000 ) ) ;
#898 = VECTOR ( 'NONE', #2832, 1000.000000000000000 ) ;
#899 = ORIENTED_EDGE ( 'NONE', *, *, #2339, .T. ) ;
#900 = DIRECTION ( 'NONE',  ( 0.000000000000000000, 0.000000000000000000, 1.000000000000000000 ) ) ;
#901 = ORIENTED_EDGE ( 'NONE', *, *, #2460, .F. ) ;
#902 = LINE ( 'NONE', #1580, #2273 ) ;
#903 = CIRCLE ( 'NONE', #2159, 2.750000000000002665 ) ;
#904 = VECTOR ( 'NONE', #280, 1000.000000000000000 ) ;
#905 = CIRCLE ( 'NONE', #2111, 2.750000000000002665 ) ;
#906 = CIRCLE ( 'NONE', #3199, 1.900000000000002354 ) ;
#907 = DIRECTION ( 'NONE',  ( 0.000000000000000000, 0.000000000000000000, -1.000000000000000000 ) ) ;
#908 = VERTEX_POINT ( 'NONE', #225 ) ;
#909 = EDGE_CURVE ( 'NONE', #3380, #3263, #3245, .T. ) ;
#910 = UNCERTAINTY_MEASURE_WITH_UNIT (LENGTH_MEASURE( 1.000000000000000082E-05 ), #475, 'distance_accuracy_value', 'NONE');
#911 = CIRCLE ( 'NONE', #1725, 2.750000000000002665 ) ;
#912 = VECTOR ( 'NONE', #2011, 1000.000000000000000 ) ;
#913 = EDGE_LOOP ( 'NONE', ( #1337, #189, #1609, #1936 ) ) ;
#914 = CARTESIAN_POINT ( 'NONE',  ( -9.550000000000002487, 14.50000000000000888, -23.00000000000003553 ) ) ;
#915 = VECTOR ( 'NONE', #3154, 1000.000000000000000 ) ;
#916 = EDGE_CURVE ( 'NONE', #832, #3110, #355, .T. ) ;
#917 = DIRECTION ( 'NONE',  ( 1.000000000000000000, 0.000000000000000000, 0.000000000000000000 ) ) ;
#918 = CIRCLE ( 'NONE', #2714, 2.750000000000005773 ) ;
#919 = ORIENTED_EDGE ( 'NONE', *, *, #1518, .T. ) ;
#920 = LINE ( 'NONE', #1983, #738 ) ;
#921 = FACE_BOUND ( 'NONE', #1999, .T. ) ;
#922 = LINE ( 'NONE', #3035, #3029 ) ;
#923 = ORIENTED_EDGE ( 'NONE', *, *, #1720, .F. ) ;
#924 = DIRECTION ( 'NONE',  ( -0.000000000000000000, -0.000000000000000000, 1.000000000000000000 ) ) ;
#925 = VERTEX_POINT ( 'NONE', #3169 ) ;
#926 = CARTESIAN_POINT ( 'NONE',  ( -131.4499999999999886, 19.50000000000000355, -23.00000000000003553 ) ) ;
#927 = CYLINDRICAL_SURFACE ( 'NONE', #3209, 3.250000000000002665 ) ;
#928 = VERTEX_POINT ( 'NONE', #1416 ) ;
#929 = VERTEX_POINT ( 'NONE', #886 ) ;
#930 = LINE ( 'NONE', #2519, #744 ) ;
#931 = CARTESIAN_POINT ( 'NONE',  ( -66.94999999999998863, 4.750000000000015099, -17.24999999999999645 ) ) ;
#932 = EDGE_CURVE ( 'NONE', #1864, #1132, #902, .T. ) ;
#933 = VERTEX_POINT ( 'NONE', #1687 ) ;
#934 = FACE_OUTER_BOUND ( 'NONE', #702, .T. ) ;
#935 = DIRECTION ( 'NONE',  ( -0.000000000000000000, 1.000000000000000000, -0.000000000000000000 ) ) ;
#936 = ADVANCED_FACE ( 'NONE', ( #2365 ), #794, .F. ) ;
#937 = ORIENTED_EDGE ( 'NONE', *, *, #270, .T. ) ;
#938 = DIRECTION ( 'NONE',  ( -1.000000000000000000, 0.000000000000000000, 0.000000000000000000 ) ) ;
#939 = ORIENTED_EDGE ( 'NONE', *, *, #2356, .F. ) ;
#940 = CARTESIAN_POINT ( 'NONE',  ( -70.50000000000000000, 18.75000000000000355, 0.9999999999999954481 ) ) ;
#941 = CARTESIAN_POINT ( 'NONE',  ( -101.4500000000000028, 9.999999999999994671, -23.00000000000002132 ) ) ;
#942 = VERTEX_POINT ( 'NONE', #650 ) ;
#943 = VERTEX_POINT ( 'NONE', #2731 ) ;
#944 = DIRECTION ( 'NONE',  ( -0.000000000000000000, 1.000000000000000000, -0.000000000000000000 ) ) ;
#945 = CARTESIAN_POINT ( 'NONE',  ( -45.79999999999999005, 4.999999999999992006, 6.000000000000000000 ) ) ;
#946 = ORIENTED_EDGE ( 'NONE', *, *, #2401, .F. ) ;
#947 = DIRECTION ( 'NONE',  ( -0.7071067811865439090, 0.000000000000000000, -0.7071067811865512365 ) ) ;
#948 = DIRECTION ( 'NONE',  ( 0.000000000000000000, 0.000000000000000000, -1.000000000000000000 ) ) ;
#949 = EDGE_CURVE ( 'NONE', #3025, #2378, #2089, .T. ) ;
#950 = VERTEX_POINT ( 'NONE', #114 ) ;
#951 = LINE ( 'NONE', #2270, #578 ) ;
#952 = EDGE_LOOP ( 'NONE', ( #1882, #3013 ) ) ;
#953 = DIRECTION ( 'NONE',  ( 0.000000000000000000, 1.000000000000000000, 0.000000000000000000 ) ) ;
#954 = ADVANCED_FACE ( 'NONE', ( #612 ), #386, .T. ) ;
#955 = CIRCLE ( 'NONE', #1824, 2.750000000000000000 ) ;
#956 = CARTESIAN_POINT ( 'NONE',  ( -61.25000000000000000, -4.999999999999995559, 0.000000000000000000 ) ) ;
#957 = ORIENTED_EDGE ( 'NONE', *, *, #3297, .T. ) ;
#958 = AXIS2_PLACEMENT_3D ( 'NONE', #3206, #340, #2209 ) ;
#959 = EDGE_CURVE ( 'NONE', #2422, #1423, #2978, .T. ) ;
#960 = AXIS2_PLACEMENT_3D ( 'NONE', #1594, #2385, #1875 ) ;
#961 = EDGE_LOOP ( 'NONE', ( #2499, #1923 ) ) ;
#962 = DIRECTION ( 'NONE',  ( 0.000000000000000000, -0.000000000000000000, -1.000000000000000000 ) ) ;
#963 = DIRECTION ( 'NONE',  ( -0.000000000000000000, -1.000000000000000000, -0.000000000000000000 ) ) ;
#964 = CIRCLE ( 'NONE', #1938, 2.750000000000009326 ) ;
#965 = DIRECTION ( 'NONE',  ( -1.000000000000000000, 0.000000000000000000, 0.000000000000000000 ) ) ;
#966 = VECTOR ( 'NONE', #448, 1000.000000000000000 ) ;
#967 = ORIENTED_EDGE ( 'NONE', *, *, #427, .T. ) ;
#968 = AXIS2_PLACEMENT_3D ( 'NONE', #1930, #2473, #1170 ) ;
#969 = PLANE ( 'NONE',  #1280 ) ;
#970 = FACE_OUTER_BOUND ( 'NONE', #2651, .T. ) ;
#971 = CIRCLE ( 'NONE', #1729, 3.549999999999997602 ) ;
#972 = ORIENTED_EDGE ( 'NONE', *, *, #1107, .F. ) ;
#973 = DIRECTION ( 'NONE',  ( 0.000000000000000000, 0.000000000000000000, 1.000000000000000000 ) ) ;
#974 = CARTESIAN_POINT ( 'NONE',  ( -39.54999999999997584, -40.41381265149108515, -25.99999999999998934 ) ) ;
#975 = EDGE_CURVE ( 'NONE', #2668, #618, #2759, .T. ) ;
#976 = CARTESIAN_POINT ( 'NONE',  ( -44.59999999999998721, -10.00000000000000178, 5.999999999999994671 ) ) ;
#977 = ORIENTED_EDGE ( 'NONE', *, *, #3061, .F. ) ;
#978 = EDGE_CURVE ( 'NONE', #1139, #999, #291, .T. ) ;
#979 = ORIENTED_EDGE ( 'NONE', *, *, #1903, .T. ) ;
#980 = FACE_OUTER_BOUND ( 'NONE', #1799, .T. ) ;
#981 = CARTESIAN_POINT ( 'NONE',  ( -72.39999999999999147, 4.750000000000014211, -17.24999999999999645 ) ) ;
#982 = DIRECTION ( 'NONE',  ( -1.000000000000000000, 0.000000000000000000, 0.000000000000000000 ) ) ;
#983 = LINE ( 'NONE', #2020, #2812 ) ;
#984 = VERTEX_POINT ( 'NONE', #1920 ) ;
#985 = CARTESIAN_POINT ( 'NONE',  ( -101.4500000000000028, 9.999999999999994671, -56.33562262423501465 ) ) ;
#986 = EDGE_LOOP ( 'NONE', ( #3172, #1716, #2072, #2341 ) ) ;
#987 = FACE_OUTER_BOUND ( 'NONE', #1239, .T. ) ;
#988 = CARTESIAN_POINT ( 'NONE',  ( 2.200000000000005063, -5.000000000000001776, -2.999999999999999112 ) ) ;
#989 = CYLINDRICAL_SURFACE ( 'NONE', #805, 2.750000000000002665 ) ;
#990 = DIRECTION ( 'NONE',  ( 1.000000000000000000, 0.000000000000000000, 0.000000000000000000 ) ) ;
#991 = VERTEX_POINT ( 'NONE', #38 ) ;
#992 = EDGE_CURVE ( 'NONE', #1353, #1077, #2221, .T. ) ;
#993 = ORIENTED_EDGE ( 'NONE', *, *, #3016, .F. ) ;
#994 = CARTESIAN_POINT ( 'NONE',  ( 0.000000000000000000, -1.000000000000000888, -10.49999999999999822 ) ) ;
#995 = DIRECTION ( 'NONE',  ( -0.000000000000000000, -0.000000000000000000, 1.000000000000000000 ) ) ;
#996 = DIRECTION ( 'NONE',  ( 0.000000000000000000, 0.000000000000000000, 1.000000000000000000 ) ) ;
#997 = CARTESIAN_POINT ( 'NONE',  ( -0.5099999999999826894, -1.000000000000000888, -30.99999999999999289 ) ) ;
#998 = EDGE_CURVE ( 'NONE', #1077, #1353, #33, .T. ) ;
#999 = VERTEX_POINT ( 'NONE', #2696 ) ;
#1000 = DIRECTION ( 'NONE',  ( 0.000000000000000000, -0.000000000000000000, -1.000000000000000000 ) ) ;
#1001 = CARTESIAN_POINT ( 'NONE',  ( -101.4500000000000028, 9.999999999999989342, -25.99999999999998934 ) ) ;
#1002 = EDGE_CURVE ( 'NONE', #1102, #2920, #2602, .T. ) ;
#1003 = ORIENTED_EDGE ( 'NONE', *, *, #1637, .T. ) ;
#1004 = CARTESIAN_POINT ( 'NONE',  ( -0.5499999999999949374, -5.000000000000001776, 6.000000000000000000 ) ) ;
#1005 = LINE ( 'NONE', #2344, #1452 ) ;
#1006 = CIRCLE ( 'NONE', #2594, 2.750000000000002665 ) ;
#1007 = FACE_OUTER_BOUND ( 'NONE', #435, .T. ) ;
#1008 = CARTESIAN_POINT ( 'NONE',  ( -92.44999999999998863, -5.000000000000007994, -2.999999999999999112 ) ) ;
#1009 = VERTEX_POINT ( 'NONE', #4 ) ;
#1010 = COLOUR_RGB ( '',0.000000000000000000, 1.000000000000000000, 0.000000000000000000 ) ;
#1011 = VERTEX_POINT ( 'NONE', #2189 ) ;
#1012 = CIRCLE ( 'NONE', #453, 1.750000000000001554 ) ;
#1013 = CIRCLE ( 'NONE', #849, 2.750000000000002665 ) ;
#1014 = FACE_OUTER_BOUND ( 'NONE', #2415, .T. ) ;
#1015 = LINE ( 'NONE', #1811, #2337 ) ;
#1016 = CARTESIAN_POINT ( 'NONE',  ( -0.5099999999999826894, -10.00000000000000000, -33.75000000000000000 ) ) ;
#1017 = CARTESIAN_POINT ( 'NONE',  ( -9.550000000000002487, 14.50000000000000888, -23.00000000000003553 ) ) ;
#1018 = VECTOR ( 'NONE', #120, 1000.000000000000000 ) ;
#1019 = AXIS2_PLACEMENT_3D ( 'NONE', #1940, #1670, #2990 ) ;
#1020 = ORIENTED_EDGE ( 'NONE', *, *, #1726, .F. ) ;
#1021 = LINE ( 'NONE', #2369, #1341 ) ;
#1022 = ADVANCED_FACE ( 'NONE', ( #549 ), #1053, .F. ) ;
#1023 = VECTOR ( 'NONE', #1029, 1000.000000000000000 ) ;
#1024 = AXIS2_PLACEMENT_3D ( 'NONE', #2184, #1112, #2525 ) ;
#1025 = FACE_OUTER_BOUND ( 'NONE', #265, .T. ) ;
#1026 = AXIS2_PLACEMENT_3D ( 'NONE', #479, #2710, #658 ) ;
#1027 = ORIENTED_EDGE ( 'NONE', *, *, #2203, .T. ) ;
#1028 = EDGE_CURVE ( 'NONE', #2066, #1064, #2450, .T. ) ;
#1029 = DIRECTION ( 'NONE',  ( 1.000000000000000000, 0.000000000000000000, 0.000000000000000000 ) ) ;
#1030 = AXIS2_PLACEMENT_3D ( 'NONE', #1008, #2855, #2872 ) ;
#1031 = DIRECTION ( 'NONE',  ( -0.000000000000000000, -0.000000000000000000, -1.000000000000000000 ) ) ;
#1032 = CARTESIAN_POINT ( 'NONE',  ( -9.550000000000009592, 9.999999999999996447, -25.99999999999998934 ) ) ;
#1033 = ORIENTED_EDGE ( 'NONE', *, *, #3383, .T. ) ;
#1034 = ORIENTED_EDGE ( 'NONE', *, *, #2320, .T. ) ;
#1035 = DIRECTION ( 'NONE',  ( -0.000000000000000000, -0.000000000000000000, -1.000000000000000000 ) ) ;
#1036 = FACE_OUTER_BOUND ( 'NONE', #846, .T. ) ;
#1037 = DIRECTION ( 'NONE',  ( -0.000000000000000000, -0.000000000000000000, 1.000000000000000000 ) ) ;
#1038 = FACE_OUTER_BOUND ( 'NONE', #2989, .T. ) ;
#1039 = ORIENTED_EDGE ( 'NONE', *, *, #700, .T. ) ;
#1040 = CARTESIAN_POINT ( 'NONE',  ( -63.00000000000000000, -4.999999999999995559, 0.000000000000000000 ) ) ;
#1041 = DIRECTION ( 'NONE',  ( -1.000000000000000000, 0.000000000000000000, 0.000000000000000000 ) ) ;
#1042 = EDGE_CURVE ( 'NONE', #3299, #532, #1906, .T. ) ;
#1043 = ORIENTED_EDGE ( 'NONE', *, *, #1726, .T. ) ;
#1044 = DIRECTION ( 'NONE',  ( -0.000000000000000000, 1.000000000000000000, -0.000000000000000000 ) ) ;
#1045 = CYLINDRICAL_SURFACE ( 'NONE', #2604, 2.750000000000002665 ) ;
#1046 = EDGE_CURVE ( 'NONE', #618, #943, #2968, .T. ) ;
#1047 = DIRECTION ( 'NONE',  ( 1.000000000000000000, 0.000000000000000000, 0.000000000000000000 ) ) ;
#1048 = PLANE ( 'NONE',  #861 ) ;
#1049 = ORIENTED_EDGE ( 'NONE', *, *, #3316, .T. ) ;
#1050 = VERTEX_POINT ( 'NONE', #1702 ) ;
#1051 = DIRECTION ( 'NONE',  ( -0.000000000000000000, -1.000000000000000000, -0.000000000000000000 ) ) ;
#1052 = DIRECTION ( 'NONE',  ( -9.130123557772669567E-17, 1.000000000000000000, -0.000000000000000000 ) ) ;
#1053 = CYLINDRICAL_SURFACE ( 'NONE', #3313, 2.750000000000005773 ) ;
#1054 = DIRECTION ( 'NONE',  ( 0.000000000000000000, -0.000000000000000000, 1.000000000000000000 ) ) ;
#1055 = EDGE_LOOP ( 'NONE', ( #2644, #760, #350, #400, #776 ) ) ;
#1056 = DIRECTION ( 'NONE',  ( -0.000000000000000000, 1.000000000000000000, -0.000000000000000000 ) ) ;
#1057 = ORIENTED_EDGE ( 'NONE', *, *, #73, .F. ) ;
#1058 = DIRECTION ( 'NONE',  ( 0.000000000000000000, 0.000000000000000000, -1.000000000000000000 ) ) ;
#1059 = EDGE_CURVE ( 'NONE', #327, #2749, #699, .T. ) ;
#1060 = CARTESIAN_POINT ( 'NONE',  ( -45.79999999999999005, 4.999999999999992006, -2.999999999999999112 ) ) ;
#1061 = DIRECTION ( 'NONE',  ( 0.000000000000000000, 0.000000000000000000, 1.000000000000000000 ) ) ;
#1062 = LINE ( 'NONE', #1520, #3373 ) ;
#1063 = ADVANCED_FACE ( 'NONE', ( #1496 ), #2783, .F. ) ;
#1064 = VERTEX_POINT ( 'NONE', #1737 ) ;
#1065 = CARTESIAN_POINT ( 'NONE',  ( -0.5499999999999949374, 4.999999999999998224, 6.000000000000000000 ) ) ;
#1066 = LINE ( 'NONE', #3118, #91 ) ;
#1067 = ADVANCED_FACE ( 'NONE', ( #1717 ), #2543, .F. ) ;
#1068 = DIRECTION ( 'NONE',  ( 1.000000000000000000, 0.000000000000000000, 0.000000000000000000 ) ) ;
#1069 = DIRECTION ( 'NONE',  ( -0.000000000000000000, 1.000000000000000000, -0.000000000000000000 ) ) ;
#1070 = AXIS2_PLACEMENT_3D ( 'NONE', #3213, #593, #346 ) ;
#1071 = ORIENTED_EDGE ( 'NONE', *, *, #1265, .F. ) ;
#1072 = DIRECTION ( 'NONE',  ( 2.282530889443168501E-16, 1.000000000000000000, 0.000000000000000000 ) ) ;
#1073 = AXIS2_PLACEMENT_3D ( 'NONE', #229, #213, #500 ) ;
#1074 = AXIS2_PLACEMENT_3D ( 'NONE', #1119, #1912, #2961 ) ;
#1075 = AXIS2_PLACEMENT_3D ( 'NONE', #3106, #264, #1054 ) ;
#1076 = VECTOR ( 'NONE', #480, 1000.000000000000000 ) ;
#1077 = VERTEX_POINT ( 'NONE', #3318 ) ;
#1078 = DIRECTION ( 'NONE',  ( 0.000000000000000000, 0.000000000000000000, 1.000000000000000000 ) ) ;
#1079 = CARTESIAN_POINT ( 'NONE',  ( -45.79999999999999005, -5.000000000000007994, 6.000000000000000000 ) ) ;
#1080 = AXIS2_PLACEMENT_3D ( 'NONE', #3334, #3074, #772 ) ;
#1081 = AXIS2_PLACEMENT_3D ( 'NONE', #2937, #1347, #1098 ) ;
#1082 = CARTESIAN_POINT ( 'NONE',  ( -44.59999999999998721, -20.31665382639196693, 5.999999999999998224 ) ) ;
#1083 = VECTOR ( 'NONE', #3001, 1000.000000000000000 ) ;
#1084 = EDGE_LOOP ( 'NONE', ( #314, #1591 ) ) ;
#1085 = AXIS2_PLACEMENT_3D ( 'NONE', #3008, #2784, #2770 ) ;
#1086 = EDGE_CURVE ( 'NONE', #2009, #663, #199, .T. ) ;
#1087 = DIRECTION ( 'NONE',  ( 0.000000000000000000, 1.000000000000000000, 0.000000000000000000 ) ) ;
#1088 = EDGE_LOOP ( 'NONE', ( #1159, #1957 ) ) ;
#1089 = CARTESIAN_POINT ( 'NONE',  ( -70.50000000000000000, 4.750000000000014211, -17.24999999999999645 ) ) ;
#1090 = CARTESIAN_POINT ( 'NONE',  ( -63.00000000000000000, -4.999999999999995559, 6.000000000000000000 ) ) ;
#1091 = EDGE_CURVE ( 'NONE', #2009, #532, #1482, .T. ) ;
#1092 = EDGE_LOOP ( 'NONE', ( #1264, #2489, #2165, #2858 ) ) ;
#1093 = DIRECTION ( 'NONE',  ( 0.000000000000000000, 0.000000000000000000, 1.000000000000000000 ) ) ;
#1094 = DIRECTION ( 'NONE',  ( 0.000000000000000000, 1.000000000000000000, 0.000000000000000000 ) ) ;
#1095 = ORIENTED_EDGE ( 'NONE', *, *, #2688, .F. ) ;
#1096 = ORIENTED_EDGE ( 'NONE', *, *, #3356, .F. ) ;
#1097 = DIRECTION ( 'NONE',  ( 0.000000000000000000, 0.000000000000000000, 1.000000000000000000 ) ) ;
#1098 = DIRECTION ( 'NONE',  ( -1.000000000000000000, -2.282530889443168008E-16, 0.000000000000000000 ) ) ;
#1099 = CARTESIAN_POINT ( 'NONE',  ( -63.00000000000000000, -4.999999999999995559, -22.94974746830584422 ) ) ;
#1100 = ORIENTED_EDGE ( 'NONE', *, *, #709, .F. ) ;
#1101 = CARTESIAN_POINT ( 'NONE',  ( -70.50000000000000000, 4.750000000000014211, -12.99999999999999822 ) ) ;
#1102 = VERTEX_POINT ( 'NONE', #3073 ) ;
#1103 = EDGE_CURVE ( 'NONE', #1856, #378, #401, .T. ) ;
#1104 = CARTESIAN_POINT ( 'NONE',  ( -131.4499999999999886, 9.999999999999985789, -56.33562262423501465 ) ) ;
#1105 = ORIENTED_EDGE ( 'NONE', *, *, #112, .F. ) ;
#1106 = DIRECTION ( 'NONE',  ( 0.000000000000000000, 0.000000000000000000, 1.000000000000000000 ) ) ;
#1107 = EDGE_CURVE ( 'NONE', #1404, #3330, #2528, .T. ) ;
#1108 = EDGE_LOOP ( 'NONE', ( #3060, #2611, #1113, #391 ) ) ;
#1109 = SURFACE_STYLE_FILL_AREA ( #2196 ) ;
#1110 = FACE_OUTER_BOUND ( 'NONE', #913, .T. ) ;
#1111 = EDGE_CURVE ( 'NONE', #1064, #2750, #2290, .T. ) ;
#1112 = DIRECTION ( 'NONE',  ( -0.000000000000000000, -0.000000000000000000, 1.000000000000000000 ) ) ;
#1113 = ORIENTED_EDGE ( 'NONE', *, *, #887, .F. ) ;
#1114 = DIRECTION ( 'NONE',  ( -2.282530889443168501E-16, 1.000000000000000000, -0.000000000000000000 ) ) ;
#1115 = ORIENTED_EDGE ( 'NONE', *, *, #1311, .T. ) ;
#1116 = PLANE ( 'NONE',  #2988 ) ;
#1117 = DIRECTION ( 'NONE',  ( -0.000000000000000000, 1.000000000000000000, -0.000000000000000000 ) ) ;
#1118 = VERTEX_POINT ( 'NONE', #988 ) ;
#1119 = CARTESIAN_POINT ( 'NONE',  ( -101.4499999999999886, 14.50000000000001776, -23.00000000000002132 ) ) ;
#1120 = EDGE_CURVE ( 'NONE', #1135, #908, #420, .T. ) ;
#1121 = EDGE_LOOP ( 'NONE', ( #1612, #413, #1312, #1598 ) ) ;
#1122 = CARTESIAN_POINT ( 'NONE',  ( -140.4499999999999886, 4.999999999999998224, -2.999999999999999112 ) ) ;
#1123 = DIRECTION ( 'NONE',  ( 1.000000000000000000, 1.541976423090487745E-15, -0.000000000000000000 ) ) ;
#1124 = AXIS2_PLACEMENT_3D ( 'NONE', #397, #646, #1585 ) ;
#1125 = VECTOR ( 'NONE', #1865, 1000.000000000000000 ) ;
#1126 = FACE_BOUND ( 'NONE', #2348, .T. ) ;
#1127 = CIRCLE ( 'NONE', #2326, 1.750000000000001554 ) ;
#1128 = AXIS2_PLACEMENT_3D ( 'NONE', #1089, #2125, #827 ) ;
#1129 = EDGE_CURVE ( 'NONE', #2509, #1230, #3267, .T. ) ;
#1130 = ORIENTED_EDGE ( 'NONE', *, *, #1388, .T. ) ;
#1131 = CARTESIAN_POINT ( 'NONE',  ( -4.500000000000002665, 9.999999999999996447, 5.999999999999998224 ) ) ;
#1132 = VERTEX_POINT ( 'NONE', #1199 ) ;
#1133 = AXIS2_PLACEMENT_3D ( 'NONE', #621, #2135, #48 ) ;
#1134 = CARTESIAN_POINT ( 'NONE',  ( -109.2999999999999972, -1.000000000000000888, -30.99999999999998934 ) ) ;
#1135 = VERTEX_POINT ( 'NONE', #2515 ) ;
#1136 = AXIS2_PLACEMENT_3D ( 'NONE', #680, #733, #3045 ) ;
#1137 = ORIENTED_EDGE ( 'NONE', *, *, #1417, .T. ) ;
#1138 = DIRECTION ( 'NONE',  ( 0.000000000000000000, 0.000000000000000000, 1.000000000000000000 ) ) ;
#1139 = VERTEX_POINT ( 'NONE', #2243 ) ;
#1140 = PLANE ( 'NONE',  #3207 ) ;
#1141 = FACE_OUTER_BOUND ( 'NONE', #1623, .T. ) ;
#1142 = EDGE_CURVE ( 'NONE', #2001, #1198, #1292, .T. ) ;
#1143 = EDGE_LOOP ( 'NONE', ( #2467, #6, #967, #2242 ) ) ;
#1144 = CARTESIAN_POINT ( 'NONE',  ( -60.29999999999994031, 9.999999999999984013, -2.249999999999859668 ) ) ;
#1145 = ORIENTED_EDGE ( 'NONE', *, *, #3150, .F. ) ;
#1146 = DIRECTION ( 'NONE',  ( -0.7071067811865430208, 0.7071067811865521247, -0.000000000000000000 ) ) ;
#1147 = EDGE_CURVE ( 'NONE', #984, #1251, #526, .T. ) ;
#1148 = CARTESIAN_POINT ( 'NONE',  ( -140.4900000000000091, -1.000000000000000888, -33.75000000000000000 ) ) ;
#1149 = VERTEX_POINT ( 'NONE', #128 ) ;
#1150 = CARTESIAN_POINT ( 'NONE',  ( -76.24999999999998579, 14.50000000000001954, 6.000000000000000000 ) ) ;
#1151 = DIRECTION ( 'NONE',  ( -2.282530889443168501E-16, -1.000000000000000000, 0.000000000000000000 ) ) ;
#1152 = ORIENTED_EDGE ( 'NONE', *, *, #368, .F. ) ;
#1153 = ORIENTED_EDGE ( 'NONE', *, *, #1120, .T. ) ;
#1154 = LINE ( 'NONE', #208, #1083 ) ;
#1155 = PLANE ( 'NONE',  #2495 ) ;
#1156 = VERTEX_POINT ( 'NONE', #1975 ) ;
#1157 = EDGE_CURVE ( 'NONE', #3166, #3380, #1178, .T. ) ;
#1158 = LINE ( 'NONE', #2513, #2220 ) ;
#1159 = ORIENTED_EDGE ( 'NONE', *, *, #1474, .F. ) ;
#1160 = DIRECTION ( 'NONE',  ( -0.000000000000000000, -0.000000000000000000, 1.000000000000000000 ) ) ;
#1161 = EDGE_CURVE ( 'NONE', #3041, #3176, #1400, .T. ) ;
#1162 = CARTESIAN_POINT ( 'NONE',  ( 0.000000000000000000, -1.000000000000000888, -13.25000000000000888 ) ) ;
#1163 = ORIENTED_EDGE ( 'NONE', *, *, #851, .F. ) ;
#1164 = ADVANCED_FACE ( 'NONE', ( #167, #1992 ), #1213, .F. ) ;
#1165 = ORIENTED_EDGE ( 'NONE', *, *, #681, .T. ) ;
#1166 = DIRECTION ( 'NONE',  ( 1.000000000000000000, 0.000000000000000000, 0.000000000000000000 ) ) ;
#1167 = DIRECTION ( 'NONE',  ( -1.000000000000000000, 0.000000000000000000, 0.000000000000000000 ) ) ;
#1168 = ORIENTED_EDGE ( 'NONE', *, *, #1329, .T. ) ;
#1169 = DIRECTION ( 'NONE',  ( -0.000000000000000000, -1.000000000000000000, -0.000000000000000000 ) ) ;
#1170 = DIRECTION ( 'NONE',  ( -1.000000000000000000, 0.000000000000000000, 0.000000000000000000 ) ) ;
#1171 = DIRECTION ( 'NONE',  ( 0.000000000000000000, -0.000000000000000000, -1.000000000000000000 ) ) ;
#1172 = AXIS2_PLACEMENT_3D ( 'NONE', #2757, #2264, #1491 ) ;
#1173 = VECTOR ( 'NONE', #1242, 1000.000000000000000 ) ;
#1174 = AXIS2_PLACEMENT_3D ( 'NONE', #1220, #1711, #3275 ) ;
#1175 = ORIENTED_EDGE ( 'NONE', *, *, #3297, .F. ) ;
#1176 = FACE_OUTER_BOUND ( 'NONE', #152, .T. ) ;
#1177 = ORIENTED_EDGE ( 'NONE', *, *, #3044, .T. ) ;
#1178 = LINE ( 'NONE', #926, #1566 ) ;
#1179 = VECTOR ( 'NONE', #841, 1000.000000000000000 ) ;
#1180 = VECTOR ( 'NONE', #3347, 1000.000000000000000 ) ;
#1181 = VECTOR ( 'NONE', #3353, 1000.000000000000000 ) ;
#1182 = DIRECTION ( 'NONE',  ( -1.000000000000000000, 0.000000000000000000, 0.000000000000000000 ) ) ;
#1183 = ORIENTED_EDGE ( 'NONE', *, *, #15, .F. ) ;
#1184 = EDGE_CURVE ( 'NONE', #1823, #933, #3099, .T. ) ;
#1185 = VECTOR ( 'NONE', #592, 1000.000000000000000 ) ;
#1186 = AXIS2_PLACEMENT_3D ( 'NONE', #3296, #953, #3042 ) ;
#1187 = ORIENTED_EDGE ( 'NONE', *, *, #978, .T. ) ;
#1188 = CYLINDRICAL_SURFACE ( 'NONE', #2493, 3.250000000000002665 ) ;
#1189 = AXIS2_PLACEMENT_3D ( 'NONE', #3298, #701, #990 ) ;
#1190 = CARTESIAN_POINT ( 'NONE',  ( -39.54999999999999005, -10.00000000000000178, -25.99999999999998934 ) ) ;
#1191 = EDGE_CURVE ( 'NONE', #1202, #870, #1005, .T. ) ;
#1192 = ORIENTED_EDGE ( 'NONE', *, *, #2015, .F. ) ;
#1193 = CARTESIAN_POINT ( 'NONE',  ( -64.75000000000000000, -4.999999999999995559, -22.94974746830584422 ) ) ;
#1194 = FACE_BOUND ( 'NONE', #1301, .T. ) ;
#1195 = DIRECTION ( 'NONE',  ( -0.000000000000000000, 1.000000000000000000, -0.000000000000000000 ) ) ;
#1196 = VERTEX_POINT ( 'NONE', #2868 ) ;
#1197 = CARTESIAN_POINT ( 'NONE',  ( -51.29999999999999716, -5.000000000000007994, -2.999999999999999112 ) ) ;
#1198 = VERTEX_POINT ( 'NONE', #1079 ) ;
#1199 = CARTESIAN_POINT ( 'NONE',  ( -145.5000000000000000, -2.312964634635627408E-14, -35.99999999999999289 ) ) ;
#1200 = DIRECTION ( 'NONE',  ( -7.228014483236695816E-17, -1.000000000000000000, 0.000000000000000000 ) ) ;
#1201 = ORIENTED_EDGE ( 'NONE', *, *, #1786, .F. ) ;
#1202 = VERTEX_POINT ( 'NONE', #471 ) ;
#1203 = PLANE ( 'NONE',  #1231 ) ;
#1204 = ADVANCED_FACE ( 'NONE', ( #232 ), #272, .F. ) ;
#1205 = DIRECTION ( 'NONE',  ( 0.000000000000000000, 0.000000000000000000, -1.000000000000000000 ) ) ;
#1206 = VERTEX_POINT ( 'NONE', #2374 ) ;
#1207 = FACE_OUTER_BOUND ( 'NONE', #243, .T. ) ;
#1208 = ADVANCED_FACE ( 'NONE', ( #2595 ), #1820, .F. ) ;
#1209 = CARTESIAN_POINT ( 'NONE',  ( -70.50000000000000000, 19.50000000000000355, -9.449999999999999289 ) ) ;
#1210 = EDGE_LOOP ( 'NONE', ( #972, #781, #3307, #2395 ) ) ;
#1211 = DIRECTION ( 'NONE',  ( -0.000000000000000000, -1.000000000000000000, -0.000000000000000000 ) ) ;
#1212 = ORIENTED_EDGE ( 'NONE', *, *, #472, .F. ) ;
#1213 = PLANE ( 'NONE',  #1186 ) ;
#1214 = DIRECTION ( 'NONE',  ( -0.000000000000000000, -0.000000000000000000, 1.000000000000000000 ) ) ;
#1215 = ORIENTED_EDGE ( 'NONE', *, *, #949, .T. ) ;
#1216 = EDGE_LOOP ( 'NONE', ( #296, #206 ) ) ;
#1217 = FACE_OUTER_BOUND ( 'NONE', #609, .T. ) ;
#1218 = DIRECTION ( 'NONE',  ( -1.000000000000000000, 0.000000000000000000, 0.000000000000000000 ) ) ;
#1219 = ORIENTED_EDGE ( 'NONE', *, *, #1103, .T. ) ;
#1220 = CARTESIAN_POINT ( 'NONE',  ( -63.00000000000000000, -4.999999999999995559, 0.000000000000000000 ) ) ;
#1221 = CARTESIAN_POINT ( 'NONE',  ( -68.59999999999999432, 4.750000000000014211, -12.99999999999999822 ) ) ;
#1222 = EDGE_CURVE ( 'NONE', #1423, #783, #1533, .T. ) ;
#1223 = ORIENTED_EDGE ( 'NONE', *, *, #2012, .T. ) ;
#1224 = CARTESIAN_POINT ( 'NONE',  ( -48.54999999999999716, -5.000000000000007994, -2.999999999999999112 ) ) ;
#1225 = DIRECTION ( 'NONE',  ( 0.000000000000000000, 0.000000000000000000, 1.000000000000000000 ) ) ;
#1226 = ADVANCED_FACE ( 'NONE', ( #1517, #2068, #3163 ), #1277, .F. ) ;
#1227 = VECTOR ( 'NONE', #1072, 1000.000000000000000 ) ;
#1228 = DIRECTION ( 'NONE',  ( -1.000000000000000000, 0.000000000000000000, -0.000000000000000000 ) ) ;
#1229 = AXIS2_PLACEMENT_3D ( 'NONE', #163, #124, #2741 ) ;
#1230 = VERTEX_POINT ( 'NONE', #1858 ) ;
#1231 = AXIS2_PLACEMENT_3D ( 'NONE', #914, #688, #3011 ) ;
#1232 = VECTOR ( 'NONE', #1238, 1000.000000000000000 ) ;
#1233 = CIRCLE ( 'NONE', #1665, 3.250000000000002665 ) ;
#1234 = EDGE_LOOP ( 'NONE', ( #1096, #385 ) ) ;
#1235 = FACE_OUTER_BOUND ( 'NONE', #1782, .T. ) ;
#1236 = CARTESIAN_POINT ( 'NONE',  ( -59.74999999999999289, 14.50000000000001954, 15.19238815542513521 ) ) ;
#1237 = VECTOR ( 'NONE', #900, 1000.000000000000000 ) ;
#1238 = DIRECTION ( 'NONE',  ( -0.000000000000000000, -0.000000000000000000, 1.000000000000000000 ) ) ;
#1239 = EDGE_LOOP ( 'NONE', ( #491, #1445, #1379, #568, #2967, #508, #2734, #2152, #374, #1357 ) ) ;
#1240 = VECTOR ( 'NONE', #238, 1000.000000000000000 ) ;
#1241 = DIRECTION ( 'NONE',  ( 1.000000000000000000, 0.000000000000000000, 0.000000000000000000 ) ) ;
#1242 = DIRECTION ( 'NONE',  ( -9.130123557772670799E-17, -1.000000000000000000, 0.000000000000000000 ) ) ;
#1243 = AXIS2_PLACEMENT_3D ( 'NONE', #1382, #1356, #907 ) ;
#1244 = ORIENTED_EDGE ( 'NONE', *, *, #2959, .F. ) ;
#1245 = CARTESIAN_POINT ( 'NONE',  ( -141.0000000000000000, -1.000000000000000888, -7.749999999999990230 ) ) ;
#1246 = EDGE_CURVE ( 'NONE', #1331, #1741, #310, .T. ) ;
#1247 = DIRECTION ( 'NONE',  ( 0.000000000000000000, 0.000000000000000000, 1.000000000000000000 ) ) ;
#1248 = LINE ( 'NONE', #732, #354 ) ;
#1249 = CARTESIAN_POINT ( 'NONE',  ( -63.00000000000000000, 14.50000000000001954, 15.19238815542513521 ) ) ;
#1250 = ADVANCED_FACE ( 'NONE', ( #2892 ), #253, .T. ) ;
#1251 = VERTEX_POINT ( 'NONE', #2359 ) ;
#1252 = ORIENTED_EDGE ( 'NONE', *, *, #1456, .F. ) ;
#1253 = CYLINDRICAL_SURFACE ( 'NONE', #3096, 2.750000000000009326 ) ;
#1254 = FACE_BOUND ( 'NONE', #3062, .T. ) ;
#1255 = FACE_OUTER_BOUND ( 'NONE', #605, .T. ) ;
#1256 = LINE ( 'NONE', #2300, #2381 ) ;
#1257 = VERTEX_POINT ( 'NONE', #2563 ) ;
#1258 = CARTESIAN_POINT ( 'NONE',  ( -31.69999999999999218, -10.00000000000000000, -33.74999999999999289 ) ) ;
#1259 = DIRECTION ( 'NONE',  ( -1.000000000000000000, 0.000000000000000000, 0.000000000000000000 ) ) ;
#1260 = ORIENTED_EDGE ( 'NONE', *, *, #2060, .T. ) ;
#1261 = CARTESIAN_POINT ( 'NONE',  ( -101.4499999999999886, 19.50000000000000355, -35.99999999999999289 ) ) ;
#1262 = CARTESIAN_POINT ( 'NONE',  ( -101.4499999999999886, 14.50000000000001776, -56.33562262423501465 ) ) ;
#1263 = LINE ( 'NONE', #3349, #26 ) ;
#1264 = ORIENTED_EDGE ( 'NONE', *, *, #2320, .F. ) ;
#1265 = EDGE_CURVE ( 'NONE', #2715, #1331, #3094, .T. ) ;
#1266 = VERTEX_POINT ( 'NONE', #3143 ) ;
#1267 = DIRECTION ( 'NONE',  ( 0.000000000000000000, 0.000000000000000000, 1.000000000000000000 ) ) ;
#1268 = DIRECTION ( 'NONE',  ( 1.000000000000000000, 0.000000000000000000, 0.000000000000000000 ) ) ;
#1269 = CARTESIAN_POINT ( 'NONE',  ( -70.50000000000000000, 18.75000000000000355, 0.9999999999999954481 ) ) ;
#1270 = DIRECTION ( 'NONE',  ( 1.000000000000000000, 0.000000000000000000, 0.000000000000000000 ) ) ;
#1271 = EDGE_CURVE ( 'NONE', #2514, #2605, #2275, .T. ) ;
#1272 = VERTEX_POINT ( 'NONE', #216 ) ;
#1273 = DIRECTION ( 'NONE',  ( 0.000000000000000000, 0.000000000000000000, 1.000000000000000000 ) ) ;
#1274 = DIRECTION ( 'NONE',  ( 1.541976423090487350E-15, -1.000000000000000000, 0.000000000000000000 ) ) ;
#1275 = VERTEX_POINT ( 'NONE', #756 ) ;
#1276 = CARTESIAN_POINT ( 'NONE',  ( -9.550000000000009592, 9.999999999999948486, -35.99999999999999289 ) ) ;
#1277 = PLANE ( 'NONE',  #2059 ) ;
#1278 = CARTESIAN_POINT ( 'NONE',  ( -70.50000000000000000, 14.50000000000000178, 0.9999999999999954481 ) ) ;
#1279 = ORIENTED_EDGE ( 'NONE', *, *, #1907, .F. ) ;
#1280 = AXIS2_PLACEMENT_3D ( 'NONE', #2808, #3308, #657 ) ;
#1281 = EDGE_LOOP ( 'NONE', ( #562, #585, #3210, #1137 ) ) ;
#1282 = AXIS2_PLACEMENT_3D ( 'NONE', #464, #3108, #1274 ) ;
#1283 = CARTESIAN_POINT ( 'NONE',  ( -145.5000000000000000, -10.00000000000004619, -25.99999999999998934 ) ) ;
#1284 = DIRECTION ( 'NONE',  ( -0.000000000000000000, -0.000000000000000000, -1.000000000000000000 ) ) ;
#1285 = CYLINDRICAL_SURFACE ( 'NONE', #3310, 1.750000000000001554 ) ;
#1286 = EDGE_CURVE ( 'NONE', #1257, #113, #1789, .T. ) ;
#1287 = PLANE ( 'NONE',  #82 ) ;
#1288 = CIRCLE ( 'NONE', #3033, 3.250000000000002665 ) ;
#1289 = AXIS2_PLACEMENT_3D ( 'NONE', #1524, #813, #2622 ) ;
#1290 = ORIENTED_EDGE ( 'NONE', *, *, #1222, .F. ) ;
#1291 = CYLINDRICAL_SURFACE ( 'NONE', #303, 2.750000000000000000 ) ;
#1292 = CIRCLE ( 'NONE', #2929, 2.750000000000002665 ) ;
#1293 = ADVANCED_FACE ( 'NONE', ( #2323 ), #2080, .F. ) ;
#1294 = CYLINDRICAL_SURFACE ( 'NONE', #1927, 2.750000000000002665 ) ;
#1295 = VECTOR ( 'NONE', #1123, 1000.000000000000000 ) ;
#1296 = ORIENTED_EDGE ( 'NONE', *, *, #490, .F. ) ;
#1297 = CYLINDRICAL_SURFACE ( 'NONE', #414, 2.750000000000000000 ) ;
#1298 = AXIS2_PLACEMENT_3D ( 'NONE', #3200, #311, #860 ) ;
#1299 = DIRECTION ( 'NONE',  ( 1.000000000000000000, 0.000000000000000000, 0.000000000000000000 ) ) ;
#1300 = CYLINDRICAL_SURFACE ( 'NONE', #2048, 3.250000000000002665 ) ;
#1301 = EDGE_LOOP ( 'NONE', ( #236, #2637 ) ) ;
#1302 = ORIENTED_EDGE ( 'NONE', *, *, #300, .T. ) ;
#1303 = DIRECTION ( 'NONE',  ( -1.000000000000000000, 0.000000000000000000, 0.000000000000000000 ) ) ;
#1304 = CARTESIAN_POINT ( 'NONE',  ( -4.500000000000002665, 9.999999999999996447, -18.00000000000000000 ) ) ;
#1305 = CARTESIAN_POINT ( 'NONE',  ( -63.00000000000000000, 14.50000000000001954, -18.00000000000000000 ) ) ;
#1306 = CARTESIAN_POINT ( 'NONE',  ( -9.550000000000009592, 9.999999999999985789, -23.00000000000003553 ) ) ;
#1307 = ADVANCED_FACE ( 'NONE', ( #3386 ), #1045, .F. ) ;
#1308 = VERTEX_POINT ( 'NONE', #1060 ) ;
#1309 = LINE ( 'NONE', #2354, #1828 ) ;
#1310 = CARTESIAN_POINT ( 'NONE',  ( -92.44999999999998863, -5.000000000000007994, -2.999999999999999112 ) ) ;
#1311 = EDGE_CURVE ( 'NONE', #2061, #383, #1349, .T. ) ;
#1312 = ORIENTED_EDGE ( 'NONE', *, *, #1461, .F. ) ;
#1313 = FACE_OUTER_BOUND ( 'NONE', #1714, .T. ) ;
#1314 = DIRECTION ( 'NONE',  ( -1.000000000000000000, 1.541976423090487350E-15, 0.000000000000000000 ) ) ;
#1315 = EDGE_CURVE ( 'NONE', #791, #950, #2952, .T. ) ;
#1316 = DIRECTION ( 'NONE',  ( 0.000000000000000000, 0.000000000000000000, 1.000000000000000000 ) ) ;
#1317 = DIRECTION ( 'NONE',  ( 1.000000000000000000, 0.000000000000000000, 0.000000000000000000 ) ) ;
#1318 = ORIENTED_EDGE ( 'NONE', *, *, #1433, .F. ) ;
#1319 = DIRECTION ( 'NONE',  ( 1.000000000000000000, 0.000000000000000000, -0.000000000000000000 ) ) ;
#1320 = CARTESIAN_POINT ( 'NONE',  ( -70.50000000000000000, 18.75000000000000355, -13.00000000000000355 ) ) ;
#1321 = DIRECTION ( 'NONE',  ( 0.000000000000000000, 0.000000000000000000, -1.000000000000000000 ) ) ;
#1322 = CARTESIAN_POINT ( 'NONE',  ( 18.64213562373096522, -4.609296836761649418E-14, -25.99999999999998934 ) ) ;
#1323 = ORIENTED_EDGE ( 'NONE', *, *, #2994, .T. ) ;
#1324 = CARTESIAN_POINT ( 'NONE',  ( -70.50000000000000000, 14.50000000000000178, -13.00000000000000355 ) ) ;
#1325 = DIRECTION ( 'NONE',  ( 0.000000000000000000, 0.000000000000000000, -1.000000000000000000 ) ) ;
#1326 = EDGE_LOOP ( 'NONE', ( #1944, #2192, #1430, #883 ) ) ;
#1327 = CYLINDRICAL_SURFACE ( 'NONE', #2550, 1.900000000000002354 ) ;
#1328 = DIRECTION ( 'NONE',  ( 0.000000000000000000, -1.000000000000000000, 0.000000000000000000 ) ) ;
#1329 = EDGE_CURVE ( 'NONE', #2410, #1576, #3260, .T. ) ;
#1330 = CARTESIAN_POINT ( 'NONE',  ( -143.1999999999999886, 4.999999999999998224, 6.000000000000000000 ) ) ;
#1331 = VERTEX_POINT ( 'NONE', #367 ) ;
#1332 = EDGE_CURVE ( 'NONE', #2899, #3266, #869, .T. ) ;
#1333 = CYLINDRICAL_SURFACE ( 'NONE', #2000, 3.250000000000002665 ) ;
#1334 = DIRECTION ( 'NONE',  ( 9.130123557772670799E-17, 1.000000000000000000, -0.000000000000000000 ) ) ;
#1335 = CARTESIAN_POINT ( 'NONE',  ( -59.74999999999999289, -4.999999999999995559, 15.19238815542513521 ) ) ;
#1336 = AXIS2_PLACEMENT_3D ( 'NONE', #22, #1422, #965 ) ;
#1337 = ORIENTED_EDGE ( 'NONE', *, *, #536, .F. ) ;
#1338 = CARTESIAN_POINT ( 'NONE',  ( -143.1999999999999886, 4.999999999999998224, -2.999999999999999112 ) ) ;
#1339 = VECTOR ( 'NONE', #2672, 1000.000000000000000 ) ;
#1340 = FACE_OUTER_BOUND ( 'NONE', #1694, .T. ) ;
#1341 = VECTOR ( 'NONE', #3381, 1000.000000000000000 ) ;
#1342 = EDGE_LOOP ( 'NONE', ( #3083, #3046 ) ) ;
#1343 = VECTOR ( 'NONE', #98, 1000.000000000000000 ) ;
#1344 = AXIS2_PLACEMENT_3D ( 'NONE', #2881, #1399, #1850 ) ;
#1345 = VERTEX_POINT ( 'NONE', #2147 ) ;
#1346 = DIRECTION ( 'NONE',  ( -0.000000000000000000, -1.000000000000000000, -0.000000000000000000 ) ) ;
#1347 = DIRECTION ( 'NONE',  ( -2.282530889443168008E-16, 1.000000000000000000, 0.000000000000000000 ) ) ;
#1348 = AXIS2_PLACEMENT_3D ( 'NONE', #1599, #822, #868 ) ;
#1349 = CIRCLE ( 'NONE', #1133, 2.750000000000002665 ) ;
#1350 = ADVANCED_FACE ( 'NONE', ( #850 ), #2711, .F. ) ;
#1351 = LINE ( 'NONE', #1082, #306 ) ;
#1352 = AXIS2_PLACEMENT_3D ( 'NONE', #203, #2244, #1228 ) ;
#1353 = VERTEX_POINT ( 'NONE', #332 ) ;
#1354 = CIRCLE ( 'NONE', #1298, 1.900000000000001688 ) ;
#1355 = ADVANCED_FACE ( 'NONE', ( #1600 ), #2425, .F. ) ;
#1356 = DIRECTION ( 'NONE',  ( 0.000000000000000000, -1.000000000000000000, 0.000000000000000000 ) ) ;
#1357 = ORIENTED_EDGE ( 'NONE', *, *, #2097, .F. ) ;
#1358 = DIRECTION ( 'NONE',  ( 0.000000000000000000, 0.000000000000000000, 1.000000000000000000 ) ) ;
#1359 = ORIENTED_EDGE ( 'NONE', *, *, #1720, .T. ) ;
#1360 = FACE_OUTER_BOUND ( 'NONE', #155, .T. ) ;
#1361 = DIRECTION ( 'NONE',  ( 0.000000000000000000, 0.000000000000000000, 1.000000000000000000 ) ) ;
#1362 = ORIENTED_EDGE ( 'NONE', *, *, #845, .T. ) ;
#1363 = CARTESIAN_POINT ( 'NONE',  ( -140.4900000000000091, -1.000000000000000888, -33.75000000000000000 ) ) ;
#1364 = FACE_OUTER_BOUND ( 'NONE', #1627, .T. ) ;
#1365 = CARTESIAN_POINT ( 'NONE',  ( -63.00000000000000000, 14.50000000000001954, 6.000000000000000000 ) ) ;
#1366 = ORIENTED_EDGE ( 'NONE', *, *, #1958, .F. ) ;
#1367 = DIRECTION ( 'NONE',  ( -1.541976423090487350E-15, 1.000000000000000000, 0.000000000000000000 ) ) ;
#1368 = VERTEX_POINT ( 'NONE', #1411 ) ;
#1369 = DIRECTION ( 'NONE',  ( -0.000000000000000000, -1.000000000000000000, -0.000000000000000000 ) ) ;
#1370 = DIRECTION ( 'NONE',  ( 0.000000000000000000, 1.000000000000000000, 0.000000000000000000 ) ) ;
#1371 = ADVANCED_FACE ( 'NONE', ( #109, #1126, #1633 ), #1155, .F. ) ;
#1372 = EDGE_LOOP ( 'NONE', ( #322, #3338, #2800, #2438 ) ) ;
#1373 = DIRECTION ( 'NONE',  ( 0.000000000000000000, 0.000000000000000000, -1.000000000000000000 ) ) ;
#1374 = EDGE_CURVE ( 'NONE', #1472, #1864, #2679, .T. ) ;
#1375 = ORIENTED_EDGE ( 'NONE', *, *, #858, .T. ) ;
#1376 = CYLINDRICAL_SURFACE ( 'NONE', #622, 2.750000000000002665 ) ;
#1377 = PLANE ( 'NONE',  #638 ) ;
#1378 = CARTESIAN_POINT ( 'NONE',  ( -101.4500000000000028, -10.00000000000000178, -35.99999999999999289 ) ) ;
#1379 = ORIENTED_EDGE ( 'NONE', *, *, #341, .F. ) ;
#1380 = FACE_OUTER_BOUND ( 'NONE', #1143, .T. ) ;
#1381 = ORIENTED_EDGE ( 'NONE', *, *, #57, .F. ) ;
#1382 = CARTESIAN_POINT ( 'NONE',  ( -140.4900000000000091, -10.00000000000000000, -30.99999999999999289 ) ) ;
#1383 = EDGE_LOOP ( 'NONE', ( #329, #625, #1049, #3102 ) ) ;
#1384 = ORIENTED_EDGE ( 'NONE', *, *, #601, .T. ) ;
#1385 = EDGE_CURVE ( 'NONE', #597, #3274, #608, .T. ) ;
#1386 = ORIENTED_EDGE ( 'NONE', *, *, #2571, .F. ) ;
#1387 = CARTESIAN_POINT ( 'NONE',  ( -44.59999999999999432, 9.999999999999987566, -18.00000000000000000 ) ) ;
#1388 = EDGE_CURVE ( 'NONE', #204, #1539, #1996, .T. ) ;
#1389 = CARTESIAN_POINT ( 'NONE',  ( 4.500000000000000000, 19.50000000000000355, 6.000000000000000000 ) ) ;
#1390 = AXIS2_PLACEMENT_3D ( 'NONE', #2160, #3208, #879 ) ;
#1391 = CIRCLE ( 'NONE', #188, 2.750000000000005773 ) ;
#1392 = DIRECTION ( 'NONE',  ( 1.000000000000000000, 0.000000000000000000, 0.000000000000000000 ) ) ;
#1393 = CIRCLE ( 'NONE', #800, 3.550000000000003819 ) ;
#1394 = AXIS2_PLACEMENT_3D ( 'NONE', #512, #2572, #2056 ) ;
#1395 = VERTEX_POINT ( 'NONE', #2398 ) ;
#1396 = CARTESIAN_POINT ( 'NONE',  ( -70.50000000000000000, 18.75000000000000355, -0.9000000000000062395 ) ) ;
#1397 = AXIS2_PLACEMENT_3D ( 'NONE', #2871, #527, #1550 ) ;
#1398 = ORIENTED_EDGE ( 'NONE', *, *, #3234, .F. ) ;
#1399 = DIRECTION ( 'NONE',  ( 0.000000000000000000, -0.000000000000000000, -1.000000000000000000 ) ) ;
#1400 = CIRCLE ( 'NONE', #1722, 3.549999999999997602 ) ;
#1401 = VECTOR ( 'NONE', #10, 1000.000000000000000 ) ;
#1402 = LINE ( 'NONE', #102, #640 ) ;
#1403 = VECTOR ( 'NONE', #1369, 1000.000000000000000 ) ;
#1404 = VERTEX_POINT ( 'NONE', #1647 ) ;
#1405 = CARTESIAN_POINT ( 'NONE',  ( -31.69999999999999218, -1.000000000000000888, -30.99999999999998934 ) ) ;
#1406 = CARTESIAN_POINT ( 'NONE',  ( -70.50000000000000000, 18.75000000000000355, -13.00000000000000355 ) ) ;
#1407 = EDGE_CURVE ( 'NONE', #2944, #671, #3180, .T. ) ;
#1408 = ORIENTED_EDGE ( 'NONE', *, *, #2249, .T. ) ;
#1409 = DIRECTION ( 'NONE',  ( 0.000000000000000000, 0.000000000000000000, 1.000000000000000000 ) ) ;
#1410 = DIRECTION ( 'NONE',  ( -1.000000000000000000, 0.000000000000000000, 0.000000000000000000 ) ) ;
#1411 = CARTESIAN_POINT ( 'NONE',  ( -131.4499999999999886, 9.999999999999953815, -35.99999999999999289 ) ) ;
#1412 = ADVANCED_FACE ( 'NONE', ( #836 ), #1869, .F. ) ;
#1413 = ORIENTED_EDGE ( 'NONE', *, *, #2634, .F. ) ;
#1414 = CARTESIAN_POINT ( 'NONE',  ( -44.54999999999999005, -10.00000000000000000, 13.50000000000001243 ) ) ;
#1415 = ORIENTED_EDGE ( 'NONE', *, *, #2508, .T. ) ;
#1416 = CARTESIAN_POINT ( 'NONE',  ( -96.45000000000001705, 19.50000000000000355, -18.00000000000000000 ) ) ;
#1417 = EDGE_CURVE ( 'NONE', #3266, #2288, #467, .T. ) ;
#1418 = DIRECTION ( 'NONE',  ( -9.130123557772669567E-17, -1.000000000000000000, 0.000000000000000000 ) ) ;
#1419 = ORIENTED_EDGE ( 'NONE', *, *, #2923, .F. ) ;
#1420 = ORIENTED_EDGE ( 'NONE', *, *, #1622, .T. ) ;
#1421 = FACE_OUTER_BOUND ( 'NONE', #214, .T. ) ;
#1422 = DIRECTION ( 'NONE',  ( 0.000000000000000000, 0.000000000000000000, -1.000000000000000000 ) ) ;
#1423 = VERTEX_POINT ( 'NONE', #2443 ) ;
#1424 = FACE_OUTER_BOUND ( 'NONE', #2526, .T. ) ;
#1425 = CARTESIAN_POINT ( 'NONE',  ( -31.69999999999999218, -1.000000000000000888, -30.99999999999998934 ) ) ;
#1426 = CARTESIAN_POINT ( 'NONE',  ( -72.39999999999999147, 4.750000000000014211, -12.99999999999999822 ) ) ;
#1427 = VERTEX_POINT ( 'NONE', #95 ) ;
#1428 = CYLINDRICAL_SURFACE ( 'NONE', #2603, 1.750000000000001554 ) ;
#1429 = ADVANCED_FACE ( 'NONE', ( #1141 ), #61, .F. ) ;
#1430 = ORIENTED_EDGE ( 'NONE', *, *, #3288, .T. ) ;
#1431 = DIRECTION ( 'NONE',  ( -0.000000000000000000, -0.000000000000000000, -1.000000000000000000 ) ) ;
#1432 = DIRECTION ( 'NONE',  ( -0.000000000000000000, 1.000000000000000000, -0.000000000000000000 ) ) ;
#1433 = EDGE_CURVE ( 'NONE', #1345, #1202, #751, .T. ) ;
#1434 = VERTEX_POINT ( 'NONE', #3015 ) ;
#1435 = VERTEX_POINT ( 'NONE', #1209 ) ;
#1436 = CARTESIAN_POINT ( 'NONE',  ( -131.4499999999999886, 9.999999999999952038, -25.99999999999998934 ) ) ;
#1437 = CARTESIAN_POINT ( 'NONE',  ( -74.74999999999998579, -4.999999999999995559, -18.00000000000000000 ) ) ;
#1438 = ORIENTED_EDGE ( 'NONE', *, *, #2339, .F. ) ;
#1439 = CARTESIAN_POINT ( 'NONE',  ( -63.00000000000000000, 14.50000000000001954, 6.000000000000000000 ) ) ;
#1440 = FACE_BOUND ( 'NONE', #1982, .T. ) ;
#1441 = FACE_OUTER_BOUND ( 'NONE', #2866, .T. ) ;
#1442 = PRESENTATION_LAYER_ASSIGNMENT (  '', '', ( #242 ) ) ;
#1443 = AXIS2_PLACEMENT_3D ( 'NONE', #1310, #782, #1259 ) ;
#1444 = AXIS2_PLACEMENT_3D ( 'NONE', #3122, #294, #3160 ) ;
#1445 = ORIENTED_EDGE ( 'NONE', *, *, #158, .T. ) ;
#1446 = DIRECTION ( 'NONE',  ( -1.000000000000000000, 0.000000000000000000, 0.000000000000000000 ) ) ;
#1447 = ORIENTED_EDGE ( 'NONE', *, *, #2039, .T. ) ;
#1448 = DIRECTION ( 'NONE',  ( 2.224004456380522396E-16, 1.000000000000000000, 0.000000000000000000 ) ) ;
#1449 = CIRCLE ( 'NONE', #2544, 3.250000000000002665 ) ;
#1450 = VECTOR ( 'NONE', #1540, 1000.000000000000000 ) ;
#1451 = EDGE_CURVE ( 'NONE', #602, #753, #922, .T. ) ;
#1452 = VECTOR ( 'NONE', #2618, 1000.000000000000000 ) ;
#1453 = CARTESIAN_POINT ( 'NONE',  ( -131.4499999999999886, 19.50000000000000355, -35.99999999999999289 ) ) ;
#1454 = ORIENTED_EDGE ( 'NONE', *, *, #2465, .F. ) ;
#1455 = CIRCLE ( 'NONE', #3098, 2.750000000000009326 ) ;
#1456 = EDGE_CURVE ( 'NONE', #283, #1149, #2726, .T. ) ;
#1457 = EDGE_LOOP ( 'NONE', ( #796, #957, #1302, #3201 ) ) ;
#1458 = CARTESIAN_POINT ( 'NONE',  ( -39.54999999999999005, 9.999999999999994671, -23.00000000000002132 ) ) ;
#1459 = VECTOR ( 'NONE', #1214, 1000.000000000000000 ) ;
#1460 = PLANE ( 'NONE',  #848 ) ;
#1461 = EDGE_CURVE ( 'NONE', #103, #2022, #2972, .T. ) ;
#1462 = VERTEX_POINT ( 'NONE', #3262 ) ;
#1463 = PLANE ( 'NONE',  #2698 ) ;
#1464 = DIRECTION ( 'NONE',  ( -0.000000000000000000, -0.000000000000000000, -1.000000000000000000 ) ) ;
#1465 = ORIENTED_EDGE ( 'NONE', *, *, #890, .F. ) ;
#1466 = CARTESIAN_POINT ( 'NONE',  ( -70.50000000000000000, 4.750000000000014211, -12.99999999999999822 ) ) ;
#1467 = VERTEX_POINT ( 'NONE', #1426 ) ;
#1468 = CARTESIAN_POINT ( 'NONE',  ( -136.4999999999999716, -10.00000000000000178, 6.000000000000000000 ) ) ;
#1469 = DIRECTION ( 'NONE',  ( 0.000000000000000000, 0.000000000000000000, 1.000000000000000000 ) ) ;
#1470 = ORIENTED_EDGE ( 'NONE', *, *, #1147, .F. ) ;
#1471 = EDGE_CURVE ( 'NONE', #2822, #671, #1697, .T. ) ;
#1472 = VERTEX_POINT ( 'NONE', #3055 ) ;
#1473 = DIRECTION ( 'NONE',  ( -0.000000000000000000, -0.000000000000000000, -1.000000000000000000 ) ) ;
#1474 = EDGE_CURVE ( 'NONE', #943, #710, #245, .T. ) ;
#1475 = FACE_OUTER_BOUND ( 'NONE', #734, .T. ) ;
#1476 = ORIENTED_EDGE ( 'NONE', *, *, #992, .F. ) ;
#1477 = DIRECTION ( 'NONE',  ( -0.000000000000000000, 1.000000000000000000, -0.000000000000000000 ) ) ;
#1478 = ADVANCED_FACE ( 'NONE', ( #3002 ), #1970, .F. ) ;
#1479 = DIRECTION ( 'NONE',  ( 1.000000000000000000, 0.000000000000000000, 0.000000000000000000 ) ) ;
#1480 = ORIENTED_EDGE ( 'NONE', *, *, #2918, .T. ) ;
#1481 = DIRECTION ( 'NONE',  ( -0.000000000000000000, -0.000000000000000000, 1.000000000000000000 ) ) ;
#1482 = LINE ( 'NONE', #1468, #145 ) ;
#1483 = DIRECTION ( 'NONE',  ( 0.000000000000000000, 0.000000000000000000, -1.000000000000000000 ) ) ;
#1484 = ORIENTED_EDGE ( 'NONE', *, *, #2213, .T. ) ;
#1485 = VERTEX_POINT ( 'NONE', #1221 ) ;
#1486 = LINE ( 'NONE', #1755, #1772 ) ;
#1487 = CARTESIAN_POINT ( 'NONE',  ( 4.500000000000002665, -2.255140518769845436E-14, -35.99999999999999289 ) ) ;
#1488 = DIRECTION ( 'NONE',  ( -1.000000000000000000, -9.130123557772669567E-17, 0.000000000000000000 ) ) ;
#1489 = EDGE_CURVE ( 'NONE', #1462, #1395, #1827, .T. ) ;
#1490 = EDGE_LOOP ( 'NONE', ( #2309, #1928, #1187, #1503 ) ) ;
#1491 = DIRECTION ( 'NONE',  ( 0.000000000000000000, 0.000000000000000000, 1.000000000000000000 ) ) ;
#1492 = DIRECTION ( 'NONE',  ( -1.000000000000000000, 0.000000000000000000, 0.000000000000000000 ) ) ;
#1493 = EDGE_CURVE ( 'NONE', #1856, #1272, #1748, .T. ) ;
#1494 = ORIENTED_EDGE ( 'NONE', *, *, #745, .T. ) ;
#1495 = LINE ( 'NONE', #1276, #1180 ) ;
#1496 = FACE_OUTER_BOUND ( 'NONE', #1383, .T. ) ;
#1497 = VECTOR ( 'NONE', #798, 1000.000000000000000 ) ;
#1498 = CIRCLE ( 'NONE', #3088, 1.750000000000001554 ) ;
#1499 = DIRECTION ( 'NONE',  ( -0.000000000000000000, 1.000000000000000000, -0.000000000000000000 ) ) ;
#1500 = CIRCLE ( 'NONE', #2101, 2.750000000000005773 ) ;
#1501 = AXIS2_PLACEMENT_3D ( 'NONE', #3185, #2126, #1863 ) ;
#1502 = AXIS2_PLACEMENT_3D ( 'NONE', #1593, #815, #1068 ) ;
#1503 = ORIENTED_EDGE ( 'NONE', *, *, #676, .T. ) ;
#1504 = LINE ( 'NONE', #223, #3034 ) ;
#1505 = CYLINDRICAL_SURFACE ( 'NONE', #1026, 1.750000000000001554 ) ;
#1506 = DIRECTION ( 'NONE',  ( 0.000000000000000000, 0.000000000000000000, -1.000000000000000000 ) ) ;
#1507 = VECTOR ( 'NONE', #13, 1000.000000000000000 ) ;
#1508 = DIRECTION ( 'NONE',  ( -1.000000000000000000, 0.000000000000000000, 0.000000000000000000 ) ) ;
#1509 = VECTOR ( 'NONE', #897, 1000.000000000000000 ) ;
#1510 = ORIENTED_EDGE ( 'NONE', *, *, #248, .T. ) ;
#1511 = VECTOR ( 'NONE', #1346, 1000.000000000000000 ) ;
#1512 = LINE ( 'NONE', #725, #2212 ) ;
#1513 = CARTESIAN_POINT ( 'NONE',  ( 0.4500000000000337064, -1.804112415015883480E-14, -25.99999999999998934 ) ) ;
#1514 = EDGE_CURVE ( 'NONE', #3177, #1050, #712, .T. ) ;
#1515 = ORIENTED_EDGE ( 'NONE', *, *, #3174, .T. ) ;
#1516 = CARTESIAN_POINT ( 'NONE',  ( 0.000000000000000000, 0.000000000000000000, 0.000000000000000000 ) ) ;
#1517 = FACE_BOUND ( 'NONE', #121, .T. ) ;
#1518 = EDGE_CURVE ( 'NONE', #2899, #3168, #1012, .T. ) ;
#1519 = CARTESIAN_POINT ( 'NONE',  ( -64.75000000000000000, 14.50000000000001954, 6.000000000000000000 ) ) ;
#1520 = CARTESIAN_POINT ( 'NONE',  ( -136.4999999999999716, 9.999999999999996447, -18.00000000000000000 ) ) ;
#1521 = ORIENTED_EDGE ( 'NONE', *, *, #2085, .T. ) ;
#1522 = ADVANCED_FACE ( 'NONE', ( #1441 ), #2252, .F. ) ;
#1523 = EDGE_LOOP ( 'NONE', ( #2592, #1531 ) ) ;
#1524 = CARTESIAN_POINT ( 'NONE',  ( -63.00000000000000000, -4.999999999999995559, -22.94974746830584422 ) ) ;
#1525 = CARTESIAN_POINT ( 'NONE',  ( -0.5499999999999949374, 4.999999999999998224, 6.000000000000000000 ) ) ;
#1526 = CARTESIAN_POINT ( 'NONE',  ( 18.64213562373096522, -4.435824489163968708E-14, -35.99999999999999289 ) ) ;
#1527 = FACE_BOUND ( 'NONE', #1523, .T. ) ;
#1528 = ORIENTED_EDGE ( 'NONE', *, *, #3232, .F. ) ;
#1529 = LINE ( 'NONE', #3359, #904 ) ;
#1530 = PLANE ( 'NONE',  #2921 ) ;
#1531 = ORIENTED_EDGE ( 'NONE', *, *, #558, .F. ) ;
#1532 = PLANE ( 'NONE',  #1619 ) ;
#1533 = LINE ( 'NONE', #25, #634 ) ;
#1534 = ADVANCED_FACE ( 'NONE', ( #3311, #2511 ), #193, .T. ) ;
#1535 = CARTESIAN_POINT ( 'NONE',  ( -77.99999999999998579, -4.999999999999995559, -18.00000000000000000 ) ) ;
#1536 = DIRECTION ( 'NONE',  ( 0.000000000000000000, 0.000000000000000000, -1.000000000000000000 ) ) ;
#1537 = EDGE_LOOP ( 'NONE', ( #2718, #2830, #1707, #2235 ) ) ;
#1538 = EDGE_CURVE ( 'NONE', #1892, #632, #1500, .T. ) ;
#1539 = VERTEX_POINT ( 'NONE', #430 ) ;
#1540 = DIRECTION ( 'NONE',  ( -0.7071067811865439090, 1.613993070193017611E-16, 0.7071067811865512365 ) ) ;
#1541 = CARTESIAN_POINT ( 'NONE',  ( 0.4500000000000267675, -1.630640067418201509E-14, -35.99999999999999289 ) ) ;
#1542 = PLANE ( 'NONE',  #1774 ) ;
#1543 = CARTESIAN_POINT ( 'NONE',  ( -48.54999999999999716, -5.000000000000007994, -2.999999999999999112 ) ) ;
#1544 = VERTEX_POINT ( 'NONE', #1984 ) ;
#1545 = DIRECTION ( 'NONE',  ( -0.7071067811865440200, 1.613993070193017857E-16, -0.7071067811865511255 ) ) ;
#1546 = CARTESIAN_POINT ( 'NONE',  ( -70.50000000000000000, 19.50000000000000355, -16.55000000000000426 ) ) ;
#1547 = ORIENTED_EDGE ( 'NONE', *, *, #1998, .T. ) ;
#1548 = DIRECTION ( 'NONE',  ( 0.000000000000000000, 0.000000000000000000, 1.000000000000000000 ) ) ;
#1549 = DIRECTION ( 'NONE',  ( 0.000000000000000000, 0.000000000000000000, 1.000000000000000000 ) ) ;
#1550 = DIRECTION ( 'NONE',  ( 1.000000000000000000, 0.000000000000000000, 0.000000000000000000 ) ) ;
#1551 = ORIENTED_EDGE ( 'NONE', *, *, #1851, .T. ) ;
#1552 = ADVANCED_FACE ( 'NONE', ( #970, #2008 ), #1933, .F. ) ;
#1553 = VERTEX_POINT ( 'NONE', #2024 ) ;
#1554 = AXIS2_PLACEMENT_3D ( 'NONE', #2130, #2180, #1361 ) ;
#1555 = VECTOR ( 'NONE', #2831, 1000.000000000000000 ) ;
#1556 = PLANE ( 'NONE',  #749 ) ;
#1557 = DIRECTION ( 'NONE',  ( 0.000000000000000000, 0.000000000000000000, -1.000000000000000000 ) ) ;
#1558 = DIRECTION ( 'NONE',  ( 0.000000000000000000, -0.000000000000000000, -1.000000000000000000 ) ) ;
#1559 = DIRECTION ( 'NONE',  ( 1.000000000000000000, 0.000000000000000000, 0.000000000000000000 ) ) ;
#1560 = ADVANCED_FACE ( 'NONE', ( #2810 ), #3087, .F. ) ;
#1561 = VECTOR ( 'NONE', #1370, 1000.000000000000000 ) ;
#1562 = VECTOR ( 'NONE', #762, 999.9999999999998863 ) ;
#1563 = ORIENTED_EDGE ( 'NONE', *, *, #270, .F. ) ;
#1564 = DIRECTION ( 'NONE',  ( -0.000000000000000000, -1.000000000000000000, -0.000000000000000000 ) ) ;
#1565 = CIRCLE ( 'NONE', #85, 3.250000000000002665 ) ;
#1566 = VECTOR ( 'NONE', #1961, 1000.000000000000000 ) ;
#1567 = FACE_OUTER_BOUND ( 'NONE', #58, .T. ) ;
#1568 = EDGE_CURVE ( 'NONE', #1919, #1754, #3361, .T. ) ;
#1569 = VECTOR ( 'NONE', #1284, 1000.000000000000000 ) ;
#1570 = ORIENTED_EDGE ( 'NONE', *, *, #1584, .T. ) ;
#1571 = LINE ( 'NONE', #1765, #1023 ) ;
#1572 = AXIS2_PLACEMENT_3D ( 'NONE', #3246, #450, #666 ) ;
#1573 = DIRECTION ( 'NONE',  ( 0.000000000000000000, -0.000000000000000000, 1.000000000000000000 ) ) ;
#1574 = DIRECTION ( 'NONE',  ( -1.000000000000000000, 0.000000000000000000, 0.000000000000000000 ) ) ;
#1575 = CARTESIAN_POINT ( 'NONE',  ( 0.000000000000000000, -10.00000000000000000, -13.25000000000000888 ) ) ;
#1576 = VERTEX_POINT ( 'NONE', #1762 ) ;
#1577 = ORIENTED_EDGE ( 'NONE', *, *, #2709, .F. ) ;
#1578 = DIRECTION ( 'NONE',  ( -1.000000000000000000, 0.000000000000000000, 0.000000000000000000 ) ) ;
#1579 = CARTESIAN_POINT ( 'NONE',  ( -4.550000000000026468, 9.999999999999996447, -18.00000000000000000 ) ) ;
#1580 = CARTESIAN_POINT ( 'NONE',  ( -145.5000000000000000, -10.00000000000004619, -35.99999999999999289 ) ) ;
#1581 = CARTESIAN_POINT ( 'NONE',  ( -39.54999999999999716, 19.50000000000000355, -35.99999999999999289 ) ) ;
#1582 = ORIENTED_EDGE ( 'NONE', *, *, #2069, .T. ) ;
#1583 = CARTESIAN_POINT ( 'NONE',  ( -96.40000000000000568, -10.00000000000000178, -18.00000000000000000 ) ) ;
#1584 = EDGE_CURVE ( 'NONE', #3166, #2394, #3140, .T. ) ;
#1585 = DIRECTION ( 'NONE',  ( 1.000000000000000000, 0.000000000000000000, 0.000000000000000000 ) ) ;
#1586 = ORIENTED_EDGE ( 'NONE', *, *, #2122, .T. ) ;
#1587 = ADVANCED_FACE ( 'NONE', ( #1025 ), #1840, .F. ) ;
#1588 = FACE_OUTER_BOUND ( 'NONE', #65, .T. ) ;
#1589 = CARTESIAN_POINT ( 'NONE',  ( -48.54999999999999716, 4.999999999999992006, 6.000000000000000000 ) ) ;
#1590 = DIRECTION ( 'NONE',  ( -0.000000000000000000, -0.000000000000000000, -1.000000000000000000 ) ) ;
#1591 = ORIENTED_EDGE ( 'NONE', *, *, #2249, .F. ) ;
#1592 = CARTESIAN_POINT ( 'NONE',  ( 0.000000000000000000, 0.000000000000000000, 6.000000000000000000 ) ) ;
#1593 = CARTESIAN_POINT ( 'NONE',  ( -77.99999999999998579, -4.999999999999995559, 0.000000000000000000 ) ) ;
#1594 = CARTESIAN_POINT ( 'NONE',  ( -39.54999999999997584, -40.41381265149108515, -25.99999999999998934 ) ) ;
#1595 = ORIENTED_EDGE ( 'NONE', *, *, #407, .T. ) ;
#1596 = CYLINDRICAL_SURFACE ( 'NONE', #2488, 2.750000000000009326 ) ;
#1597 = EDGE_CURVE ( 'NONE', #611, #1196, #737, .T. ) ;
#1598 = ORIENTED_EDGE ( 'NONE', *, *, #2213, .F. ) ;
#1599 = CARTESIAN_POINT ( 'NONE',  ( 0.000000000000000000, -1.000000000000000888, -10.49999999999999822 ) ) ;
#1600 = FACE_OUTER_BOUND ( 'NONE', #431, .T. ) ;
#1601 = ADVANCED_FACE ( 'NONE', ( #518 ), #281, .F. ) ;
#1602 = PLANE ( 'NONE',  #2439 ) ;
#1603 = ORIENTED_EDGE ( 'NONE', *, *, #2417, .T. ) ;
#1604 = EDGE_CURVE ( 'NONE', #1118, #579, #2370, .T. ) ;
#1605 = LINE ( 'NONE', #2074, #2228 ) ;
#1606 = LINE ( 'NONE', #1322, #2758 ) ;
#1607 = VECTOR ( 'NONE', #1056, 1000.000000000000000 ) ;
#1608 = VECTOR ( 'NONE', #2628, 1000.000000000000000 ) ;
#1609 = ORIENTED_EDGE ( 'NONE', *, *, #3126, .T. ) ;
#1610 = CARTESIAN_POINT ( 'NONE',  ( -48.54999999999999716, -5.000000000000007994, 6.000000000000000000 ) ) ;
#1611 = CYLINDRICAL_SURFACE ( 'NONE', #1554, 1.900000000000002354 ) ;
#1612 = ORIENTED_EDGE ( 'NONE', *, *, #2131, .T. ) ;
#1613 = AXIS2_PLACEMENT_3D ( 'NONE', #2542, #231, #2322 ) ;
#1614 = VECTOR ( 'NONE', #2828, 1000.000000000000000 ) ;
#1615 = FACE_OUTER_BOUND ( 'NONE', #2771, .T. ) ;
#1616 = FACE_OUTER_BOUND ( 'NONE', #821, .T. ) ;
#1617 = EDGE_CURVE ( 'NONE', #2663, #1011, #3362, .T. ) ;
#1618 = CARTESIAN_POINT ( 'NONE',  ( 4.500000000000000000, 19.50000000000000355, -18.00000000000000000 ) ) ;
#1619 = AXIS2_PLACEMENT_3D ( 'NONE', #502, #3125, #271 ) ;
#1620 = DIRECTION ( 'NONE',  ( 1.000000000000000000, 1.541976423090487350E-15, 0.000000000000000000 ) ) ;
#1621 = VECTOR ( 'NONE', #1432, 1000.000000000000000 ) ;
#1622 = EDGE_CURVE ( 'NONE', #1353, #2037, #2064, .T. ) ;
#1623 = EDGE_LOOP ( 'NONE', ( #1939, #2353, #398, #3285 ) ) ;
#1624 = STYLED_ITEM ( 'NONE', ( #2308 ), #2366 ) ;
#1625 = DIRECTION ( 'NONE',  ( 1.000000000000000000, 0.000000000000000000, 0.000000000000000000 ) ) ;
#1626 = ADVANCED_FACE ( 'NONE', ( #1567 ), #1817, .F. ) ;
#1627 = EDGE_LOOP ( 'NONE', ( #1003, #1968, #1960, #3248 ) ) ;
#1628 = LINE ( 'NONE', #537, #1561 ) ;
#1629 = EDGE_LOOP ( 'NONE', ( #2419, #2682, #1965, #150 ) ) ;
#1630 = FACE_OUTER_BOUND ( 'NONE', #986, .T. ) ;
#1631 = EDGE_LOOP ( 'NONE', ( #2185, #2796, #2583, #1447 ) ) ;
#1632 = CARTESIAN_POINT ( 'NONE',  ( -140.4499999999999886, -5.000000000000001776, -2.999999999999999112 ) ) ;
#1633 = FACE_OUTER_BOUND ( 'NONE', #3242, .T. ) ;
#1634 = VERTEX_POINT ( 'NONE', #1546 ) ;
#1635 = DIRECTION ( 'NONE',  ( -1.000000000000000000, 0.000000000000000000, -0.000000000000000000 ) ) ;
#1636 = ORIENTED_EDGE ( 'NONE', *, *, #1451, .T. ) ;
#1637 = EDGE_CURVE ( 'NONE', #663, #3299, #2591, .T. ) ;
#1638 = CARTESIAN_POINT ( 'NONE',  ( 0.4500000000000337064, -1.630640067418202771E-14, -35.99999999999999289 ) ) ;
#1639 = CARTESIAN_POINT ( 'NONE',  ( -52.04999999999999716, 9.999999999999985789, 5.999999999999998224 ) ) ;
#1640 = ADVANCED_FACE ( 'NONE', ( #2629 ), #1294, .F. ) ;
#1641 = VERTEX_POINT ( 'NONE', #2559 ) ;
#1642 = PLANE ( 'NONE',  #628 ) ;
#1643 = FACE_OUTER_BOUND ( 'NONE', #2188, .T. ) ;
#1644 = VERTEX_POINT ( 'NONE', #1513 ) ;
#1645 = DIRECTION ( 'NONE',  ( 0.000000000000000000, 0.000000000000000000, -1.000000000000000000 ) ) ;
#1646 = CARTESIAN_POINT ( 'NONE',  ( 0.4500000000000267675, -1.630640067418201509E-14, -35.99999999999999289 ) ) ;
#1647 = CARTESIAN_POINT ( 'NONE',  ( -96.40000000000000568, -10.00000000000000178, 5.999999999999994671 ) ) ;
#1648 = ORIENTED_EDGE ( 'NONE', *, *, #341, .T. ) ;
#1649 = LINE ( 'NONE', #2954, #2274 ) ;
#1650 = EDGE_LOOP ( 'NONE', ( #1465, #1323, #222, #1100 ) ) ;
#1651 = DIRECTION ( 'NONE',  ( -1.000000000000000000, 0.000000000000000000, 0.000000000000000000 ) ) ;
#1652 = CARTESIAN_POINT ( 'NONE',  ( -141.4500000000000739, -1.688464183283993894E-14, -35.99999999999999289 ) ) ;
#1653 = VERTEX_POINT ( 'NONE', #1001 ) ;
#1654 = EDGE_CURVE ( 'NONE', #1275, #789, #2040, .T. ) ;
#1655 = ORIENTED_EDGE ( 'NONE', *, *, #581, .F. ) ;
#1656 = DIRECTION ( 'NONE',  ( 0.000000000000000000, 0.000000000000000000, -1.000000000000000000 ) ) ;
#1657 = ADVANCED_FACE ( 'NONE', ( #484, #2355 ), #1530, .T. ) ;
#1658 = EDGE_LOOP ( 'NONE', ( #1603, #3107, #2078, #132, #2163, #2946 ) ) ;
#1659 = DIRECTION ( 'NONE',  ( 0.000000000000000000, 0.000000000000000000, 1.000000000000000000 ) ) ;
#1660 = CARTESIAN_POINT ( 'NONE',  ( -70.50000000000000000, 4.750000000000014211, -17.24999999999999645 ) ) ;
#1661 = CIRCLE ( 'NONE', #2540, 3.550000000000002931 ) ;
#1662 = ADVANCED_FACE ( 'NONE', ( #2643 ), #1611, .F. ) ;
#1663 = CARTESIAN_POINT ( 'NONE',  ( -77.99999999999998579, -4.999999999999995559, 6.000000000000000000 ) ) ;
#1664 = AXIS2_PLACEMENT_3D ( 'NONE', #2945, #1069, #3156 ) ;
#1665 = AXIS2_PLACEMENT_3D ( 'NONE', #1305, #3303, #3325 ) ;
#1666 = ORIENTED_EDGE ( 'NONE', *, *, #2169, .F. ) ;
#1667 = CARTESIAN_POINT ( 'NONE',  ( -44.59999999999999432, 9.999999999999987566, -18.00000000000000000 ) ) ;
#1668 = CIRCLE ( 'NONE', #3095, 1.899999999999999023 ) ;
#1669 = ORIENTED_EDGE ( 'NONE', *, *, #2971, .F. ) ;
#1670 = DIRECTION ( 'NONE',  ( 0.000000000000000000, 1.000000000000000000, 0.000000000000000000 ) ) ;
#1671 = VECTOR ( 'NONE', #2459, 1000.000000000000000 ) ;
#1672 = AXIS2_PLACEMENT_3D ( 'NONE', #763, #793, #1830 ) ;
#1673 = DIRECTION ( 'NONE',  ( -2.352167425053297404E-16, 1.000000000000000000, 0.000000000000000000 ) ) ;
#1674 = CIRCLE ( 'NONE', #1085, 2.750000000000009326 ) ;
#1675 = ORIENTED_EDGE ( 'NONE', *, *, #323, .T. ) ;
#1676 = FACE_OUTER_BOUND ( 'NONE', #3004, .T. ) ;
#1677 = CARTESIAN_POINT ( 'NONE',  ( -88.94999999999998863, 9.999999999999985789, 5.999999999999998224 ) ) ;
#1678 = EDGE_CURVE ( 'NONE', #2749, #2680, #2113, .T. ) ;
#1679 = ORIENTED_EDGE ( 'NONE', *, *, #1265, .T. ) ;
#1680 = DIRECTION ( 'NONE',  ( 0.000000000000000000, 0.000000000000000000, 1.000000000000000000 ) ) ;
#1681 = CARTESIAN_POINT ( 'NONE',  ( -109.2999999999999972, -1.000000000000000888, -33.74999999999999289 ) ) ;
#1682 = DIRECTION ( 'NONE',  ( -5.880418562633243510E-17, -1.000000000000000000, 0.000000000000000000 ) ) ;
#1683 = EDGE_CURVE ( 'NONE', #2568, #1641, #2869, .T. ) ;
#1684 = ORIENTED_EDGE ( 'NONE', *, *, #771, .T. ) ;
#1685 = CARTESIAN_POINT ( 'NONE',  ( -145.5000000000000000, -10.00000000000000178, -18.00000000000000000 ) ) ;
#1686 = EDGE_LOOP ( 'NONE', ( #3068, #2824 ) ) ;
#1687 = CARTESIAN_POINT ( 'NONE',  ( -76.24999999999998579, -4.999999999999995559, 0.000000000000000000 ) ) ;
#1688 = CARTESIAN_POINT ( 'NONE',  ( 0.4500000000000267675, -1.804112415015882218E-14, -25.99999999999998934 ) ) ;
#1689 = EDGE_LOOP ( 'NONE', ( #1563, #1212, #23, #863 ) ) ;
#1690 = PRODUCT_DEFINITION_CONTEXT ( 'detailed design', #2845, 'design' ) ;
#1691 = VERTEX_POINT ( 'NONE', #3223 ) ;
#1692 = CARTESIAN_POINT ( 'NONE',  ( -109.2999999999999972, -10.00000000000000000, -28.24999999999997868 ) ) ;
#1693 = CARTESIAN_POINT ( 'NONE',  ( -140.4499999999999886, -5.000000000000001776, -2.999999999999999112 ) ) ;
#1694 = EDGE_LOOP ( 'NONE', ( #2256, #1905, #2914, #3289 ) ) ;
#1695 = DIRECTION ( 'NONE',  ( -0.000000000000000000, 0.000000000000000000, -1.000000000000000000 ) ) ;
#1696 = FACE_BOUND ( 'NONE', #1084, .T. ) ;
#1697 = LINE ( 'NONE', #2538, #1173 ) ;
#1698 = ADVANCED_FACE ( 'NONE', ( #1340 ), #1897, .F. ) ;
#1699 = ORIENTED_EDGE ( 'NONE', *, *, #2976, .T. ) ;
#1700 = LINE ( 'NONE', #1667, #689 ) ;
#1701 = ORIENTED_EDGE ( 'NONE', *, *, #3189, .T. ) ;
#1702 = CARTESIAN_POINT ( 'NONE',  ( -9.550000000000002487, 9.999999999999948486, -35.99999999999999289 ) ) ;
#1703 = EDGE_CURVE ( 'NONE', #2225, #378, #2948, .T. ) ;
#1704 = DIRECTION ( 'NONE',  ( 0.000000000000000000, 0.000000000000000000, -1.000000000000000000 ) ) ;
#1705 = ORIENTED_EDGE ( 'NONE', *, *, #3067, .F. ) ;
#1706 = ADVANCED_FACE ( 'NONE', ( #1643 ), #1913, .T. ) ;
#1707 = ORIENTED_EDGE ( 'NONE', *, *, #2588, .F. ) ;
#1708 = DIRECTION ( 'NONE',  ( -1.000000000000000000, 0.000000000000000000, 0.000000000000000000 ) ) ;
#1709 = CARTESIAN_POINT ( 'NONE',  ( -74.74999999999998579, 14.50000000000001954, 15.19238815542513521 ) ) ;
#1710 = ORIENTED_EDGE ( 'NONE', *, *, #2652, .T. ) ;
#1711 = DIRECTION ( 'NONE',  ( 0.000000000000000000, -0.000000000000000000, -1.000000000000000000 ) ) ;
#1712 = CARTESIAN_POINT ( 'NONE',  ( -39.54999999999997584, -10.00000000000000178, -25.99999999999998934 ) ) ;
#1713 = CIRCLE ( 'NONE', #682, 2.750000000000009326 ) ;
#1714 = EDGE_LOOP ( 'NONE', ( #1978, #1362 ) ) ;
#1715 = DIRECTION ( 'NONE',  ( -0.000000000000000000, 1.000000000000000000, -0.000000000000000000 ) ) ;
#1716 = ORIENTED_EDGE ( 'NONE', *, *, #2504, .F. ) ;
#1717 = FACE_OUTER_BOUND ( 'NONE', #251, .T. ) ;
#1718 = VECTOR ( 'NONE', #40, 1000.000000000000000 ) ;
#1719 = CIRCLE ( 'NONE', #580, 2.750000000000002665 ) ;
#1720 = EDGE_CURVE ( 'NONE', #991, #2086, #2699, .T. ) ;
#1721 = VECTOR ( 'NONE', #1715, 1000.000000000000000 ) ;
#1722 = AXIS2_PLACEMENT_3D ( 'NONE', #3007, #664, #678 ) ;
#1723 = LINE ( 'NONE', #388, #1621 ) ;
#1724 = ORIENTED_EDGE ( 'NONE', *, *, #1129, .T. ) ;
#1725 = AXIS2_PLACEMENT_3D ( 'NONE', #47, #1097, #2411 ) ;
#1726 = EDGE_CURVE ( 'NONE', #383, #2061, #3247, .T. ) ;
#1727 = ORIENTED_EDGE ( 'NONE', *, *, #1493, .F. ) ;
#1728 = DIRECTION ( 'NONE',  ( 0.000000000000000000, 0.000000000000000000, -1.000000000000000000 ) ) ;
#1729 = AXIS2_PLACEMENT_3D ( 'NONE', #2313, #1557, #262 ) ;
#1730 = DIRECTION ( 'NONE',  ( -0.000000000000000000, -1.000000000000000000, -0.000000000000000000 ) ) ;
#1731 = EDGE_LOOP ( 'NONE', ( #3220, #2938 ) ) ;
#1732 = PLANE ( 'NONE',  #2430 ) ;
#1733 = CARTESIAN_POINT ( 'NONE',  ( -92.44999999999998863, 4.999999999999992006, -2.999999999999999112 ) ) ;
#1734 = ORIENTED_EDGE ( 'NONE', *, *, #1157, .T. ) ;
#1735 = LINE ( 'NONE', #2241, #2164 ) ;
#1736 = VERTEX_POINT ( 'NONE', #2507 ) ;
#1737 = CARTESIAN_POINT ( 'NONE',  ( -145.5000000000000000, 19.50000000000000355, 6.000000000000000000 ) ) ;
#1738 = CARTESIAN_POINT ( 'NONE',  ( -77.99999999999998579, 14.50000000000001954, 15.19238815542513521 ) ) ;
#1739 = VERTEX_POINT ( 'NONE', #1437 ) ;
#1740 = ADVANCED_FACE ( 'NONE', ( #1475 ), #3012, .F. ) ;
#1741 = VERTEX_POINT ( 'NONE', #945 ) ;
#1742 = DIRECTION ( 'NONE',  ( 0.000000000000000000, 0.000000000000000000, 1.000000000000000000 ) ) ;
#1743 = DIRECTION ( 'NONE',  ( 1.541976423090487350E-15, 1.000000000000000000, 0.000000000000000000 ) ) ;
#1744 = DIRECTION ( 'NONE',  ( -0.000000000000000000, -0.000000000000000000, -1.000000000000000000 ) ) ;
#1745 = ADVANCED_FACE ( 'NONE', ( #2210 ), #1460, .T. ) ;
#1746 = ORIENTED_EDGE ( 'NONE', *, *, #2582, .T. ) ;
#1747 = CARTESIAN_POINT ( 'NONE',  ( -141.4500000000000739, -1.688464183283993894E-14, -25.99999999999998934 ) ) ;
#1748 = LINE ( 'NONE', #1712, #2379 ) ;
#1749 = ORIENTED_EDGE ( 'NONE', *, *, #3214, .F. ) ;
#1750 = PLANE ( 'NONE',  #1613 ) ;
#1751 = CARTESIAN_POINT ( 'NONE',  ( -66.25000000000000000, -4.999999999999995559, 15.19238815542513521 ) ) ;
#1752 = DIRECTION ( 'NONE',  ( -0.000000000000000000, -0.000000000000000000, -1.000000000000000000 ) ) ;
#1753 = ORIENTED_EDGE ( 'NONE', *, *, #975, .F. ) ;
#1754 = VERTEX_POINT ( 'NONE', #159 ) ;
#1755 = CARTESIAN_POINT ( 'NONE',  ( -136.4999999999999716, 9.999999999999996447, -18.00000000000000000 ) ) ;
#1756 = DIRECTION ( 'NONE',  ( 0.000000000000000000, 0.000000000000000000, -1.000000000000000000 ) ) ;
#1757 = CARTESIAN_POINT ( 'NONE',  ( -70.50000000000000000, 4.750000000000014211, -12.99999999999999822 ) ) ;
#1758 = CARTESIAN_POINT ( 'NONE',  ( -51.29999999999999716, -5.000000000000007994, 6.000000000000000000 ) ) ;
#1759 = ORIENTED_EDGE ( 'NONE', *, *, #2884, .T. ) ;
#1760 = CARTESIAN_POINT ( 'NONE',  ( -0.5499999999999949374, 4.999999999999998224, -2.999999999999999112 ) ) ;
#1761 = ADVANCED_FACE ( 'NONE', ( #2234 ), #893, .F. ) ;
#1762 = CARTESIAN_POINT ( 'NONE',  ( -79.74999999999998579, -4.999999999999995559, 6.000000000000000000 ) ) ;
#1763 = ORIENTED_EDGE ( 'NONE', *, *, #2790, .F. ) ;
#1764 = EDGE_CURVE ( 'NONE', #1539, #991, #670, .T. ) ;
#1765 = CARTESIAN_POINT ( 'NONE',  ( -136.4999999999999716, -10.00000000000000178, -18.00000000000000000 ) ) ;
#1766 = DIRECTION ( 'NONE',  ( -0.000000000000000000, -0.000000000000000000, -1.000000000000000000 ) ) ;
#1767 = AXIS2_PLACEMENT_3D ( 'NONE', #411, #2521, #1151 ) ;
#1768 =( GEOMETRIC_REPRESENTATION_CONTEXT ( 3 ) GLOBAL_UNCERTAINTY_ASSIGNED_CONTEXT ( ( #2206 ) ) GLOBAL_UNIT_ASSIGNED_CONTEXT ( ( #591, #3239, #606 ) ) REPRESENTATION_CONTEXT ( 'NONE', 'WORKASPACE' ) );
#1769 = DIRECTION ( 'NONE',  ( 0.000000000000000000, 0.000000000000000000, 1.000000000000000000 ) ) ;
#1770 = CIRCLE ( 'NONE', #3363, 2.750000000000002665 ) ;
#1771 = ORIENTED_EDGE ( 'NONE', *, *, #932, .T. ) ;
#1772 = VECTOR ( 'NONE', #2802, 1000.000000000000000 ) ;
#1773 = VECTOR ( 'NONE', #3281, 1000.000000000000000 ) ;
#1774 = AXIS2_PLACEMENT_3D ( 'NONE', #2586, #3065, #3105 ) ;
#1775 = EDGE_LOOP ( 'NONE', ( #3224, #2890, #1988, #3235 ) ) ;
#1776 = DIRECTION ( 'NONE',  ( -0.000000000000000000, -1.000000000000000000, -0.000000000000000000 ) ) ;
#1777 = DIRECTION ( 'NONE',  ( -0.000000000000000000, -0.000000000000000000, -1.000000000000000000 ) ) ;
#1778 = CARTESIAN_POINT ( 'NONE',  ( -140.4900000000000091, -1.000000000000000888, -30.99999999999999289 ) ) ;
#1779 = DIRECTION ( 'NONE',  ( 9.130123557772669567E-17, -1.000000000000000000, 0.000000000000000000 ) ) ;
#1780 = VECTOR ( 'NONE', #3231, 1000.000000000000000 ) ;
#1781 = PRODUCT_DEFINITION ( 'UNKNOWN', '', #2772, #1690 ) ;
#1782 = EDGE_LOOP ( 'NONE', ( #2993, #2301, #3279, #1296 ) ) ;
#1783 = AXIS2_PLACEMENT_3D ( 'NONE', #1997, #1752, #2013 ) ;
#1784 = CARTESIAN_POINT ( 'NONE',  ( -143.1999999999999886, -5.000000000000001776, -2.999999999999999112 ) ) ;
#1785 = CARTESIAN_POINT ( 'NONE',  ( -53.59999999999999432, -10.00000000000000178, -18.00000000000000000 ) ) ;
#1786 = EDGE_CURVE ( 'NONE', #1641, #3110, #2005, .T. ) ;
#1787 = EDGE_LOOP ( 'NONE', ( #348, #2076 ) ) ;
#1788 = CARTESIAN_POINT ( 'NONE',  ( -0.5499999999999949374, -5.000000000000001776, -2.999999999999999112 ) ) ;
#1789 = LINE ( 'NONE', #488, #806 ) ;
#1790 = EDGE_CURVE ( 'NONE', #1641, #2568, #2754, .T. ) ;
#1791 = CARTESIAN_POINT ( 'NONE',  ( -70.50000000000000000, 19.50000000000000355, 0.9999999999999954481 ) ) ;
#1792 =( NAMED_UNIT ( * ) SI_UNIT ( $, .STERADIAN. ) SOLID_ANGLE_UNIT ( ) );
#1793 = VERTEX_POINT ( 'NONE', #3287 ) ;
#1794 = ORIENTED_EDGE ( 'NONE', *, *, #2566, .T. ) ;
#1795 = DIRECTION ( 'NONE',  ( 0.000000000000000000, 0.000000000000000000, -1.000000000000000000 ) ) ;
#1796 = DIRECTION ( 'NONE',  ( -0.000000000000000000, -0.000000000000000000, 1.000000000000000000 ) ) ;
#1797 = DIRECTION ( 'NONE',  ( 0.000000000000000000, 0.000000000000000000, -1.000000000000000000 ) ) ;
#1798 = LINE ( 'NONE', #2315, #1993 ) ;
#1799 = EDGE_LOOP ( 'NONE', ( #1130, #3141 ) ) ;
#1800 = LINE ( 'NONE', #2092, #1227 ) ;
#1801 = DIRECTION ( 'NONE',  ( 0.000000000000000000, -1.000000000000000000, 0.000000000000000000 ) ) ;
#1802 = ORIENTED_EDGE ( 'NONE', *, *, #2520, .T. ) ;
#1803 = LINE ( 'NONE', #754, #859 ) ;
#1804 = EDGE_CURVE ( 'NONE', #3006, #3372, #1713, .T. ) ;
#1805 = DIRECTION ( 'NONE',  ( -0.000000000000000000, -0.000000000000000000, 1.000000000000000000 ) ) ;
#1806 = LINE ( 'NONE', #2854, #1931 ) ;
#1807 = EDGE_CURVE ( 'NONE', #3138, #1230, #1449, .T. ) ;
#1808 = VERTEX_POINT ( 'NONE', #105 ) ;
#1809 = ORIENTED_EDGE ( 'NONE', *, *, #1046, .T. ) ;
#1810 = CARTESIAN_POINT ( 'NONE',  ( -39.54999999999999716, 19.50000000000000355, -23.00000000000002132 ) ) ;
#1811 = CARTESIAN_POINT ( 'NONE',  ( -4.499999999999998224, -10.00000000000000178, -18.00000000000000000 ) ) ;
#1812 = EDGE_CURVE ( 'NONE', #929, #2022, #639, .T. ) ;
#1813 = CARTESIAN_POINT ( 'NONE',  ( -101.4499999999999886, 14.50000000000001776, -23.00000000000002132 ) ) ;
#1814 = CARTESIAN_POINT ( 'NONE',  ( -109.2999999999999972, -1.000000000000000888, -28.24999999999997868 ) ) ;
#1815 = ORIENTED_EDGE ( 'NONE', *, *, #2085, .F. ) ;
#1816 = CARTESIAN_POINT ( 'NONE',  ( -109.2999999999999972, -10.00000000000000000, -30.99999999999998934 ) ) ;
#1817 = CYLINDRICAL_SURFACE ( 'NONE', #2970, 3.549999999999997602 ) ;
#1818 = ORIENTED_EDGE ( 'NONE', *, *, #3113, .F. ) ;
#1819 = LINE ( 'NONE', #714, #2765 ) ;
#1820 = PLANE ( 'NONE',  #3369 ) ;
#1821 = DIRECTION ( 'NONE',  ( 0.000000000000000000, 0.000000000000000000, -1.000000000000000000 ) ) ;
#1822 = APPLICATION_PROTOCOL_DEFINITION ( 'draft international standard', 'automotive_design', 1998, #2845 ) ;
#1823 = VERTEX_POINT ( 'NONE', #1967 ) ;
#1824 = AXIS2_PLACEMENT_3D ( 'NONE', #1760, #694, #2302 ) ;
#1825 = EDGE_CURVE ( 'NONE', #1808, #3299, #3028, .T. ) ;
#1826 = ORIENTED_EDGE ( 'NONE', *, *, #3232, .T. ) ;
#1827 = CIRCLE ( 'NONE', #2211, 1.750000000000001554 ) ;
#1828 = VECTOR ( 'NONE', #1545, 1000.000000000000000 ) ;
#1829 = CARTESIAN_POINT ( 'NONE',  ( -59.74999999999999289, -4.999999999999995559, -18.00000000000000000 ) ) ;
#1830 = DIRECTION ( 'NONE',  ( 1.000000000000000000, 0.000000000000000000, 0.000000000000000000 ) ) ;
#1831 = CARTESIAN_POINT ( 'NONE',  ( -109.2999999999999972, -1.000000000000000888, -30.99999999999998934 ) ) ;
#1832 = CARTESIAN_POINT ( 'NONE',  ( -77.99999999999998579, 14.50000000000001954, 0.000000000000000000 ) ) ;
#1833 = CIRCLE ( 'NONE', #2107, 1.750000000000001554 ) ;
#1834 = VECTOR ( 'NONE', #3080, 1000.000000000000000 ) ;
#1835 = EDGE_CURVE ( 'NONE', #1544, #928, #3237, .T. ) ;
#1836 = EDGE_LOOP ( 'NONE', ( #2240, #369, #2138, #2517 ) ) ;
#1837 = CARTESIAN_POINT ( 'NONE',  ( -70.50000000000000000, 18.75000000000000355, -9.449999999999999289 ) ) ;
#1838 = AXIS2_PLACEMENT_3D ( 'NONE', #2764, #3057, #418 ) ;
#1839 = VECTOR ( 'NONE', #2096, 1000.000000000000000 ) ;
#1840 = CYLINDRICAL_SURFACE ( 'NONE', #1443, 2.750000000000002665 ) ;
#1841 = AXIS2_PLACEMENT_3D ( 'NONE', #2951, #1078, #2116 ) ;
#1842 = ORIENTED_EDGE ( 'NONE', *, *, #438, .F. ) ;
#1843 = CARTESIAN_POINT ( 'NONE',  ( -92.44999999999998863, 4.999999999999992006, -2.999999999999999112 ) ) ;
#1844 = AXIS2_PLACEMENT_3D ( 'NONE', #2088, #3134, #2880 ) ;
#1845 = DIRECTION ( 'NONE',  ( 1.000000000000000000, 0.000000000000000000, 0.000000000000000000 ) ) ;
#1846 = CARTESIAN_POINT ( 'NONE',  ( -63.00000000000000000, -4.999999999999995559, -18.00000000000000000 ) ) ;
#1847 = ORIENTED_EDGE ( 'NONE', *, *, #1451, .F. ) ;
#1848 = LINE ( 'NONE', #2312, #1181 ) ;
#1849 = CARTESIAN_POINT ( 'NONE',  ( 3.367778697655231858E-16, -10.00000000000000000, -7.749999999999990230 ) ) ;
#1850 = DIRECTION ( 'NONE',  ( 1.000000000000000000, 0.000000000000000000, 0.000000000000000000 ) ) ;
#1851 = EDGE_CURVE ( 'NONE', #3269, #2705, #426, .T. ) ;
#1852 = LINE ( 'NONE', #1104, #1179 ) ;
#1853 = ORIENTED_EDGE ( 'NONE', *, *, #1851, .F. ) ;
#1854 = DIRECTION ( 'NONE',  ( 0.000000000000000000, 0.000000000000000000, -1.000000000000000000 ) ) ;
#1855 = EDGE_CURVE ( 'NONE', #1139, #1135, #2600, .T. ) ;
#1856 = VERTEX_POINT ( 'NONE', #1190 ) ;
#1857 = FACE_OUTER_BOUND ( 'NONE', #1689, .T. ) ;
#1858 = CARTESIAN_POINT ( 'NONE',  ( -66.25000000000000000, 14.50000000000001954, -18.00000000000000000 ) ) ;
#1859 = DIRECTION ( 'NONE',  ( 0.000000000000000000, 0.000000000000000000, -1.000000000000000000 ) ) ;
#1860 = ORIENTED_EDGE ( 'NONE', *, *, #2571, .T. ) ;
#1861 = CARTESIAN_POINT ( 'NONE',  ( -0.5499999999999949374, -5.000000000000001776, -2.999999999999999112 ) ) ;
#1862 = ORIENTED_EDGE ( 'NONE', *, *, #771, .F. ) ;
#1863 = DIRECTION ( 'NONE',  ( 0.000000000000000000, -0.000000000000000000, 1.000000000000000000 ) ) ;
#1864 = VERTEX_POINT ( 'NONE', #3273 ) ;
#1865 = DIRECTION ( 'NONE',  ( 1.541976423090487350E-15, 1.000000000000000000, 0.000000000000000000 ) ) ;
#1866 = EDGE_CURVE ( 'NONE', #1539, #204, #1288, .T. ) ;
#1867 = VERTEX_POINT ( 'NONE', #931 ) ;
#1868 = CYLINDRICAL_SURFACE ( 'NONE', #1348, 2.750000000000009326 ) ;
#1869 = PLANE ( 'NONE',  #1941 ) ;
#1870 = EDGE_CURVE ( 'NONE', #802, #1156, #1770, .T. ) ;
#1871 = CARTESIAN_POINT ( 'NONE',  ( -4.500000000000002665, 9.500000000000003553, 6.000000000000000000 ) ) ;
#1872 = ORIENTED_EDGE ( 'NONE', *, *, #558, .T. ) ;
#1873 = CARTESIAN_POINT ( 'NONE',  ( -77.99999999999998579, -4.999999999999995559, 6.000000000000000000 ) ) ;
#1874 = ORIENTED_EDGE ( 'NONE', *, *, #3109, .T. ) ;
#1875 = DIRECTION ( 'NONE',  ( -1.000000000000000000, 0.000000000000000000, -0.000000000000000000 ) ) ;
#1876 = AXIS2_PLACEMENT_3D ( 'NONE', #2265, #935, #1956 ) ;
#1877 = AXIS2_PLACEMENT_3D ( 'NONE', #1816, #2038, #1854 ) ;
#1878 = EDGE_LOOP ( 'NONE', ( #1398, #118, #2930, #2336 ) ) ;
#1879 = FACE_OUTER_BOUND ( 'NONE', #3056, .T. ) ;
#1880 = AXIS2_PLACEMENT_3D ( 'NONE', #1832, #3326, #1270 ) ;
#1881 = AXIS2_PLACEMENT_3D ( 'NONE', #1778, #3051, #1558 ) ;
#1882 = ORIENTED_EDGE ( 'NONE', *, *, #2918, .F. ) ;
#1883 = AXIS2_PLACEMENT_3D ( 'NONE', #837, #1620, #1367 ) ;
#1884 = DIRECTION ( 'NONE',  ( 0.000000000000000000, 0.000000000000000000, -1.000000000000000000 ) ) ;
#1885 = DIRECTION ( 'NONE',  ( 0.000000000000000000, 0.000000000000000000, -1.000000000000000000 ) ) ;
#1886 = CARTESIAN_POINT ( 'NONE',  ( -61.25000000000000000, 14.50000000000001954, -22.94974746830584422 ) ) ;
#1887 = EDGE_CURVE ( 'NONE', #933, #1823, #1833, .T. ) ;
#1888 = VECTOR ( 'NONE', #1885, 1000.000000000000000 ) ;
#1889 = ORIENTED_EDGE ( 'NONE', *, *, #1417, .F. ) ;
#1890 = CYLINDRICAL_SURFACE ( 'NONE', #525, 3.550000000000003819 ) ;
#1891 = VECTOR ( 'NONE', #1536, 1000.000000000000000 ) ;
#1892 = VERTEX_POINT ( 'NONE', #1814 ) ;
#1893 = ADVANCED_FACE ( 'NONE', ( #3378 ), #2090, .F. ) ;
#1894 = LINE ( 'NONE', #1688, #362 ) ;
#1895 = CARTESIAN_POINT ( 'NONE',  ( -145.5000000000000000, -10.00000000000000178, 5.999999999999998224 ) ) ;
#1896 = ORIENTED_EDGE ( 'NONE', *, *, #1538, .F. ) ;
#1897 = CYLINDRICAL_SURFACE ( 'NONE', #131, 2.750000000000009326 ) ;
#1898 = VERTEX_POINT ( 'NONE', #1306 ) ;
#1899 = FACE_OUTER_BOUND ( 'NONE', #2960, .T. ) ;
#1900 = DIRECTION ( 'NONE',  ( 0.000000000000000000, 0.000000000000000000, 1.000000000000000000 ) ) ;
#1901 = DIRECTION ( 'NONE',  ( 1.000000000000000000, 0.000000000000000000, 0.000000000000000000 ) ) ;
#1902 = ORIENTED_EDGE ( 'NONE', *, *, #1990, .F. ) ;
#1903 = EDGE_CURVE ( 'NONE', #1272, #1275, #2829, .T. ) ;
#1904 = DIRECTION ( 'NONE',  ( -0.000000000000000000, -0.000000000000000000, 1.000000000000000000 ) ) ;
#1905 = ORIENTED_EDGE ( 'NONE', *, *, #1786, .T. ) ;
#1906 = LINE ( 'NONE', #2956, #1780 ) ;
#1907 = EDGE_CURVE ( 'NONE', #2321, #2763, #903, .T. ) ;
#1908 = CARTESIAN_POINT ( 'NONE',  ( -92.44999999999998863, 4.999999999999992006, -2.999999999999999112 ) ) ;
#1909 = ORIENTED_EDGE ( 'NONE', *, *, #959, .F. ) ;
#1910 = ADVANCED_FACE ( 'NONE', ( #481 ), #497, .T. ) ;
#1911 = EDGE_LOOP ( 'NONE', ( #919, #2557, #20, #641 ) ) ;
#1912 = DIRECTION ( 'NONE',  ( -0.7071067811865510144, 1.090341985197065857E-15, 0.7071067811865440200 ) ) ;
#1913 = PLANE ( 'NONE',  #2324 ) ;
#1914 = ORIENTED_EDGE ( 'NONE', *, *, #2588, .T. ) ;
#1915 = SURFACE_STYLE_USAGE ( .BOTH. , #2981 ) ;
#1916 = LINE ( 'NONE', #3340, #257 ) ;
#1917 = ORIENTED_EDGE ( 'NONE', *, *, #173, .T. ) ;
#1918 = DIRECTION ( 'NONE',  ( -0.000000000000000000, 1.000000000000000000, -0.000000000000000000 ) ) ;
#1919 = VERTEX_POINT ( 'NONE', #2335 ) ;
#1920 = CARTESIAN_POINT ( 'NONE',  ( -95.19999999999998863, -5.000000000000007994, 6.000000000000000000 ) ) ;
#1921 = DIRECTION ( 'NONE',  ( 0.000000000000000000, -1.000000000000000000, 0.000000000000000000 ) ) ;
#1922 = ADVANCED_FACE ( 'NONE', ( #1527, #2573, #240 ), #513, .T. ) ;
#1923 = ORIENTED_EDGE ( 'NONE', *, *, #1246, .F. ) ;
#1924 = DIRECTION ( 'NONE',  ( -0.000000000000000000, -0.000000000000000000, -1.000000000000000000 ) ) ;
#1925 = CARTESIAN_POINT ( 'NONE',  ( -0.5099999999999823563, -1.000000000000000888, -28.24999999999998224 ) ) ;
#1926 = EDGE_CURVE ( 'NONE', #1395, #1462, #2924, .T. ) ;
#1927 = AXIS2_PLACEMENT_3D ( 'NONE', #2340, #3382, #1041 ) ;
#1928 = ORIENTED_EDGE ( 'NONE', *, *, #1855, .F. ) ;
#1929 = DIRECTION ( 'NONE',  ( 1.000000000000000000, 0.000000000000000000, -0.000000000000000000 ) ) ;
#1930 = CARTESIAN_POINT ( 'NONE',  ( -92.44999999999998863, 4.999999999999992006, 6.000000000000000000 ) ) ;
#1931 = VECTOR ( 'NONE', #202, 1000.000000000000000 ) ;
#1932 = AXIS2_PLACEMENT_3D ( 'NONE', #1948, #1473, #1708 ) ;
#1933 = PLANE ( 'NONE',  #1124 ) ;
#1934 = VECTOR ( 'NONE', #52, 1000.000000000000000 ) ;
#1935 = VECTOR ( 'NONE', #2349, 1000.000000000000000 ) ;
#1936 = ORIENTED_EDGE ( 'NONE', *, *, #1804, .F. ) ;
#1937 = DIRECTION ( 'NONE',  ( 0.000000000000000000, 0.000000000000000000, -1.000000000000000000 ) ) ;
#1938 = AXIS2_PLACEMENT_3D ( 'NONE', #2375, #3181, #3195 ) ;
#1939 = ORIENTED_EDGE ( 'NONE', *, *, #2546, .F. ) ;
#1940 = CARTESIAN_POINT ( 'NONE',  ( -70.50000000000000000, 18.75000000000000355, 0.9999999999999954481 ) ) ;
#1941 = AXIS2_PLACEMENT_3D ( 'NONE', #2665, #2692, #319 ) ;
#1942 = AXIS2_PLACEMENT_3D ( 'NONE', #2216, #1777, #2570 ) ;
#1943 = DIRECTION ( 'NONE',  ( -0.000000000000000000, -0.000000000000000000, -1.000000000000000000 ) ) ;
#1944 = ORIENTED_EDGE ( 'NONE', *, *, #1028, .T. ) ;
#1945 = AXIS2_PLACEMENT_3D ( 'NONE', #51, #2137, #3219 ) ;
#1946 = ORIENTED_EDGE ( 'NONE', *, *, #2203, .F. ) ;
#1947 = MECHANICAL_DESIGN_GEOMETRIC_PRESENTATION_REPRESENTATION (  '', ( #1624 ), #2175 ) ;
#1948 = CARTESIAN_POINT ( 'NONE',  ( -77.99999999999998579, -4.999999999999995559, 15.19238815542513521 ) ) ;
#1949 = EDGE_CURVE ( 'NONE', #942, #1898, #765, .T. ) ;
#1950 = CARTESIAN_POINT ( 'NONE',  ( 0.000000000000000000, -10.00000000000000000, -10.49999999999999822 ) ) ;
#1951 = PRODUCT_DEFINITION_SHAPE ( 'NONE', 'NONE',  #1781 ) ;
#1952 = EDGE_LOOP ( 'NONE', ( #71, #1153, #68, #3100 ) ) ;
#1953 = CARTESIAN_POINT ( 'NONE',  ( -81.24999999999998579, 14.50000000000001954, 0.000000000000000000 ) ) ;
#1954 = EDGE_CURVE ( 'NONE', #3168, #2288, #1798, .T. ) ;
#1955 = FACE_BOUND ( 'NONE', #2409, .T. ) ;
#1956 = DIRECTION ( 'NONE',  ( 0.000000000000000000, 0.000000000000000000, -1.000000000000000000 ) ) ;
#1957 = ORIENTED_EDGE ( 'NONE', *, *, #2291, .F. ) ;
#1958 = EDGE_CURVE ( 'NONE', #1867, #3176, #2610, .T. ) ;
#1959 = CYLINDRICAL_SURFACE ( 'NONE', #1838, 2.750000000000009326 ) ;
#1960 = ORIENTED_EDGE ( 'NONE', *, *, #1091, .F. ) ;
#1961 = DIRECTION ( 'NONE',  ( -0.7071067811865433539, 0.000000000000000000, 0.7071067811865517916 ) ) ;
#1962 = FACE_BOUND ( 'NONE', #866, .T. ) ;
#1963 = ORIENTED_EDGE ( 'NONE', *, *, #1998, .F. ) ;
#1964 = UNCERTAINTY_MEASURE_WITH_UNIT (LENGTH_MEASURE( 1.000000000000000082E-05 ), #3165, 'distance_accuracy_value', 'NONE');
#1965 = ORIENTED_EDGE ( 'NONE', *, *, #129, .T. ) ;
#1966 = DIRECTION ( 'NONE',  ( 1.541976423090487350E-15, -1.000000000000000000, 0.000000000000000000 ) ) ;
#1967 = CARTESIAN_POINT ( 'NONE',  ( -79.74999999999998579, -4.999999999999995559, 0.000000000000000000 ) ) ;
#1968 = ORIENTED_EDGE ( 'NONE', *, *, #1042, .T. ) ;
#1969 = CYLINDRICAL_SURFACE ( 'NONE', #1172, 1.900000000000001688 ) ;
#1970 = CYLINDRICAL_SURFACE ( 'NONE', #187, 1.750000000000001554 ) ;
#1971 = ADVANCED_FACE ( 'NONE', ( #457 ), #2534, .F. ) ;
#1972 = ORIENTED_EDGE ( 'NONE', *, *, #872, .F. ) ;
#1973 = CYLINDRICAL_SURFACE ( 'NONE', #358, 2.750000000000002665 ) ;
#1974 = ORIENTED_EDGE ( 'NONE', *, *, #12, .F. ) ;
#1975 = CARTESIAN_POINT ( 'NONE',  ( -45.79999999999999005, -5.000000000000007994, -2.999999999999999112 ) ) ;
#1976 = ADVANCED_FACE ( 'NONE', ( #1038 ), #1287, .T. ) ;
#1977 = LINE ( 'NONE', #2229, #2172 ) ;
#1978 = ORIENTED_EDGE ( 'NONE', *, *, #507, .T. ) ;
#1979 = EDGE_LOOP ( 'NONE', ( #220, #3336, #1914, #1727 ) ) ;
#1980 = CARTESIAN_POINT ( 'NONE',  ( 3.367778697655231858E-16, -1.000000000000000888, -7.749999999999990230 ) ) ;
#1981 = DIRECTION ( 'NONE',  ( -0.000000000000000000, -1.000000000000000000, -0.000000000000000000 ) ) ;
#1982 = EDGE_LOOP ( 'NONE', ( #2621, #2049 ) ) ;
#1983 = CARTESIAN_POINT ( 'NONE',  ( -4.550000000000019362, 19.50000000000000355, -18.00000000000000000 ) ) ;
#1984 = CARTESIAN_POINT ( 'NONE',  ( -44.54999999999996163, 19.50000000000000355, -18.00000000000000000 ) ) ;
#1985 = VECTOR ( 'NONE', #429, 1000.000000000000000 ) ;
#1986 = VECTOR ( 'NONE', #2494, 1000.000000000000000 ) ;
#1987 = AXIS2_PLACEMENT_3D ( 'NONE', #361, #1924, #55 ) ;
#1988 = ORIENTED_EDGE ( 'NONE', *, *, #2903, .T. ) ;
#1989 = DIRECTION ( 'NONE',  ( -1.000000000000000000, 0.000000000000000000, 0.000000000000000000 ) ) ;
#1990 = EDGE_CURVE ( 'NONE', #3346, #2689, #2883, .T. ) ;
#1991 = EDGE_LOOP ( 'NONE', ( #1163, #876 ) ) ;
#1992 = FACE_OUTER_BOUND ( 'NONE', #2347, .T. ) ;
#1993 = VECTOR ( 'NONE', #3357, 1000.000000000000000 ) ;
#1994 = VECTOR ( 'NONE', #1035, 1000.000000000000000 ) ;
#1995 = AXIS2_PLACEMENT_3D ( 'NONE', #2939, #3164, #2399 ) ;
#1996 = CIRCLE ( 'NONE', #35, 3.250000000000002665 ) ;
#1997 = CARTESIAN_POINT ( 'NONE',  ( -140.4499999999999886, 4.999999999999998224, -2.999999999999999112 ) ) ;
#1998 = EDGE_CURVE ( 'NONE', #417, #1011, #983, .T. ) ;
#1999 = EDGE_LOOP ( 'NONE', ( #2878, #2907 ) ) ;
#2000 = AXIS2_PLACEMENT_3D ( 'NONE', #826, #2332, #778 ) ;
#2001 = VERTEX_POINT ( 'NONE', #1758 ) ;
#2002 = FACE_BOUND ( 'NONE', #2014, .T. ) ;
#2003 = AXIS2_PLACEMENT_3D ( 'NONE', #1873, #2992, #1625 ) ;
#2004 = CARTESIAN_POINT ( 'NONE',  ( -140.4499999999999886, 4.999999999999998224, 6.000000000000000000 ) ) ;
#2005 = LINE ( 'NONE', #1925, #2487 ) ;
#2006 = EDGE_LOOP ( 'NONE', ( #501, #937, #1386, #1252 ) ) ;
#2007 = DIRECTION ( 'NONE',  ( -1.000000000000000000, -9.130123557772669567E-17, 0.000000000000000000 ) ) ;
#2008 = FACE_BOUND ( 'NONE', #1787, .T. ) ;
#2009 = VERTEX_POINT ( 'NONE', #210 ) ;
#2010 = DIRECTION ( 'NONE',  ( 0.000000000000000000, 1.000000000000000000, 0.000000000000000000 ) ) ;
#2011 = DIRECTION ( 'NONE',  ( 1.000000000000000000, 0.000000000000000000, 0.000000000000000000 ) ) ;
#2012 = EDGE_CURVE ( 'NONE', #3330, #2663, #1256, .T. ) ;
#2013 = DIRECTION ( 'NONE',  ( -1.000000000000000000, 0.000000000000000000, 0.000000000000000000 ) ) ;
#2014 = EDGE_LOOP ( 'NONE', ( #818, #441 ) ) ;
#2015 = EDGE_CURVE ( 'NONE', #623, #3380, #19, .T. ) ;
#2016 = ORIENTED_EDGE ( 'NONE', *, *, #1493, .T. ) ;
#2017 = DIRECTION ( 'NONE',  ( 1.000000000000000000, 0.000000000000000000, 0.000000000000000000 ) ) ;
#2018 = DIRECTION ( 'NONE',  ( 0.000000000000000000, 0.000000000000000000, -1.000000000000000000 ) ) ;
#2019 = CARTESIAN_POINT ( 'NONE',  ( -145.5000000000000000, -2.312964634635627408E-14, -35.99999999999999289 ) ) ;
#2020 = CARTESIAN_POINT ( 'NONE',  ( -96.39999999999999147, 9.999999999999987566, -18.00000000000000000 ) ) ;
#2021 = EDGE_CURVE ( 'NONE', #169, #2378, #828, .T. ) ;
#2022 = VERTEX_POINT ( 'NONE', #325 ) ;
#2023 = LINE ( 'NONE', #442, #2153 ) ;
#2024 = CARTESIAN_POINT ( 'NONE',  ( 3.367778697655231858E-16, -1.000000000000000888, -7.749999999999990230 ) ) ;
#2025 = ORIENTED_EDGE ( 'NONE', *, *, #1433, .T. ) ;
#2026 = FACE_OUTER_BOUND ( 'NONE', #3148, .T. ) ;
#2027 = DIRECTION ( 'NONE',  ( 1.000000000000000000, 0.000000000000000000, 0.000000000000000000 ) ) ;
#2028 = CARTESIAN_POINT ( 'NONE',  ( -70.50000000000000000, 18.75000000000000355, -2.550000000000007816 ) ) ;
#2029 = DIRECTION ( 'NONE',  ( -1.000000000000000000, 0.000000000000000000, 0.000000000000000000 ) ) ;
#2030 = ORIENTED_EDGE ( 'NONE', *, *, #2818, .F. ) ;
#2031 = ORIENTED_EDGE ( 'NONE', *, *, #1103, .F. ) ;
#2032 = CARTESIAN_POINT ( 'NONE',  ( -70.50000000000000000, 19.50000000000000355, -2.550000000000007816 ) ) ;
#2033 = FACE_BOUND ( 'NONE', #422, .T. ) ;
#2034 = CARTESIAN_POINT ( 'NONE',  ( -63.00000000000000000, 14.50000000000001954, 0.000000000000000000 ) ) ;
#2035 = ADVANCED_FACE ( 'NONE', ( #2418 ), #3171, .T. ) ;
#2036 = DIRECTION ( 'NONE',  ( 0.000000000000000000, 0.000000000000000000, -1.000000000000000000 ) ) ;
#2037 = VERTEX_POINT ( 'NONE', #563 ) ;
#2038 = DIRECTION ( 'NONE',  ( 0.000000000000000000, -1.000000000000000000, 0.000000000000000000 ) ) ;
#2039 = EDGE_CURVE ( 'NONE', #2689, #2109, #31, .T. ) ;
#2040 = LINE ( 'NONE', #2615, #298 ) ;
#2041 = AXIS2_PLACEMENT_3D ( 'NONE', #619, #1169, #1884 ) ;
#2042 = ORIENTED_EDGE ( 'NONE', *, *, #2634, .T. ) ;
#2043 = DIRECTION ( 'NONE',  ( 1.000000000000000000, 0.000000000000000000, 0.000000000000000000 ) ) ;
#2044 = CARTESIAN_POINT ( 'NONE',  ( -44.54999999999999005, -10.00000000000000000, 13.50000000000001243 ) ) ;
#2045 = VECTOR ( 'NONE', #1744, 1000.000000000000000 ) ;
#2046 = CIRCLE ( 'NONE', #1877, 2.750000000000005773 ) ;
#2047 = CARTESIAN_POINT ( 'NONE',  ( -140.4499999999999886, -5.000000000000001776, -2.999999999999999112 ) ) ;
#2048 = AXIS2_PLACEMENT_3D ( 'NONE', #3388, #1590, #504 ) ;
#2049 = ORIENTED_EDGE ( 'NONE', *, *, #875, .T. ) ;
#2050 = VECTOR ( 'NONE', #996, 1000.000000000000000 ) ;
#2051 = AXIS2_PLACEMENT_3D ( 'NONE', #1004, #1548, #2043 ) ;
#2052 = AXIS2_PLACEMENT_3D ( 'NONE', #2034, #2533, #3355 ) ;
#2053 = EDGE_LOOP ( 'NONE', ( #2671, #2250, #718, #1168 ) ) ;
#2054 = LINE ( 'NONE', #1810, #1562 ) ;
#2055 = LINE ( 'NONE', #37, #1569 ) ;
#2056 = DIRECTION ( 'NONE',  ( 0.000000000000000000, 0.000000000000000000, -1.000000000000000000 ) ) ;
#2057 = CIRCLE ( 'NONE', #968, 2.750000000000002665 ) ;
#2058 = DIRECTION ( 'NONE',  ( -0.000000000000000000, -0.000000000000000000, 1.000000000000000000 ) ) ;
#2059 = AXIS2_PLACEMENT_3D ( 'NONE', #2044, #823, #1573 ) ;
#2060 = EDGE_CURVE ( 'NONE', #1275, #1644, #1606, .T. ) ;
#2061 = VERTEX_POINT ( 'NONE', #2657 ) ;
#2062 = AXIS2_PLACEMENT_3D ( 'NONE', #1320, #1087, #561 ) ;
#2063 = CARTESIAN_POINT ( 'NONE',  ( -141.0000000000000000, -1.000000000000000888, -10.49999999999999822 ) ) ;
#2064 = LINE ( 'NONE', #541, #1607 ) ;
#2065 = EDGE_CURVE ( 'NONE', #2999, #3177, #3202, .T. ) ;
#2066 = VERTEX_POINT ( 'NONE', #1895 ) ;
#2067 = CARTESIAN_POINT ( 'NONE',  ( -44.59999999999998721, -10.00000000000000178, -18.00000000000000000 ) ) ;
#2068 = FACE_BOUND ( 'NONE', #2426, .T. ) ;
#2069 = EDGE_CURVE ( 'NONE', #2109, #2689, #1127, .T. ) ;
#2070 = DIRECTION ( 'NONE',  ( 0.000000000000000000, 1.000000000000000000, 0.000000000000000000 ) ) ;
#2071 = ORIENTED_EDGE ( 'NONE', *, *, #2131, .F. ) ;
#2072 = ORIENTED_EDGE ( 'NONE', *, *, #709, .T. ) ;
#2073 = CARTESIAN_POINT ( 'NONE',  ( -3.299999999999994937, -5.000000000000001776, -2.999999999999999112 ) ) ;
#2074 = CARTESIAN_POINT ( 'NONE',  ( -79.74999999999998579, 14.50000000000001954, -22.94974746830584422 ) ) ;
#2075 = CARTESIAN_POINT ( 'NONE',  ( -92.44999999999998863, -5.000000000000007994, -2.999999999999999112 ) ) ;
#2076 = ORIENTED_EDGE ( 'NONE', *, *, #241, .F. ) ;
#2077 = FACE_OUTER_BOUND ( 'NONE', #1952, .T. ) ;
#2078 = ORIENTED_EDGE ( 'NONE', *, *, #1315, .F. ) ;
#2079 = CYLINDRICAL_SURFACE ( 'NONE', #2928, 3.550000000000002931 ) ;
#2080 = CYLINDRICAL_SURFACE ( 'NONE', #2707, 2.750000000000002665 ) ;
#2081 = ADVANCED_FACE ( 'NONE', ( #2106 ), #2367, .F. ) ;
#2082 = DIRECTION ( 'NONE',  ( -0.000000000000000000, -0.000000000000000000, 1.000000000000000000 ) ) ;
#2083 = DIRECTION ( 'NONE',  ( 1.000000000000000000, 1.541976423090487745E-15, 0.000000000000000000 ) ) ;
#2084 = ORIENTED_EDGE ( 'NONE', *, *, #2162, .T. ) ;
#2085 = EDGE_CURVE ( 'NONE', #2668, #710, #2927, .T. ) ;
#2086 = VERTEX_POINT ( 'NONE', #600 ) ;
#2087 = CARTESIAN_POINT ( 'NONE',  ( 0.000000000000000000, 0.000000000000000000, 0.000000000000000000 ) ) ;
#2088 = CARTESIAN_POINT ( 'NONE',  ( -70.50000000000000000, 18.75000000000000355, -13.00000000000000355 ) ) ;
#2089 = LINE ( 'NONE', #2464, #2108 ) ;
#2090 = PLANE ( 'NONE',  #520 ) ;
#2091 = VERTEX_POINT ( 'NONE', #816 ) ;
#2092 = CARTESIAN_POINT ( 'NONE',  ( -101.4500000000000171, -40.41381265149108515, -25.99999999999998934 ) ) ;
#2093 = DIRECTION ( 'NONE',  ( -0.000000000000000000, -0.000000000000000000, -1.000000000000000000 ) ) ;
#2094 = EDGE_LOOP ( 'NONE', ( #316, #476 ) ) ;
#2095 = FACE_BOUND ( 'NONE', #530, .T. ) ;
#2096 = DIRECTION ( 'NONE',  ( -0.000000000000000000, -0.000000000000000000, 1.000000000000000000 ) ) ;
#2097 = EDGE_CURVE ( 'NONE', #1257, #2394, #1852, .T. ) ;
#2098 = FACE_OUTER_BOUND ( 'NONE', #79, .T. ) ;
#2099 = ORIENTED_EDGE ( 'NONE', *, *, #872, .T. ) ;
#2100 = ADVANCED_FACE ( 'NONE', ( #2898 ), #550, .F. ) ;
#2101 = AXIS2_PLACEMENT_3D ( 'NONE', #2287, #3329, #948 ) ;
#2102 = CIRCLE ( 'NONE', #353, 1.900000000000001688 ) ;
#2103 = LINE ( 'NONE', #3339, #1994 ) ;
#2104 = DIRECTION ( 'NONE',  ( -0.000000000000000000, -1.000000000000000000, -0.000000000000000000 ) ) ;
#2105 = CARTESIAN_POINT ( 'NONE',  ( -70.50000000000000000, 18.75000000000000355, 0.9999999999999954481 ) ) ;
#2106 = FACE_OUTER_BOUND ( 'NONE', #774, .T. ) ;
#2107 = AXIS2_PLACEMENT_3D ( 'NONE', #780, #3120, #1559 ) ;
#2108 = VECTOR ( 'NONE', #2716, 1000.000000000000000 ) ;
#2109 = VERTEX_POINT ( 'NONE', #2640 ) ;
#2110 = DIRECTION ( 'NONE',  ( -0.000000000000000000, -0.000000000000000000, -1.000000000000000000 ) ) ;
#2111 = AXIS2_PLACEMENT_3D ( 'NONE', #165, #3315, #938 ) ;
#2112 = AXIS2_PLACEMENT_3D ( 'NONE', #2852, #1549, #2118 ) ;
#2113 = LINE ( 'NONE', #89, #2155 ) ;
#2114 = CIRCLE ( 'NONE', #470, 2.750000000000000000 ) ;
#2115 = ORIENTED_EDGE ( 'NONE', *, *, #2253, .F. ) ;
#2116 = DIRECTION ( 'NONE',  ( 1.000000000000000000, 0.000000000000000000, 0.000000000000000000 ) ) ;
#2117 = CIRCLE ( 'NONE', #473, 2.750000000000002665 ) ;
#2118 = DIRECTION ( 'NONE',  ( -1.000000000000000000, 0.000000000000000000, 0.000000000000000000 ) ) ;
#2119 = PLANE ( 'NONE',  #2761 ) ;
#2120 = FILL_AREA_STYLE ('',( #809 ) ) ;
#2121 = ORIENTED_EDGE ( 'NONE', *, *, #1002, .T. ) ;
#2122 = EDGE_CURVE ( 'NONE', #1266, #611, #587, .T. ) ;
#2123 = PLANE ( 'NONE',  #693 ) ;
#2124 = ORIENTED_EDGE ( 'NONE', *, *, #676, .F. ) ;
#2125 = DIRECTION ( 'NONE',  ( -0.000000000000000000, -0.000000000000000000, 1.000000000000000000 ) ) ;
#2126 = DIRECTION ( 'NONE',  ( 0.000000000000000000, 1.000000000000000000, 0.000000000000000000 ) ) ;
#2127 = EDGE_CURVE ( 'NONE', #1368, #3269, #1628, .T. ) ;
#2128 = EDGE_LOOP ( 'NONE', ( #1551, #117, #2181, #1771, #2205, #1701, #92 ) ) ;
#2129 = CARTESIAN_POINT ( 'NONE',  ( -137.6999999999999886, -5.000000000000001776, -2.999999999999999112 ) ) ;
#2130 = CARTESIAN_POINT ( 'NONE',  ( -70.50000000000000000, 14.50000000000000178, -13.00000000000000355 ) ) ;
#2131 = EDGE_CURVE ( 'NONE', #1736, #929, #2873, .T. ) ;
#2132 = ORIENTED_EDGE ( 'NONE', *, *, #581, .T. ) ;
#2133 = ORIENTED_EDGE ( 'NONE', *, *, #2316, .F. ) ;
#2134 = CARTESIAN_POINT ( 'NONE',  ( 4.500000000000001776, -10.00000000000000178, 5.999999999999998224 ) ) ;
#2135 = DIRECTION ( 'NONE',  ( -0.000000000000000000, -0.000000000000000000, -1.000000000000000000 ) ) ;
#2136 = DIRECTION ( 'NONE',  ( 1.000000000000000000, 0.000000000000000000, 0.000000000000000000 ) ) ;
#2137 = DIRECTION ( 'NONE',  ( 0.000000000000000000, 0.000000000000000000, 1.000000000000000000 ) ) ;
#2138 = ORIENTED_EDGE ( 'NONE', *, *, #2145, .T. ) ;
#2139 = CARTESIAN_POINT ( 'NONE',  ( -63.00000000000000000, -4.999999999999995559, 6.000000000000000000 ) ) ;
#2140 = ORIENTED_EDGE ( 'NONE', *, *, #1059, .F. ) ;
#2141 = CYLINDRICAL_SURFACE ( 'NONE', #2973, 1.899999999999999023 ) ;
#2142 = EDGE_CURVE ( 'NONE', #2037, #698, #1393, .T. ) ;
#2143 = ORIENTED_EDGE ( 'NONE', *, *, #2777, .T. ) ;
#2144 = PRESENTATION_STYLE_ASSIGNMENT (( #1915 ) ) ;
#2145 = EDGE_CURVE ( 'NONE', #3176, #3041, #3147, .T. ) ;
#2146 = DIRECTION ( 'NONE',  ( 0.7071067811865449082, 0.7071067811865501263, 1.226634733346705966E-16 ) ) ;
#2147 = CARTESIAN_POINT ( 'NONE',  ( -95.19999999999998863, 4.999999999999992006, -2.999999999999999112 ) ) ;
#2148 = ORIENTED_EDGE ( 'NONE', *, *, #2360, .T. ) ;
#2149 = CARTESIAN_POINT ( 'NONE',  ( -131.4499999999999886, 9.999999999999985789, -23.00000000000003553 ) ) ;
#2150 = ORIENTED_EDGE ( 'NONE', *, *, #2976, .F. ) ;
#2151 = CARTESIAN_POINT ( 'NONE',  ( -145.5000000000000000, 9.500000000000003553, 6.000000000000000000 ) ) ;
#2152 = ORIENTED_EDGE ( 'NONE', *, *, #3379, .T. ) ;
#2153 = VECTOR ( 'NONE', #3054, 1000.000000000000000 ) ;
#2154 = DIRECTION ( 'NONE',  ( 1.000000000000000000, 2.282530889443168008E-16, -0.000000000000000000 ) ) ;
#2155 = VECTOR ( 'NONE', #1373, 1000.000000000000000 ) ;
#2156 = AXIS2_PLACEMENT_3D ( 'NONE', #1610, #1093, #3222 ) ;
#2157 = ORIENTED_EDGE ( 'NONE', *, *, #2727, .T. ) ;
#2158 = DIRECTION ( 'NONE',  ( 0.7071067811865439090, 1.613993070193017611E-16, 0.7071067811865512365 ) ) ;
#2159 = AXIS2_PLACEMENT_3D ( 'NONE', #226, #742, #3342 ) ;
#2160 = CARTESIAN_POINT ( 'NONE',  ( -0.5099999999999826894, -1.000000000000000888, -30.99999999999999289 ) ) ;
#2161 = AXIS2_PLACEMENT_3D ( 'NONE', #1065, #2569, #3103 ) ;
#2162 = EDGE_CURVE ( 'NONE', #942, #3177, #1248, .T. ) ;
#2163 = ORIENTED_EDGE ( 'NONE', *, *, #3048, .T. ) ;
#2164 = VECTOR ( 'NONE', #2987, 1000.000000000000000 ) ;
#2165 = ORIENTED_EDGE ( 'NONE', *, *, #681, .F. ) ;
#2166 = CARTESIAN_POINT ( 'NONE',  ( -136.4999999999999716, 9.500000000000003553, 6.000000000000000000 ) ) ;
#2167 = CARTESIAN_POINT ( 'NONE',  ( -39.54999999999999716, 14.50000000000001776, -23.00000000000002132 ) ) ;
#2168 = CIRCLE ( 'NONE', #1942, 2.750000000000002665 ) ;
#2169 = EDGE_CURVE ( 'NONE', #1077, #698, #758, .T. ) ;
#2170 = ORIENTED_EDGE ( 'NONE', *, *, #1807, .T. ) ;
#2171 = CARTESIAN_POINT ( 'NONE',  ( -70.50000000000000000, 18.75000000000000355, 0.9999999999999954481 ) ) ;
#2172 = VECTOR ( 'NONE', #1200, 1000.000000000000000 ) ;
#2173 = ORIENTED_EDGE ( 'NONE', *, *, #3170, .T. ) ;
#2174 = EDGE_CURVE ( 'NONE', #1691, #2705, #2598, .T. ) ;
#2175 =( GEOMETRIC_REPRESENTATION_CONTEXT ( 3 ) GLOBAL_UNCERTAINTY_ASSIGNED_CONTEXT ( ( #1964 ) ) GLOBAL_UNIT_ASSIGNED_CONTEXT ( ( #3165, #2599, #3389 ) ) REPRESENTATION_CONTEXT ( 'NONE', 'WORKASPACE' ) );
#2176 = FACE_OUTER_BOUND ( 'NONE', #1108, .T. ) ;
#2177 = EDGE_LOOP ( 'NONE', ( #3121, #3301, #2728, #705 ) ) ;
#2178 = ORIENTED_EDGE ( 'NONE', *, *, #660, .T. ) ;
#2179 = CYLINDRICAL_SURFACE ( 'NONE', #1987, 3.250000000000002665 ) ;
#2180 = DIRECTION ( 'NONE',  ( -0.000000000000000000, 1.000000000000000000, -0.000000000000000000 ) ) ;
#2181 = ORIENTED_EDGE ( 'NONE', *, *, #1374, .T. ) ;
#2182 = DIRECTION ( 'NONE',  ( -1.000000000000000000, 0.000000000000000000, 0.000000000000000000 ) ) ;
#2183 = FACE_OUTER_BOUND ( 'NONE', #9, .T. ) ;
#2184 = CARTESIAN_POINT ( 'NONE',  ( -0.5499999999999949374, -5.000000000000001776, -2.999999999999999112 ) ) ;
#2185 = ORIENTED_EDGE ( 'NONE', *, *, #205, .F. ) ;
#2186 = FACE_OUTER_BOUND ( 'NONE', #1210, .T. ) ;
#2187 = ADVANCED_FACE ( 'NONE', ( #2307 ), #1300, .F. ) ;
#2188 = EDGE_LOOP ( 'NONE', ( #3259, #2496 ) ) ;
#2189 = CARTESIAN_POINT ( 'NONE',  ( -96.40000000000000568, -10.00000000000000178, -18.00000000000000000 ) ) ;
#2190 = PLANE ( 'NONE',  #1945 ) ;
#2191 = ADVANCED_FACE ( 'NONE', ( #2098 ), #273, .F. ) ;
#2192 = ORIENTED_EDGE ( 'NONE', *, *, #831, .F. ) ;
#2193 = PLANE ( 'NONE',  #1074 ) ;
#2194 = CARTESIAN_POINT ( 'NONE',  ( -0.5099999999999826894, -1.000000000000000888, -30.99999999999999289 ) ) ;
#2195 = EDGE_LOOP ( 'NONE', ( #761, #2115, #696, #3238 ) ) ;
#2196 = FILL_AREA_STYLE ('',( #59 ) ) ;
#2197 = DIRECTION ( 'NONE',  ( -0.000000000000000000, -0.000000000000000000, -1.000000000000000000 ) ) ;
#2198 = CARTESIAN_POINT ( 'NONE',  ( -96.44999999999998863, -10.00000000000000000, 13.50000000000001243 ) ) ;
#2199 = EDGE_LOOP ( 'NONE', ( #2934, #2616 ) ) ;
#2200 = DIRECTION ( 'NONE',  ( 0.000000000000000000, -0.000000000000000000, 1.000000000000000000 ) ) ;
#2201 = ORIENTED_EDGE ( 'NONE', *, *, #2998, .F. ) ;
#2202 = DIRECTION ( 'NONE',  ( 0.000000000000000000, 1.000000000000000000, 0.000000000000000000 ) ) ;
#2203 = EDGE_CURVE ( 'NONE', #1156, #1198, #1263, .T. ) ;
#2204 = DIRECTION ( 'NONE',  ( -1.000000000000000000, 0.000000000000000000, 0.000000000000000000 ) ) ;
#2205 = ORIENTED_EDGE ( 'NONE', *, *, #3003, .T. ) ;
#2206 = UNCERTAINTY_MEASURE_WITH_UNIT (LENGTH_MEASURE( 1.000000000000000082E-05 ), #591, 'distance_accuracy_value', 'NONE');
#2207 = EDGE_CURVE ( 'NONE', #1472, #2944, #1806, .T. ) ;
#2208 = ORIENTED_EDGE ( 'NONE', *, *, #1461, .T. ) ;
#2209 = DIRECTION ( 'NONE',  ( 0.000000000000000000, 0.000000000000000000, -1.000000000000000000 ) ) ;
#2210 = FACE_OUTER_BOUND ( 'NONE', #2128, .T. ) ;
#2211 = AXIS2_PLACEMENT_3D ( 'NONE', #2780, #1171, #673 ) ;
#2212 = VECTOR ( 'NONE', #2739, 1000.000000000000000 ) ;
#2213 = EDGE_CURVE ( 'NONE', #1736, #103, #2580, .T. ) ;
#2214 = ORIENTED_EDGE ( 'NONE', *, *, #2460, .T. ) ;
#2215 = DIRECTION ( 'NONE',  ( 1.000000000000000000, 0.000000000000000000, 0.000000000000000000 ) ) ;
#2216 = CARTESIAN_POINT ( 'NONE',  ( -92.44999999999998863, -5.000000000000007994, 6.000000000000000000 ) ) ;
#2217 = AXIS2_PLACEMENT_3D ( 'NONE', #3256, #140, #917 ) ;
#2218 = CIRCLE ( 'NONE', #572, 1.900000000000002354 ) ;
#2219 = DIRECTION ( 'NONE',  ( 1.000000000000000000, 0.000000000000000000, 0.000000000000000000 ) ) ;
#2220 = VECTOR ( 'NONE', #2255, 1000.000000000000000 ) ;
#2221 = CIRCLE ( 'NONE', #686, 3.550000000000003819 ) ;
#2222 = ORIENTED_EDGE ( 'NONE', *, *, #402, .T. ) ;
#2223 = LINE ( 'NONE', #3072, #2658 ) ;
#2224 = AXIS2_PLACEMENT_3D ( 'NONE', #1660, #2018, #1410 ) ;
#2225 = VERTEX_POINT ( 'NONE', #1032 ) ;
#2226 = DIRECTION ( 'NONE',  ( -0.000000000000000000, -0.000000000000000000, -1.000000000000000000 ) ) ;
#2227 = VECTOR ( 'NONE', #2271, 1000.000000000000000 ) ;
#2228 = VECTOR ( 'NONE', #2656, 1000.000000000000000 ) ;
#2229 = CARTESIAN_POINT ( 'NONE',  ( -145.5000000000000000, 14.50000000000000178, -18.00000000000000000 ) ) ;
#2230 = ORIENTED_EDGE ( 'NONE', *, *, #1191, .T. ) ;
#2231 = ORIENTED_EDGE ( 'NONE', *, *, #514, .F. ) ;
#2232 = CARTESIAN_POINT ( 'NONE',  ( -77.99999999999998579, 14.50000000000001954, 15.19238815542513521 ) ) ;
#2233 = EDGE_CURVE ( 'NONE', #417, #1808, #2837, .T. ) ;
#2234 = FACE_OUTER_BOUND ( 'NONE', #2505, .T. ) ;
#2235 = ORIENTED_EDGE ( 'NONE', *, *, #305, .F. ) ;
#2236 = DIRECTION ( 'NONE',  ( -0.000000000000000000, -0.000000000000000000, 1.000000000000000000 ) ) ;
#2237 = FACE_BOUND ( 'NONE', #260, .T. ) ;
#2238 = ADVANCED_FACE ( 'NONE', ( #3114 ), #787, .F. ) ;
#2239 = DIRECTION ( 'NONE',  ( -0.000000000000000000, -0.000000000000000000, -1.000000000000000000 ) ) ;
#2240 = ORIENTED_EDGE ( 'NONE', *, *, #3024, .F. ) ;
#2241 = CARTESIAN_POINT ( 'NONE',  ( -9.550000000000004263, -10.00000000000000178, -35.99999999999999289 ) ) ;
#2242 = ORIENTED_EDGE ( 'NONE', *, *, #2295, .F. ) ;
#2243 = CARTESIAN_POINT ( 'NONE',  ( 2.200000000000005063, 4.999999999999998224, -2.999999999999999112 ) ) ;
#2244 = DIRECTION ( 'NONE',  ( 0.000000000000000000, 0.000000000000000000, -1.000000000000000000 ) ) ;
#2245 = ORIENTED_EDGE ( 'NONE', *, *, #1184, .F. ) ;
#2246 = ORIENTED_EDGE ( 'NONE', *, *, #323, .F. ) ;
#2247 = CYLINDRICAL_SURFACE ( 'NONE', #1932, 3.250000000000002665 ) ;
#2248 = DIRECTION ( 'NONE',  ( -0.000000000000000000, 1.000000000000000000, -0.000000000000000000 ) ) ;
#2249 = EDGE_CURVE ( 'NONE', #1739, #783, #1565, .T. ) ;
#2250 = ORIENTED_EDGE ( 'NONE', *, *, #1184, .T. ) ;
#2251 = DIRECTION ( 'NONE',  ( 0.000000000000000000, 0.000000000000000000, 1.000000000000000000 ) ) ;
#2252 = CYLINDRICAL_SURFACE ( 'NONE', #2431, 3.250000000000002665 ) ;
#2253 = EDGE_CURVE ( 'NONE', #1423, #2422, #2386, .T. ) ;
#2254 = ORIENTED_EDGE ( 'NONE', *, *, #2272, .T. ) ;
#2255 = DIRECTION ( 'NONE',  ( 0.000000000000000000, 0.000000000000000000, 1.000000000000000000 ) ) ;
#2256 = ORIENTED_EDGE ( 'NONE', *, *, #1683, .T. ) ;
#2257 = CARTESIAN_POINT ( 'NONE',  ( -136.4999999999999716, -9.499999999999996447, -18.00000000000000000 ) ) ;
#2258 = CARTESIAN_POINT ( 'NONE',  ( -61.25000000000000000, 14.50000000000001954, 6.000000000000000000 ) ) ;
#2259 = ORIENTED_EDGE ( 'NONE', *, *, #53, .F. ) ;
#2260 = ORIENTED_EDGE ( 'NONE', *, *, #3085, .T. ) ;
#2261 = FACE_OUTER_BOUND ( 'NONE', #62, .T. ) ;
#2262 = CARTESIAN_POINT ( 'NONE',  ( -44.54999999999996163, 19.50000000000000355, -18.00000000000000000 ) ) ;
#2263 = ORIENTED_EDGE ( 'NONE', *, *, #2122, .F. ) ;
#2264 = DIRECTION ( 'NONE',  ( -0.000000000000000000, 1.000000000000000000, -0.000000000000000000 ) ) ;
#2265 = CARTESIAN_POINT ( 'NONE',  ( -31.69999999999999218, -10.00000000000000000, -30.99999999999998934 ) ) ;
#2266 = CIRCLE ( 'NONE', #1174, 1.750000000000001554 ) ;
#2267 = ADVANCED_FACE ( 'NONE', ( #1007 ), #989, .F. ) ;
#2268 = AXIS2_PLACEMENT_3D ( 'NONE', #2720, #3188, #589 ) ;
#2269 = EDGE_LOOP ( 'NONE', ( #946, #1586, #3077, #1974 ) ) ;
#2270 = CARTESIAN_POINT ( 'NONE',  ( -3.299999999999994937, -5.000000000000001776, -2.999999999999999112 ) ) ;
#2271 = DIRECTION ( 'NONE',  ( 1.000000000000000000, 0.000000000000000000, 0.000000000000000000 ) ) ;
#2272 = EDGE_CURVE ( 'NONE', #602, #840, #2980, .T. ) ;
#2273 = VECTOR ( 'NONE', #1334, 1000.000000000000000 ) ;
#2274 = VECTOR ( 'NONE', #349, 1000.000000000000000 ) ;
#2275 = CIRCLE ( 'NONE', #3152, 2.750000000000009326 ) ;
#2276 = CYLINDRICAL_SURFACE ( 'NONE', #1189, 1.750000000000001554 ) ;
#2277 = ORIENTED_EDGE ( 'NONE', *, *, #536, .T. ) ;
#2278 = EDGE_CURVE ( 'NONE', #542, #77, #3097, .T. ) ;
#2279 = AXIS2_PLACEMENT_3D ( 'NONE', #1843, #1900, #60 ) ;
#2280 = ORIENTED_EDGE ( 'NONE', *, *, #834, .T. ) ;
#2281 = DIRECTION ( 'NONE',  ( 2.282530889443168501E-16, 1.000000000000000000, 0.000000000000000000 ) ) ;
#2282 = CIRCLE ( 'NONE', #1243, 2.750000000000009326 ) ;
#2283 = DIRECTION ( 'NONE',  ( -0.000000000000000000, -0.000000000000000000, -1.000000000000000000 ) ) ;
#2284 = DIRECTION ( 'NONE',  ( -9.130123557772670799E-17, 1.000000000000000000, 0.000000000000000000 ) ) ;
#2285 = EDGE_LOOP ( 'NONE', ( #2463, #45 ) ) ;
#2286 = PLANE ( 'NONE',  #3026 ) ;
#2287 = CARTESIAN_POINT ( 'NONE',  ( -109.2999999999999972, -1.000000000000000888, -30.99999999999998934 ) ) ;
#2288 = VERTEX_POINT ( 'NONE', #1519 ) ;
#2289 = FACE_OUTER_BOUND ( 'NONE', #1836, .T. ) ;
#2290 = LINE ( 'NONE', #153, #912 ) ;
#2291 = EDGE_CURVE ( 'NONE', #710, #943, #3368, .T. ) ;
#2292 = DIRECTION ( 'NONE',  ( -0.000000000000000000, -0.000000000000000000, 1.000000000000000000 ) ) ;
#2293 = CARTESIAN_POINT ( 'NONE',  ( -70.50000000000000000, 14.50000000000000178, -0.9000000000000062395 ) ) ;
#2294 = ORIENTED_EDGE ( 'NONE', *, *, #2566, .F. ) ;
#2295 = EDGE_CURVE ( 'NONE', #2378, #327, #1649, .T. ) ;
#2296 = ORIENTED_EDGE ( 'NONE', *, *, #2142, .T. ) ;
#2297 = CARTESIAN_POINT ( 'NONE',  ( -136.4999999999999716, 9.999999999999996447, -18.00000000000000000 ) ) ;
#2298 = FACE_BOUND ( 'NONE', #1088, .T. ) ;
#2299 = CARTESIAN_POINT ( 'NONE',  ( 4.500000000000000000, 19.50000000000000355, -18.00000000000000000 ) ) ;
#2300 = CARTESIAN_POINT ( 'NONE',  ( -44.59999999999998721, -10.00000000000000178, -18.00000000000000000 ) ) ;
#2301 = ORIENTED_EDGE ( 'NONE', *, *, #134, .F. ) ;
#2302 = DIRECTION ( 'NONE',  ( 1.000000000000000000, 0.000000000000000000, 0.000000000000000000 ) ) ;
#2303 = CARTESIAN_POINT ( 'NONE',  ( -70.50000000000000000, 4.750000000000014211, -17.24999999999999645 ) ) ;
#2304 = ORIENTED_EDGE ( 'NONE', *, *, #851, .T. ) ;
#2305 = LINE ( 'NONE', #3178, #309 ) ;
#2306 = DIRECTION ( 'NONE',  ( 0.000000000000000000, -0.000000000000000000, -1.000000000000000000 ) ) ;
#2307 = FACE_OUTER_BOUND ( 'NONE', #3031, .T. ) ;
#2308 = PRESENTATION_STYLE_ASSIGNMENT (( #30 ) ) ;
#2309 = ORIENTED_EDGE ( 'NONE', *, *, #1120, .F. ) ;
#2310 = ADVANCED_FACE ( 'NONE', ( #1380 ), #1602, .F. ) ;
#2311 = VERTEX_POINT ( 'NONE', #29 ) ;
#2312 = CARTESIAN_POINT ( 'NONE',  ( -101.4500000000000028, 9.999999999999989342, -25.99999999999998934 ) ) ;
#2313 = CARTESIAN_POINT ( 'NONE',  ( -70.50000000000000000, 4.750000000000014211, -17.24999999999999645 ) ) ;
#2314 = CARTESIAN_POINT ( 'NONE',  ( -145.5000000000000000, 19.50000000000000355, -18.00000000000000000 ) ) ;
#2315 = CARTESIAN_POINT ( 'NONE',  ( -64.75000000000000000, 14.50000000000001954, -22.94974746830584422 ) ) ;
#2316 = EDGE_CURVE ( 'NONE', #3330, #169, #1351, .T. ) ;
#2317 = ORIENTED_EDGE ( 'NONE', *, *, #3021, .F. ) ;
#2318 = DIRECTION ( 'NONE',  ( -0.000000000000000000, -0.000000000000000000, 1.000000000000000000 ) ) ;
#2319 = CARTESIAN_POINT ( 'NONE',  ( 2.200000000000005063, -5.000000000000001776, -2.999999999999999112 ) ) ;
#2320 = EDGE_CURVE ( 'NONE', #542, #597, #304, .T. ) ;
#2321 = VERTEX_POINT ( 'NONE', #1330 ) ;
#2322 = DIRECTION ( 'NONE',  ( -1.541976423090487350E-15, -1.000000000000000000, 0.000000000000000000 ) ) ;
#2323 = FACE_OUTER_BOUND ( 'NONE', #2357, .T. ) ;
#2324 = AXIS2_PLACEMENT_3D ( 'NONE', #2687, #2392, #44 ) ;
#2325 = DIRECTION ( 'NONE',  ( 0.000000000000000000, 0.000000000000000000, -1.000000000000000000 ) ) ;
#2326 = AXIS2_PLACEMENT_3D ( 'NONE', #2139, #1358, #2404 ) ;
#2327 = VERTEX_POINT ( 'NONE', #1396 ) ;
#2328 = CIRCLE ( 'NONE', #308, 2.750000000000009326 ) ;
#2329 = VECTOR ( 'NONE', #2897, 1000.000000000000000 ) ;
#2330 = ORIENTED_EDGE ( 'NONE', *, *, #745, .F. ) ;
#2331 = DIRECTION ( 'NONE',  ( 0.000000000000000000, 0.000000000000000000, 1.000000000000000000 ) ) ;
#2332 = DIRECTION ( 'NONE',  ( -0.000000000000000000, -0.000000000000000000, -1.000000000000000000 ) ) ;
#2333 = DIRECTION ( 'NONE',  ( -1.000000000000000000, 1.541976423090487745E-15, -0.000000000000000000 ) ) ;
#2334 = AXIS2_PLACEMENT_3D ( 'NONE', #2632, #2396, #847 ) ;
#2335 = CARTESIAN_POINT ( 'NONE',  ( -137.6999999999999886, -5.000000000000001776, 6.000000000000000000 ) ) ;
#2336 = ORIENTED_EDGE ( 'NONE', *, *, #3044, .F. ) ;
#2337 = VECTOR ( 'NONE', #2860, 1000.000000000000000 ) ;
#2338 = CARTESIAN_POINT ( 'NONE',  ( -0.5499999999999949374, 4.999999999999998224, -2.999999999999999112 ) ) ;
#2339 = EDGE_CURVE ( 'NONE', #618, #2668, #2390, .T. ) ;
#2340 = CARTESIAN_POINT ( 'NONE',  ( -92.44999999999998863, 4.999999999999992006, -2.999999999999999112 ) ) ;
#2341 = ORIENTED_EDGE ( 'NONE', *, *, #1002, .F. ) ;
#2342 = EDGE_CURVE ( 'NONE', #2568, #832, #2427, .T. ) ;
#2343 = CARTESIAN_POINT ( 'NONE',  ( 4.500000000000001776, -10.00000000000000178, -18.00000000000000000 ) ) ;
#2344 = CARTESIAN_POINT ( 'NONE',  ( -89.69999999999998863, 4.999999999999992006, -2.999999999999999112 ) ) ;
#2345 = DIRECTION ( 'NONE',  ( 0.000000000000000000, 0.000000000000000000, -1.000000000000000000 ) ) ;
#2346 = CARTESIAN_POINT ( 'NONE',  ( 0.000000000000000000, 0.000000000000000000, 0.000000000000000000 ) ) ;
#2347 = EDGE_LOOP ( 'NONE', ( #445, #2260, #516, #2042 ) ) ;
#2348 = EDGE_LOOP ( 'NONE', ( #343, #32 ) ) ;
#2349 = DIRECTION ( 'NONE',  ( 0.000000000000000000, 0.000000000000000000, 1.000000000000000000 ) ) ;
#2350 = LINE ( 'NONE', #3, #201 ) ;
#2351 = DIRECTION ( 'NONE',  ( -0.000000000000000000, 0.000000000000000000, 1.000000000000000000 ) ) ;
#2352 = CARTESIAN_POINT ( 'NONE',  ( -66.94999999999998863, 4.750000000000015099, -17.24999999999999645 ) ) ;
#2353 = ORIENTED_EDGE ( 'NONE', *, *, #3109, .F. ) ;
#2354 = CARTESIAN_POINT ( 'NONE',  ( -80.70000000000004547, 9.999999999999984013, -2.249999999999859668 ) ) ;
#2355 = FACE_BOUND ( 'NONE', #2895, .T. ) ;
#2356 = EDGE_CURVE ( 'NONE', #3131, #1266, #748, .T. ) ;
#2357 = EDGE_LOOP ( 'NONE', ( #1071, #1381, #2863, #230 ) ) ;
#2358 = DIRECTION ( 'NONE',  ( -0.000000000000000000, -0.000000000000000000, 1.000000000000000000 ) ) ;
#2359 = CARTESIAN_POINT ( 'NONE',  ( -89.69999999999998863, -5.000000000000007994, 6.000000000000000000 ) ) ;
#2360 = EDGE_CURVE ( 'NONE', #2920, #1102, #855, .T. ) ;
#2361 = CARTESIAN_POINT ( 'NONE',  ( -4.500000000000002665, 9.999999999999996447, -18.00000000000000000 ) ) ;
#2362 = EDGE_LOOP ( 'NONE', ( #419, #2701, #1582, #1902 ) ) ;
#2363 = FACE_OUTER_BOUND ( 'NONE', #2477, .T. ) ;
#2364 = DIRECTION ( 'NONE',  ( -0.000000000000000000, 0.000000000000000000, 1.000000000000000000 ) ) ;
#2365 = FACE_OUTER_BOUND ( 'NONE', #1490, .T. ) ;
#2366 = ADVANCED_BREP_SHAPE_REPRESENTATION ( '010_017_Left_right_servo_mount_back', ( #64, #2991 ), #645 ) ;
#2367 = CYLINDRICAL_SURFACE ( 'NONE', #1664, 3.550000000000002931 ) ;
#2368 = ORIENTED_EDGE ( 'NONE', *, *, #1142, .F. ) ;
#2369 = CARTESIAN_POINT ( 'NONE',  ( 4.500000000000002665, -10.00000000000004619, -35.99999999999999289 ) ) ;
#2370 = LINE ( 'NONE', #2319, #2596 ) ;
#2371 = EDGE_LOOP ( 'NONE', ( #2254, #2222 ) ) ;
#2372 = CARTESIAN_POINT ( 'NONE',  ( -70.50000000000000000, 14.50000000000000178, -13.00000000000000355 ) ) ;
#2373 = ADVANCED_FACE ( 'NONE', ( #824 ), #2119, .T. ) ;
#2374 = CARTESIAN_POINT ( 'NONE',  ( -70.50000000000000000, 18.75000000000000355, -14.90000000000000568 ) ) ;
#2375 = CARTESIAN_POINT ( 'NONE',  ( -140.4900000000000091, -1.000000000000000888, -30.99999999999999289 ) ) ;
#2376 = SHAPE_DEFINITION_REPRESENTATION ( #1951, #2366 ) ;
#2377 = ADVANCED_FACE ( 'NONE', ( #2650 ), #2667, .F. ) ;
#2378 = VERTEX_POINT ( 'NONE', #1131 ) ;
#2379 = VECTOR ( 'NONE', #2760, 1000.000000000000000 ) ;
#2380 = AXIS2_PLACEMENT_3D ( 'NONE', #2490, #1477, #175 ) ;
#2381 = VECTOR ( 'NONE', #2036, 1000.000000000000000 ) ;
#2382 = AXIS2_PLACEMENT_3D ( 'NONE', #3050, #3286, #1166 ) ;
#2383 = CARTESIAN_POINT ( 'NONE',  ( -59.74999999999999289, 14.50000000000001954, 0.000000000000000000 ) ) ;
#2384 = DIRECTION ( 'NONE',  ( 0.000000000000000000, 0.000000000000000000, 1.000000000000000000 ) ) ;
#2385 = DIRECTION ( 'NONE',  ( 0.000000000000000000, 0.000000000000000000, -1.000000000000000000 ) ) ;
#2386 = CIRCLE ( 'NONE', #1397, 3.250000000000002665 ) ;
#2387 = AXIS2_PLACEMENT_3D ( 'NONE', #1757, #1506, #741 ) ;
#2388 = ORIENTED_EDGE ( 'NONE', *, *, #1286, .T. ) ;
#2389 = LINE ( 'NONE', #3236, #519 ) ;
#2390 = CIRCLE ( 'NONE', #1995, 3.250000000000009770 ) ;
#2391 = AXIS2_PLACEMENT_3D ( 'NONE', #1365, #2412, #1392 ) ;
#2392 = DIRECTION ( 'NONE',  ( 0.000000000000000000, 0.000000000000000000, -1.000000000000000000 ) ) ;
#2393 = VECTOR ( 'NONE', #548, 1000.000000000000000 ) ;
#2394 = VERTEX_POINT ( 'NONE', #2149 ) ;
#2395 = ORIENTED_EDGE ( 'NONE', *, *, #2012, .F. ) ;
#2396 = DIRECTION ( 'NONE',  ( -1.000000000000000000, -2.282530889443168501E-16, 0.000000000000000000 ) ) ;
#2397 = CIRCLE ( 'NONE', #2003, 1.750000000000001554 ) ;
#2398 = CARTESIAN_POINT ( 'NONE',  ( -76.24999999999998579, 14.50000000000001954, 0.000000000000000000 ) ) ;
#2399 = DIRECTION ( 'NONE',  ( 1.000000000000000000, 0.000000000000000000, 0.000000000000000000 ) ) ;
#2400 = EDGE_LOOP ( 'NONE', ( #993, #3116, #1872, #1454 ) ) ;
#2401 = EDGE_CURVE ( 'NONE', #1266, #3131, #964, .T. ) ;
#2402 = CARTESIAN_POINT ( 'NONE',  ( 0.000000000000000000, -1.000000000000000888, -13.25000000000000888 ) ) ;
#2403 = ORIENTED_EDGE ( 'NONE', *, *, #1835, .F. ) ;
#2404 = DIRECTION ( 'NONE',  ( 1.000000000000000000, 0.000000000000000000, 0.000000000000000000 ) ) ;
#2405 = ADVANCED_FACE ( 'NONE', ( #3229 ), #2447, .F. ) ;
#2406 = ORIENTED_EDGE ( 'NONE', *, *, #3189, .F. ) ;
#2407 = CARTESIAN_POINT ( 'NONE',  ( 0.000000000000000000, 0.000000000000000000, -35.99999999999999289 ) ) ;
#2408 = DIRECTION ( 'NONE',  ( 0.000000000000000000, 0.000000000000000000, -1.000000000000000000 ) ) ;
#2409 = EDGE_LOOP ( 'NONE', ( #2124, #164 ) ) ;
#2410 = VERTEX_POINT ( 'NONE', #2414 ) ;
#2411 = DIRECTION ( 'NONE',  ( 1.000000000000000000, 0.000000000000000000, 0.000000000000000000 ) ) ;
#2412 = DIRECTION ( 'NONE',  ( 0.000000000000000000, 0.000000000000000000, 1.000000000000000000 ) ) ;
#2413 = ORIENTED_EDGE ( 'NONE', *, *, #2648, .T. ) ;
#2414 = CARTESIAN_POINT ( 'NONE',  ( -76.24999999999998579, -4.999999999999995559, 6.000000000000000000 ) ) ;
#2415 = EDGE_LOOP ( 'NONE', ( #1874, #2484 ) ) ;
#2416 = FACE_OUTER_BOUND ( 'NONE', #1650, .T. ) ;
#2417 = EDGE_CURVE ( 'NONE', #3025, #3071, #854, .T. ) ;
#2418 = FACE_OUTER_BOUND ( 'NONE', #2371, .T. ) ;
#2419 = ORIENTED_EDGE ( 'NONE', *, *, #1764, .F. ) ;
#2420 = CARTESIAN_POINT ( 'NONE',  ( -96.39999999999999147, 9.999999999999987566, -18.00000000000000000 ) ) ;
#2421 = ADVANCED_FACE ( 'NONE', ( #63 ), #1890, .F. ) ;
#2422 = VERTEX_POINT ( 'NONE', #610 ) ;
#2423 = DIRECTION ( 'NONE',  ( -0.000000000000000000, 1.000000000000000000, -0.000000000000000000 ) ) ;
#2424 = ADVANCED_FACE ( 'NONE', ( #2186 ), #2966, .F. ) ;
#2425 = CYLINDRICAL_SURFACE ( 'NONE', #1070, 2.750000000000005773 ) ;
#2426 = EDGE_LOOP ( 'NONE', ( #3215, #170 ) ) ;
#2427 = LINE ( 'NONE', #334, #462 ) ;
#2428 = ORIENTED_EDGE ( 'NONE', *, *, #2876, .F. ) ;
#2429 = CARTESIAN_POINT ( 'NONE',  ( -145.5000000000000000, -10.00000000000000178, 6.000000000000000000 ) ) ;
#2430 = AXIS2_PLACEMENT_3D ( 'NONE', #3000, #2007, #212 ) ;
#2431 = AXIS2_PLACEMENT_3D ( 'NONE', #444, #1464, #1492 ) ;
#2432 = CIRCLE ( 'NONE', #958, 2.750000000000005773 ) ;
#2433 = EDGE_LOOP ( 'NONE', ( #894, #2368 ) ) ;
#2434 = FACE_OUTER_BOUND ( 'NONE', #1121, .T. ) ;
#2435 = VECTOR ( 'NONE', #2154, 1000.000000000000000 ) ;
#2436 = CIRCLE ( 'NONE', #2925, 1.900000000000001688 ) ;
#2437 = ADVANCED_FACE ( 'NONE', ( #399 ), #1959, .F. ) ;
#2438 = ORIENTED_EDGE ( 'NONE', *, *, #887, .T. ) ;
#2439 = AXIS2_PLACEMENT_3D ( 'NONE', #1871, #2919, #577 ) ;
#2440 = VECTOR ( 'NONE', #1766, 1000.000000000000000 ) ;
#2441 = DIRECTION ( 'NONE',  ( 1.000000000000000000, 0.000000000000000000, 0.000000000000000000 ) ) ;
#2442 = CARTESIAN_POINT ( 'NONE',  ( -79.74999999999998579, 14.50000000000001954, 6.000000000000000000 ) ) ;
#2443 = CARTESIAN_POINT ( 'NONE',  ( -81.24999999999998579, -4.999999999999995559, 0.000000000000000000 ) ) ;
#2444 = VECTOR ( 'NONE', #2197, 1000.000000000000000 ) ;
#2445 = EDGE_CURVE ( 'NONE', #3269, #3166, #151, .T. ) ;
#2446 = ORIENTED_EDGE ( 'NONE', *, *, #2748, .F. ) ;
#2447 = PLANE ( 'NONE',  #1883 ) ;
#2448 = CIRCLE ( 'NONE', #1844, 3.550000000000002931 ) ;
#2449 = ORIENTED_EDGE ( 'NONE', *, *, #3179, .F. ) ;
#2450 = LINE ( 'NONE', #3155, #2329 ) ;
#2451 = COLOUR_RGB ( '',0.000000000000000000, 1.000000000000000000, 0.000000000000000000 ) ;
#2452 = DIRECTION ( 'NONE',  ( -1.000000000000000000, 0.000000000000000000, 0.000000000000000000 ) ) ;
#2453 = VERTEX_POINT ( 'NONE', #1685 ) ;
#2454 = LINE ( 'NONE', #69, #1125 ) ;
#2455 = CARTESIAN_POINT ( 'NONE',  ( 0.000000000000000000, 0.000000000000000000, -35.99999999999999289 ) ) ;
#2456 = EDGE_LOOP ( 'NONE', ( #829, #2512, #335, #2140 ) ) ;
#2457 = CARTESIAN_POINT ( 'NONE',  ( -77.99999999999998579, 14.50000000000001954, 6.000000000000000000 ) ) ;
#2458 = CARTESIAN_POINT ( 'NONE',  ( -74.74999999999998579, -4.999999999999995559, 15.19238815542513521 ) ) ;
#2459 = DIRECTION ( 'NONE',  ( -1.000000000000000000, 0.000000000000000000, 0.000000000000000000 ) ) ;
#2460 = EDGE_CURVE ( 'NONE', #3017, #1427, #3203, .T. ) ;
#2461 = ORIENTED_EDGE ( 'NONE', *, *, #858, .F. ) ;
#2462 = CARTESIAN_POINT ( 'NONE',  ( -141.0000000000000000, -1.000000000000000888, -13.25000000000000888 ) ) ;
#2463 = ORIENTED_EDGE ( 'NONE', *, *, #3067, .T. ) ;
#2464 = CARTESIAN_POINT ( 'NONE',  ( -4.500000000000002665, 9.999999999999996447, 5.999999999999998224 ) ) ;
#2465 = EDGE_CURVE ( 'NONE', #342, #1435, #2743, .T. ) ;
#2466 = DIRECTION ( 'NONE',  ( -0.000000000000000000, -0.000000000000000000, -1.000000000000000000 ) ) ;
#2467 = ORIENTED_EDGE ( 'NONE', *, *, #949, .F. ) ;
#2468 = EDGE_LOOP ( 'NONE', ( #692, #405, #1145, #2449, #269, #1219 ) ) ;
#2469 = PLANE ( 'NONE',  #799 ) ;
#2470 = CARTESIAN_POINT ( 'NONE',  ( -31.69999999999999218, -1.000000000000000888, -28.24999999999997868 ) ) ;
#2471 = ORIENTED_EDGE ( 'NONE', *, *, #514, .T. ) ;
#2472 = ORIENTED_EDGE ( 'NONE', *, *, #2913, .T. ) ;
#2473 = DIRECTION ( 'NONE',  ( -0.000000000000000000, -0.000000000000000000, -1.000000000000000000 ) ) ;
#2474 = CARTESIAN_POINT ( 'NONE',  ( -9.550000000000002487, 19.50000000000000355, -35.99999999999999289 ) ) ;
#2475 = ORIENTED_EDGE ( 'NONE', *, *, #3337, .T. ) ;
#2476 = DIRECTION ( 'NONE',  ( -0.000000000000000000, -0.000000000000000000, 1.000000000000000000 ) ) ;
#2477 = EDGE_LOOP ( 'NONE', ( #2330, #3009, #2143, #1419 ) ) ;
#2478 = DIRECTION ( 'NONE',  ( -1.000000000000000000, 0.000000000000000000, 0.000000000000000000 ) ) ;
#2479 = ADVANCED_FACE ( 'NONE', ( #3243, #3005 ), #675, .F. ) ;
#2480 = CARTESIAN_POINT ( 'NONE',  ( -137.6999999999999886, -5.000000000000001776, -2.999999999999999112 ) ) ;
#2481 = EDGE_LOOP ( 'NONE', ( #125, #1384, #3390, #460, #3023 ) ) ;
#2482 = AXIS2_PLACEMENT_3D ( 'NONE', #107, #1645, #2664 ) ;
#2483 = EDGE_CURVE ( 'NONE', #77, #169, #179, .T. ) ;
#2484 = ORIENTED_EDGE ( 'NONE', *, *, #2998, .T. ) ;
#2485 = FACE_OUTER_BOUND ( 'NONE', #2766, .T. ) ;
#2486 = CARTESIAN_POINT ( 'NONE',  ( -63.00000000000000000, 14.50000000000001954, -18.00000000000000000 ) ) ;
#2487 = VECTOR ( 'NONE', #1981, 1000.000000000000000 ) ;
#2488 = AXIS2_PLACEMENT_3D ( 'NONE', #2063, #244, #2575 ) ;
#2489 = ORIENTED_EDGE ( 'NONE', *, *, #722, .F. ) ;
#2490 = CARTESIAN_POINT ( 'NONE',  ( -0.5099999999999826894, -10.00000000000000000, -30.99999999999999289 ) ) ;
#2491 = FACE_BOUND ( 'NONE', #1342, .T. ) ;
#2492 = VECTOR ( 'NONE', #3370, 1000.000000000000000 ) ;
#2493 = AXIS2_PLACEMENT_3D ( 'NONE', #2232, #792, #1578 ) ;
#2494 = DIRECTION ( 'NONE',  ( -0.000000000000000000, 1.000000000000000000, -0.000000000000000000 ) ) ;
#2495 = AXIS2_PLACEMENT_3D ( 'NONE', #2198, #3241, #573 ) ;
#2496 = ORIENTED_EDGE ( 'NONE', *, *, #890, .T. ) ;
#2497 = LINE ( 'NONE', #1197, #466 ) ;
#2498 = AXIS2_PLACEMENT_3D ( 'NONE', #1646, #2146, #2891 ) ;
#2499 = ORIENTED_EDGE ( 'NONE', *, *, #2811, .F. ) ;
#2500 = CARTESIAN_POINT ( 'NONE',  ( -44.59999999999998721, -10.00000000000000178, 5.999999999999998224 ) ) ;
#2501 = CIRCLE ( 'NONE', #1030, 2.750000000000002665 ) ;
#2502 = CARTESIAN_POINT ( 'NONE',  ( -74.04999999999999716, 4.750000000000014211, -17.24999999999999645 ) ) ;
#2503 = EDGE_LOOP ( 'NONE', ( #2676, #674 ) ) ;
#2504 = EDGE_CURVE ( 'NONE', #1467, #1485, #1668, .T. ) ;
#2505 = EDGE_LOOP ( 'NONE', ( #2030, #2574, #1177, #1480 ) ) ;
#2506 = CARTESIAN_POINT ( 'NONE',  ( -141.0000000000000000, -1.000000000000000888, -10.49999999999999822 ) ) ;
#2507 = CARTESIAN_POINT ( 'NONE',  ( -31.69999999999999218, -1.000000000000000888, -33.74999999999999289 ) ) ;
#2508 = EDGE_CURVE ( 'NONE', #802, #2001, #2497, .T. ) ;
#2509 = VERTEX_POINT ( 'NONE', #111 ) ;
#2510 = CARTESIAN_POINT ( 'NONE',  ( -141.0000000000000000, 0.000000000000000000, -18.00000000000000000 ) ) ;
#2511 = FACE_BOUND ( 'NONE', #885, .T. ) ;
#2512 = ORIENTED_EDGE ( 'NONE', *, *, #3048, .F. ) ;
#2513 = CARTESIAN_POINT ( 'NONE',  ( -137.6999999999999886, 4.999999999999998224, -2.999999999999999112 ) ) ;
#2514 = VERTEX_POINT ( 'NONE', #2462 ) ;
#2515 = CARTESIAN_POINT ( 'NONE',  ( -3.299999999999994937, 4.999999999999998224, -2.999999999999999112 ) ) ;
#2516 = LINE ( 'NONE', #168, #1459 ) ;
#2517 = ORIENTED_EDGE ( 'NONE', *, *, #3276, .F. ) ;
#2518 = ORIENTED_EDGE ( 'NONE', *, *, #1568, .T. ) ;
#2519 = CARTESIAN_POINT ( 'NONE',  ( -96.40000000000000568, -20.31665382639196693, 5.999999999999998224 ) ) ;
#2520 = EDGE_CURVE ( 'NONE', #1427, #2763, #1158, .T. ) ;
#2521 = DIRECTION ( 'NONE',  ( 1.000000000000000000, -2.282530889443168501E-16, -0.000000000000000000 ) ) ;
#2522 = ORIENTED_EDGE ( 'NONE', *, *, #752, .F. ) ;
#2523 = LINE ( 'NONE', #985, #1985 ) ;
#2524 = EDGE_CURVE ( 'NONE', #2091, #2949, #1735, .T. ) ;
#2525 = DIRECTION ( 'NONE',  ( 1.000000000000000000, 0.000000000000000000, 0.000000000000000000 ) ) ;
#2526 = EDGE_LOOP ( 'NONE', ( #2214, #1802, #1279, #1 ) ) ;
#2527 = DIRECTION ( 'NONE',  ( -0.000000000000000000, -0.000000000000000000, -1.000000000000000000 ) ) ;
#2528 = LINE ( 'NONE', #2500, #2227 ) ;
#2529 = LINE ( 'NONE', #2502, #2827 ) ;
#2530 = ORIENTED_EDGE ( 'NONE', *, *, #162, .T. ) ;
#2531 = VERTEX_POINT ( 'NONE', #3018 ) ;
#2532 = CARTESIAN_POINT ( 'NONE',  ( -44.54999999999994031, 9.999999999999987566, -18.00000000000000000 ) ) ;
#2533 = DIRECTION ( 'NONE',  ( 0.000000000000000000, -0.000000000000000000, -1.000000000000000000 ) ) ;
#2534 = CYLINDRICAL_SURFACE ( 'NONE', #852, 2.750000000000002665 ) ;
#2535 = EDGE_LOOP ( 'NONE', ( #590, #137 ) ) ;
#2536 = DIRECTION ( 'NONE',  ( 0.000000000000000000, 1.000000000000000000, 0.000000000000000000 ) ) ;
#2537 = AXIS2_PLACEMENT_3D ( 'NONE', #1663, #2964, #2916 ) ;
#2538 = CARTESIAN_POINT ( 'NONE',  ( -145.5000000000000000, -10.00000000000004619, -25.99999999999998934 ) ) ;
#2539 = ADVANCED_FACE ( 'NONE', ( #1176 ), #1973, .F. ) ;
#2540 = AXIS2_PLACEMENT_3D ( 'NONE', #138, #184, #669 ) ;
#2541 = ORIENTED_EDGE ( 'NONE', *, *, #3228, .F. ) ;
#2542 = CARTESIAN_POINT ( 'NONE',  ( -9.550000000000002487, 14.50000000000000888, -56.33562262423501465 ) ) ;
#2543 = PLANE ( 'NONE',  #2877 ) ;
#2544 = AXIS2_PLACEMENT_3D ( 'NONE', #2486, #172, #1218 ) ;
#2545 = VECTOR ( 'NONE', #2333, 1000.000000000000000 ) ;
#2546 = EDGE_CURVE ( 'NONE', #652, #1434, #951, .T. ) ;
#2547 = AXIS2_PLACEMENT_3D ( 'NONE', #49, #1904, #2906 ) ;
#2548 = FACE_OUTER_BOUND ( 'NONE', #1731, .T. ) ;
#2549 = ORIENTED_EDGE ( 'NONE', *, *, #1086, .F. ) ;
#2550 = AXIS2_PLACEMENT_3D ( 'NONE', #2372, #2423, #331 ) ;
#2551 = EDGE_LOOP ( 'NONE', ( #1889, #1105 ) ) ;
#2552 = LINE ( 'NONE', #207, #1935 ) ;
#2553 = LINE ( 'NONE', #2458, #2444 ) ;
#2554 = VECTOR ( 'NONE', #651, 999.9999999999998863 ) ;
#2555 = LINE ( 'NONE', #2019, #1076 ) ;
#2556 = DIRECTION ( 'NONE',  ( 0.000000000000000000, 0.000000000000000000, 1.000000000000000000 ) ) ;
#2557 = ORIENTED_EDGE ( 'NONE', *, *, #1954, .T. ) ;
#2558 = FACE_OUTER_BOUND ( 'NONE', #1991, .T. ) ;
#2559 = CARTESIAN_POINT ( 'NONE',  ( -0.5099999999999823563, -1.000000000000000888, -28.24999999999998224 ) ) ;
#2560 = ORIENTED_EDGE ( 'NONE', *, *, #1568, .F. ) ;
#2561 = DIRECTION ( 'NONE',  ( -0.000000000000000000, 0.000000000000000000, 1.000000000000000000 ) ) ;
#2562 = ADVANCED_FACE ( 'NONE', ( #432 ), #1428, .F. ) ;
#2563 = CARTESIAN_POINT ( 'NONE',  ( -131.4499999999999886, 9.999999999999996447, -25.99999999999998934 ) ) ;
#2564 = CARTESIAN_POINT ( 'NONE',  ( -70.50000000000000000, 4.750000000000014211, -18.00000000000000000 ) ) ;
#2565 = LINE ( 'NONE', #788, #1891 ) ;
#2566 = EDGE_CURVE ( 'NONE', #2531, #564, #905, .T. ) ;
#2567 = ORIENTED_EDGE ( 'NONE', *, *, #286, .F. ) ;
#2568 = VERTEX_POINT ( 'NONE', #662 ) ;
#2569 = DIRECTION ( 'NONE',  ( 0.000000000000000000, 0.000000000000000000, 1.000000000000000000 ) ) ;
#2570 = DIRECTION ( 'NONE',  ( -1.000000000000000000, 0.000000000000000000, 0.000000000000000000 ) ) ;
#2571 = EDGE_CURVE ( 'NONE', #1149, #1206, #2817, .T. ) ;
#2572 = DIRECTION ( 'NONE',  ( -0.000000000000000000, 1.000000000000000000, -0.000000000000000000 ) ) ;
#2573 = FACE_BOUND ( 'NONE', #2535, .T. ) ;
#2574 = ORIENTED_EDGE ( 'NONE', *, *, #1271, .F. ) ;
#2575 = DIRECTION ( 'NONE',  ( 0.000000000000000000, 0.000000000000000000, -1.000000000000000000 ) ) ;
#2576 = DIRECTION ( 'NONE',  ( -1.000000000000000000, 0.000000000000000000, 0.000000000000000000 ) ) ;
#2577 = ORIENTED_EDGE ( 'NONE', *, *, #3250, .T. ) ;
#2578 = LINE ( 'NONE', #3385, #1401 ) ;
#2579 = DIRECTION ( 'NONE',  ( -0.7071067811865521247, -0.7071067811865430208, -0.000000000000000000 ) ) ;
#2580 = LINE ( 'NONE', #474, #2492 ) ;
#2581 = ORIENTED_EDGE ( 'NONE', *, *, #2291, .T. ) ;
#2582 = EDGE_CURVE ( 'NONE', #77, #2663, #1700, .T. ) ;
#2583 = ORIENTED_EDGE ( 'NONE', *, *, #1990, .T. ) ;
#2584 = FACE_OUTER_BOUND ( 'NONE', #1686, .T. ) ;
#2585 = CARTESIAN_POINT ( 'NONE',  ( -159.6421356237309510, -4.493648605029749103E-14, -35.99999999999999289 ) ) ;
#2586 = CARTESIAN_POINT ( 'NONE',  ( -0.5499999999999949374, 4.999999999999998224, -2.999999999999999112 ) ) ;
#2587 = DIRECTION ( 'NONE',  ( 1.000000000000000000, 0.000000000000000000, 0.000000000000000000 ) ) ;
#2588 = EDGE_CURVE ( 'NONE', #2091, #1272, #2223, .T. ) ;
#2589 = ORIENTED_EDGE ( 'NONE', *, *, #490, .T. ) ;
#2590 = DIRECTION ( 'NONE',  ( 0.000000000000000000, 0.000000000000000000, -1.000000000000000000 ) ) ;
#2591 = LINE ( 'NONE', #246, #1497 ) ;
#2592 = ORIENTED_EDGE ( 'NONE', *, *, #382, .F. ) ;
#2593 = CYLINDRICAL_SURFACE ( 'NONE', #144, 1.900000000000001688 ) ;
#2594 = AXIS2_PLACEMENT_3D ( 'NONE', #881, #2935, #2215 ) ;
#2595 = FACE_OUTER_BOUND ( 'NONE', #3253, .T. ) ;
#2596 = VECTOR ( 'NONE', #727, 1000.000000000000000 ) ;
#2597 = CIRCLE ( 'NONE', #2922, 3.550000000000002931 ) ;
#2598 = LINE ( 'NONE', #218, #629 ) ;
#2599 =( NAMED_UNIT ( * ) PLANE_ANGLE_UNIT ( ) SI_UNIT ( $, .RADIAN. ) );
#2600 = CIRCLE ( 'NONE', #2217, 2.750000000000000000 ) ;
#2601 = ORIENTED_EDGE ( 'NONE', *, *, #1703, .T. ) ;
#2602 = CIRCLE ( 'NONE', #1128, 1.899999999999999023 ) ;
#2603 = AXIS2_PLACEMENT_3D ( 'NONE', #3264, #2476, #126 ) ;
#2604 = AXIS2_PLACEMENT_3D ( 'NONE', #524, #785, #11 ) ;
#2605 = VERTEX_POINT ( 'NONE', #1245 ) ;
#2606 = FACE_BOUND ( 'NONE', #713, .T. ) ;
#2607 = LINE ( 'NONE', #3376, #2985 ) ;
#2608 = CARTESIAN_POINT ( 'NONE',  ( -39.54999999999998295, -10.00000000000000178, -30.99999999999998934 ) ) ;
#2609 = EDGE_CURVE ( 'NONE', #2225, #1050, #1495, .T. ) ;
#2610 = LINE ( 'NONE', #2352, #135 ) ;
#2611 = ORIENTED_EDGE ( 'NONE', *, *, #1471, .F. ) ;
#2612 = CIRCLE ( 'NONE', #1136, 3.550000000000003819 ) ;
#2613 = DIRECTION ( 'NONE',  ( 0.000000000000000000, 0.000000000000000000, -1.000000000000000000 ) ) ;
#2614 = ADVANCED_FACE ( 'NONE', ( #447 ), #1750, .F. ) ;
#2615 = CARTESIAN_POINT ( 'NONE',  ( 4.500000000000002665, -2.255140518769845436E-14, -35.99999999999999289 ) ) ;
#2616 = ORIENTED_EDGE ( 'NONE', *, *, #1804, .T. ) ;
#2617 = CARTESIAN_POINT ( 'NONE',  ( -61.25000000000000000, -4.999999999999995559, 6.000000000000000000 ) ) ;
#2618 = DIRECTION ( 'NONE',  ( 0.000000000000000000, 0.000000000000000000, 1.000000000000000000 ) ) ;
#2619 = DIRECTION ( 'NONE',  ( 0.000000000000000000, 1.000000000000000000, 0.000000000000000000 ) ) ;
#2620 = ORIENTED_EDGE ( 'NONE', *, *, #615, .F. ) ;
#2621 = ORIENTED_EDGE ( 'NONE', *, *, #1907, .T. ) ;
#2622 = DIRECTION ( 'NONE',  ( 1.000000000000000000, 0.000000000000000000, 0.000000000000000000 ) ) ;
#2623 = LINE ( 'NONE', #1541, #3371 ) ;
#2624 = CARTESIAN_POINT ( 'NONE',  ( -0.5499999999999949374, 4.999999999999998224, -2.999999999999999112 ) ) ;
#2625 = CARTESIAN_POINT ( 'NONE',  ( -136.4499999999999318, 7.015992725061782150E-15, -18.00000000000000000 ) ) ;
#2626 = EDGE_CURVE ( 'NONE', #1434, #579, #139, .T. ) ;
#2627 = VERTEX_POINT ( 'NONE', #3093 ) ;
#2628 = DIRECTION ( 'NONE',  ( 0.000000000000000000, 0.000000000000000000, -1.000000000000000000 ) ) ;
#2629 = FACE_OUTER_BOUND ( 'NONE', #498, .T. ) ;
#2630 = ADVANCED_FACE ( 'NONE', ( #3366 ), #2079, .F. ) ;
#2631 = ORIENTED_EDGE ( 'NONE', *, *, #1311, .F. ) ;
#2632 = CARTESIAN_POINT ( 'NONE',  ( -44.59999999999998721, -20.31665382639196693, 5.999999999999998224 ) ) ;
#2633 = DIRECTION ( 'NONE',  ( 0.000000000000000000, 0.000000000000000000, 1.000000000000000000 ) ) ;
#2634 = EDGE_CURVE ( 'NONE', #2453, #2009, #1571, .T. ) ;
#2635 = DIRECTION ( 'NONE',  ( 0.000000000000000000, 1.000000000000000000, 0.000000000000000000 ) ) ;
#2636 = APPLICATION_PROTOCOL_DEFINITION ( 'draft international standard', 'automotive_design', 1998, #449 ) ;
#2637 = ORIENTED_EDGE ( 'NONE', *, *, #363, .T. ) ;
#2638 = CARTESIAN_POINT ( 'NONE',  ( -101.4500000000000028, -10.00000000000000178, -25.99999999999998934 ) ) ;
#2639 = DIRECTION ( 'NONE',  ( -0.000000000000000000, 1.000000000000000000, -0.000000000000000000 ) ) ;
#2640 = CARTESIAN_POINT ( 'NONE',  ( -64.75000000000000000, -4.999999999999995559, 6.000000000000000000 ) ) ;
#2641 = ORIENTED_EDGE ( 'NONE', *, *, #2840, .F. ) ;
#2642 = CARTESIAN_POINT ( 'NONE',  ( -70.50000000000000000, 14.50000000000000178, -11.09999999999999964 ) ) ;
#2643 = FACE_OUTER_BOUND ( 'NONE', #2006, .T. ) ;
#2644 = ORIENTED_EDGE ( 'NONE', *, *, #2648, .F. ) ;
#2645 = CARTESIAN_POINT ( 'NONE',  ( -141.0000000000000000, -1.000000000000000888, -7.749999999999990230 ) ) ;
#2646 = CARTESIAN_POINT ( 'NONE',  ( -101.4500000000000171, -10.00000000000000178, -25.99999999999998934 ) ) ;
#2647 = CIRCLE ( 'NONE', #731, 1.750000000000001554 ) ;
#2648 = EDGE_CURVE ( 'NONE', #2225, #1898, #1803, .T. ) ;
#2649 = AXIS2_PLACEMENT_3D ( 'NONE', #3211, #2708, #867 ) ;
#2650 = FACE_OUTER_BOUND ( 'NONE', #2362, .T. ) ;
#2651 = EDGE_LOOP ( 'NONE', ( #899, #2874 ) ) ;
#2652 = EDGE_CURVE ( 'NONE', #928, #925, #2578, .T. ) ;
#2653 = AXIS2_PLACEMENT_3D ( 'NONE', #8, #2093, #2576 ) ;
#2654 = VECTOR ( 'NONE', #313, 1000.000000000000000 ) ;
#2655 = CIRCLE ( 'NONE', #2755, 2.750000000000000000 ) ;
#2656 = DIRECTION ( 'NONE',  ( -0.000000000000000000, -0.000000000000000000, 1.000000000000000000 ) ) ;
#2657 = CARTESIAN_POINT ( 'NONE',  ( -143.1999999999999886, -5.000000000000001776, -2.999999999999999112 ) ) ;
#2658 = VECTOR ( 'NONE', #769, 1000.000000000000000 ) ;
#2659 = ORIENTED_EDGE ( 'NONE', *, *, #2508, .F. ) ;
#2660 = CARTESIAN_POINT ( 'NONE',  ( -0.5499999999999949374, -5.000000000000001776, 6.000000000000000000 ) ) ;
#2661 = AXIS2_PLACEMENT_3D ( 'NONE', #503, #2306, #2835 ) ;
#2662 = CIRCLE ( 'NONE', #2933, 2.750000000000009326 ) ;
#2663 = VERTEX_POINT ( 'NONE', #2067 ) ;
#2664 = DIRECTION ( 'NONE',  ( -1.000000000000000000, 0.000000000000000000, 0.000000000000000000 ) ) ;
#2665 = CARTESIAN_POINT ( 'NONE',  ( 18.64213562373096522, -4.435824489163968708E-14, -35.99999999999999289 ) ) ;
#2666 = ADVANCED_FACE ( 'NONE', ( #523 ), #1297, .F. ) ;
#2667 = CYLINDRICAL_SURFACE ( 'NONE', #2706, 1.750000000000001554 ) ;
#2668 = VERTEX_POINT ( 'NONE', #2834 ) ;
#2669 = ADVANCED_FACE ( 'NONE', ( #2289 ), #486, .F. ) ;
#2670 = CARTESIAN_POINT ( 'NONE',  ( -9.550000000000002487, 19.50000000000000355, -35.99999999999999289 ) ) ;
#2671 = ORIENTED_EDGE ( 'NONE', *, *, #2913, .F. ) ;
#2672 = DIRECTION ( 'NONE',  ( -1.541976423090487350E-15, 1.000000000000000000, 0.000000000000000000 ) ) ;
#2673 = ADVANCED_FACE ( 'NONE', ( #987 ), #1532, .F. ) ;
#2674 = EDGE_LOOP ( 'NONE', ( #1666, #1476, #1420, #2296 ) ) ;
#2675 = DIRECTION ( 'NONE',  ( 0.000000000000000000, 1.000000000000000000, 0.000000000000000000 ) ) ;
#2676 = ORIENTED_EDGE ( 'NONE', *, *, #1683, .F. ) ;
#2677 = PLANE ( 'NONE',  #2751 ) ;
#2678 = LINE ( 'NONE', #297, #2882 ) ;
#2679 = LINE ( 'NONE', #1378, #3037 ) ;
#2680 = VERTEX_POINT ( 'NONE', #2343 ) ;
#2681 = DIRECTION ( 'NONE',  ( -0.000000000000000000, -0.000000000000000000, 1.000000000000000000 ) ) ;
#2682 = ORIENTED_EDGE ( 'NONE', *, *, #1388, .F. ) ;
#2683 = DIRECTION ( 'NONE',  ( 0.000000000000000000, 0.000000000000000000, -1.000000000000000000 ) ) ;
#2684 = ADVANCED_FACE ( 'NONE', ( #2026 ), #2593, .F. ) ;
#2685 = ORIENTED_EDGE ( 'NONE', *, *, #1604, .F. ) ;
#2686 = DIRECTION ( 'NONE',  ( 0.000000000000000000, 1.000000000000000000, 0.000000000000000000 ) ) ;
#2687 = CARTESIAN_POINT ( 'NONE',  ( -70.50000000000000000, 4.750000000000014211, -12.99999999999999822 ) ) ;
#2688 = EDGE_CURVE ( 'NONE', #113, #2841, #1819, .T. ) ;
#2689 = VERTEX_POINT ( 'NONE', #2617 ) ;
#2690 = CARTESIAN_POINT ( 'NONE',  ( -74.04999999999999716, 4.750000000000014211, -17.24999999999999645 ) ) ;
#2691 = DIRECTION ( 'NONE',  ( -0.7071067811865433539, 0.000000000000000000, -0.7071067811865516806 ) ) ;
#2692 = DIRECTION ( 'NONE',  ( -1.541976423090487745E-15, -1.000000000000000000, -1.734723475976807094E-16 ) ) ;
#2693 = ORIENTED_EDGE ( 'NONE', *, *, #1870, .T. ) ;
#2694 = DIRECTION ( 'NONE',  ( 0.7071067811865440200, 1.613993070193017857E-16, -0.7071067811865511255 ) ) ;
#2695 = EDGE_LOOP ( 'NONE', ( #2911, #2403, #728, #873, #1746, #295, #1963, #2620 ) ) ;
#2696 = CARTESIAN_POINT ( 'NONE',  ( 2.200000000000005063, 4.999999999999998224, 6.000000000000000000 ) ) ;
#2697 = FACE_OUTER_BOUND ( 'NONE', #41, .T. ) ;
#2698 = AXIS2_PLACEMENT_3D ( 'NONE', #2510, #2590, #7 ) ;
#2699 = CIRCLE ( 'NONE', #1336, 3.250000000000002665 ) ;
#2700 = VECTOR ( 'NONE', #2775, 1000.000000000000000 ) ;
#2701 = ORIENTED_EDGE ( 'NONE', *, *, #205, .T. ) ;
#2702 = DIRECTION ( 'NONE',  ( 0.000000000000000000, -1.000000000000000000, -0.000000000000000000 ) ) ;
#2703 = ADVANCED_FACE ( 'NONE', ( #1313, #2095 ), #2815, .F. ) ;
#2704 = VECTOR ( 'NONE', #2776, 1000.000000000000000 ) ;
#2705 = VERTEX_POINT ( 'NONE', #1261 ) ;
#2706 = AXIS2_PLACEMENT_3D ( 'NONE', #1099, #2681, #2136 ) ;
#2707 = AXIS2_PLACEMENT_3D ( 'NONE', #3367, #1805, #1299 ) ;
#2708 = DIRECTION ( 'NONE',  ( -0.000000000000000000, -0.000000000000000000, -1.000000000000000000 ) ) ;
#2709 = EDGE_CURVE ( 'NONE', #791, #2680, #2305, .T. ) ;
#2710 = DIRECTION ( 'NONE',  ( -0.000000000000000000, -0.000000000000000000, 1.000000000000000000 ) ) ;
#2711 = PLANE ( 'NONE',  #1081 ) ;
#2712 = ORIENTED_EDGE ( 'NONE', *, *, #1407, .F. ) ;
#2713 = CARTESIAN_POINT ( 'NONE',  ( -44.59999999999999432, 9.999999999999987566, 5.999999999999998224 ) ) ;
#2714 = AXIS2_PLACEMENT_3D ( 'NONE', #130, #3284, #1704 ) ;
#2715 = VERTEX_POINT ( 'NONE', #543 ) ;
#2716 = DIRECTION ( 'NONE',  ( -0.000000000000000000, -0.000000000000000000, 1.000000000000000000 ) ) ;
#2717 = CARTESIAN_POINT ( 'NONE',  ( -39.54999999999999005, -10.00000000000000178, -35.99999999999999289 ) ) ;
#2718 = ORIENTED_EDGE ( 'NONE', *, *, #1654, .F. ) ;
#2719 = EDGE_LOOP ( 'NONE', ( #3225, #211, #2406, #1095 ) ) ;
#2720 = CARTESIAN_POINT ( 'NONE',  ( -70.50000000000000000, 14.50000000000000178, -13.00000000000000355 ) ) ;
#2721 = CARTESIAN_POINT ( 'NONE',  ( -131.4499999999999886, 19.50000000000000355, -35.99999999999999289 ) ) ;
#2722 = ADVANCED_FACE ( 'NONE', ( #1588 ), #3191, .T. ) ;
#2723 = EDGE_LOOP ( 'NONE', ( #2259, #923 ) ) ;
#2724 = CARTESIAN_POINT ( 'NONE',  ( -140.4499999999999886, -5.000000000000001776, -2.999999999999999112 ) ) ;
#2725 = DIRECTION ( 'NONE',  ( 0.000000000000000000, 0.000000000000000000, -1.000000000000000000 ) ) ;
#2726 = LINE ( 'NONE', #381, #1986 ) ;
#2727 = EDGE_CURVE ( 'NONE', #928, #1691, #2678, .T. ) ;
#2728 = ORIENTED_EDGE ( 'NONE', *, *, #28, .T. ) ;
#2729 = CARTESIAN_POINT ( 'NONE',  ( -70.50000000000000000, 18.75000000000000355, -9.449999999999999289 ) ) ;
#2730 = ORIENTED_EDGE ( 'NONE', *, *, #248, .F. ) ;
#2731 = CARTESIAN_POINT ( 'NONE',  ( -66.25000000000000000, -4.999999999999995559, -18.00000000000000000 ) ) ;
#2732 = ADVANCED_FACE ( 'NONE', ( #344 ), #318, .F. ) ;
#2733 = FACE_OUTER_BOUND ( 'NONE', #482, .T. ) ;
#2734 = ORIENTED_EDGE ( 'NONE', *, *, #1637, .F. ) ;
#2735 = EDGE_LOOP ( 'NONE', ( #2304, #2277, #2541, #3230 ) ) ;
#2736 = CARTESIAN_POINT ( 'NONE',  ( -109.2999999999999972, -1.000000000000000888, -30.99999999999998934 ) ) ;
#2737 = DIRECTION ( 'NONE',  ( 0.000000000000000000, 0.000000000000000000, -1.000000000000000000 ) ) ;
#2738 = ORIENTED_EDGE ( 'NONE', *, *, #2546, .T. ) ;
#2739 = DIRECTION ( 'NONE',  ( -0.7071067811865501263, 0.7071067811865449082, -0.000000000000000000 ) ) ;
#2740 = FACE_BOUND ( 'NONE', #2433, .T. ) ;
#2741 = DIRECTION ( 'NONE',  ( 0.000000000000000000, -0.000000000000000000, 1.000000000000000000 ) ) ;
#2742 = ORIENTED_EDGE ( 'NONE', *, *, #1887, .T. ) ;
#2743 = LINE ( 'NONE', #2729, #1721 ) ;
#2744 = ADVANCED_FACE ( 'NONE', ( #607 ), #1377, .T. ) ;
#2745 = ORIENTED_EDGE ( 'NONE', *, *, #3130, .T. ) ;
#2746 = DIRECTION ( 'NONE',  ( 0.000000000000000000, 0.000000000000000000, 1.000000000000000000 ) ) ;
#2747 = CYLINDRICAL_SURFACE ( 'NONE', #3101, 3.250000000000002665 ) ;
#2748 = EDGE_CURVE ( 'NONE', #1156, #802, #911, .T. ) ;
#2749 = VERTEX_POINT ( 'NONE', #2134 ) ;
#2750 = VERTEX_POINT ( 'NONE', #1389 ) ;
#2751 = AXIS2_PLACEMENT_3D ( 'NONE', #569, #1659, #1929 ) ;
#2752 = PLANE ( 'NONE',  #27 ) ;
#2753 = DIRECTION ( 'NONE',  ( 0.000000000000000000, -0.000000000000000000, -1.000000000000000000 ) ) ;
#2754 = CIRCLE ( 'NONE', #3197, 2.750000000000009326 ) ;
#2755 = AXIS2_PLACEMENT_3D ( 'NONE', #2660, #864, #892 ) ;
#2756 = VERTEX_POINT ( 'NONE', #2442 ) ;
#2757 = CARTESIAN_POINT ( 'NONE',  ( -70.50000000000000000, 14.50000000000000178, 0.9999999999999954481 ) ) ;
#2758 = VECTOR ( 'NONE', #2910, 1000.000000000000000 ) ;
#2759 = CIRCLE ( 'NONE', #1344, 3.250000000000009770 ) ;
#2760 = DIRECTION ( 'NONE',  ( 1.000000000000000000, -0.000000000000000000, 0.000000000000000000 ) ) ;
#2761 = AXIS2_PLACEMENT_3D ( 'NONE', #559, #1859, #1635 ) ;
#2762 = AXIS2_PLACEMENT_3D ( 'NONE', #940, #3332, #2746 ) ;
#2763 = VERTEX_POINT ( 'NONE', #284 ) ;
#2764 = CARTESIAN_POINT ( 'NONE',  ( -0.5099999999999826894, -1.000000000000000888, -30.99999999999999289 ) ) ;
#2765 = VECTOR ( 'NONE', #1058, 1000.000000000000000 ) ;
#2766 = EDGE_LOOP ( 'NONE', ( #182, #320, #1570, #2178 ) ) ;
#2767 = DIRECTION ( 'NONE',  ( 1.000000000000000000, 0.000000000000000000, 0.000000000000000000 ) ) ;
#2768 = ADVANCED_FACE ( 'NONE', ( #1110 ), #1868, .F. ) ;
#2769 = VECTOR ( 'NONE', #1673, 1000.000000000000000 ) ;
#2770 = DIRECTION ( 'NONE',  ( 0.000000000000000000, 0.000000000000000000, -1.000000000000000000 ) ) ;
#2771 = EDGE_LOOP ( 'NONE', ( #1115, #2475, #1183, #687 ) ) ;
#2772 = PRODUCT_DEFINITION_FORMATION_WITH_SPECIFIED_SOURCE ( 'ANY', '', #703, .NOT_KNOWN. ) ;
#2773 = EDGE_CURVE ( 'NONE', #2066, #2453, #803, .T. ) ;
#2774 = ORIENTED_EDGE ( 'NONE', *, *, #1161, .F. ) ;
#2775 = DIRECTION ( 'NONE',  ( -0.000000000000000000, -1.000000000000000000, -0.000000000000000000 ) ) ;
#2776 = DIRECTION ( 'NONE',  ( -0.000000000000000000, -1.000000000000000000, -0.000000000000000000 ) ) ;
#2777 = EDGE_CURVE ( 'NONE', #2531, #984, #94, .T. ) ;
#2778 = ORIENTED_EDGE ( 'NONE', *, *, #73, .T. ) ;
#2779 = DIRECTION ( 'NONE',  ( 0.000000000000000000, -1.000000000000000000, -0.000000000000000000 ) ) ;
#2780 = CARTESIAN_POINT ( 'NONE',  ( -77.99999999999998579, 14.50000000000001954, 0.000000000000000000 ) ) ;
#2781 = ORIENTED_EDGE ( 'NONE', *, *, #3379, .F. ) ;
#2782 = DIRECTION ( 'NONE',  ( 1.000000000000000000, 0.000000000000000000, 0.000000000000000000 ) ) ;
#2783 = CYLINDRICAL_SURFACE ( 'NONE', #2762, 3.550000000000003819 ) ;
#2784 = DIRECTION ( 'NONE',  ( 0.000000000000000000, -1.000000000000000000, 0.000000000000000000 ) ) ;
#2785 = ORIENTED_EDGE ( 'NONE', *, *, #1807, .F. ) ;
#2786 = ADVANCED_FACE ( 'NONE', ( #1857 ), #1327, .F. ) ;
#2787 = ORIENTED_EDGE ( 'NONE', *, *, #1489, .T. ) ;
#2788 = CARTESIAN_POINT ( 'NONE',  ( -70.50000000000000000, 14.50000000000000178, 2.899999999999997247 ) ) ;
#2789 = CARTESIAN_POINT ( 'NONE',  ( -70.50000000000000000, 14.50000000000000178, -0.9000000000000062395 ) ) ;
#2790 = EDGE_CURVE ( 'NONE', #2822, #113, #570, .T. ) ;
#2791 = DIRECTION ( 'NONE',  ( -0.000000000000000000, 1.000000000000000000, -0.000000000000000000 ) ) ;
#2792 = ORIENTED_EDGE ( 'NONE', *, *, #3214, .T. ) ;
#2793 = DIRECTION ( 'NONE',  ( -0.000000000000000000, -0.000000000000000000, -1.000000000000000000 ) ) ;
#2794 = ADVANCED_FACE ( 'NONE', ( #1364 ), #1140, .F. ) ;
#2795 = DIRECTION ( 'NONE',  ( -1.000000000000000000, 0.000000000000000000, 0.000000000000000000 ) ) ;
#2796 = ORIENTED_EDGE ( 'NONE', *, *, #241, .T. ) ;
#2797 = CARTESIAN_POINT ( 'NONE',  ( -70.50000000000000000, 4.750000000000014211, -17.24999999999999645 ) ) ;
#2798 = DIRECTION ( 'NONE',  ( 0.000000000000000000, 0.000000000000000000, -1.000000000000000000 ) ) ;
#2799 = CARTESIAN_POINT ( 'NONE',  ( -136.4999999999999716, 9.999999999999996447, 5.999999999999998224 ) ) ;
#2800 = ORIENTED_EDGE ( 'NONE', *, *, #3003, .F. ) ;
#2801 = EDGE_LOOP ( 'NONE', ( #977, #653, #1577, #635 ) ) ;
#2802 = DIRECTION ( 'NONE',  ( 1.000000000000000000, -2.162996852838912610E-16, 0.000000000000000000 ) ) ;
#2803 = DIRECTION ( 'NONE',  ( -0.000000000000000000, -1.000000000000000000, -0.000000000000000000 ) ) ;
#2804 = DIRECTION ( 'NONE',  ( -0.000000000000000000, 1.000000000000000000, -0.000000000000000000 ) ) ;
#2805 = DIRECTION ( 'NONE',  ( -0.000000000000000000, 0.000000000000000000, -1.000000000000000000 ) ) ;
#2806 = ADVANCED_FACE ( 'NONE', ( #1616 ), #24, .F. ) ;
#2807 = ORIENTED_EDGE ( 'NONE', *, *, #1191, .F. ) ;
#2808 = CARTESIAN_POINT ( 'NONE',  ( -48.54999999999999716, 4.999999999999992006, -2.999999999999999112 ) ) ;
#2809 = AXIS2_PLACEMENT_3D ( 'NONE', #1693, #3052, #1167 ) ;
#2810 = FACE_OUTER_BOUND ( 'NONE', #1326, .T. ) ;
#2811 = EDGE_CURVE ( 'NONE', #1741, #1331, #3317, .T. ) ;
#2812 = VECTOR ( 'NONE', #3066, 1000.000000000000000 ) ;
#2813 = CIRCLE ( 'NONE', #2156, 2.750000000000002665 ) ;
#2814 = ORIENTED_EDGE ( 'NONE', *, *, #2483, .T. ) ;
#2815 = PLANE ( 'NONE',  #582 ) ;
#2816 = CARTESIAN_POINT ( 'NONE',  ( -92.44999999999998863, -5.000000000000007994, 6.000000000000000000 ) ) ;
#2817 = CIRCLE ( 'NONE', #633, 1.900000000000002354 ) ;
#2818 = EDGE_CURVE ( 'NONE', #2605, #1793, #3162, .T. ) ;
#2819 = CARTESIAN_POINT ( 'NONE',  ( -77.99999999999998579, 14.50000000000001954, -22.94974746830584422 ) ) ;
#2820 = CIRCLE ( 'NONE', #1672, 2.750000000000002665 ) ;
#2821 = DIRECTION ( 'NONE',  ( 0.000000000000000000, 0.000000000000000000, 1.000000000000000000 ) ) ;
#2822 = VERTEX_POINT ( 'NONE', #2963 ) ;
#2823 = CIRCLE ( 'NONE', #2062, 3.550000000000002931 ) ;
#2824 = ORIENTED_EDGE ( 'NONE', *, *, #959, .T. ) ;
#2825 = CARTESIAN_POINT ( 'NONE',  ( -77.99999999999998579, -4.999999999999995559, -18.00000000000000000 ) ) ;
#2826 = DIRECTION ( 'NONE',  ( -0.000000000000000000, -1.000000000000000000, -0.000000000000000000 ) ) ;
#2827 = VECTOR ( 'NONE', #181, 1000.000000000000000 ) ;
#2828 = DIRECTION ( 'NONE',  ( 0.000000000000000000, -0.000000000000000000, 1.000000000000000000 ) ) ;
#2829 = LINE ( 'NONE', #2862, #685 ) ;
#2830 = ORIENTED_EDGE ( 'NONE', *, *, #1903, .F. ) ;
#2831 = DIRECTION ( 'NONE',  ( 0.000000000000000000, 0.000000000000000000, 1.000000000000000000 ) ) ;
#2832 = DIRECTION ( 'NONE',  ( -1.000000000000000000, 0.000000000000000000, -0.000000000000000000 ) ) ;
#2833 = ORIENTED_EDGE ( 'NONE', *, *, #338, .T. ) ;
#2834 = CARTESIAN_POINT ( 'NONE',  ( -59.74999999999999289, -4.999999999999995559, 0.000000000000000000 ) ) ;
#2835 = DIRECTION ( 'NONE',  ( 1.000000000000000000, 0.000000000000000000, 0.000000000000000000 ) ) ;
#2836 = ADVANCED_FACE ( 'NONE', ( #620 ), #366, .F. ) ;
#2837 = LINE ( 'NONE', #3128, #458 ) ;
#2838 = SURFACE_SIDE_STYLE ('',( #3146 ) ) ;
#2839 = ORIENTED_EDGE ( 'NONE', *, *, #2582, .F. ) ;
#2840 = EDGE_CURVE ( 'NONE', #2311, #870, #2057, .T. ) ;
#2841 = VERTEX_POINT ( 'NONE', #3064 ) ;
#2842 = DIRECTION ( 'NONE',  ( -1.000000000000000000, 0.000000000000000000, 0.000000000000000000 ) ) ;
#2843 = CARTESIAN_POINT ( 'NONE',  ( -76.24999999999998579, -4.999999999999995559, -22.94974746830584422 ) ) ;
#2844 = DIRECTION ( 'NONE',  ( 0.000000000000000000, 0.000000000000000000, 1.000000000000000000 ) ) ;
#2845 = APPLICATION_CONTEXT ( 'automotive_design' ) ;
#2846 = CARTESIAN_POINT ( 'NONE',  ( 4.500000000000000000, 9.500000000000003553, 6.000000000000000000 ) ) ;
#2847 = EDGE_LOOP ( 'NONE', ( #2781, #2549, #1413, #856, #2995, #1192 ) ) ;
#2848 = LINE ( 'NONE', #1338, #3198 ) ;
#2849 = DIRECTION ( 'NONE',  ( -0.000000000000000000, -0.000000000000000000, -1.000000000000000000 ) ) ;
#2850 = EDGE_LOOP ( 'NONE', ( #2201, #2738, #317, #2685 ) ) ;
#2851 = DIRECTION ( 'NONE',  ( 1.000000000000000000, 0.000000000000000000, 0.000000000000000000 ) ) ;
#2852 = CARTESIAN_POINT ( 'NONE',  ( -140.4499999999999886, 4.999999999999998224, -2.999999999999999112 ) ) ;
#2853 = EDGE_CURVE ( 'NONE', #293, #3025, #1154, .T. ) ;
#2854 = CARTESIAN_POINT ( 'NONE',  ( -101.4500000000000171, -10.00000000000000178, -30.99999999999998934 ) ) ;
#2855 = DIRECTION ( 'NONE',  ( -0.000000000000000000, -0.000000000000000000, -1.000000000000000000 ) ) ;
#2856 = EDGE_LOOP ( 'NONE', ( #1842, #3327 ) ) ;
#2857 = ADVANCED_FACE ( 'NONE', ( #3277 ), #1505, .F. ) ;
#2858 = ORIENTED_EDGE ( 'NONE', *, *, #1385, .F. ) ;
#2859 = CYLINDRICAL_SURFACE ( 'NONE', #1289, 1.750000000000001554 ) ;
#2860 = DIRECTION ( 'NONE',  ( -1.000000000000000000, 0.000000000000000000, -0.000000000000000000 ) ) ;
#2861 = CARTESIAN_POINT ( 'NONE',  ( 0.000000000000000000, -1.000000000000000888, -10.49999999999999822 ) ) ;
#2862 = CARTESIAN_POINT ( 'NONE',  ( 4.500000000000002665, -10.00000000000004619, -25.99999999999998934 ) ) ;
#2863 = ORIENTED_EDGE ( 'NONE', *, *, #2957, .T. ) ;
#2864 = CYLINDRICAL_SURFACE ( 'NONE', #3090, 2.750000000000009326 ) ;
#2865 = CARTESIAN_POINT ( 'NONE',  ( -131.4499999999999886, 14.50000000000000888, -23.00000000000003553 ) ) ;
#2866 = EDGE_LOOP ( 'NONE', ( #1909, #1759, #1408, #1290 ) ) ;
#2867 = CARTESIAN_POINT ( 'NONE',  ( -70.50000000000000000, 18.75000000000000355, -13.00000000000000355 ) ) ;
#2868 = CARTESIAN_POINT ( 'NONE',  ( -140.4900000000000091, -10.00000000000000000, -33.75000000000000000 ) ) ;
#2869 = CIRCLE ( 'NONE', #1390, 2.750000000000009326 ) ;
#2870 = CIRCLE ( 'NONE', #3144, 3.250000000000009770 ) ;
#2871 = CARTESIAN_POINT ( 'NONE',  ( -77.99999999999998579, -4.999999999999995559, 0.000000000000000000 ) ) ;
#2872 = DIRECTION ( 'NONE',  ( -1.000000000000000000, 0.000000000000000000, 0.000000000000000000 ) ) ;
#2873 = CIRCLE ( 'NONE', #3089, 2.750000000000005773 ) ;
#2874 = ORIENTED_EDGE ( 'NONE', *, *, #975, .T. ) ;
#2875 = AXIS2_PLACEMENT_3D ( 'NONE', #2825, #1795, #2842 ) ;
#2876 = EDGE_CURVE ( 'NONE', #54, #1867, #528, .T. ) ;
#2877 = AXIS2_PLACEMENT_3D ( 'NONE', #3020, #2798, #2767 ) ;
#2878 = ORIENTED_EDGE ( 'NONE', *, *, #1329, .F. ) ;
#2879 = FACE_OUTER_BOUND ( 'NONE', #1631, .T. ) ;
#2880 = DIRECTION ( 'NONE',  ( 0.000000000000000000, 0.000000000000000000, 1.000000000000000000 ) ) ;
#2881 = CARTESIAN_POINT ( 'NONE',  ( -63.00000000000000000, -4.999999999999995559, 0.000000000000000000 ) ) ;
#2882 = VECTOR ( 'NONE', #2691, 1000.000000000000114 ) ;
#2883 = LINE ( 'NONE', #186, #1232 ) ;
#2884 = EDGE_CURVE ( 'NONE', #2422, #1739, #2553, .T. ) ;
#2885 = ORIENTED_EDGE ( 'NONE', *, *, #1790, .T. ) ;
#2886 = VECTOR ( 'NONE', #2452, 1000.000000000000000 ) ;
#2887 = LINE ( 'NONE', #1784, #1555 ) ;
#2888 = DIRECTION ( 'NONE',  ( -1.000000000000000000, 0.000000000000000000, 0.000000000000000000 ) ) ;
#2889 = ADVANCED_FACE ( 'NONE', ( #1254, #1696, #2298, #2033, #108, #3226 ), #720, .T. ) ;
#2890 = ORIENTED_EDGE ( 'NONE', *, *, #3170, .F. ) ;
#2891 = DIRECTION ( 'NONE',  ( 2.674902700537814047E-31, 1.734723475976807341E-16, -1.000000000000000000 ) ) ;
#2892 = FACE_OUTER_BOUND ( 'NONE', #234, .T. ) ;
#2893 = DIRECTION ( 'NONE',  ( 0.000000000000000000, 0.000000000000000000, -1.000000000000000000 ) ) ;
#2894 = FACE_OUTER_BOUND ( 'NONE', #1372, .T. ) ;
#2895 = EDGE_LOOP ( 'NONE', ( #1860, #1039 ) ) ;
#2896 = LINE ( 'NONE', #2429, #2886 ) ;
#2897 = DIRECTION ( 'NONE',  ( 9.130123557772669567E-17, 1.000000000000000000, 0.000000000000000000 ) ) ;
#2898 = FACE_OUTER_BOUND ( 'NONE', #2965, .T. ) ;
#2899 = VERTEX_POINT ( 'NONE', #3240 ) ;
#2900 = DIRECTION ( 'NONE',  ( -0.000000000000000000, 1.000000000000000000, -0.000000000000000000 ) ) ;
#2901 = EDGE_CURVE ( 'NONE', #908, #999, #808, .T. ) ;
#2902 = ORIENTED_EDGE ( 'NONE', *, *, #2465, .T. ) ;
#2903 = EDGE_CURVE ( 'NONE', #632, #2627, #147, .T. ) ;
#2904 = DIRECTION ( 'NONE',  ( 0.000000000000000000, 0.000000000000000000, 1.000000000000000000 ) ) ;
#2905 = CARTESIAN_POINT ( 'NONE',  ( -77.99999999999998579, 14.50000000000001954, 0.000000000000000000 ) ) ;
#2906 = DIRECTION ( 'NONE',  ( -1.000000000000000000, 0.000000000000000000, 0.000000000000000000 ) ) ;
#2907 = ORIENTED_EDGE ( 'NONE', *, *, #3174, .F. ) ;
#2908 = LINE ( 'NONE', #2585, #915 ) ;
#2909 = ORIENTED_EDGE ( 'NONE', *, *, #3092, .T. ) ;
#2910 = DIRECTION ( 'NONE',  ( -1.000000000000000000, 1.541976423090487745E-15, -0.000000000000000000 ) ) ;
#2911 = ORIENTED_EDGE ( 'NONE', *, *, #2652, .F. ) ;
#2912 = DIRECTION ( 'NONE',  ( -0.000000000000000000, -1.000000000000000000, -0.000000000000000000 ) ) ;
#2913 = EDGE_CURVE ( 'NONE', #1823, #1576, #1916, .T. ) ;
#2914 = ORIENTED_EDGE ( 'NONE', *, *, #916, .F. ) ;
#2915 = CARTESIAN_POINT ( 'NONE',  ( -95.19999999999998863, -5.000000000000007994, -2.999999999999999112 ) ) ;
#2916 = DIRECTION ( 'NONE',  ( 1.000000000000000000, 0.000000000000000000, 0.000000000000000000 ) ) ;
#2917 = VECTOR ( 'NONE', #365, 1000.000000000000000 ) ;
#2918 = EDGE_CURVE ( 'NONE', #3184, #1793, #1455, .T. ) ;
#2919 = DIRECTION ( 'NONE',  ( 1.000000000000000000, 2.282530889443167515E-16, -0.000000000000000000 ) ) ;
#2920 = VERTEX_POINT ( 'NONE', #981 ) ;
#2921 = AXIS2_PLACEMENT_3D ( 'NONE', #1406, #1094, #566 ) ;
#2922 = AXIS2_PLACEMENT_3D ( 'NONE', #565, #2675, #1106 ) ;
#2923 = EDGE_CURVE ( 'NONE', #1251, #984, #2168, .T. ) ;
#2924 = CIRCLE ( 'NONE', #1880, 1.750000000000001554 ) ;
#2925 = AXIS2_PLACEMENT_3D ( 'NONE', #1269, #963, #2844 ) ;
#2926 = LINE ( 'NONE', #3233, #3265 ) ;
#2927 = LINE ( 'NONE', #1335, #1934 ) ;
#2928 = AXIS2_PLACEMENT_3D ( 'NONE', #2867, #1044, #729 ) ;
#2929 = AXIS2_PLACEMENT_3D ( 'NONE', #3283, #1247, #2027 ) ;
#2930 = ORIENTED_EDGE ( 'NONE', *, *, #3272, .T. ) ;
#2931 = CARTESIAN_POINT ( 'NONE',  ( -70.50000000000000000, 4.750000000000014211, -12.99999999999999822 ) ) ;
#2932 = AXIS2_PLACEMENT_3D ( 'NONE', #2982, #1756, #123 ) ;
#2933 = AXIS2_PLACEMENT_3D ( 'NONE', #3075, #434, #1483 ) ;
#2934 = ORIENTED_EDGE ( 'NONE', *, *, #3228, .T. ) ;
#2935 = DIRECTION ( 'NONE',  ( 0.000000000000000000, 0.000000000000000000, 1.000000000000000000 ) ) ;
#2936 = DIRECTION ( 'NONE',  ( -1.000000000000000000, 0.000000000000000000, 0.000000000000000000 ) ) ;
#2937 = CARTESIAN_POINT ( 'NONE',  ( -52.04999999999999716, 9.999999999999985789, 5.999999999999998224 ) ) ;
#2938 = ORIENTED_EDGE ( 'NONE', *, *, #3024, .T. ) ;
#2939 = CARTESIAN_POINT ( 'NONE',  ( -63.00000000000000000, -4.999999999999995559, 0.000000000000000000 ) ) ;
#2940 = ADVANCED_FACE ( 'NONE', ( #380, #224, #3261, #921, #1955, #2740, #455, #396, #2183, #1440, #2491, #1194, #2237 ), #2123, .T. ) ;
#2941 = ORIENTED_EDGE ( 'NONE', *, *, #3218, .T. ) ;
#2942 = LINE ( 'NONE', #2402, #1403 ) ;
#2943 = EDGE_CURVE ( 'NONE', #378, #597, #534, .T. ) ;
#2944 = VERTEX_POINT ( 'NONE', #2638 ) ;
#2945 = CARTESIAN_POINT ( 'NONE',  ( -70.50000000000000000, 18.75000000000000355, -13.00000000000000355 ) ) ;
#2946 = ORIENTED_EDGE ( 'NONE', *, *, #2853, .T. ) ;
#2947 = DIRECTION ( 'NONE',  ( 0.000000000000000000, 0.000000000000000000, -1.000000000000000000 ) ) ;
#2948 = LINE ( 'NONE', #56, #404 ) ;
#2949 = VERTEX_POINT ( 'NONE', #3104 ) ;
#2950 = DIRECTION ( 'NONE',  ( 0.000000000000000000, 0.000000000000000000, 1.000000000000000000 ) ) ;
#2951 = CARTESIAN_POINT ( 'NONE',  ( -48.54999999999999716, 4.999999999999992006, 6.000000000000000000 ) ) ;
#2952 = LINE ( 'NONE', #1618, #1671 ) ;
#2953 = ORIENTED_EDGE ( 'NONE', *, *, #2903, .F. ) ;
#2954 = CARTESIAN_POINT ( 'NONE',  ( -4.500000000000002665, 9.500000000000003553, 6.000000000000000000 ) ) ;
#2955 = ORIENTED_EDGE ( 'NONE', *, *, #173, .F. ) ;
#2956 = CARTESIAN_POINT ( 'NONE',  ( -136.4999999999999716, 9.500000000000003553, 6.000000000000000000 ) ) ;
#2957 = EDGE_CURVE ( 'NONE', #1308, #1741, #2607, .T. ) ;
#2958 = LINE ( 'NONE', #1652, #2554 ) ;
#2959 = EDGE_CURVE ( 'NONE', #933, #2410, #290, .T. ) ;
#2960 = EDGE_LOOP ( 'NONE', ( #2263, #939, #724, #2909 ) ) ;
#2961 = DIRECTION ( 'NONE',  ( 1.541976423090487350E-15, 1.000000000000000000, 0.000000000000000000 ) ) ;
#2962 = ORIENTED_EDGE ( 'NONE', *, *, #1870, .F. ) ;
#2963 = CARTESIAN_POINT ( 'NONE',  ( -145.5000000000000000, -2.312964634635627408E-14, -25.99999999999998934 ) ) ;
#2964 = DIRECTION ( 'NONE',  ( 0.000000000000000000, 0.000000000000000000, 1.000000000000000000 ) ) ;
#2965 = EDGE_LOOP ( 'NONE', ( #2031, #2016, #979, #1260, #1917, #2601 ) ) ;
#2966 = PLANE ( 'NONE',  #410 ) ;
#2967 = ORIENTED_EDGE ( 'NONE', *, *, #2233, .T. ) ;
#2968 = LINE ( 'NONE', #1751, #255 ) ;
#2969 = CARTESIAN_POINT ( 'NONE',  ( -66.94999999999998863, 4.750000000000015099, -18.00000000000000000 ) ) ;
#2970 = AXIS2_PLACEMENT_3D ( 'NONE', #2303, #2849, #2888 ) ;
#2971 = EDGE_CURVE ( 'NONE', #1050, #3158, #2623, .T. ) ;
#2972 = CIRCLE ( 'NONE', #1876, 2.750000000000005773 ) ;
#2973 = AXIS2_PLACEMENT_3D ( 'NONE', #2931, #88, #43 ) ;
#2974 = ORIENTED_EDGE ( 'NONE', *, *, #2445, .T. ) ;
#2975 = DIRECTION ( 'NONE',  ( 0.000000000000000000, 0.000000000000000000, 1.000000000000000000 ) ) ;
#2976 = EDGE_CURVE ( 'NONE', #2715, #1308, #2820, .T. ) ;
#2977 = CARTESIAN_POINT ( 'NONE',  ( -141.0000000000000000, -1.000000000000000888, -10.49999999999999822 ) ) ;
#2978 = CIRCLE ( 'NONE', #1502, 3.250000000000002665 ) ;
#2979 = ORIENTED_EDGE ( 'NONE', *, *, #495, .F. ) ;
#2980 = CIRCLE ( 'NONE', #3255, 1.900000000000001688 ) ;
#2981 = SURFACE_SIDE_STYLE ('',( #1109 ) ) ;
#2982 = CARTESIAN_POINT ( 'NONE',  ( 0.000000000000000000, 0.000000000000000000, -18.00000000000000000 ) ) ;
#2983 = ADVANCED_FACE ( 'NONE', ( #1036 ), #1333, .F. ) ;
#2984 = DIRECTION ( 'NONE',  ( 0.000000000000000000, -0.000000000000000000, -1.000000000000000000 ) ) ;
#2985 = VECTOR ( 'NONE', #1796, 1000.000000000000000 ) ;
#2986 = VERTEX_POINT ( 'NONE', #2383 ) ;
#2987 = DIRECTION ( 'NONE',  ( -1.000000000000000000, 0.000000000000000000, 0.000000000000000000 ) ) ;
#2988 = AXIS2_PLACEMENT_3D ( 'NONE', #2151, #373, #1418 ) ;
#2989 = EDGE_LOOP ( 'NONE', ( #2294, #424 ) ) ;
#2990 = DIRECTION ( 'NONE',  ( 0.000000000000000000, 0.000000000000000000, 1.000000000000000000 ) ) ;
#2991 = AXIS2_PLACEMENT_3D ( 'NONE', #2346, #773, #546 ) ;
#2992 = DIRECTION ( 'NONE',  ( 0.000000000000000000, 0.000000000000000000, 1.000000000000000000 ) ) ;
#2993 = ORIENTED_EDGE ( 'NONE', *, *, #1949, .F. ) ;
#2994 = EDGE_CURVE ( 'NONE', #1485, #1102, #2055, .T. ) ;
#2995 = ORIENTED_EDGE ( 'NONE', *, *, #909, .F. ) ;
#2996 = CARTESIAN_POINT ( 'NONE',  ( 2.200000000000005063, -5.000000000000001776, 6.000000000000000000 ) ) ;
#2997 = CARTESIAN_POINT ( 'NONE',  ( -77.99999999999998579, 14.50000000000001954, 0.000000000000000000 ) ) ;
#2998 = EDGE_CURVE ( 'NONE', #652, #1118, #2114, .T. ) ;
#2999 = VERTEX_POINT ( 'NONE', #510 ) ;
#3000 = CARTESIAN_POINT ( 'NONE',  ( 4.500000000000000000, 9.500000000000003553, 6.000000000000000000 ) ) ;
#3001 = DIRECTION ( 'NONE',  ( -2.224004456380522396E-16, 1.000000000000000000, 0.000000000000000000 ) ) ;
#3002 = FACE_OUTER_BOUND ( 'NONE', #1281, .T. ) ;
#3003 = EDGE_CURVE ( 'NONE', #1132, #2841, #2908, .T. ) ;
#3004 = EDGE_LOOP ( 'NONE', ( #1753, #1521, #2581, #3270 ) ) ;
#3005 = FACE_OUTER_BOUND ( 'NONE', #2456, .T. ) ;
#3006 = VERTEX_POINT ( 'NONE', #1849 ) ;
#3007 = CARTESIAN_POINT ( 'NONE',  ( -70.50000000000000000, 4.750000000000014211, -18.00000000000000000 ) ) ;
#3008 = CARTESIAN_POINT ( 'NONE',  ( -141.0000000000000000, -1.000000000000000888, -10.49999999999999822 ) ) ;
#3009 = ORIENTED_EDGE ( 'NONE', *, *, #3360, .T. ) ;
#3010 = ORIENTED_EDGE ( 'NONE', *, *, #158, .F. ) ;
#3011 = DIRECTION ( 'NONE',  ( -1.541976423090487350E-15, -1.000000000000000000, 0.000000000000000000 ) ) ;
#3012 = PLANE ( 'NONE',  #1767 ) ;
#3013 = ORIENTED_EDGE ( 'NONE', *, *, #3272, .F. ) ;
#3014 = DIRECTION ( 'NONE',  ( 0.000000000000000000, 0.000000000000000000, 1.000000000000000000 ) ) ;
#3015 = CARTESIAN_POINT ( 'NONE',  ( -3.299999999999994937, -5.000000000000001776, 6.000000000000000000 ) ) ;
#3016 = EDGE_CURVE ( 'NONE', #451, #342, #2823, .T. ) ;
#3017 = VERTEX_POINT ( 'NONE', #814 ) ;
#3018 = CARTESIAN_POINT ( 'NONE',  ( -95.19999999999998863, -5.000000000000007994, -2.999999999999999112 ) ) ;
#3019 = ORIENTED_EDGE ( 'NONE', *, *, #57, .T. ) ;
#3020 = CARTESIAN_POINT ( 'NONE',  ( -101.4500000000000171, -40.41381265149108515, -25.99999999999998934 ) ) ;
#3021 = EDGE_CURVE ( 'NONE', #1462, #2756, #1605, .T. ) ;
#3022 = PLANE ( 'NONE',  #1352 ) ;
#3023 = ORIENTED_EDGE ( 'NONE', *, *, #2445, .F. ) ;
#3024 = EDGE_CURVE ( 'NONE', #1867, #54, #971, .T. ) ;
#3025 = VERTEX_POINT ( 'NONE', #1304 ) ;
#3026 = AXIS2_PLACEMENT_3D ( 'NONE', #3290, #2536, #190 ) ;
#3027 = DIRECTION ( 'NONE',  ( 0.000000000000000000, -0.000000000000000000, -1.000000000000000000 ) ) ;
#3028 = LINE ( 'NONE', #1677, #3251 ) ;
#3029 = VECTOR ( 'NONE', #1195, 1000.000000000000000 ) ;
#3030 = VECTOR ( 'NONE', #2900, 1000.000000000000000 ) ;
#3031 = EDGE_LOOP ( 'NONE', ( #1972, #616, #1724, #1375 ) ) ;
#3032 = CARTESIAN_POINT ( 'NONE',  ( -44.59999999999999432, 9.999999999999987566, 5.999999999999998224 ) ) ;
#3033 = AXIS2_PLACEMENT_3D ( 'NONE', #2997, #2753, #655 ) ;
#3034 = VECTOR ( 'NONE', #509, 1000.000000000000000 ) ;
#3035 = CARTESIAN_POINT ( 'NONE',  ( -70.50000000000000000, 14.50000000000000178, 2.899999999999997247 ) ) ;
#3036 = AXIS2_PLACEMENT_3D ( 'NONE', #1846, #2325, #871 ) ;
#3037 = VECTOR ( 'NONE', #75, 1000.000000000000000 ) ;
#3038 = ORIENTED_EDGE ( 'NONE', *, *, #129, .F. ) ;
#3039 = DIRECTION ( 'NONE',  ( 0.000000000000000000, -0.000000000000000000, 1.000000000000000000 ) ) ;
#3040 = VECTOR ( 'NONE', #2803, 1000.000000000000000 ) ;
#3041 = VERTEX_POINT ( 'NONE', #3354 ) ;
#3042 = DIRECTION ( 'NONE',  ( 0.000000000000000000, 0.000000000000000000, 1.000000000000000000 ) ) ;
#3043 = VECTOR ( 'NONE', #1469, 1000.000000000000000 ) ;
#3044 = EDGE_CURVE ( 'NONE', #2514, #3184, #1066, .T. ) ;
#3045 = DIRECTION ( 'NONE',  ( 0.000000000000000000, 0.000000000000000000, 1.000000000000000000 ) ) ;
#3046 = ORIENTED_EDGE ( 'NONE', *, *, #2923, .T. ) ;
#3047 = PRESENTATION_LAYER_ASSIGNMENT (  '', '', ( #1624 ) ) ;
#3048 = EDGE_CURVE ( 'NONE', #2680, #293, #1015, .T. ) ;
#3049 = ORIENTED_EDGE ( 'NONE', *, *, #1887, .F. ) ;
#3050 = CARTESIAN_POINT ( 'NONE',  ( 0.000000000000000000, 0.000000000000000000, 0.000000000000000000 ) ) ;
#3051 = DIRECTION ( 'NONE',  ( 0.000000000000000000, -1.000000000000000000, 0.000000000000000000 ) ) ;
#3052 = DIRECTION ( 'NONE',  ( -0.000000000000000000, -0.000000000000000000, -1.000000000000000000 ) ) ;
#3053 = ORIENTED_EDGE ( 'NONE', *, *, #2943, .F. ) ;
#3054 = DIRECTION ( 'NONE',  ( -0.000000000000000000, -1.000000000000000000, -0.000000000000000000 ) ) ;
#3055 = CARTESIAN_POINT ( 'NONE',  ( -101.4500000000000028, -10.00000000000000178, -35.99999999999999289 ) ) ;
#3056 = EDGE_LOOP ( 'NONE', ( #1648, #2280, #842, #1710 ) ) ;
#3057 = DIRECTION ( 'NONE',  ( -0.000000000000000000, -1.000000000000000000, -0.000000000000000000 ) ) ;
#3058 = CARTESIAN_POINT ( 'NONE',  ( -66.25000000000000000, 14.50000000000001954, 15.19238815542513521 ) ) ;
#3059 = LINE ( 'NONE', #2293, #755 ) ;
#3060 = ORIENTED_EDGE ( 'NONE', *, *, #3130, .F. ) ;
#3061 = EDGE_CURVE ( 'NONE', #2749, #2750, #2350, .T. ) ;
#3062 = EDGE_LOOP ( 'NONE', ( #2774, #677 ) ) ;
#3063 = CARTESIAN_POINT ( 'NONE',  ( -131.4499999999999886, 14.50000000000000888, -23.00000000000003553 ) ) ;
#3064 = CARTESIAN_POINT ( 'NONE',  ( -141.4500000000000739, -1.688464183283993894E-14, -35.99999999999999289 ) ) ;
#3065 = DIRECTION ( 'NONE',  ( 0.000000000000000000, 0.000000000000000000, 1.000000000000000000 ) ) ;
#3066 = DIRECTION ( 'NONE',  ( -3.558407130208838201E-16, -1.000000000000000000, 0.000000000000000000 ) ) ;
#3067 = EDGE_CURVE ( 'NONE', #342, #451, #2448, .T. ) ;
#3068 = ORIENTED_EDGE ( 'NONE', *, *, #2253, .T. ) ;
#3069 = CARTESIAN_POINT ( 'NONE',  ( 0.000000000000000000, -1.000000000000000888, -10.49999999999999822 ) ) ;
#3070 = CARTESIAN_POINT ( 'NONE',  ( -140.4900000000000091, -10.00000000000000000, -30.99999999999999289 ) ) ;
#3071 = VERTEX_POINT ( 'NONE', #1579 ) ;
#3072 = CARTESIAN_POINT ( 'NONE',  ( 4.500000000000002665, -10.00000000000002309, -35.99999999999999289 ) ) ;
#3073 = CARTESIAN_POINT ( 'NONE',  ( -68.59999999999999432, 4.750000000000014211, -17.24999999999999645 ) ) ;
#3074 = DIRECTION ( 'NONE',  ( 0.7071067811865510144, 1.090341985197065857E-15, 0.7071067811865440200 ) ) ;
#3075 = CARTESIAN_POINT ( 'NONE',  ( -141.0000000000000000, -10.00000000000000000, -10.49999999999999822 ) ) ;
#3076 = ORIENTED_EDGE ( 'NONE', *, *, #1271, .T. ) ;
#3077 = ORIENTED_EDGE ( 'NONE', *, *, #1597, .T. ) ;
#3078 = DIRECTION ( 'NONE',  ( 1.000000000000000000, 0.000000000000000000, 0.000000000000000000 ) ) ;
#3079 = CARTESIAN_POINT ( 'NONE',  ( -141.0000000000000000, -10.00000000000000000, -10.49999999999999822 ) ) ;
#3080 = DIRECTION ( 'NONE',  ( -0.000000000000000000, -0.000000000000000000, -1.000000000000000000 ) ) ;
#3081 = DIRECTION ( 'NONE',  ( -1.541976423090487350E-15, -1.000000000000000000, 0.000000000000000000 ) ) ;
#3082 = CIRCLE ( 'NONE', #2380, 2.750000000000009326 ) ;
#3083 = ORIENTED_EDGE ( 'NONE', *, *, #1147, .T. ) ;
#3084 = FACE_OUTER_BOUND ( 'NONE', #2269, .T. ) ;
#3085 = EDGE_CURVE ( 'NONE', #532, #2066, #2896, .T. ) ;
#3086 = VECTOR ( 'NONE', #3123, 1000.000000000000000 ) ;
#3087 = PLANE ( 'NONE',  #1073 ) ;
#3088 = AXIS2_PLACEMENT_3D ( 'NONE', #1040, #1000, #553 ) ;
#3089 = AXIS2_PLACEMENT_3D ( 'NONE', #67, #1117, #807 ) ;
#3090 = AXIS2_PLACEMENT_3D ( 'NONE', #517, #1564, #2613 ) ;
#3091 = ORIENTED_EDGE ( 'NONE', *, *, #2021, .T. ) ;
#3092 = EDGE_CURVE ( 'NONE', #1196, #611, #2282, .T. ) ;
#3093 = CARTESIAN_POINT ( 'NONE',  ( -109.2999999999999972, -10.00000000000000000, -33.74999999999999289 ) ) ;
#3094 = LINE ( 'NONE', #285, #1839 ) ;
#3095 = AXIS2_PLACEMENT_3D ( 'NONE', #1466, #1937, #1446 ) ;
#3096 = AXIS2_PLACEMENT_3D ( 'NONE', #994, #1051, #1797 ) ;
#3097 = LINE ( 'NONE', #2361, #1507 ) ;
#3098 = AXIS2_PLACEMENT_3D ( 'NONE', #3079, #740, #2725 ) ;
#3099 = CIRCLE ( 'NONE', #2661, 1.750000000000001554 ) ;
#3100 = ORIENTED_EDGE ( 'NONE', *, *, #978, .F. ) ;
#3101 = AXIS2_PLACEMENT_3D ( 'NONE', #1249, #154, #1182 ) ;
#3102 = ORIENTED_EDGE ( 'NONE', *, *, #1622, .F. ) ;
#3103 = DIRECTION ( 'NONE',  ( 1.000000000000000000, 0.000000000000000000, 0.000000000000000000 ) ) ;
#3104 = CARTESIAN_POINT ( 'NONE',  ( -39.54999999999999005, -10.00000000000000178, -35.99999999999999289 ) ) ;
#3105 = DIRECTION ( 'NONE',  ( 1.000000000000000000, 0.000000000000000000, -0.000000000000000000 ) ) ;
#3106 = CARTESIAN_POINT ( 'NONE',  ( 0.000000000000000000, 19.50000000000000355, 0.000000000000000000 ) ) ;
#3107 = ORIENTED_EDGE ( 'NONE', *, *, #443, .T. ) ;
#3108 = DIRECTION ( 'NONE',  ( 1.000000000000000000, 1.541976423090487350E-15, 0.000000000000000000 ) ) ;
#3109 = EDGE_CURVE ( 'NONE', #1118, #652, #3159, .T. ) ;
#3110 = VERTEX_POINT ( 'NONE', #115 ) ;
#3111 = DIRECTION ( 'NONE',  ( -0.000000000000000000, -0.000000000000000000, 1.000000000000000000 ) ) ;
#3112 = DIRECTION ( 'NONE',  ( 0.000000000000000000, 0.000000000000000000, 1.000000000000000000 ) ) ;
#3113 = EDGE_CURVE ( 'NONE', #1202, #1345, #2117, .T. ) ;
#3114 = FACE_OUTER_BOUND ( 'NONE', #1092, .T. ) ;
#3115 = EDGE_LOOP ( 'NONE', ( #2150, #1679, #485, #156 ) ) ;
#3116 = ORIENTED_EDGE ( 'NONE', *, *, #3333, .T. ) ;
#3117 = CARTESIAN_POINT ( 'NONE',  ( -109.2999999999999972, -1.000000000000000888, -33.74999999999999289 ) ) ;
#3118 = CARTESIAN_POINT ( 'NONE',  ( -141.0000000000000000, -1.000000000000000888, -13.25000000000000888 ) ) ;
#3119 = PLANE ( 'NONE',  #1881 ) ;
#3120 = DIRECTION ( 'NONE',  ( 0.000000000000000000, -0.000000000000000000, -1.000000000000000000 ) ) ;
#3121 = ORIENTED_EDGE ( 'NONE', *, *, #1926, .T. ) ;
#3122 = CARTESIAN_POINT ( 'NONE',  ( -63.00000000000000000, 14.50000000000001954, 0.000000000000000000 ) ) ;
#3123 = DIRECTION ( 'NONE',  ( 1.541976423090487350E-15, -1.000000000000000000, 0.000000000000000000 ) ) ;
#3124 = ORIENTED_EDGE ( 'NONE', *, *, #2316, .T. ) ;
#3125 = DIRECTION ( 'NONE',  ( 2.282530889443168008E-16, 1.000000000000000000, 0.000000000000000000 ) ) ;
#3126 = EDGE_CURVE ( 'NONE', #3221, #3372, #2942, .T. ) ;
#3127 = CARTESIAN_POINT ( 'NONE',  ( -141.0000000000000000, -1.000000000000000888, -10.49999999999999822 ) ) ;
#3128 = CARTESIAN_POINT ( 'NONE',  ( -96.39999999999999147, 9.999999999999987566, 5.999999999999998224 ) ) ;
#3129 = CARTESIAN_POINT ( 'NONE',  ( -77.99999999999998579, 14.50000000000001954, 6.000000000000000000 ) ) ;
#3130 = EDGE_CURVE ( 'NONE', #671, #1864, #1402, .T. ) ;
#3131 = VERTEX_POINT ( 'NONE', #1148 ) ;
#3132 = ORIENTED_EDGE ( 'NONE', *, *, #2356, .T. ) ;
#3133 = PLANE ( 'NONE',  #136 ) ;
#3134 = DIRECTION ( 'NONE',  ( 0.000000000000000000, 1.000000000000000000, 0.000000000000000000 ) ) ;
#3135 = ADVANCED_FACE ( 'NONE', ( #2697 ), #2190, .T. ) ;
#3136 = DIRECTION ( 'NONE',  ( -0.000000000000000000, -0.000000000000000000, 1.000000000000000000 ) ) ;
#3137 = DIRECTION ( 'NONE',  ( 0.000000000000000000, 0.000000000000000000, 1.000000000000000000 ) ) ;
#3138 = VERTEX_POINT ( 'NONE', #839 ) ;
#3139 = FACE_OUTER_BOUND ( 'NONE', #1878, .T. ) ;
#3140 = LINE ( 'NONE', #2865, #3086 ) ;
#3141 = ORIENTED_EDGE ( 'NONE', *, *, #1866, .T. ) ;
#3142 = DIRECTION ( 'NONE',  ( 2.282530889443167515E-16, 1.000000000000000000, 0.000000000000000000 ) ) ;
#3143 = CARTESIAN_POINT ( 'NONE',  ( -140.4900000000000091, -1.000000000000000888, -28.24999999999998224 ) ) ;
#3144 = AXIS2_PLACEMENT_3D ( 'NONE', #392, #3324, #2017 ) ;
#3145 = DIRECTION ( 'NONE',  ( 0.000000000000000000, 0.000000000000000000, 1.000000000000000000 ) ) ;
#3146 = SURFACE_STYLE_FILL_AREA ( #2120 ) ;
#3147 = CIRCLE ( 'NONE', #3309, 3.549999999999997602 ) ;
#3148 = EDGE_LOOP ( 'NONE', ( #3196, #87, #1636, #360 ) ) ;
#3149 = CIRCLE ( 'NONE', #1394, 2.750000000000009326 ) ;
#3150 = EDGE_CURVE ( 'NONE', #2999, #3274, #2926, .T. ) ;
#3151 = AXIS2_PLACEMENT_3D ( 'NONE', #648, #2527, #1989 ) ;
#3152 = AXIS2_PLACEMENT_3D ( 'NONE', #3127, #1328, #804 ) ;
#3153 = CARTESIAN_POINT ( 'NONE',  ( -66.25000000000000000, -4.999999999999995559, 0.000000000000000000 ) ) ;
#3154 = DIRECTION ( 'NONE',  ( 1.000000000000000000, 1.541976423090487745E-15, -0.000000000000000000 ) ) ;
#3155 = CARTESIAN_POINT ( 'NONE',  ( -145.5000000000000000, 9.500000000000003553, 6.000000000000000000 ) ) ;
#3156 = DIRECTION ( 'NONE',  ( 0.000000000000000000, 0.000000000000000000, 1.000000000000000000 ) ) ;
#3157 = ADVANCED_FACE ( 'NONE', ( #2416 ), #84, .F. ) ;
#3158 = VERTEX_POINT ( 'NONE', #1638 ) ;
#3159 = CIRCLE ( 'NONE', #531, 2.750000000000000000 ) ;
#3160 = DIRECTION ( 'NONE',  ( 1.000000000000000000, 0.000000000000000000, 0.000000000000000000 ) ) ;
#3161 = ORIENTED_EDGE ( 'NONE', *, *, #2174, .F. ) ;
#3162 = LINE ( 'NONE', #2645, #1511 ) ;
#3163 = FACE_OUTER_BOUND ( 'NONE', #1979, .T. ) ;
#3164 = DIRECTION ( 'NONE',  ( 0.000000000000000000, -0.000000000000000000, -1.000000000000000000 ) ) ;
#3165 =( LENGTH_UNIT ( ) NAMED_UNIT ( * ) SI_UNIT ( .MILLI., .METRE. ) );
#3166 = VERTEX_POINT ( 'NONE', #888 ) ;
#3167 = DIRECTION ( 'NONE',  ( 0.7071067811865501263, -0.7071067811865449082, -0.000000000000000000 ) ) ;
#3168 = VERTEX_POINT ( 'NONE', #631 ) ;
#3169 = CARTESIAN_POINT ( 'NONE',  ( -96.45000000000003126, 9.999999999999987566, -18.00000000000000000 ) ) ;
#3170 = EDGE_CURVE ( 'NONE', #632, #1892, #3319, .T. ) ;
#3171 = PLANE ( 'NONE',  #1501 ) ;
#3172 = ORIENTED_EDGE ( 'NONE', *, *, #2994, .F. ) ;
#3173 = FACE_OUTER_BOUND ( 'NONE', #656, .T. ) ;
#3174 = EDGE_CURVE ( 'NONE', #1576, #2410, #2397, .T. ) ;
#3175 = CARTESIAN_POINT ( 'NONE',  ( -0.5099999999999826894, -1.000000000000000888, -30.99999999999999289 ) ) ;
#3176 = VERTEX_POINT ( 'NONE', #2969 ) ;
#3177 = VERTEX_POINT ( 'NONE', #2670 ) ;
#3178 = CARTESIAN_POINT ( 'NONE',  ( 4.500000000000000000, 14.50000000000000178, -18.00000000000000000 ) ) ;
#3179 = EDGE_CURVE ( 'NONE', #2949, #2999, #324, .T. ) ;
#3180 = LINE ( 'NONE', #2646, #412 ) ;
#3181 = DIRECTION ( 'NONE',  ( 0.000000000000000000, -1.000000000000000000, 0.000000000000000000 ) ) ;
#3182 = EDGE_LOOP ( 'NONE', ( #1201, #2885, #196, #357 ) ) ;
#3183 = DIRECTION ( 'NONE',  ( -1.000000000000000000, 0.000000000000000000, 0.000000000000000000 ) ) ;
#3184 = VERTEX_POINT ( 'NONE', #66 ) ;
#3185 = CARTESIAN_POINT ( 'NONE',  ( -70.50000000000000000, 14.50000000000000178, 0.9999999999999954481 ) ) ;
#3186 = PRODUCT_RELATED_PRODUCT_CATEGORY ( 'part', '', ( #703 ) ) ;
#3187 = EDGE_LOOP ( 'NONE', ( #2979, #2246 ) ) ;
#3188 = DIRECTION ( 'NONE',  ( 0.000000000000000000, 1.000000000000000000, 0.000000000000000000 ) ) ;
#3189 = EDGE_CURVE ( 'NONE', #2841, #1368, #2958, .T. ) ;
#3190 = ORIENTED_EDGE ( 'NONE', *, *, #1764, .T. ) ;
#3191 = PLANE ( 'NONE',  #2498 ) ;
#3192 = DIRECTION ( 'NONE',  ( -0.000000000000000000, -0.000000000000000000, 1.000000000000000000 ) ) ;
#3193 = ADVANCED_FACE ( 'NONE', ( #2176 ), #1116, .F. ) ;
#3194 = EDGE_LOOP ( 'NONE', ( #2742, #2472, #1515, #1244 ) ) ;
#3195 = DIRECTION ( 'NONE',  ( 0.000000000000000000, 0.000000000000000000, -1.000000000000000000 ) ) ;
#3196 = ORIENTED_EDGE ( 'NONE', *, *, #3250, .F. ) ;
#3197 = AXIS2_PLACEMENT_3D ( 'NONE', #2194, #2248, #708 ) ;
#3198 = VECTOR ( 'NONE', #3345, 1000.000000000000000 ) ;
#3199 = AXIS2_PLACEMENT_3D ( 'NONE', #261, #1776, #2331 ) ;
#3200 = CARTESIAN_POINT ( 'NONE',  ( -70.50000000000000000, 18.75000000000000355, 0.9999999999999954481 ) ) ;
#3201 = ORIENTED_EDGE ( 'NONE', *, *, #875, .F. ) ;
#3202 = LINE ( 'NONE', #1581, #2654 ) ;
#3203 = CIRCLE ( 'NONE', #3151, 2.750000000000002665 ) ;
#3204 = AXIS2_PLACEMENT_3D ( 'NONE', #2816, #1431, #2478 ) ;
#3205 = ORIENTED_EDGE ( 'NONE', *, *, #2207, .T. ) ;
#3206 = CARTESIAN_POINT ( 'NONE',  ( -109.2999999999999972, -10.00000000000000000, -30.99999999999998934 ) ) ;
#3207 = AXIS2_PLACEMENT_3D ( 'NONE', #2166, #3212, #3142 ) ;
#3208 = DIRECTION ( 'NONE',  ( -0.000000000000000000, 1.000000000000000000, -0.000000000000000000 ) ) ;
#3209 = AXIS2_PLACEMENT_3D ( 'NONE', #1738, #403, #2029 ) ;
#3210 = ORIENTED_EDGE ( 'NONE', *, *, #1332, .T. ) ;
#3211 = CARTESIAN_POINT ( 'NONE',  ( -140.4499999999999886, -5.000000000000001776, 6.000000000000000000 ) ) ;
#3212 = DIRECTION ( 'NONE',  ( -1.000000000000000000, 2.282530889443167515E-16, 0.000000000000000000 ) ) ;
#3213 = CARTESIAN_POINT ( 'NONE',  ( -109.2999999999999972, -1.000000000000000888, -30.99999999999998934 ) ) ;
#3214 = EDGE_CURVE ( 'NONE', #753, #2327, #1354, .T. ) ;
#3215 = ORIENTED_EDGE ( 'NONE', *, *, #916, .T. ) ;
#3216 = DIRECTION ( 'NONE',  ( 0.000000000000000000, 0.000000000000000000, 1.000000000000000000 ) ) ;
#3217 = ORIENTED_EDGE ( 'NONE', *, *, #3356, .T. ) ;
#3218 = EDGE_CURVE ( 'NONE', #3158, #1644, #1894, .T. ) ;
#3219 = DIRECTION ( 'NONE',  ( -1.000000000000000000, 0.000000000000000000, 0.000000000000000000 ) ) ;
#3220 = ORIENTED_EDGE ( 'NONE', *, *, #2876, .T. ) ;
#3221 = VERTEX_POINT ( 'NONE', #1162 ) ;
#3222 = DIRECTION ( 'NONE',  ( 1.000000000000000000, 0.000000000000000000, 0.000000000000000000 ) ) ;
#3223 = CARTESIAN_POINT ( 'NONE',  ( -101.4499999999999886, 19.50000000000000355, -23.00000000000002132 ) ) ;
#3224 = ORIENTED_EDGE ( 'NONE', *, *, #162, .F. ) ;
#3225 = ORIENTED_EDGE ( 'NONE', *, *, #1286, .F. ) ;
#3226 = FACE_OUTER_BOUND ( 'NONE', #2695, .T. ) ;
#3227 = ORIENTED_EDGE ( 'NONE', *, *, #2174, .T. ) ;
#3228 = EDGE_CURVE ( 'NONE', #3372, #3006, #42, .T. ) ;
#3229 = FACE_OUTER_BOUND ( 'NONE', #2468, .T. ) ;
#3230 = ORIENTED_EDGE ( 'NONE', *, *, #3126, .F. ) ;
#3231 = DIRECTION ( 'NONE',  ( -2.282530889443167515E-16, -1.000000000000000000, 0.000000000000000000 ) ) ;
#3232 = EDGE_CURVE ( 'NONE', #929, #1736, #918, .T. ) ;
#3233 = CARTESIAN_POINT ( 'NONE',  ( -39.54999999999999716, 19.50000000000000355, -30.99999999999998934 ) ) ;
#3234 = EDGE_CURVE ( 'NONE', #2605, #2514, #1674, .T. ) ;
#3235 = ORIENTED_EDGE ( 'NONE', *, *, #495, .T. ) ;
#3236 = CARTESIAN_POINT ( 'NONE',  ( -16.29999999999977334, 9.999999999999994671, -29.74999999999986144 ) ) ;
#3237 = LINE ( 'NONE', #2262, #743 ) ;
#3238 = ORIENTED_EDGE ( 'NONE', *, *, #704, .T. ) ;
#3239 =( NAMED_UNIT ( * ) PLANE_ANGLE_UNIT ( ) SI_UNIT ( $, .RADIAN. ) );
#3240 = CARTESIAN_POINT ( 'NONE',  ( -61.25000000000000000, 14.50000000000001954, 0.000000000000000000 ) ) ;
#3241 = DIRECTION ( 'NONE',  ( 0.000000000000000000, 1.000000000000000000, 0.000000000000000000 ) ) ;
#3242 = EDGE_LOOP ( 'NONE', ( #880, #2745, #492, #3205 ) ) ;
#3243 = FACE_BOUND ( 'NONE', #2199, .T. ) ;
#3244 = ORIENTED_EDGE ( 'NONE', *, *, #2207, .F. ) ;
#3245 = LINE ( 'NONE', #18, #463 ) ;
#3246 = CARTESIAN_POINT ( 'NONE',  ( 0.000000000000000000, -10.00000000000000000, -10.49999999999999822 ) ) ;
#3247 = CIRCLE ( 'NONE', #2809, 2.750000000000002665 ) ;
#3248 = ORIENTED_EDGE ( 'NONE', *, *, #1086, .T. ) ;
#3249 = VECTOR ( 'NONE', #2793, 1000.000000000000000 ) ;
#3250 = EDGE_CURVE ( 'NONE', #840, #2327, #3059, .T. ) ;
#3251 = VECTOR ( 'NONE', #440, 1000.000000000000000 ) ;
#3252 = VECTOR ( 'NONE', #1742, 1000.000000000000000 ) ;
#3253 = EDGE_LOOP ( 'NONE', ( #3010, #2730, #3244, #552, #3161, #717 ) ) ;
#3254 = DIRECTION ( 'NONE',  ( 0.7071067811865511255, 1.090341985197066054E-15, 0.7071067811865439090 ) ) ;
#3255 = AXIS2_PLACEMENT_3D ( 'NONE', #1278, #2619, #1316 ) ;
#3256 = CARTESIAN_POINT ( 'NONE',  ( -0.5499999999999949374, 4.999999999999998224, -2.999999999999999112 ) ) ;
#3257 = CIRCLE ( 'NONE', #2052, 3.250000000000009770 ) ;
#3258 = ADVANCED_FACE ( 'NONE', ( #3268 ), #927, .F. ) ;
#3259 = ORIENTED_EDGE ( 'NONE', *, *, #2504, .T. ) ;
#3260 = CIRCLE ( 'NONE', #2537, 1.750000000000001554 ) ;
#3261 = FACE_BOUND ( 'NONE', #2551, .T. ) ;
#3262 = CARTESIAN_POINT ( 'NONE',  ( -79.74999999999998579, 14.50000000000001954, 0.000000000000000000 ) ) ;
#3263 = VERTEX_POINT ( 'NONE', #716 ) ;
#3264 = CARTESIAN_POINT ( 'NONE',  ( -77.99999999999998579, -4.999999999999995559, -22.94974746830584422 ) ) ;
#3265 = VECTOR ( 'NONE', #613, 1000.000000000000000 ) ;
#3266 = VERTEX_POINT ( 'NONE', #2258 ) ;
#3267 = LINE ( 'NONE', #3058, #2440 ) ;
#3268 = FACE_OUTER_BOUND ( 'NONE', #1629, .T. ) ;
#3269 = VERTEX_POINT ( 'NONE', #1453 ) ;
#3270 = ORIENTED_EDGE ( 'NONE', *, *, #1046, .F. ) ;
#3271 = CARTESIAN_POINT ( 'NONE',  ( -136.4999999999999716, -10.00000000000000178, 6.000000000000000000 ) ) ;
#3272 = EDGE_CURVE ( 'NONE', #1793, #3184, #2662, .T. ) ;
#3273 = CARTESIAN_POINT ( 'NONE',  ( -145.5000000000000000, -10.00000000000002309, -35.99999999999999289 ) ) ;
#3274 = VERTEX_POINT ( 'NONE', #3320 ) ;
#3275 = DIRECTION ( 'NONE',  ( 1.000000000000000000, 0.000000000000000000, 0.000000000000000000 ) ) ;
#3276 = EDGE_CURVE ( 'NONE', #54, #3041, #2529, .T. ) ;
#3277 = FACE_OUTER_BOUND ( 'NONE', #2177, .T. ) ;
#3278 = DIRECTION ( 'NONE',  ( -1.000000000000000000, 0.000000000000000000, 0.000000000000000000 ) ) ;
#3279 = ORIENTED_EDGE ( 'NONE', *, *, #443, .F. ) ;
#3280 = ADVANCED_FACE ( 'NONE', ( #2733 ), #2747, .F. ) ;
#3281 = DIRECTION ( 'NONE',  ( -0.000000000000000000, -0.000000000000000000, 1.000000000000000000 ) ) ;
#3282 = EDGE_LOOP ( 'NONE', ( #2631, #1020 ) ) ;
#3283 = CARTESIAN_POINT ( 'NONE',  ( -48.54999999999999716, -5.000000000000007994, 6.000000000000000000 ) ) ;
#3284 = DIRECTION ( 'NONE',  ( -0.000000000000000000, 1.000000000000000000, -0.000000000000000000 ) ) ;
#3285 = ORIENTED_EDGE ( 'NONE', *, *, #438, .T. ) ;
#3286 = DIRECTION ( 'NONE',  ( -0.000000000000000000, 0.000000000000000000, 1.000000000000000000 ) ) ;
#3287 = CARTESIAN_POINT ( 'NONE',  ( -141.0000000000000000, -10.00000000000000000, -7.749999999999990230 ) ) ;
#3288 = EDGE_CURVE ( 'NONE', #3263, #2453, #1977, .T. ) ;
#3289 = ORIENTED_EDGE ( 'NONE', *, *, #2342, .F. ) ;
#3290 = CARTESIAN_POINT ( 'NONE',  ( -70.50000000000000000, 14.50000000000000178, -13.00000000000000355 ) ) ;
#3291 = CARTESIAN_POINT ( 'NONE',  ( -63.00000000000000000, 14.50000000000001954, 0.000000000000000000 ) ) ;
#3292 = ADVANCED_FACE ( 'NONE', ( #2548, #1962 ), #3022, .T. ) ;
#3293 = VERTEX_POINT ( 'NONE', #941 ) ;
#3294 = CARTESIAN_POINT ( 'NONE',  ( -131.4499999999999886, 19.50000000000000355, -30.99999999999998934 ) ) ;
#3295 = ORIENTED_EDGE ( 'NONE', *, *, #1028, .F. ) ;
#3296 = CARTESIAN_POINT ( 'NONE',  ( -96.44999999999998863, -10.00000000000000000, 13.50000000000001243 ) ) ;
#3297 = EDGE_CURVE ( 'NONE', #1427, #3017, #695, .T. ) ;
#3298 = CARTESIAN_POINT ( 'NONE',  ( -77.99999999999998579, -4.999999999999995559, -22.94974746830584422 ) ) ;
#3299 = VERTEX_POINT ( 'NONE', #2799 ) ;
#3300 = CIRCLE ( 'NONE', #2482, 3.250000000000002665 ) ;
#3301 = ORIENTED_EDGE ( 'NONE', *, *, #3021, .T. ) ;
#3302 = DIRECTION ( 'NONE',  ( 0.000000000000000000, -1.000000000000000000, 0.000000000000000000 ) ) ;
#3303 = DIRECTION ( 'NONE',  ( 0.000000000000000000, 0.000000000000000000, -1.000000000000000000 ) ) ;
#3304 = CARTESIAN_POINT ( 'NONE',  ( -48.54999999999999716, -5.000000000000007994, -2.999999999999999112 ) ) ;
#3305 = VECTOR ( 'NONE', #1682, 1000.000000000000000 ) ;
#3306 = AXIS2_PLACEMENT_3D ( 'NONE', #2506, #719, #3027 ) ;
#3307 = ORIENTED_EDGE ( 'NONE', *, *, #1617, .F. ) ;
#3308 = DIRECTION ( 'NONE',  ( 0.000000000000000000, 0.000000000000000000, 1.000000000000000000 ) ) ;
#3309 = AXIS2_PLACEMENT_3D ( 'NONE', #2564, #2345, #256 ) ;
#3310 = AXIS2_PLACEMENT_3D ( 'NONE', #3377, #1037, #721 ) ;
#3311 = FACE_OUTER_BOUND ( 'NONE', #833, .T. ) ;
#3312 = AXIS2_PLACEMENT_3D ( 'NONE', #287, #78, #321 ) ;
#3313 = AXIS2_PLACEMENT_3D ( 'NONE', #1831, #535, #1321 ) ;
#3314 = ORIENTED_EDGE ( 'NONE', *, *, #2971, .T. ) ;
#3315 = DIRECTION ( 'NONE',  ( -0.000000000000000000, -0.000000000000000000, -1.000000000000000000 ) ) ;
#3316 = EDGE_CURVE ( 'NONE', #698, #2037, #2612, .T. ) ;
#3317 = CIRCLE ( 'NONE', #1841, 2.750000000000002665 ) ;
#3318 = CARTESIAN_POINT ( 'NONE',  ( -70.50000000000000000, 18.75000000000000355, -2.550000000000007816 ) ) ;
#3319 = CIRCLE ( 'NONE', #259, 2.750000000000005773 ) ;
#3320 = CARTESIAN_POINT ( 'NONE',  ( -39.54999999999999716, 19.50000000000000355, -23.00000000000002132 ) ) ;
#3321 = ADVANCED_FACE ( 'NONE', ( #3335 ), #2276, .F. ) ;
#3322 = ORIENTED_EDGE ( 'NONE', *, *, #1111, .T. ) ;
#3323 = ORIENTED_EDGE ( 'NONE', *, *, #3218, .F. ) ;
#3324 = DIRECTION ( 'NONE',  ( 0.000000000000000000, -0.000000000000000000, -1.000000000000000000 ) ) ;
#3325 = DIRECTION ( 'NONE',  ( -1.000000000000000000, 0.000000000000000000, 0.000000000000000000 ) ) ;
#3326 = DIRECTION ( 'NONE',  ( 0.000000000000000000, -0.000000000000000000, -1.000000000000000000 ) ) ;
#3327 = ORIENTED_EDGE ( 'NONE', *, *, #2626, .F. ) ;
#3328 = LINE ( 'NONE', #161, #3249 ) ;
#3329 = DIRECTION ( 'NONE',  ( 0.000000000000000000, -1.000000000000000000, 0.000000000000000000 ) ) ;
#3330 = VERTEX_POINT ( 'NONE', #976 ) ;
#3331 = DIRECTION ( 'NONE',  ( -1.000000000000000000, 0.000000000000000000, 0.000000000000000000 ) ) ;
#3332 = DIRECTION ( 'NONE',  ( -0.000000000000000000, 1.000000000000000000, -0.000000000000000000 ) ) ;
#3333 = EDGE_CURVE ( 'NONE', #451, #1634, #1723, .T. ) ;
#3334 = CARTESIAN_POINT ( 'NONE',  ( -39.54999999999999716, 14.50000000000001776, -23.00000000000002132 ) ) ;
#3335 = FACE_OUTER_BOUND ( 'NONE', #2053, .T. ) ;
#3336 = ORIENTED_EDGE ( 'NONE', *, *, #2524, .F. ) ;
#3337 = EDGE_CURVE ( 'NONE', #383, #1919, #421, .T. ) ;
#3338 = ORIENTED_EDGE ( 'NONE', *, *, #2688, .T. ) ;
#3339 = CARTESIAN_POINT ( 'NONE',  ( -72.39999999999999147, 4.750000000000014211, -12.99999999999999822 ) ) ;
#3340 = CARTESIAN_POINT ( 'NONE',  ( -79.74999999999998579, -4.999999999999995559, -22.94974746830584422 ) ) ;
#3341 = LINE ( 'NONE', #2608, #1614 ) ;
#3342 = DIRECTION ( 'NONE',  ( -1.000000000000000000, 0.000000000000000000, 0.000000000000000000 ) ) ;
#3343 = EDGE_CURVE ( 'NONE', #1395, #477, #2516, .T. ) ;
#3344 = ORIENTED_EDGE ( 'NONE', *, *, #2777, .F. ) ;
#3345 = DIRECTION ( 'NONE',  ( 0.000000000000000000, 0.000000000000000000, 1.000000000000000000 ) ) ;
#3346 = VERTEX_POINT ( 'NONE', #956 ) ;
#3347 = DIRECTION ( 'NONE',  ( 2.674902700537814485E-31, 1.734723475976807341E-16, -1.000000000000000000 ) ) ;
#3348 = DIRECTION ( 'NONE',  ( 1.541976423090487350E-15, 1.000000000000000000, 0.000000000000000000 ) ) ;
#3349 = CARTESIAN_POINT ( 'NONE',  ( -45.79999999999999005, -5.000000000000007994, -2.999999999999999112 ) ) ;
#3350 = CARTESIAN_POINT ( 'NONE',  ( -136.4499999999999602, 19.50000000000000355, -18.00000000000000000 ) ) ;
#3351 = ORIENTED_EDGE ( 'NONE', *, *, #2065, .T. ) ;
#3352 = ORIENTED_EDGE ( 'NONE', *, *, #1654, .T. ) ;
#3353 = DIRECTION ( 'NONE',  ( 1.000000000000000000, -2.312964634635744436E-16, -0.000000000000000000 ) ) ;
#3354 = CARTESIAN_POINT ( 'NONE',  ( -74.04999999999999716, 4.750000000000014211, -18.00000000000000000 ) ) ;
#3355 = DIRECTION ( 'NONE',  ( 1.000000000000000000, 0.000000000000000000, 0.000000000000000000 ) ) ;
#3356 = EDGE_CURVE ( 'NONE', #477, #2756, #149, .T. ) ;
#3357 = DIRECTION ( 'NONE',  ( -0.000000000000000000, -0.000000000000000000, 1.000000000000000000 ) ) ;
#3358 = ORIENTED_EDGE ( 'NONE', *, *, #15, .T. ) ;
#3359 = CARTESIAN_POINT ( 'NONE',  ( -101.4499999999999886, 19.50000000000000355, -35.99999999999999289 ) ) ;
#3360 = EDGE_CURVE ( 'NONE', #564, #2531, #2501, .T. ) ;
#3361 = CIRCLE ( 'NONE', #2653, 2.750000000000002665 ) ;
#3362 = LINE ( 'NONE', #1785, #898 ) ;
#3363 = AXIS2_PLACEMENT_3D ( 'NONE', #3304, #2556, #795 ) ;
#3364 = CIRCLE ( 'NONE', #2875, 3.250000000000002665 ) ;
#3365 = ORIENTED_EDGE ( 'NONE', *, *, #2021, .F. ) ;
#3366 = FACE_OUTER_BOUND ( 'NONE', #2400, .T. ) ;
#3367 = CARTESIAN_POINT ( 'NONE',  ( -48.54999999999999716, 4.999999999999992006, -2.999999999999999112 ) ) ;
#3368 = CIRCLE ( 'NONE', #3036, 3.250000000000002665 ) ;
#3369 = AXIS2_PLACEMENT_3D ( 'NONE', #1262, #1314, #3348 ) ;
#3370 = DIRECTION ( 'NONE',  ( -0.000000000000000000, -1.000000000000000000, -0.000000000000000000 ) ) ;
#3371 = VECTOR ( 'NONE', #3167, 1000.000000000000000 ) ;
#3372 = VERTEX_POINT ( 'NONE', #1575 ) ;
#3373 = VECTOR ( 'NONE', #219, 1000.000000000000000 ) ;
#3374 = EDGE_LOOP ( 'NONE', ( #1684, #2941, #555, #3352 ) ) ;
#3375 = CARTESIAN_POINT ( 'NONE',  ( -136.4499999999999602, 9.999999999999996447, -18.00000000000000000 ) ) ;
#3376 = CARTESIAN_POINT ( 'NONE',  ( -45.79999999999999005, 4.999999999999992006, -2.999999999999999112 ) ) ;
#3377 = CARTESIAN_POINT ( 'NONE',  ( -63.00000000000000000, 14.50000000000001954, -22.94974746830584422 ) ) ;
#3378 = FACE_OUTER_BOUND ( 'NONE', #1537, .T. ) ;
#3379 = EDGE_CURVE ( 'NONE', #663, #623, #1062, .T. ) ;
#3380 = VERTEX_POINT ( 'NONE', #3350 ) ;
#3381 = DIRECTION ( 'NONE',  ( 9.130123557772670799E-17, -1.000000000000000000, 0.000000000000000000 ) ) ;
#3382 = DIRECTION ( 'NONE',  ( 0.000000000000000000, 0.000000000000000000, 1.000000000000000000 ) ) ;
#3383 = EDGE_CURVE ( 'NONE', #2750, #791, #2565, .T. ) ;
#3384 = EDGE_LOOP ( 'NONE', ( #3322, #1033, #371, #166, #2084, #274, #307, #1165, #50, #2157, #3227, #1853, #2974, #1734, #389, #538 ) ) ;
#3385 = CARTESIAN_POINT ( 'NONE',  ( -96.45000000000003126, -6.869504964868111918E-14, -18.00000000000000000 ) ) ;
#3386 = FACE_OUTER_BOUND ( 'NONE', #3115, .T. ) ;
#3387 = ADVANCED_FACE ( 'NONE', ( #2894 ), #1048, .F. ) ;
#3388 = CARTESIAN_POINT ( 'NONE',  ( -63.00000000000000000, 14.50000000000001954, 15.19238815542513521 ) ) ;
#3389 =( NAMED_UNIT ( * ) SI_UNIT ( $, .STERADIAN. ) SOLID_ANGLE_UNIT ( ) );
#3390 = ORIENTED_EDGE ( 'NONE', *, *, #2097, .T. ) ;
ENDSEC;
END-ISO-10303-21;
